seq	status	at_ms	latency_us	detail
1	ack	1790219694483	3405	
2	ack	1790219694486	462	
3	ack	1790219694490	501	
4	ack	1790219694495	300	
5	ack	1790219694500	199	
6	ack	1790219694505	198	
7	ack	1790219694510	147	
8	ack	1790219694515	143	
9	ack	1790219694520	127	
10	ack	1790219694525	130	
11	ack	1790219694530	132	
12	ack	1790219694535	130	
13	ack	1790219694540	126	
14	ack	1790219694545	137	
15	ack	1790219694550	152	
16	ack	1790219694555	145	
17	ack	1790219694560	131	
18	ack	1790219694565	285	
19	ack	1790219694570	359	
20	ack	1790219694575	218	
21	ack	1790219694580	249	
22	ack	1790219694585	295	
23	ack	1790219694590	202	
24	ack	1790219694595	326	
25	ack	1790219694600	251	
26	ack	1790219694605	181	
27	ack	1790219694610	160	
28	ack	1790219694615	237	
29	ack	1790219694620	143	
30	ack	1790219694625	140	
31	ack	1790219694630	145	
32	ack	1790219694635	149	
33	ack	1790219694640	153	
34	ack	1790219694645	139	
35	ack	1790219694650	125	
36	ack	1790219694655	296	
37	ack	1790219694660	244	
38	ack	1790219694665	134	
39	ack	1790219694670	287	
40	ack	1790219694675	189	
41	ack	1790219694680	153	
42	ack	1790219694685	151	
43	ack	1790219694690	191	
44	ack	1790219694695	151	
45	ack	1790219694700	135	
46	ack	1790219694705	134	
47	ack	1790219694710	128	
48	ack	1790219694715	134	
49	ack	1790219694720	204	
50	ack	1790219694725	260	
51	ack	1790219694730	191	
52	ack	1790219694735	289	
53	ack	1790219694740	194	
54	ack	1790219694745	189	
55	ack	1790219694750	181	
56	ack	1790219694755	174	
57	ack	1790219694760	143	
58	ack	1790219694765	168	
59	ack	1790219694770	184	
60	ack	1790219694775	228	
61	ack	1790219694780	148	
62	ack	1790219694785	184	
63	ack	1790219694790	243	
64	ack	1790219694795	322	
65	ack	1790219694800	217	
66	ack	1790219694805	169	
67	ack	1790219694810	162	
68	ack	1790219694815	159	
69	ack	1790219694820	139	
70	ack	1790219694825	133	
71	ack	1790219694830	131	
72	ack	1790219694835	127	
73	ack	1790219694840	142	
74	ack	1790219694845	157	
75	ack	1790219694850	152	
76	ack	1790219694855	127	
77	ack	1790219694860	159	
78	ack	1790219694865	147	
79	ack	1790219694870	145	
80	ack	1790219694875	144	
81	ack	1790219694880	139	
82	ack	1790219694885	128	
83	ack	1790219694890	151	
84	ack	1790219694895	124	
85	ack	1790219694900	154	
86	ack	1790219694905	146	
87	ack	1790219694910	154	
88	ack	1790219694915	221	
89	ack	1790219694920	171	
90	ack	1790219694925	147	
91	ack	1790219694930	121	
92	ack	1790219694935	115	
93	ack	1790219694940	146	
94	ack	1790219694945	131	
95	ack	1790219694950	127	
96	ack	1790219694955	122	
97	ack	1790219694960	119	
98	ack	1790219694965	132	
99	ack	1790219694970	127	
100	ack	1790219694975	134	
101	ack	1790219694980	121	
102	ack	1790219694985	123	
103	ack	1790219694990	134	
104	ack	1790219694995	124	
105	ack	1790219695000	147	
106	ack	1790219695005	126	
107	ack	1790219695010	128	
108	ack	1790219695015	129	
109	ack	1790219695020	123	
110	ack	1790219695025	132	
111	ack	1790219695030	127	
112	ack	1790219695035	121	
113	ack	1790219695040	136	
114	ack	1790219695045	137	
115	ack	1790219695050	146	
116	ack	1790219695055	155	
117	ack	1790219695060	144	
118	ack	1790219695065	142	
119	ack	1790219695070	161	
120	ack	1790219695075	128	
121	ack	1790219695080	147	
122	ack	1790219695085	149	
123	ack	1790219695090	164	
124	ack	1790219695095	150	
125	ack	1790219695100	136	
126	ack	1790219695105	134	
127	ack	1790219695110	126	
128	ack	1790219695115	250	
129	ack	1790219695120	150	
130	ack	1790219695125	189	
131	ack	1790219695130	119	
132	ack	1790219695135	177	
133	ack	1790219695140	223	
134	ack	1790219695145	177	
135	ack	1790219695150	143	
136	ack	1790219695155	124	
137	ack	1790219695160	123	
138	ack	1790219695165	126	
139	ack	1790219695170	118	
140	ack	1790219695175	120	
141	ack	1790219695180	113	
142	ack	1790219695185	121	
143	ack	1790219695190	141	
144	ack	1790219695195	151	
145	ack	1790219695200	131	
146	ack	1790219695205	125	
147	ack	1790219695210	119	
148	ack	1790219695215	142	
149	ack	1790219695220	140	
150	ack	1790219695225	146	
151	ack	1790219695230	119	
152	ack	1790219695235	121	
153	ack	1790219695240	123	
154	ack	1790219695245	130	
155	ack	1790219695250	120	
156	ack	1790219695255	121	
157	ack	1790219695260	118	
158	ack	1790219695265	117	
159	ack	1790219695270	116	
160	ack	1790219695275	113	
161	ack	1790219695280	115	
162	ack	1790219695285	114	
163	ack	1790219695290	120	
164	ack	1790219695295	114	
165	ack	1790219695300	119	
166	ack	1790219695305	119	
167	ack	1790219695310	118	
168	ack	1790219695315	113	
169	ack	1790219695320	137	
170	ack	1790219695325	122	
171	ack	1790219695330	162	
172	ack	1790219695335	139	
173	ack	1790219695340	158	
174	ack	1790219695345	135	
175	ack	1790219695350	124	
176	ack	1790219695355	113	
177	ack	1790219695360	110	
178	ack	1790219695365	118	
179	ack	1790219695370	118	
180	ack	1790219695375	121	
181	ack	1790219695380	115	
182	ack	1790219695385	127	
183	ack	1790219695390	119	
184	ack	1790219695395	115	
185	ack	1790219695400	139	
186	ack	1790219695405	117	
187	ack	1790219695410	114	
188	ack	1790219695415	118	
189	ack	1790219695420	122	
190	ack	1790219695425	124	
191	ack	1790219695430	116	
192	ack	1790219695435	128	
193	ack	1790219695440	132	
194	ack	1790219695445	111	
195	ack	1790219695450	122	
196	ack	1790219695455	124	
197	ack	1790219695460	147	
198	ack	1790219695465	123	
199	ack	1790219695470	115	
200	ack	1790219695475	110	
201	ack	1790219695480	118	
202	ack	1790219695485	116	
203	ack	1790219695490	122	
204	ack	1790219695495	122	
205	ack	1790219695500	116	
206	ack	1790219695505	128	
207	ack	1790219695510	112	
208	ack	1790219695515	125	
209	ack	1790219695520	120	
210	ack	1790219695525	109	
211	ack	1790219695530	144	
212	ack	1790219695535	127	
213	ack	1790219695540	143	
214	ack	1790219695545	120	
215	ack	1790219695550	116	
216	ack	1790219695555	114	
217	ack	1790219695560	118	
218	ack	1790219695565	113	
219	ack	1790219695570	119	
220	ack	1790219695575	100	
221	ack	1790219695580	191	
222	ack	1790219695585	302	
223	ack	1790219695590	228	
224	ack	1790219695595	294	
225	ack	1790219695600	188	
226	ack	1790219695605	288	
227	ack	1790219695610	215	
228	ack	1790219695615	217	
229	ack	1790219695620	209	
230	ack	1790219695625	115	
231	ack	1790219695630	196	
232	ack	1790219695635	149	
233	ack	1790219695640	136	
234	ack	1790219695645	156	
235	ack	1790219695650	132	
236	ack	1790219695655	136	
237	ack	1790219695660	116	
238	ack	1790219695665	120	
239	ack	1790219695670	174	
240	ack	1790219695675	250	
241	ack	1790219695680	119	
242	ack	1790219695685	298	
243	ack	1790219695690	165	
244	ack	1790219695695	233	
245	ack	1790219695700	157	
246	ack	1790219695705	149	
247	ack	1790219695710	139	
248	ack	1790219695715	154	
249	ack	1790219695720	118	
250	ack	1790219695725	161	
251	ack	1790219695730	169	
252	ack	1790219695735	205	
253	ack	1790219695740	264	
254	ack	1790219695745	172	
255	ack	1790219695750	272	
256	ack	1790219695755	215	
257	ack	1790219695760	175	
258	ack	1790219695765	159	
259	ack	1790219695770	169	
260	ack	1790219695775	119	
261	ack	1790219695780	116	
262	ack	1790219695785	114	
263	ack	1790219695790	116	
264	ack	1790219695795	102	
265	ack	1790219695800	121	
266	ack	1790219695805	108	
267	ack	1790219695810	100	
268	ack	1790219695815	100	
269	ack	1790219695820	111	
270	ack	1790219695825	110	
271	ack	1790219695830	141	
272	ack	1790219695835	117	
273	ack	1790219695840	114	
274	ack	1790219695845	107	
275	ack	1790219695850	107	
276	ack	1790219695855	137	
277	ack	1790219695860	107	
278	ack	1790219695865	235	
279	ack	1790219695870	127	
280	ack	1790219695875	119	
281	ack	1790219695880	110	
282	ack	1790219695885	198	
283	ack	1790219695890	131	
284	ack	1790219695895	118	
285	ack	1790219695900	111	
286	ack	1790219695905	117	
287	ack	1790219695910	119	
288	ack	1790219695915	124	
289	ack	1790219695920	183	
290	ack	1790219695925	110	
291	ack	1790219695930	129	
292	ack	1790219695935	104	
293	ack	1790219695940	111	
294	ack	1790219695945	108	
295	ack	1790219695950	106	
296	ack	1790219695955	89	
297	ack	1790219695960	116	
298	ack	1790219695965	110	
299	ack	1790219695970	109	
300	ack	1790219695975	115	
301	ack	1790219695980	95	
302	ack	1790219695985	124	
303	ack	1790219695990	108	
304	ack	1790219695995	111	
305	ack	1790219696000	117	
306	ack	1790219696005	99	
307	ack	1790219696010	117	
308	ack	1790219696015	125	
309	ack	1790219696020	117	
310	ack	1790219696025	130	
311	ack	1790219696030	130	
312	ack	1790219696035	101	
313	ack	1790219696040	107	
314	ack	1790219696045	114	
315	ack	1790219696050	128	
316	ack	1790219696055	181	
317	ack	1790219696060	174	
318	ack	1790219696065	132	
319	ack	1790219696070	119	
320	ack	1790219696075	108	
321	ack	1790219696080	107	
322	ack	1790219696085	125	
323	ack	1790219696090	110	
324	ack	1790219696095	122	
325	ack	1790219696100	115	
326	ack	1790219696105	110	
327	ack	1790219696110	107	
328	ack	1790219696115	97	
329	ack	1790219696120	111	
330	ack	1790219696125	110	
331	ack	1790219696130	110	
332	ack	1790219696135	128	
333	ack	1790219696140	116	
334	ack	1790219696145	116	
335	ack	1790219696150	142	
336	ack	1790219696155	116	
337	ack	1790219696160	109	
338	ack	1790219696165	105	
339	ack	1790219696170	113	
340	ack	1790219696175	107	
341	ack	1790219696180	112	
342	ack	1790219696185	116	
343	ack	1790219696190	105	
344	ack	1790219696195	109	
345	ack	1790219696200	116	
346	ack	1790219696205	117	
347	ack	1790219696210	114	
348	ack	1790219696215	114	
349	ack	1790219696220	109	
350	ack	1790219696225	118	
351	ack	1790219696230	123	
352	ack	1790219696235	112	
353	ack	1790219696240	109	
354	ack	1790219696245	106	
355	ack	1790219696250	109	
356	ack	1790219696255	130	
357	ack	1790219696260	108	
358	ack	1790219696265	117	
359	ack	1790219696270	106	
360	ack	1790219696275	104	
361	ack	1790219696280	105	
362	ack	1790219696285	108	
363	ack	1790219696290	105	
364	ack	1790219696295	121	
365	ack	1790219696300	107	
366	ack	1790219696305	109	
367	ack	1790219696310	108	
368	ack	1790219696315	117	
369	ack	1790219696320	113	
370	ack	1790219696325	108	
371	ack	1790219696330	116	
372	ack	1790219696335	113	
373	ack	1790219696340	114	
374	ack	1790219696345	106	
375	ack	1790219696350	144	
376	ack	1790219696355	131	
377	ack	1790219696360	145	
378	ack	1790219696365	113	
379	ack	1790219696370	130	
380	ack	1790219696375	172	
381	ack	1790219696380	139	
382	ack	1790219696385	136	
383	ack	1790219696390	131	
384	ack	1790219696395	305	
385	ack	1790219696400	186	
386	ack	1790219696405	140	
387	ack	1790219696410	240	
388	ack	1790219696415	135	
389	ack	1790219696420	134	
390	ack	1790219696425	123	
391	ack	1790219696430	132	
392	ack	1790219696435	113	
393	ack	1790219696440	108	
394	ack	1790219696445	96	
395	ack	1790219696450	112	
396	ack	1790219696455	119	
397	ack	1790219696460	129	
398	ack	1790219696465	105	
399	ack	1790219696470	110	
400	ack	1790219696475	104	
401	ack	1790219696480	104	
402	ack	1790219696485	96	
403	ack	1790219696490	107	
404	ack	1790219696495	96	
405	ack	1790219696500	106	
406	ack	1790219696505	117	
407	ack	1790219696510	142	
408	ack	1790219696515	117	
409	ack	1790219696520	109	
410	ack	1790219696525	106	
411	ack	1790219696530	104	
412	ack	1790219696535	96	
413	ack	1790219696540	108	
414	ack	1790219696545	104	
415	ack	1790219696550	110	
416	ack	1790219696555	112	
417	ack	1790219696560	103	
418	ack	1790219696565	109	
419	ack	1790219696570	94	
420	ack	1790219696575	121	
421	ack	1790219696580	102	
422	ack	1790219696585	105	
423	ack	1790219696590	93	
424	ack	1790219696595	194	
425	ack	1790219696600	187	
426	ack	1790219696605	279	
427	ack	1790219696610	181	
428	ack	1790219696615	244	
429	ack	1790219696620	145	
430	ack	1790219696625	95	
431	ack	1790219696630	219	
432	ack	1790219696635	220	
433	ack	1790219696640	149	
434	ack	1790219696645	110	
435	ack	1790219696650	129	
436	ack	1790219696655	121	
437	ack	1790219696660	110	
438	ack	1790219696665	111	
439	ack	1790219696670	103	
440	ack	1790219696675	112	
441	ack	1790219696680	116	
442	ack	1790219696685	226	
443	ack	1790219696690	131	
444	ack	1790219696695	165	
445	ack	1790219696700	237	
446	ack	1790219696705	164	
447	ack	1790219696710	112	
448	ack	1790219696715	129	
449	ack	1790219696720	121	
450	ack	1790219696725	115	
451	ack	1790219696730	109	
452	ack	1790219696735	103	
453	ack	1790219696740	144	
454	ack	1790219696745	120	
455	ack	1790219696750	177	
456	ack	1790219696755	198	
457	ack	1790219696760	212	
458	ack	1790219696765	121	
459	ack	1790219696770	196	
460	ack	1790219696775	131	
461	ack	1790219696780	122	
462	ack	1790219696785	130	
463	ack	1790219696790	121	
464	ack	1790219696795	155	
465	ack	1790219696800	139	
466	ack	1790219696805	139	
467	ack	1790219696810	123	
468	ack	1790219696815	112	
469	ack	1790219696820	113	
470	ack	1790219696825	104	
471	ack	1790219696830	108	
472	ack	1790219696835	119	
473	ack	1790219696840	107	
474	ack	1790219696845	96	
475	ack	1790219696850	117	
476	ack	1790219696855	109	
477	ack	1790219696860	107	
478	ack	1790219696865	104	
479	ack	1790219696870	104	
480	ack	1790219696875	108	
481	ack	1790219696880	108	
482	ack	1790219696885	108	
483	ack	1790219696890	105	
484	ack	1790219696895	104	
485	ack	1790219696900	114	
486	ack	1790219696905	116	
487	ack	1790219696910	105	
488	ack	1790219696915	107	
489	ack	1790219696920	106	
490	ack	1790219696925	108	
491	ack	1790219696930	104	
492	ack	1790219696935	109	
493	ack	1790219696940	193	
494	ack	1790219696945	122	
495	ack	1790219696950	114	
496	ack	1790219696955	117	
497	ack	1790219696960	131	
498	ack	1790219696965	125	
499	ack	1790219696970	117	
500	ack	1790219696975	108	
501	ack	1790219696980	106	
502	ack	1790219696985	135	
503	ack	1790219696990	125	
504	ack	1790219696995	115	
505	ack	1790219697000	114	
506	ack	1790219697005	112	
507	ack	1790219697010	155	
508	ack	1790219697015	189	
509	ack	1790219697020	140	
510	ack	1790219697025	113	
511	ack	1790219697030	126	
512	ack	1790219697035	193	
513	ack	1790219697040	285	
514	ack	1790219697045	144	
515	ack	1790219697050	140	
516	ack	1790219697055	137	
517	ack	1790219697060	160	
518	ack	1790219697065	130	
519	ack	1790219697070	127	
520	ack	1790219697075	127	
521	ack	1790219697080	111	
522	ack	1790219697085	104	
523	ack	1790219697090	107	
524	ack	1790219697095	102	
525	ack	1790219697100	100	
526	ack	1790219697105	102	
527	ack	1790219697110	105	
528	ack	1790219697115	105	
529	ack	1790219697120	105	
530	ack	1790219697125	101	
531	ack	1790219697130	104	
532	ack	1790219697135	162	
533	ack	1790219697140	131	
534	ack	1790219697145	113	
535	ack	1790219697150	118	
536	ack	1790219697155	104	
537	ack	1790219697160	104	
538	ack	1790219697165	136	
539	ack	1790219697170	107	
540	ack	1790219697175	116	
541	ack	1790219697180	112	
542	ack	1790219697185	99	
543	ack	1790219697190	102	
544	ack	1790219697195	103	
545	ack	1790219697200	110	
546	ack	1790219697205	102	
547	ack	1790219697210	100	
548	ack	1790219697215	98	
549	ack	1790219697220	144	
550	ack	1790219697225	131	
551	ack	1790219697230	129	
552	ack	1790219697235	105	
553	ack	1790219697240	108	
554	ack	1790219697245	105	
555	ack	1790219697250	102	
556	ack	1790219697255	104	
557	ack	1790219697260	108	
558	ack	1790219697265	101	
559	ack	1790219697270	102	
560	ack	1790219697275	109	
561	ack	1790219697280	83	
562	ack	1790219697285	102	
563	ack	1790219697290	111	
564	ack	1790219697295	103	
565	ack	1790219697300	114	
566	ack	1790219697305	106	
567	ack	1790219697310	102	
568	ack	1790219697315	112	
569	ack	1790219697320	104	
570	ack	1790219697325	102	
571	ack	1790219697330	102	
572	ack	1790219697335	106	
573	ack	1790219697340	102	
574	ack	1790219697345	99	
575	ack	1790219697350	100	
576	ack	1790219697355	100	
577	ack	1790219697360	104	
578	ack	1790219697365	99	
579	ack	1790219697370	103	
580	ack	1790219697375	102	
581	ack	1790219697380	102	
582	ack	1790219697385	101	
583	ack	1790219697390	102	
584	ack	1790219697395	100	
585	ack	1790219697400	107	
586	ack	1790219697405	104	
587	ack	1790219697410	98	
588	ack	1790219697415	96	
589	ack	1790219697420	101	
590	ack	1790219697425	107	
591	ack	1790219697430	103	
592	ack	1790219697435	104	
593	ack	1790219697440	110	
594	ack	1790219697445	104	
595	ack	1790219697450	103	
596	ack	1790219697455	101	
597	ack	1790219697460	105	
598	ack	1790219697465	103	
599	ack	1790219697470	107	
600	ack	1790219697475	106	
601	ack	1790219697480	100	
602	ack	1790219697485	102	
603	ack	1790219697490	111	
604	ack	1790219697495	105	
605	ack	1790219697500	103	
606	ack	1790219697505	114	
607	ack	1790219697510	102	
608	ack	1790219697515	105	
609	ack	1790219697520	103	
610	ack	1790219697525	110	
611	ack	1790219697530	89	
612	ack	1790219697535	109	
613	ack	1790219697540	110	
614	ack	1790219697545	99	
615	ack	1790219697550	102	
616	ack	1790219697555	106	
617	ack	1790219697560	131	
618	ack	1790219697565	122	
619	ack	1790219697570	108	
620	ack	1790219697575	101	
621	ack	1790219697580	100	
622	ack	1790219697585	104	
623	ack	1790219697590	102	
624	ack	1790219697595	105	
625	ack	1790219697600	182	
626	ack	1790219697605	105	
627	ack	1790219697610	108	
628	ack	1790219697615	155	
629	ack	1790219697620	236	
630	ack	1790219697625	171	
631	ack	1790219697630	566	
632	ack	1790219697635	146	
633	ack	1790219697640	213	
634	ack	1790219697645	194	
635	ack	1790219697650	126	
636	ack	1790219697655	157	
637	ack	1790219697660	136	
638	ack	1790219697665	134	
639	ack	1790219697670	134	
640	ack	1790219697675	161	
641	ack	1790219697680	143	
642	ack	1790219697685	129	
643	ack	1790219697690	111	
644	ack	1790219697695	102	
645	ack	1790219697700	167	
646	ack	1790219697705	108	
647	ack	1790219697710	106	
648	ack	1790219697715	208	
649	ack	1790219697720	145	
650	ack	1790219697725	115	
651	ack	1790219697730	103	
652	ack	1790219697735	142	
653	ack	1790219697740	132	
654	ack	1790219697745	103	
655	ack	1790219697750	98	
656	ack	1790219697755	105	
657	ack	1790219697760	100	
658	ack	1790219697765	116	
659	ack	1790219697770	174	
660	ack	1790219697775	143	
661	ack	1790219697780	87	
662	ack	1790219697785	187	
663	ack	1790219697790	142	
664	ack	1790219697795	118	
665	ack	1790219697800	106	
666	ack	1790219697805	111	
667	ack	1790219697810	94	
668	ack	1790219697815	105	
669	ack	1790219697820	100	
670	ack	1790219697825	103	
671	ack	1790219697830	122	
672	ack	1790219697835	124	
673	ack	1790219697840	114	
674	ack	1790219697845	97	
675	ack	1790219697850	107	
676	ack	1790219697855	108	
677	ack	1790219697860	99	
678	ack	1790219697865	105	
679	ack	1790219697870	97	
680	ack	1790219697875	103	
681	ack	1790219697880	97	
682	ack	1790219697885	100	
683	ack	1790219697890	99	
684	ack	1790219697895	100	
685	ack	1790219697900	101	
686	ack	1790219697905	100	
687	ack	1790219697910	98	
688	ack	1790219697915	100	
689	ack	1790219697920	163	
690	ack	1790219697925	99	
691	ack	1790219697930	96	
692	ack	1790219697935	100	
693	ack	1790219697940	106	
694	ack	1790219697945	99	
695	ack	1790219697950	93	
696	ack	1790219697955	99	
697	ack	1790219697960	112	
698	ack	1790219697965	104	
699	ack	1790219697970	102	
700	ack	1790219697975	82	
701	ack	1790219697980	102	
702	ack	1790219697985	100	
703	ack	1790219697990	101	
704	ack	1790219697995	100	
705	ack	1790219698000	100	
706	ack	1790219698005	100	
707	ack	1790219698010	97	
708	ack	1790219698015	98	
709	ack	1790219698020	100	
710	ack	1790219698025	95	
711	ack	1790219698030	105	
712	ack	1790219698035	101	
713	ack	1790219698040	104	
714	ack	1790219698045	98	
715	ack	1790219698050	113	
716	ack	1790219698055	102	
717	ack	1790219698060	98	
718	ack	1790219698065	114	
719	ack	1790219698070	110	
720	ack	1790219698075	104	
721	ack	1790219698080	105	
722	ack	1790219698085	116	
723	ack	1790219698090	112	
724	ack	1790219698095	97	
725	ack	1790219698100	97	
726	ack	1790219698105	103	
727	ack	1790219698110	99	
728	ack	1790219698115	101	
729	ack	1790219698120	96	
730	ack	1790219698125	100	
731	ack	1790219698130	133	
732	ack	1790219698135	156	
733	ack	1790219698140	88	
734	ack	1790219698145	100	
735	ack	1790219698150	107	
736	ack	1790219698155	106	
737	ack	1790219698160	109	
738	ack	1790219698165	102	
739	ack	1790219698170	102	
740	ack	1790219698175	104	
741	ack	1790219698180	98	
742	ack	1790219698185	100	
743	ack	1790219698190	108	
744	ack	1790219698195	99	
745	ack	1790219698200	98	
746	ack	1790219698205	100	
747	ack	1790219698210	96	
748	ack	1790219698215	97	
749	ack	1790219698220	98	
750	ack	1790219698225	121	
751	ack	1790219698230	202	
752	ack	1790219698235	149	
753	ack	1790219698240	113	
754	ack	1790219698245	133	
755	ack	1790219698250	114	
756	ack	1790219698255	99	
757	ack	1790219698260	106	
758	ack	1790219698265	129	
759	ack	1790219698270	134	
760	ack	1790219698275	100	
761	ack	1790219698280	104	
762	ack	1790219698285	99	
763	ack	1790219698290	154	
764	ack	1790219698295	163	
765	ack	1790219698300	244	
766	ack	1790219698305	305	
767	ack	1790219698310	275	
768	ack	1790219698315	225	
769	ack	1790219698320	154	
770	ack	1790219698325	103	
771	ack	1790219698330	125	
772	ack	1790219698335	97	
773	ack	1790219698340	108	
774	ack	1790219698345	98	
775	ack	1790219698350	110	
776	ack	1790219698355	108	
777	ack	1790219698360	98	
778	ack	1790219698365	101	
779	ack	1790219698370	99	
780	ack	1790219698375	98	
781	ack	1790219698380	100	
782	ack	1790219698385	100	
783	ack	1790219698390	99	
784	ack	1790219698395	101	
785	ack	1790219698400	99	
786	ack	1790219698405	125	
787	ack	1790219698410	111	
788	ack	1790219698415	106	
789	ack	1790219698420	104	
790	ack	1790219698425	104	
791	ack	1790219698430	109	
792	ack	1790219698435	99	
793	ack	1790219698440	109	
794	ack	1790219698445	104	
795	ack	1790219698450	103	
796	ack	1790219698455	107	
797	ack	1790219698460	107	
798	ack	1790219698465	100	
799	ack	1790219698470	99	
800	ack	1790219698475	98	
801	ack	1790219698480	99	
802	ack	1790219698485	101	
803	ack	1790219698490	105	
804	ack	1790219698495	98	
805	ack	1790219698500	106	
806	ack	1790219698505	105	
807	ack	1790219698510	97	
808	ack	1790219698515	139	
809	ack	1790219698520	138	
810	ack	1790219698525	101	
811	ack	1790219698530	109	
812	ack	1790219698535	100	
813	ack	1790219698540	100	
814	ack	1790219698545	99	
815	ack	1790219698550	97	
816	ack	1790219698555	98	
817	ack	1790219698560	99	
818	ack	1790219698565	96	
819	ack	1790219698570	96	
820	ack	1790219698575	96	
821	ack	1790219698580	96	
822	ack	1790219698585	102	
823	ack	1790219698590	99	
824	ack	1790219698595	99	
825	ack	1790219698600	120	
826	ack	1790219698605	98	
827	ack	1790219698610	100	
828	ack	1790219698615	136	
829	ack	1790219698620	105	
830	ack	1790219698625	103	
831	ack	1790219698630	81	
832	ack	1790219698635	139	
833	ack	1790219698640	176	
834	ack	1790219698645	279	
835	ack	1790219698650	265	
836	ack	1790219698655	133	
837	ack	1790219698660	187	
838	ack	1790219698665	179	
839	ack	1790219698670	128	
840	ack	1790219698675	109	
841	ack	1790219698680	102	
842	ack	1790219698685	98	
843	ack	1790219698690	110	
844	ack	1790219698695	101	
845	ack	1790219698700	102	
846	ack	1790219698705	98	
847	ack	1790219698710	97	
848	ack	1790219698715	162	
849	ack	1790219698720	116	
850	ack	1790219698725	169	
851	ack	1790219698730	171	
852	ack	1790219698735	174	
853	ack	1790219698740	106	
854	ack	1790219698745	406	
855	ack	1790219698750	194	
856	ack	1790219698755	143	
857	ack	1790219698760	115	
858	ack	1790219698765	111	
859	ack	1790219698770	98	
860	ack	1790219698775	133	
861	ack	1790219698780	102	
862	ack	1790219698785	133	
863	ack	1790219698790	100	
864	ack	1790219698795	221	
865	ack	1790219698800	179	
866	ack	1790219698805	153	
867	ack	1790219698810	100	
868	ack	1790219698815	119	
869	ack	1790219698820	108	
870	ack	1790219698825	105	
871	ack	1790219698830	99	
872	ack	1790219698835	96	
873	ack	1790219698840	99	
874	ack	1790219698845	97	
875	ack	1790219698850	103	
876	ack	1790219698855	100	
877	ack	1790219698860	100	
878	ack	1790219698865	108	
879	ack	1790219698870	99	
880	ack	1790219698875	97	
881	ack	1790219698880	100	
882	ack	1790219698885	98	
883	ack	1790219698890	109	
884	ack	1790219698895	101	
885	ack	1790219698900	105	
886	ack	1790219698905	112	
887	ack	1790219698910	99	
888	ack	1790219698915	104	
889	ack	1790219698920	123	
890	ack	1790219698925	108	
891	ack	1790219698930	140	
892	ack	1790219698935	122	
893	ack	1790219698940	108	
894	ack	1790219698945	107	
895	ack	1790219698950	97	
896	ack	1790219698955	110	
897	ack	1790219698960	98	
898	ack	1790219698965	97	
899	ack	1790219698970	96	
900	ack	1790219698975	98	
901	ack	1790219698980	100	
902	ack	1790219698985	97	
903	ack	1790219698990	99	
904	ack	1790219698995	99	
905	ack	1790219699000	101	
906	ack	1790219699005	95	
907	ack	1790219699010	92	
908	ack	1790219699015	96	
909	ack	1790219699020	96	
910	ack	1790219699025	94	
911	ack	1790219699030	128	
912	ack	1790219699035	121	
913	ack	1790219699040	99	
914	ack	1790219699045	98	
915	ack	1790219699050	115	
916	ack	1790219699055	101	
917	ack	1790219699060	100	
918	ack	1790219699065	96	
919	ack	1790219699070	98	
920	ack	1790219699075	107	
921	ack	1790219699080	137	
922	ack	1790219699085	125	
923	ack	1790219699090	118	
924	ack	1790219699095	100	
925	ack	1790219699100	100	
926	ack	1790219699105	103	
927	ack	1790219699110	96	
928	ack	1790219699115	102	
929	ack	1790219699120	105	
930	ack	1790219699125	101	
931	ack	1790219699130	99	
932	ack	1790219699135	164	
933	ack	1790219699140	260	
934	ack	1790219699145	127	
935	ack	1790219699150	117	
936	ack	1790219699155	111	
937	ack	1790219699160	108	
938	ack	1790219699165	100	
939	ack	1790219699170	99	
940	ack	1790219699175	96	
941	ack	1790219699180	99	
942	ack	1790219699185	101	
943	ack	1790219699190	107	
944	ack	1790219699195	104	
945	ack	1790219699200	117	
946	ack	1790219699205	115	
947	ack	1790219699210	98	
948	ack	1790219699215	120	
949	ack	1790219699220	104	
950	ack	1790219699225	107	
951	ack	1790219699230	101	
952	ack	1790219699235	100	
953	ack	1790219699240	99	
954	ack	1790219699245	101	
955	ack	1790219699250	98	
956	ack	1790219699255	106	
957	ack	1790219699260	175	
958	ack	1790219699265	97	
959	ack	1790219699270	100	
960	ack	1790219699275	96	
961	ack	1790219699280	99	
962	ack	1790219699285	98	
963	ack	1790219699290	168	
964	ack	1790219699295	101	
965	ack	1790219699300	107	
966	ack	1790219699305	94	
967	ack	1790219699310	90	
968	ack	1790219699315	174	
969	ack	1790219699320	168	
970	ack	1790219699325	142	
971	ack	1790219699330	105	
972	ack	1790219699335	106	
973	ack	1790219699340	98	
974	ack	1790219699345	96	
975	ack	1790219699350	99	
976	ack	1790219699355	99	
977	ack	1790219699360	97	
978	ack	1790219699365	115	
979	ack	1790219699370	106	
980	ack	1790219699375	98	
981	ack	1790219699380	109	
982	ack	1790219699385	100	
983	ack	1790219699390	100	
984	ack	1790219699395	82	
985	ack	1790219699400	97	
986	ack	1790219699405	100	
987	ack	1790219699410	98	
988	ack	1790219699415	121	
989	ack	1790219699420	106	
990	ack	1790219699425	99	
991	ack	1790219699430	97	
992	ack	1790219699435	97	
993	ack	1790219699440	109	
994	ack	1790219699445	99	
995	ack	1790219699450	101	
996	ack	1790219699455	99	
997	ack	1790219699460	99	
998	ack	1790219699465	102	
999	ack	1790219699470	99	
1000	ack	1790219699475	103	
1001	ack	1790219699480	107	
1002	ack	1790219699485	100	
1003	ack	1790219699490	109	
1004	ack	1790219699495	104	
1005	ack	1790219699500	99	
1006	ack	1790219699505	86	
1007	ack	1790219699510	103	
1008	ack	1790219699515	107	
1009	ack	1790219699520	100	
1010	ack	1790219699525	105	
1011	ack	1790219699530	101	
1012	ack	1790219699535	80	
1013	ack	1790219699540	102	
1014	ack	1790219699545	128	
1015	ack	1790219699550	131	
1016	ack	1790219699555	127	
1017	ack	1790219699560	101	
1018	ack	1790219699565	101	
1019	ack	1790219699570	101	
1020	ack	1790219699575	104	
1021	ack	1790219699580	98	
1022	ack	1790219699585	98	
1023	ack	1790219699590	96	
1024	ack	1790219699595	104	
1025	ack	1790219699600	117	
1026	ack	1790219699605	122	
1027	ack	1790219699610	99	
1028	ack	1790219699615	101	
1029	ack	1790219699620	97	
1030	ack	1790219699625	96	
1031	ack	1790219699630	98	
1032	ack	1790219699635	96	
1033	ack	1790219699640	104	
1034	ack	1790219699645	98	
1035	ack	1790219699650	125	
1036	ack	1790219699655	216	
1037	ack	1790219699660	171	
1038	ack	1790219699665	147	
1039	ack	1790219699670	192	
1040	ack	1790219699675	302	
1041	ack	1790219699680	198	
1042	ack	1790219699685	144	
1043	ack	1790219699690	127	
1044	ack	1790219699695	108	
1045	ack	1790219699700	115	
1046	ack	1790219699705	113	
1047	ack	1790219699710	96	
1048	ack	1790219699715	98	
1049	ack	1790219699720	99	
1050	ack	1790219699725	102	
1051	ack	1790219699730	97	
1052	ack	1790219699735	109	
1053	ack	1790219699740	168	
1054	ack	1790219699745	140	
1055	ack	1790219699750	165	
1056	ack	1790219699755	154	
1057	ack	1790219699760	133	
1058	ack	1790219699765	166	
1059	ack	1790219699770	120	
1060	ack	1790219699775	104	
1061	ack	1790219699780	98	
1062	ack	1790219699785	102	
1063	ack	1790219699790	108	
1064	ack	1790219699795	99	
1065	ack	1790219699800	177	
1066	ack	1790219699805	158	
1067	ack	1790219699810	97	
1068	ack	1790219699815	176	
1069	ack	1790219699820	146	
1070	ack	1790219699825	120	
1071	ack	1790219699830	110	
1072	ack	1790219699835	101	
1073	ack	1790219699840	105	
1074	ack	1790219699845	101	
1075	ack	1790219699850	95	
1076	ack	1790219699855	132	
1077	ack	1790219699860	110	
1078	ack	1790219699865	104	
1079	ack	1790219699870	94	
1080	ack	1790219699875	99	
1081	ack	1790219699880	180	
1082	ack	1790219699885	196	
1083	ack	1790219699890	188	
1084	ack	1790219699895	168	
1085	ack	1790219699900	197	
1086	ack	1790219699905	275	
1087	ack	1790219699910	225	
1088	ack	1790219699915	191	
1089	ack	1790219699920	174	
1090	ack	1790219699925	244	
1091	ack	1790219699930	211	
1092	ack	1790219699935	181	
1093	ack	1790219699940	221	
1094	ack	1790219699945	161	
1095	ack	1790219699950	127	
1096	ack	1790219699955	224	
1097	ack	1790219699960	214	
1098	ack	1790219699965	141	
1099	ack	1790219699970	199	
1100	ack	1790219699975	177	
1101	ack	1790219699980	150	
1102	ack	1790219699985	148	
1103	ack	1790219699990	226	
1104	ack	1790219699995	154	
1105	ack	1790219700000	219	
1106	ack	1790219700005	183	
1107	ack	1790219700010	204	
1108	ack	1790219700015	198	
1109	ack	1790219700020	207	
1110	ack	1790219700025	148	
1111	ack	1790219700030	166	
1112	ack	1790219700035	123	
1113	ack	1790219700040	151	
1114	ack	1790219700045	187	
1115	ack	1790219700050	140	
1116	ack	1790219700055	209	
1117	ack	1790219700060	235	
1118	ack	1790219700065	209	
1119	ack	1790219700071	1328	
1120	ack	1790219700075	135	
1121	ack	1790219700080	198	
1122	ack	1790219707849	7764407	
1123	ack	1790219707850	312	
1124	ack	1790219707850	288	
1125	ack	1790219707851	193	
1126	ack	1790219707851	205	
1127	ack	1790219707852	176	
1128	ack	1790219707852	192	
1129	ack	1790219707852	167	
1130	ack	1790219707853	173	
1131	ack	1790219707853	171	
1132	ack	1790219707853	173	
1133	ack	1790219707854	165	
1134	ack	1790219707854	169	
1135	ack	1790219707854	153	
1136	ack	1790219707854	157	
1137	ack	1790219707855	167	
1138	ack	1790219707855	168	
1139	ack	1790219707855	146	
1140	ack	1790219707856	145	
1141	ack	1790219707856	284	
1142	ack	1790219707856	197	
1143	ack	1790219707857	151	
1144	ack	1790219707857	193	
1145	ack	1790219707857	146	
1146	ack	1790219707858	163	
1147	ack	1790219707858	122	
1148	ack	1790219707858	152	
1149	ack	1790219707859	136	
1150	ack	1790219707859	121	
1151	ack	1790219707859	146	
1152	ack	1790219707859	144	
1153	ack	1790219707860	125	
1154	ack	1790219707860	119	
1155	ack	1790219707860	153	
1156	ack	1790219707860	138	
1157	ack	1790219707861	123	
1158	ack	1790219707861	108	
1159	ack	1790219707861	133	
1160	ack	1790219707861	136	
1161	ack	1790219707862	117	
1162	ack	1790219707862	134	
1163	ack	1790219707862	142	
1164	ack	1790219707862	134	
1165	ack	1790219707863	124	
1166	ack	1790219707863	135	
1167	ack	1790219707863	143	
1168	ack	1790219707864	323	
1169	ack	1790219707864	285	
1170	ack	1790219707865	204	
1171	ack	1790219707865	206	
1172	ack	1790219707865	170	
1173	ack	1790219707866	146	
1174	ack	1790219707866	126	
1175	ack	1790219707866	142	
1176	ack	1790219707866	112	
1177	ack	1790219707867	140	
1178	ack	1790219707867	128	
1179	ack	1790219707867	228	
1180	ack	1790219707867	129	
1181	ack	1790219707868	137	
1182	ack	1790219707868	132	
1183	ack	1790219707868	116	
1184	ack	1790219707868	239	
1185	ack	1790219707869	249	
1186	ack	1790219707870	287	
1187	ack	1790219707870	235	
1188	ack	1790219707871	385	
1189	ack	1790219707872	399	
1190	ack	1790219707872	195	
1191	ack	1790219707873	134	
1192	ack	1790219707873	57	
1193	ack	1790219707873	179	
1194	ack	1790219707874	378	
1195	ack	1790219707874	171	
1196	ack	1790219707874	147	
1197	ack	1790219707874	86	
1198	ack	1790219707877	2005	
1199	ack	1790219707877	166	
1200	ack	1790219707877	77	
1201	ack	1790219707877	117	
1202	ack	1790219707878	79	
1203	ack	1790219707878	114	
1204	ack	1790219707878	179	
1205	ack	1790219707879	89	
1206	ack	1790219707879	135	
1207	ack	1790219707880	80	
1208	ack	1790219707880	71	
1209	ack	1790219707880	73	
1210	ack	1790219707881	74	
1211	ack	1790219707881	106	
1212	ack	1790219707881	77	
1213	ack	1790219707881	92	
1214	ack	1790219707882	154	
1215	ack	1790219707882	53	
1216	ack	1790219707882	106	
1217	ack	1790219707882	63	
1218	ack	1790219707882	89	
1219	ack	1790219707883	69	
1220	ack	1790219707883	48	
1221	ack	1790219707883	83	
1222	ack	1790219707883	67	
1223	ack	1790219707883	48	
1224	ack	1790219707883	63	
1225	ack	1790219707884	81	
1226	ack	1790219707884	87	
1227	ack	1790219707884	60	
1228	ack	1790219707884	62	
1229	ack	1790219707884	82	
1230	ack	1790219707884	57	
1231	ack	1790219707885	64	
1232	ack	1790219707885	75	
1233	ack	1790219707885	52	
1234	ack	1790219707885	53	
1235	ack	1790219707885	64	
1236	ack	1790219707885	63	
1237	ack	1790219707886	50	
1238	ack	1790219707886	62	
1239	ack	1790219707886	71	
1240	ack	1790219707886	58	
1241	ack	1790219707886	55	
1242	ack	1790219707886	77	
1243	ack	1790219707886	44	
1244	ack	1790219707887	44	
1245	ack	1790219707887	36	
1246	ack	1790219707887	76	
1247	ack	1790219707887	45	
1248	ack	1790219707887	49	
1249	ack	1790219707887	36	
1250	ack	1790219707887	76	
1251	ack	1790219707887	48	
1252	ack	1790219707888	49	
1253	ack	1790219707888	91	
1254	ack	1790219707889	109	
1255	ack	1790219707889	320	
1256	ack	1790219707889	49	
1257	ack	1790219707889	93	
1258	ack	1790219707890	149	
1259	ack	1790219707890	40	
1260	ack	1790219707890	52	
1261	ack	1790219707890	63	
1262	ack	1790219707891	245	
1263	ack	1790219707891	110	
1264	ack	1790219707891	110	
1265	ack	1790219707892	116	
1266	ack	1790219707892	60	
1267	ack	1790219707892	61	
1268	ack	1790219707893	97	
1269	ack	1790219707893	146	
1270	ack	1790219707893	110	
1271	ack	1790219707894	194	
1272	ack	1790219707894	94	
1273	ack	1790219707894	163	
1274	ack	1790219707894	103	
1275	ack	1790219707895	67	
1276	ack	1790219707895	93	
1277	ack	1790219707895	112	
1278	ack	1790219707895	87	
1279	ack	1790219707895	127	
1280	ack	1790219707896	91	
1281	ack	1790219707896	73	
1282	ack	1790219707896	100	
1283	ack	1790219707896	120	
1284	ack	1790219707896	120	
1285	ack	1790219707896	79	
1286	ack	1790219707897	72	
1287	ack	1790219707897	97	
1288	ack	1790219707897	123	
1289	ack	1790219707897	87	
1290	ack	1790219707897	115	
1291	ack	1790219707898	83	
1292	ack	1790219707898	73	
1293	ack	1790219707898	100	
1294	ack	1790219707898	96	
1295	ack	1790219707898	87	
1296	ack	1790219707898	75	
1297	ack	1790219707899	92	
1298	ack	1790219707899	94	
1299	ack	1790219707899	106	
1300	ack	1790219707899	101	
1301	ack	1790219707899	82	
1302	ack	1790219707899	70	
1303	ack	1790219707899	97	
1304	ack	1790219707900	77	
1305	ack	1790219707900	67	
1306	ack	1790219707900	67	
1307	ack	1790219707900	73	
1308	ack	1790219707900	89	
1309	ack	1790219707900	70	
1310	ack	1790219707900	89	
1311	ack	1790219707901	99	
1312	ack	1790219707901	68	
1313	ack	1790219707901	78	
1314	ack	1790219707901	73	
1315	ack	1790219707901	95	
1316	ack	1790219707901	66	
1317	ack	1790219707902	102	
1318	ack	1790219707902	120	
1319	ack	1790219707902	94	
1320	ack	1790219707902	129	
1321	ack	1790219707902	109	
1322	ack	1790219707902	99	
1323	ack	1790219707903	80	
1324	ack	1790219707903	106	
1325	ack	1790219707903	82	
1326	ack	1790219707903	92	
1327	ack	1790219707903	74	
1328	ack	1790219707903	79	
1329	ack	1790219707903	97	
1330	ack	1790219707904	73	
1331	ack	1790219707904	78	
1332	ack	1790219707904	83	
1333	ack	1790219707904	87	
1334	ack	1790219707904	67	
1335	ack	1790219707904	101	
1336	ack	1790219707904	90	
1337	ack	1790219707905	75	
1338	ack	1790219707905	68	
1339	ack	1790219707905	83	
1340	ack	1790219707905	102	
1341	ack	1790219707905	84	
1342	ack	1790219707905	71	
1343	ack	1790219707905	78	
1344	ack	1790219707906	76	
1345	ack	1790219707906	75	
1346	ack	1790219707906	79	
1347	ack	1790219707906	78	
1348	ack	1790219707906	73	
1349	ack	1790219707906	77	
1350	ack	1790219707907	107	
1351	ack	1790219707907	68	
1352	ack	1790219707907	67	
1353	ack	1790219707907	193	
1354	ack	1790219707907	102	
1355	ack	1790219707907	95	
1356	ack	1790219707908	74	
1357	ack	1790219707908	78	
1358	ack	1790219707908	81	
1359	ack	1790219707908	74	
1360	ack	1790219707908	89	
1361	ack	1790219707908	85	
1362	ack	1790219707908	86	
1363	ack	1790219707909	90	
1364	ack	1790219707909	69	
1365	ack	1790219707909	80	
1366	ack	1790219707909	97	
1367	ack	1790219707909	90	
1368	ack	1790219707909	69	
1369	ack	1790219707909	86	
1370	ack	1790219707910	88	
1371	ack	1790219707910	92	
1372	ack	1790219707910	101	
1373	ack	1790219707910	92	
1374	ack	1790219707910	107	
1375	ack	1790219707910	78	
1376	ack	1790219707911	103	
1377	ack	1790219707911	79	
1378	ack	1790219707911	105	
1379	ack	1790219707911	91	
1380	ack	1790219707911	94	
1381	ack	1790219707911	74	
1382	ack	1790219707912	77	
1383	ack	1790219707912	81	
1384	ack	1790219707912	83	
1385	ack	1790219707912	108	
1386	ack	1790219707912	72	
1387	ack	1790219707912	82	
1388	ack	1790219707913	91	
1389	ack	1790219707913	83	
1390	ack	1790219707913	97	
1391	ack	1790219707913	70	
1392	ack	1790219707913	76	
1393	ack	1790219707913	88	
1394	ack	1790219707913	90	
1395	ack	1790219707914	69	
1396	ack	1790219707914	100	
1397	ack	1790219707914	79	
1398	ack	1790219707914	100	
1399	ack	1790219707914	67	
1400	ack	1790219707914	88	
1401	ack	1790219707914	68	
1402	ack	1790219707915	101	
1403	ack	1790219707915	75	
1404	ack	1790219707915	84	
1405	ack	1790219707915	67	
1406	ack	1790219707915	98	
1407	ack	1790219707915	81	
1408	ack	1790219707915	77	
1409	ack	1790219707916	68	
1410	ack	1790219707916	86	
1411	ack	1790219707916	78	
1412	ack	1790219707916	64	
1413	ack	1790219707916	74	
1414	ack	1790219707916	97	
1415	ack	1790219707916	100	
1416	ack	1790219707917	69	
1417	ack	1790219707917	89	
1418	ack	1790219707917	78	
1419	ack	1790219707917	110	
1420	ack	1790219707917	75	
1421	ack	1790219707917	94	
1422	ack	1790219707918	86	
1423	ack	1790219707918	65	
1424	ack	1790219707918	93	
1425	ack	1790219707918	82	
1426	ack	1790219707918	73	
1427	ack	1790219707918	86	
1428	ack	1790219707918	71	
1429	ack	1790219707919	87	
1430	ack	1790219707919	70	
1431	ack	1790219707919	90	
1432	ack	1790219707919	78	
1433	ack	1790219707919	67	
1434	ack	1790219707919	65	
1435	ack	1790219707919	90	
1436	ack	1790219707920	83	
1437	ack	1790219707920	69	
1438	ack	1790219707920	70	
1439	ack	1790219707920	79	
1440	ack	1790219707920	102	
1441	ack	1790219707920	75	
1442	ack	1790219707920	74	
1443	ack	1790219707921	76	
1444	ack	1790219707921	97	
1445	ack	1790219707921	88	
1446	ack	1790219707921	66	
1447	ack	1790219707921	88	
1448	ack	1790219707921	103	
1449	ack	1790219707921	98	
1450	ack	1790219707922	89	
1451	ack	1790219707922	71	
1452	ack	1790219707922	91	
1453	ack	1790219707922	76	
1454	ack	1790219707922	101	
1455	ack	1790219707922	70	
1456	ack	1790219707922	79	
1457	ack	1790219707923	90	
1458	ack	1790219707923	90	
1459	ack	1790219707923	70	
1460	ack	1790219707923	71	
1461	ack	1790219707923	91	
1462	ack	1790219707923	101	
1463	ack	1790219707924	70	
1464	ack	1790219707924	66	
1465	ack	1790219707924	97	
1466	ack	1790219707924	105	
1467	ack	1790219707924	73	
1468	ack	1790219707924	66	
1469	ack	1790219707924	75	
1470	ack	1790219707925	95	
1471	ack	1790219707925	101	
1472	ack	1790219707925	97	
1473	ack	1790219707925	67	
1474	ack	1790219707925	96	
1475	ack	1790219707925	86	
1476	ack	1790219707926	98	
1477	ack	1790219707926	99	
1478	ack	1790219707926	68	
1479	ack	1790219707926	79	
1480	ack	1790219707926	88	
1481	ack	1790219707926	91	
1482	ack	1790219707926	72	
1483	ack	1790219707927	109	
1484	ack	1790219707927	116	
1485	ack	1790219707927	116	
1486	ack	1790219707927	83	
1487	ack	1790219707927	98	
1488	ack	1790219707928	92	
1489	ack	1790219707928	72	
1490	ack	1790219707928	94	
1491	ack	1790219707928	75	
1492	ack	1790219707928	69	
1493	ack	1790219707928	84	
1494	ack	1790219707928	88	
1495	ack	1790219707929	70	
1496	ack	1790219707929	64	
1497	ack	1790219707929	74	
1498	ack	1790219707929	77	
1499	ack	1790219707929	78	
1500	ack	1790219707929	88	
1501	ack	1790219707929	75	
1502	ack	1790219707930	68	
1503	ack	1790219707930	101	
1504	ack	1790219707930	80	
1505	ack	1790219707930	82	
1506	ack	1790219707930	75	
1507	ack	1790219707930	78	
1508	ack	1790219707930	95	
1509	ack	1790219707931	85	
1510	ack	1790219707931	98	
1511	ack	1790219707931	65	
1512	ack	1790219707931	64	
1513	ack	1790219707931	105	
1514	ack	1790219707931	95	
1515	ack	1790219707931	68	
1516	ack	1790219707932	67	
1517	ack	1790219707932	99	
1518	ack	1790219707932	90	
1519	ack	1790219707932	72	
1520	ack	1790219707932	64	
1521	ack	1790219707932	106	
1522	ack	1790219707932	96	
1523	ack	1790219707933	106	
1524	ack	1790219707933	66	
1525	ack	1790219707933	84	
1526	ack	1790219707933	74	
1527	ack	1790219707933	102	
1528	ack	1790219707933	68	
1529	ack	1790219707934	95	
1530	ack	1790219707934	75	
1531	ack	1790219707934	99	
1532	ack	1790219707934	87	
1533	ack	1790219707934	67	
1534	ack	1790219707934	81	
1535	ack	1790219707934	101	
1536	ack	1790219707935	91	
1537	ack	1790219707935	80	
1538	ack	1790219707935	89	
1539	ack	1790219707935	105	
1540	ack	1790219707935	103	
1541	ack	1790219707935	75	
1542	ack	1790219707935	65	
1543	ack	1790219707936	87	
1544	ack	1790219707936	98	
1545	ack	1790219707936	75	
1546	ack	1790219707936	69	
1547	ack	1790219707936	100	
1548	ack	1790219707936	93	
1549	ack	1790219707937	69	
1550	ack	1790219707937	96	
1551	ack	1790219707937	65	
1552	ack	1790219707937	79	
1553	ack	1790219707937	109	
1554	ack	1790219707937	113	
1555	ack	1790219707937	102	
1556	ack	1790219707938	76	
1557	ack	1790219707938	97	
1558	ack	1790219707938	109	
1559	ack	1790219707938	106	
1560	ack	1790219707938	97	
1561	ack	1790219707938	75	
1562	ack	1790219707939	103	
1563	ack	1790219707939	77	
1564	ack	1790219707939	77	
1565	ack	1790219707939	73	
1566	ack	1790219707939	96	
1567	ack	1790219707939	85	
1568	ack	1790219707940	86	
1569	ack	1790219707940	86	
1570	ack	1790219707940	69	
1571	ack	1790219707940	110	
1572	ack	1790219707940	91	
1573	ack	1790219707940	86	
1574	ack	1790219707940	67	
1575	ack	1790219707941	76	
1576	ack	1790219707941	131	
1577	ack	1790219707941	127	
1578	ack	1790219707941	79	
1579	ack	1790219707941	93	
1580	ack	1790219707941	96	
1581	ack	1790219707942	166	
1582	ack	1790219707942	81	
1583	ack	1790219707942	100	
1584	ack	1790219707942	88	
1585	ack	1790219707942	69	
1586	ack	1790219707942	101	
1587	ack	1790219707943	84	
1588	ack	1790219707943	88	
1589	ack	1790219707943	85	
1590	ack	1790219707943	107	
1591	ack	1790219707943	80	
1592	ack	1790219707943	75	
1593	ack	1790219707944	184	
1594	ack	1790219707944	110	
1595	ack	1790219707944	79	
1596	ack	1790219707944	68	
1597	ack	1790219707944	95	
1598	ack	1790219707944	93	
1599	ack	1790219707945	90	
1600	ack	1790219707945	66	
1601	ack	1790219707945	96	
1602	ack	1790219707945	79	
1603	ack	1790219707945	79	
1604	ack	1790219707945	68	
1605	ack	1790219707945	89	
1606	ack	1790219707946	100	
1607	ack	1790219707946	73	
1608	ack	1790219707946	68	
1609	ack	1790219707946	72	
1610	ack	1790219707946	100	
1611	ack	1790219707946	75	
1612	ack	1790219707946	93	
1613	ack	1790219707947	70	
1614	ack	1790219707947	85	
1615	ack	1790219707947	99	
1616	ack	1790219707947	97	
1617	ack	1790219707947	66	
1618	ack	1790219707947	76	
1619	ack	1790219707947	91	
1620	ack	1790219707948	79	
1621	ack	1790219707948	98	
1622	ack	1790219707948	64	
1623	ack	1790219707948	105	
1624	ack	1790219707948	86	
1625	ack	1790219707948	72	
1626	ack	1790219707948	63	
1627	ack	1790219707949	90	
1628	ack	1790219707949	98	
1629	ack	1790219707949	95	
1630	ack	1790219707949	103	
1631	ack	1790219707949	67	
1632	ack	1790219707949	66	
1633	ack	1790219707950	84	
1634	ack	1790219707950	99	
1635	ack	1790219707950	79	
1636	ack	1790219707950	72	
1637	ack	1790219707950	93	
1638	ack	1790219707950	101	
1639	ack	1790219707951	68	
1640	ack	1790219707951	96	
1641	ack	1790219707951	87	
1642	ack	1790219707951	104	
1643	ack	1790219707951	68	
1644	ack	1790219707951	90	
1645	ack	1790219707951	96	
1646	ack	1790219707952	113	
1647	ack	1790219707952	69	
1648	ack	1790219707952	81	
1649	ack	1790219707952	74	
1650	ack	1790219707952	66	
1651	ack	1790219707952	85	
1652	ack	1790219707952	97	
1653	ack	1790219707953	86	
1654	ack	1790219707953	68	
1655	ack	1790219707953	69	
1656	ack	1790219707953	95	
1657	ack	1790219707953	87	
1658	ack	1790219707953	66	
1659	ack	1790219707953	96	
1660	ack	1790219707954	87	
1661	ack	1790219707954	65	
1662	ack	1790219707954	54	
1663	ack	1790219707954	89	
1664	ack	1790219707954	90	
1665	ack	1790219707954	66	
1666	ack	1790219707954	69	
1667	ack	1790219707955	105	
1668	ack	1790219707955	89	
1669	ack	1790219707955	73	
1670	ack	1790219707955	116	
1671	ack	1790219707955	124	
1672	ack	1790219707955	93	
1673	ack	1790219707956	117	
1674	ack	1790219707956	91	
1675	ack	1790219707956	87	
1676	ack	1790219707956	69	
1677	ack	1790219707956	75	
1678	ack	1790219707956	89	
1679	ack	1790219707957	97	
1680	ack	1790219707957	85	
1681	ack	1790219707957	104	
1682	ack	1790219707957	108	
1683	ack	1790219707957	72	
1684	ack	1790219707957	63	
1685	ack	1790219707957	86	
1686	ack	1790219707958	102	
1687	ack	1790219707958	68	
1688	ack	1790219707958	99	
1689	ack	1790219707958	72	
1690	ack	1790219707958	63	
1691	ack	1790219707958	95	
1692	ack	1790219707958	86	
1693	ack	1790219707959	65	
1694	ack	1790219707959	62	
1695	ack	1790219707959	95	
1696	ack	1790219707959	92	
1697	ack	1790219707959	65	
1698	ack	1790219707959	68	
1699	ack	1790219707959	101	
1700	ack	1790219707960	100	
1701	ack	1790219707960	90	
1702	ack	1790219707960	103	
1703	ack	1790219707960	69	
1704	ack	1790219707960	96	
1705	ack	1790219707960	83	
1706	ack	1790219707960	89	
1707	ack	1790219707961	64	
1708	ack	1790219707961	93	
1709	ack	1790219707961	77	
1710	ack	1790219707961	63	
1711	ack	1790219707961	93	
1712	ack	1790219707961	97	
1713	ack	1790219707961	67	
1714	ack	1790219707962	62	
1715	ack	1790219707962	90	
1716	ack	1790219707962	79	
1717	ack	1790219707962	67	
1718	ack	1790219707962	63	
1719	ack	1790219707962	74	
1720	ack	1790219707962	97	
1721	ack	1790219707963	63	
1722	ack	1790219707963	70	
1723	ack	1790219707963	93	
1724	ack	1790219707963	107	
1725	ack	1790219707963	66	
1726	ack	1790219707963	81	
1727	ack	1790219707963	96	
1728	ack	1790219707964	84	
1729	ack	1790219707964	66	
1730	ack	1790219707964	84	
1731	ack	1790219707964	110	
1732	ack	1790219707964	67	
1733	ack	1790219707964	105	
1734	ack	1790219707965	87	
1735	ack	1790219707965	79	
1736	ack	1790219707965	65	
1737	ack	1790219707965	78	
1738	ack	1790219707965	91	
1739	ack	1790219707965	100	
1740	ack	1790219707965	67	
1741	ack	1790219707966	97	
1742	ack	1790219707966	75	
1743	ack	1790219707966	70	
1744	ack	1790219707966	67	
1745	ack	1790219707966	99	
1746	ack	1790219707966	89	
1747	ack	1790219707966	80	
1748	ack	1790219707967	70	
1749	ack	1790219707967	106	
1750	ack	1790219707967	84	
1751	ack	1790219707967	90	
1752	ack	1790219707967	89	
1753	ack	1790219707967	71	
1754	ack	1790219707968	97	
1755	ack	1790219707968	76	
1756	ack	1790219707968	95	
1757	ack	1790219707968	103	
1758	ack	1790219707968	113	
1759	ack	1790219707968	96	
1760	ack	1790219707969	93	
1761	ack	1790219707969	98	
1762	ack	1790219707969	66	
1763	ack	1790219707969	109	
1764	ack	1790219707969	115	
1765	ack	1790219707969	87	
1766	ack	1790219707969	69	
1767	ack	1790219707970	99	
1768	ack	1790219707970	94	
1769	ack	1790219707970	102	
1770	ack	1790219707970	93	
1771	ack	1790219707970	84	
1772	ack	1790219707970	92	
1773	ack	1790219707971	104	
1774	ack	1790219707971	96	
1775	ack	1790219707971	75	
1776	ack	1790219707971	105	
1777	ack	1790219707971	86	
1778	ack	1790219707971	90	
1779	ack	1790219707972	73	
1780	ack	1790219707972	63	
1781	ack	1790219707972	98	
1782	ack	1790219707972	112	
1783	ack	1790219707972	99	
1784	ack	1790219707972	78	
1785	ack	1790219707973	100	
1786	ack	1790219707973	102	
1787	ack	1790219707973	109	
1788	ack	1790219707973	105	
1789	ack	1790219707973	114	
1790	ack	1790219707973	87	
1791	ack	1790219707974	120	
1792	ack	1790219707974	86	
1793	ack	1790219707974	66	
1794	ack	1790219707974	98	
1795	ack	1790219707974	97	
1796	ack	1790219707974	83	
1797	ack	1790219707975	78	
1798	ack	1790219707975	86	
1799	ack	1790219707975	82	
1800	ack	1790219707975	98	
1801	ack	1790219707975	94	
1802	ack	1790219707976	165	
1803	ack	1790219707976	136	
1804	ack	1790219707976	102	
1805	ack	1790219707976	94	
1806	ack	1790219707977	129	
1807	ack	1790219707977	121	
1808	ack	1790219707977	113	
1809	ack	1790219707977	82	
1810	ack	1790219707977	96	
1811	ack	1790219707978	64	
1812	ack	1790219707978	86	
1813	ack	1790219707978	114	
1814	ack	1790219707978	93	
1815	ack	1790219707978	72	
1816	ack	1790219707978	88	
1817	ack	1790219707979	73	
1818	ack	1790219707979	93	
1819	ack	1790219707979	93	
1820	ack	1790219707979	96	
1821	ack	1790219707979	88	
1822	ack	1790219707980	81	
1823	ack	1790219707980	92	
1824	ack	1790219707980	93	
1825	ack	1790219707980	126	
1826	ack	1790219707980	84	
1827	ack	1790219707980	75	
1828	ack	1790219707981	89	
1829	ack	1790219707981	84	
1830	ack	1790219707981	165	
1831	ack	1790219707981	75	
1832	ack	1790219707981	71	
1833	ack	1790219707982	64	
1834	ack	1790219707982	106	
1835	ack	1790219707982	58	
1836	ack	1790219707982	75	
1837	ack	1790219707983	469	
1838	ack	1790219707983	67	
1839	ack	1790219707983	53	
1840	ack	1790219707983	90	
1841	ack	1790219707983	69	
1842	ack	1790219707984	48	
1843	ack	1790219707984	45	
1844	ack	1790219707984	78	
1845	ack	1790219707984	55	
1846	ack	1790219707984	51	
1847	ack	1790219707984	48	
1848	ack	1790219707984	96	
1849	ack	1790219707985	76	
1850	ack	1790219707985	43	
1851	ack	1790219707985	73	
1852	ack	1790219707985	79	
1853	ack	1790219707985	74	
1854	ack	1790219707985	40	
1855	ack	1790219707985	68	
1856	ack	1790219707985	68	
1857	ack	1790219707986	77	
1858	ack	1790219707986	43	
1859	ack	1790219707986	49	
1860	ack	1790219707986	50	
1861	ack	1790219707986	35	
1862	ack	1790219707986	71	
1863	ack	1790219707986	65	
1864	ack	1790219707986	44	
1865	ack	1790219707987	41	
1866	ack	1790219707987	76	
1867	ack	1790219707987	65	
1868	ack	1790219707987	50	
1869	ack	1790219707987	59	
1870	ack	1790219707987	67	
1871	ack	1790219707987	86	
1872	ack	1790219707987	51	
1873	ack	1790219707988	47	
1874	ack	1790219707988	99	
1875	ack	1790219707988	85	
1876	ack	1790219707988	73	
1877	ack	1790219707988	85	
1878	ack	1790219707989	120	
1879	ack	1790219707989	130	
1880	ack	1790219707989	135	
1881	ack	1790219707989	138	
1882	ack	1790219707989	119	
1883	ack	1790219707990	132	
1884	ack	1790219707990	56	
1885	ack	1790219707990	183	
1886	ack	1790219707990	104	
1887	ack	1790219707991	81	
1888	ack	1790219707991	64	
1889	ack	1790219707991	118	
1890	ack	1790219707991	111	
1891	ack	1790219707991	91	
1892	ack	1790219707992	75	
1893	ack	1790219707992	100	
1894	ack	1790219707992	118	
1895	ack	1790219707992	108	
1896	ack	1790219707992	74	
1897	ack	1790219707992	94	
1898	ack	1790219707993	87	
1899	ack	1790219707993	86	
1900	ack	1790219707993	95	
1901	ack	1790219707993	70	
1902	ack	1790219707993	99	
1903	ack	1790219707993	85	
1904	ack	1790219707994	90	
1905	ack	1790219707994	66	
1906	ack	1790219707994	96	
1907	ack	1790219707994	86	
1908	ack	1790219707994	88	
1909	ack	1790219707994	67	
1910	ack	1790219707994	85	
1911	ack	1790219707995	96	
1912	ack	1790219707995	66	
1913	ack	1790219707995	96	
1914	ack	1790219707995	129	
1915	ack	1790219707995	104	
1916	ack	1790219707995	64	
1917	ack	1790219707996	89	
1918	ack	1790219707996	88	
1919	ack	1790219707996	67	
1920	ack	1790219707996	71	
1921	ack	1790219707996	87	
1922	ack	1790219707996	94	
1923	ack	1790219707996	67	
1924	ack	1790219707997	60	
1925	ack	1790219707997	94	
1926	ack	1790219707997	83	
1927	ack	1790219707997	67	
1928	ack	1790219707997	63	
1929	ack	1790219707997	94	
1930	ack	1790219707997	68	
1931	ack	1790219707998	81	
1932	ack	1790219707998	74	
1933	ack	1790219707998	64	
1934	ack	1790219707998	59	
1935	ack	1790219707998	87	
1936	ack	1790219707998	92	
1937	ack	1790219707998	73	
1938	ack	1790219707998	63	
1939	ack	1790219707999	86	
1940	ack	1790219707999	84	
1941	ack	1790219707999	96	
1942	ack	1790219707999	66	
1943	ack	1790219707999	98	
1944	ack	1790219707999	94	
1945	ack	1790219708000	74	
1946	ack	1790219708000	66	
1947	ack	1790219708000	91	
1948	ack	1790219708000	86	
1949	ack	1790219708000	77	
1950	ack	1790219708000	91	
1951	ack	1790219708000	69	
1952	ack	1790219708000	87	
1953	ack	1790219708001	78	
1954	ack	1790219708001	97	
1955	ack	1790219708001	110	
1956	ack	1790219708001	96	
1957	ack	1790219708001	86	
1958	ack	1790219708001	85	
1959	ack	1790219708002	72	
1960	ack	1790219708002	66	
1961	ack	1790219708002	103	
1962	ack	1790219708002	118	
1963	ack	1790219708002	88	
1964	ack	1790219708002	69	
1965	ack	1790219708003	109	
1966	ack	1790219708003	100	
1967	ack	1790219708003	69	
1968	ack	1790219708003	64	
1969	ack	1790219708003	99	
1970	ack	1790219708003	78	
1971	ack	1790219708003	86	
1972	ack	1790219708004	94	
1973	ack	1790219708004	68	
1974	ack	1790219708004	69	
1975	ack	1790219708004	96	
1976	ack	1790219708004	77	
1977	ack	1790219708004	68	
1978	ack	1790219708004	82	
1979	ack	1790219708005	80	
1980	ack	1790219708005	95	
1981	ack	1790219708005	63	
1982	ack	1790219708005	67	
1983	ack	1790219708005	96	
1984	ack	1790219708005	98	
1985	ack	1790219708005	63	
1986	ack	1790219708006	64	
1987	ack	1790219708006	85	
1988	ack	1790219708006	72	
1989	ack	1790219708006	73	
1990	ack	1790219708006	96	
1991	ack	1790219708006	61	
1992	ack	1790219708006	60	
1993	ack	1790219708007	74	
1994	ack	1790219708007	97	
1995	ack	1790219708007	61	
1996	ack	1790219708007	62	
1997	ack	1790219708007	177	
1998	ack	1790219708007	95	
1999	ack	1790219708008	67	
2000	ack	1790219708008	97	
2001	ack	1790219708008	67	
2002	ack	1790219708008	66	
2003	ack	1790219708008	93	
2004	ack	1790219708008	97	
2005	ack	1790219708008	63	
2006	ack	1790219708009	69	
2007	ack	1790219708009	92	
2008	ack	1790219708009	85	
2009	ack	1790219708009	62	
2010	ack	1790219708009	72	
2011	ack	1790219708009	66	
2012	ack	1790219708009	61	
2013	ack	1790219708009	95	
2014	ack	1790219708010	74	
2015	ack	1790219708010	61	
2016	ack	1790219708010	69	
2017	ack	1790219708010	73	
2018	ack	1790219708010	102	
2019	ack	1790219708010	62	
2020	ack	1790219708010	84	
2021	ack	1790219708011	99	
2022	ack	1790219708011	76	
2023	ack	1790219708011	71	
2024	ack	1790219708011	83	
2025	ack	1790219708011	89	
2026	ack	1790219708011	97	
2027	ack	1790219708011	64	
2028	ack	1790219708012	86	
2029	ack	1790219708012	95	
2030	ack	1790219708012	72	
2031	ack	1790219708012	85	
2032	ack	1790219708012	95	
2033	ack	1790219708012	86	
2034	ack	1790219708012	66	
2035	ack	1790219708013	96	
2036	ack	1790219708013	85	
2037	ack	1790219708013	63	
2038	ack	1790219708013	64	
2039	ack	1790219708013	87	
2040	ack	1790219708013	98	
2041	ack	1790219708013	63	
2042	ack	1790219708014	63	
2043	ack	1790219708014	90	
2044	ack	1790219708014	82	
2045	ack	1790219708014	72	
2046	ack	1790219708014	68	
2047	ack	1790219708014	92	
2048	ack	1790219708014	94	
2049	ack	1790219708015	65	
2050	ack	1790219708015	75	
2051	ack	1790219708015	71	
2052	ack	1790219708015	62	
2053	ack	1790219708015	98	
2054	ack	1790219708015	86	
2055	ack	1790219708015	71	
2056	ack	1790219708016	103	
2057	ack	1790219708016	116	
2058	ack	1790219708016	104	
2059	ack	1790219708016	72	
2060	ack	1790219708016	65	
2061	ack	1790219708016	94	
2062	ack	1790219708017	86	
2063	ack	1790219708017	80	
2064	ack	1790219708017	72	
2065	ack	1790219708017	109	
2066	ack	1790219708017	74	
2067	ack	1790219708017	97	
2068	ack	1790219708018	68	
2069	ack	1790219708018	89	
2070	ack	1790219708018	98	
2071	ack	1790219708018	98	
2072	ack	1790219708018	82	
2073	ack	1790219708018	66	
2074	ack	1790219708018	95	
2075	ack	1790219708019	88	
2076	ack	1790219708019	98	
2077	ack	1790219708019	77	
2078	ack	1790219708019	87	
2079	ack	1790219708019	88	
2080	ack	1790219708019	86	
2081	ack	1790219708020	96	
2082	ack	1790219708020	65	
2083	ack	1790219708020	83	
2084	ack	1790219708020	91	
2085	ack	1790219708020	71	
2086	ack	1790219708020	68	
2087	ack	1790219708020	71	
2088	ack	1790219708020	75	
2089	ack	1790219708021	99	
2090	ack	1790219708021	90	
2091	ack	1790219708021	66	
2092	ack	1790219708021	69	
2093	ack	1790219708021	83	
2094	ack	1790219708021	96	
2095	ack	1790219708021	67	
2096	ack	1790219708022	94	
2097	ack	1790219708022	97	
2098	ack	1790219708022	113	
2099	ack	1790219708022	83	
2100	ack	1790219708022	101	
2101	ack	1790219708022	88	
2102	ack	1790219708023	69	
2103	ack	1790219708023	95	
2104	ack	1790219708023	85	
2105	ack	1790219708023	75	
2106	ack	1790219708023	69	
2107	ack	1790219708023	76	
2108	ack	1790219708023	97	
2109	ack	1790219708024	84	
2110	ack	1790219708024	100	
2111	ack	1790219708024	74	
2112	ack	1790219708024	94	
2113	ack	1790219708024	97	
2114	ack	1790219708024	86	
2115	ack	1790219708025	66	
2116	ack	1790219708025	73	
2117	ack	1790219708025	93	
2118	ack	1790219708025	79	
2119	ack	1790219708025	67	
2120	ack	1790219708025	67	
2121	ack	1790219708025	87	
2122	ack	1790219708026	101	
2123	ack	1790219708026	72	
2124	ack	1790219708026	75	
2125	ack	1790219708026	109	
2126	ack	1790219708026	82	
2127	ack	1790219708026	97	
2128	ack	1790219708027	67	
2129	ack	1790219708027	68	
2130	ack	1790219708027	62	
2131	ack	1790219708027	107	
2132	ack	1790219708027	74	
2133	ack	1790219708027	84	
2134	ack	1790219708027	63	
2135	ack	1790219708028	95	
2136	ack	1790219708028	83	
2137	ack	1790219708028	73	
2138	ack	1790219708028	69	
2139	ack	1790219708028	83	
2140	ack	1790219708028	69	
2141	ack	1790219708028	65	
2142	ack	1790219708029	98	
2143	ack	1790219708029	101	
2144	ack	1790219708029	86	
2145	ack	1790219708029	66	
2146	ack	1790219708029	74	
2147	ack	1790219708029	96	
2148	ack	1790219708029	86	
2149	ack	1790219708030	67	
2150	ack	1790219708030	96	
2151	ack	1790219708030	90	
2152	ack	1790219708030	68	
2153	ack	1790219708030	77	
2154	ack	1790219708030	72	
2155	ack	1790219708030	102	
2156	ack	1790219708031	68	
2157	ack	1790219708031	88	
2158	ack	1790219708031	75	
2159	ack	1790219708031	77	
2160	ack	1790219708031	67	
2161	ack	1790219708031	78	
2162	ack	1790219708031	98	
2163	ack	1790219708032	67	
2164	ack	1790219708032	64	
2165	ack	1790219708032	80	
2166	ack	1790219708032	79	
2167	ack	1790219708032	62	
2168	ack	1790219708032	60	
2169	ack	1790219708032	97	
2170	ack	1790219708033	68	
2171	ack	1790219708033	72	
2172	ack	1790219708033	85	
2173	ack	1790219708033	97	
2174	ack	1790219708033	63	
2175	ack	1790219708033	84	
2176	ack	1790219708033	97	
2177	ack	1790219708034	95	
2178	ack	1790219708034	62	
2179	ack	1790219708034	85	
2180	ack	1790219708034	60	
2181	ack	1790219708034	82	
2182	ack	1790219708034	87	
2183	ack	1790219708034	89	
2184	ack	1790219708035	77	
2185	ack	1790219708035	67	
2186	ack	1790219708035	83	
2187	ack	1790219708035	102	
2188	ack	1790219708035	78	
2189	ack	1790219708035	65	
2190	ack	1790219708035	96	
2191	ack	1790219708036	62	
2192	ack	1790219708036	64	
2193	ack	1790219708036	99	
2194	ack	1790219708036	86	
2195	ack	1790219708036	65	
2196	ack	1790219708036	64	
2197	ack	1790219708036	70	
2198	ack	1790219708037	96	
2199	ack	1790219708037	62	
2200	ack	1790219708037	60	
2201	ack	1790219708037	87	
2202	ack	1790219708037	96	
2203	ack	1790219708037	95	
2204	ack	1790219708037	59	
2205	ack	1790219708037	97	
2206	ack	1790219708038	87	
2207	ack	1790219708038	77	
2208	ack	1790219708038	159	
2209	ack	1790219708038	93	
2210	ack	1790219708038	79	
2211	ack	1790219708038	95	
2212	ack	1790219708039	98	
2213	ack	1790219708039	66	
2214	ack	1790219708039	76	
2215	ack	1790219708039	89	
2216	ack	1790219708039	72	
2217	ack	1790219708039	63	
2218	ack	1790219708039	64	
2219	ack	1790219708040	96	
2220	ack	1790219708040	86	
2221	ack	1790219708040	94	
2222	ack	1790219708040	63	
2223	ack	1790219708040	92	
2224	ack	1790219708040	100	
2225	ack	1790219708040	72	
2226	ack	1790219708041	63	
2227	ack	1790219708041	83	
2228	ack	1790219708041	103	
2229	ack	1790219708041	91	
2230	ack	1790219708041	85	
2231	ack	1790219708041	64	
2232	ack	1790219708041	94	
2233	ack	1790219708042	87	
2234	ack	1790219708042	89	
2235	ack	1790219708042	158	
2236	ack	1790219708042	69	
2237	ack	1790219708042	82	
2238	ack	1790219708042	93	
2239	ack	1790219708043	66	
2240	ack	1790219708043	61	
2241	ack	1790219708043	69	
2242	ack	1790219708043	82	
2243	ack	1790219708043	84	
2244	ack	1790219708043	73	
2245	ack	1790219708043	90	
2246	ack	1790219708044	100	
2247	ack	1790219708044	65	
2248	ack	1790219708044	67	
2249	ack	1790219708044	195	
2250	ack	1790219708044	70	
2251	ack	1790219708044	68	
2252	ack	1790219708044	96	
2253	ack	1790219708045	83	
2254	ack	1790219708045	66	
2255	ack	1790219708045	90	
2256	ack	1790219708045	86	
2257	ack	1790219708045	96	
2258	ack	1790219708045	63	
2259	ack	1790219708045	95	
2260	ack	1790219708046	94	
2261	ack	1790219708046	66	
2262	ack	1790219708046	81	
2263	ack	1790219708046	104	
2264	ack	1790219708046	88	
2265	ack	1790219708046	70	
2266	ack	1790219708046	87	
2267	ack	1790219708047	95	
2268	ack	1790219708047	95	
2269	ack	1790219708047	70	
2270	ack	1790219708047	95	
2271	ack	1790219708047	86	
2272	ack	1790219708047	64	
2273	ack	1790219708047	72	
2274	ack	1790219708048	96	
2275	ack	1790219708048	86	
2276	ack	1790219708048	64	
2277	ack	1790219708048	87	
2278	ack	1790219708048	94	
2279	ack	1790219708048	99	
2280	ack	1790219708049	85	
2281	ack	1790219708049	97	
2282	ack	1790219708049	85	
2283	ack	1790219708049	87	
2284	ack	1790219708049	94	
2285	ack	1790219708049	96	
2286	ack	1790219708049	87	
2287	ack	1790219708050	63	
2288	ack	1790219708050	71	
2289	ack	1790219708050	95	
2290	ack	1790219708050	69	
2291	ack	1790219708050	92	
2292	ack	1790219708050	95	
2293	ack	1790219708050	94	
2294	ack	1790219708051	64	
2295	ack	1790219708051	85	
2296	ack	1790219708051	84	
2297	ack	1790219708051	98	
2298	ack	1790219708051	78	
2299	ack	1790219708051	93	
2300	ack	1790219708052	127	
2301	ack	1790219708052	70	
2302	ack	1790219708052	75	
2303	ack	1790219708052	91	
2304	ack	1790219708052	134	
2305	ack	1790219708052	115	
2306	ack	1790219708053	92	
2307	ack	1790219708053	84	
2308	ack	1790219708053	80	
2309	ack	1790219708053	82	
2310	ack	1790219708063	176	
2311	ack	1790219708063	135	
2312	ack	1790219708068	111	
2313	ack	1790219708069	85	
2314	ack	1790219708069	71	
2315	ack	1790219708069	80	
2316	ack	1790219708069	64	
2317	ack	1790219708070	61	
2318	ack	1790219708074	70	
2319	ack	1790219708075	92	
2320	ack	1790219708076	62	
2321	ack	1790219708076	56	
2322	ack	1790219708076	64	
2323	ack	1790219708076	105	
2324	ack	1790219708076	70	
2325	ack	1790219708076	58	
2326	ack	1790219708080	138	
2327	ack	1790219708081	87	
2328	ack	1790219708081	80	
2329	ack	1790219708081	78	
2330	ack	1790219708081	62	
2331	ack	1790219708081	48	
2332	ack	1790219708081	35	
2333	ack	1790219708081	55	
2334	ack	1790219708081	63	
2335	ack	1790219708082	50	
2336	ack	1790219708082	38	
2337	ack	1790219708082	52	
2338	ack	1790219708082	58	
2339	ack	1790219708082	53	
2340	ack	1790219708082	85	
2341	ack	1790219708082	94	
2342	ack	1790219708082	82	
2343	ack	1790219708083	83	
2344	ack	1790219708083	79	
2345	ack	1790219708083	90	
2346	ack	1790219708083	92	
2347	ack	1790219708083	80	
2348	ack	1790219708083	70	
2349	ack	1790219708083	81	
2350	ack	1790219708084	81	
2351	ack	1790219708084	81	
2352	ack	1790219708084	78	
2353	ack	1790219708084	92	
2354	ack	1790219708084	100	
2355	ack	1790219708084	90	
2356	ack	1790219708085	83	
2357	ack	1790219708085	74	
2358	ack	1790219708085	86	
2359	ack	1790219708085	86	
2360	ack	1790219708085	86	
2361	ack	1790219708085	69	
2362	ack	1790219708085	70	
2363	ack	1790219708086	93	
2364	ack	1790219708086	92	
2365	ack	1790219708086	75	
2366	ack	1790219708086	69	
2367	ack	1790219708086	87	
2368	ack	1790219708086	85	
2369	ack	1790219708086	71	
2370	ack	1790219708087	80	
2371	ack	1790219708087	70	
2372	ack	1790219708087	72	
2373	ack	1790219708087	101	
2374	ack	1790219708087	80	
2375	ack	1790219708087	70	
2376	ack	1790219708088	79	
2377	ack	1790219708088	80	
2378	ack	1790219708088	80	
2379	ack	1790219708088	105	
2380	ack	1790219708088	97	
2381	ack	1790219708088	92	
2382	ack	1790219708089	86	
2383	ack	1790219708089	75	
2384	ack	1790219708089	77	
2385	ack	1790219708089	72	
2386	ack	1790219708089	79	
2387	ack	1790219708089	78	
2388	ack	1790219708089	70	
2389	ack	1790219708089	80	
2390	ack	1790219708090	74	
2391	ack	1790219708090	81	
2392	ack	1790219708090	77	
2393	ack	1790219708090	75	
2394	ack	1790219708090	68	
2395	ack	1790219708090	76	
2396	ack	1790219708091	121	
2397	ack	1790219708091	70	
2398	ack	1790219708091	69	
2399	ack	1790219708091	103	
2400	ack	1790219708091	79	
2401	ack	1790219708091	86	
2402	ack	1790219708091	87	
2403	ack	1790219708092	69	
2404	ack	1790219708092	67	
2405	ack	1790219708092	80	
2406	ack	1790219708092	102	
2407	ack	1790219708092	77	
2408	ack	1790219708092	70	
2409	ack	1790219708092	89	
2410	ack	1790219708093	89	
2411	ack	1790219708093	94	
2412	ack	1790219708093	87	
2413	ack	1790219708093	111	
2414	ack	1790219708093	84	
2415	ack	1790219708093	108	
2416	ack	1790219708094	107	
2417	ack	1790219708094	83	
2418	ack	1790219708094	87	
2419	ack	1790219708094	102	
2420	ack	1790219708094	81	
2421	ack	1790219708094	77	
2422	ack	1790219708095	85	
2423	ack	1790219708095	76	
2424	ack	1790219708095	76	
2425	ack	1790219708095	72	
2426	ack	1790219708095	84	
2427	ack	1790219708095	75	
2428	ack	1790219708095	75	
2429	ack	1790219708096	68	
2430	ack	1790219708096	78	
2431	ack	1790219708096	76	
2432	ack	1790219708096	70	
2433	ack	1790219708096	75	
2434	ack	1790219708096	74	
2435	ack	1790219708096	72	
2436	ack	1790219708097	67	
2437	ack	1790219708097	72	
2438	ack	1790219708097	86	
2439	ack	1790219708097	68	
2440	ack	1790219708097	69	
2441	ack	1790219708097	73	
2442	ack	1790219708097	79	
2443	ack	1790219708097	67	
2444	ack	1790219708098	69	
2445	ack	1790219708098	78	
2446	ack	1790219708098	96	
2447	ack	1790219708098	97	
2448	ack	1790219708098	102	
2449	ack	1790219708099	107	
2450	ack	1790219708099	76	
2451	ack	1790219708099	92	
2452	ack	1790219708099	107	
2453	ack	1790219708099	85	
2454	ack	1790219708099	87	
2455	ack	1790219708100	98	
2456	ack	1790219708100	99	
2457	ack	1790219708100	124	
2458	ack	1790219708100	74	
2459	ack	1790219708100	85	
2460	ack	1790219708100	83	
2461	ack	1790219708101	79	
2462	ack	1790219708101	71	
2463	ack	1790219708101	97	
2464	ack	1790219708101	74	
2465	ack	1790219708101	109	
2466	ack	1790219708101	76	
2467	ack	1790219708102	87	
2468	ack	1790219708102	87	
2469	ack	1790219708102	79	
2470	ack	1790219708102	95	
2471	ack	1790219708102	75	
2472	ack	1790219708102	87	
2473	ack	1790219708102	87	
2474	ack	1790219708103	87	
2475	ack	1790219708103	66	
2476	ack	1790219708103	87	
2477	ack	1790219708103	129	
2478	ack	1790219708103	103	
2479	ack	1790219708103	75	
2480	ack	1790219708104	69	
2481	ack	1790219708104	110	
2482	ack	1790219708104	76	
2483	ack	1790219708104	95	
2484	ack	1790219708104	72	
2485	ack	1790219708104	87	
2486	ack	1790219708104	88	
2487	ack	1790219708105	95	
2488	ack	1790219708105	64	
2489	ack	1790219708105	89	
2490	ack	1790219708105	92	
2491	ack	1790219708105	89	
2492	ack	1790219708105	91	
2493	ack	1790219708106	68	
2494	ack	1790219708106	87	
2495	ack	1790219708106	95	
2496	ack	1790219708106	108	
2497	ack	1790219708106	94	
2498	ack	1790219708106	79	
2499	ack	1790219708107	93	
2500	ack	1790219708107	87	
2501	ack	1790219708107	82	
2502	ack	1790219708107	84	
2503	ack	1790219708107	190	
2504	ack	1790219708107	76	
2505	ack	1790219708108	77	
2506	ack	1790219708108	100	
2507	ack	1790219708108	101	
2508	ack	1790219708108	88	
2509	ack	1790219708108	99	
2510	ack	1790219708109	87	
2511	ack	1790219708109	82	
2512	ack	1790219708109	78	
2513	ack	1790219708109	69	
2514	ack	1790219708109	83	
2515	ack	1790219708109	84	
2516	ack	1790219708109	86	
2517	ack	1790219708109	66	
2518	ack	1790219708110	86	
2519	ack	1790219708110	104	
2520	ack	1790219708110	92	
2521	ack	1790219708110	96	
2522	ack	1790219708110	115	
2523	ack	1790219708111	105	
2524	ack	1790219708111	157	
2525	ack	1790219708111	113	
2526	ack	1790219708111	80	
2527	ack	1790219708112	113	
2528	ack	1790219708112	108	
2529	ack	1790219708112	75	
2530	ack	1790219708112	85	
2531	ack	1790219708112	76	
2532	ack	1790219708113	184	
2533	ack	1790219708113	97	
2534	ack	1790219708113	117	
2535	ack	1790219708113	99	
2536	ack	1790219708113	98	
2537	ack	1790219708114	100	
2538	ack	1790219708114	111	
2539	ack	1790219708114	67	
2540	ack	1790219708114	120	
2541	ack	1790219708114	107	
2542	ack	1790219708114	116	
2543	ack	1790219708115	81	
2544	ack	1790219708115	96	
2545	ack	1790219708115	72	
2546	ack	1790219708115	107	
2547	ack	1790219708115	76	
2548	ack	1790219708115	103	
2549	ack	1790219708116	92	
2550	ack	1790219708116	67	
2551	ack	1790219708116	92	
2552	ack	1790219708116	101	
2553	ack	1790219708116	98	
2554	ack	1790219708116	71	
2555	ack	1790219708116	95	
2556	ack	1790219708117	84	
2557	ack	1790219708117	68	
2558	ack	1790219708117	78	
2559	ack	1790219708117	92	
2560	ack	1790219708117	90	
2561	ack	1790219708117	60	
2562	ack	1790219708117	88	
2563	ack	1790219708118	88	
2564	ack	1790219708118	91	
2565	ack	1790219708118	55	
2566	ack	1790219708118	73	
2567	ack	1790219708118	100	
2568	ack	1790219708118	105	
2569	ack	1790219708119	63	
2570	ack	1790219708119	87	
2571	ack	1790219708119	64	
2572	ack	1790219708119	96	
2573	ack	1790219708119	107	
2574	ack	1790219708119	87	
2575	ack	1790219708119	69	
2576	ack	1790219708120	66	
2577	ack	1790219708120	88	
2578	ack	1790219708120	90	
2579	ack	1790219708120	73	
2580	ack	1790219708120	71	
2581	ack	1790219708120	95	
2582	ack	1790219708120	105	
2583	ack	1790219708121	77	
2584	ack	1790219708121	59	
2585	ack	1790219708121	81	
2586	ack	1790219708121	114	
2587	ack	1790219708121	66	
2588	ack	1790219708121	57	
2589	ack	1790219708122	77	
2590	ack	1790219708122	75	
2591	ack	1790219708122	85	
2592	ack	1790219708122	108	
2593	ack	1790219708122	94	
2594	ack	1790219708122	100	
2595	ack	1790219708123	89	
2596	ack	1790219708123	83	
2597	ack	1790219708123	113	
2598	ack	1790219708123	68	
2599	ack	1790219708123	93	
2600	ack	1790219708123	76	
2601	ack	1790219708123	70	
2602	ack	1790219708124	69	
2603	ack	1790219708124	86	
2604	ack	1790219708124	73	
2605	ack	1790219708124	73	
2606	ack	1790219708124	105	
2607	ack	1790219708124	116	
2608	ack	1790219708125	116	
2609	ack	1790219708125	79	
2610	ack	1790219708125	88	
2611	ack	1790219708125	63	
2612	ack	1790219708125	98	
2613	ack	1790219708126	113	
2614	ack	1790219708126	100	
2615	ack	1790219708126	73	
2616	ack	1790219708126	102	
2617	ack	1790219708126	81	
2618	ack	1790219708126	127	
2619	ack	1790219708127	71	
2620	ack	1790219708127	68	
2621	ack	1790219708127	132	
2622	ack	1790219708127	90	
2623	ack	1790219708127	94	
2624	ack	1790219708127	86	
2625	ack	1790219708128	127	
2626	ack	1790219708128	109	
2627	ack	1790219708128	93	
2628	ack	1790219708128	83	
2629	ack	1790219708128	122	
2630	ack	1790219708129	89	
2631	ack	1790219708129	85	
2632	ack	1790219708129	89	
2633	ack	1790219708129	89	
2634	ack	1790219708129	86	
2635	ack	1790219708129	89	
2636	ack	1790219708129	87	
2637	ack	1790219708130	68	
2638	ack	1790219708130	85	
2639	ack	1790219708130	81	
2640	ack	1790219708130	97	
2641	ack	1790219708130	70	
2642	ack	1790219708130	90	
2643	ack	1790219708131	86	
2644	ack	1790219708131	98	
2645	ack	1790219708131	63	
2646	ack	1790219708131	92	
2647	ack	1790219708131	84	
2648	ack	1790219708131	83	
2649	ack	1790219708131	68	
2650	ack	1790219708132	85	
2651	ack	1790219708132	62	
2652	ack	1790219708132	69	
2653	ack	1790219708132	97	
2654	ack	1790219708132	117	
2655	ack	1790219708132	65	
2656	ack	1790219708132	80	
2657	ack	1790219708133	89	
2658	ack	1790219708133	87	
2659	ack	1790219708133	59	
2660	ack	1790219708133	93	
2661	ack	1790219708133	91	
2662	ack	1790219708133	81	
2663	ack	1790219708133	69	
2664	ack	1790219708134	90	
2665	ack	1790219708134	72	
2666	ack	1790219708134	68	
2667	ack	1790219708134	87	
2668	ack	1790219708134	91	
2669	ack	1790219708134	130	
2670	ack	1790219708135	97	
2671	ack	1790219708135	105	
2672	ack	1790219708135	95	
2673	ack	1790219708135	94	
2674	ack	1790219708135	91	
2675	ack	1790219708136	96	
2676	ack	1790219708136	114	
2677	ack	1790219708136	96	
2678	ack	1790219708136	107	
2679	ack	1790219708136	97	
2680	ack	1790219708136	97	
2681	ack	1790219708137	59	
2682	ack	1790219708137	101	
2683	ack	1790219708137	99	
2684	ack	1790219708137	113	
2685	ack	1790219708137	87	
2686	ack	1790219708138	87	
2687	ack	1790219708138	81	
2688	ack	1790219708138	103	
2689	ack	1790219708138	118	
2690	ack	1790219708138	84	
2691	ack	1790219708138	86	
2692	ack	1790219708139	69	
2693	ack	1790219708139	98	
2694	ack	1790219708139	83	
2695	ack	1790219708139	96	
2696	ack	1790219708139	69	
2697	ack	1790219708139	100	
2698	ack	1790219708140	117	
2699	ack	1790219708140	122	
2700	ack	1790219708140	78	
2701	ack	1790219708140	78	
2702	ack	1790219708140	95	
2703	ack	1790219708141	89	
2704	ack	1790219708141	78	
2705	ack	1790219708141	63	
2706	ack	1790219708141	85	
2707	ack	1790219708141	87	
2708	ack	1790219708141	125	
2709	ack	1790219708142	78	
2710	ack	1790219708142	91	
2711	ack	1790219708142	123	
2712	ack	1790219708142	178	
2713	ack	1790219708142	126	
2714	ack	1790219708143	124	
2715	ack	1790219708143	110	
2716	ack	1790219708143	82	
2717	ack	1790219708143	99	
2718	ack	1790219708143	118	
2719	ack	1790219708144	104	
2720	ack	1790219708144	88	
2721	ack	1790219708144	119	
2722	ack	1790219708144	127	
2723	ack	1790219708144	86	
2724	ack	1790219708145	89	
2725	ack	1790219708145	262	
2726	ack	1790219708145	134	
2727	ack	1790219708145	89	
2728	ack	1790219708145	100	
2729	ack	1790219708146	102	
2730	ack	1790219708146	68	
2731	ack	1790219708146	88	
2732	ack	1790219708146	106	
2733	ack	1790219708146	88	
2734	ack	1790219708147	74	
2735	ack	1790219708150	158	
2736	ack	1790219708155	189	
2737	ack	1790219708160	246	
2738	ack	1790219708165	137	
2739	ack	1790219708170	172	
2740	ack	1790219708175	132	
2741	ack	1790219708180	189	
2742	ack	1790219708185	173	
2743	ack	1790219708190	195	
2744	ack	1790219708195	177	
2745	ack	1790219708200	205	
2746	ack	1790219708205	182	
2747	ack	1790219708210	134	
2748	ack	1790219708215	173	
2749	ack	1790219708220	199	
2750	ack	1790219708225	159	
2751	ack	1790219708230	189	
2752	ack	1790219708235	238	
2753	ack	1790219708240	246	
2754	ack	1790219708245	196	
2755	ack	1790219708250	156	
2756	ack	1790219708255	202	
2757	ack	1790219708260	102	
2758	ack	1790219708265	189	
2759	ack	1790219708270	177	
2760	ack	1790219708275	182	
2761	ack	1790219708280	173	
2762	ack	1790219708285	180	
2763	ack	1790219708290	170	
2764	ack	1790219708295	152	
2765	ack	1790219708300	205	
2766	ack	1790219708305	354	
2767	ack	1790219708310	641	
2768	ack	1790219708315	147	
2769	ack	1790219708320	117	
2770	ack	1790219708325	88	
2771	ack	1790219708330	191	
2772	ack	1790219708335	108	
2773	ack	1790219708340	83	
2774	ack	1790219708345	97	
2775	ack	1790219708350	187	
2776	ack	1790219708355	111	
2777	ack	1790219708360	82	
2778	ack	1790219708365	106	
2779	ack	1790219708370	138	
2780	ack	1790219708375	113	
2781	ack	1790219708380	114	
2782	ack	1790219708385	81	
2783	ack	1790219708390	108	
2784	ack	1790219708395	149	
2785	ack	1790219708400	81	
2786	ack	1790219708405	67	
2787	ack	1790219708410	110	
2788	ack	1790219708415	132	
2789	ack	1790219708420	84	
2790	ack	1790219708425	104	
2791	ack	1790219708430	97	
2792	ack	1790219708435	98	
2793	ack	1790219708440	95	
2794	ack	1790219708445	115	
2795	ack	1790219708450	73	
2796	ack	1790219708455	79	
2797	ack	1790219708460	112	
2798	ack	1790219708465	117	
2799	ack	1790219708470	105	
2800	ack	1790219708475	73	
2801	ack	1790219708480	101	
2802	ack	1790219708485	101	
2803	ack	1790219708490	111	
2804	ack	1790219708495	68	
2805	ack	1790219708500	103	
2806	ack	1790219708505	97	
2807	ack	1790219708510	94	
2808	ack	1790219708515	71	
2809	ack	1790219708520	94	
2810	ack	1790219708525	97	
2811	ack	1790219708530	95	
2812	ack	1790219708535	103	
2813	ack	1790219708540	69	
2814	ack	1790219708545	95	
2815	ack	1790219708550	103	
2816	ack	1790219708555	94	
2817	ack	1790219708560	66	
2818	ack	1790219708565	112	
2819	ack	1790219708570	89	
2820	ack	1790219708575	107	
2821	ack	1790219708580	72	
2822	ack	1790219708585	74	
2823	ack	1790219708590	93	
2824	ack	1790219708595	95	
2825	ack	1790219708600	95	
2826	ack	1790219708605	71	
2827	ack	1790219708610	102	
2828	ack	1790219708615	91	
2829	ack	1790219708620	85	
2830	ack	1790219708625	94	
2831	ack	1790219708630	73	
2832	ack	1790219708635	71	
2833	ack	1790219708640	85	
2834	ack	1790219708645	95	
2835	ack	1790219708650	70	
2836	ack	1790219708655	67	
2837	ack	1790219708660	76	
2838	ack	1790219708665	92	
2839	ack	1790219708670	64	
2840	ack	1790219708675	91	
2841	ack	1790219708680	85	
2842	ack	1790219708685	89	
2843	ack	1790219708690	66	
2844	ack	1790219708695	96	
2845	ack	1790219708700	80	
2846	ack	1790219708705	87	
2847	ack	1790219708710	82	
2848	ack	1790219708715	82	
2849	ack	1790219708720	82	
2850	ack	1790219708725	68	
2851	ack	1790219708730	83	
2852	ack	1790219708735	83	
2853	ack	1790219708740	97	
2854	ack	1790219708745	70	
2855	ack	1790219708750	118	
2856	ack	1790219708755	82	
2857	ack	1790219708760	101	
2858	ack	1790219708765	215	
2859	ack	1790219708770	175	
2860	ack	1790219708775	92	
2861	ack	1790219708780	186	
2862	ack	1790219708785	139	
2863	ack	1790219708790	216	
2864	ack	1790219708795	340	
2865	ack	1790219708800	103	
2866	ack	1790219708805	162	
2867	ack	1790219708810	126	
2868	ack	1790219708815	384	
2869	ack	1790219708820	125	
2870	ack	1790219708825	194	
2871	ack	1790219708830	95	
2872	ack	1790219708835	202	
2873	ack	1790219708840	200	
2874	ack	1790219708845	167	
2875	ack	1790219708850	185	
2876	ack	1790219708855	135	
2877	ack	1790219708860	130	
2878	ack	1790219708865	200	
2879	ack	1790219708870	144	
2880	ack	1790219708875	203	
2881	ack	1790219708880	192	
2882	ack	1790219708885	215	
2883	ack	1790219708890	641	
2884	ack	1790219708895	180	
2885	ack	1790219708900	327	
2886	ack	1790219708905	245	
2887	ack	1790219708911	1307	
2888	ack	1790219708915	766	
2889	ack	1790219708920	350	
2890	ack	1790219708925	197	
2891	ack	1790219708930	123	
2892	ack	1790219708935	206	
2893	ack	1790219708940	110	
2894	ack	1790219708945	162	
2895	ack	1790219708950	178	
2896	ack	1790219708955	158	
2897	ack	1790219708960	165	
2898	ack	1790219708965	157	
2899	ack	1790219708970	185	
2900	ack	1790219708975	148	
2901	ack	1790219708980	206	
2902	ack	1790219708985	115	
2903	ack	1790219708990	115	
2904	ack	1790219708995	181	
2905	ack	1790219709000	160	
2906	ack	1790219709005	139	
2907	ack	1790219709010	153	
2908	ack	1790219709015	145	
2909	ack	1790219709020	106	
2910	ack	1790219709025	75	
2911	ack	1790219709030	142	
2912	ack	1790219709035	106	
2913	ack	1790219709040	78	
2914	ack	1790219709045	112	
2915	ack	1790219709050	115	
2916	ack	1790219709055	110	
2917	ack	1790219709060	79	
2918	ack	1790219709065	108	
2919	ack	1790219709070	101	
2920	ack	1790219709075	99	
2921	ack	1790219709080	93	
2922	ack	1790219709085	112	
2923	ack	1790219709090	104	
2924	ack	1790219709095	160	
2925	ack	1790219709100	93	
2926	ack	1790219709105	103	
2927	ack	1790219709110	78	
2928	ack	1790219709115	113	
2929	ack	1790219709120	77	
2930	ack	1790219709125	97	
2931	ack	1790219709130	104	
2932	ack	1790219709135	79	
2933	ack	1790219709140	149	
2934	ack	1790219709145	130	
2935	ack	1790219709150	102	
2936	ack	1790219709155	76	
2937	ack	1790219709160	101	
2938	ack	1790219709165	97	
2939	ack	1790219709170	96	
2940	ack	1790219709175	84	
2941	ack	1790219709180	88	
2942	ack	1790219709185	98	
2943	ack	1790219709190	70	
2944	ack	1790219709195	73	
2945	ack	1790219709200	95	
2946	ack	1790219709205	93	
2947	ack	1790219709210	65	
2948	ack	1790219709215	65	
2949	ack	1790219709220	93	
2950	ack	1790219709225	93	
2951	ack	1790219709230	100	
2952	ack	1790219709235	97	
2953	ack	1790219709240	71	
2954	ack	1790219709245	93	
2955	ack	1790219709250	93	
2956	ack	1790219709255	97	
2957	ack	1790219709260	72	
2958	ack	1790219709265	64	
2959	ack	1790219709270	96	
2960	ack	1790219709275	93	
2961	ack	1790219709280	100	
2962	ack	1790219709285	70	
2963	ack	1790219709290	96	
2964	ack	1790219709295	88	
2965	ack	1790219709300	92	
2966	ack	1790219709305	75	
2967	ack	1790219709310	99	
2968	ack	1790219709315	157	
2969	ack	1790219709320	148	
2970	ack	1790219709325	107	
2971	ack	1790219709330	94	
2972	ack	1790219709335	101	
2973	ack	1790219709340	96	
2974	ack	1790219709345	95	
2975	ack	1790219709350	70	
2976	ack	1790219709355	94	
2977	ack	1790219709360	159	
2978	ack	1790219709365	202	
2979	ack	1790219709370	88	
2980	ack	1790219709375	81	
2981	ack	1790219709380	96	
2982	ack	1790219709385	106	
2983	ack	1790219709390	108	
2984	ack	1790219709395	68	
2985	ack	1790219709400	106	
2986	ack	1790219709405	93	
2987	ack	1790219709410	95	
2988	ack	1790219709415	70	
2989	ack	1790219709420	87	
2990	ack	1790219709425	107	
2991	ack	1790219709430	101	
2992	ack	1790219709435	91	
2993	ack	1790219709440	74	
2994	ack	1790219709445	92	
2995	ack	1790219709450	95	
2996	ack	1790219709455	91	
2997	ack	1790219709460	85	
2998	ack	1790219709465	103	
2999	ack	1790219709470	96	
3000	ack	1790219709475	103	
3001	ack	1790219709480	94	
3002	ack	1790219709485	65	
3003	ack	1790219709490	112	
3004	ack	1790219709495	195	
3005	ack	1790219709500	194	
3006	ack	1790219709505	118	
3007	ack	1790219709510	166	
3008	ack	1790219709515	156	
3009	ack	1790219709520	150	
3010	ack	1790219709525	132	
3011	ack	1790219709530	171	
3012	ack	1790219709535	119	
3013	ack	1790219709540	182	
3014	ack	1790219709545	99	
3015	ack	1790219709550	173	
3016	ack	1790219709555	169	
3017	ack	1790219709560	149	
3018	ack	1790219709565	224	
3019	ack	1790219709570	172	
3020	ack	1790219709575	148	
3021	ack	1790219709580	144	
3022	ack	1790219709585	191	
3023	ack	1790219709590	218	
3024	ack	1790219709595	184	
3025	ack	1790219709600	209	
3026	ack	1790219709605	217	
3027	ack	1790219709610	165	
3028	ack	1790219709615	158	
3029	ack	1790219709620	163	
3030	ack	1790219709625	145	
3031	ack	1790219709630	193	
3032	ack	1790219709635	129	
3033	ack	1790219709640	147	
3034	ack	1790219709645	116	
3035	ack	1790219709650	143	
3036	ack	1790219709655	195	
3037	ack	1790219709660	133	
3038	ack	1790219709665	276	
3039	ack	1790219709670	174	
3040	ack	1790219709675	262	
3041	ack	1790219709680	143	
3042	ack	1790219709685	145	
3043	ack	1790219709690	111	
3044	ack	1790219709695	158	
3045	ack	1790219709700	92	
3046	ack	1790219709705	111	
3047	ack	1790219709710	99	
3048	ack	1790219709715	130	
3049	ack	1790219709720	74	
3050	ack	1790219709725	95	
3051	ack	1790219709730	112	
3052	ack	1790219709735	98	
3053	ack	1790219709740	183	
3054	ack	1790219709745	152	
3055	ack	1790219709750	126	
3056	ack	1790219709755	99	
3057	ack	1790219709760	106	
3058	ack	1790219709765	141	
3059	ack	1790219709770	122	
3060	ack	1790219709775	99	
3061	ack	1790219709780	159	
3062	ack	1790219709785	111	
3063	ack	1790219709790	92	
3064	ack	1790219709795	124	
3065	ack	1790219709800	136	
3066	ack	1790219709805	113	
3067	ack	1790219709810	95	
3068	ack	1790219709815	119	
3069	ack	1790219709820	101	
3070	ack	1790219709825	72	
3071	ack	1790219709830	141	
3072	ack	1790219709835	110	
3073	ack	1790219709840	102	
3074	ack	1790219709845	113	
3075	ack	1790219709850	138	
3076	ack	1790219709855	119	
3077	ack	1790219709860	77	
3078	ack	1790219709865	121	
3079	ack	1790219709870	102	
3080	ack	1790219709875	111	
3081	ack	1790219709880	162	
3082	ack	1790219709885	134	
3083	ack	1790219709890	109	
3084	ack	1790219709895	106	
3085	ack	1790219709900	78	
3086	ack	1790219709905	70	
3087	ack	1790219709910	95	
3088	ack	1790219709915	147	
3089	ack	1790219709921	1232	
3090	ack	1790219709925	180	
3091	ack	1790219709930	143	
3092	ack	1790219709935	224	
3093	ack	1790219709940	176	
3094	ack	1790219709945	122	
3095	ack	1790219709950	110	
3096	ack	1790219709955	95	
3097	ack	1790219709960	108	
3098	ack	1790219709965	107	
3099	ack	1790219709970	77	
3100	ack	1790219709975	94	
3101	ack	1790219709980	65	
3102	ack	1790219709985	96	
3103	ack	1790219709990	96	
3104	ack	1790219709995	99	
3105	ack	1790219710000	77	
3106	ack	1790219710005	92	
3107	ack	1790219710010	303	
3108	ack	1790219710015	145	
3109	ack	1790219710020	125	
3110	ack	1790219710025	180	
3111	ack	1790219710030	106	
3112	ack	1790219710035	94	
3113	ack	1790219710040	116	
3114	ack	1790219710045	96	
3115	ack	1790219710050	70	
3116	ack	1790219710055	71	
3117	ack	1790219710060	94	
3118	ack	1790219710065	179	
3119	ack	1790219710070	87	
3120	ack	1790219710075	92	
3121	ack	1790219710080	102	
3122	ack	1790219710085	103	
3123	ack	1790219710090	81	
3124	ack	1790219710095	100	
3125	ack	1790219710100	94	
3126	ack	1790219710105	96	
3127	ack	1790219710110	66	
3128	ack	1790219710115	93	
3129	ack	1790219710120	95	
3130	ack	1790219710125	64	
3131	ack	1790219710130	92	
3132	ack	1790219710135	106	
3133	ack	1790219710140	99	
3134	ack	1790219710145	83	
3135	ack	1790219710150	101	
3136	ack	1790219710155	95	
3137	ack	1790219710160	86	
3138	ack	1790219710165	65	
3139	ack	1790219710170	96	
3140	ack	1790219710175	98	
3141	ack	1790219710180	73	
3142	ack	1790219710185	171	
3143	ack	1790219710190	198	
3144	ack	1790219710195	178	
3145	ack	1790219710200	177	
3146	ack	1790219710205	220	
3147	ack	1790219710210	148	
3148	ack	1790219710215	181	
3149	ack	1790219710220	166	
3150	ack	1790219710225	206	
3151	ack	1790219710230	90	
3152	ack	1790219710235	193	
3153	ack	1790219710240	162	
3154	ack	1790219710245	146	
3155	ack	1790219710250	241	
3156	ack	1790219710255	139	
3157	ack	1790219710260	131	
3158	ack	1790219710265	176	
3159	ack	1790219710270	153	
3160	ack	1790219710275	121	
3161	ack	1790219710280	177	
3162	ack	1790219710285	209	
3163	ack	1790219710290	141	
3164	ack	1790219710295	109	
3165	ack	1790219710300	299	
3166	ack	1790219710305	200	
3167	ack	1790219710310	216	
3168	ack	1790219710315	175	
3169	ack	1790219710320	183	
3170	ack	1790219710325	740	
3171	ack	1790219710330	159	
3172	ack	1790219710335	194	
3173	ack	1790219710340	150	
3174	ack	1790219710345	182	
3175	ack	1790219710350	172	
3176	ack	1790219710355	157	
3177	ack	1790219710360	190	
3178	ack	1790219710365	105	
3179	ack	1790219710370	190	
3180	ack	1790219710375	206	
3181	ack	1790219710380	174	
3182	ack	1790219710385	134	
3183	ack	1790219710390	151	
3184	ack	1790219710395	169	
3185	ack	1790219710400	126	
3186	ack	1790219710405	103	
3187	ack	1790219710410	125	
3188	ack	1790219710415	148	
3189	ack	1790219710420	101	
3190	ack	1790219710425	133	
3191	ack	1790219710430	366	
3192	ack	1790219710435	147	
3193	ack	1790219710440	100	
3194	ack	1790219710445	170	
3195	ack	1790219710450	111	
3196	ack	1790219710455	138	
3197	ack	1790219710460	99	
3198	ack	1790219710465	177	
3199	ack	1790219710470	115	
3200	ack	1790219710475	103	
3201	ack	1790219710480	102	
3202	ack	1790219710485	154	
3203	ack	1790219710490	96	
3204	ack	1790219710495	89	
3205	ack	1790219710500	173	
3206	ack	1790219710505	130	
3207	ack	1790219710510	99	
3208	ack	1790219710515	135	
3209	ack	1790219710520	85	
3210	ack	1790219710525	181	
3211	ack	1790219710530	138	
3212	ack	1790219710535	169	
3213	ack	1790219710540	98	
3214	ack	1790219710545	120	
3215	ack	1790219710550	142	
3216	ack	1790219710555	124	
3217	ack	1790219710560	146	
3218	ack	1790219710565	133	
3219	ack	1790219710570	232	
3220	ack	1790219710575	105	
3221	ack	1790219710580	83	
3222	ack	1790219710585	158	
3223	ack	1790219710590	123	
3224	ack	1790219710595	123	
3225	ack	1790219710600	120	
3226	ack	1790219710605	113	
3227	ack	1790219710610	114	
3228	ack	1790219710615	133	
3229	ack	1790219710620	102	
3230	ack	1790219710625	108	
3231	ack	1790219710630	84	
3232	ack	1790219710635	79	
3233	ack	1790219710640	113	
3234	ack	1790219710645	118	
3235	ack	1790219710650	89	
3236	ack	1790219710655	70	
3237	ack	1790219710660	99	
3238	ack	1790219710665	126	
3239	ack	1790219710670	78	
3240	ack	1790219710675	77	
3241	ack	1790219710680	111	
3242	ack	1790219710685	97	
3243	ack	1790219710690	105	
3244	ack	1790219710695	80	
3245	ack	1790219710700	81	
3246	ack	1790219710705	83	
3247	ack	1790219710710	100	
3248	ack	1790219710715	101	
3249	ack	1790219710720	102	
3250	ack	1790219710725	115	
3251	ack	1790219710730	109	
3252	ack	1790219710735	137	
3253	ack	1790219710740	95	
3254	ack	1790219710745	123	
3255	ack	1790219710750	163	
3256	ack	1790219710755	101	
3257	ack	1790219710760	110	
3258	ack	1790219710765	115	
3259	ack	1790219710770	98	
3260	ack	1790219710775	121	
3261	ack	1790219710780	96	
3262	ack	1790219710785	75	
3263	ack	1790219710790	107	
3264	ack	1790219710795	95	
3265	ack	1790219710800	72	
3266	ack	1790219710805	73	
3267	ack	1790219710810	95	
3268	ack	1790219710815	93	
3269	ack	1790219710820	66	
3270	ack	1790219710825	93	
3271	ack	1790219710830	68	
3272	ack	1790219710835	146	
3273	ack	1790219710840	114	
3274	ack	1790219710845	108	
3275	ack	1790219710850	78	
3276	ack	1790219710855	100	
3277	ack	1790219710860	97	
3278	ack	1790219710865	96	
3279	ack	1790219710870	71	
3280	ack	1790219710875	74	
3281	ack	1790219710880	93	
3282	ack	1790219710885	130	
3283	ack	1790219710890	181	
3284	ack	1790219710895	160	
3285	ack	1790219710900	155	
3286	ack	1790219710905	188	
3287	ack	1790219710910	150	
3288	ack	1790219710915	101	
3289	ack	1790219710920	211	
3290	ack	1790219710925	88	
3291	ack	1790219710930	225	
3292	ack	1790219710935	245	
3293	ack	1790219710940	196	
3294	ack	1790219710945	406	
3295	ack	1790219710950	175	
3296	ack	1790219710955	375	
3297	ack	1790219710960	178	
3298	ack	1790219710965	175	
3299	ack	1790219710970	165	
3300	ack	1790219710975	141	
3301	ack	1790219710980	202	
3302	ack	1790219710985	159	
3303	ack	1790219710990	194	
3304	ack	1790219710995	89	
3305	ack	1790219711000	190	
3306	ack	1790219711005	181	
3307	ack	1790219711010	164	
3308	ack	1790219711015	99	
3309	ack	1790219711020	233	
3310	ack	1790219711025	152	
3311	ack	1790219711030	235	
3312	ack	1790219711035	103	
3313	ack	1790219711040	197	
3314	ack	1790219711045	268	
3315	ack	1790219711050	247	
3316	ack	1790219711055	220	
3317	ack	1790219711060	197	
3318	ack	1790219711065	202	
3319	ack	1790219711070	210	
3320	ack	1790219711075	328	
3321	ack	1790219711080	215	
3322	ack	1790219711085	175	
3323	ack	1790219711090	150	
3324	ack	1790219711095	209	
3325	ack	1790219711100	149	
3326	ack	1790219711105	125	
3327	ack	1790219711110	139	
3328	ack	1790219711115	230	
3329	ack	1790219711120	212	
3330	ack	1790219711125	135	
3331	ack	1790219711130	141	
3332	ack	1790219711135	274	
3333	ack	1790219711140	210	
3334	ack	1790219711145	201	
3335	ack	1790219711150	158	
3336	ack	1790219711155	154	
3337	ack	1790219711160	116	
3338	ack	1790219711165	95	
3339	ack	1790219711170	124	
3340	ack	1790219711175	188	
3341	ack	1790219711180	91	
3342	ack	1790219711185	137	
3343	ack	1790219711190	162	
3344	ack	1790219711195	86	
3345	ack	1790219711200	209	
3346	ack	1790219711205	200	
3347	ack	1790219711210	159	
3348	ack	1790219711215	147	
3349	ack	1790219711220	183	
3350	ack	1790219711225	153	
3351	ack	1790219711230	195	
3352	ack	1790219711235	141	
3353	ack	1790219711240	144	
3354	ack	1790219711245	145	
3355	ack	1790219711250	202	
3356	ack	1790219711255	200	
3357	ack	1790219711260	181	
3358	ack	1790219711265	165	
3359	ack	1790219711270	178	
3360	ack	1790219711275	123	
3361	ack	1790219711280	125	
3362	ack	1790219711285	148	
3363	ack	1790219711290	135	
3364	ack	1790219711295	106	
3365	ack	1790219711300	93	
3366	ack	1790219711305	126	
3367	ack	1790219711310	96	
3368	ack	1790219711315	110	
3369	ack	1790219711320	99	
3370	ack	1790219711325	118	
3371	ack	1790219711330	75	
3372	ack	1790219711335	79	
3373	ack	1790219711340	97	
3374	ack	1790219711345	95	
3375	ack	1790219711350	95	
3376	ack	1790219711355	78	
3377	ack	1790219711360	97	
3378	ack	1790219711365	93	
3379	ack	1790219711370	96	
3380	ack	1790219711375	129	
3381	ack	1790219711380	160	
3382	ack	1790219711385	101	
3383	ack	1790219711390	76	
3384	ack	1790219711395	99	
3385	ack	1790219711400	138	
3386	ack	1790219711405	140	
3387	ack	1790219711410	126	
3388	ack	1790219711415	179	
3389	ack	1790219711420	162	
3390	ack	1790219711425	181	
3391	ack	1790219711430	130	
3392	ack	1790219711435	119	
3393	ack	1790219711440	128	
3394	ack	1790219711445	75	
3395	ack	1790219711450	111	
3396	ack	1790219711455	102	
3397	ack	1790219711460	101	
3398	ack	1790219711465	73	
3399	ack	1790219711470	110	
3400	ack	1790219711475	82	
3401	ack	1790219711480	106	
3402	ack	1790219711485	102	
3403	ack	1790219711490	94	
3404	ack	1790219711495	68	
3405	ack	1790219711500	94	
3406	ack	1790219711505	91	
3407	ack	1790219711510	78	
3408	ack	1790219711515	71	
3409	ack	1790219711520	95	
3410	ack	1790219711525	88	
3411	ack	1790219711530	83	
3412	ack	1790219711535	94	
3413	ack	1790219711540	67	
3414	ack	1790219711545	88	
3415	ack	1790219711550	96	
3416	ack	1790219711555	96	
3417	ack	1790219711560	67	
3418	ack	1790219711565	84	
3419	ack	1790219711570	89	
3420	ack	1790219711575	75	
3421	ack	1790219711580	65	
3422	ack	1790219711585	72	
3423	ack	1790219711590	84	
3424	ack	1790219711595	114	
3425	ack	1790219711600	184	
3426	ack	1790219711605	76	
3427	ack	1790219711610	200	
3428	ack	1790219711615	165	
3429	ack	1790219711620	84	
3430	ack	1790219711625	226	
3431	ack	1790219711630	165	
3432	ack	1790219711635	156	
3433	ack	1790219711640	142	
3434	ack	1790219711645	195	
3435	ack	1790219711650	165	
3436	ack	1790219711655	129	
3437	ack	1790219711660	127	
3438	ack	1790219711665	133	
3439	ack	1790219711670	195	
3440	ack	1790219711675	156	
3441	ack	1790219711680	224	
3442	ack	1790219711685	180	
3443	ack	1790219711690	148	
3444	ack	1790219711695	233	
3445	ack	1790219711700	228	
3446	ack	1790219711705	156	
3447	ack	1790219711710	153	
3448	ack	1790219711715	217	
3449	ack	1790219711720	193	
3450	ack	1790219711725	220	
3451	ack	1790219711730	155	
3452	ack	1790219711735	147	
3453	ack	1790219711740	239	
3454	ack	1790219711745	213	
3455	ack	1790219711750	180	
3456	ack	1790219711755	327	
3457	ack	1790219711760	175	
3458	ack	1790219711765	182	
3459	ack	1790219711770	174	
3460	ack	1790219711775	163	
3461	ack	1790219711780	110	
3462	ack	1790219711785	189	
3463	ack	1790219711790	122	
3464	ack	1790219711795	181	
3465	ack	1790219711800	94	
3466	ack	1790219711805	187	
3467	ack	1790219711810	262	
3468	ack	1790219711815	173	
3469	ack	1790219711820	129	
3470	ack	1790219711825	154	
3471	ack	1790219711830	138	
3472	ack	1790219711835	86	
3473	ack	1790219711840	180	
3474	ack	1790219711845	293	
3475	ack	1790219711850	112	
3476	ack	1790219711855	94	
3477	ack	1790219711860	127	
3478	ack	1790219711865	147	
3479	ack	1790219711870	90	
3480	ack	1790219711875	101	
3481	ack	1790219711880	180	
3482	ack	1790219711885	177	
3483	ack	1790219711890	90	
3484	ack	1790219711895	240	
3485	ack	1790219711900	172	
3486	ack	1790219711905	160	
3487	ack	1790219711910	139	
3488	ack	1790219711915	150	
3489	ack	1790219711920	124	
3490	ack	1790219711925	100	
3491	ack	1790219711930	159	
3492	ack	1790219711935	110	
3493	ack	1790219711940	99	
3494	ack	1790219711945	123	
3495	ack	1790219711950	115	
3496	ack	1790219711955	103	
3497	ack	1790219711960	498	
3498	ack	1790219711965	359	
3499	ack	1790219711971	1840	
3500	ack	1790219711975	263	
3501	ack	1790219711980	171	
3502	ack	1790219711985	161	
3503	ack	1790219711990	115	
3504	ack	1790219711995	90	
3505	ack	1790219712000	110	
3506	ack	1790219712005	95	
3507	ack	1790219712010	66	
3508	ack	1790219712015	70	
3509	ack	1790219712020	95	
3510	ack	1790219712025	68	
3511	ack	1790219712030	77	
3512	ack	1790219712035	91	
3513	ack	1790219712040	128	
3514	ack	1790219712045	111	
3515	ack	1790219712050	120	
3516	ack	1790219712055	170	
3517	ack	1790219712060	144	
3518	ack	1790219712065	105	
3519	ack	1790219712070	117	
3520	ack	1790219712075	97	
3521	ack	1790219712080	68	
3522	ack	1790219712085	93	
3523	ack	1790219712090	108	
3524	ack	1790219712095	161	
3525	ack	1790219712100	176	
3526	ack	1790219712105	180	
3527	ack	1790219712110	158	
3528	ack	1790219712115	214	
3529	ack	1790219712120	185	
3530	ack	1790219712125	186	
3531	ack	1790219712130	226	
3532	ack	1790219712135	199	
3533	ack	1790219712140	202	
3534	ack	1790219712145	163	
3535	ack	1790219712150	150	
3536	ack	1790219712155	152	
3537	ack	1790219712160	120	
3538	ack	1790219712165	104	
3539	ack	1790219712170	123	
3540	ack	1790219712175	88	
3541	ack	1790219712180	99	
3542	ack	1790219712185	227	
3543	ack	1790219712190	96	
3544	ack	1790219712195	72	
3545	ack	1790219712200	98	
3546	ack	1790219712205	92	
3547	ack	1790219712210	94	
3548	ack	1790219712215	69	
3549	ack	1790219712220	81	
3550	ack	1790219712225	94	
3551	ack	1790219712230	93	
3552	ack	1790219712235	95	
3553	ack	1790219712240	69	
3554	ack	1790219712245	70	
3555	ack	1790219712250	96	
3556	ack	1790219712255	94	
3557	ack	1790219712260	72	
3558	ack	1790219712265	66	
3559	ack	1790219712270	95	
3560	ack	1790219712275	96	
3561	ack	1790219712280	93	
3562	ack	1790219712285	69	
3563	ack	1790219712290	94	
3564	ack	1790219712295	105	
3565	ack	1790219712300	187	
3566	ack	1790219712305	138	
3567	ack	1790219712310	147	
3568	ack	1790219712315	194	
3569	ack	1790219712320	202	
3570	ack	1790219712325	179	
3571	ack	1790219712330	195	
3572	ack	1790219712335	195	
3573	ack	1790219712340	160	
3574	ack	1790219712345	164	
3575	ack	1790219712350	179	
3576	ack	1790219712355	182	
3577	ack	1790219712360	145	
3578	ack	1790219712365	188	
3579	ack	1790219712370	133	
3580	ack	1790219712375	182	
3581	ack	1790219712380	183	
3582	ack	1790219712385	137	
3583	ack	1790219712390	163	
3584	ack	1790219712395	215	
3585	ack	1790219712400	226	
3586	ack	1790219712405	160	
3587	ack	1790219712410	207	
3588	ack	1790219712415	230	
3589	ack	1790219712420	182	
3590	ack	1790219712425	174	
3591	ack	1790219712430	164	
3592	ack	1790219712435	172	
3593	ack	1790219712440	115	
3594	ack	1790219712445	211	
3595	ack	1790219712450	295	
3596	ack	1790219712455	177	
3597	ack	1790219712460	131	
3598	ack	1790219712465	188	
3599	ack	1790219712470	166	
3600	ack	1790219712475	171	
3601	ack	1790219712480	146	
3602	ack	1790219712485	111	
3603	ack	1790219712490	106	
3604	ack	1790219712495	126	
3605	ack	1790219712500	78	
3606	ack	1790219712505	98	
3607	ack	1790219712510	95	
3608	ack	1790219712515	115	
3609	ack	1790219712520	64	
3610	ack	1790219712525	87	
3611	ack	1790219712530	112	
3612	ack	1790219712535	64	
3613	ack	1790219712540	96	
3614	ack	1790219712545	143	
3615	ack	1790219712550	117	
3616	ack	1790219712555	78	
3617	ack	1790219712560	103	
3618	ack	1790219712565	123	
3619	ack	1790219712570	140	
3620	ack	1790219712575	84	
3621	ack	1790219712580	115	
3622	ack	1790219712585	98	
3623	ack	1790219712590	91	
3624	ack	1790219712595	88	
3625	ack	1790219712600	159	
3626	ack	1790219712605	119	
3627	ack	1790219712610	84	
3628	ack	1790219712615	101	
3629	ack	1790219712620	99	
3630	ack	1790219712625	75	
3631	ack	1790219712630	99	
3632	ack	1790219712635	96	
3633	ack	1790219712640	100	
3634	ack	1790219712645	70	
3635	ack	1790219712650	99	
3636	ack	1790219712655	102	
3637	ack	1790219712660	95	
3638	ack	1790219712665	79	
3639	ack	1790219712670	93	
3640	ack	1790219712675	93	
3641	ack	1790219712680	93	
3642	ack	1790219712685	65	
3643	ack	1790219712690	195	
3644	ack	1790219712695	93	
3645	ack	1790219712700	95	
3646	ack	1790219712705	66	
3647	ack	1790219712710	92	
3648	ack	1790219712715	92	
3649	ack	1790219712720	94	
3650	ack	1790219712725	93	
3651	ack	1790219712730	69	
3652	ack	1790219712735	96	
3653	ack	1790219712740	141	
3654	ack	1790219712745	171	
3655	ack	1790219712750	124	
3656	ack	1790219712755	242	
3657	ack	1790219712760	94	
3658	ack	1790219712765	98	
3659	ack	1790219712770	71	
3660	ack	1790219712775	64	
3661	ack	1790219712780	93	
3662	ack	1790219712785	95	
3663	ack	1790219712790	94	
3664	ack	1790219712795	66	
3665	ack	1790219712800	89	
3666	ack	1790219712805	95	
3667	ack	1790219712810	96	
3668	ack	1790219712815	69	
3669	ack	1790219712820	93	
3670	ack	1790219712825	69	
3671	ack	1790219712830	84	
3672	ack	1790219712835	94	
3673	ack	1790219712840	67	
3674	ack	1790219712845	67	
3675	ack	1790219712850	92	
3676	ack	1790219712855	96	
3677	ack	1790219712860	68	
3678	ack	1790219712865	65	
3679	ack	1790219712870	93	
3680	ack	1790219712875	95	
3681	ack	1790219712880	64	
3682	ack	1790219712885	66	
3683	ack	1790219712890	93	
3684	ack	1790219712895	98	
3685	ack	1790219712900	72	
3686	ack	1790219712905	75	
3687	ack	1790219712910	97	
3688	ack	1790219712915	94	
3689	ack	1790219712920	71	
3690	ack	1790219712925	91	
3691	ack	1790219712930	65	
3692	ack	1790219712935	95	
3693	ack	1790219712940	94	
3694	ack	1790219712945	97	
3695	ack	1790219712950	68	
3696	ack	1790219712955	90	
3697	ack	1790219712960	72	
3698	ack	1790219712965	73	
3699	ack	1790219712970	69	
3700	ack	1790219712975	97	
3701	ack	1790219712980	196	
3702	ack	1790219712985	231	
3703	ack	1790219712990	271	
3704	ack	1790219712995	144	
3705	ack	1790219713000	152	
3706	ack	1790219713005	203	
3707	ack	1790219713010	166	
3708	ack	1790219713015	187	
3709	ack	1790219713020	111	
3710	ack	1790219713025	218	
3711	ack	1790219713030	169	
3712	ack	1790219713035	124	
3713	ack	1790219713040	149	
3714	ack	1790219713045	222	
3715	ack	1790219713050	87	
3716	ack	1790219713055	189	
3717	ack	1790219713060	201	
3718	ack	1790219713065	195	
3719	ack	1790219713070	176	
3720	ack	1790219713075	94	
3721	ack	1790219713080	158	
3722	ack	1790219713085	134	
3723	ack	1790219713090	225	
3724	ack	1790219713095	136	
3725	ack	1790219713100	189	
3726	ack	1790219713105	191	
3727	ack	1790219713110	154	
3728	ack	1790219713115	172	
3729	ack	1790219713120	173	
3730	ack	1790219713125	146	
3731	ack	1790219713130	156	
3732	ack	1790219713135	193	
3733	ack	1790219713140	141	
3734	ack	1790219713145	590	
3735	ack	1790219713150	183	
3736	ack	1790219713155	161	
3737	ack	1790219713160	326	
3738	ack	1790219713165	198	
3739	ack	1790219713170	197	
3740	ack	1790219713175	182	
3741	ack	1790219713180	134	
3742	ack	1790219713185	106	
3743	ack	1790219713190	124	
3744	ack	1790219713195	310	
3745	ack	1790219713200	151	
3746	ack	1790219713205	177	
3747	ack	1790219713210	190	
3748	ack	1790219713215	216	
3749	ack	1790219713220	121	
3750	ack	1790219713225	135	
3751	ack	1790219713230	124	
3752	ack	1790219713235	72	
3753	ack	1790219713240	130	
3754	ack	1790219713245	133	
3755	ack	1790219713250	75	
3756	ack	1790219713255	67	
3757	ack	1790219713260	104	
3758	ack	1790219713265	151	
3759	ack	1790219713270	90	
3760	ack	1790219713275	116	
3761	ack	1790219713280	128	
3762	ack	1790219713285	118	
3763	ack	1790219713290	81	
3764	ack	1790219713295	122	
3765	ack	1790219713300	115	
3766	ack	1790219713305	101	
3767	ack	1790219713310	73	
3768	ack	1790219713315	118	
3769	ack	1790219713320	96	
3770	ack	1790219713325	81	
3771	ack	1790219713330	137	
3772	ack	1790219713335	120	
3773	ack	1790219713340	95	
3774	ack	1790219713345	115	
3775	ack	1790219713350	116	
3776	ack	1790219713355	97	
3777	ack	1790219713360	94	
3778	ack	1790219713365	93	
3779	ack	1790219713370	97	
3780	ack	1790219713375	95	
3781	ack	1790219713380	74	
3782	ack	1790219713385	96	
3783	ack	1790219713390	94	
3784	ack	1790219713395	90	
3785	ack	1790219713400	69	
3786	ack	1790219713405	95	
3787	ack	1790219713410	96	
3788	ack	1790219713415	95	
3789	ack	1790219713420	66	
3790	ack	1790219713425	89	
3791	ack	1790219713430	93	
3792	ack	1790219713435	67	
3793	ack	1790219713440	93	
3794	ack	1790219713445	92	
3795	ack	1790219713450	94	
3796	ack	1790219713455	71	
3797	ack	1790219713460	94	
3798	ack	1790219713465	94	
3799	ack	1790219713470	102	
3800	ack	1790219713475	69	
3801	ack	1790219713480	93	
3802	ack	1790219713485	99	
3803	ack	1790219713490	67	
3804	ack	1790219713495	61	
3805	ack	1790219713500	96	
3806	ack	1790219713505	94	
3807	ack	1790219713510	65	
3808	ack	1790219713515	95	
3809	ack	1790219713520	92	
3810	ack	1790219713525	67	
3811	ack	1790219713530	98	
3812	ack	1790219713535	92	
3813	ack	1790219713540	68	
3814	ack	1790219713545	67	
3815	ack	1790219713550	94	
3816	ack	1790219713555	115	
3817	ack	1790219713560	81	
3818	ack	1790219713565	72	
3819	ack	1790219713570	91	
3820	ack	1790219713575	97	
3821	ack	1790219713580	73	
3822	ack	1790219713585	97	
3823	ack	1790219713590	92	
3824	ack	1790219713595	93	
3825	ack	1790219713600	133	
3826	ack	1790219713605	106	
3827	ack	1790219713610	97	
3828	ack	1790219713615	99	
3829	ack	1790219713620	78	
3830	ack	1790219713625	95	
3831	ack	1790219713630	92	
3832	ack	1790219713635	68	
3833	ack	1790219713640	90	
3834	ack	1790219713645	94	
3835	ack	1790219713650	89	
3836	ack	1790219713655	70	
3837	ack	1790219713660	95	
3838	ack	1790219713665	149	
3839	ack	1790219713670	92	
3840	ack	1790219713675	73	
3841	ack	1790219713680	125	
3842	ack	1790219713685	157	
3843	ack	1790219713690	90	
3844	ack	1790219713695	154	
3845	ack	1790219713700	187	
3846	ack	1790219713705	142	
3847	ack	1790219713710	156	
3848	ack	1790219713715	143	
3849	ack	1790219713720	202	
3850	ack	1790219713725	128	
3851	ack	1790219713730	159	
3852	ack	1790219713735	219	
3853	ack	1790219713740	164	
3854	ack	1790219713745	180	
3855	ack	1790219713750	214	
3856	ack	1790219713755	168	
3857	ack	1790219713760	158	
3858	ack	1790219713765	188	
3859	ack	1790219713770	103	
3860	ack	1790219713775	162	
3861	ack	1790219713780	173	
3862	ack	1790219713785	219	
3863	ack	1790219713790	185	
3864	ack	1790219713795	200	
3865	ack	1790219713800	217	
3866	ack	1790219713805	165	
3867	ack	1790219713810	201	
3868	ack	1790219713815	161	
3869	ack	1790219713820	212	
3870	ack	1790219713825	134	
3871	ack	1790219713830	230	
3872	ack	1790219713835	150	
3873	ack	1790219713840	252	
3874	ack	1790219713845	96	
3875	ack	1790219713850	166	
3876	ack	1790219713855	199	
3877	ack	1790219713860	175	
3878	ack	1790219713865	149	
3879	ack	1790219713870	150	
3880	ack	1790219713875	121	
3881	ack	1790219713880	179	
3882	ack	1790219713885	117	
3883	ack	1790219713890	134	
3884	ack	1790219713895	99	
3885	ack	1790219713900	141	
3886	ack	1790219713905	230	
3887	ack	1790219713910	105	
3888	ack	1790219713915	130	
3889	ack	1790219713920	123	
3890	ack	1790219713925	108	
3891	ack	1790219713930	142	
3892	ack	1790219713935	96	
3893	ack	1790219713940	79	
3894	ack	1790219713945	118	
3895	ack	1790219713950	142	
3896	ack	1790219713955	98	
3897	ack	1790219713960	81	
3898	ack	1790219713965	136	
3899	ack	1790219713970	95	
3900	ack	1790219713975	88	
3901	ack	1790219713980	149	
3902	ack	1790219713985	96	
3903	ack	1790219713990	92	
3904	ack	1790219713995	101	
3905	ack	1790219714000	112	
3906	ack	1790219714005	139	
3907	ack	1790219714011	746	
3908	ack	1790219714015	449	
3909	ack	1790219714020	182	
3910	ack	1790219714025	305	
3911	ack	1790219714030	162	
3912	ack	1790219714035	139	
3913	ack	1790219714040	112	
3914	ack	1790219714045	125	
3915	ack	1790219714050	137	
3916	ack	1790219714055	115	
3917	ack	1790219714060	86	
3918	ack	1790219714065	149	
3919	ack	1790219714070	109	
3920	ack	1790219714075	125	
3921	ack	1790219714080	112	
3922	ack	1790219714085	139	
3923	ack	1790219714090	121	
3924	ack	1790219714095	101	
3925	ack	1790219714100	82	
3926	ack	1790219714105	66	
3927	ack	1790219714110	95	
3928	ack	1790219714115	94	
3929	ack	1790219714120	95	
3930	ack	1790219714125	94	
3931	ack	1790219714130	115	
3932	ack	1790219714135	79	
3933	ack	1790219714140	103	
3934	ack	1790219714145	103	
3935	ack	1790219714150	65	
3936	ack	1790219714155	68	
3937	ack	1790219714160	94	
3938	ack	1790219714165	95	
3939	ack	1790219714170	66	
3940	ack	1790219714175	94	
3941	ack	1790219714180	94	
3942	ack	1790219714185	92	
3943	ack	1790219714190	63	
3944	ack	1790219714195	92	
3945	ack	1790219714200	74	
3946	ack	1790219714205	95	
3947	ack	1790219714210	72	
3948	ack	1790219714215	97	
3949	ack	1790219714220	93	
3950	ack	1790219714225	65	
3951	ack	1790219714230	90	
3952	ack	1790219714235	93	
3953	ack	1790219714240	90	
3954	ack	1790219714245	68	
3955	ack	1790219714250	92	
3956	ack	1790219714255	94	
3957	ack	1790219714260	93	
3958	ack	1790219714265	66	
3959	ack	1790219714270	150	
3960	ack	1790219714275	94	
3961	ack	1790219714280	71	
3962	ack	1790219714285	66	
3963	ack	1790219714290	94	
3964	ack	1790219714295	90	
3965	ack	1790219714300	68	
3966	ack	1790219714305	65	
3967	ack	1790219714310	94	
3968	ack	1790219714315	95	
3969	ack	1790219714320	83	
3970	ack	1790219714325	92	
3971	ack	1790219714330	94	
3972	ack	1790219714335	70	
3973	ack	1790219714340	93	
3974	ack	1790219714345	90	
3975	ack	1790219714350	95	
3976	ack	1790219714355	66	
3977	ack	1790219714360	94	
3978	ack	1790219714365	97	
3979	ack	1790219714370	94	
3980	ack	1790219714375	92	
3981	ack	1790219714380	288	
3982	ack	1790219714385	194	
3983	ack	1790219714390	100	
3984	ack	1790219714395	112	
3985	ack	1790219714400	136	
3986	ack	1790219714405	211	
3987	ack	1790219714410	130	
3988	ack	1790219714415	123	
3989	ack	1790219714420	118	
3990	ack	1790219714425	85	
3991	ack	1790219714430	149	
3992	ack	1790219714435	217	
3993	ack	1790219714440	114	
3994	ack	1790219714445	146	
3995	ack	1790219714450	270	
3996	ack	1790219714455	121	
3997	ack	1790219714460	143	
3998	ack	1790219714465	125	
3999	ack	1790219714470	191	
4000	ack	1790219714475	189	
4001	ack	1790219714480	194	
4002	ack	1790219714485	219	
4003	ack	1790219714490	157	
4004	ack	1790219714495	155	
4005	ack	1790219714500	194	
4006	ack	1790219714505	151	
4007	ack	1790219714510	148	
4008	ack	1790219714515	221	
4009	ack	1790219714520	188	
4010	ack	1790219714525	152	
4011	ack	1790219714530	171	
4012	ack	1790219714535	213	
4013	ack	1790219714540	197	
4014	ack	1790219714545	176	
4015	ack	1790219714550	210	
4016	ack	1790219714555	207	
4017	ack	1790219714560	167	
4018	ack	1790219714565	182	
4019	ack	1790219714570	153	
4020	ack	1790219714575	106	
4021	ack	1790219714580	106	
4022	ack	1790219714585	119	
4023	ack	1790219714590	120	
4024	ack	1790219714595	131	
4025	ack	1790219714600	131	
4026	ack	1790219714605	116	
4027	ack	1790219714610	99	
4028	ack	1790219714615	135	
4029	ack	1790219714620	96	
4030	ack	1790219714625	152	
4031	ack	1790219714630	134	
4032	ack	1790219714635	84	
4033	ack	1790219714640	119	
4034	ack	1790219714645	110	
4035	ack	1790219714650	108	
4036	ack	1790219714655	102	
4037	ack	1790219714660	104	
4038	ack	1790219714665	169	
4039	ack	1790219714670	88	
4040	ack	1790219714675	82	
4041	ack	1790219714680	117	
4042	ack	1790219714685	99	
4043	ack	1790219714690	94	
4044	ack	1790219714695	98	
4045	ack	1790219714700	127	
4046	ack	1790219714705	100	
4047	ack	1790219714710	94	
4048	ack	1790219714715	93	
4049	ack	1790219714720	105	
4050	ack	1790219714725	95	
4051	ack	1790219714730	127	
4052	ack	1790219714735	155	
4053	ack	1790219714740	101	
4054	ack	1790219714745	112	
4055	ack	1790219714750	148	
4056	ack	1790219714755	107	
4057	ack	1790219714760	84	
4058	ack	1790219714765	150	
4059	ack	1790219714770	95	
4060	ack	1790219714775	171	
4061	ack	1790219714780	75	
4062	ack	1790219714785	62	
4063	ack	1790219714790	105	
4064	ack	1790219714795	96	
4065	ack	1790219714800	66	
4066	ack	1790219714805	65	
4067	ack	1790219714810	95	
4068	ack	1790219714815	94	
4069	ack	1790219714820	70	
4070	ack	1790219714825	92	
4071	ack	1790219714830	65	
4072	ack	1790219714835	89	
4073	ack	1790219714840	143	
4074	ack	1790219714845	105	
4075	ack	1790219714850	71	
4076	ack	1790219714855	86	
4077	ack	1790219714860	89	
4078	ack	1790219714865	95	
4079	ack	1790219714870	67	
4080	ack	1790219714875	65	
4081	ack	1790219714880	103	
4082	ack	1790219714885	83	
4083	ack	1790219714890	90	
4084	ack	1790219714895	70	
4085	ack	1790219714900	97	
4086	ack	1790219714905	96	
4087	ack	1790219714910	93	
4088	ack	1790219714915	74	
4089	ack	1790219714920	160	
4090	ack	1790219714925	67	
4091	ack	1790219714930	93	
4092	ack	1790219714935	95	
4093	ack	1790219714940	62	
4094	ack	1790219714945	69	
4095	ack	1790219714950	95	
4096	ack	1790219714955	96	
4097	ack	1790219714960	65	
4098	ack	1790219714965	69	
4099	ack	1790219714970	90	
4100	ack	1790219714975	63	
4101	ack	1790219714980	96	
4102	ack	1790219714985	96	
4103	ack	1790219714990	94	
4104	ack	1790219714995	68	
4105	ack	1790219715000	93	
4106	ack	1790219715005	89	
4107	ack	1790219715010	64	
4108	ack	1790219715015	108	
4109	ack	1790219715020	146	
4110	ack	1790219715025	179	
4111	ack	1790219715030	197	
4112	ack	1790219715035	109	
4113	ack	1790219715040	200	
4114	ack	1790219715045	78	
4115	ack	1790219715050	134	
4116	ack	1790219715055	112	
4117	ack	1790219715060	78	
4118	ack	1790219715065	64	
4119	ack	1790219715070	91	
4120	ack	1790219715075	113	
4121	ack	1790219715080	182	
4122	ack	1790219715085	133	
4123	ack	1790219715090	277	
4124	ack	1790219715095	180	
4125	ack	1790219715100	210	
4126	ack	1790219715105	212	
4127	ack	1790219715110	222	
4128	ack	1790219715115	190	
4129	ack	1790219715120	148	
4130	ack	1790219715125	190	
4131	ack	1790219715130	122	
4132	ack	1790219715135	109	
4133	ack	1790219715140	223	
4134	ack	1790219715145	170	
4135	ack	1790219715150	138	
4136	ack	1790219715155	176	
4137	ack	1790219715160	150	
4138	ack	1790219715165	164	
4139	ack	1790219715170	143	
4140	ack	1790219715175	151	
4141	ack	1790219715180	284	
4142	ack	1790219715185	192	
4143	ack	1790219715190	209	
4144	ack	1790219715195	152	
4145	ack	1790219715200	162	
4146	ack	1790219715205	207	
4147	ack	1790219715210	158	
4148	ack	1790219715215	156	
4149	ack	1790219715220	200	
4150	ack	1790219715225	105	
4151	ack	1790219715230	504	
4152	ack	1790219715235	298	
4153	ack	1790219715240	161	
4154	ack	1790219715245	163	
4155	ack	1790219715250	159	
4156	ack	1790219715255	246	
4157	ack	1790219715260	162	
4158	ack	1790219715265	168	
4159	ack	1790219715270	140	
4160	ack	1790219715275	106	
4161	ack	1790219715280	124	
4162	ack	1790219715285	110	
4163	ack	1790219715290	117	
4164	ack	1790219715295	133	
4165	ack	1790219715300	103	
4166	ack	1790219715305	103	
4167	ack	1790219715310	74	
4168	ack	1790219715315	159	
4169	ack	1790219715320	91	
4170	ack	1790219715325	100	
4171	ack	1790219715330	144	
4172	ack	1790219715335	82	
4173	ack	1790219715340	105	
4174	ack	1790219715345	185	
4175	ack	1790219715350	119	
4176	ack	1790219715355	81	
4177	ack	1790219715360	110	
4178	ack	1790219715365	119	
4179	ack	1790219715370	102	
4180	ack	1790219715375	152	
4181	ack	1790219715380	146	
4182	ack	1790219715385	134	
4183	ack	1790219715390	111	
4184	ack	1790219715395	132	
4185	ack	1790219715400	119	
4186	ack	1790219715405	111	
4187	ack	1790219715410	74	
4188	ack	1790219715415	129	
4189	ack	1790219715420	99	
4190	ack	1790219715425	75	
4191	ack	1790219715430	119	
4192	ack	1790219715435	94	
4193	ack	1790219715440	96	
4194	ack	1790219715445	114	
4195	ack	1790219715450	138	
4196	ack	1790219715455	106	
4197	ack	1790219715460	93	
4198	ack	1790219715465	83	
4199	ack	1790219715470	93	
4200	ack	1790219715475	90	
4201	ack	1790219715480	96	
4202	ack	1790219715485	78	
4203	ack	1790219715490	98	
4204	ack	1790219715495	91	
4205	ack	1790219715500	96	
4206	ack	1790219715505	70	
4207	ack	1790219715510	93	
4208	ack	1790219715515	94	
4209	ack	1790219715520	96	
4210	ack	1790219715525	92	
4211	ack	1790219715530	69	
4212	ack	1790219715535	93	
4213	ack	1790219715540	96	
4214	ack	1790219715545	94	
4215	ack	1790219715550	68	
4216	ack	1790219715555	95	
4217	ack	1790219715560	91	
4218	ack	1790219715565	97	
4219	ack	1790219715570	72	
4220	ack	1790219715575	67	
4221	ack	1790219715580	93	
4222	ack	1790219715585	95	
4223	ack	1790219715590	66	
4224	ack	1790219715595	66	
4225	ack	1790219715600	143	
4226	ack	1790219715605	133	
4227	ack	1790219715610	94	
4228	ack	1790219715615	83	
4229	ack	1790219715620	108	
4230	ack	1790219715625	67	
4231	ack	1790219715630	94	
4232	ack	1790219715635	94	
4233	ack	1790219715640	66	
4234	ack	1790219715645	74	
4235	ack	1790219715650	93	
4236	ack	1790219715655	93	
4237	ack	1790219715660	69	
4238	ack	1790219715665	67	
4239	ack	1790219715670	93	
4240	ack	1790219715675	94	
4241	ack	1790219715680	64	
4242	ack	1790219715685	91	
4243	ack	1790219715690	153	
4244	ack	1790219715695	95	
4245	ack	1790219715700	67	
4246	ack	1790219715705	96	
4247	ack	1790219715710	97	
4248	ack	1790219715715	93	
4249	ack	1790219715720	72	
4250	ack	1790219715725	94	
4251	ack	1790219715730	96	
4252	ack	1790219715735	67	
4253	ack	1790219715740	95	
4254	ack	1790219715745	88	
4255	ack	1790219715750	96	
4256	ack	1790219715755	66	
4257	ack	1790219715760	86	
4258	ack	1790219715765	163	
4259	ack	1790219715770	156	
4260	ack	1790219715775	152	
4261	ack	1790219715780	151	
4262	ack	1790219715785	129	
4263	ack	1790219715790	142	
4264	ack	1790219715795	178	
4265	ack	1790219715800	141	
4266	ack	1790219715805	227	
4267	ack	1790219715810	175	
4268	ack	1790219715815	167	
4269	ack	1790219715820	210	
4270	ack	1790219715825	239	
4271	ack	1790219715830	177	
4272	ack	1790219715835	144	
4273	ack	1790219715840	166	
4274	ack	1790219715845	155	
4275	ack	1790219715850	346	
4276	ack	1790219715855	148	
4277	ack	1790219715860	168	
4278	ack	1790219715865	197	
4279	ack	1790219715870	200	
4280	ack	1790219715875	173	
4281	ack	1790219715880	117	
4282	ack	1790219715885	194	
4283	ack	1790219715890	211	
4284	ack	1790219715895	183	
4285	ack	1790219715900	173	
4286	ack	1790219715905	170	
4287	ack	1790219715910	123	
4288	ack	1790219715915	212	
4289	ack	1790219715920	178	
4290	ack	1790219715925	129	
4291	ack	1790219715930	211	
4292	ack	1790219715935	137	
4293	ack	1790219715940	212	
4294	ack	1790219715945	144	
4295	ack	1790219715950	137	
4296	ack	1790219715955	172	
4297	ack	1790219715960	189	
4298	ack	1790219715965	166	
4299	ack	1790219715970	119	
4300	ack	1790219715975	103	
4301	ack	1790219715980	158	
4302	ack	1790219715985	136	
4303	ack	1790219715990	84	
4304	ack	1790219715995	178	
4305	ack	1790219716000	105	
4306	ack	1790219716005	99	
4307	ack	1790219716010	95	
4308	ack	1790219716015	148	
4309	ack	1790219716020	80	
4310	ack	1790219716025	109	
4311	ack	1790219716030	121	
4312	ack	1790219716035	230	
4313	ack	1790219716040	159	
4314	ack	1790219716045	324	
4315	ack	1790219716050	213	
4316	ack	1790219716055	145	
4317	ack	1790219716060	300	
4318	ack	1790219716065	178	
4319	ack	1790219716070	104	
4320	ack	1790219716075	128	
4321	ack	1790219716080	148	
4322	ack	1790219716085	129	
4323	ack	1790219716090	92	
4324	ack	1790219716095	229	
4325	ack	1790219716100	149	
4326	ack	1790219716105	160	
4327	ack	1790219716110	126	
4328	ack	1790219716115	251	
4329	ack	1790219716120	170	
4330	ack	1790219716125	126	
4331	ack	1790219716130	185	
4332	ack	1790219716135	123	
4333	ack	1790219716140	94	
4334	ack	1790219716145	123	
4335	ack	1790219716150	111	
4336	ack	1790219716155	101	
4337	ack	1790219716160	96	
4338	ack	1790219716165	138	
4339	ack	1790219716170	109	
4340	ack	1790219716175	94	
4341	ack	1790219716180	79	
4342	ack	1790219716185	68	
4343	ack	1790219716190	102	
4344	ack	1790219716195	98	
4345	ack	1790219716200	73	
4346	ack	1790219716205	65	
4347	ack	1790219716210	106	
4348	ack	1790219716215	84	
4349	ack	1790219716220	69	
4350	ack	1790219716225	93	
4351	ack	1790219716230	70	
4352	ack	1790219716235	97	
4353	ack	1790219716240	94	
4354	ack	1790219716245	93	
4355	ack	1790219716250	68	
4356	ack	1790219716255	96	
4357	ack	1790219716260	94	
4358	ack	1790219716265	101	
4359	ack	1790219716270	71	
4360	ack	1790219716275	62	
4361	ack	1790219716280	103	
4362	ack	1790219716285	92	
4363	ack	1790219716290	95	
4364	ack	1790219716295	66	
4365	ack	1790219716300	94	
4366	ack	1790219716305	90	
4367	ack	1790219716310	92	
4368	ack	1790219716315	69	
4369	ack	1790219716320	94	
4370	ack	1790219716325	97	
4371	ack	1790219716330	97	
4372	ack	1790219716335	96	
4373	ack	1790219716340	63	
4374	ack	1790219716345	93	
4375	ack	1790219716350	93	
4376	ack	1790219716355	95	
4377	ack	1790219716360	65	
4378	ack	1790219716365	91	
4379	ack	1790219716370	92	
4380	ack	1790219716375	91	
4381	ack	1790219716380	96	
4382	ack	1790219716385	67	
4383	ack	1790219716390	94	
4384	ack	1790219716395	92	
4385	ack	1790219716400	93	
4386	ack	1790219716405	75	
4387	ack	1790219716410	95	
4388	ack	1790219716415	91	
4389	ack	1790219716420	94	
4390	ack	1790219716425	94	
4391	ack	1790219716430	71	
4392	ack	1790219716435	90	
4393	ack	1790219716440	93	
4394	ack	1790219716445	94	
4395	ack	1790219716450	65	
4396	ack	1790219716455	94	
4397	ack	1790219716460	96	
4398	ack	1790219716465	92	
4399	ack	1790219716470	120	
4400	ack	1790219716475	182	
4401	ack	1790219716480	144	
4402	ack	1790219716485	136	
4403	ack	1790219716490	184	
4404	ack	1790219716495	198	
4405	ack	1790219716500	183	
4406	ack	1790219716505	177	
4407	ack	1790219716510	161	
4408	ack	1790219716515	173	
4409	ack	1790219716520	170	
4410	ack	1790219716525	171	
4411	ack	1790219716530	151	
4412	ack	1790219716535	160	
4413	ack	1790219716540	73	
4414	ack	1790219716545	274	
4415	ack	1790219716550	166	
4416	ack	1790219716555	134	
4417	ack	1790219716560	143	
4418	ack	1790219716565	188	
4419	ack	1790219716570	221	
4420	ack	1790219716575	159	
4421	ack	1790219716580	138	
4422	ack	1790219716585	208	
4423	ack	1790219716590	196	
4424	ack	1790219716595	148	
4425	ack	1790219716600	342	
4426	ack	1790219716605	182	
4427	ack	1790219716610	133	
4428	ack	1790219716615	146	
4429	ack	1790219716620	174	
4430	ack	1790219716625	176	
4431	ack	1790219716630	199	
4432	ack	1790219716635	162	
4433	ack	1790219716640	139	
4434	ack	1790219716645	195	
4435	ack	1790219716650	181	
4436	ack	1790219716655	216	
4437	ack	1790219716660	147	
4438	ack	1790219716665	136	
4439	ack	1790219716670	114	
4440	ack	1790219716675	106	
4441	ack	1790219716680	143	
4442	ack	1790219716685	86	
4443	ack	1790219716690	101	
4444	ack	1790219716695	133	
4445	ack	1790219716700	124	
4446	ack	1790219716705	88	
4447	ack	1790219716710	110	
4448	ack	1790219716715	101	
4449	ack	1790219716720	95	
4450	ack	1790219716725	100	
4451	ack	1790219716730	120	
4452	ack	1790219716735	169	
4453	ack	1790219716740	177	
4454	ack	1790219716745	103	
4455	ack	1790219716750	117	
4456	ack	1790219716755	119	
4457	ack	1790219716760	96	
4458	ack	1790219716765	135	
4459	ack	1790219716770	74	
4460	ack	1790219716775	62	
4461	ack	1790219716780	124	
4462	ack	1790219716785	105	
4463	ack	1790219716790	96	
4464	ack	1790219716795	149	
4465	ack	1790219716800	132	
4466	ack	1790219716805	108	
4467	ack	1790219716810	94	
4468	ack	1790219716815	121	
4469	ack	1790219716820	99	
4470	ack	1790219716825	69	
4471	ack	1790219716830	152	
4472	ack	1790219716835	97	
4473	ack	1790219716840	71	
4474	ack	1790219716845	118	
4475	ack	1790219716850	128	
4476	ack	1790219716855	112	
4477	ack	1790219716860	97	
4478	ack	1790219716865	75	
4479	ack	1790219716870	104	
4480	ack	1790219716875	93	
4481	ack	1790219716880	82	
4482	ack	1790219716885	83	
4483	ack	1790219716890	105	
4484	ack	1790219716895	97	
4485	ack	1790219716900	71	
4486	ack	1790219716905	68	
4487	ack	1790219716910	93	
4488	ack	1790219716915	93	
4489	ack	1790219716920	65	
4490	ack	1790219716925	94	
4491	ack	1790219716930	69	
4492	ack	1790219716935	93	
4493	ack	1790219716940	94	
4494	ack	1790219716945	97	
4495	ack	1790219716950	70	
4496	ack	1790219716955	95	
4497	ack	1790219716960	95	
4498	ack	1790219716965	96	
4499	ack	1790219716970	67	
4500	ack	1790219716975	103	
4501	ack	1790219716980	63	
4502	ack	1790219716985	63	
4503	ack	1790219716990	91	
4504	ack	1790219716995	93	
4505	ack	1790219717000	67	
4506	ack	1790219717005	63	
4507	ack	1790219717010	95	
4508	ack	1790219717015	95	
4509	ack	1790219717020	72	
4510	ack	1790219717025	93	
4511	ack	1790219717030	68	
4512	ack	1790219717035	64	
4513	ack	1790219717040	96	
4514	ack	1790219717045	98	
4515	ack	1790219717050	91	
4516	ack	1790219717055	139	
4517	ack	1790219717060	175	
4518	ack	1790219717066	1014	
4519	ack	1790219717070	133	
4520	ack	1790219717075	119	
4521	ack	1790219717080	222	
4522	ack	1790219717085	133	
4523	ack	1790219717090	95	
4524	ack	1790219717095	87	
4525	ack	1790219717100	88	
4526	ack	1790219717105	179	
4527	ack	1790219717110	98	
4528	ack	1790219717115	61	
4529	ack	1790219717120	187	
4530	ack	1790219717125	175	
4531	ack	1790219717130	115	
4532	ack	1790219717135	173	
4533	ack	1790219717140	98	
4534	ack	1790219717145	116	
4535	ack	1790219717150	94	
4536	ack	1790219717155	100	
4537	ack	1790219717160	65	
4538	ack	1790219717165	93	
4539	ack	1790219717170	132	
4540	ack	1790219717175	146	
4541	ack	1790219717180	143	
4542	ack	1790219717185	162	
4543	ack	1790219717190	214	
4544	ack	1790219717195	180	
4545	ack	1790219717200	151	
4546	ack	1790219717205	77	
4547	ack	1790219717210	287	
4548	ack	1790219717215	190	
4549	ack	1790219717220	165	
4550	ack	1790219717225	241	
4551	ack	1790219717230	97	
4552	ack	1790219717235	92	
4553	ack	1790219717240	168	
4554	ack	1790219717245	409	
4555	ack	1790219717250	152	
4556	ack	1790219717255	97	
4557	ack	1790219717260	161	
4558	ack	1790219717265	189	
4559	ack	1790219717270	148	
4560	ack	1790219717275	234	
4561	ack	1790219717280	198	
4562	ack	1790219717285	175	
4563	ack	1790219717290	105	
4564	ack	1790219717295	232	
4565	ack	1790219717300	99	
4566	ack	1790219717305	266	
4567	ack	1790219717310	177	
4568	ack	1790219717315	182	
4569	ack	1790219717320	172	
4570	ack	1790219717325	172	
4571	ack	1790219717330	290	
4572	ack	1790219717335	147	
4573	ack	1790219717340	245	
4574	ack	1790219717345	178	
4575	ack	1790219717350	189	
4576	ack	1790219717355	157	
4577	ack	1790219717360	119	
4578	ack	1790219717365	145	
4579	ack	1790219717370	167	
4580	ack	1790219717375	89	
4581	ack	1790219717380	148	
4582	ack	1790219717385	131	
4583	ack	1790219717390	108	
4584	ack	1790219717395	111	
4585	ack	1790219717400	127	
4586	ack	1790219717405	123	
4587	ack	1790219717410	99	
4588	ack	1790219717415	122	
4589	ack	1790219717420	79	
4590	ack	1790219717425	97	
4591	ack	1790219717430	157	
4592	ack	1790219717435	84	
4593	ack	1790219717440	102	
4594	ack	1790219717445	123	
4595	ack	1790219717450	143	
4596	ack	1790219717455	98	
4597	ack	1790219717460	115	
4598	ack	1790219717465	137	
4599	ack	1790219717470	110	
4600	ack	1790219717475	84	
4601	ack	1790219717480	121	
4602	ack	1790219717485	93	
4603	ack	1790219717490	103	
4604	ack	1790219717495	85	
4605	ack	1790219717500	146	
4606	ack	1790219717505	131	
4607	ack	1790219717510	139	
4608	ack	1790219717515	115	
4609	ack	1790219717520	109	
4610	ack	1790219717525	81	
4611	ack	1790219717530	109	
4612	ack	1790219717535	95	
4613	ack	1790219717540	77	
4614	ack	1790219717545	125	
4615	ack	1790219717550	132	
4616	ack	1790219717555	119	
4617	ack	1790219717560	77	
4618	ack	1790219717565	111	
4619	ack	1790219717570	90	
4620	ack	1790219717575	89	
4621	ack	1790219717580	80	
4622	ack	1790219717585	71	
4623	ack	1790219717590	92	
4624	ack	1790219717595	89	
4625	ack	1790219717600	72	
4626	ack	1790219717605	63	
4627	ack	1790219717610	93	
4628	ack	1790219717615	83	
4629	ack	1790219717620	85	
4630	ack	1790219717625	95	
4631	ack	1790219717630	68	
4632	ack	1790219717635	64	
4633	ack	1790219717640	93	
4634	ack	1790219717645	93	
4635	ack	1790219717650	65	
4636	ack	1790219717655	94	
4637	ack	1790219717660	92	
4638	ack	1790219717665	93	
4639	ack	1790219717670	66	
4640	ack	1790219717675	89	
4641	ack	1790219717680	91	
4642	ack	1790219717685	90	
4643	ack	1790219717690	67	
4644	ack	1790219717695	89	
4645	ack	1790219717700	95	
4646	ack	1790219717705	95	
4647	ack	1790219717710	70	
4648	ack	1790219717715	89	
4649	ack	1790219717720	96	
4650	ack	1790219717725	64	
4651	ack	1790219717730	97	
4652	ack	1790219717735	93	
4653	ack	1790219717740	123	
4654	ack	1790219717745	96	
4655	ack	1790219717750	149	
4656	ack	1790219717755	115	
4657	ack	1790219717760	93	
4658	ack	1790219717765	77	
4659	ack	1790219717770	94	
4660	ack	1790219717775	93	
4661	ack	1790219717780	68	
4662	ack	1790219717785	64	
4663	ack	1790219717790	92	
4664	ack	1790219717795	91	
4665	ack	1790219717800	61	
4666	ack	1790219717805	94	
4667	ack	1790219717810	97	
4668	ack	1790219717815	93	
4669	ack	1790219717820	68	
4670	ack	1790219717825	94	
4671	ack	1790219717830	82	
4672	ack	1790219717835	67	
4673	ack	1790219717840	93	
4674	ack	1790219717845	105	
4675	ack	1790219717850	70	
4676	ack	1790219717855	87	
4677	ack	1790219717860	191	
4678	ack	1790219717865	173	
4679	ack	1790219717870	172	
4680	ack	1790219717875	167	
4681	ack	1790219717880	186	
4682	ack	1790219717885	150	
4683	ack	1790219717890	204	
4684	ack	1790219717895	147	
4685	ack	1790219717900	192	
4686	ack	1790219717905	155	
4687	ack	1790219717910	155	
4688	ack	1790219717915	159	
4689	ack	1790219717920	155	
4690	ack	1790219717925	146	
4691	ack	1790219717930	147	
4692	ack	1790219717935	130	
4693	ack	1790219717940	172	
4694	ack	1790219717945	244	
4695	ack	1790219717950	174	
4696	ack	1790219717955	274	
4697	ack	1790219717960	201	
4698	ack	1790219717965	176	
4699	ack	1790219717970	153	
4700	ack	1790219717975	168	
4701	ack	1790219717980	185	
4702	ack	1790219717985	143	
4703	ack	1790219717990	177	
4704	ack	1790219717995	191	
4705	ack	1790219718000	200	
4706	ack	1790219718005	273	
4707	ack	1790219718010	195	
4708	ack	1790219718015	217	
4709	ack	1790219718020	178	
4710	ack	1790219718025	163	
4711	ack	1790219718030	179	
4712	ack	1790219718035	172	
4713	ack	1790219718040	205	
4714	ack	1790219718045	180	
4715	ack	1790219718050	155	
4716	ack	1790219718055	168	
4717	ack	1790219718060	93	
4718	ack	1790219718065	150	
4719	ack	1790219718070	149	
4720	ack	1790219718075	126	
4721	ack	1790219718080	171	
4722	ack	1790219718085	171	
4723	ack	1790219718090	178	
4724	ack	1790219718095	109	
4725	ack	1790219718100	133	
4726	ack	1790219718105	113	
4727	ack	1790219718110	116	
4728	ack	1790219718115	223	
4729	ack	1790219718120	93	
4730	ack	1790219718125	104	
4731	ack	1790219718130	128	
4732	ack	1790219718135	120	
4733	ack	1790219718140	149	
4734	ack	1790219718145	175	
4735	ack	1790219718150	188	
4736	ack	1790219718155	109	
4737	ack	1790219718160	113	
4738	ack	1790219718165	126	
4739	ack	1790219718170	100	
4740	ack	1790219718175	84	
4741	ack	1790219718180	97	
4742	ack	1790219718185	99	
4743	ack	1790219718190	89	
4744	ack	1790219718195	132	
4745	ack	1790219718200	103	
4746	ack	1790219718205	97	
4747	ack	1790219718210	103	
4748	ack	1790219718215	139	
4749	ack	1790219718220	119	
4750	ack	1790219718225	83	
4751	ack	1790219718230	110	
4752	ack	1790219718235	96	
4753	ack	1790219718240	73	
4754	ack	1790219718245	101	
4755	ack	1790219718250	100	
4756	ack	1790219718255	198	
4757	ack	1790219718260	65	
4758	ack	1790219718265	61	
4759	ack	1790219718270	95	
4760	ack	1790219718275	92	
4761	ack	1790219718280	95	
4762	ack	1790219718285	79	
4763	ack	1790219718290	131	
4764	ack	1790219718295	143	
4765	ack	1790219718300	196	
4766	ack	1790219718305	158	
4767	ack	1790219718310	369	
4768	ack	1790219718315	174	
4769	ack	1790219718320	107	
4770	ack	1790219718325	124	
4771	ack	1790219718330	90	
4772	ack	1790219718335	93	
4773	ack	1790219718340	95	
4774	ack	1790219718345	101	
4775	ack	1790219718350	77	
4776	ack	1790219718355	184	
4777	ack	1790219718360	106	
4778	ack	1790219718365	113	
4779	ack	1790219718370	89	
4780	ack	1790219718375	138	
4781	ack	1790219718380	141	
4782	ack	1790219718385	115	
4783	ack	1790219718390	97	
4784	ack	1790219718395	90	
4785	ack	1790219718400	104	
4786	ack	1790219718405	97	
4787	ack	1790219718410	94	
4788	ack	1790219718415	72	
4789	ack	1790219718420	97	
4790	ack	1790219718425	96	
4791	ack	1790219718430	98	
4792	ack	1790219718435	74	
4793	ack	1790219718440	70	
4794	ack	1790219718445	94	
4795	ack	1790219718450	98	
4796	ack	1790219718455	93	
4797	ack	1790219718460	84	
4798	ack	1790219718465	96	
4799	ack	1790219718470	95	
4800	ack	1790219718475	95	
4801	ack	1790219718480	97	
4802	ack	1790219718485	70	
4803	ack	1790219718490	85	
4804	ack	1790219718495	93	
4805	ack	1790219718500	94	
4806	ack	1790219718505	65	
4807	ack	1790219718510	95	
4808	ack	1790219718515	98	
4809	ack	1790219718520	73	
4810	ack	1790219718525	97	
4811	ack	1790219718530	70	
4812	ack	1790219718535	71	
4813	ack	1790219718540	96	
4814	ack	1790219718545	94	
4815	ack	1790219718550	69	
4816	ack	1790219718555	65	
4817	ack	1790219718560	156	
4818	ack	1790219718565	189	
4819	ack	1790219718570	131	
4820	ack	1790219718575	138	
4821	ack	1790219718580	172	
4822	ack	1790219718585	151	
4823	ack	1790219718590	199	
4824	ack	1790219718595	202	
4825	ack	1790219718600	161	
4826	ack	1790219718605	122	
4827	ack	1790219718610	204	
4828	ack	1790219718615	182	
4829	ack	1790219718620	132	
4830	ack	1790219718625	159	
4831	ack	1790219718630	222	
4832	ack	1790219718635	190	
4833	ack	1790219718640	160	
4834	ack	1790219718645	135	
4835	ack	1790219718650	160	
4836	ack	1790219718655	209	
4837	ack	1790219718660	161	
4838	ack	1790219718665	178	
4839	ack	1790219718670	252	
4840	ack	1790219718675	127	
4841	ack	1790219718680	132	
4842	ack	1790219718685	131	
4843	ack	1790219718690	208	
4844	ack	1790219718695	183	
4845	ack	1790219718700	157	
4846	ack	1790219718705	72	
4847	ack	1790219718710	251	
4848	ack	1790219718715	173	
4849	ack	1790219718720	172	
4850	ack	1790219718725	205	
4851	ack	1790219718730	175	
4852	ack	1790219718735	141	
4853	ack	1790219718740	321	
4854	ack	1790219718745	203	
4855	ack	1790219718750	145	
4856	ack	1790219718755	142	
4857	ack	1790219718760	117	
4858	ack	1790219718765	153	
4859	ack	1790219718770	104	
4860	ack	1790219718775	100	
4861	ack	1790219718780	168	
4862	ack	1790219718785	118	
4863	ack	1790219718790	86	
4864	ack	1790219718795	122	
4865	ack	1790219718800	164	
4866	ack	1790219718805	94	
4867	ack	1790219718810	83	
4868	ack	1790219718815	153	
4869	ack	1790219718820	100	
4870	ack	1790219718825	95	
4871	ack	1790219718830	147	
4872	ack	1790219718835	93	
4873	ack	1790219718840	111	
4874	ack	1790219718845	122	
4875	ack	1790219718850	172	
4876	ack	1790219718855	109	
4877	ack	1790219718860	105	
4878	ack	1790219718865	123	
4879	ack	1790219718870	105	
4880	ack	1790219718875	100	
4881	ack	1790219718880	131	
4882	ack	1790219718885	105	
4883	ack	1790219718890	108	
4884	ack	1790219718895	110	
4885	ack	1790219718900	112	
4886	ack	1790219718905	106	
4887	ack	1790219718910	104	
4888	ack	1790219718915	125	
4889	ack	1790219718920	80	
4890	ack	1790219718925	186	
4891	ack	1790219718930	141	
4892	ack	1790219718935	86	
4893	ack	1790219718940	96	
4894	ack	1790219718945	106	
4895	ack	1790219718950	138	
4896	ack	1790219718955	152	
4897	ack	1790219718960	98	
4898	ack	1790219718965	110	
4899	ack	1790219718970	91	
4900	ack	1790219718975	95	
4901	ack	1790219718980	79	
4902	ack	1790219718985	93	
4903	ack	1790219718990	97	
4904	ack	1790219718995	94	
4905	ack	1790219719000	82	
4906	ack	1790219719005	79	
4907	ack	1790219719010	87	
4908	ack	1790219719015	86	
4909	ack	1790219719020	69	
4910	ack	1790219719025	82	
4911	ack	1790219719030	91	
4912	ack	1790219719035	71	
4913	ack	1790219719040	89	
4914	ack	1790219719045	78	
4915	ack	1790219719050	85	
4916	ack	1790219719055	66	
4917	ack	1790219719060	85	
4918	ack	1790219719065	97	
4919	ack	1790219719070	95	
4920	ack	1790219719075	91	
4921	ack	1790219719080	98	
4922	ack	1790219719085	87	
4923	ack	1790219719090	67	
4924	ack	1790219719095	134	
4925	ack	1790219719100	169	
4926	ack	1790219719105	97	
4927	ack	1790219719110	405	
4928	ack	1790219719115	149	
4929	ack	1790219719120	156	
4930	ack	1790219719125	103	
4931	ack	1790219719130	125	
4932	ack	1790219719135	143	
4933	ack	1790219719140	87	
4934	ack	1790219719145	84	
4935	ack	1790219719150	240	
4936	ack	1790219719155	149	
4937	ack	1790219719160	106	
4938	ack	1790219719165	134	
4939	ack	1790219719170	117	
4940	ack	1790219719175	102	
4941	ack	1790219719180	95	
4942	ack	1790219719185	74	
4943	ack	1790219719190	87	
4944	ack	1790219719195	77	
4945	ack	1790219719200	95	
4946	ack	1790219719205	64	
4947	ack	1790219719210	76	
4948	ack	1790219719215	66	
4949	ack	1790219719220	96	
4950	ack	1790219719225	71	
4951	ack	1790219719230	66	
4952	ack	1790219719235	93	
4953	ack	1790219719240	99	
4954	ack	1790219719245	88	
4955	ack	1790219719250	71	
4956	ack	1790219719255	78	
4957	ack	1790219719260	164	
4958	ack	1790219719265	191	
4959	ack	1790219719270	91	
4960	ack	1790219719275	82	
4961	ack	1790219719280	209	
4962	ack	1790219719285	173	
4963	ack	1790219719290	106	
4964	ack	1790219719295	201	
4965	ack	1790219719300	154	
4966	ack	1790219719305	169	
4967	ack	1790219719310	119	
4968	ack	1790219719315	158	
4969	ack	1790219719320	214	
4970	ack	1790219719325	174	
4971	ack	1790219719330	151	
4972	ack	1790219719335	157	
4973	ack	1790219719340	148	
4974	ack	1790219719345	404	
4975	ack	1790219719350	200	
4976	ack	1790219719355	231	
4977	ack	1790219719360	140	
4978	ack	1790219719365	215	
4979	ack	1790219719370	136	
4980	ack	1790219719375	182	
4981	ack	1790219719380	166	
4982	ack	1790219719385	161	
4983	ack	1790219719390	187	
4984	ack	1790219719395	224	
4985	ack	1790219719400	102	
4986	ack	1790219719405	86	
4987	ack	1790219719410	153	
4988	ack	1790219719415	243	
4989	ack	1790219719420	143	
4990	ack	1790219719425	186	
4991	ack	1790219719430	132	
4992	ack	1790219719435	153	
4993	ack	1790219719440	181	
4994	ack	1790219719445	192	
4995	ack	1790219719450	169	
4996	ack	1790219719455	108	
4997	ack	1790219719460	107	
4998	ack	1790219719465	132	
4999	ack	1790219719470	87	
5000	ack	1790219719475	65	
5001	ack	1790219719480	117	
5002	ack	1790219719485	125	
5003	ack	1790219719490	94	
5004	ack	1790219719495	100	
5005	ack	1790219719500	124	
5006	ack	1790219719505	110	
5007	ack	1790219719510	101	
5008	ack	1790219719515	99	
5009	ack	1790219719520	177	
5010	ack	1790219719525	85	
5011	ack	1790219719530	112	
5012	ack	1790219719535	86	
5013	ack	1790219719540	74	
5014	ack	1790219719545	101	
5015	ack	1790219719550	111	
5016	ack	1790219719555	105	
5017	ack	1790219719560	78	
5018	ack	1790219719565	96	
5019	ack	1790219719570	99	
5020	ack	1790219719575	106	
5021	ack	1790219719580	117	
5022	ack	1790219719585	81	
5023	ack	1790219719590	99	
5024	ack	1790219719595	107	
5025	ack	1790219719600	155	
5026	ack	1790219719605	106	
5027	ack	1790219719610	107	
5028	ack	1790219719615	102	
5029	ack	1790219719620	106	
5030	ack	1790219719625	97	
5031	ack	1790219719630	92	
5032	ack	1790219719635	100	
5033	ack	1790219719640	105	
5034	ack	1790219719645	114	
5035	ack	1790219719650	76	
5036	ack	1790219719655	98	
5037	ack	1790219719660	97	
5038	ack	1790219719665	93	
5039	ack	1790219719670	72	
5040	ack	1790219719675	71	
5041	ack	1790219719680	99	
5042	ack	1790219719685	94	
5043	ack	1790219719690	70	
5044	ack	1790219719695	65	
5045	ack	1790219719700	92	
5046	ack	1790219719705	91	
5047	ack	1790219719710	71	
5048	ack	1790219719715	64	
5049	ack	1790219719720	89	
5050	ack	1790219719725	69	
5051	ack	1790219719730	95	
5052	ack	1790219719735	76	
5053	ack	1790219719740	196	
5054	ack	1790219719745	129	
5055	ack	1790219719750	135	
5056	ack	1790219719755	129	
5057	ack	1790219719760	166	
5058	ack	1790219719765	69	
5059	ack	1790219719770	186	
5060	ack	1790219719775	97	
5061	ack	1790219719780	65	
5062	ack	1790219719785	93	
5063	ack	1790219719790	85	
5064	ack	1790219719795	95	
5065	ack	1790219719800	68	
5066	ack	1790219719805	89	
5067	ack	1790219719810	81	
5068	ack	1790219719815	133	
5069	ack	1790219719820	98	
5070	ack	1790219719825	113	
5071	ack	1790219719830	82	
5072	ack	1790219719835	71	
5073	ack	1790219719840	95	
5074	ack	1790219719845	90	
5075	ack	1790219719850	85	
5076	ack	1790219719855	65	
5077	ack	1790219719860	93	
5078	ack	1790219719865	89	
5079	ack	1790219719870	82	
5080	ack	1790219719875	85	
5081	ack	1790219719880	78	
5082	ack	1790219719885	94	
5083	ack	1790219719890	68	
5084	ack	1790219719895	84	
5085	ack	1790219719900	101	
5086	ack	1790219719905	93	
5087	ack	1790219719910	65	
5088	ack	1790219719915	86	
5089	ack	1790219719920	75	
5090	ack	1790219719925	69	
5091	ack	1790219719930	93	
5092	ack	1790219719935	208	
5093	ack	1790219719940	87	
5094	ack	1790219719945	73	
5095	ack	1790219719950	180	
5096	ack	1790219719955	176	
5097	ack	1790219719960	131	
5098	ack	1790219719965	260	
5099	ack	1790219719970	157	
5100	ack	1790219719975	148	
5101	ack	1790219719980	233	
5102	ack	1790219719985	141	
5103	ack	1790219719990	214	
5104	ack	1790219719995	154	
5105	ack	1790219720000	111	
5106	ack	1790219720005	221	
5107	ack	1790219720010	149	
5108	ack	1790219720015	119	
5109	ack	1790219720020	204	
5110	ack	1790219720025	176	
5111	ack	1790219720030	206	
5112	ack	1790219720035	197	
5113	ack	1790219720040	130	
5114	ack	1790219720045	175	
5115	ack	1790219720050	251	
5116	ack	1790219720055	203	
5117	ack	1790219720060	156	
5118	ack	1790219720065	170	
5119	ack	1790219720070	189	
5120	ack	1790219720075	208	
5121	ack	1790219720080	153	
5122	ack	1790219720085	208	
5123	ack	1790219720090	221	
5124	ack	1790219720095	170	
5125	ack	1790219720100	132	
5126	ack	1790219720105	216	
5127	ack	1790219720110	224	
5128	ack	1790219720115	345	
5129	ack	1790219720120	284	
5130	ack	1790219720125	416	
5131	ack	1790219720130	209	
5132	ack	1790219720137	2106	
5133	ack	1790219720140	197	
5134	ack	1790219720145	215	
5135	ack	1790219720150	159	
5136	ack	1790219720155	101	
5137	ack	1790219720160	128	
5138	ack	1790219720165	165	
5139	ack	1790219720170	145	
5140	ack	1790219720175	106	
5141	ack	1790219720180	194	
5142	ack	1790219720185	153	
5143	ack	1790219720190	95	
5144	ack	1790219720195	102	
5145	ack	1790219720200	153	
5146	ack	1790219720205	106	
5147	ack	1790219720210	102	
5148	ack	1790219720215	111	
5149	ack	1790219720220	116	
5150	ack	1790219720225	105	
5151	ack	1790219720230	108	
5152	ack	1790219720235	116	
5153	ack	1790219720240	80	
5154	ack	1790219720245	153	
5155	ack	1790219720250	95	
5156	ack	1790219720255	92	
5157	ack	1790219720260	84	
5158	ack	1790219720265	124	
5159	ack	1790219720270	94	
5160	ack	1790219720275	92	
5161	ack	1790219720280	97	
5162	ack	1790219720285	74	
5163	ack	1790219720290	97	
5164	ack	1790219720295	116	
5165	ack	1790219720300	112	
5166	ack	1790219720305	61	
5167	ack	1790219720310	106	
5168	ack	1790219720315	139	
5169	ack	1790219720320	125	
5170	ack	1790219720325	247	
5171	ack	1790219720330	138	
5172	ack	1790219720335	150	
5173	ack	1790219720340	115	
5174	ack	1790219720345	143	
5175	ack	1790219720350	85	
5176	ack	1790219720355	93	
5177	ack	1790219720360	91	
5178	ack	1790219720365	92	
5179	ack	1790219720370	64	
5180	ack	1790219720375	73	
5181	ack	1790219720380	104	
5182	ack	1790219720385	96	
5183	ack	1790219720390	68	
5184	ack	1790219720395	63	
5185	ack	1790219720400	91	
5186	ack	1790219720405	93	
5187	ack	1790219720410	93	
5188	ack	1790219720415	63	
5189	ack	1790219720420	92	
5190	ack	1790219720425	68	
5191	ack	1790219720430	94	
5192	ack	1790219720435	94	
5193	ack	1790219720440	64	
5194	ack	1790219720445	85	
5195	ack	1790219720450	95	
5196	ack	1790219720455	112	
5197	ack	1790219720460	65	
5198	ack	1790219720465	63	
5199	ack	1790219720470	92	
5200	ack	1790219720475	92	
5201	ack	1790219720480	64	
5202	ack	1790219720485	62	
5203	ack	1790219720490	85	
5204	ack	1790219720495	90	
5205	ack	1790219720500	62	
5206	ack	1790219720505	60	
5207	ack	1790219720510	94	
5208	ack	1790219720515	85	
5209	ack	1790219720520	63	
5210	ack	1790219720525	93	
5211	ack	1790219720530	136	
5212	ack	1790219720535	131	
5213	ack	1790219720540	145	
5214	ack	1790219720545	99	
5215	ack	1790219720550	80	
5216	ack	1790219720555	67	
5217	ack	1790219720560	92	
5218	ack	1790219720565	96	
5219	ack	1790219720570	72	
5220	ack	1790219720575	111	
5221	ack	1790219720580	100	
5222	ack	1790219720585	157	
5223	ack	1790219720590	87	
5224	ack	1790219720595	102	
5225	ack	1790219720600	114	
5226	ack	1790219720605	93	
5227	ack	1790219720610	63	
5228	ack	1790219720615	85	
5229	ack	1790219720620	94	
5230	ack	1790219720625	63	
5231	ack	1790219720630	93	
5232	ack	1790219720635	89	
5233	ack	1790219720640	92	
5234	ack	1790219720645	61	
5235	ack	1790219720650	91	
5236	ack	1790219720655	95	
5237	ack	1790219720660	97	
5238	ack	1790219720665	96	
5239	ack	1790219720670	182	
5240	ack	1790219720675	157	
5241	ack	1790219720680	117	
5242	ack	1790219720685	69	
5243	ack	1790219720690	222	
5244	ack	1790219720695	195	
5245	ack	1790219720700	149	
5246	ack	1790219720705	164	
5247	ack	1790219720710	214	
5248	ack	1790219720715	194	
5249	ack	1790219720720	179	
5250	ack	1790219720725	192	
5251	ack	1790219720730	148	
5252	ack	1790219720735	112	
5253	ack	1790219720740	210	
5254	ack	1790219720745	220	
5255	ack	1790219720750	144	
5256	ack	1790219720755	110	
5257	ack	1790219720760	152	
5258	ack	1790219720765	192	
5259	ack	1790219720770	183	
5260	ack	1790219720775	143	
5261	ack	1790219720780	165	
5262	ack	1790219720785	141	
5263	ack	1790219720790	207	
5264	ack	1790219720795	156	
5265	ack	1790219720800	213	
5266	ack	1790219720805	189	
5267	ack	1790219720810	151	
5268	ack	1790219720815	136	
5269	ack	1790219720820	187	
5270	ack	1790219720825	181	
5271	ack	1790219720830	404	
5272	ack	1790219720835	306	
5273	ack	1790219720840	230	
5274	ack	1790219720845	205	
5275	ack	1790219720850	208	
5276	ack	1790219720855	191	
5277	ack	1790219720860	165	
5278	ack	1790219720865	167	
5279	ack	1790219720870	145	
5280	ack	1790219720875	105	
5281	ack	1790219720880	153	
5282	ack	1790219720885	82	
5283	ack	1790219720890	108	
5284	ack	1790219720895	72	
5285	ack	1790219720900	126	
5286	ack	1790219720905	89	
5287	ack	1790219720910	101	
5288	ack	1790219720915	138	
5289	ack	1790219720920	106	
5290	ack	1790219720925	97	
5291	ack	1790219720930	135	
5292	ack	1790219720935	100	
5293	ack	1790219720940	94	
5294	ack	1790219720945	138	
5295	ack	1790219720950	109	
5296	ack	1790219720955	105	
5297	ack	1790219720960	110	
5298	ack	1790219720965	140	
5299	ack	1790219720970	93	
5300	ack	1790219720975	115	
5301	ack	1790219720980	129	
5302	ack	1790219720985	76	
5303	ack	1790219720990	97	
5304	ack	1790219720995	77	
5305	ack	1790219721000	127	
5306	ack	1790219721005	83	
5307	ack	1790219721010	102	
5308	ack	1790219721015	107	
5309	ack	1790219721020	123	
5310	ack	1790219721025	99	
5311	ack	1790219721030	117	
5312	ack	1790219721035	107	
5313	ack	1790219721040	96	
5314	ack	1790219721045	93	
5315	ack	1790219721050	103	
5316	ack	1790219721055	104	
5317	ack	1790219721060	95	
5318	ack	1790219721065	112	
5319	ack	1790219721070	73	
5320	ack	1790219721075	68	
5321	ack	1790219721080	93	
5322	ack	1790219721085	156	
5323	ack	1790219721090	109	
5324	ack	1790219721095	73	
5325	ack	1790219721100	102	
5326	ack	1790219721105	92	
5327	ack	1790219721110	91	
5328	ack	1790219721115	64	
5329	ack	1790219721120	91	
5330	ack	1790219721125	66	
5331	ack	1790219721130	136	
5332	ack	1790219721135	165	
5333	ack	1790219721140	198	
5334	ack	1790219721145	207	
5335	ack	1790219721150	137	
5336	ack	1790219721155	392	
5337	ack	1790219721160	314	
5338	ack	1790219721165	99	
5339	ack	1790219721170	141	
5340	ack	1790219721175	104	
5341	ack	1790219721180	236	
5342	ack	1790219721185	188	
5343	ack	1790219721190	90	
5344	ack	1790219721195	154	
5345	ack	1790219721200	102	
5346	ack	1790219721205	128	
5347	ack	1790219721210	97	
5348	ack	1790219721215	92	
5349	ack	1790219721220	71	
5350	ack	1790219721225	91	
5351	ack	1790219721230	93	
5352	ack	1790219721235	120	
5353	ack	1790219721240	126	
5354	ack	1790219721245	124	
5355	ack	1790219721250	100	
5356	ack	1790219721255	76	
5357	ack	1790219721260	90	
5358	ack	1790219721265	96	
5359	ack	1790219721270	92	
5360	ack	1790219721275	79	
5361	ack	1790219721280	111	
5362	ack	1790219721285	107	
5363	ack	1790219721290	77	
5364	ack	1790219721295	66	
5365	ack	1790219721300	83	
5366	ack	1790219721305	132	
5367	ack	1790219721310	109	
5368	ack	1790219721315	74	
5369	ack	1790219721320	142	
5370	ack	1790219721325	111	
5371	ack	1790219721330	110	
5372	ack	1790219721335	100	
5373	ack	1790219721340	123	
5374	ack	1790219721345	84	
5375	ack	1790219721350	131	
5376	ack	1790219721355	125	
5377	ack	1790219721360	131	
5378	ack	1790219721365	106	
5379	ack	1790219721370	115	
5380	ack	1790219721375	133	
5381	ack	1790219721380	125	
5382	ack	1790219721385	107	
5383	ack	1790219721390	145	
5384	ack	1790219721395	204	
5385	ack	1790219721400	152	
5386	ack	1790219721405	193	
5387	ack	1790219721410	157	
5388	ack	1790219721415	153	
5389	ack	1790219721420	176	
5390	ack	1790219721425	164	
5391	ack	1790219721430	163	
5392	ack	1790219721435	120	
5393	ack	1790219721440	146	
5394	ack	1790219721445	161	
5395	ack	1790219721450	130	
5396	ack	1790219721455	129	
5397	ack	1790219721460	140	
5398	ack	1790219721465	208	
5399	ack	1790219721470	153	
5400	ack	1790219721475	189	
5401	ack	1790219721480	127	
5402	ack	1790219721485	147	
5403	ack	1790219721490	159	
5404	ack	1790219721495	168	
5405	ack	1790219721500	156	
5406	ack	1790219721505	152	
5407	ack	1790219721510	184	
5408	ack	1790219721515	206	
5409	ack	1790219721520	143	
5410	ack	1790219721525	132	
5411	ack	1790219721530	130	
5412	ack	1790219721535	147	
5413	ack	1790219721540	140	
5414	ack	1790219721545	95	
5415	ack	1790219721550	130	
5416	ack	1790219721555	154	
5417	ack	1790219721560	191	
5418	ack	1790219721565	143	
5419	ack	1790219721570	95	
5420	ack	1790219721575	81	
5421	ack	1790219721580	106	
5422	ack	1790219721585	102	
5423	ack	1790219721590	96	
5424	ack	1790219721595	76	
5425	ack	1790219721600	170	
5426	ack	1790219721605	96	
5427	ack	1790219721610	92	
5428	ack	1790219721615	113	
5429	ack	1790219721620	99	
5430	ack	1790219721625	95	
5431	ack	1790219721630	101	
5432	ack	1790219721635	90	
5433	ack	1790219721640	70	
5434	ack	1790219721645	88	
5435	ack	1790219721650	85	
5436	ack	1790219721655	93	
5437	ack	1790219721660	72	
5438	ack	1790219721665	93	
5439	ack	1790219721670	93	
5440	ack	1790219721675	92	
5441	ack	1790219721680	68	
5442	ack	1790219721685	95	
5443	ack	1790219721690	93	
5444	ack	1790219721695	91	
5445	ack	1790219721700	69	
5446	ack	1790219721705	90	
5447	ack	1790219721710	90	
5448	ack	1790219721715	108	
5449	ack	1790219721720	80	
5450	ack	1790219721725	91	
5451	ack	1790219721730	75	
5452	ack	1790219721735	78	
5453	ack	1790219721740	157	
5454	ack	1790219721745	108	
5455	ack	1790219721750	119	
5456	ack	1790219721755	80	
5457	ack	1790219721760	96	
5458	ack	1790219721765	119	
5459	ack	1790219721770	75	
5460	ack	1790219721775	92	
5461	ack	1790219721780	103	
5462	ack	1790219721785	91	
5463	ack	1790219721790	66	
5464	ack	1790219721795	90	
5465	ack	1790219721800	89	
5466	ack	1790219721805	101	
5467	ack	1790219721810	70	
5468	ack	1790219721815	90	
5469	ack	1790219721820	93	
5470	ack	1790219721825	69	
5471	ack	1790219721830	89	
5472	ack	1790219721835	92	
5473	ack	1790219721840	93	
5474	ack	1790219721845	63	
5475	ack	1790219721850	87	
5476	ack	1790219721855	89	
5477	ack	1790219721860	91	
5478	ack	1790219721865	63	
5479	ack	1790219721870	82	
5480	ack	1790219721875	83	
5481	ack	1790219721880	74	
5482	ack	1790219721885	114	
5483	ack	1790219721890	102	
5484	ack	1790219721895	89	
5485	ack	1790219721900	62	
5486	ack	1790219721905	106	
5487	ack	1790219721910	91	
5488	ack	1790219721915	94	
5489	ack	1790219721920	69	
5490	ack	1790219721925	90	
5491	ack	1790219721930	92	
5492	ack	1790219721935	62	
5493	ack	1790219721940	97	
5494	ack	1790219721945	88	
5495	ack	1790219721950	92	
5496	ack	1790219721955	60	
5497	ack	1790219721960	90	
5498	ack	1790219721965	109	
5499	ack	1790219721970	117	
5500	ack	1790219721975	96	
5501	ack	1790219721980	86	
5502	ack	1790219721985	102	
5503	ack	1790219721990	100	
5504	ack	1790219721995	116	
5505	ack	1790219722000	129	
5506	ack	1790219722005	111	
5507	ack	1790219722010	117	
5508	ack	1790219722015	109	
5509	ack	1790219722020	68	
5510	ack	1790219722025	90	
5511	ack	1790219722030	90	
5512	ack	1790219722035	58	
5513	ack	1790219722040	89	
5514	ack	1790219722045	90	
5515	ack	1790219722050	89	
5516	ack	1790219722055	60	
5517	ack	1790219722060	89	
5518	ack	1790219722065	85	
5519	ack	1790219722070	151	
5520	ack	1790219722075	131	
5521	ack	1790219722080	145	
5522	ack	1790219722085	193	
5523	ack	1790219722090	91	
5524	ack	1790219722095	162	
5525	ack	1790219722100	115	
5526	ack	1790219722105	194	
5527	ack	1790219722110	146	
5528	ack	1790219722115	146	
5529	ack	1790219722120	161	
5530	ack	1790219722125	93	
5531	ack	1790219722130	176	
5532	ack	1790219722135	189	
5533	ack	1790219722140	116	
5534	ack	1790219722145	140	
5535	ack	1790219722150	105	
5536	ack	1790219722155	89	
5537	ack	1790219722160	142	
5538	ack	1790219722165	570	
5539	ack	1790219722170	388	
5540	ack	1790219722175	190	
5541	ack	1790219722180	176	
5542	ack	1790219722185	143	
5543	ack	1790219722190	164	
5544	ack	1790219722195	187	
5545	ack	1790219722200	219	
5546	ack	1790219722205	112	
5547	ack	1790219722210	235	
5548	ack	1790219722215	190	
5549	ack	1790219722220	164	
5550	ack	1790219722225	132	
5551	ack	1790219722230	136	
5552	ack	1790219722235	167	
5553	ack	1790219722240	110	
5554	ack	1790219722245	278	
5555	ack	1790219722250	146	
5556	ack	1790219722255	186	
5557	ack	1790219722260	158	
5558	ack	1790219722265	125	
5559	ack	1790219722270	90	
5560	ack	1790219722275	73	
5561	ack	1790219722280	113	
5562	ack	1790219722285	103	
5563	ack	1790219722290	68	
5564	ack	1790219722295	66	
5565	ack	1790219722300	137	
5566	ack	1790219722305	106	
5567	ack	1790219722310	94	
5568	ack	1790219722315	92	
5569	ack	1790219722320	111	
5570	ack	1790219722325	70	
5571	ack	1790219722330	106	
5572	ack	1790219722335	104	
5573	ack	1790219722340	78	
5574	ack	1790219722345	91	
5575	ack	1790219722350	106	
5576	ack	1790219722355	89	
5577	ack	1790219722360	75	
5578	ack	1790219722365	116	
5579	ack	1790219722370	115	
5580	ack	1790219722375	93	
5581	ack	1790219722380	106	
5582	ack	1790219722385	84	
5583	ack	1790219722390	104	
5584	ack	1790219722395	104	
5585	ack	1790219722400	74	
5586	ack	1790219722405	96	
5587	ack	1790219722410	109	
5588	ack	1790219722415	104	
5589	ack	1790219722420	74	
5590	ack	1790219722425	91	
5591	ack	1790219722430	88	
5592	ack	1790219722435	59	
5593	ack	1790219722440	93	
5594	ack	1790219722445	95	
5595	ack	1790219722450	90	
5596	ack	1790219722455	99	
5597	ack	1790219722460	89	
5598	ack	1790219722465	92	
5599	ack	1790219722470	62	
5600	ack	1790219722475	65	
5601	ack	1790219722480	89	
5602	ack	1790219722485	90	
5603	ack	1790219722490	72	
5604	ack	1790219722495	65	
5605	ack	1790219722500	177	
5606	ack	1790219722505	91	
5607	ack	1790219722510	70	
5608	ack	1790219722515	65	
5609	ack	1790219722520	88	
5610	ack	1790219722525	61	
5611	ack	1790219722530	89	
5612	ack	1790219722535	87	
5613	ack	1790219722540	59	
5614	ack	1790219722545	63	
5615	ack	1790219722550	91	
5616	ack	1790219722555	98	
5617	ack	1790219722560	83	
5618	ack	1790219722565	76	
5619	ack	1790219722570	108	
5620	ack	1790219722575	88	
5621	ack	1790219722580	62	
5622	ack	1790219722585	89	
5623	ack	1790219722590	125	
5624	ack	1790219722595	127	
5625	ack	1790219722600	139	
5626	ack	1790219722605	98	
5627	ack	1790219722610	96	
5628	ack	1790219722615	118	
5629	ack	1790219722620	77	
5630	ack	1790219722625	90	
5631	ack	1790219722630	95	
5632	ack	1790219722635	66	
5633	ack	1790219722640	87	
5634	ack	1790219722645	91	
5635	ack	1790219722650	90	
5636	ack	1790219722655	59	
5637	ack	1790219722660	65	
5638	ack	1790219722665	93	
5639	ack	1790219722670	87	
5640	ack	1790219722675	57	
5641	ack	1790219722680	90	
5642	ack	1790219722685	89	
5643	ack	1790219722690	90	
5644	ack	1790219722695	57	
5645	ack	1790219722700	84	
5646	ack	1790219722705	88	
5647	ack	1790219722710	58	
5648	ack	1790219722715	55	
5649	ack	1790219722720	89	
5650	ack	1790219722725	63	
5651	ack	1790219722730	90	
5652	ack	1790219722735	83	
5653	ack	1790219722740	59	
5654	ack	1790219722745	75	
5655	ack	1790219722750	135	
5656	ack	1790219722755	115	
5657	ack	1790219722760	78	
5658	ack	1790219722765	67	
5659	ack	1790219722770	107	
5660	ack	1790219722775	145	
5661	ack	1790219722780	121	
5662	ack	1790219722785	143	
5663	ack	1790219722790	147	
5664	ack	1790219722795	160	
5665	ack	1790219722800	144	
5666	ack	1790219722805	133	
5667	ack	1790219722810	176	
5668	ack	1790219722815	174	
5669	ack	1790219722820	130	
5670	ack	1790219722825	166	
5671	ack	1790219722830	136	
5672	ack	1790219722835	238	
5673	ack	1790219722840	101	
5674	ack	1790219722845	140	
5675	ack	1790219722850	134	
5676	ack	1790219722855	155	
5677	ack	1790219722860	117	
5678	ack	1790219722865	128	
5679	ack	1790219722870	225	
5680	ack	1790219722875	177	
5681	ack	1790219722880	128	
5682	ack	1790219722885	158	
5683	ack	1790219722890	162	
5684	ack	1790219722895	112	
5685	ack	1790219722900	152	
5686	ack	1790219722905	121	
5687	ack	1790219722910	164	
5688	ack	1790219722915	104	
5689	ack	1790219722920	114	
5690	ack	1790219722925	113	
5691	ack	1790219722930	210	
5692	ack	1790219722935	135	
5693	ack	1790219722940	116	
5694	ack	1790219722945	138	
5695	ack	1790219722950	141	
5696	ack	1790219722955	170	
5697	ack	1790219722960	138	
5698	ack	1790219722965	279	
5699	ack	1790219722970	105	
5700	ack	1790219722975	79	
5701	ack	1790219722980	129	
5702	ack	1790219722985	79	
5703	ack	1790219722990	144	
5704	ack	1790219722995	182	
5705	ack	1790219723000	113	
5706	ack	1790219723005	91	
5707	ack	1790219723010	118	
5708	ack	1790219723015	106	
5709	ack	1790219723020	97	
5710	ack	1790219723025	94	
5711	ack	1790219723030	135	
5712	ack	1790219723035	93	
5713	ack	1790219723040	77	
5714	ack	1790219723045	98	
5715	ack	1790219723050	126	
5716	ack	1790219723055	93	
5717	ack	1790219723060	73	
5718	ack	1790219723065	119	
5719	ack	1790219723070	93	
5720	ack	1790219723075	98	
5721	ack	1790219723080	128	
5722	ack	1790219723085	74	
5723	ack	1790219723090	95	
5724	ack	1790219723095	92	
5725	ack	1790219723100	89	
5726	ack	1790219723105	68	
5727	ack	1790219723110	107	
5728	ack	1790219723115	114	
5729	ack	1790219723120	83	
5730	ack	1790219723125	96	
5731	ack	1790219723130	98	
5732	ack	1790219723135	92	
5733	ack	1790219723140	90	
5734	ack	1790219723145	107	
5735	ack	1790219723150	108	
5736	ack	1790219723155	103	
5737	ack	1790219723160	88	
5738	ack	1790219723165	110	
5739	ack	1790219723170	123	
5740	ack	1790219723175	182	
5741	ack	1790219723180	172	
5742	ack	1790219723185	153	
5743	ack	1790219723190	138	
5744	ack	1790219723195	154	
5745	ack	1790219723200	108	
5746	ack	1790219723205	106	
5747	ack	1790219723210	80	
5748	ack	1790219723215	123	
5749	ack	1790219723220	116	
5750	ack	1790219723225	124	
5751	ack	1790219723230	135	
5752	ack	1790219723235	107	
5753	ack	1790219723240	94	
5754	ack	1790219723245	72	
5755	ack	1790219723250	87	
5756	ack	1790219723255	88	
5757	ack	1790219723260	81	
5758	ack	1790219723265	56	
5759	ack	1790219723270	88	
5760	ack	1790219723275	85	
5761	ack	1790219723280	55	
5762	ack	1790219723285	91	
5763	ack	1790219723290	86	
5764	ack	1790219723295	91	
5765	ack	1790219723300	66	
5766	ack	1790219723305	88	
5767	ack	1790219723310	88	
5768	ack	1790219723315	79	
5769	ack	1790219723320	64	
5770	ack	1790219723325	65	
5771	ack	1790219723330	73	
5772	ack	1790219723335	69	
5773	ack	1790219723340	89	
5774	ack	1790219723345	90	
5775	ack	1790219723350	61	
5776	ack	1790219723355	57	
5777	ack	1790219723360	88	
5778	ack	1790219723365	88	
5779	ack	1790219723370	58	
5780	ack	1790219723375	61	
5781	ack	1790219723380	89	
5782	ack	1790219723385	91	
5783	ack	1790219723390	60	
5784	ack	1790219723395	60	
5785	ack	1790219723400	88	
5786	ack	1790219723405	85	
5787	ack	1790219723410	61	
5788	ack	1790219723415	60	
5789	ack	1790219723420	82	
5790	ack	1790219723425	58	
5791	ack	1790219723430	152	
5792	ack	1790219723435	112	
5793	ack	1790219723440	90	
5794	ack	1790219723445	79	
5795	ack	1790219723450	102	
5796	ack	1790219723455	91	
5797	ack	1790219723460	89	
5798	ack	1790219723465	91	
5799	ack	1790219723470	122	
5800	ack	1790219723475	132	
5801	ack	1790219723480	120	
5802	ack	1790219723485	115	
5803	ack	1790219723490	172	
5804	ack	1790219723495	158	
5805	ack	1790219723500	150	
5806	ack	1790219723505	177	
5807	ack	1790219723510	176	
5808	ack	1790219723515	161	
5809	ack	1790219723520	123	
5810	ack	1790219723525	163	
5811	ack	1790219723530	156	
5812	ack	1790219723535	144	
5813	ack	1790219723540	133	
5814	ack	1790219723545	165	
5815	ack	1790219723550	143	
5816	ack	1790219723555	124	
5817	ack	1790219723560	118	
5818	ack	1790219723565	184	
5819	ack	1790219723570	161	
5820	ack	1790219723575	190	
5821	ack	1790219723580	145	
5822	ack	1790219723585	318	
5823	ack	1790219723590	160	
5824	ack	1790219723595	149	
5825	ack	1790219723600	177	
5826	ack	1790219723605	175	
5827	ack	1790219723610	141	
5828	ack	1790219723615	121	
5829	ack	1790219723620	151	
5830	ack	1790219723625	117	
5831	ack	1790219723630	173	
5832	ack	1790219723635	209	
5833	ack	1790219723640	114	
5834	ack	1790219723645	136	
5835	ack	1790219723650	176	
5836	ack	1790219723655	180	
5837	ack	1790219723660	128	
5838	ack	1790219723665	115	
5839	ack	1790219723670	158	
5840	ack	1790219723675	108	
5841	ack	1790219723680	101	
5842	ack	1790219723685	81	
5843	ack	1790219723690	107	
5844	ack	1790219723695	105	
5845	ack	1790219723700	101	
5846	ack	1790219723705	64	
5847	ack	1790219723710	93	
5848	ack	1790219723715	136	
5849	ack	1790219723720	97	
5850	ack	1790219723725	101	
5851	ack	1790219723730	106	
5852	ack	1790219723735	107	
5853	ack	1790219723740	161	
5854	ack	1790219723745	141	
5855	ack	1790219723750	131	
5856	ack	1790219723755	124	
5857	ack	1790219723760	98	
5858	ack	1790219723765	120	
5859	ack	1790219723770	76	
5860	ack	1790219723775	66	
5861	ack	1790219723780	118	
5862	ack	1790219723785	98	
5863	ack	1790219723790	73	
5864	ack	1790219723795	59	
5865	ack	1790219723800	145	
5866	ack	1790219723805	94	
5867	ack	1790219723810	70	
5868	ack	1790219723815	110	
5869	ack	1790219723820	112	
5870	ack	1790219723825	109	
5871	ack	1790219723830	137	
5872	ack	1790219723835	107	
5873	ack	1790219723840	93	
5874	ack	1790219723845	91	
5875	ack	1790219723850	125	
5876	ack	1790219723855	100	
5877	ack	1790219723860	78	
5878	ack	1790219723865	87	
5879	ack	1790219723870	97	
5880	ack	1790219723875	98	
5881	ack	1790219723880	90	
5882	ack	1790219723885	62	
5883	ack	1790219723890	93	
5884	ack	1790219723895	89	
5885	ack	1790219723900	88	
5886	ack	1790219723905	75	
5887	ack	1790219723910	94	
5888	ack	1790219723915	84	
5889	ack	1790219723920	72	
5890	ack	1790219723925	89	
5891	ack	1790219723930	63	
5892	ack	1790219723935	64	
5893	ack	1790219723940	87	
5894	ack	1790219723945	88	
5895	ack	1790219723950	76	
5896	ack	1790219723955	63	
5897	ack	1790219723960	89	
5898	ack	1790219723965	95	
5899	ack	1790219723970	59	
5900	ack	1790219723975	90	
5901	ack	1790219723980	62	
5902	ack	1790219723985	68	
5903	ack	1790219723990	93	
5904	ack	1790219723995	91	
5905	ack	1790219724000	66	
5906	ack	1790219724005	56	
5907	ack	1790219724010	86	
5908	ack	1790219724015	88	
5909	ack	1790219724020	83	
5910	ack	1790219724025	87	
5911	ack	1790219724030	66	
5912	ack	1790219724035	57	
5913	ack	1790219724040	89	
5914	ack	1790219724045	87	
5915	ack	1790219724050	64	
5916	ack	1790219724055	57	
5917	ack	1790219724060	90	
5918	ack	1790219724065	88	
5919	ack	1790219724070	58	
5920	ack	1790219724075	61	
5921	ack	1790219724080	84	
5922	ack	1790219724085	95	
5923	ack	1790219724090	81	
5924	ack	1790219724095	59	
5925	ack	1790219724100	95	
5926	ack	1790219724105	91	
5927	ack	1790219724110	86	
5928	ack	1790219724115	71	
5929	ack	1790219724120	85	
5930	ack	1790219724125	88	
5931	ack	1790219724130	123	
5932	ack	1790219724135	110	
5933	ack	1790219724140	80	
5934	ack	1790219724145	89	
5935	ack	1790219724150	83	
5936	ack	1790219724155	94	
5937	ack	1790219724160	68	
5938	ack	1790219724165	88	
5939	ack	1790219724170	92	
5940	ack	1790219724175	141	
5941	ack	1790219724180	115	
5942	ack	1790219724185	68	
5943	ack	1790219724190	175	
5944	ack	1790219724195	154	
5945	ack	1790219724202	2264	
5946	ack	1790219724206	1630	
5947	ack	1790219724210	193	
5948	ack	1790219724215	175	
5949	ack	1790219724220	151	
5950	ack	1790219724225	166	
5951	ack	1790219724230	168	
5952	ack	1790219724235	125	
5953	ack	1790219724240	148	
5954	ack	1790219724245	188	
5955	ack	1790219724250	143	
5956	ack	1790219724255	132	
5957	ack	1790219724260	158	
5958	ack	1790219724265	159	
5959	ack	1790219724270	139	
5960	ack	1790219724275	174	
5961	ack	1790219724280	230	
5962	ack	1790219724285	169	
5963	ack	1790219724290	99	
5964	ack	1790219724295	172	
5965	ack	1790219724300	110	
5966	ack	1790219724305	172	
5967	ack	1790219724310	115	
5968	ack	1790219724315	177	
5969	ack	1790219724320	131	
5970	ack	1790219724325	116	
5971	ack	1790219724330	117	
5972	ack	1790219724335	149	
5973	ack	1790219724340	139	
5974	ack	1790219724345	107	
5975	ack	1790219724350	148	
5976	ack	1790219724355	160	
5977	ack	1790219724360	180	
5978	ack	1790219724365	108	
5979	ack	1790219724370	135	
5980	ack	1790219724375	110	
5981	ack	1790219724380	80	
5982	ack	1790219724385	94	
5983	ack	1790219724390	87	
5984	ack	1790219724395	100	
5985	ack	1790219724400	71	
5986	ack	1790219724405	98	
5987	ack	1790219724410	91	
5988	ack	1790219724415	75	
5989	ack	1790219724420	63	
5990	ack	1790219724425	104	
5991	ack	1790219724430	107	
5992	ack	1790219724435	77	
5993	ack	1790219724440	118	
5994	ack	1790219724445	108	
5995	ack	1790219724450	96	
5996	ack	1790219724455	70	
5997	ack	1790219724460	89	
5998	ack	1790219724465	104	
5999	ack	1790219724470	92	
6000	ack	1790219724475	99	
6001	ack	1790219724480	96	
6002	ack	1790219724485	74	
6003	ack	1790219724490	92	
6004	ack	1790219724495	115	
6005	ack	1790219724500	100	
6006	ack	1790219724505	73	
6007	ack	1790219724510	100	
6008	ack	1790219724515	91	
6009	ack	1790219724520	91	
6010	ack	1790219724525	94	
6011	ack	1790219724530	79	
6012	ack	1790219724535	100	
6013	ack	1790219724540	93	
6014	ack	1790219724545	91	
6015	ack	1790219724550	88	
6016	ack	1790219724555	111	
6017	ack	1790219724560	103	
6018	ack	1790219724565	95	
6019	ack	1790219724570	63	
6020	ack	1790219724575	62	
6021	ack	1790219724580	83	
6022	ack	1790219724585	94	
6023	ack	1790219724590	57	
6024	ack	1790219724595	62	
6025	ack	1790219724600	110	
6026	ack	1790219724605	90	
6027	ack	1790219724610	65	
6028	ack	1790219724615	67	
6029	ack	1790219724620	87	
6030	ack	1790219724625	63	
6031	ack	1790219724630	89	
6032	ack	1790219724635	97	
6033	ack	1790219724640	64	
6034	ack	1790219724645	56	
6035	ack	1790219724650	97	
6036	ack	1790219724655	88	
6037	ack	1790219724660	63	
6038	ack	1790219724665	87	
6039	ack	1790219724670	89	
6040	ack	1790219724675	90	
6041	ack	1790219724680	59	
6042	ack	1790219724685	93	
6043	ack	1790219724690	97	
6044	ack	1790219724695	90	
6045	ack	1790219724700	63	
6046	ack	1790219724705	90	
6047	ack	1790219724710	99	
6048	ack	1790219724715	92	
6049	ack	1790219724720	60	
6050	ack	1790219724725	97	
6051	ack	1790219724730	97	
6052	ack	1790219724735	58	
6053	ack	1790219724740	85	
6054	ack	1790219724745	162	
6055	ack	1790219724750	122	
6056	ack	1790219724755	92	
6057	ack	1790219724760	108	
6058	ack	1790219724765	95	
6059	ack	1790219724770	94	
6060	ack	1790219724775	74	
6061	ack	1790219724780	86	
6062	ack	1790219724785	88	
6063	ack	1790219724790	63	
6064	ack	1790219724795	61	
6065	ack	1790219724800	92	
6066	ack	1790219724805	89	
6067	ack	1790219724810	65	
6068	ack	1790219724815	93	
6069	ack	1790219724820	91	
6070	ack	1790219724825	64	
6071	ack	1790219724830	88	
6072	ack	1790219724835	94	
6073	ack	1790219724840	61	
6074	ack	1790219724845	58	
6075	ack	1790219724850	105	
6076	ack	1790219724855	87	
6077	ack	1790219724860	65	
6078	ack	1790219724865	156	
6079	ack	1790219724870	184	
6080	ack	1790219724875	117	
6081	ack	1790219724880	79	
6082	ack	1790219724885	155	
6083	ack	1790219724890	136	
6084	ack	1790219724895	140	
6085	ack	1790219724900	116	
6086	ack	1790219724905	110	
6087	ack	1790219724910	180	
6088	ack	1790219724915	130	
6089	ack	1790219724920	125	
6090	ack	1790219724925	226	
6091	ack	1790219724930	207	
6092	ack	1790219724935	120	
6093	ack	1790219724940	148	
6094	ack	1790219724945	206	
6095	ack	1790219724950	205	
6096	ack	1790219724955	111	
6097	ack	1790219724960	158	
6098	ack	1790219724965	248	
6099	ack	1790219724970	171	
6100	ack	1790219724975	173	
6101	ack	1790219724980	188	
6102	ack	1790219724985	123	
6103	ack	1790219724990	280	
6104	ack	1790219724995	206	
6105	ack	1790219725000	139	
6106	ack	1790219725005	102	
6107	ack	1790219725010	146	
6108	ack	1790219725015	160	
6109	ack	1790219725020	105	
6110	ack	1790219725025	140	
6111	ack	1790219725030	177	
6112	ack	1790219725035	115	
6113	ack	1790219725040	158	
6114	ack	1790219725045	256	
6115	ack	1790219725050	135	
6116	ack	1790219725055	150	
6117	ack	1790219725060	112	
6118	ack	1790219725065	164	
6119	ack	1790219725070	93	
6120	ack	1790219725075	95	
6121	ack	1790219725080	151	
6122	ack	1790219725085	106	
6123	ack	1790219725090	77	
6124	ack	1790219725095	118	
6125	ack	1790219725100	105	
6126	ack	1790219725105	99	
6127	ack	1790219725110	83	
6128	ack	1790219725115	112	
6129	ack	1790219725120	90	
6130	ack	1790219725125	65	
6131	ack	1790219725130	138	
6132	ack	1790219725135	91	
6133	ack	1790219725140	93	
6134	ack	1790219725145	72	
6135	ack	1790219725150	115	
6136	ack	1790219725155	89	
6137	ack	1790219725160	90	
6138	ack	1790219725165	101	
6139	ack	1790219725170	92	
6140	ack	1790219725175	88	
6141	ack	1790219725180	94	
6142	ack	1790219725185	72	
6143	ack	1790219725190	91	
6144	ack	1790219725195	97	
6145	ack	1790219725200	89	
6146	ack	1790219725205	133	
6147	ack	1790219725210	108	
6148	ack	1790219725215	119	
6149	ack	1790219725220	234	
6150	ack	1790219725225	103	
6151	ack	1790219725230	118	
6152	ack	1790219725235	121	
6153	ack	1790219725240	111	
6154	ack	1790219725245	136	
6155	ack	1790219725250	141	
6156	ack	1790219725255	92	
6157	ack	1790219725260	120	
6158	ack	1790219725265	110	
6159	ack	1790219725270	80	
6160	ack	1790219725275	71	
6161	ack	1790219725280	100	
6162	ack	1790219725285	102	
6163	ack	1790219725290	89	
6164	ack	1790219725295	63	
6165	ack	1790219725300	109	
6166	ack	1790219725305	87	
6167	ack	1790219725310	100	
6168	ack	1790219725315	80	
6169	ack	1790219725320	98	
6170	ack	1790219725325	96	
6171	ack	1790219725330	100	
6172	ack	1790219725335	87	
6173	ack	1790219725340	69	
6174	ack	1790219725345	90	
6175	ack	1790219725350	88	
6176	ack	1790219725355	83	
6177	ack	1790219725360	60	
6178	ack	1790219725365	97	
6179	ack	1790219725370	89	
6180	ack	1790219725375	85	
6181	ack	1790219725380	90	
6182	ack	1790219725385	65	
6183	ack	1790219725390	91	
6184	ack	1790219725395	84	
6185	ack	1790219725400	93	
6186	ack	1790219725405	58	
6187	ack	1790219725410	91	
6188	ack	1790219725415	88	
6189	ack	1790219725420	84	
6190	ack	1790219725425	74	
6191	ack	1790219725430	63	
6192	ack	1790219725435	88	
6193	ack	1790219725440	84	
6194	ack	1790219725445	87	
6195	ack	1790219725450	164	
6196	ack	1790219725455	236	
6197	ack	1790219725460	263	
6198	ack	1790219725465	202	
6199	ack	1790219725470	269	
6200	ack	1790219725475	434	
6201	ack	1790219725480	356	
6202	ack	1790219725485	242	
6203	ack	1790219725490	214	
6204	ack	1790219725495	155	
6205	ack	1790219725500	216	
6206	ack	1790219725505	138	
6207	ack	1790219725510	181	
6208	ack	1790219725515	172	
6209	ack	1790219725520	121	
6210	ack	1790219725525	145	
6211	ack	1790219725530	145	
6212	ack	1790219725535	116	
6213	ack	1790219725540	109	
6214	ack	1790219725545	97	
6215	ack	1790219725550	131	
6216	ack	1790219725555	92	
6217	ack	1790219725560	107	
6218	ack	1790219725565	155	
6219	ack	1790219725570	116	
6220	ack	1790219725575	142	
6221	ack	1790219725580	236	
6222	ack	1790219725585	176	
6223	ack	1790219725590	164	
6224	ack	1790219725595	174	
6225	ack	1790219725600	91	
6226	ack	1790219725605	202	
6227	ack	1790219725610	176	
6228	ack	1790219725615	120	
6229	ack	1790219725620	94	
6230	ack	1790219725625	139	
6231	ack	1790219725630	173	
6232	ack	1790219725635	246	
6233	ack	1790219725640	202	
6234	ack	1790219725645	186	
6235	ack	1790219725650	148	
6236	ack	1790219725655	130	
6237	ack	1790219725660	166	
6238	ack	1790219725665	251	
6239	ack	1790219725670	96	
6240	ack	1790219725675	175	
6241	ack	1790219725680	186	
6242	ack	1790219725685	160	
6243	ack	1790219725690	112	
6244	ack	1790219725695	110	
6245	ack	1790219725700	146	
6246	ack	1790219725705	293	
6247	ack	1790219725710	147	
6248	ack	1790219725715	122	
6249	ack	1790219725720	164	
6250	ack	1790219725725	155	
6251	ack	1790219725730	184	
6252	ack	1790219725735	132	
6253	ack	1790219725740	176	
6254	ack	1790219725745	183	
6255	ack	1790219725750	210	
6256	ack	1790219725755	145	
6257	ack	1790219725760	97	
6258	ack	1790219725765	136	
6259	ack	1790219725770	94	
6260	ack	1790219725775	100	
6261	ack	1790219725780	138	
6262	ack	1790219725785	81	
6263	ack	1790219725790	107	
6264	ack	1790219725795	100	
6265	ack	1790219725800	109	
6266	ack	1790219725805	76	
6267	ack	1790219725810	93	
6268	ack	1790219725815	140	
6269	ack	1790219725820	76	
6270	ack	1790219725825	94	
6271	ack	1790219725830	95	
6272	ack	1790219725835	66	
6273	ack	1790219725840	89	
6274	ack	1790219725845	95	
6275	ack	1790219725850	135	
6276	ack	1790219725855	74	
6277	ack	1790219725860	98	
6278	ack	1790219725865	111	
6279	ack	1790219725870	70	
6280	ack	1790219725875	61	
6281	ack	1790219725880	101	
6282	ack	1790219725885	95	
6283	ack	1790219725890	83	
6284	ack	1790219725895	62	
6285	ack	1790219725900	114	
6286	ack	1790219725905	102	
6287	ack	1790219725910	77	
6288	ack	1790219725915	75	
6289	ack	1790219725920	89	
6290	ack	1790219725925	95	
6291	ack	1790219725930	105	
6292	ack	1790219725935	218	
6293	ack	1790219725940	72	
6294	ack	1790219725945	97	
6295	ack	1790219725950	130	
6296	ack	1790219725955	92	
6297	ack	1790219725960	131	
6298	ack	1790219725965	86	
6299	ack	1790219725970	132	
6300	ack	1790219725975	102	
6301	ack	1790219725980	174	
6302	ack	1790219725985	112	
6303	ack	1790219725990	93	
6304	ack	1790219725995	94	
6305	ack	1790219726000	207	
6306	ack	1790219726005	88	
6307	ack	1790219726010	84	
6308	ack	1790219726015	85	
6309	ack	1790219726020	100	
6310	ack	1790219726025	93	
6311	ack	1790219726030	110	
6312	ack	1790219726035	98	
6313	ack	1790219726040	74	
6314	ack	1790219726045	59	
6315	ack	1790219726050	102	
6316	ack	1790219726055	91	
6317	ack	1790219726060	70	
6318	ack	1790219726065	88	
6319	ack	1790219726070	89	
6320	ack	1790219726075	87	
6321	ack	1790219726080	86	
6322	ack	1790219726085	62	
6323	ack	1790219726090	75	
6324	ack	1790219726095	117	
6325	ack	1790219726100	92	
6326	ack	1790219726105	62	
6327	ack	1790219726110	73	
6328	ack	1790219726115	89	
6329	ack	1790219726120	92	
6330	ack	1790219726125	92	
6331	ack	1790219726130	80	
6332	ack	1790219726135	126	
6333	ack	1790219726140	117	
6334	ack	1790219726145	87	
6335	ack	1790219726150	76	
6336	ack	1790219726155	89	
6337	ack	1790219726160	89	
6338	ack	1790219726165	90	
6339	ack	1790219726170	63	
6340	ack	1790219726175	97	
6341	ack	1790219726180	83	
6342	ack	1790219726185	89	
6343	ack	1790219726190	64	
6344	ack	1790219726195	60	
6345	ack	1790219726200	112	
6346	ack	1790219726205	76	
6347	ack	1790219726210	67	
6348	ack	1790219726215	87	
6349	ack	1790219726220	90	
6350	ack	1790219726225	128	
6351	ack	1790219726230	91	
6352	ack	1790219726235	136	
6353	ack	1790219726240	205	
6354	ack	1790219726245	113	
6355	ack	1790219726250	213	
6356	ack	1790219726255	136	
6357	ack	1790219726260	125	
6358	ack	1790219726265	159	
6359	ack	1790219726270	156	
6360	ack	1790219726275	111	
6361	ack	1790219726280	180	
6362	ack	1790219726285	148	
6363	ack	1790219726290	104	
6364	ack	1790219726295	185	
6365	ack	1790219726300	81	
6366	ack	1790219726305	146	
6367	ack	1790219726310	169	
6368	ack	1790219726315	134	
6369	ack	1790219726320	131	
6370	ack	1790219726325	145	
6371	ack	1790219726330	159	
6372	ack	1790219726335	145	
6373	ack	1790219726340	130	
6374	ack	1790219726345	158	
6375	ack	1790219726350	150	
6376	ack	1790219726355	114	
6377	ack	1790219726360	160	
6378	ack	1790219726365	178	
6379	ack	1790219726370	163	
6380	ack	1790219726375	127	
6381	ack	1790219726380	130	
6382	ack	1790219726385	136	
6383	ack	1790219726390	176	
6384	ack	1790219726395	176	
6385	ack	1790219726400	109	
6386	ack	1790219726405	109	
6387	ack	1790219726410	81	
6388	ack	1790219726415	187	
6389	ack	1790219726420	209	
6390	ack	1790219726425	138	
6391	ack	1790219726430	133	
6392	ack	1790219726435	198	
6393	ack	1790219726440	213	
6394	ack	1790219726445	151	
6395	ack	1790219726450	136	
6396	ack	1790219726455	134	
6397	ack	1790219726460	125	
6398	ack	1790219726465	89	
6399	ack	1790219726470	140	
6400	ack	1790219726475	97	
6401	ack	1790219726480	135	
6402	ack	1790219726485	96	
6403	ack	1790219726490	97	
6404	ack	1790219726495	93	
6405	ack	1790219726500	100	
6406	ack	1790219726505	165	
6407	ack	1790219726510	90	
6408	ack	1790219726515	83	
6409	ack	1790219726520	100	
6410	ack	1790219726525	92	
6411	ack	1790219726530	100	
6412	ack	1790219726535	88	
6413	ack	1790219726540	61	
6414	ack	1790219726545	114	
6415	ack	1790219726550	92	
6416	ack	1790219726555	86	
6417	ack	1790219726560	80	
6418	ack	1790219726565	93	
6419	ack	1790219726570	83	
6420	ack	1790219726575	103	
6421	ack	1790219726580	87	
6422	ack	1790219726585	68	
6423	ack	1790219726590	119	
6424	ack	1790219726595	98	
6425	ack	1790219726600	98	
6426	ack	1790219726605	58	
6427	ack	1790219726610	83	
6428	ack	1790219726615	135	
6429	ack	1790219726620	100	
6430	ack	1790219726625	97	
6431	ack	1790219726630	88	
6432	ack	1790219726635	69	
6433	ack	1790219726640	89	
6434	ack	1790219726645	113	
6435	ack	1790219726650	158	
6436	ack	1790219726655	77	
6437	ack	1790219726660	94	
6438	ack	1790219726665	116	
6439	ack	1790219726670	77	
6440	ack	1790219726675	90	
6441	ack	1790219726680	88	
6442	ack	1790219726685	88	
6443	ack	1790219726690	64	
6444	ack	1790219726695	85	
6445	ack	1790219726700	86	
6446	ack	1790219726705	95	
6447	ack	1790219726710	64	
6448	ack	1790219726715	90	
6449	ack	1790219726720	90	
6450	ack	1790219726725	62	
6451	ack	1790219726730	85	
6452	ack	1790219726735	91	
6453	ack	1790219726740	98	
6454	ack	1790219726745	59	
6455	ack	1790219726750	89	
6456	ack	1790219726755	90	
6457	ack	1790219726760	87	
6458	ack	1790219726765	61	
6459	ack	1790219726770	128	
6460	ack	1790219726775	115	
6461	ack	1790219726780	133	
6462	ack	1790219726785	85	
6463	ack	1790219726790	139	
6464	ack	1790219726795	172	
6465	ack	1790219726800	157	
6466	ack	1790219726805	80	
6467	ack	1790219726810	99	
6468	ack	1790219726815	125	
6469	ack	1790219726820	78	
6470	ack	1790219726825	93	
6471	ack	1790219726830	79	
6472	ack	1790219726835	66	
6473	ack	1790219726840	95	
6474	ack	1790219726845	97	
6475	ack	1790219726850	82	
6476	ack	1790219726855	62	
6477	ack	1790219726860	99	
6478	ack	1790219726865	98	
6479	ack	1790219726870	82	
6480	ack	1790219726875	64	
6481	ack	1790219726880	84	
6482	ack	1790219726885	96	
6483	ack	1790219726890	65	
6484	ack	1790219726895	64	
6485	ack	1790219726900	127	
6486	ack	1790219726905	99	
6487	ack	1790219726910	76	
6488	ack	1790219726915	85	
6489	ack	1790219726920	83	
6490	ack	1790219726925	63	
6491	ack	1790219726930	92	
6492	ack	1790219726935	70	
6493	ack	1790219726940	67	
6494	ack	1790219726945	62	
6495	ack	1790219726950	88	
6496	ack	1790219726955	91	
6497	ack	1790219726960	82	
6498	ack	1790219726965	126	
6499	ack	1790219726970	126	
6500	ack	1790219726975	119	
6501	ack	1790219726980	149	
6502	ack	1790219726985	163	
6503	ack	1790219726990	139	
6504	ack	1790219726995	123	
6505	ack	1790219727000	91	
6506	ack	1790219727005	215	
6507	ack	1790219727010	124	
6508	ack	1790219727015	110	
6509	ack	1790219727020	133	
6510	ack	1790219727025	97	
6511	ack	1790219727030	144	
6512	ack	1790219727035	160	
6513	ack	1790219727040	141	
6514	ack	1790219727045	107	
6515	ack	1790219727050	142	
6516	ack	1790219727055	131	
6517	ack	1790219727060	147	
6518	ack	1790219727065	159	
6519	ack	1790219727070	162	
6520	ack	1790219727075	150	
6521	ack	1790219727080	83	
6522	ack	1790219727085	200	
6523	ack	1790219727090	158	
6524	ack	1790219727095	136	
6525	ack	1790219727100	112	
6526	ack	1790219727105	134	
6527	ack	1790219727110	124	
6528	ack	1790219727115	121	
6529	ack	1790219727120	126	
6530	ack	1790219727125	96	
6531	ack	1790219727130	147	
6532	ack	1790219727135	271	
6533	ack	1790219727140	162	
6534	ack	1790219727145	168	
6535	ack	1790219727150	148	
6536	ack	1790219727155	88	
6537	ack	1790219727160	112	
6538	ack	1790219727165	88	
6539	ack	1790219727170	98	
6540	ack	1790219727175	69	
6541	ack	1790219727180	91	
6542	ack	1790219727185	94	
6543	ack	1790219727190	69	
6544	ack	1790219727195	60	
6545	ack	1790219727200	99	
6546	ack	1790219727205	87	
6547	ack	1790219727210	72	
6548	ack	1790219727215	65	
6549	ack	1790219727220	173	
6550	ack	1790219727225	101	
6551	ack	1790219727230	92	
6552	ack	1790219727235	111	
6553	ack	1790219727240	75	
6554	ack	1790219727245	99	
6555	ack	1790219727250	151	
6556	ack	1790219727255	446	
6557	ack	1790219727260	570	
6558	ack	1790219727265	277	
6559	ack	1790219727270	132	
6560	ack	1790219727275	226	
6561	ack	1790219727280	111	
6562	ack	1790219727285	125	
6563	ack	1790219727290	151	
6564	ack	1790219727295	136	
6565	ack	1790219727300	90	
6566	ack	1790219727305	84	
6567	ack	1790219727310	101	
6568	ack	1790219727315	115	
6569	ack	1790219727320	93	
6570	ack	1790219727325	90	
6571	ack	1790219727330	105	
6572	ack	1790219727335	98	
6573	ack	1790219727340	91	
6574	ack	1790219727345	95	
6575	ack	1790219727350	73	
6576	ack	1790219727355	101	
6577	ack	1790219727360	92	
6578	ack	1790219727365	73	
6579	ack	1790219727370	63	
6580	ack	1790219727375	63	
6581	ack	1790219727380	90	
6582	ack	1790219727385	95	
6583	ack	1790219727390	96	
6584	ack	1790219727395	66	
6585	ack	1790219727400	90	
6586	ack	1790219727405	69	
6587	ack	1790219727410	87	
6588	ack	1790219727415	74	
6589	ack	1790219727420	87	
6590	ack	1790219727425	95	
6591	ack	1790219727430	91	
6592	ack	1790219727435	97	
6593	ack	1790219727440	63	
6594	ack	1790219727445	90	
6595	ack	1790219727450	145	
6596	ack	1790219727455	96	
6597	ack	1790219727460	83	
6598	ack	1790219727465	136	
6599	ack	1790219727470	90	
6600	ack	1790219727475	91	
6601	ack	1790219727480	69	
6602	ack	1790219727485	96	
6603	ack	1790219727490	89	
6604	ack	1790219727495	97	
6605	ack	1790219727500	60	
6606	ack	1790219727505	65	
6607	ack	1790219727510	90	
6608	ack	1790219727515	85	
6609	ack	1790219727520	57	
6610	ack	1790219727525	97	
6611	ack	1790219727530	90	
6612	ack	1790219727535	63	
6613	ack	1790219727540	94	
6614	ack	1790219727545	91	
6615	ack	1790219727550	86	
6616	ack	1790219727555	84	
6617	ack	1790219727560	90	
6618	ack	1790219727565	92	
6619	ack	1790219727570	90	
6620	ack	1790219727575	90	
6621	ack	1790219727580	88	
6622	ack	1790219727585	98	
6623	ack	1790219727590	65	
6624	ack	1790219727595	86	
6625	ack	1790219727600	83	
6626	ack	1790219727605	89	
6627	ack	1790219727610	64	
6628	ack	1790219727615	87	
6629	ack	1790219727620	109	
6630	ack	1790219727625	70	
6631	ack	1790219727630	140	
6632	ack	1790219727635	111	
6633	ack	1790219727640	202	
6634	ack	1790219727645	66	
6635	ack	1790219727650	151	
6636	ack	1790219727655	134	
6637	ack	1790219727660	117	
6638	ack	1790219727665	124	
6639	ack	1790219727670	126	
6640	ack	1790219727675	170	
6641	ack	1790219727680	99	
6642	ack	1790219727685	106	
6643	ack	1790219727690	189	
6644	ack	1790219727695	115	
6645	ack	1790219727700	115	
6646	ack	1790219727705	156	
6647	ack	1790219727710	163	
6648	ack	1790219727715	113	
6649	ack	1790219727720	102	
6650	ack	1790219727725	152	
6651	ack	1790219727730	348	
6652	ack	1790219727735	179	
6653	ack	1790219727740	117	
6654	ack	1790219727745	194	
6655	ack	1790219727750	158	
6656	ack	1790219727755	170	
6657	ack	1790219727760	172	
6658	ack	1790219727765	171	
6659	ack	1790219727770	118	
6660	ack	1790219727775	124	
6661	ack	1790219727780	139	
6662	ack	1790219727785	200	
6663	ack	1790219727790	131	
6664	ack	1790219727795	150	
6665	ack	1790219727800	124	
6666	ack	1790219727805	164	
6667	ack	1790219727810	106	
6668	ack	1790219727815	162	
6669	ack	1790219727820	134	
6670	ack	1790219727825	202	
6671	ack	1790219727830	337	
6672	ack	1790219727835	154	
6673	ack	1790219727840	154	
6674	ack	1790219727845	117	
6675	ack	1790219727850	97	
6676	ack	1790219727855	108	
6677	ack	1790219727860	91	
6678	ack	1790219727865	113	
6679	ack	1790219727870	90	
6680	ack	1790219727875	88	
6681	ack	1790219727880	121	
6682	ack	1790219727885	83	
6683	ack	1790219727890	99	
6684	ack	1790219727895	94	
6685	ack	1790219727900	105	
6686	ack	1790219727905	72	
6687	ack	1790219727910	98	
6688	ack	1790219727915	101	
6689	ack	1790219727920	66	
6690	ack	1790219727925	93	
6691	ack	1790219727930	71	
6692	ack	1790219727935	69	
6693	ack	1790219727940	89	
6694	ack	1790219727945	94	
6695	ack	1790219727950	77	
6696	ack	1790219727955	59	
6697	ack	1790219727960	87	
6698	ack	1790219727965	96	
6699	ack	1790219727970	77	
6700	ack	1790219727975	89	
6701	ack	1790219727980	96	
6702	ack	1790219727985	69	
6703	ack	1790219727990	91	
6704	ack	1790219727995	89	
6705	ack	1790219728000	76	
6706	ack	1790219728005	59	
6707	ack	1790219728010	99	
6708	ack	1790219728015	114	
6709	ack	1790219728020	156	
6710	ack	1790219728025	90	
6711	ack	1790219728030	86	
6712	ack	1790219728035	62	
6713	ack	1790219728040	93	
6714	ack	1790219728045	97	
6715	ack	1790219728050	63	
6716	ack	1790219728055	60	
6717	ack	1790219728060	91	
6718	ack	1790219728065	93	
6719	ack	1790219728070	60	
6720	ack	1790219728075	58	
6721	ack	1790219728080	93	
6722	ack	1790219728085	73	
6723	ack	1790219728090	101	
6724	ack	1790219728095	61	
6725	ack	1790219728100	87	
6726	ack	1790219728105	91	
6727	ack	1790219728110	86	
6728	ack	1790219728115	60	
6729	ack	1790219728120	90	
6730	ack	1790219728125	87	
6731	ack	1790219728130	88	
6732	ack	1790219728135	114	
6733	ack	1790219728140	81	
6734	ack	1790219728145	95	
6735	ack	1790219728150	116	
6736	ack	1790219728155	89	
6737	ack	1790219728160	62	
6738	ack	1790219728165	88	
6739	ack	1790219728170	92	
6740	ack	1790219728175	87	
6741	ack	1790219728180	58	
6742	ack	1790219728185	63	
6743	ack	1790219728190	85	
6744	ack	1790219728195	87	
6745	ack	1790219728200	57	
6746	ack	1790219728205	56	
6747	ack	1790219728210	64	
6748	ack	1790219728215	90	
6749	ack	1790219728220	61	
6750	ack	1790219728225	113	
6751	ack	1790219728230	88	
6752	ack	1790219728235	65	
6753	ack	1790219728240	98	
6754	ack	1790219728245	87	
6755	ack	1790219728250	55	
6756	ack	1790219728255	56	
6757	ack	1790219728260	87	
6758	ack	1790219728265	96	
6759	ack	1790219728270	107	
6760	ack	1790219728275	167	
6761	ack	1790219728280	120	
6762	ack	1790219728285	61	
6763	ack	1790219728290	572	
6764	ack	1790219728295	115	
6765	ack	1790219728300	166	
6766	ack	1790219728305	379	
6767	ack	1790219728310	113	
6768	ack	1790219728315	183	
6769	ack	1790219728320	132	
6770	ack	1790219728325	92	
6771	ack	1790219728330	91	
6772	ack	1790219728335	94	
6773	ack	1790219728340	94	
6774	ack	1790219728345	68	
6775	ack	1790219728350	115	
6776	ack	1790219728355	165	
6777	ack	1790219728360	163	
6778	ack	1790219728365	135	
6779	ack	1790219728370	169	
6780	ack	1790219728375	135	
6781	ack	1790219728380	140	
6782	ack	1790219728385	211	
6783	ack	1790219728390	189	
6784	ack	1790219728395	141	
6785	ack	1790219728400	139	
6786	ack	1790219728405	133	
6787	ack	1790219728410	146	
6788	ack	1790219728415	111	
6789	ack	1790219728420	153	
6790	ack	1790219728425	131	
6791	ack	1790219728430	153	
6792	ack	1790219728435	89	
6793	ack	1790219728440	198	
6794	ack	1790219728445	157	
6795	ack	1790219728450	170	
6796	ack	1790219728455	88	
6797	ack	1790219728460	131	
6798	ack	1790219728465	139	
6799	ack	1790219728470	164	
6800	ack	1790219728475	126	
6801	ack	1790219728480	169	
6802	ack	1790219728485	108	
6803	ack	1790219728490	142	
6804	ack	1790219728495	143	
6805	ack	1790219728500	181	
6806	ack	1790219728505	201	
6807	ack	1790219728510	125	
6808	ack	1790219728515	124	
6809	ack	1790219728520	165	
6810	ack	1790219728525	115	
6811	ack	1790219728530	167	
6812	ack	1790219728535	175	
6813	ack	1790219728540	77	
6814	ack	1790219728545	87	
6815	ack	1790219728550	127	
6816	ack	1790219728555	99	
6817	ack	1790219728560	88	
6818	ack	1790219728565	102	
6819	ack	1790219728570	96	
6820	ack	1790219728575	93	
6821	ack	1790219728580	91	
6822	ack	1790219728585	102	
6823	ack	1790219728590	99	
6824	ack	1790219728595	102	
6825	ack	1790219728600	132	
6826	ack	1790219728605	99	
6827	ack	1790219728610	98	
6828	ack	1790219728615	102	
6829	ack	1790219728620	73	
6830	ack	1790219728625	67	
6831	ack	1790219728630	110	
6832	ack	1790219728635	80	
6833	ack	1790219728640	92	
6834	ack	1790219728645	94	
6835	ack	1790219728650	108	
6836	ack	1790219728655	79	
6837	ack	1790219728660	89	
6838	ack	1790219728665	99	
6839	ack	1790219728670	97	
6840	ack	1790219728675	70	
6841	ack	1790219728680	113	
6842	ack	1790219728685	94	
6843	ack	1790219728690	72	
6844	ack	1790219728695	63	
6845	ack	1790219728700	90	
6846	ack	1790219728705	92	
6847	ack	1790219728710	96	
6848	ack	1790219728715	75	
6849	ack	1790219728720	92	
6850	ack	1790219728725	72	
6851	ack	1790219728730	95	
6852	ack	1790219728735	88	
6853	ack	1790219728740	69	
6854	ack	1790219728745	69	
6855	ack	1790219728750	87	
6856	ack	1790219728755	83	
6857	ack	1790219728760	62	
6858	ack	1790219728765	61	
6859	ack	1790219728770	89	
6860	ack	1790219728775	98	
6861	ack	1790219728780	90	
6862	ack	1790219728785	62	
6863	ack	1790219728790	92	
6864	ack	1790219728795	95	
6865	ack	1790219728800	88	
6866	ack	1790219728805	57	
6867	ack	1790219728810	101	
6868	ack	1790219728815	84	
6869	ack	1790219728820	94	
6870	ack	1790219728825	88	
6871	ack	1790219728830	61	
6872	ack	1790219728835	87	
6873	ack	1790219728840	97	
6874	ack	1790219728845	93	
6875	ack	1790219728850	62	
6876	ack	1790219728855	91	
6877	ack	1790219728860	76	
6878	ack	1790219728865	88	
6879	ack	1790219728870	60	
6880	ack	1790219728875	54	
6881	ack	1790219728880	89	
6882	ack	1790219728885	83	
6883	ack	1790219728890	91	
6884	ack	1790219728895	60	
6885	ack	1790219728900	90	
6886	ack	1790219728905	88	
6887	ack	1790219728910	92	
6888	ack	1790219728915	63	
6889	ack	1790219728920	99	
6890	ack	1790219728925	85	
6891	ack	1790219728930	95	
6892	ack	1790219728935	89	
6893	ack	1790219728940	60	
6894	ack	1790219728945	88	
6895	ack	1790219728950	96	
6896	ack	1790219728955	86	
6897	ack	1790219728960	60	
6898	ack	1790219728965	89	
6899	ack	1790219728970	90	
6900	ack	1790219728975	70	
6901	ack	1790219728980	87	
6902	ack	1790219728985	87	
6903	ack	1790219728990	89	
6904	ack	1790219728995	67	
6905	ack	1790219729000	82	
6906	ack	1790219729005	89	
6907	ack	1790219729010	92	
6908	ack	1790219729015	58	
6909	ack	1790219729020	87	
6910	ack	1790219729025	94	
6911	ack	1790219729030	137	
6912	ack	1790219729035	89	
6913	ack	1790219729040	61	
6914	ack	1790219729045	79	
6915	ack	1790219729050	114	
6916	ack	1790219729055	136	
6917	ack	1790219729060	121	
6918	ack	1790219729065	198	
6919	ack	1790219729070	139	
6920	ack	1790219729075	113	
6921	ack	1790219729080	186	
6922	ack	1790219729085	156	
6923	ack	1790219729090	224	
6924	ack	1790219729095	156	
6925	ack	1790219729100	118	
6926	ack	1790219729105	137	
6927	ack	1790219729110	128	
6928	ack	1790219729115	124	
6929	ack	1790219729120	107	
6930	ack	1790219729125	146	
6931	ack	1790219729130	126	
6932	ack	1790219729135	123	
6933	ack	1790219729140	459	
6934	ack	1790219729145	239	
6935	ack	1790219729150	162	
6936	ack	1790219729155	167	
6937	ack	1790219729160	243	
6938	ack	1790219729165	150	
6939	ack	1790219729170	107	
6940	ack	1790219729175	193	
6941	ack	1790219729180	174	
6942	ack	1790219729185	150	
6943	ack	1790219729190	139	
6944	ack	1790219729195	133	
6945	ack	1790219729200	158	
6946	ack	1790219729205	155	
6947	ack	1790219729210	128	
6948	ack	1790219729215	182	
6949	ack	1790219729220	102	
6950	ack	1790219729225	125	
6951	ack	1790219729230	193	
6952	ack	1790219729235	137	
6953	ack	1790219729240	92	
6954	ack	1790219729245	89	
6955	ack	1790219729250	125	
6956	ack	1790219729255	89	
6957	ack	1790219729260	89	
6958	ack	1790219729265	77	
6959	ack	1790219729270	91	
6960	ack	1790219729275	89	
6961	ack	1790219729280	97	
6962	ack	1790219729285	99	
6963	ack	1790219729290	72	
6964	ack	1790219729295	98	
6965	ack	1790219729300	145	
6966	ack	1790219729308	3029	
6967	ack	1790219729310	89	
6968	ack	1790219729315	115	
6969	ack	1790219729320	143	
6970	ack	1790219729325	162	
6971	ack	1790219729330	135	
6972	ack	1790219729335	87	
6973	ack	1790219729340	128	
6974	ack	1790219729345	100	
6975	ack	1790219729350	103	
6976	ack	1790219729355	55	
6977	ack	1790219729360	102	
6978	ack	1790219729365	127	
6979	ack	1790219729370	73	
6980	ack	1790219729375	63	
6981	ack	1790219729380	121	
6982	ack	1790219729385	103	
6983	ack	1790219729390	77	
6984	ack	1790219729395	64	
6985	ack	1790219729400	103	
6986	ack	1790219729405	88	
6987	ack	1790219729410	68	
6988	ack	1790219729415	87	
6989	ack	1790219729420	91	
6990	ack	1790219729425	68	
6991	ack	1790219729430	89	
6992	ack	1790219729435	91	
6993	ack	1790219729440	89	
6994	ack	1790219729445	61	
6995	ack	1790219729450	86	
6996	ack	1790219729455	89	
6997	ack	1790219729460	97	
6998	ack	1790219729465	61	
6999	ack	1790219729470	86	
7000	ack	1790219729475	161	
7001	ack	1790219729480	59	
7002	ack	1790219729485	58	
7003	ack	1790219729490	96	
7004	ack	1790219729495	89	
7005	ack	1790219729500	59	
7006	ack	1790219729505	54	
7007	ack	1790219729510	88	
7008	ack	1790219729515	90	
7009	ack	1790219729520	57	
7010	ack	1790219729525	76	
7011	ack	1790219729530	95	
7012	ack	1790219729535	66	
7013	ack	1790219729540	90	
7014	ack	1790219729545	91	
7015	ack	1790219729550	67	
7016	ack	1790219729555	56	
7017	ack	1790219729560	87	
7018	ack	1790219729565	90	
7019	ack	1790219729570	85	
7020	ack	1790219729575	89	
7021	ack	1790219729580	83	
7022	ack	1790219729585	89	
7023	ack	1790219729590	61	
7024	ack	1790219729595	89	
7025	ack	1790219729600	87	
7026	ack	1790219729605	89	
7027	ack	1790219729610	60	
7028	ack	1790219729615	98	
7029	ack	1790219729620	86	
7030	ack	1790219729625	67	
7031	ack	1790219729630	90	
7032	ack	1790219729635	87	
7033	ack	1790219729640	89	
7034	ack	1790219729645	60	
7035	ack	1790219729650	99	
7036	ack	1790219729655	86	
7037	ack	1790219729660	84	
7038	ack	1790219729665	127	
7039	ack	1790219729670	95	
7040	ack	1790219729675	128	
7041	ack	1790219729680	88	
7042	ack	1790219729685	62	
7043	ack	1790219729690	94	
7044	ack	1790219729695	89	
7045	ack	1790219729700	60	
7046	ack	1790219729705	58	
7047	ack	1790219729710	98	
7048	ack	1790219729715	93	
7049	ack	1790219729720	97	
7050	ack	1790219729725	94	
7051	ack	1790219729730	67	
7052	ack	1790219729735	89	
7053	ack	1790219729740	140	
7054	ack	1790219729745	299	
7055	ack	1790219729750	132	
7056	ack	1790219729755	115	
7057	ack	1790219729765	5127	
7058	ack	1790219729769	2023	
7059	ack	1790219729778	7457	
7060	ack	1790219729779	363	
7061	ack	1790219729780	302	
7062	ack	1790219729785	689	
7063	ack	1790219729791	741	
7064	ack	1790219729795	489	
7065	ack	1790219729801	434	
7066	ack	1790219729805	205	
7067	ack	1790219729810	364	
7068	ack	1790219729815	518	
7069	ack	1790219729820	237	
7070	ack	1790219729825	153	
7071	ack	1790219729830	160	
7072	ack	1790219729835	160	
7073	ack	1790219729840	125	
7074	ack	1790219729845	143	
7075	ack	1790219729850	206	
7076	ack	1790219729855	104	
7077	ack	1790219729860	119	
7078	ack	1790219729865	145	
7079	ack	1790219729870	148	
7080	ack	1790219729875	173	
7081	ack	1790219729880	361	
7082	ack	1790219729885	115	
7083	ack	1790219729890	166	
7084	ack	1790219729895	185	
7085	ack	1790219729900	146	
7086	ack	1790219729905	148	
7087	ack	1790219729910	155	
7088	ack	1790219729915	215	
7089	ack	1790219729920	127	
7090	ack	1790219729925	92	
7091	ack	1790219729930	140	
7092	ack	1790219729935	178	
7093	ack	1790219729940	169	
7094	ack	1790219729945	119	
7095	ack	1790219729950	136	
7096	ack	1790219729955	153	
7097	ack	1790219729960	189	
7098	ack	1790219729965	152	
7099	ack	1790219729970	112	
7100	ack	1790219729975	83	
7101	ack	1790219729980	120	
7102	ack	1790219729985	69	
7103	ack	1790219729990	106	
7104	ack	1790219729995	95	
7105	ack	1790219730000	84	
7106	ack	1790219730005	66	
7107	ack	1790219730010	87	
7108	ack	1790219730015	97	
7109	ack	1790219730020	73	
7110	ack	1790219730025	97	
7111	ack	1790219730030	68	
7112	ack	1790219730035	85	
7113	ack	1790219730040	156	
7114	ack	1790219730045	92	
7115	ack	1790219730050	89	
7116	ack	1790219730055	88	
7117	ack	1790219730060	87	
7118	ack	1790219730065	94	
7119	ack	1790219730070	155	
7120	ack	1790219730075	67	
7121	ack	1790219730080	94	
7122	ack	1790219730085	74	
7123	ack	1790219730090	62	
7124	ack	1790219730095	61	
7125	ack	1790219730100	98	
7126	ack	1790219730105	72	
7127	ack	1790219730110	63	
7128	ack	1790219730115	68	
7129	ack	1790219730120	89	
7130	ack	1790219730125	96	
7131	ack	1790219730130	75	
7132	ack	1790219730135	89	
7133	ack	1790219730140	61	
7134	ack	1790219730145	116	
7135	ack	1790219730150	156	
7136	ack	1790219730155	105	
7137	ack	1790219730160	98	
7138	ack	1790219730165	78	
7139	ack	1790219730170	84	
7140	ack	1790219730175	75	
7141	ack	1790219730180	59	
7142	ack	1790219730185	88	
7143	ack	1790219730190	91	
7144	ack	1790219730195	78	
7145	ack	1790219730200	62	
7146	ack	1790219730205	93	
7147	ack	1790219730210	89	
7148	ack	1790219730215	79	
7149	ack	1790219730220	62	
7150	ack	1790219730225	82	
7151	ack	1790219730230	89	
7152	ack	1790219730235	62	
7153	ack	1790219730240	79	
7154	ack	1790219730245	82	
7155	ack	1790219730250	88	
7156	ack	1790219730255	59	
7157	ack	1790219730260	71	
7158	ack	1790219730265	79	
7159	ack	1790219730270	90	
7160	ack	1790219730275	93	
7161	ack	1790219730280	91	
7162	ack	1790219730285	75	
7163	ack	1790219730290	60	
7164	ack	1790219730295	89	
7165	ack	1790219730300	87	
7166	ack	1790219730305	81	
7167	ack	1790219730310	59	
7168	ack	1790219730315	61	
7169	ack	1790219730320	589	
7170	ack	1790219730327	2343	
7171	ack	1790219730331	1411	
7172	ack	1790219730335	183	
7173	ack	1790219730340	122	
7174	ack	1790219730345	246	
7175	ack	1790219730350	133	
7176	ack	1790219730355	110	
7177	ack	1790219730360	94	
7178	ack	1790219730365	63	
7179	ack	1790219730370	94	
7180	ack	1790219730375	90	
7181	ack	1790219730380	84	
7182	ack	1790219730385	65	
7183	ack	1790219730390	94	
7184	ack	1790219730395	96	
7185	ack	1790219730400	62	
7186	ack	1790219730405	67	
7187	ack	1790219730410	85	
7188	ack	1790219730415	88	
7189	ack	1790219730420	64	
7190	ack	1790219730425	137	
7191	ack	1790219730430	90	
7192	ack	1790219730435	82	
7193	ack	1790219730440	100	
7194	ack	1790219730445	92	
7195	ack	1790219730450	82	
7196	ack	1790219730455	64	
7197	ack	1790219730460	89	
7198	ack	1790219730465	89	
7199	ack	1790219730470	92	
7200	ack	1790219730475	88	
7201	ack	1790219730480	177	
7202	ack	1790219730485	123	
7203	ack	1790219730490	125	
7204	ack	1790219730495	80	
7205	ack	1790219730500	232	
7206	ack	1790219730505	184	
7207	ack	1790219730510	141	
7208	ack	1790219730515	118	
7209	ack	1790219730520	170	
7210	ack	1790219730525	158	
7211	ack	1790219730530	139	
7212	ack	1790219730535	169	
7213	ack	1790219730540	128	
7214	ack	1790219730545	117	
7215	ack	1790219730550	136	
7216	ack	1790219730555	150	
7217	ack	1790219730560	90	
7218	ack	1790219730565	171	
7219	ack	1790219730570	197	
7220	ack	1790219730575	170	
7221	ack	1790219730580	187	
7222	ack	1790219730585	78	
7223	ack	1790219730590	180	
7224	ack	1790219730595	116	
7225	ack	1790219730600	163	
7226	ack	1790219730605	83	
7227	ack	1790219730610	209	
7228	ack	1790219730615	121	
7229	ack	1790219730620	101	
7230	ack	1790219730625	132	
7231	ack	1790219730630	132	
7232	ack	1790219730635	154	
7233	ack	1790219730640	220	
7234	ack	1790219730645	175	
7235	ack	1790219730650	130	
7236	ack	1790219730655	213	
7237	ack	1790219730660	172	
7238	ack	1790219730665	166	
7239	ack	1790219730670	111	
7240	ack	1790219730675	107	
7241	ack	1790219730680	110	
7242	ack	1790219730685	128	
7243	ack	1790219730690	80	
7244	ack	1790219730695	101	
7245	ack	1790219730700	97	
7246	ack	1790219730705	92	
7247	ack	1790219730710	78	
7248	ack	1790219730715	63	
7249	ack	1790219730720	91	
7250	ack	1790219730725	67	
7251	ack	1790219730730	111	
7252	ack	1790219730735	102	
7253	ack	1790219730740	73	
7254	ack	1790219730745	136	
7255	ack	1790219730750	140	
7256	ack	1790219730755	90	
7257	ack	1790219730760	91	
7258	ack	1790219730765	102	
7259	ack	1790219730770	113	
7260	ack	1790219730775	95	
7261	ack	1790219730780	113	
7262	ack	1790219730785	105	
7263	ack	1790219730790	82	
7264	ack	1790219730795	102	
7265	ack	1790219730800	92	
7266	ack	1790219730805	92	
7267	ack	1790219730810	82	
7268	ack	1790219730815	116	
7269	ack	1790219730820	89	
7270	ack	1790219730825	90	
7271	ack	1790219730830	140	
7272	ack	1790219730835	95	
7273	ack	1790219730840	96	
7274	ack	1790219730845	92	
7275	ack	1790219730850	117	
7276	ack	1790219730855	84	
7277	ack	1790219730860	140	
7278	ack	1790219730865	129	
7279	ack	1790219730870	87	
7280	ack	1790219730875	91	
7281	ack	1790219730880	88	
7282	ack	1790219730885	87	
7283	ack	1790219730890	71	
7284	ack	1790219730895	100	
7285	ack	1790219730900	90	
7286	ack	1790219730905	91	
7287	ack	1790219730910	58	
7288	ack	1790219730915	105	
7289	ack	1790219730920	94	
7290	ack	1790219730925	64	
7291	ack	1790219730930	89	
7292	ack	1790219730935	69	
7293	ack	1790219730940	89	
7294	ack	1790219730945	63	
7295	ack	1790219730950	98	
7296	ack	1790219730955	93	
7297	ack	1790219730960	85	
7298	ack	1790219730965	63	
7299	ack	1790219730970	95	
7300	ack	1790219730975	88	
7301	ack	1790219730980	88	
7302	ack	1790219730985	97	
7303	ack	1790219730990	69	
7304	ack	1790219730995	99	
7305	ack	1790219731000	103	
7306	ack	1790219731005	89	
7307	ack	1790219731010	67	
7308	ack	1790219731015	87	
7309	ack	1790219731020	92	
7310	ack	1790219731025	61	
7311	ack	1790219731030	86	
7312	ack	1790219731035	89	
7313	ack	1790219731040	91	
7314	ack	1790219731045	57	
7315	ack	1790219731050	89	
7316	ack	1790219731055	89	
7317	ack	1790219731060	89	
7318	ack	1790219731065	56	
7319	ack	1790219731070	106	
7320	ack	1790219731075	106	
7321	ack	1790219731080	173	
7322	ack	1790219731085	64	
7323	ack	1790219731090	100	
7324	ack	1790219731095	71	
7325	ack	1790219731100	64	
7326	ack	1790219731105	64	
7327	ack	1790219731110	96	
7328	ack	1790219731115	87	
7329	ack	1790219731120	73	
7330	ack	1790219731125	98	
7331	ack	1790219731130	59	
7332	ack	1790219731135	74	
7333	ack	1790219731140	112	
7334	ack	1790219731145	100	
7335	ack	1790219731150	68	
7336	ack	1790219731155	69	
7337	ack	1790219731160	97	
7338	ack	1790219731165	91	
7339	ack	1790219731170	98	
7340	ack	1790219731175	96	
7341	ack	1790219731180	113	
7342	ack	1790219731185	105	
7343	ack	1790219731190	143	
7344	ack	1790219731195	134	
7345	ack	1790219731200	166	
7346	ack	1790219731205	113	
7347	ack	1790219731210	164	
7348	ack	1790219731215	97	
7349	ack	1790219731220	205	
7350	ack	1790219731225	123	
7351	ack	1790219731230	107	
7352	ack	1790219731235	147	
7353	ack	1790219731240	143	
7354	ack	1790219731245	198	
7355	ack	1790219731250	161	
7356	ack	1790219731255	131	
7357	ack	1790219731260	116	
7358	ack	1790219731265	202	
7359	ack	1790219731270	200	
7360	ack	1790219731275	145	
7361	ack	1790219731280	115	
7362	ack	1790219731285	154	
7363	ack	1790219731290	184	
7364	ack	1790219731295	164	
7365	ack	1790219731300	118	
7366	ack	1790219731305	61	
7367	ack	1790219731310	187	
7368	ack	1790219731315	119	
7369	ack	1790219731320	85	
7370	ack	1790219731325	133	
7371	ack	1790219731330	157	
7372	ack	1790219731335	160	
7373	ack	1790219731340	158	
7374	ack	1790219731345	141	
7375	ack	1790219731350	363	
7376	ack	1790219731355	181	
7377	ack	1790219731360	416	
7378	ack	1790219731365	124	
7379	ack	1790219731370	170	
7380	ack	1790219731375	128	
7381	ack	1790219731380	143	
7382	ack	1790219731385	148	
7383	ack	1790219731390	80	
7384	ack	1790219731395	63	
7385	ack	1790219731400	103	
7386	ack	1790219731405	76	
7387	ack	1790219731410	76	
7388	ack	1790219731415	87	
7389	ack	1790219731420	109	
7390	ack	1790219731425	71	
7391	ack	1790219731430	98	
7392	ack	1790219731435	93	
7393	ack	1790219731440	70	
7394	ack	1790219731445	62	
7395	ack	1790219731450	115	
7396	ack	1790219731455	100	
7397	ack	1790219731460	83	
7398	ack	1790219731465	82	
7399	ack	1790219731470	86	
7400	ack	1790219731475	99	
7401	ack	1790219731480	115	
7402	ack	1790219731485	92	
7403	ack	1790219731490	63	
7404	ack	1790219731495	65	
7405	ack	1790219731500	80	
7406	ack	1790219731505	97	
7407	ack	1790219731510	71	
7408	ack	1790219731515	125	
7409	ack	1790219731520	112	
7410	ack	1790219731525	69	
7411	ack	1790219731530	151	
7412	ack	1790219731535	100	
7413	ack	1790219731540	66	
7414	ack	1790219731545	68	
7415	ack	1790219731550	99	
7416	ack	1790219731555	89	
7417	ack	1790219731560	80	
7418	ack	1790219731565	63	
7419	ack	1790219731570	86	
7420	ack	1790219731575	89	
7421	ack	1790219731580	58	
7422	ack	1790219731585	90	
7423	ack	1790219731590	87	
7424	ack	1790219731595	99	
7425	ack	1790219731600	96	
7426	ack	1790219731605	113	
7427	ack	1790219731610	99	
7428	ack	1790219731615	72	
7429	ack	1790219731620	82	
7430	ack	1790219731625	85	
7431	ack	1790219731630	90	
7432	ack	1790219731635	65	
7433	ack	1790219731640	89	
7434	ack	1790219731645	79	
7435	ack	1790219731650	98	
7436	ack	1790219731655	63	
7437	ack	1790219731660	82	
7438	ack	1790219731665	75	
7439	ack	1790219731670	101	
7440	ack	1790219731675	62	
7441	ack	1790219731680	89	
7442	ack	1790219731685	91	
7443	ack	1790219731690	61	
7444	ack	1790219731695	70	
7445	ack	1790219731700	86	
7446	ack	1790219731705	91	
7447	ack	1790219731710	66	
7448	ack	1790219731715	60	
7449	ack	1790219731720	96	
7450	ack	1790219731725	93	
7451	ack	1790219731730	95	
7452	ack	1790219731735	88	
7453	ack	1790219731740	63	
7454	ack	1790219731745	69	
7455	ack	1790219731750	80	
7456	ack	1790219731755	97	
7457	ack	1790219731760	62	
7458	ack	1790219731765	80	
7459	ack	1790219731770	104	
7460	ack	1790219731775	80	
7461	ack	1790219731780	67	
7462	ack	1790219731785	125	
7463	ack	1790219731790	102	
7464	ack	1790219731795	100	
7465	ack	1790219731800	93	
7466	ack	1790219731805	64	
7467	ack	1790219731810	98	
7468	ack	1790219731815	134	
7469	ack	1790219731820	98	
7470	ack	1790219731825	90	
7471	ack	1790219731830	72	
7472	ack	1790219731835	71	
7473	ack	1790219731840	99	
7474	ack	1790219731845	93	
7475	ack	1790219731850	58	
7476	ack	1790219731855	91	
7477	ack	1790219731860	169	
7478	ack	1790219731865	89	
7479	ack	1790219731870	62	
7480	ack	1790219731875	60	
7481	ack	1790219731880	152	
7482	ack	1790219731885	187	
7483	ack	1790219731890	107	
7484	ack	1790219731895	122	
7485	ack	1790219731900	185	
7486	ack	1790219731905	190	
7487	ack	1790219731910	180	
7488	ack	1790219731915	113	
7489	ack	1790219731920	205	
7490	ack	1790219731925	199	
7491	ack	1790219731930	170	
7492	ack	1790219731935	139	
7493	ack	1790219731940	97	
7494	ack	1790219731945	176	
7495	ack	1790219731950	181	
7496	ack	1790219731955	145	
7497	ack	1790219731960	158	
7498	ack	1790219731965	147	
7499	ack	1790219731970	158	
7500	ack	1790219731975	145	
7501	ack	1790219731980	166	
7502	ack	1790219731985	79	
7503	ack	1790219731990	141	
7504	ack	1790219731995	135	
7505	ack	1790219732000	173	
7506	ack	1790219732005	176	
7507	ack	1790219732010	151	
7508	ack	1790219732015	136	
7509	ack	1790219732020	135	
7510	ack	1790219732025	159	
7511	ack	1790219732030	172	
7512	ack	1790219732035	130	
7513	ack	1790219732040	133	
7514	ack	1790219732045	156	
7515	ack	1790219732050	124	
7516	ack	1790219732055	149	
7517	ack	1790219732060	144	
7518	ack	1790219732065	193	
7519	ack	1790219732070	179	
7520	ack	1790219732075	114	
7521	ack	1790219732080	117	
7522	ack	1790219732085	98	
7523	ack	1790219732090	90	
7524	ack	1790219732095	105	
7525	ack	1790219732100	116	
7526	ack	1790219732105	81	
7527	ack	1790219732110	100	
7528	ack	1790219732115	126	
7529	ack	1790219732120	72	
7530	ack	1790219732125	94	
7531	ack	1790219732130	116	
7532	ack	1790219732135	73	
7533	ack	1790219732140	96	
7534	ack	1790219732145	118	
7535	ack	1790219732150	136	
7536	ack	1790219732155	73	
7537	ack	1790219732160	109	
7538	ack	1790219732165	100	
7539	ack	1790219732170	73	
7540	ack	1790219732175	90	
7541	ack	1790219732180	126	
7542	ack	1790219732185	99	
7543	ack	1790219732190	80	
7544	ack	1790219732195	96	
7545	ack	1790219732200	123	
7546	ack	1790219732205	109	
7547	ack	1790219732210	95	
7548	ack	1790219732215	102	
7549	ack	1790219732220	81	
7550	ack	1790219732225	70	
7551	ack	1790219732230	130	
7552	ack	1790219732235	104	
7553	ack	1790219732240	84	
7554	ack	1790219732245	64	
7555	ack	1790219732250	102	
7556	ack	1790219732255	97	
7557	ack	1790219732260	79	
7558	ack	1790219732265	82	
7559	ack	1790219732270	107	
7560	ack	1790219732275	87	
7561	ack	1790219732280	67	
7562	ack	1790219732285	62	
7563	ack	1790219732290	149	
7564	ack	1790219732295	100	
7565	ack	1790219732300	58	
7566	ack	1790219732305	61	
7567	ack	1790219732310	81	
7568	ack	1790219732315	89	
7569	ack	1790219732320	61	
7570	ack	1790219732325	81	
7571	ack	1790219732330	77	
7572	ack	1790219732335	58	
7573	ack	1790219732340	89	
7574	ack	1790219732345	91	
7575	ack	1790219732350	77	
7576	ack	1790219732355	58	
7577	ack	1790219732360	76	
7578	ack	1790219732365	152	
7579	ack	1790219732370	147	
7580	ack	1790219732375	131	
7581	ack	1790219732380	149	
7582	ack	1790219732385	115	
7583	ack	1790219732390	462	
7584	ack	1790219732395	154	
7585	ack	1790219732400	97	
7586	ack	1790219732405	160	
7587	ack	1790219732410	129	
7588	ack	1790219732415	73	
7589	ack	1790219732420	121	
7590	ack	1790219732425	66	
7591	ack	1790219732430	93	
7592	ack	1790219732435	92	
7593	ack	1790219732440	61	
7594	ack	1790219732445	65	
7595	ack	1790219732450	88	
7596	ack	1790219732455	88	
7597	ack	1790219732460	60	
7598	ack	1790219732465	59	
7599	ack	1790219732470	81	
7600	ack	1790219732475	92	
7601	ack	1790219732480	88	
7602	ack	1790219732485	67	
7603	ack	1790219732490	98	
7604	ack	1790219732495	67	
7605	ack	1790219732500	85	
7606	ack	1790219732505	64	
7607	ack	1790219732510	152	
7608	ack	1790219732515	95	
7609	ack	1790219732520	60	
7610	ack	1790219732525	89	
7611	ack	1790219732530	65	
7612	ack	1790219732535	61	
7613	ack	1790219732540	81	
7614	ack	1790219732545	88	
7615	ack	1790219732550	58	
7616	ack	1790219732555	56	
7617	ack	1790219732560	92	
7618	ack	1790219732565	92	
7619	ack	1790219732570	62	
7620	ack	1790219732575	60	
7621	ack	1790219732580	156	
7622	ack	1790219732585	123	
7623	ack	1790219732590	138	
7624	ack	1790219732595	195	
7625	ack	1790219732600	204	
7626	ack	1790219732605	161	
7627	ack	1790219732610	116	
7628	ack	1790219732615	99	
7629	ack	1790219732620	176	
7630	ack	1790219732625	136	
7631	ack	1790219732630	157	
7632	ack	1790219732635	119	
7633	ack	1790219732640	111	
7634	ack	1790219732645	149	
7635	ack	1790219732650	173	
7636	ack	1790219732655	168	
7637	ack	1790219732660	143	
7638	ack	1790219732665	150	
7639	ack	1790219732670	154	
7640	ack	1790219732675	357	
7641	ack	1790219732680	242	
7642	ack	1790219732685	129	
7643	ack	1790219732690	188	
7644	ack	1790219732695	136	
7645	ack	1790219732700	74	
7646	ack	1790219732705	155	
7647	ack	1790219732710	194	
7648	ack	1790219732715	154	
7649	ack	1790219732720	141	
7650	ack	1790219732725	124	
7651	ack	1790219732730	194	
7652	ack	1790219732735	124	
7653	ack	1790219732740	174	
7654	ack	1790219732745	153	
7655	ack	1790219732750	110	
7656	ack	1790219732755	108	
7657	ack	1790219732760	155	
7658	ack	1790219732765	169	
7659	ack	1790219732770	169	
7660	ack	1790219732775	142	
7661	ack	1790219732780	155	
7662	ack	1790219732785	96	
7663	ack	1790219732790	95	
7664	ack	1790219732795	99	
7665	ack	1790219732800	143	
7666	ack	1790219732805	103	
7667	ack	1790219732810	69	
7668	ack	1790219732815	136	
7669	ack	1790219732820	107	
7670	ack	1790219732825	108	
7671	ack	1790219732830	146	
7672	ack	1790219732835	98	
7673	ack	1790219732840	103	
7674	ack	1790219732845	96	
7675	ack	1790219732850	137	
7676	ack	1790219732855	87	
7677	ack	1790219732860	95	
7678	ack	1790219732865	113	
7679	ack	1790219732870	200	
7680	ack	1790219732875	102	
7681	ack	1790219732880	120	
7682	ack	1790219732885	119	
7683	ack	1790219732890	110	
7684	ack	1790219732895	98	
7685	ack	1790219732900	101	
7686	ack	1790219732905	104	
7687	ack	1790219732910	93	
7688	ack	1790219732915	134	
7689	ack	1790219732920	82	
7690	ack	1790219732925	91	
7691	ack	1790219732930	119	
7692	ack	1790219732935	78	
7693	ack	1790219732940	154	
7694	ack	1790219732945	101	
7695	ack	1790219732950	120	
7696	ack	1790219732955	93	
7697	ack	1790219732960	98	
7698	ack	1790219732965	141	
7699	ack	1790219732970	105	
7700	ack	1790219732975	90	
7701	ack	1790219732980	103	
7702	ack	1790219732985	94	
7703	ack	1790219732990	95	
7704	ack	1790219732995	93	
7705	ack	1790219733000	76	
7706	ack	1790219733005	93	
7707	ack	1790219733010	82	
7708	ack	1790219733015	112	
7709	ack	1790219733020	77	
7710	ack	1790219733025	97	
7711	ack	1790219733030	93	
7712	ack	1790219733035	65	
7713	ack	1790219733040	92	
7714	ack	1790219733045	90	
7715	ack	1790219733050	91	
7716	ack	1790219733055	67	
7717	ack	1790219733060	88	
7718	ack	1790219733065	89	
7719	ack	1790219733070	96	
7720	ack	1790219733075	68	
7721	ack	1790219733080	82	
7722	ack	1790219733085	87	
7723	ack	1790219733090	59	
7724	ack	1790219733095	88	
7725	ack	1790219733100	61	
7726	ack	1790219733105	98	
7727	ack	1790219733110	109	
7728	ack	1790219733115	126	
7729	ack	1790219733120	103	
7730	ack	1790219733125	67	
7731	ack	1790219733130	106	
7732	ack	1790219733135	91	
7733	ack	1790219733140	70	
7734	ack	1790219733145	68	
7735	ack	1790219733150	114	
7736	ack	1790219733155	88	
7737	ack	1790219733160	71	
7738	ack	1790219733165	57	
7739	ack	1790219733170	98	
7740	ack	1790219733175	97	
7741	ack	1790219733180	92	
7742	ack	1790219733185	63	
7743	ack	1790219733190	90	
7744	ack	1790219733195	90	
7745	ack	1790219733200	92	
7746	ack	1790219733205	64	
7747	ack	1790219733210	67	
7748	ack	1790219733215	91	
7749	ack	1790219733220	93	
7750	ack	1790219733225	81	
7751	ack	1790219733230	63	
7752	ack	1790219733235	86	
7753	ack	1790219733240	87	
7754	ack	1790219733245	80	
7755	ack	1790219733250	59	
7756	ack	1790219733255	93	
7757	ack	1790219733260	97	
7758	ack	1790219733265	85	
7759	ack	1790219733270	63	
7760	ack	1790219733275	68	
7761	ack	1790219733280	142	
7762	ack	1790219733285	120	
7763	ack	1790219733290	120	
7764	ack	1790219733295	130	
7765	ack	1790219733300	136	
7766	ack	1790219733305	176	
7767	ack	1790219733310	132	
7768	ack	1790219733315	153	
7769	ack	1790219733320	157	
7770	ack	1790219733325	154	
7771	ack	1790219733330	168	
7772	ack	1790219733335	124	
7773	ack	1790219733340	134	
7774	ack	1790219733345	168	
7775	ack	1790219733350	150	
7776	ack	1790219733355	142	
7777	ack	1790219733360	125	
7778	ack	1790219733365	151	
7779	ack	1790219733370	149	
7780	ack	1790219733375	167	
7781	ack	1790219733380	154	
7782	ack	1790219733385	80	
7783	ack	1790219733390	112	
7784	ack	1790219733395	204	
7785	ack	1790219733400	421	
7786	ack	1790219733406	931	
7787	ack	1790219733410	233	
7788	ack	1790219733415	168	
7789	ack	1790219733420	758	
7790	ack	1790219733425	362	
7791	ack	1790219733430	187	
7792	ack	1790219733435	132	
7793	ack	1790219733440	106	
7794	ack	1790219733445	135	
7795	ack	1790219733450	96	
7796	ack	1790219733455	82	
7797	ack	1790219733460	150	
7798	ack	1790219733465	201	
7799	ack	1790219733470	106	
7800	ack	1790219733475	92	
7801	ack	1790219733480	127	
7802	ack	1790219733485	75	
7803	ack	1790219733490	101	
7804	ack	1790219733495	80	
7805	ack	1790219733500	96	
7806	ack	1790219733505	93	
7807	ack	1790219733510	91	
7808	ack	1790219733515	112	
7809	ack	1790219733520	109	
7810	ack	1790219733525	90	
7811	ack	1790219733530	96	
7812	ack	1790219733535	98	
7813	ack	1790219733540	68	
7814	ack	1790219733545	88	
7815	ack	1790219733550	89	
7816	ack	1790219733555	90	
7817	ack	1790219733560	72	
7818	ack	1790219733565	94	
7819	ack	1790219733570	99	
7820	ack	1790219733575	95	
7821	ack	1790219733580	78	
7822	ack	1790219733585	63	
7823	ack	1790219733590	97	
7824	ack	1790219733595	106	
7825	ack	1790219733600	126	
7826	ack	1790219733605	133	
7827	ack	1790219733610	101	
7828	ack	1790219733615	119	
7829	ack	1790219733620	70	
7830	ack	1790219733625	91	
7831	ack	1790219733630	86	
7832	ack	1790219733635	67	
7833	ack	1790219733640	91	
7834	ack	1790219733645	98	
7835	ack	1790219733650	62	
7836	ack	1790219733655	56	
7837	ack	1790219733660	88	
7838	ack	1790219733665	89	
7839	ack	1790219733670	62	
7840	ack	1790219733675	68	
7841	ack	1790219733680	101	
7842	ack	1790219733685	88	
7843	ack	1790219733690	60	
7844	ack	1790219733695	96	
7845	ack	1790219733700	87	
7846	ack	1790219733705	88	
7847	ack	1790219733710	60	
7848	ack	1790219733715	89	
7849	ack	1790219733720	99	
7850	ack	1790219733725	66	
7851	ack	1790219733730	94	
7852	ack	1790219733735	88	
7853	ack	1790219733740	91	
7854	ack	1790219733745	74	
7855	ack	1790219733750	91	
7856	ack	1790219733755	80	
7857	ack	1790219733760	88	
7858	ack	1790219733765	58	
7859	ack	1790219733770	169	
7860	ack	1790219733775	132	
7861	ack	1790219733780	234	
7862	ack	1790219733785	141	
7863	ack	1790219733790	186	
7864	ack	1790219733795	171	
7865	ack	1790219733800	202	
7866	ack	1790219733805	150	
7867	ack	1790219733810	171	
7868	ack	1790219733815	169	
7869	ack	1790219733820	117	
7870	ack	1790219733825	83	
7871	ack	1790219733830	143	
7872	ack	1790219733835	107	
7873	ack	1790219733840	100	
7874	ack	1790219733845	100	
7875	ack	1790219733850	95	
7876	ack	1790219733855	65	
7877	ack	1790219733860	91	
7878	ack	1790219733865	140	
7879	ack	1790219733870	137	
7880	ack	1790219733875	74	
7881	ack	1790219733880	147	
7882	ack	1790219733885	122	
7883	ack	1790219733890	87	
7884	ack	1790219733895	73	
7885	ack	1790219733900	139	
7886	ack	1790219733905	99	
7887	ack	1790219733910	70	
7888	ack	1790219733915	119	
7889	ack	1790219733920	107	
7890	ack	1790219733925	74	
7891	ack	1790219733930	113	
7892	ack	1790219733935	101	
7893	ack	1790219733940	71	
7894	ack	1790219733945	62	
7895	ack	1790219733950	125	
7896	ack	1790219733955	88	
7897	ack	1790219733960	80	
7898	ack	1790219733965	127	
7899	ack	1790219733970	115	
7900	ack	1790219733975	153	
7901	ack	1790219733980	126	
7902	ack	1790219733985	123	
7903	ack	1790219733990	138	
7904	ack	1790219733995	71	
7905	ack	1790219734000	115	
7906	ack	1790219734005	108	
7907	ack	1790219734010	124	
7908	ack	1790219734015	153	
7909	ack	1790219734020	151	
7910	ack	1790219734025	108	
7911	ack	1790219734030	185	
7912	ack	1790219734035	126	
7913	ack	1790219734040	190	
7914	ack	1790219734045	118	
7915	ack	1790219734050	135	
7916	ack	1790219734055	145	
7917	ack	1790219734060	147	
7918	ack	1790219734065	137	
7919	ack	1790219734070	176	
7920	ack	1790219734075	189	
7921	ack	1790219734080	218	
7922	ack	1790219734085	169	
7923	ack	1790219734090	124	
7924	ack	1790219734095	164	
7925	ack	1790219734100	160	
7926	ack	1790219734105	151	
7927	ack	1790219734110	147	
7928	ack	1790219734115	131	
7929	ack	1790219734120	105	
7930	ack	1790219734125	150	
7931	ack	1790219734130	184	
7932	ack	1790219734135	155	
7933	ack	1790219734140	138	
7934	ack	1790219734145	96	
7935	ack	1790219734150	136	
7936	ack	1790219734155	156	
7937	ack	1790219734160	163	
7938	ack	1790219734165	140	
7939	ack	1790219734170	118	
7940	ack	1790219734175	82	
7941	ack	1790219734180	181	
7942	ack	1790219734185	115	
7943	ack	1790219734190	76	
7944	ack	1790219734195	86	
7945	ack	1790219734200	128	
7946	ack	1790219734205	105	
7947	ack	1790219734210	101	
7948	ack	1790219734215	92	
7949	ack	1790219734220	102	
7950	ack	1790219734225	82	
7951	ack	1790219734230	112	
7952	ack	1790219734235	89	
7953	ack	1790219734240	75	
7954	ack	1790219734245	62	
7955	ack	1790219734250	106	
7956	ack	1790219734255	99	
7957	ack	1790219734260	67	
7958	ack	1790219734265	72	
7959	ack	1790219734270	103	
7960	ack	1790219734275	88	
7961	ack	1790219734280	158	
7962	ack	1790219734285	69	
7963	ack	1790219734290	103	
7964	ack	1790219734295	97	
7965	ack	1790219734300	117	
7966	ack	1790219734305	74	
7967	ack	1790219734310	89	
7968	ack	1790219734315	100	
7969	ack	1790219734320	105	
7970	ack	1790219734325	101	
7971	ack	1790219734330	90	
7972	ack	1790219734335	98	
7973	ack	1790219734340	88	
7974	ack	1790219734345	98	
7975	ack	1790219734350	98	
7976	ack	1790219734355	96	
7977	ack	1790219734360	88	
7978	ack	1790219734365	100	
7979	ack	1790219734370	67	
7980	ack	1790219734375	57	
7981	ack	1790219734380	84	
7982	ack	1790219734385	105	
7983	ack	1790219734390	93	
7984	ack	1790219734395	74	
7985	ack	1790219734400	90	
7986	ack	1790219734405	137	
7987	ack	1790219734410	176	
7988	ack	1790219734415	827	
7989	ack	1790219734420	103	
7990	ack	1790219734425	155	
7991	ack	1790219734430	207	
7992	ack	1790219734435	121	
7993	ack	1790219734440	149	
7994	ack	1790219734445	143	
7995	ack	1790219734450	128	
7996	ack	1790219734455	112	
7997	ack	1790219734460	115	
7998	ack	1790219734465	86	
7999	ack	1790219734470	100	
8000	ack	1790219734475	68	
8001	ack	1790219734480	90	
8002	ack	1790219734485	86	
8003	ack	1790219734490	89	
8004	ack	1790219734495	58	
8005	ack	1790219734500	96	
8006	ack	1790219734505	86	
8007	ack	1790219734510	92	
8008	ack	1790219734515	77	
8009	ack	1790219734520	99	
8010	ack	1790219734525	91	
8011	ack	1790219734530	91	
8012	ack	1790219734535	96	
8013	ack	1790219734540	62	
8014	ack	1790219734545	85	
8015	ack	1790219734550	86	
8016	ack	1790219734555	88	
8017	ack	1790219734560	69	
8018	ack	1790219734565	89	
8019	ack	1790219734570	89	
8020	ack	1790219734575	83	
8021	ack	1790219734580	90	
8022	ack	1790219734585	62	
8023	ack	1790219734590	85	
8024	ack	1790219734595	98	
8025	ack	1790219734600	90	
8026	ack	1790219734605	60	
8027	ack	1790219734610	90	
8028	ack	1790219734615	93	
8029	ack	1790219734620	61	
8030	ack	1790219734625	89	
8031	ack	1790219734630	59	
8032	ack	1790219734635	55	
8033	ack	1790219734640	89	
8034	ack	1790219734645	97	
8035	ack	1790219734650	60	
8036	ack	1790219734655	59	
8037	ack	1790219734660	88	
8038	ack	1790219734665	86	
8039	ack	1790219734670	133	
8040	ack	1790219734675	125	
8041	ack	1790219734680	165	
8042	ack	1790219734685	129	
8043	ack	1790219734690	89	
8044	ack	1790219734695	113	
8045	ack	1790219734700	137	
8046	ack	1790219734705	180	
8047	ack	1790219734710	82	
8048	ack	1790219734715	115	
8049	ack	1790219734720	111	
8050	ack	1790219734725	84	
8051	ack	1790219734730	176	
8052	ack	1790219734735	141	
8053	ack	1790219734740	132	
8054	ack	1790219734745	140	
8055	ack	1790219734750	188	
8056	ack	1790219734755	118	
8057	ack	1790219734760	178	
8058	ack	1790219734765	142	
8059	ack	1790219734770	234	
8060	ack	1790219734775	127	
8061	ack	1790219734780	99	
8062	ack	1790219734785	168	
8063	ack	1790219734790	159	
8064	ack	1790219734795	187	
8065	ack	1790219734800	128	
8066	ack	1790219734805	86	
8067	ack	1790219734810	184	
8068	ack	1790219734815	155	
8069	ack	1790219734820	145	
8070	ack	1790219734825	253	
8071	ack	1790219734830	158	
8072	ack	1790219734835	118	
8073	ack	1790219734840	147	
8074	ack	1790219734845	149	
8075	ack	1790219734850	171	
8076	ack	1790219734855	119	
8077	ack	1790219734860	149	
8078	ack	1790219734865	143	
8079	ack	1790219734870	85	
8080	ack	1790219734875	91	
8081	ack	1790219734880	171	
8082	ack	1790219734885	125	
8083	ack	1790219734890	80	
8084	ack	1790219734895	101	
8085	ack	1790219734900	154	
8086	ack	1790219734905	96	
8087	ack	1790219734910	73	
8088	ack	1790219734915	135	
8089	ack	1790219734920	111	
8090	ack	1790219734925	79	
8091	ack	1790219734930	138	
8092	ack	1790219734935	112	
8093	ack	1790219734940	86	
8094	ack	1790219734945	63	
8095	ack	1790219734950	127	
8096	ack	1790219734955	97	
8097	ack	1790219734960	68	
8098	ack	1790219734965	102	
8099	ack	1790219734970	98	
8100	ack	1790219734975	63	
8101	ack	1790219734980	206	
8102	ack	1790219734985	102	
8103	ack	1790219734990	73	
8104	ack	1790219734995	61	
8105	ack	1790219735000	148	
8106	ack	1790219735005	95	
8107	ack	1790219735010	72	
8108	ack	1790219735015	131	
8109	ack	1790219735020	101	
8110	ack	1790219735025	69	
8111	ack	1790219735030	158	
8112	ack	1790219735035	102	
8113	ack	1790219735040	77	
8114	ack	1790219735045	61	
8115	ack	1790219735050	124	
8116	ack	1790219735055	96	
8117	ack	1790219735060	68	
8118	ack	1790219735065	78	
8119	ack	1790219735070	100	
8120	ack	1790219735075	87	
8121	ack	1790219735080	65	
8122	ack	1790219735085	97	
8123	ack	1790219735090	87	
8124	ack	1790219735095	90	
8125	ack	1790219735100	61	
8126	ack	1790219735105	121	
8127	ack	1790219735110	103	
8128	ack	1790219735115	93	
8129	ack	1790219735120	144	
8130	ack	1790219735125	93	
8131	ack	1790219735130	89	
8132	ack	1790219735135	59	
8133	ack	1790219735140	91	
8134	ack	1790219735145	98	
8135	ack	1790219735150	90	
8136	ack	1790219735155	72	
8137	ack	1790219735160	87	
8138	ack	1790219735165	93	
8139	ack	1790219735170	98	
8140	ack	1790219735175	60	
8141	ack	1790219735180	91	
8142	ack	1790219735185	92	
8143	ack	1790219735190	57	
8144	ack	1790219735195	67	
8145	ack	1790219735200	88	
8146	ack	1790219735205	91	
8147	ack	1790219735210	59	
8148	ack	1790219735215	65	
8149	ack	1790219735220	86	
8150	ack	1790219735225	64	
8151	ack	1790219735230	88	
8152	ack	1790219735235	90	
8153	ack	1790219735240	64	
8154	ack	1790219735245	64	
8155	ack	1790219735250	96	
8156	ack	1790219735255	83	
8157	ack	1790219735260	63	
8158	ack	1790219735265	91	
8159	ack	1790219735270	95	
8160	ack	1790219735275	88	
8161	ack	1790219735280	84	
8162	ack	1790219735285	60	
8163	ack	1790219735290	86	
8164	ack	1790219735295	97	
8165	ack	1790219735300	92	
8166	ack	1790219735305	59	
8167	ack	1790219735310	88	
8168	ack	1790219735315	92	
8169	ack	1790219735320	96	
8170	ack	1790219735325	94	
8171	ack	1790219735330	58	
8172	ack	1790219735335	90	
8173	ack	1790219735340	178	
8174	ack	1790219735345	91	
8175	ack	1790219735350	61	
8176	ack	1790219735355	88	
8177	ack	1790219735360	90	
8178	ack	1790219735365	201	
8179	ack	1790219735370	83	
8180	ack	1790219735375	63	
8181	ack	1790219735380	157	
8182	ack	1790219735385	167	
8183	ack	1790219735390	82	
8184	ack	1790219735395	146	
8185	ack	1790219735400	153	
8186	ack	1790219735405	168	
8187	ack	1790219735410	155	
8188	ack	1790219735415	93	
8189	ack	1790219735420	142	
8190	ack	1790219735425	314	
8191	ack	1790219735430	286	
8192	ack	1790219735435	135	
8193	ack	1790219735440	158	
8194	ack	1790219735445	139	
8195	ack	1790219735450	470	
8196	ack	1790219735455	138	
8197	ack	1790219735460	606	
8198	ack	1790219735465	117	
8199	ack	1790219735470	157	
8200	ack	1790219735475	149	
8201	ack	1790219735480	143	
8202	ack	1790219735485	175	
8203	ack	1790219735490	156	
8204	ack	1790219735495	116	
8205	ack	1790219735500	100	
8206	ack	1790219735505	199	
8207	ack	1790219735510	117	
8208	ack	1790219735515	173	
8209	ack	1790219735520	109	
8210	ack	1790219735525	107	
8211	ack	1790219735530	216	
8212	ack	1790219735535	112	
8213	ack	1790219735540	148	
8214	ack	1790219735545	120	
8215	ack	1790219735550	164	
8216	ack	1790219735555	134	
8217	ack	1790219735560	133	
8218	ack	1790219735565	154	
8219	ack	1790219735570	120	
8220	ack	1790219735575	91	
8221	ack	1790219735580	103	
8222	ack	1790219735585	98	
8223	ack	1790219735590	78	
8224	ack	1790219735595	65	
8225	ack	1790219735600	124	
8226	ack	1790219735605	90	
8227	ack	1790219735610	72	
8228	ack	1790219735615	112	
8229	ack	1790219735620	96	
8230	ack	1790219735625	151	
8231	ack	1790219735630	114	
8232	ack	1790219735635	91	
8233	ack	1790219735640	76	
8234	ack	1790219735645	66	
8235	ack	1790219735650	102	
8236	ack	1790219735655	90	
8237	ack	1790219735660	62	
8238	ack	1790219735665	67	
8239	ack	1790219735670	98	
8240	ack	1790219735675	85	
8241	ack	1790219735680	93	
8242	ack	1790219735685	71	
8243	ack	1790219735690	89	
8244	ack	1790219735695	87	
8245	ack	1790219735700	130	
8246	ack	1790219735705	99	
8247	ack	1790219735710	102	
8248	ack	1790219735715	129	
8249	ack	1790219735720	98	
8250	ack	1790219735725	91	
8251	ack	1790219735730	123	
8252	ack	1790219735735	113	
8253	ack	1790219735740	90	
8254	ack	1790219735745	178	
8255	ack	1790219735750	137	
8256	ack	1790219735755	111	
8257	ack	1790219735760	98	
8258	ack	1790219735765	97	
8259	ack	1790219735770	69	
8260	ack	1790219735775	62	
8261	ack	1790219735780	89	
8262	ack	1790219735785	87	
8263	ack	1790219735790	70	
8264	ack	1790219735795	63	
8265	ack	1790219735800	119	
8266	ack	1790219735805	89	
8267	ack	1790219735810	69	
8268	ack	1790219735815	96	
8269	ack	1790219735820	117	
8270	ack	1790219735825	90	
8271	ack	1790219735830	93	
8272	ack	1790219735835	88	
8273	ack	1790219735840	69	
8274	ack	1790219735845	62	
8275	ack	1790219735850	89	
8276	ack	1790219735855	86	
8277	ack	1790219735860	62	
8278	ack	1790219735865	85	
8279	ack	1790219735870	89	
8280	ack	1790219735875	93	
8281	ack	1790219735880	83	
8282	ack	1790219735885	56	
8283	ack	1790219735890	87	
8284	ack	1790219735895	88	
8285	ack	1790219735900	56	
8286	ack	1790219735905	57	
8287	ack	1790219735910	95	
8288	ack	1790219735915	127	
8289	ack	1790219735920	114	
8290	ack	1790219735925	97	
8291	ack	1790219735930	74	
8292	ack	1790219735935	66	
8293	ack	1790219735940	95	
8294	ack	1790219735945	90	
8295	ack	1790219735950	59	
8296	ack	1790219735955	89	
8297	ack	1790219735960	101	
8298	ack	1790219735965	91	
8299	ack	1790219735970	68	
8300	ack	1790219735975	90	
8301	ack	1790219735980	89	
8302	ack	1790219735985	62	
8303	ack	1790219735990	99	
8304	ack	1790219735995	96	
8305	ack	1790219736000	103	
8306	ack	1790219736005	61	
8307	ack	1790219736010	101	
8308	ack	1790219736015	88	
8309	ack	1790219736020	86	
8310	ack	1790219736025	92	
8311	ack	1790219736030	63	
8312	ack	1790219736035	64	
8313	ack	1790219736040	90	
8314	ack	1790219736045	90	
8315	ack	1790219736050	62	
8316	ack	1790219736055	55	
8317	ack	1790219736060	91	
8318	ack	1790219736065	117	
8319	ack	1790219736070	145	
8320	ack	1790219736075	104	
8321	ack	1790219736080	174	
8322	ack	1790219736085	150	
8323	ack	1790219736090	160	
8324	ack	1790219736095	104	
8325	ack	1790219736100	134	
8326	ack	1790219736105	162	
8327	ack	1790219736110	118	
8328	ack	1790219736115	123	
8329	ack	1790219736120	118	
8330	ack	1790219736125	169	
8331	ack	1790219736130	123	
8332	ack	1790219736135	157	
8333	ack	1790219736140	115	
8334	ack	1790219736145	155	
8335	ack	1790219736150	176	
8336	ack	1790219736155	100	
8337	ack	1790219736160	118	
8338	ack	1790219736165	196	
8339	ack	1790219736170	141	
8340	ack	1790219736175	122	
8341	ack	1790219736180	191	
8342	ack	1790219736185	134	
8343	ack	1790219736190	180	
8344	ack	1790219736195	148	
8345	ack	1790219736200	151	
8346	ack	1790219736205	79	
8347	ack	1790219736210	250	
8348	ack	1790219736215	121	
8349	ack	1790219736220	138	
8350	ack	1790219736225	161	
8351	ack	1790219736230	70	
8352	ack	1790219736235	117	
8353	ack	1790219736240	154	
8354	ack	1790219736245	171	
8355	ack	1790219736250	148	
8356	ack	1790219736255	104	
8357	ack	1790219736260	112	
8358	ack	1790219736265	117	
8359	ack	1790219736270	85	
8360	ack	1790219736275	92	
8361	ack	1790219736280	102	
8362	ack	1790219736285	98	
8363	ack	1790219736290	74	
8364	ack	1790219736295	81	
8365	ack	1790219736300	124	
8366	ack	1790219736305	105	
8367	ack	1790219736310	76	
8368	ack	1790219736315	148	
8369	ack	1790219736320	95	
8370	ack	1790219736325	90	
8371	ack	1790219736330	123	
8372	ack	1790219736335	91	
8373	ack	1790219736340	91	
8374	ack	1790219736345	73	
8375	ack	1790219736350	117	
8376	ack	1790219736355	101	
8377	ack	1790219736360	101	
8378	ack	1790219736365	77	
8379	ack	1790219736370	112	
8380	ack	1790219736375	89	
8381	ack	1790219736380	78	
8382	ack	1790219736385	106	
8383	ack	1790219736390	92	
8384	ack	1790219736395	101	
8385	ack	1790219736400	102	
8386	ack	1790219736405	97	
8387	ack	1790219736410	90	
8388	ack	1790219736415	125	
8389	ack	1790219736420	85	
8390	ack	1790219736425	102	
8391	ack	1790219736430	98	
8392	ack	1790219736435	71	
8393	ack	1790219736440	107	
8394	ack	1790219736445	151	
8395	ack	1790219736450	125	
8396	ack	1790219736455	111	
8397	ack	1790219736460	148	
8398	ack	1790219736465	156	
8399	ack	1790219736470	88	
8400	ack	1790219736475	75	
8401	ack	1790219736480	120	
8402	ack	1790219736485	105	
8403	ack	1790219736490	138	
8404	ack	1790219736495	92	
8405	ack	1790219736500	97	
8406	ack	1790219736505	76	
8407	ack	1790219736510	99	
8408	ack	1790219736515	86	
8409	ack	1790219736520	97	
8410	ack	1790219736525	74	
8411	ack	1790219736530	63	
8412	ack	1790219736535	89	
8413	ack	1790219736540	81	
8414	ack	1790219736545	80	
8415	ack	1790219736550	58	
8416	ack	1790219736555	169	
8417	ack	1790219736560	75	
8418	ack	1790219736565	77	
8419	ack	1790219736570	55	
8420	ack	1790219736575	57	
8421	ack	1790219736580	83	
8422	ack	1790219736585	97	
8423	ack	1790219736590	55	
8424	ack	1790219736595	63	
8425	ack	1790219736600	90	
8426	ack	1790219736605	110	
8427	ack	1790219736610	73	
8428	ack	1790219736615	60	
8429	ack	1790219736620	92	
8430	ack	1790219736625	89	
8431	ack	1790219736630	87	
8432	ack	1790219736635	93	
8433	ack	1790219736640	69	
8434	ack	1790219736645	87	
8435	ack	1790219736650	94	
8436	ack	1790219736655	89	
8437	ack	1790219736660	60	
8438	ack	1790219736665	55	
8439	ack	1790219736670	88	
8440	ack	1790219736675	86	
8441	ack	1790219736680	61	
8442	ack	1790219736685	97	
8443	ack	1790219736690	85	
8444	ack	1790219736695	91	
8445	ack	1790219736700	63	
8446	ack	1790219736705	89	
8447	ack	1790219736710	88	
8448	ack	1790219736715	84	
8449	ack	1790219736720	66	
8450	ack	1790219736725	77	
8451	ack	1790219736730	89	
8452	ack	1790219736735	61	
8453	ack	1790219736740	88	
8454	ack	1790219736745	95	
8455	ack	1790219736750	87	
8456	ack	1790219736755	227	
8457	ack	1790219736760	282	
8458	ack	1790219736765	252	
8459	ack	1790219736770	100	
8460	ack	1790219736775	90	
8461	ack	1790219736780	201	
8462	ack	1790219736785	193	
8463	ack	1790219736790	123	
8464	ack	1790219736795	176	
8465	ack	1790219736800	175	
8466	ack	1790219736805	225	
8467	ack	1790219736810	159	
8468	ack	1790219736815	116	
8469	ack	1790219736820	194	
8470	ack	1790219736825	85	
8471	ack	1790219736830	213	
8472	ack	1790219736835	141	
8473	ack	1790219736840	127	
8474	ack	1790219736845	140	
8475	ack	1790219736850	122	
8476	ack	1790219736855	139	
8477	ack	1790219736860	157	
8478	ack	1790219736865	205	
8479	ack	1790219736870	136	
8480	ack	1790219736875	139	
8481	ack	1790219736880	114	
8482	ack	1790219736885	67	
8483	ack	1790219736890	201	
8484	ack	1790219736895	195	
8485	ack	1790219736900	112	
8486	ack	1790219736905	104	
8487	ack	1790219736910	202	
8488	ack	1790219736915	171	
8489	ack	1790219736920	131	
8490	ack	1790219736925	137	
8491	ack	1790219736930	135	
8492	ack	1790219736935	116	
8493	ack	1790219736940	143	
8494	ack	1790219736945	182	
8495	ack	1790219736950	193	
8496	ack	1790219736955	98	
8497	ack	1790219736960	122	
8498	ack	1790219736965	163	
8499	ack	1790219736970	103	
8500	ack	1790219736975	99	
8501	ack	1790219736980	132	
8502	ack	1790219736985	97	
8503	ack	1790219736990	105	
8504	ack	1790219736995	99	
8505	ack	1790219737000	102	
8506	ack	1790219737005	65	
8507	ack	1790219737010	100	
8508	ack	1790219737015	147	
8509	ack	1790219737020	84	
8510	ack	1790219737025	91	
8511	ack	1790219737030	125	
8512	ack	1790219737035	72	
8513	ack	1790219737040	104	
8514	ack	1790219737045	93	
8515	ack	1790219737050	123	
8516	ack	1790219737055	75	
8517	ack	1790219737060	109	
8518	ack	1790219737065	125	
8519	ack	1790219737070	95	
8520	ack	1790219737075	97	
8521	ack	1790219737080	175	
8522	ack	1790219737085	101	
8523	ack	1790219737090	74	
8524	ack	1790219737095	95	
8525	ack	1790219737100	132	
8526	ack	1790219737105	98	
8527	ack	1790219737110	73	
8528	ack	1790219737115	132	
8529	ack	1790219737120	167	
8530	ack	1790219737125	69	
8531	ack	1790219737130	175	
8532	ack	1790219737135	111	
8533	ack	1790219737140	120	
8534	ack	1790219737145	86	
8535	ack	1790219737150	146	
8536	ack	1790219737155	94	
8537	ack	1790219737160	105	
8538	ack	1790219737165	75	
8539	ack	1790219737170	96	
8540	ack	1790219737175	88	
8541	ack	1790219737180	77	
8542	ack	1790219737185	62	
8543	ack	1790219737190	86	
8544	ack	1790219737195	92	
8545	ack	1790219737200	97	
8546	ack	1790219737205	66	
8547	ack	1790219737210	68	
8548	ack	1790219737215	89	
8549	ack	1790219737220	147	
8550	ack	1790219737225	72	
8551	ack	1790219737230	69	
8552	ack	1790219737235	63	
8553	ack	1790219737240	93	
8554	ack	1790219737245	93	
8555	ack	1790219737250	64	
8556	ack	1790219737255	55	
8557	ack	1790219737260	88	
8558	ack	1790219737265	128	
8559	ack	1790219737270	81	
8560	ack	1790219737275	67	
8561	ack	1790219737280	91	
8562	ack	1790219737285	91	
8563	ack	1790219737290	92	
8564	ack	1790219737295	65	
8565	ack	1790219737300	99	
8566	ack	1790219737305	80	
8567	ack	1790219737310	96	
8568	ack	1790219737315	59	
8569	ack	1790219737320	87	
8570	ack	1790219737325	91	
8571	ack	1790219737330	92	
8572	ack	1790219737335	91	
8573	ack	1790219737340	77	
8574	ack	1790219737345	99	
8575	ack	1790219737350	88	
8576	ack	1790219737355	85	
8577	ack	1790219737360	67	
8578	ack	1790219737365	96	
8579	ack	1790219737370	94	
8580	ack	1790219737375	83	
8581	ack	1790219737380	89	
8582	ack	1790219737385	63	
8583	ack	1790219737390	99	
8584	ack	1790219737395	88	
8585	ack	1790219737400	101	
8586	ack	1790219737405	61	
8587	ack	1790219737410	99	
8588	ack	1790219737415	92	
8589	ack	1790219737420	90	
8590	ack	1790219737425	91	
8591	ack	1790219737430	76	
8592	ack	1790219737435	88	
8593	ack	1790219737440	90	
8594	ack	1790219737445	89	
8595	ack	1790219737450	65	
8596	ack	1790219737455	109	
8597	ack	1790219737460	88	
8598	ack	1790219737465	123	
8599	ack	1790219737470	92	
8600	ack	1790219737475	150	
8601	ack	1790219737480	269	
8602	ack	1790219737485	123	
8603	ack	1790219737490	142	
8604	ack	1790219737495	128	
8605	ack	1790219737500	172	
8606	ack	1790219737505	135	
8607	ack	1790219737510	172	
8608	ack	1790219737515	154	
8609	ack	1790219737520	78	
8610	ack	1790219737525	167	
8611	ack	1790219737530	164	
8612	ack	1790219737535	127	
8613	ack	1790219737540	143	
8614	ack	1790219737545	127	
8615	ack	1790219737550	144	
8616	ack	1790219737555	130	
8617	ack	1790219737560	167	
8618	ack	1790219737565	169	
8619	ack	1790219737570	155	
8620	ack	1790219737575	115	
8621	ack	1790219737580	183	
8622	ack	1790219737585	93	
8623	ack	1790219737590	204	
8624	ack	1790219737595	155	
8625	ack	1790219737600	84	
8626	ack	1790219737605	60	
8627	ack	1790219737610	127	
8628	ack	1790219737615	190	
8629	ack	1790219737620	141	
8630	ack	1790219737625	279	
8631	ack	1790219737630	288	
8632	ack	1790219737635	96	
8633	ack	1790219737640	325	
8634	ack	1790219737645	176	
8635	ack	1790219737650	130	
8636	ack	1790219737655	72	
8637	ack	1790219737660	118	
8638	ack	1790219737665	107	
8639	ack	1790219737670	99	
8640	ack	1790219737675	83	
8641	ack	1790219737680	121	
8642	ack	1790219737685	87	
8643	ack	1790219737690	91	
8644	ack	1790219737695	79	
8645	ack	1790219737700	136	
8646	ack	1790219737705	91	
8647	ack	1790219737710	102	
8648	ack	1790219737715	134	
8649	ack	1790219737720	114	
8650	ack	1790219737725	102	
8651	ack	1790219737730	136	
8652	ack	1790219737735	98	
8653	ack	1790219737740	81	
8654	ack	1790219737745	94	
8655	ack	1790219737750	180	
8656	ack	1790219737755	94	
8657	ack	1790219737760	101	
8658	ack	1790219737765	141	
8659	ack	1790219737770	107	
8660	ack	1790219737775	88	
8661	ack	1790219737780	130	
8662	ack	1790219737785	90	
8663	ack	1790219737790	98	
8664	ack	1790219737795	94	
8665	ack	1790219737800	94	
8666	ack	1790219737805	59	
8667	ack	1790219737810	92	
8668	ack	1790219737815	124	
8669	ack	1790219737820	91	
8670	ack	1790219737825	93	
8671	ack	1790219737830	114	
8672	ack	1790219737835	72	
8673	ack	1790219737840	94	
8674	ack	1790219737845	112	
8675	ack	1790219737850	175	
8676	ack	1790219737855	59	
8677	ack	1790219737860	91	
8678	ack	1790219737865	91	
8679	ack	1790219737870	63	
8680	ack	1790219737875	58	
8681	ack	1790219737880	98	
8682	ack	1790219737885	87	
8683	ack	1790219737890	57	
8684	ack	1790219737895	56	
8685	ack	1790219737900	97	
8686	ack	1790219737905	88	
8687	ack	1790219737910	61	
8688	ack	1790219737915	57	
8689	ack	1790219737920	91	
8690	ack	1790219737925	87	
8691	ack	1790219737930	89	
8692	ack	1790219737935	89	
8693	ack	1790219737940	65	
8694	ack	1790219737945	63	
8695	ack	1790219737950	68	
8696	ack	1790219737955	97	
8697	ack	1790219737960	68	
8698	ack	1790219737965	90	
8699	ack	1790219737970	84	
8700	ack	1790219737975	64	
8701	ack	1790219737980	89	
8702	ack	1790219737985	89	
8703	ack	1790219737990	62	
8704	ack	1790219737995	59	
8705	ack	1790219738000	89	
8706	ack	1790219738005	87	
8707	ack	1790219738010	64	
8708	ack	1790219738015	61	
8709	ack	1790219738020	90	
8710	ack	1790219738025	94	
8711	ack	1790219738030	80	
8712	ack	1790219738035	86	
8713	ack	1790219738040	57	
8714	ack	1790219738045	94	
8715	ack	1790219738050	100	
8716	ack	1790219738055	89	
8717	ack	1790219738060	59	
8718	ack	1790219738065	56	
8719	ack	1790219738070	66	
8720	ack	1790219738075	84	
8721	ack	1790219738080	88	
8722	ack	1790219738085	63	
8723	ack	1790219738090	71	
8724	ack	1790219738095	89	
8725	ack	1790219738100	89	
8726	ack	1790219738105	59	
8727	ack	1790219738110	88	
8728	ack	1790219738115	82	
8729	ack	1790219738120	92	
8730	ack	1790219738125	88	
8731	ack	1790219738130	92	
8732	ack	1790219738135	168	
8733	ack	1790219738140	98	
8734	ack	1790219738145	102	
8735	ack	1790219738150	94	
8736	ack	1790219738155	113	
8737	ack	1790219738160	141	
8738	ack	1790219738165	124	
8739	ack	1790219738170	82	
8740	ack	1790219738175	148	
8741	ack	1790219738180	197	
8742	ack	1790219738185	165	
8743	ack	1790219738190	125	
8744	ack	1790219738195	131	
8745	ack	1790219738200	94	
8746	ack	1790219738205	183	
8747	ack	1790219738210	142	
8748	ack	1790219738215	92	
8749	ack	1790219738220	185	
8750	ack	1790219738225	140	
8751	ack	1790219738230	184	
8752	ack	1790219738235	165	
8753	ack	1790219738240	135	
8754	ack	1790219738245	112	
8755	ack	1790219738250	189	
8756	ack	1790219738255	140	
8757	ack	1790219738260	152	
8758	ack	1790219738265	113	
8759	ack	1790219738270	168	
8760	ack	1790219738275	189	
8761	ack	1790219738280	135	
8762	ack	1790219738285	184	
8763	ack	1790219738290	113	
8764	ack	1790219738295	154	
8765	ack	1790219738300	190	
8766	ack	1790219738305	202	
8767	ack	1790219738310	134	
8768	ack	1790219738315	405	
8769	ack	1790219738320	133	
8770	ack	1790219738325	141	
8771	ack	1790219738330	153	
8772	ack	1790219738336	133	
8773	ack	1790219738340	107	
8774	ack	1790219738345	145	
8775	ack	1790219738350	175	
8776	ack	1790219738355	176	
8777	ack	1790219738360	95	
8778	ack	1790219738365	169	
8779	ack	1790219738370	110	
8780	ack	1790219738375	103	
8781	ack	1790219738380	107	
8782	ack	1790219738385	85	
8783	ack	1790219738390	72	
8784	ack	1790219738395	88	
8785	ack	1790219738400	114	
8786	ack	1790219738405	90	
8787	ack	1790219738410	76	
8788	ack	1790219738415	100	
8789	ack	1790219738420	88	
8790	ack	1790219738425	68	
8791	ack	1790219738430	121	
8792	ack	1790219738435	103	
8793	ack	1790219738440	93	
8794	ack	1790219738445	72	
8795	ack	1790219738450	122	
8796	ack	1790219738455	88	
8797	ack	1790219738460	96	
8798	ack	1790219738465	112	
8799	ack	1790219738470	141	
8800	ack	1790219738475	145	
8801	ack	1790219738480	260	
8802	ack	1790219738485	88	
8803	ack	1790219738490	146	
8804	ack	1790219738495	170	
8805	ack	1790219738500	129	
8806	ack	1790219738505	130	
8807	ack	1790219738510	137	
8808	ack	1790219738515	159	
8809	ack	1790219738520	122	
8810	ack	1790219738525	142	
8811	ack	1790219738530	103	
8812	ack	1790219738535	68	
8813	ack	1790219738540	102	
8814	ack	1790219738545	112	
8815	ack	1790219738550	88	
8816	ack	1790219738555	69	
8817	ack	1790219738560	108	
8818	ack	1790219738565	88	
8819	ack	1790219738570	61	
8820	ack	1790219738575	167	
8821	ack	1790219738580	86	
8822	ack	1790219738585	88	
8823	ack	1790219738590	60	
8824	ack	1790219738595	88	
8825	ack	1790219738600	96	
8826	ack	1790219738605	89	
8827	ack	1790219738610	64	
8828	ack	1790219738615	98	
8829	ack	1790219738620	87	
8830	ack	1790219738625	63	
8831	ack	1790219738630	88	
8832	ack	1790219738635	151	
8833	ack	1790219738640	88	
8834	ack	1790219738645	59	
8835	ack	1790219738650	97	
8836	ack	1790219738655	84	
8837	ack	1790219738660	91	
8838	ack	1790219738665	75	
8839	ack	1790219738670	90	
8840	ack	1790219738675	81	
8841	ack	1790219738680	60	
8842	ack	1790219738685	58	
8843	ack	1790219738690	90	
8844	ack	1790219738695	90	
8845	ack	1790219738700	119	
8846	ack	1790219738705	125	
8847	ack	1790219738710	111	
8848	ack	1790219738715	103	
8849	ack	1790219738720	75	
8850	ack	1790219738725	88	
8851	ack	1790219738730	65	
8852	ack	1790219738735	167	
8853	ack	1790219738740	109	
8854	ack	1790219738745	102	
8855	ack	1790219738750	84	
8856	ack	1790219738755	163	
8857	ack	1790219738760	97	
8858	ack	1790219738765	97	
8859	ack	1790219738770	81	
8860	ack	1790219738775	70	
8861	ack	1790219738780	70	
8862	ack	1790219738785	92	
8863	ack	1790219738790	88	
8864	ack	1790219738795	62	
8865	ack	1790219738800	90	
8866	ack	1790219738805	88	
8867	ack	1790219738810	87	
8868	ack	1790219738815	62	
8869	ack	1790219738820	90	
8870	ack	1790219738825	90	
8871	ack	1790219738830	80	
8872	ack	1790219738835	96	
8873	ack	1790219738840	130	
8874	ack	1790219738845	95	
8875	ack	1790219738850	87	
8876	ack	1790219738855	99	
8877	ack	1790219738860	88	
8878	ack	1790219738865	165	
8879	ack	1790219738870	102	
8880	ack	1790219738875	164	
8881	ack	1790219738880	168	
8882	ack	1790219738885	136	
8883	ack	1790219738890	136	
8884	ack	1790219738895	202	
8885	ack	1790219738900	153	
8886	ack	1790219738905	123	
8887	ack	1790219738910	151	
8888	ack	1790219738915	245	
8889	ack	1790219738920	167	
8890	ack	1790219738925	112	
8891	ack	1790219738930	140	
8892	ack	1790219738935	180	
8893	ack	1790219738940	144	
8894	ack	1790219738945	143	
8895	ack	1790219738950	128	
8896	ack	1790219738955	136	
8897	ack	1790219738960	101	
8898	ack	1790219738965	186	
8899	ack	1790219738970	138	
8900	ack	1790219738975	622	
8901	ack	1790219738980	211	
8902	ack	1790219738985	122	
8903	ack	1790219738990	188	
8904	ack	1790219738995	154	
8905	ack	1790219739000	216	
8906	ack	1790219739005	128	
8907	ack	1790219739010	138	
8908	ack	1790219739015	158	
8909	ack	1790219739020	169	
8910	ack	1790219739025	107	
8911	ack	1790219739030	128	
8912	ack	1790219739035	216	
8913	ack	1790219739040	176	
8914	ack	1790219739045	93	
8915	ack	1790219739050	161	
8916	ack	1790219739055	170	
8917	ack	1790219739060	122	
8918	ack	1790219739065	146	
8919	ack	1790219739070	99	
8920	ack	1790219739075	64	
8921	ack	1790219739080	204	
8922	ack	1790219739085	110	
8923	ack	1790219739090	70	
8924	ack	1790219739095	67	
8925	ack	1790219739100	98	
8926	ack	1790219739105	90	
8927	ack	1790219739110	88	
8928	ack	1790219739115	111	
8929	ack	1790219739120	116	
8930	ack	1790219739125	62	
8931	ack	1790219739130	120	
8932	ack	1790219739135	109	
8933	ack	1790219739140	76	
8934	ack	1790219739145	65	
8935	ack	1790219739150	113	
8936	ack	1790219739155	90	
8937	ack	1790219739160	112	
8938	ack	1790219739165	103	
8939	ack	1790219739170	104	
8940	ack	1790219739175	99	
8941	ack	1790219739180	82	
8942	ack	1790219739185	102	
8943	ack	1790219739190	91	
8944	ack	1790219739195	95	
8945	ack	1790219739200	63	
8946	ack	1790219739205	93	
8947	ack	1790219739210	101	
8948	ack	1790219739215	95	
8949	ack	1790219739220	65	
8950	ack	1790219739225	97	
8951	ack	1790219739230	113	
8952	ack	1790219739235	76	
8953	ack	1790219739240	90	
8954	ack	1790219739245	90	
8955	ack	1790219739250	117	
8956	ack	1790219739255	79	
8957	ack	1790219739260	96	
8958	ack	1790219739265	90	
8959	ack	1790219739270	98	
8960	ack	1790219739275	62	
8961	ack	1790219739280	87	
8962	ack	1790219739285	88	
8963	ack	1790219739290	61	
8964	ack	1790219739295	73	
8965	ack	1790219739300	91	
8966	ack	1790219739305	73	
8967	ack	1790219739310	64	
8968	ack	1790219739315	61	
8969	ack	1790219739320	139	
8970	ack	1790219739325	93	
8971	ack	1790219739330	105	
8972	ack	1790219739335	115	
8973	ack	1790219739340	57	
8974	ack	1790219739345	60	
8975	ack	1790219739350	90	
8976	ack	1790219739355	81	
8977	ack	1790219739360	85	
8978	ack	1790219739365	61	
8979	ack	1790219739370	95	
8980	ack	1790219739375	86	
8981	ack	1790219739380	62	
8982	ack	1790219739385	60	
8983	ack	1790219739390	92	
8984	ack	1790219739395	88	
8985	ack	1790219739400	79	
8986	ack	1790219739405	88	
8987	ack	1790219739410	86	
8988	ack	1790219739415	92	
8989	ack	1790219739420	62	
8990	ack	1790219739425	87	
8991	ack	1790219739430	59	
8992	ack	1790219739435	60	
8993	ack	1790219739440	89	
8994	ack	1790219739445	88	
8995	ack	1790219739450	59	
8996	ack	1790219739455	58	
8997	ack	1790219739460	85	
8998	ack	1790219739465	88	
8999	ack	1790219739470	61	
9000	ack	1790219739475	89	
9001	ack	1790219739480	88	
9002	ack	1790219739485	98	
9003	ack	1790219739490	125	
9004	ack	1790219739495	175	
9005	ack	1790219739500	135	
9006	ack	1790219739505	273	
9007	ack	1790219739510	111	
9008	ack	1790219739515	143	
9009	ack	1790219739520	151	
9010	ack	1790219739525	151	
9011	ack	1790219739530	156	
9012	ack	1790219739535	117	
9013	ack	1790219739540	124	
9014	ack	1790219739545	60	
9015	ack	1790219739550	117	
9016	ack	1790219739555	98	
9017	ack	1790219739560	76	
9018	ack	1790219739565	58	
9019	ack	1790219739570	103	
9020	ack	1790219739575	152	
9021	ack	1790219739580	101	
9022	ack	1790219739585	141	
9023	ack	1790219739590	180	
9024	ack	1790219739595	145	
9025	ack	1790219739600	85	
9026	ack	1790219739605	201	
9027	ack	1790219739610	129	
9028	ack	1790219739615	137	
9029	ack	1790219739620	131	
9030	ack	1790219739625	158	
9031	ack	1790219739630	117	
9032	ack	1790219739635	95	
9033	ack	1790219739640	126	
9034	ack	1790219739645	163	
9035	ack	1790219739650	159	
9036	ack	1790219739655	108	
9037	ack	1790219739660	302	
9038	ack	1790219739665	224	
9039	ack	1790219739670	141	
9040	ack	1790219739675	87	
9041	ack	1790219739680	171	
9042	ack	1790219739685	132	
9043	ack	1790219739690	123	
9044	ack	1790219739695	79	
9045	ack	1790219739700	141	
9046	ack	1790219739705	195	
9047	ack	1790219739710	111	
9048	ack	1790219739715	139	
9049	ack	1790219739720	148	
9050	ack	1790219739725	123	
9051	ack	1790219739730	155	
9052	ack	1790219739735	146	
9053	ack	1790219739740	102	
9054	ack	1790219739745	95	
9055	ack	1790219739750	141	
9056	ack	1790219739755	181	
9057	ack	1790219739760	95	
9058	ack	1790219739765	146	
9059	ack	1790219739770	122	
9060	ack	1790219739775	95	
9061	ack	1790219739780	86	
9062	ack	1790219739785	122	
9063	ack	1790219739790	102	
9064	ack	1790219739795	100	
9065	ack	1790219739800	131	
9066	ack	1790219739805	76	
9067	ack	1790219739810	91	
9068	ack	1790219739815	152	
9069	ack	1790219739820	96	
9070	ack	1790219739825	101	
9071	ack	1790219739830	94	
9072	ack	1790219739835	114	
9073	ack	1790219739840	99	
9074	ack	1790219739845	88	
9075	ack	1790219739850	158	
9076	ack	1790219739855	111	
9077	ack	1790219739860	95	
9078	ack	1790219739865	150	
9079	ack	1790219739870	114	
9080	ack	1790219739875	91	
9081	ack	1790219739880	101	
9082	ack	1790219739885	102	
9083	ack	1790219739890	101	
9084	ack	1790219739895	84	
9085	ack	1790219739900	122	
9086	ack	1790219739905	89	
9087	ack	1790219739910	98	
9088	ack	1790219739915	128	
9089	ack	1790219739920	100	
9090	ack	1790219739925	91	
9091	ack	1790219739930	155	
9092	ack	1790219739935	93	
9093	ack	1790219739940	76	
9094	ack	1790219739945	101	
9095	ack	1790219739950	111	
9096	ack	1790219739955	90	
9097	ack	1790219739960	74	
9098	ack	1790219739965	95	
9099	ack	1790219739970	98	
9100	ack	1790219739975	93	
9101	ack	1790219739980	97	
9102	ack	1790219739985	97	
9103	ack	1790219739990	91	
9104	ack	1790219739995	69	
9105	ack	1790219740000	87	
9106	ack	1790219740005	86	
9107	ack	1790219740010	88	
9108	ack	1790219740015	60	
9109	ack	1790219740020	96	
9110	ack	1790219740025	76	
9111	ack	1790219740030	99	
9112	ack	1790219740035	97	
9113	ack	1790219740040	69	
9114	ack	1790219740045	87	
9115	ack	1790219740050	101	
9116	ack	1790219740055	88	
9117	ack	1790219740060	61	
9118	ack	1790219740065	141	
9119	ack	1790219740070	91	
9120	ack	1790219740075	91	
9121	ack	1790219740080	163	
9122	ack	1790219740085	97	
9123	ack	1790219740090	101	
9124	ack	1790219740095	91	
9125	ack	1790219740100	67	
9126	ack	1790219740105	61	
9127	ack	1790219740110	69	
9128	ack	1790219740115	91	
9129	ack	1790219740120	92	
9130	ack	1790219740125	91	
9131	ack	1790219740130	60	
9132	ack	1790219740135	76	
9133	ack	1790219740140	107	
9134	ack	1790219740145	87	
9135	ack	1790219740150	75	
9136	ack	1790219740155	62	
9137	ack	1790219740160	90	
9138	ack	1790219740165	88	
9139	ack	1790219740170	58	
9140	ack	1790219740175	91	
9141	ack	1790219740180	92	
9142	ack	1790219740185	88	
9143	ack	1790219740190	60	
9144	ack	1790219740195	86	
9145	ack	1790219740200	103	
9146	ack	1790219740205	81	
9147	ack	1790219740210	69	
9148	ack	1790219740215	92	
9149	ack	1790219740220	90	
9150	ack	1790219740225	58	
9151	ack	1790219740230	143	
9152	ack	1790219740235	99	
9153	ack	1790219740240	92	
9154	ack	1790219740245	68	
9155	ack	1790219740250	95	
9156	ack	1790219740255	89	
9157	ack	1790219740260	93	
9158	ack	1790219740265	64	
9159	ack	1790219740270	147	
9160	ack	1790219740275	140	
9161	ack	1790219740280	75	
9162	ack	1790219740285	147	
9163	ack	1790219740290	175	
9164	ack	1790219740295	159	
9165	ack	1790219740300	105	
9166	ack	1790219740305	159	
9167	ack	1790219740310	140	
9168	ack	1790219740315	152	
9169	ack	1790219740320	165	
9170	ack	1790219740325	310	
9171	ack	1790219740330	191	
9172	ack	1790219740335	110	
9173	ack	1790219740340	140	
9174	ack	1790219740345	157	
9175	ack	1790219740350	144	
9176	ack	1790219740355	110	
9177	ack	1790219740360	142	
9178	ack	1790219740365	181	
9179	ack	1790219740370	167	
9180	ack	1790219740375	146	
9181	ack	1790219740380	159	
9182	ack	1790219740385	137	
9183	ack	1790219740390	174	
9184	ack	1790219740395	92	
9185	ack	1790219740400	166	
9186	ack	1790219740405	168	
9187	ack	1790219740410	92	
9188	ack	1790219740415	146	
9189	ack	1790219740420	107	
9190	ack	1790219740425	125	
9191	ack	1790219740430	202	
9192	ack	1790219740435	127	
9193	ack	1790219740440	132	
9194	ack	1790219740445	154	
9195	ack	1790219740450	170	
9196	ack	1790219740455	147	
9197	ack	1790219740460	130	
9198	ack	1790219740465	110	
9199	ack	1790219740470	107	
9200	ack	1790219740475	106	
9201	ack	1790219740480	93	
9202	ack	1790219740485	68	
9203	ack	1790219740490	97	
9204	ack	1790219740495	96	
9205	ack	1790219740500	117	
9206	ack	1790219740505	111	
9207	ack	1790219740510	124	
9208	ack	1790219740515	172	
9209	ack	1790219740520	93	
9210	ack	1790219740525	92	
9211	ack	1790219740530	148	
9212	ack	1790219740535	116	
9213	ack	1790219740540	104	
9214	ack	1790219740545	137	
9215	ack	1790219740550	134	
9216	ack	1790219740555	105	
9217	ack	1790219740560	119	
9218	ack	1790219740565	138	
9219	ack	1790219740570	77	
9220	ack	1790219740575	66	
9221	ack	1790219740580	107	
9222	ack	1790219740585	91	
9223	ack	1790219740590	111	
9224	ack	1790219740595	76	
9225	ack	1790219740600	133	
9226	ack	1790219740605	142	
9227	ack	1790219740610	109	
9228	ack	1790219740615	91	
9229	ack	1790219740620	101	
9230	ack	1790219740625	93	
9231	ack	1790219740630	101	
9232	ack	1790219740635	89	
9233	ack	1790219740640	81	
9234	ack	1790219740645	101	
9235	ack	1790219740650	120	
9236	ack	1790219740655	89	
9237	ack	1790219740660	72	
9238	ack	1790219740665	114	
9239	ack	1790219740670	98	
9240	ack	1790219740675	91	
9241	ack	1790219740680	73	
9242	ack	1790219740685	64	
9243	ack	1790219740690	87	
9244	ack	1790219740695	90	
9245	ack	1790219740700	62	
9246	ack	1790219740705	57	
9247	ack	1790219740710	87	
9248	ack	1790219740715	89	
9249	ack	1790219740720	68	
9250	ack	1790219740725	83	
9251	ack	1790219740730	58	
9252	ack	1790219740735	59	
9253	ack	1790219740740	91	
9254	ack	1790219740745	93	
9255	ack	1790219740750	57	
9256	ack	1790219740755	71	
9257	ack	1790219740760	95	
9258	ack	1790219740765	92	
9259	ack	1790219740770	100	
9260	ack	1790219740775	93	
9261	ack	1790219740780	90	
9262	ack	1790219740785	97	
9263	ack	1790219740790	66	
9264	ack	1790219740795	86	
9265	ack	1790219740800	97	
9266	ack	1790219740805	90	
9267	ack	1790219740810	60	
9268	ack	1790219740815	91	
9269	ack	1790219740820	91	
9270	ack	1790219740825	64	
9271	ack	1790219740830	88	
9272	ack	1790219740835	86	
9273	ack	1790219740840	88	
9274	ack	1790219740845	60	
9275	ack	1790219740850	88	
9276	ack	1790219740855	74	
9277	ack	1790219740860	88	
9278	ack	1790219740865	59	
9279	ack	1790219740870	87	
9280	ack	1790219740875	89	
9281	ack	1790219740880	58	
9282	ack	1790219740885	77	
9283	ack	1790219740890	86	
9284	ack	1790219740895	98	
9285	ack	1790219740900	60	
9286	ack	1790219740905	88	
9287	ack	1790219740910	89	
9288	ack	1790219740915	89	
9289	ack	1790219740920	60	
9290	ack	1790219740925	101	
9291	ack	1790219740930	91	
9292	ack	1790219740935	76	
9293	ack	1790219740940	92	
9294	ack	1790219740945	100	
9295	ack	1790219740950	89	
9296	ack	1790219740955	67	
9297	ack	1790219740960	89	
9298	ack	1790219740965	129	
9299	ack	1790219740970	103	
9300	ack	1790219740975	125	
9301	ack	1790219740980	109	
9302	ack	1790219740985	146	
9303	ack	1790219740990	141	
9304	ack	1790219740995	131	
9305	ack	1790219741000	140	
9306	ack	1790219741005	149	
9307	ack	1790219741010	129	
9308	ack	1790219741015	98	
9309	ack	1790219741020	153	
9310	ack	1790219741025	133	
9311	ack	1790219741030	111	
9312	ack	1790219741035	160	
9313	ack	1790219741040	158	
9314	ack	1790219741045	136	
9315	ack	1790219741050	96	
9316	ack	1790219741055	106	
9317	ack	1790219741060	178	
9318	ack	1790219741065	160	
9319	ack	1790219741070	169	
9320	ack	1790219741075	144	
9321	ack	1790219741080	208	
9322	ack	1790219741085	167	
9323	ack	1790219741090	135	
9324	ack	1790219741095	154	
9325	ack	1790219741100	120	
9326	ack	1790219741105	169	
9327	ack	1790219741110	118	
9328	ack	1790219741115	138	
9329	ack	1790219741120	160	
9330	ack	1790219741125	104	
9331	ack	1790219741130	276	
9332	ack	1790219741135	102	
9333	ack	1790219741140	112	
9334	ack	1790219741145	117	
9335	ack	1790219741150	208	
9336	ack	1790219741155	177	
9337	ack	1790219741160	120	
9338	ack	1790219741165	138	
9339	ack	1790219741170	130	
9340	ack	1790219741175	101	
9341	ack	1790219741180	132	
9342	ack	1790219741185	73	
9343	ack	1790219741190	99	
9344	ack	1790219741195	93	
9345	ack	1790219741200	116	
9346	ack	1790219741205	72	
9347	ack	1790219741210	97	
9348	ack	1790219741215	112	
9349	ack	1790219741220	96	
9350	ack	1790219741225	89	
9351	ack	1790219741230	100	
9352	ack	1790219741235	94	
9353	ack	1790219741240	91	
9354	ack	1790219741245	102	
9355	ack	1790219741250	75	
9356	ack	1790219741255	88	
9357	ack	1790219741260	94	
9358	ack	1790219741265	136	
9359	ack	1790219741270	75	
9360	ack	1790219741275	60	
9361	ack	1790219741280	172	
9362	ack	1790219741285	88	
9363	ack	1790219741290	70	
9364	ack	1790219741295	67	
9365	ack	1790219741300	112	
9366	ack	1790219741305	91	
9367	ack	1790219741310	71	
9368	ack	1790219741315	74	
9369	ack	1790219741320	107	
9370	ack	1790219741325	88	
9371	ack	1790219741330	97	
9372	ack	1790219741335	91	
9373	ack	1790219741340	69	
9374	ack	1790219741345	97	
9375	ack	1790219741350	130	
9376	ack	1790219741355	104	
9377	ack	1790219741360	86	
9378	ack	1790219741365	85	
9379	ack	1790219741370	100	
9380	ack	1790219741375	91	
9381	ack	1790219741380	88	
9382	ack	1790219741385	66	
9383	ack	1790219741390	91	
9384	ack	1790219741395	98	
9385	ack	1790219741400	85	
9386	ack	1790219741405	59	
9387	ack	1790219741410	86	
9388	ack	1790219741415	89	
9389	ack	1790219741420	60	
9390	ack	1790219741425	87	
9391	ack	1790219741430	74	
9392	ack	1790219741435	64	
9393	ack	1790219741440	88	
9394	ack	1790219741445	89	
9395	ack	1790219741450	65	
9396	ack	1790219741455	57	
9397	ack	1790219741460	86	
9398	ack	1790219741465	98	
9399	ack	1790219741470	63	
9400	ack	1790219741475	85	
9401	ack	1790219741480	59	
9402	ack	1790219741485	62	
9403	ack	1790219741490	92	
9404	ack	1790219741495	87	
9405	ack	1790219741500	59	
9406	ack	1790219741505	56	
9407	ack	1790219741510	171	
9408	ack	1790219741515	85	
9409	ack	1790219741520	65	
9410	ack	1790219741525	94	
9411	ack	1790219741530	154	
9412	ack	1790219741535	120	
9413	ack	1790219741540	306	
9414	ack	1790219741545	157	
9415	ack	1790219741550	77	
9416	ack	1790219741555	186	
9417	ack	1790219741560	171	
9418	ack	1790219741565	109	
9419	ack	1790219741570	132	
9420	ack	1790219741575	93	
9421	ack	1790219741580	102	
9422	ack	1790219741585	99	
9423	ack	1790219741590	73	
9424	ack	1790219741595	98	
9425	ack	1790219741600	93	
9426	ack	1790219741605	92	
9427	ack	1790219741610	73	
9428	ack	1790219741615	90	
9429	ack	1790219741620	87	
9430	ack	1790219741625	61	
9431	ack	1790219741630	81	
9432	ack	1790219741635	85	
9433	ack	1790219741640	104	
9434	ack	1790219741645	61	
9435	ack	1790219741650	84	
9436	ack	1790219741655	88	
9437	ack	1790219741660	88	
9438	ack	1790219741665	92	
9439	ack	1790219741670	115	
9440	ack	1790219741675	161	
9441	ack	1790219741680	142	
9442	ack	1790219741685	173	
9443	ack	1790219741690	162	
9444	ack	1790219741695	150	
9445	ack	1790219741700	150	
9446	ack	1790219741705	82	
9447	ack	1790219741710	196	
9448	ack	1790219741715	137	
9449	ack	1790219741720	139	
9450	ack	1790219741725	153	
9451	ack	1790219741730	152	
9452	ack	1790219741735	147	
9453	ack	1790219741740	122	
9454	ack	1790219741745	129	
9455	ack	1790219741750	150	
9456	ack	1790219741755	182	
9457	ack	1790219741760	168	
9458	ack	1790219741765	155	
9459	ack	1790219741770	216	
9460	ack	1790219741775	86	
9461	ack	1790219741780	204	
9462	ack	1790219741785	178	
9463	ack	1790219741790	133	
9464	ack	1790219741795	118	
9465	ack	1790219741800	203	
9466	ack	1790219741805	144	
9467	ack	1790219741810	152	
9468	ack	1790219741815	100	
9469	ack	1790219741820	151	
9470	ack	1790219741825	102	
9471	ack	1790219741830	93	
9472	ack	1790219741835	147	
9473	ack	1790219741840	189	
9474	ack	1790219741845	164	
9475	ack	1790219741850	132	
9476	ack	1790219741855	162	
9477	ack	1790219741860	109	
9478	ack	1790219741865	157	
9479	ack	1790219741870	91	
9480	ack	1790219741875	91	
9481	ack	1790219741880	86	
9482	ack	1790219741885	91	
9483	ack	1790219741890	99	
9484	ack	1790219741895	104	
9485	ack	1790219741900	129	
9486	ack	1790219741905	73	
9487	ack	1790219741910	95	
9488	ack	1790219741915	110	
9489	ack	1790219741920	94	
9490	ack	1790219741925	108	
9491	ack	1790219741930	78	
9492	ack	1790219741935	117	
9493	ack	1790219741940	100	
9494	ack	1790219741945	96	
9495	ack	1790219741950	89	
9496	ack	1790219741955	91	
9497	ack	1790219741960	99	
9498	ack	1790219741965	110	
9499	ack	1790219741970	71	
9500	ack	1790219741975	89	
9501	ack	1790219741980	158	
9502	ack	1790219741985	80	
9503	ack	1790219741990	101	
9504	ack	1790219741995	91	
9505	ack	1790219742000	110	
9506	ack	1790219742005	69	
9507	ack	1790219742010	93	
9508	ack	1790219742015	111	
9509	ack	1790219742020	88	
9510	ack	1790219742025	91	
9511	ack	1790219742030	85	
9512	ack	1790219742035	94	
9513	ack	1790219742040	120	
9514	ack	1790219742045	91	
9515	ack	1790219742050	78	
9516	ack	1790219742055	88	
9517	ack	1790219742060	87	
9518	ack	1790219742065	93	
9519	ack	1790219742070	72	
9520	ack	1790219742075	61	
9521	ack	1790219742080	87	
9522	ack	1790219742085	95	
9523	ack	1790219742090	60	
9524	ack	1790219742095	61	
9525	ack	1790219742100	88	
9526	ack	1790219742105	85	
9527	ack	1790219742110	57	
9528	ack	1790219742115	63	
9529	ack	1790219742120	99	
9530	ack	1790219742125	92	
9531	ack	1790219742130	85	
9532	ack	1790219742135	89	
9533	ack	1790219742140	58	
9534	ack	1790219742145	59	
9535	ack	1790219742150	90	
9536	ack	1790219742155	90	
9537	ack	1790219742160	76	
9538	ack	1790219742165	89	
9539	ack	1790219742170	89	
9540	ack	1790219742175	88	
9541	ack	1790219742180	65	
9542	ack	1790219742185	101	
9543	ack	1790219742190	85	
9544	ack	1790219742195	104	
9545	ack	1790219742200	60	
9546	ack	1790219742205	89	
9547	ack	1790219742210	97	
9548	ack	1790219742215	86	
9549	ack	1790219742220	67	
9550	ack	1790219742225	84	
9551	ack	1790219742230	88	
9552	ack	1790219742235	60	
9553	ack	1790219742240	93	
9554	ack	1790219742245	88	
9555	ack	1790219742250	84	
9556	ack	1790219742255	60	
9557	ack	1790219742260	99	
9558	ack	1790219742265	133	
9559	ack	1790219742270	83	
9560	ack	1790219742275	93	
9561	ack	1790219742280	90	
9562	ack	1790219742285	117	
9563	ack	1790219742290	79	
9564	ack	1790219742295	61	
9565	ack	1790219742300	102	
9566	ack	1790219742305	92	
9567	ack	1790219742310	65	
9568	ack	1790219742315	128	
9569	ack	1790219742320	89	
9570	ack	1790219742325	74	
9571	ack	1790219742330	91	
9572	ack	1790219742335	105	
9573	ack	1790219742340	68	
9574	ack	1790219742345	59	
9575	ack	1790219742350	97	
9576	ack	1790219742355	89	
9577	ack	1790219742360	71	
