[0.003s][info][gc] Using G1
[0.302s][info][gc,phases] GC(0)   Pre Evacuate Collection Set: 0.17ms
[0.302s][info][gc,phases] GC(0)   Merge Heap Roots: 0.06ms
[0.302s][info][gc,phases] GC(0)   Evacuate Collection Set: 5.32ms
[0.302s][info][gc,phases] GC(0)   Post Evacuate Collection Set: 0.58ms
[0.302s][info][gc,phases] GC(0)   Other: 0.43ms
[0.302s][info][gc       ] GC(0) Pause Young (Normal) (G1 Evacuation Pause) 108M->78M(2048M) 6.890ms
[0.316s][info][gc,phases] GC(1)   Pre Evacuate Collection Set: 0.20ms
[0.316s][info][gc,phases] GC(1)   Merge Heap Roots: 0.06ms
[0.316s][info][gc,phases] GC(1)   Evacuate Collection Set: 4.20ms
[0.316s][info][gc,phases] GC(1)   Post Evacuate Collection Set: 0.38ms
[0.316s][info][gc,phases] GC(1)   Other: 0.04ms
[0.316s][info][gc       ] GC(1) Pause Young (Normal) (G1 Evacuation Pause) 167M->168M(2048M) 5.204ms
[0.329s][info][gc,phases] GC(2)   Pre Evacuate Collection Set: 0.24ms
[0.329s][info][gc,phases] GC(2)   Merge Heap Roots: 0.06ms
[0.329s][info][gc,phases] GC(2)   Evacuate Collection Set: 3.51ms
[0.329s][info][gc,phases] GC(2)   Post Evacuate Collection Set: 0.28ms
[0.329s][info][gc,phases] GC(2)   Other: 0.04ms
[0.329s][info][gc       ] GC(2) Pause Young (Normal) (G1 Evacuation Pause) 257M->258M(2048M) 4.531ms
[0.341s][info][gc,phases] GC(3)   Pre Evacuate Collection Set: 0.24ms
[0.341s][info][gc,phases] GC(3)   Merge Heap Roots: 0.07ms
[0.341s][info][gc,phases] GC(3)   Evacuate Collection Set: 3.37ms
[0.341s][info][gc,phases] GC(3)   Post Evacuate Collection Set: 0.31ms
[0.341s][info][gc,phases] GC(3)   Other: 0.04ms
[0.342s][info][gc       ] GC(3) Pause Young (Normal) (G1 Evacuation Pause) 347M->348M(2048M) 4.439ms
[0.354s][info][gc,phases] GC(4)   Pre Evacuate Collection Set: 0.20ms
[0.354s][info][gc,phases] GC(4)   Merge Heap Roots: 0.08ms
[0.354s][info][gc,phases] GC(4)   Evacuate Collection Set: 3.57ms
[0.354s][info][gc,phases] GC(4)   Post Evacuate Collection Set: 0.30ms
[0.354s][info][gc,phases] GC(4)   Other: 0.04ms
[0.354s][info][gc       ] GC(4) Pause Young (Normal) (G1 Evacuation Pause) 437M->438M(2048M) 4.485ms
[0.368s][info][gc,phases] GC(5)   Pre Evacuate Collection Set: 0.20ms
[0.369s][info][gc,phases] GC(5)   Merge Heap Roots: 0.06ms
[0.369s][info][gc,phases] GC(5)   Evacuate Collection Set: 3.98ms
[0.369s][info][gc,phases] GC(5)   Post Evacuate Collection Set: 0.31ms
[0.369s][info][gc,phases] GC(5)   Other: 0.04ms
[0.369s][info][gc       ] GC(5) Pause Young (Normal) (G1 Evacuation Pause) 527M->528M(2048M) 5.044ms
[0.383s][info][gc,phases] GC(6)   Pre Evacuate Collection Set: 0.20ms
[0.383s][info][gc,phases] GC(6)   Merge Heap Roots: 0.06ms
[0.383s][info][gc,phases] GC(6)   Evacuate Collection Set: 3.42ms
[0.383s][info][gc,phases] GC(6)   Post Evacuate Collection Set: 0.29ms
[0.383s][info][gc,phases] GC(6)   Other: 0.03ms
[0.383s][info][gc       ] GC(6) Pause Young (Normal) (G1 Evacuation Pause) 617M->618M(2048M) 4.387ms
[0.397s][info][gc,phases] GC(7)   Pre Evacuate Collection Set: 0.20ms
[0.397s][info][gc,phases] GC(7)   Merge Heap Roots: 0.07ms
[0.397s][info][gc,phases] GC(7)   Evacuate Collection Set: 3.60ms
[0.397s][info][gc,phases] GC(7)   Post Evacuate Collection Set: 0.33ms
[0.397s][info][gc,phases] GC(7)   Other: 0.03ms
[0.397s][info][gc       ] GC(7) Pause Young (Normal) (G1 Evacuation Pause) 707M->708M(2048M) 4.589ms
[0.411s][info][gc,phases] GC(8)   Pre Evacuate Collection Set: 0.18ms
[0.411s][info][gc,phases] GC(8)   Merge Heap Roots: 0.08ms
[0.411s][info][gc,phases] GC(8)   Evacuate Collection Set: 3.60ms
[0.411s][info][gc,phases] GC(8)   Post Evacuate Collection Set: 0.31ms
[0.411s][info][gc,phases] GC(8)   Other: 0.04ms
[0.411s][info][gc       ] GC(8) Pause Young (Normal) (G1 Evacuation Pause) 797M->798M(2048M) 4.508ms
[0.430s][info][gc,phases] GC(9)   Pre Evacuate Collection Set: 0.20ms
[0.430s][info][gc,phases] GC(9)   Merge Heap Roots: 0.07ms
[0.431s][info][gc,phases] GC(9)   Evacuate Collection Set: 0.83ms
[0.431s][info][gc,phases] GC(9)   Post Evacuate Collection Set: 0.34ms
[0.431s][info][gc,phases] GC(9)   Other: 0.04ms
[0.431s][info][gc       ] GC(9) Pause Young (Normal) (G1 Evacuation Pause) 887M->803M(2048M) 1.891ms
[0.438s][info][gc,phases] GC(10)   Pre Evacuate Collection Set: 0.22ms
[0.438s][info][gc,phases] GC(10)   Merge Heap Roots: 0.08ms
[0.438s][info][gc,phases] GC(10)   Evacuate Collection Set: 0.58ms
[0.438s][info][gc,phases] GC(10)   Post Evacuate Collection Set: 0.30ms
[0.438s][info][gc,phases] GC(10)   Other: 0.04ms
[0.438s][info][gc       ] GC(10) Pause Young (Normal) (G1 Evacuation Pause) 913M->804M(2048M) 1.594ms
[0.506s][info][gc,phases] GC(11)   Pre Evacuate Collection Set: 0.21ms
[0.506s][info][gc,phases] GC(11)   Merge Heap Roots: 0.17ms
[0.506s][info][gc,phases] GC(11)   Evacuate Collection Set: 1.59ms
[0.506s][info][gc,phases] GC(11)   Post Evacuate Collection Set: 0.51ms
[0.506s][info][gc,phases] GC(11)   Other: 0.09ms
[0.506s][info][gc       ] GC(11) Pause Young (Normal) (G1 Evacuation Pause) 1813M->821M(2048M) 2.920ms
[0.563s][info][gc,phases] GC(12)   Pre Evacuate Collection Set: 0.18ms
[0.563s][info][gc,phases] GC(12)   Merge Heap Roots: 0.18ms
[0.563s][info][gc,phases] GC(12)   Evacuate Collection Set: 2.19ms
[0.563s][info][gc,phases] GC(12)   Post Evacuate Collection Set: 0.45ms
[0.563s][info][gc,phases] GC(12)   Other: 0.06ms
[0.563s][info][gc       ] GC(12) Pause Young (Normal) (G1 Evacuation Pause) 1844M->838M(2048M) 3.465ms
[0.622s][info][gc,phases] GC(13)   Pre Evacuate Collection Set: 0.21ms
[0.623s][info][gc,phases] GC(13)   Merge Heap Roots: 0.18ms
[0.623s][info][gc,phases] GC(13)   Evacuate Collection Set: 2.70ms
[0.623s][info][gc,phases] GC(13)   Post Evacuate Collection Set: 0.52ms
[0.623s][info][gc,phases] GC(13)   Other: 0.07ms
[0.623s][info][gc       ] GC(13) Pause Young (Normal) (G1 Evacuation Pause) 1881M->855M(2048M) 4.050ms
[0.684s][info][gc,phases] GC(14)   Pre Evacuate Collection Set: 0.23ms
[0.684s][info][gc,phases] GC(14)   Merge Heap Roots: 0.18ms
[0.684s][info][gc,phases] GC(14)   Evacuate Collection Set: 3.17ms
[0.684s][info][gc,phases] GC(14)   Post Evacuate Collection Set: 0.55ms
[0.684s][info][gc,phases] GC(14)   Other: 0.07ms
[0.684s][info][gc       ] GC(14) Pause Young (Normal) (G1 Evacuation Pause) 1910M->872M(2048M) 4.726ms
[0.746s][info][gc,phases] GC(15)   Pre Evacuate Collection Set: 0.20ms
[0.746s][info][gc,phases] GC(15)   Merge Heap Roots: 0.18ms
[0.746s][info][gc,phases] GC(15)   Evacuate Collection Set: 3.35ms
[0.746s][info][gc,phases] GC(15)   Post Evacuate Collection Set: 0.47ms
[0.746s][info][gc,phases] GC(15)   Other: 0.06ms
[0.746s][info][gc       ] GC(15) Pause Young (Normal) (G1 Evacuation Pause) 1935M->889M(2048M) 4.705ms
[0.808s][info][gc,phases] GC(16)   Pre Evacuate Collection Set: 0.19ms
[0.808s][info][gc,phases] GC(16)   Merge Heap Roots: 0.19ms
[0.808s][info][gc,phases] GC(16)   Evacuate Collection Set: 6.13ms
[0.808s][info][gc,phases] GC(16)   Post Evacuate Collection Set: 0.47ms
[0.808s][info][gc,phases] GC(16)   Other: 0.06ms
[0.809s][info][gc       ] GC(16) Pause Young (Normal) (G1 Evacuation Pause) 1942M->905M(2048M) 7.429ms
[0.870s][info][gc,phases] GC(17)   Pre Evacuate Collection Set: 0.20ms
[0.870s][info][gc,phases] GC(17)   Merge Heap Roots: 0.19ms
[0.870s][info][gc,phases] GC(17)   Evacuate Collection Set: 5.76ms
[0.870s][info][gc,phases] GC(17)   Post Evacuate Collection Set: 0.50ms
[0.870s][info][gc,phases] GC(17)   Other: 0.05ms
[0.870s][info][gc       ] GC(17) Pause Young (Normal) (G1 Evacuation Pause) 1943M->923M(2048M) 6.994ms
[0.930s][info][gc,phases] GC(18)   Pre Evacuate Collection Set: 0.20ms
[0.930s][info][gc,phases] GC(18)   Merge Heap Roots: 0.19ms
[0.930s][info][gc,phases] GC(18)   Evacuate Collection Set: 5.70ms
[0.930s][info][gc,phases] GC(18)   Post Evacuate Collection Set: 0.51ms
[0.930s][info][gc,phases] GC(18)   Other: 0.05ms
[0.930s][info][gc       ] GC(18) Pause Young (Normal) (G1 Evacuation Pause) 1943M->940M(2048M) 6.981ms
[0.990s][info][gc,phases] GC(19)   Pre Evacuate Collection Set: 0.21ms
[0.990s][info][gc,phases] GC(19)   Merge Heap Roots: 0.28ms
[0.990s][info][gc,phases] GC(19)   Evacuate Collection Set: 5.68ms
[0.990s][info][gc,phases] GC(19)   Post Evacuate Collection Set: 0.52ms
[0.990s][info][gc,phases] GC(19)   Other: 0.07ms
[0.990s][info][gc       ] GC(19) Pause Young (Normal) (G1 Evacuation Pause) 1943M->956M(2048M) 7.073ms
[1.048s][info][gc,phases] GC(20)   Pre Evacuate Collection Set: 0.19ms
[1.048s][info][gc,phases] GC(20)   Merge Heap Roots: 0.17ms
[1.048s][info][gc,phases] GC(20)   Evacuate Collection Set: 5.41ms
[1.048s][info][gc,phases] GC(20)   Post Evacuate Collection Set: 0.47ms
[1.048s][info][gc,phases] GC(20)   Other: 0.06ms
[1.048s][info][gc       ] GC(20) Pause Young (Normal) (G1 Evacuation Pause) 1943M->972M(2048M) 6.724ms
[1.106s][info][gc,phases] GC(21)   Pre Evacuate Collection Set: 0.21ms
[1.106s][info][gc,phases] GC(21)   Merge Heap Roots: 0.18ms
[1.106s][info][gc,phases] GC(21)   Evacuate Collection Set: 5.55ms
[1.106s][info][gc,phases] GC(21)   Post Evacuate Collection Set: 0.45ms
[1.106s][info][gc,phases] GC(21)   Other: 0.05ms
[1.106s][info][gc       ] GC(21) Pause Young (Normal) (G1 Evacuation Pause) 1943M->988M(2048M) 6.810ms
[1.162s][info][gc,phases] GC(22)   Pre Evacuate Collection Set: 0.20ms
[1.163s][info][gc,phases] GC(22)   Merge Heap Roots: 0.17ms
[1.163s][info][gc,phases] GC(22)   Evacuate Collection Set: 5.31ms
[1.163s][info][gc,phases] GC(22)   Post Evacuate Collection Set: 0.49ms
[1.163s][info][gc,phases] GC(22)   Other: 0.05ms
[1.163s][info][gc       ] GC(22) Pause Young (Normal) (G1 Evacuation Pause) 1943M->1004M(2048M) 6.557ms
[1.218s][info][gc,phases] GC(23)   Pre Evacuate Collection Set: 0.26ms
[1.218s][info][gc,phases] GC(23)   Merge Heap Roots: 0.17ms
[1.218s][info][gc,phases] GC(23)   Evacuate Collection Set: 5.34ms
[1.218s][info][gc,phases] GC(23)   Post Evacuate Collection Set: 0.46ms
[1.218s][info][gc,phases] GC(23)   Other: 0.10ms
[1.218s][info][gc       ] GC(23) Pause Young (Concurrent Start) (G1 Evacuation Pause) 1943M->1018M(2048M) 6.628ms
[1.219s][info][gc       ] GC(24) Concurrent Mark Cycle
[1.268s][info][gc       ] GC(24) Pause Remark 1937M->1744M(2048M) 1.148ms
[1.275s][info][gc,phases] GC(25)   Pre Evacuate Collection Set: 0.19ms
[1.275s][info][gc,phases] GC(25)   Merge Heap Roots: 0.16ms
[1.275s][info][gc,phases] GC(25)   Evacuate Collection Set: 5.29ms
[1.275s][info][gc,phases] GC(25)   Post Evacuate Collection Set: 0.46ms
[1.275s][info][gc,phases] GC(25)   Other: 0.06ms
[1.275s][info][gc       ] GC(25) Pause Young (Normal) (G1 Evacuation Pause) 1749M->841M(2048M) 6.453ms
[1.341s][info][gc,phases] GC(26)   Pre Evacuate Collection Set: 0.20ms
[1.341s][info][gc,phases] GC(26)   Merge Heap Roots: 0.19ms
[1.341s][info][gc,phases] GC(26)   Evacuate Collection Set: 5.81ms
[1.341s][info][gc,phases] GC(26)   Post Evacuate Collection Set: 0.51ms
[1.341s][info][gc,phases] GC(26)   Other: 0.06ms
[1.341s][info][gc       ] GC(26) Pause Young (Normal) (G1 Evacuation Pause) 1943M->859M(2048M) 7.072ms
[1.360s][info][gc       ] GC(24) Pause Cleanup 1217M->1217M(2048M) 0.248ms
[1.362s][info][gc       ] GC(24) Concurrent Mark Cycle 143.523ms
[1.402s][info][gc,phases] GC(27)   Pre Evacuate Collection Set: 0.21ms
[1.403s][info][gc,phases] GC(27)   Merge Heap Roots: 0.23ms
[1.403s][info][gc,phases] GC(27)   Evacuate Collection Set: 3.36ms
[1.403s][info][gc,phases] GC(27)   Post Evacuate Collection Set: 0.50ms
[1.403s][info][gc,phases] GC(27)   Other: 0.06ms
[1.403s][info][gc       ] GC(27) Pause Young (Prepare Mixed) (G1 Evacuation Pause) 1943M->876M(2048M) 4.775ms
[1.465s][info][gc,phases] GC(28)   Pre Evacuate Collection Set: 0.22ms
[1.465s][info][gc,phases] GC(28)   Merge Heap Roots: 0.20ms
[1.466s][info][gc,phases] GC(28)   Evacuate Collection Set: 5.58ms
[1.466s][info][gc,phases] GC(28)   Post Evacuate Collection Set: 0.51ms
[1.466s][info][gc,phases] GC(28)   Other: 0.07ms
[1.466s][info][gc       ] GC(28) Pause Young (Mixed) (G1 Evacuation Pause) 1943M->888M(2048M) 6.956ms
[1.525s][info][gc,phases] GC(29)   Pre Evacuate Collection Set: 0.20ms
[1.525s][info][gc,phases] GC(29)   Merge Heap Roots: 0.17ms
[1.525s][info][gc,phases] GC(29)   Evacuate Collection Set: 3.02ms
[1.525s][info][gc,phases] GC(29)   Post Evacuate Collection Set: 0.49ms
[1.525s][info][gc,phases] GC(29)   Other: 0.06ms
[1.525s][info][gc       ] GC(29) Pause Young (Normal) (G1 Evacuation Pause) 1944M->905M(2048M) 4.305ms
[1.584s][info][gc,phases] GC(30)   Pre Evacuate Collection Set: 0.23ms
[1.584s][info][gc,phases] GC(30)   Merge Heap Roots: 0.18ms
[1.584s][info][gc,phases] GC(30)   Evacuate Collection Set: 3.25ms
[1.584s][info][gc,phases] GC(30)   Post Evacuate Collection Set: 0.48ms
[1.584s][info][gc,phases] GC(30)   Other: 0.05ms
[1.584s][info][gc       ] GC(30) Pause Young (Normal) (G1 Evacuation Pause) 1944M->922M(2048M) 4.509ms
[1.642s][info][gc,phases] GC(31)   Pre Evacuate Collection Set: 0.24ms
[1.642s][info][gc,phases] GC(31)   Merge Heap Roots: 0.19ms
[1.642s][info][gc,phases] GC(31)   Evacuate Collection Set: 3.27ms
[1.642s][info][gc,phases] GC(31)   Post Evacuate Collection Set: 0.50ms
[1.642s][info][gc,phases] GC(31)   Other: 0.05ms
[1.642s][info][gc       ] GC(31) Pause Young (Normal) (G1 Evacuation Pause) (Evacuation Failure) 1944M->939M(2048M) 4.657ms
[1.702s][info][gc,phases] GC(32)   Pre Evacuate Collection Set: 0.20ms
[1.702s][info][gc,phases] GC(32)   Merge Heap Roots: 0.19ms
[1.702s][info][gc,phases] GC(32)   Evacuate Collection Set: 5.72ms
[1.702s][info][gc,phases] GC(32)   Post Evacuate Collection Set: 0.50ms
[1.702s][info][gc,phases] GC(32)   Other: 0.05ms
[1.702s][info][gc       ] GC(32) Pause Young (Normal) (G1 Evacuation Pause) 1945M->955M(2048M) 6.986ms
[1.761s][info][gc,phases] GC(33)   Pre Evacuate Collection Set: 0.20ms
[1.761s][info][gc,phases] GC(33)   Merge Heap Roots: 0.17ms
[1.761s][info][gc,phases] GC(33)   Evacuate Collection Set: 5.80ms
[1.761s][info][gc,phases] GC(33)   Post Evacuate Collection Set: 0.48ms
[1.761s][info][gc,phases] GC(33)   Other: 0.06ms
[1.761s][info][gc       ] GC(33) Pause Young (Normal) (G1 Evacuation Pause) 1944M->971M(2048M) 7.086ms
[1.819s][info][gc,phases] GC(34)   Pre Evacuate Collection Set: 0.21ms
[1.819s][info][gc,phases] GC(34)   Merge Heap Roots: 0.18ms
[1.819s][info][gc,phases] GC(34)   Evacuate Collection Set: 5.62ms
[1.819s][info][gc,phases] GC(34)   Post Evacuate Collection Set: 0.49ms
[1.819s][info][gc,phases] GC(34)   Other: 0.05ms
[1.819s][info][gc       ] GC(34) Pause Young (Normal) (G1 Evacuation Pause) 1944M->987M(2048M) 6.880ms
[1.875s][info][gc,phases] GC(35)   Pre Evacuate Collection Set: 0.20ms
[1.875s][info][gc,phases] GC(35)   Merge Heap Roots: 0.17ms
[1.876s][info][gc,phases] GC(35)   Evacuate Collection Set: 5.44ms
[1.876s][info][gc,phases] GC(35)   Post Evacuate Collection Set: 0.46ms
[1.876s][info][gc,phases] GC(35)   Other: 0.05ms
[1.876s][info][gc       ] GC(35) Pause Young (Normal) (G1 Evacuation Pause) 1943M->1003M(2048M) 6.661ms
[1.931s][info][gc,phases] GC(36)   Pre Evacuate Collection Set: 0.25ms
[1.931s][info][gc,phases] GC(36)   Merge Heap Roots: 0.15ms
[1.931s][info][gc,phases] GC(36)   Evacuate Collection Set: 5.45ms
[1.932s][info][gc,phases] GC(36)   Post Evacuate Collection Set: 0.44ms
[1.932s][info][gc,phases] GC(36)   Other: 0.11ms
[1.932s][info][gc       ] GC(36) Pause Young (Concurrent Start) (G1 Evacuation Pause) 1943M->1018M(2048M) 6.762ms
[1.932s][info][gc       ] GC(37) Concurrent Mark Cycle
[1.977s][info][gc       ] GC(37) Pause Remark 1844M->1644M(2048M) 1.202ms
[1.989s][info][gc,phases] GC(38)   Pre Evacuate Collection Set: 0.20ms
[1.989s][info][gc,phases] GC(38)   Merge Heap Roots: 0.17ms
[1.989s][info][gc,phases] GC(38)   Evacuate Collection Set: 5.37ms
[1.989s][info][gc,phases] GC(38)   Post Evacuate Collection Set: 0.50ms
[1.989s][info][gc,phases] GC(38)   Other: 0.06ms
[1.989s][info][gc       ] GC(38) Pause Young (Normal) (G1 Evacuation Pause) 1744M->834M(2048M) 6.587ms
[2.054s][info][gc,phases] GC(39)   Pre Evacuate Collection Set: 0.21ms
[2.054s][info][gc,phases] GC(39)   Merge Heap Roots: 0.19ms
[2.055s][info][gc,phases] GC(39)   Evacuate Collection Set: 5.66ms
[2.055s][info][gc,phases] GC(39)   Post Evacuate Collection Set: 0.48ms
[2.055s][info][gc,phases] GC(39)   Other: 0.07ms
[2.055s][info][gc       ] GC(39) Pause Young (Normal) (G1 Evacuation Pause) 1944M->852M(2048M) 7.012ms
[2.067s][info][gc       ] GC(37) Pause Cleanup 1074M->1074M(2048M) 0.214ms
[2.068s][info][gc       ] GC(37) Concurrent Mark Cycle 136.754ms
[2.120s][info][gc,phases] GC(40)   Pre Evacuate Collection Set: 0.22ms
[2.120s][info][gc,phases] GC(40)   Merge Heap Roots: 0.19ms
[2.120s][info][gc,phases] GC(40)   Evacuate Collection Set: 5.67ms
[2.120s][info][gc,phases] GC(40)   Post Evacuate Collection Set: 0.45ms
[2.120s][info][gc,phases] GC(40)   Other: 0.07ms
[2.120s][info][gc       ] GC(40) Pause Young (Prepare Mixed) (G1 Evacuation Pause) 1944M->869M(2048M) 6.902ms
[2.183s][info][gc,phases] GC(41)   Pre Evacuate Collection Set: 0.24ms
[2.183s][info][gc,phases] GC(41)   Merge Heap Roots: 0.19ms
[2.183s][info][gc,phases] GC(41)   Evacuate Collection Set: 5.51ms
[2.183s][info][gc,phases] GC(41)   Post Evacuate Collection Set: 0.50ms
[2.183s][info][gc,phases] GC(41)   Other: 0.06ms
[2.183s][info][gc       ] GC(41) Pause Young (Mixed) (G1 Evacuation Pause) 1944M->883M(2048M) 6.804ms
[2.245s][info][gc,phases] GC(42)   Pre Evacuate Collection Set: 0.22ms
[2.245s][info][gc,phases] GC(42)   Merge Heap Roots: 0.19ms
[2.245s][info][gc,phases] GC(42)   Evacuate Collection Set: 5.39ms
[2.245s][info][gc,phases] GC(42)   Post Evacuate Collection Set: 0.49ms
[2.245s][info][gc,phases] GC(42)   Other: 0.06ms
[2.245s][info][gc       ] GC(42) Pause Young (Normal) (G1 Evacuation Pause) 1944M->899M(2048M) 6.673ms
[2.305s][info][gc,phases] GC(43)   Pre Evacuate Collection Set: 0.20ms
[2.305s][info][gc,phases] GC(43)   Merge Heap Roots: 0.19ms
[2.305s][info][gc,phases] GC(43)   Evacuate Collection Set: 4.07ms
[2.305s][info][gc,phases] GC(43)   Post Evacuate Collection Set: 0.62ms
[2.305s][info][gc,phases] GC(43)   Other: 0.05ms
[2.305s][info][gc       ] GC(43) Pause Young (Normal) (G1 Evacuation Pause) (Evacuation Failure) 1944M->930M(2048M) 5.418ms
[2.366s][info][gc,phases] GC(44)   Pre Evacuate Collection Set: 0.24ms
[2.367s][info][gc,phases] GC(44)   Merge Heap Roots: 0.19ms
[2.367s][info][gc,phases] GC(44)   Evacuate Collection Set: 7.17ms
[2.367s][info][gc,phases] GC(44)   Post Evacuate Collection Set: 0.53ms
[2.367s][info][gc,phases] GC(44)   Other: 0.06ms
[2.367s][info][gc       ] GC(44) Pause Young (Normal) (G1 Evacuation Pause) (Evacuation Failure) 1945M->950M(2048M) 8.498ms
[2.423s][info][gc,phases] GC(45)   Pre Evacuate Collection Set: 0.22ms
[2.423s][info][gc,phases] GC(45)   Merge Heap Roots: 0.17ms
[2.423s][info][gc,phases] GC(45)   Evacuate Collection Set: 2.79ms
[2.423s][info][gc,phases] GC(45)   Post Evacuate Collection Set: 0.48ms
[2.423s][info][gc,phases] GC(45)   Other: 0.06ms
[2.423s][info][gc       ] GC(45) Pause Young (Normal) (G1 Evacuation Pause) 1945M->967M(2048M) 4.087ms
[2.479s][info][gc,phases] GC(46)   Pre Evacuate Collection Set: 0.21ms
[2.479s][info][gc,phases] GC(46)   Merge Heap Roots: 0.17ms
[2.479s][info][gc,phases] GC(46)   Evacuate Collection Set: 3.97ms
[2.479s][info][gc,phases] GC(46)   Post Evacuate Collection Set: 0.52ms
[2.479s][info][gc,phases] GC(46)   Other: 0.05ms
[2.479s][info][gc       ] GC(46) Pause Young (Normal) (G1 Evacuation Pause) 1944M->982M(2048M) 5.354ms
[2.533s][info][gc,phases] GC(47)   Pre Evacuate Collection Set: 0.19ms
[2.533s][info][gc,phases] GC(47)   Merge Heap Roots: 0.17ms
[2.533s][info][gc,phases] GC(47)   Evacuate Collection Set: 2.48ms
[2.533s][info][gc,phases] GC(47)   Post Evacuate Collection Set: 0.49ms
[2.533s][info][gc,phases] GC(47)   Other: 0.05ms
[2.533s][info][gc       ] GC(47) Pause Young (Normal) (G1 Evacuation Pause) 1944M->998M(2048M) 3.672ms
[2.589s][info][gc,phases] GC(48)   Pre Evacuate Collection Set: 0.21ms
[2.589s][info][gc,phases] GC(48)   Merge Heap Roots: 0.18ms
[2.589s][info][gc,phases] GC(48)   Evacuate Collection Set: 5.51ms
[2.590s][info][gc,phases] GC(48)   Post Evacuate Collection Set: 0.50ms
[2.590s][info][gc,phases] GC(48)   Other: 0.06ms
[2.590s][info][gc       ] GC(48) Pause Young (Normal) (G1 Evacuation Pause) 1944M->1013M(2048M) 6.811ms
[2.645s][info][gc,phases] GC(49)   Pre Evacuate Collection Set: 0.22ms
[2.645s][info][gc,phases] GC(49)   Merge Heap Roots: 0.15ms
[2.645s][info][gc,phases] GC(49)   Evacuate Collection Set: 5.48ms
[2.645s][info][gc,phases] GC(49)   Post Evacuate Collection Set: 0.45ms
[2.645s][info][gc,phases] GC(49)   Other: 0.11ms
[2.645s][info][gc       ] GC(49) Pause Young (Concurrent Start) (G1 Evacuation Pause) 1943M->1028M(2048M) 6.809ms
[2.645s][info][gc       ] GC(50) Concurrent Mark Cycle
[2.691s][info][gc       ] GC(50) Pause Remark 1867M->1666M(2048M) 1.133ms
[2.702s][info][gc,phases] GC(51)   Pre Evacuate Collection Set: 0.21ms
[2.702s][info][gc,phases] GC(51)   Merge Heap Roots: 0.19ms
[2.702s][info][gc,phases] GC(51)   Evacuate Collection Set: 5.59ms
[2.702s][info][gc,phases] GC(51)   Post Evacuate Collection Set: 0.56ms
[2.702s][info][gc,phases] GC(51)   Other: 0.06ms
[2.702s][info][gc       ] GC(51) Pause Young (Normal) (G1 Evacuation Pause) 1743M->843M(2048M) 6.941ms
[2.767s][info][gc,phases] GC(52)   Pre Evacuate Collection Set: 0.20ms
[2.767s][info][gc,phases] GC(52)   Merge Heap Roots: 0.20ms
[2.767s][info][gc,phases] GC(52)   Evacuate Collection Set: 5.34ms
[2.767s][info][gc,phases] GC(52)   Post Evacuate Collection Set: 0.50ms
[2.767s][info][gc,phases] GC(52)   Other: 0.07ms
[2.767s][info][gc       ] GC(52) Pause Young (Normal) (G1 Evacuation Pause) 1944M->861M(2048M) 6.680ms
[2.781s][info][gc       ] GC(50) Pause Cleanup 1110M->1110M(2048M) 0.260ms
[2.782s][info][gc       ] GC(50) Concurrent Mark Cycle 136.891ms
[2.831s][info][gc,phases] GC(53)   Pre Evacuate Collection Set: 0.24ms
[2.831s][info][gc,phases] GC(53)   Merge Heap Roots: 0.19ms
[2.831s][info][gc,phases] GC(53)   Evacuate Collection Set: 5.35ms
[2.831s][info][gc,phases] GC(53)   Post Evacuate Collection Set: 0.49ms
[2.831s][info][gc,phases] GC(53)   Other: 0.06ms
[2.831s][info][gc       ] GC(53) Pause Young (Prepare Mixed) (G1 Evacuation Pause) 1944M->878M(2048M) 6.665ms
[2.894s][info][gc,phases] GC(54)   Pre Evacuate Collection Set: 0.24ms
[2.894s][info][gc,phases] GC(54)   Merge Heap Roots: 0.19ms
[2.894s][info][gc,phases] GC(54)   Evacuate Collection Set: 5.45ms
[2.894s][info][gc,phases] GC(54)   Post Evacuate Collection Set: 0.51ms
[2.894s][info][gc,phases] GC(54)   Other: 0.06ms
[2.894s][info][gc       ] GC(54) Pause Young (Mixed) (G1 Evacuation Pause) 1944M->889M(2048M) 6.856ms
[2.956s][info][gc,phases] GC(55)   Pre Evacuate Collection Set: 0.19ms
[2.956s][info][gc,phases] GC(55)   Merge Heap Roots: 0.18ms
[2.956s][info][gc,phases] GC(55)   Evacuate Collection Set: 5.63ms
[2.956s][info][gc,phases] GC(55)   Post Evacuate Collection Set: 0.45ms
[2.956s][info][gc,phases] GC(55)   Other: 0.06ms
[2.956s][info][gc       ] GC(55) Pause Young (Normal) (G1 Evacuation Pause) 1943M->906M(2048M) 6.881ms
[3.017s][info][gc,phases] GC(56)   Pre Evacuate Collection Set: 0.24ms
[3.017s][info][gc,phases] GC(56)   Merge Heap Roots: 0.17ms
[3.017s][info][gc,phases] GC(56)   Evacuate Collection Set: 5.40ms
[3.017s][info][gc,phases] GC(56)   Post Evacuate Collection Set: 0.54ms
[3.017s][info][gc,phases] GC(56)   Other: 0.11ms
[3.018s][info][gc       ] GC(56) Pause Young (Concurrent Start) (G1 Evacuation Pause) 1943M->923M(2048M) 6.833ms
[3.018s][info][gc       ] GC(57) Concurrent Mark Cycle
[3.063s][info][gc       ] GC(57) Pause Remark 1748M->1651M(2048M) 1.103ms
[3.080s][info][gc,phases] GC(58)   Pre Evacuate Collection Set: 0.18ms
[3.080s][info][gc,phases] GC(58)   Merge Heap Roots: 0.19ms
[3.080s][info][gc,phases] GC(58)   Evacuate Collection Set: 5.90ms
[3.080s][info][gc,phases] GC(58)   Post Evacuate Collection Set: 0.57ms
[3.081s][info][gc,phases] GC(58)   Other: 0.06ms
[3.081s][info][gc       ] GC(58) Pause Young (Normal) (G1 Evacuation Pause) 1846M->844M(2048M) 7.247ms
[3.146s][info][gc,phases] GC(59)   Pre Evacuate Collection Set: 0.23ms
[3.146s][info][gc,phases] GC(59)   Merge Heap Roots: 0.19ms
[3.146s][info][gc,phases] GC(59)   Evacuate Collection Set: 5.99ms
[3.146s][info][gc,phases] GC(59)   Post Evacuate Collection Set: 0.48ms
[3.146s][info][gc,phases] GC(59)   Other: 0.06ms
[3.146s][info][gc       ] GC(59) Pause Young (Normal) (G1 Evacuation Pause) 1944M->860M(2048M) 7.358ms
[3.152s][info][gc       ] GC(57) Pause Cleanup 960M->960M(2048M) 0.235ms
[3.153s][info][gc       ] GC(57) Concurrent Mark Cycle 135.538ms
[3.210s][info][gc,phases] GC(60)   Pre Evacuate Collection Set: 0.22ms
[3.210s][info][gc,phases] GC(60)   Merge Heap Roots: 0.18ms
[3.210s][info][gc,phases] GC(60)   Evacuate Collection Set: 5.29ms
[3.210s][info][gc,phases] GC(60)   Post Evacuate Collection Set: 0.60ms
[3.210s][info][gc,phases] GC(60)   Other: 0.05ms
[3.210s][info][gc       ] GC(60) Pause Young (Prepare Mixed) (G1 Evacuation Pause) (Evacuation Failure) 1944M->888M(2048M) 6.664ms
[3.272s][info][gc,phases] GC(61)   Pre Evacuate Collection Set: 0.20ms
[3.272s][info][gc,phases] GC(61)   Merge Heap Roots: 0.18ms
[3.272s][info][gc,phases] GC(61)   Evacuate Collection Set: 5.31ms
[3.272s][info][gc,phases] GC(61)   Post Evacuate Collection Set: 0.71ms
[3.272s][info][gc,phases] GC(61)   Other: 0.06ms
[3.272s][info][gc       ] GC(61) Pause Young (Mixed) (G1 Evacuation Pause) (Evacuation Failure) 1945M->924M(2048M) 6.756ms
[3.330s][info][gc,phases] GC(62)   Pre Evacuate Collection Set: 0.26ms
[3.330s][info][gc,phases] GC(62)   Merge Heap Roots: 0.18ms
[3.330s][info][gc,phases] GC(62)   Evacuate Collection Set: 3.13ms
[3.330s][info][gc,phases] GC(62)   Post Evacuate Collection Set: 0.51ms
[3.330s][info][gc,phases] GC(62)   Other: 0.11ms
[3.330s][info][gc       ] GC(62) Pause Young (Concurrent Start) (G1 Evacuation Pause) 1945M->940M(2048M) 4.615ms
[3.330s][info][gc       ] GC(63) Concurrent Mark Cycle
[3.376s][info][gc       ] GC(63) Pause Remark 1771M->1680M(2048M) 1.052ms
[3.394s][info][gc,phases] GC(64)   Pre Evacuate Collection Set: 0.19ms
[3.394s][info][gc,phases] GC(64)   Merge Heap Roots: 0.19ms
[3.394s][info][gc,phases] GC(64)   Evacuate Collection Set: 8.14ms
[3.394s][info][gc,phases] GC(64)   Post Evacuate Collection Set: 0.54ms
[3.394s][info][gc,phases] GC(64)   Other: 0.06ms
[3.394s][info][gc       ] GC(64) Pause Young (Normal) (G1 Evacuation Pause) 1853M->866M(2048M) 9.420ms
[3.461s][info][gc       ] GC(63) Pause Cleanup 1493M->1493M(2048M) 0.289ms
[3.462s][info][gc       ] GC(63) Concurrent Mark Cycle 131.443ms
[3.508s][info][gc,phases] GC(65)   Pre Evacuate Collection Set: 0.23ms
[3.508s][info][gc,phases] GC(65)   Merge Heap Roots: 0.15ms
[3.508s][info][gc,phases] GC(65)   Evacuate Collection Set: 2.83ms
[3.508s][info][gc,phases] GC(65)   Post Evacuate Collection Set: 0.57ms
[3.508s][info][gc,phases] GC(65)   Other: 0.06ms
[3.508s][info][gc       ] GC(65) Pause Young (Prepare Mixed) (G1 Evacuation Pause) 1944M->884M(2048M) 4.193ms
[3.612s][info][gc,phases] GC(66)   Pre Evacuate Collection Set: 0.46ms
[3.612s][info][gc,phases] GC(66)   Merge Heap Roots: 0.34ms
[3.612s][info][gc,phases] GC(66)   Evacuate Collection Set: 4.33ms
[3.612s][info][gc,phases] GC(66)   Post Evacuate Collection Set: 0.58ms
[3.612s][info][gc,phases] GC(66)   Other: 0.08ms
[3.612s][info][gc       ] GC(66) Pause Young (Mixed) (G1 Evacuation Pause) 1944M->892M(2048M) 6.188ms
[3.719s][info][gc,phases] GC(67)   Pre Evacuate Collection Set: 0.28ms
[3.719s][info][gc,phases] GC(67)   Merge Heap Roots: 0.18ms
[3.720s][info][gc,phases] GC(67)   Evacuate Collection Set: 5.02ms
[3.720s][info][gc,phases] GC(67)   Post Evacuate Collection Set: 0.57ms
[3.720s][info][gc,phases] GC(67)   Other: 0.13ms
[3.720s][info][gc       ] GC(67) Pause Young (Concurrent Start) (G1 Evacuation Pause) 1944M->910M(2048M) 6.599ms
[3.720s][info][gc       ] GC(68) Concurrent Mark Cycle
[3.763s][info][gc       ] GC(68) Pause Remark 1673M->1607M(2048M) 1.052ms
[3.798s][info][gc,phases] GC(69)   Pre Evacuate Collection Set: 0.19ms
[3.798s][info][gc,phases] GC(69)   Merge Heap Roots: 0.19ms
[3.798s][info][gc,phases] GC(69)   Evacuate Collection Set: 5.90ms
[3.798s][info][gc,phases] GC(69)   Post Evacuate Collection Set: 0.61ms
[3.798s][info][gc,phases] GC(69)   Other: 0.06ms
[3.798s][info][gc       ] GC(69) Pause Young (Normal) (G1 Evacuation Pause) 1878M->861M(2048M) 7.292ms
[3.847s][info][gc       ] GC(68) Pause Cleanup 1392M->1392M(2048M) 0.299ms
[3.848s][info][gc       ] GC(68) Concurrent Mark Cycle 128.195ms
[3.908s][info][gc,phases] GC(70)   Pre Evacuate Collection Set: 0.22ms
[3.908s][info][gc,phases] GC(70)   Merge Heap Roots: 0.23ms
[3.908s][info][gc,phases] GC(70)   Evacuate Collection Set: 6.03ms
[3.908s][info][gc,phases] GC(70)   Post Evacuate Collection Set: 0.54ms
[3.908s][info][gc,phases] GC(70)   Other: 0.05ms
[3.908s][info][gc       ] GC(70) Pause Young (Prepare Mixed) (G1 Evacuation Pause) 1944M->878M(2048M) 7.501ms
[4.018s][info][gc,phases] GC(71)   Pre Evacuate Collection Set: 0.23ms
[4.018s][info][gc,phases] GC(71)   Merge Heap Roots: 0.20ms
[4.019s][info][gc,phases] GC(71)   Evacuate Collection Set: 6.15ms
[4.019s][info][gc,phases] GC(71)   Post Evacuate Collection Set: 0.78ms
[4.019s][info][gc,phases] GC(71)   Other: 0.06ms
[4.019s][info][gc       ] GC(71) Pause Young (Mixed) (G1 Evacuation Pause) (Evacuation Failure) 1944M->925M(2048M) 7.751ms
[4.124s][info][gc,phases] GC(72)   Pre Evacuate Collection Set: 0.27ms
[4.124s][info][gc,phases] GC(72)   Merge Heap Roots: 0.18ms
[4.124s][info][gc,phases] GC(72)   Evacuate Collection Set: 5.84ms
[4.124s][info][gc,phases] GC(72)   Post Evacuate Collection Set: 0.49ms
[4.124s][info][gc,phases] GC(72)   Other: 0.13ms
[4.124s][info][gc       ] GC(72) Pause Young (Concurrent Start) (G1 Evacuation Pause) 1945M->942M(2048M) 7.300ms
[4.124s][info][gc       ] GC(73) Concurrent Mark Cycle
[4.168s][info][gc       ] GC(73) Pause Remark 1379M->1304M(2048M) 1.013ms
[4.230s][info][gc,phases] GC(74)   Pre Evacuate Collection Set: 0.20ms
[4.230s][info][gc,phases] GC(74)   Merge Heap Roots: 0.18ms
[4.230s][info][gc,phases] GC(74)   Evacuate Collection Set: 5.71ms
[4.230s][info][gc,phases] GC(74)   Post Evacuate Collection Set: 0.50ms
[4.230s][info][gc,phases] GC(74)   Other: 0.05ms
[4.231s][info][gc       ] GC(74) Pause Young (Normal) (G1 Evacuation Pause) 1869M->883M(2048M) 7.052ms
[4.250s][info][gc       ] GC(73) Pause Cleanup 1166M->1166M(2048M) 0.251ms
[4.251s][info][gc       ] GC(73) Concurrent Mark Cycle 126.776ms
[4.332s][info][gc,phases] GC(75)   Pre Evacuate Collection Set: 0.19ms
[4.332s][info][gc,phases] GC(75)   Merge Heap Roots: 0.18ms
[4.333s][info][gc,phases] GC(75)   Evacuate Collection Set: 5.86ms
[4.333s][info][gc,phases] GC(75)   Post Evacuate Collection Set: 0.49ms
[4.333s][info][gc,phases] GC(75)   Other: 0.06ms
[4.333s][info][gc       ] GC(75) Pause Young (Prepare Mixed) (G1 Evacuation Pause) 1943M->901M(2048M) 7.169ms
[4.440s][info][gc,phases] GC(76)   Pre Evacuate Collection Set: 0.22ms
[4.440s][info][gc,phases] GC(76)   Merge Heap Roots: 0.18ms
[4.440s][info][gc,phases] GC(76)   Evacuate Collection Set: 5.81ms
[4.440s][info][gc,phases] GC(76)   Post Evacuate Collection Set: 0.48ms
[4.440s][info][gc,phases] GC(76)   Other: 0.07ms
[4.440s][info][gc       ] GC(76) Pause Young (Mixed) (G1 Evacuation Pause) 1944M->908M(2048M) 7.099ms
[4.547s][info][gc,phases] GC(77)   Pre Evacuate Collection Set: 0.24ms
[4.547s][info][gc,phases] GC(77)   Merge Heap Roots: 0.20ms
[4.547s][info][gc,phases] GC(77)   Evacuate Collection Set: 5.69ms
[4.547s][info][gc,phases] GC(77)   Post Evacuate Collection Set: 0.49ms
[4.547s][info][gc,phases] GC(77)   Other: 0.12ms
[4.547s][info][gc       ] GC(77) Pause Young (Concurrent Start) (G1 Evacuation Pause) 1944M->924M(2048M) 7.105ms
[4.547s][info][gc       ] GC(78) Concurrent Mark Cycle
[4.591s][info][gc       ] GC(78) Pause Remark 1364M->1299M(2048M) 0.974ms
[4.634s][info][gc,phases] GC(79)   Pre Evacuate Collection Set: 0.22ms
[4.634s][info][gc,phases] GC(79)   Merge Heap Roots: 0.20ms
[4.634s][info][gc,phases] GC(79)   Evacuate Collection Set: 5.67ms
[4.634s][info][gc,phases] GC(79)   Post Evacuate Collection Set: 0.49ms
[4.634s][info][gc,phases] GC(79)   Other: 0.06ms
[4.634s][info][gc       ] GC(79) Pause Young (Normal) (G1 Evacuation Pause) 1879M->876M(2048M) 7.002ms
[4.676s][info][gc       ] GC(78) Pause Cleanup 1293M->1293M(2048M) 0.293ms
[4.677s][info][gc       ] GC(78) Concurrent Mark Cycle 129.938ms
[4.745s][info][gc,phases] GC(80)   Pre Evacuate Collection Set: 0.23ms
[4.746s][info][gc,phases] GC(80)   Merge Heap Roots: 0.18ms
[4.746s][info][gc,phases] GC(80)   Evacuate Collection Set: 5.47ms
[4.746s][info][gc,phases] GC(80)   Post Evacuate Collection Set: 0.47ms
[4.746s][info][gc,phases] GC(80)   Other: 0.05ms
[4.746s][info][gc       ] GC(80) Pause Young (Prepare Mixed) (G1 Evacuation Pause) 1944M->893M(2048M) 6.920ms
[4.852s][info][gc,phases] GC(81)   Pre Evacuate Collection Set: 0.22ms
[4.852s][info][gc,phases] GC(81)   Merge Heap Roots: 0.18ms
[4.853s][info][gc,phases] GC(81)   Evacuate Collection Set: 4.50ms
[4.853s][info][gc,phases] GC(81)   Post Evacuate Collection Set: 0.48ms
[4.853s][info][gc,phases] GC(81)   Other: 0.07ms
[4.853s][info][gc       ] GC(81) Pause Young (Mixed) (G1 Evacuation Pause) 1944M->900M(2048M) 5.759ms
[4.957s][info][gc,phases] GC(82)   Pre Evacuate Collection Set: 0.25ms
[4.958s][info][gc,phases] GC(82)   Merge Heap Roots: 0.18ms
[4.958s][info][gc,phases] GC(82)   Evacuate Collection Set: 3.23ms
[4.958s][info][gc,phases] GC(82)   Post Evacuate Collection Set: 0.48ms
[4.958s][info][gc,phases] GC(82)   Other: 0.12ms
[4.958s][info][gc       ] GC(82) Pause Young (Concurrent Start) (G1 Evacuation Pause) 1944M->917M(2048M) 4.662ms
[4.958s][info][gc       ] GC(83) Concurrent Mark Cycle
[5.003s][info][gc       ] GC(83) Pause Remark 1365M->1302M(2048M) 1.007ms
[5.066s][info][gc,phases] GC(84)   Pre Evacuate Collection Set: 0.18ms
[5.066s][info][gc,phases] GC(84)   Merge Heap Roots: 0.20ms
[5.066s][info][gc,phases] GC(84)   Evacuate Collection Set: 5.64ms
[5.066s][info][gc,phases] GC(84)   Post Evacuate Collection Set: 0.49ms
[5.066s][info][gc,phases] GC(84)   Other: 0.05ms
[5.066s][info][gc       ] GC(84) Pause Young (Normal) (G1 Evacuation Pause) 1880M->871M(2048M) 6.921ms
[5.085s][info][gc       ] GC(83) Pause Cleanup 1053M->1053M(2048M) 0.266ms
[5.086s][info][gc       ] GC(83) Concurrent Mark Cycle 127.965ms
[5.171s][info][gc,phases] GC(85)   Pre Evacuate Collection Set: 0.20ms
[5.172s][info][gc,phases] GC(85)   Merge Heap Roots: 0.18ms
[5.172s][info][gc,phases] GC(85)   Evacuate Collection Set: 3.20ms
[5.172s][info][gc,phases] GC(85)   Post Evacuate Collection Set: 0.46ms
[5.172s][info][gc,phases] GC(85)   Other: 0.06ms
[5.172s][info][gc       ] GC(85) Pause Young (Prepare Mixed) (G1 Evacuation Pause) 1943M->889M(2048M) 4.452ms
[5.279s][info][gc,phases] GC(86)   Pre Evacuate Collection Set: 0.24ms
[5.279s][info][gc,phases] GC(86)   Merge Heap Roots: 0.19ms
[5.279s][info][gc,phases] GC(86)   Evacuate Collection Set: 4.58ms
[5.279s][info][gc,phases] GC(86)   Post Evacuate Collection Set: 0.48ms
[5.279s][info][gc,phases] GC(86)   Other: 0.07ms
[5.279s][info][gc       ] GC(86) Pause Young (Mixed) (G1 Evacuation Pause) 1944M->895M(2048M) 5.896ms
[5.387s][info][gc,phases] GC(87)   Pre Evacuate Collection Set: 0.26ms
[5.387s][info][gc,phases] GC(87)   Merge Heap Roots: 0.19ms
[5.387s][info][gc,phases] GC(87)   Evacuate Collection Set: 5.71ms
[5.387s][info][gc,phases] GC(87)   Post Evacuate Collection Set: 0.47ms
[5.387s][info][gc,phases] GC(87)   Other: 0.11ms
[5.387s][info][gc       ] GC(87) Pause Young (Concurrent Start) (G1 Evacuation Pause) 1944M->913M(2048M) 7.024ms
[5.387s][info][gc       ] GC(88) Concurrent Mark Cycle
[5.433s][info][gc       ] GC(88) Pause Remark 1470M->1403M(2048M) 1.004ms
[5.486s][info][gc,phases] GC(89)   Pre Evacuate Collection Set: 0.19ms
[5.487s][info][gc,phases] GC(89)   Merge Heap Roots: 0.22ms
[5.487s][info][gc,phases] GC(89)   Evacuate Collection Set: 6.05ms
[5.487s][info][gc,phases] GC(89)   Post Evacuate Collection Set: 0.59ms
[5.487s][info][gc,phases] GC(89)   Other: 0.07ms
[5.487s][info][gc       ] GC(89) Pause Young (Normal) (G1 Evacuation Pause) 1877M->862M(2048M) 7.550ms
[5.516s][info][gc       ] GC(88) Pause Cleanup 1379M->1379M(2048M) 0.272ms
[5.517s][info][gc       ] GC(88) Concurrent Mark Cycle 129.788ms
[5.578s][info][gc,phases] GC(90)   Pre Evacuate Collection Set: 0.21ms
[5.578s][info][gc,phases] GC(90)   Merge Heap Roots: 0.20ms
[5.578s][info][gc,phases] GC(90)   Evacuate Collection Set: 5.96ms
[5.578s][info][gc,phases] GC(90)   Post Evacuate Collection Set: 0.49ms
[5.578s][info][gc,phases] GC(90)   Other: 0.06ms
[5.578s][info][gc       ] GC(90) Pause Young (Prepare Mixed) (G1 Evacuation Pause) 1944M->880M(2048M) 7.353ms
[5.688s][info][gc,phases] GC(91)   Pre Evacuate Collection Set: 0.29ms
[5.688s][info][gc,phases] GC(91)   Merge Heap Roots: 0.18ms
[5.688s][info][gc,phases] GC(91)   Evacuate Collection Set: 5.56ms
[5.688s][info][gc,phases] GC(91)   Post Evacuate Collection Set: 0.49ms
[5.688s][info][gc,phases] GC(91)   Other: 0.07ms
[5.688s][info][gc       ] GC(91) Pause Young (Mixed) (G1 Evacuation Pause) 1944M->888M(2048M) 6.985ms
[5.797s][info][gc,phases] GC(92)   Pre Evacuate Collection Set: 0.22ms
[5.797s][info][gc,phases] GC(92)   Merge Heap Roots: 0.19ms
[5.797s][info][gc,phases] GC(92)   Evacuate Collection Set: 5.70ms
[5.797s][info][gc,phases] GC(92)   Post Evacuate Collection Set: 0.49ms
[5.797s][info][gc,phases] GC(92)   Other: 0.12ms
[5.797s][info][gc       ] GC(92) Pause Young (Concurrent Start) (G1 Evacuation Pause) 1944M->905M(2048M) 7.112ms
[5.798s][info][gc       ] GC(93) Concurrent Mark Cycle
[5.842s][info][gc       ] GC(93) Pause Remark 1347M->1279M(2048M) 0.961ms
[5.907s][info][gc,phases] GC(94)   Pre Evacuate Collection Set: 0.20ms
[5.907s][info][gc,phases] GC(94)   Merge Heap Roots: 0.21ms
[5.907s][info][gc,phases] GC(94)   Evacuate Collection Set: 5.69ms
[5.907s][info][gc,phases] GC(94)   Post Evacuate Collection Set: 0.52ms
[5.907s][info][gc,phases] GC(94)   Other: 0.07ms
[5.907s][info][gc       ] GC(94) Pause Young (Normal) (G1 Evacuation Pause) 1876M->855M(2048M) 7.012ms
[5.924s][info][gc       ] GC(93) Pause Cleanup 1023M->1023M(2048M) 0.274ms
[5.925s][info][gc       ] GC(93) Concurrent Mark Cycle 127.357ms
[6.019s][info][gc,phases] GC(95)   Pre Evacuate Collection Set: 0.23ms
[6.019s][info][gc,phases] GC(95)   Merge Heap Roots: 0.17ms
[6.019s][info][gc,phases] GC(95)   Evacuate Collection Set: 5.71ms
[6.019s][info][gc,phases] GC(95)   Post Evacuate Collection Set: 0.56ms
[6.019s][info][gc,phases] GC(95)   Other: 0.05ms
[6.019s][info][gc       ] GC(95) Pause Young (Prepare Mixed) (G1 Evacuation Pause) (Evacuation Failure) 1944M->877M(2048M) 7.147ms
[6.129s][info][gc,phases] GC(96)   Pre Evacuate Collection Set: 0.21ms
[6.129s][info][gc,phases] GC(96)   Merge Heap Roots: 0.19ms
[6.129s][info][gc,phases] GC(96)   Evacuate Collection Set: 5.89ms
[6.129s][info][gc,phases] GC(96)   Post Evacuate Collection Set: 0.77ms
[6.129s][info][gc,phases] GC(96)   Other: 0.06ms
[6.129s][info][gc       ] GC(96) Pause Young (Mixed) (G1 Evacuation Pause) (Evacuation Failure) 1945M->921M(2048M) 7.476ms
[6.232s][info][gc,phases] GC(97)   Pre Evacuate Collection Set: 0.24ms
[6.232s][info][gc,phases] GC(97)   Merge Heap Roots: 0.18ms
[6.233s][info][gc,phases] GC(97)   Evacuate Collection Set: 5.76ms
[6.233s][info][gc,phases] GC(97)   Post Evacuate Collection Set: 0.47ms
[6.233s][info][gc,phases] GC(97)   Other: 0.12ms
[6.233s][info][gc       ] GC(97) Pause Young (Concurrent Start) (G1 Evacuation Pause) 1945M->938M(2048M) 7.145ms
[6.233s][info][gc       ] GC(98) Concurrent Mark Cycle
[6.277s][info][gc       ] GC(98) Pause Remark 1375M->1309M(2048M) 1.002ms
[6.336s][info][gc,phases] GC(99)   Pre Evacuate Collection Set: 0.23ms
[6.336s][info][gc,phases] GC(99)   Merge Heap Roots: 0.19ms
[6.336s][info][gc,phases] GC(99)   Evacuate Collection Set: 5.43ms
[6.336s][info][gc,phases] GC(99)   Post Evacuate Collection Set: 0.50ms
[6.336s][info][gc,phases] GC(99)   Other: 0.05ms
[6.336s][info][gc       ] GC(99) Pause Young (Normal) (G1 Evacuation Pause) 1878M->888M(2048M) 6.713ms
[6.359s][info][gc       ] GC(98) Pause Cleanup 1292M->1292M(2048M) 0.314ms
[6.360s][info][gc       ] GC(98) Concurrent Mark Cycle 127.218ms
[6.424s][info][gc,phases] GC(100)   Pre Evacuate Collection Set: 0.24ms
[6.424s][info][gc,phases] GC(100)   Merge Heap Roots: 0.19ms
[6.424s][info][gc,phases] GC(100)   Evacuate Collection Set: 3.00ms
[6.424s][info][gc,phases] GC(100)   Post Evacuate Collection Set: 0.49ms
[6.424s][info][gc,phases] GC(100)   Other: 0.06ms
[6.424s][info][gc       ] GC(100) Pause Young (Prepare Mixed) (G1 Evacuation Pause) 1943M->906M(2048M) 4.366ms
[6.529s][info][gc,phases] GC(101)   Pre Evacuate Collection Set: 0.23ms
[6.529s][info][gc,phases] GC(101)   Merge Heap Roots: 0.19ms
[6.529s][info][gc,phases] GC(101)   Evacuate Collection Set: 4.43ms
[6.529s][info][gc,phases] GC(101)   Post Evacuate Collection Set: 0.48ms
[6.529s][info][gc,phases] GC(101)   Other: 0.06ms
[6.530s][info][gc       ] GC(101) Pause Young (Mixed) (G1 Evacuation Pause) 1944M->911M(2048M) 5.779ms
[6.633s][info][gc,phases] GC(102)   Pre Evacuate Collection Set: 0.25ms
[6.633s][info][gc,phases] GC(102)   Merge Heap Roots: 0.18ms
[6.633s][info][gc,phases] GC(102)   Evacuate Collection Set: 3.11ms
[6.633s][info][gc,phases] GC(102)   Post Evacuate Collection Set: 0.48ms
[6.633s][info][gc,phases] GC(102)   Other: 0.12ms
[6.633s][info][gc       ] GC(102) Pause Young (Concurrent Start) (G1 Evacuation Pause) 1943M->929M(2048M) 4.474ms
[6.633s][info][gc       ] GC(103) Concurrent Mark Cycle
[6.677s][info][gc       ] GC(103) Pause Remark 1555M->1488M(2048M) 0.994ms
[6.709s][info][gc,phases] GC(104)   Pre Evacuate Collection Set: 0.21ms
[6.709s][info][gc,phases] GC(104)   Merge Heap Roots: 0.21ms
[6.709s][info][gc,phases] GC(104)   Evacuate Collection Set: 6.02ms
[6.710s][info][gc,phases] GC(104)   Post Evacuate Collection Set: 0.52ms
[6.710s][info][gc,phases] GC(104)   Other: 0.06ms
[6.710s][info][gc       ] GC(104) Pause Young (Normal) (G1 Evacuation Pause) 1877M->878M(2048M) 7.474ms
[6.760s][info][gc       ] GC(103) Pause Cleanup 1606M->1606M(2048M) 0.277ms
[6.761s][info][gc       ] GC(103) Concurrent Mark Cycle 127.892ms
[6.800s][info][gc,phases] GC(105)   Pre Evacuate Collection Set: 0.21ms
[6.800s][info][gc,phases] GC(105)   Merge Heap Roots: 0.18ms
[6.800s][info][gc,phases] GC(105)   Evacuate Collection Set: 5.82ms
[6.800s][info][gc,phases] GC(105)   Post Evacuate Collection Set: 0.47ms
[6.800s][info][gc,phases] GC(105)   Other: 0.08ms
[6.800s][info][gc       ] GC(105) Pause Young (Prepare Mixed) (G1 Evacuation Pause) 1944M->895M(2048M) 7.079ms
[6.908s][info][gc,phases] GC(106)   Pre Evacuate Collection Set: 0.21ms
[6.908s][info][gc,phases] GC(106)   Merge Heap Roots: 0.19ms
[6.908s][info][gc,phases] GC(106)   Evacuate Collection Set: 5.95ms
[6.908s][info][gc,phases] GC(106)   Post Evacuate Collection Set: 0.49ms
[6.908s][info][gc,phases] GC(106)   Other: 0.06ms
[6.908s][info][gc       ] GC(106) Pause Young (Mixed) (G1 Evacuation Pause) 1944M->902M(2048M) 7.232ms
[7.014s][info][gc,phases] GC(107)   Pre Evacuate Collection Set: 0.23ms
[7.015s][info][gc,phases] GC(107)   Merge Heap Roots: 0.18ms
[7.015s][info][gc,phases] GC(107)   Evacuate Collection Set: 5.57ms
[7.015s][info][gc,phases] GC(107)   Post Evacuate Collection Set: 0.50ms
[7.015s][info][gc,phases] GC(107)   Other: 0.12ms
[7.015s][info][gc       ] GC(107) Pause Young (Concurrent Start) (G1 Evacuation Pause) 1943M->920M(2048M) 6.985ms
[7.015s][info][gc       ] GC(108) Concurrent Mark Cycle
[7.059s][info][gc       ] GC(108) Pause Remark 1355M->1280M(2048M) 1.032ms
[7.123s][info][gc,phases] GC(109)   Pre Evacuate Collection Set: 0.22ms
[7.124s][info][gc,phases] GC(109)   Merge Heap Roots: 0.23ms
[7.124s][info][gc,phases] GC(109)   Evacuate Collection Set: 5.97ms
[7.124s][info][gc,phases] GC(109)   Post Evacuate Collection Set: 0.52ms
[7.124s][info][gc,phases] GC(109)   Other: 0.06ms
[7.124s][info][gc       ] GC(109) Pause Young (Normal) (G1 Evacuation Pause) 1869M->861M(2048M) 7.466ms
[7.143s][info][gc       ] GC(108) Pause Cleanup 1147M->1147M(2048M) 0.327ms
[7.152s][info][gc       ] GC(108) Concurrent Mark Cycle 136.674ms
[7.230s][info][gc,phases] GC(110)   Pre Evacuate Collection Set: 0.24ms
[7.230s][info][gc,phases] GC(110)   Merge Heap Roots: 0.20ms
[7.230s][info][gc,phases] GC(110)   Evacuate Collection Set: 5.58ms
[7.230s][info][gc,phases] GC(110)   Post Evacuate Collection Set: 0.52ms
[7.230s][info][gc,phases] GC(110)   Other: 0.06ms
[7.230s][info][gc       ] GC(110) Pause Young (Prepare Mixed) (G1 Evacuation Pause) 1944M->878M(2048M) 6.982ms
[7.339s][info][gc,phases] GC(111)   Pre Evacuate Collection Set: 0.24ms
[7.340s][info][gc,phases] GC(111)   Merge Heap Roots: 0.20ms
[7.340s][info][gc,phases] GC(111)   Evacuate Collection Set: 5.77ms
[7.340s][info][gc,phases] GC(111)   Post Evacuate Collection Set: 0.53ms
[7.340s][info][gc,phases] GC(111)   Other: 0.06ms
[7.340s][info][gc       ] GC(111) Pause Young (Mixed) (G1 Evacuation Pause) (Evacuation Failure) 1944M->894M(2048M) 7.174ms
[7.448s][info][gc,phases] GC(112)   Pre Evacuate Collection Set: 0.24ms
[7.448s][info][gc,phases] GC(112)   Merge Heap Roots: 0.18ms
[7.448s][info][gc,phases] GC(112)   Evacuate Collection Set: 5.60ms
[7.448s][info][gc,phases] GC(112)   Post Evacuate Collection Set: 0.50ms
[7.448s][info][gc,phases] GC(112)   Other: 0.13ms
[7.448s][info][gc       ] GC(112) Pause Young (Concurrent Start) (G1 Evacuation Pause) (Evacuation Failure) 1945M->914M(2048M) 7.035ms
[7.448s][info][gc       ] GC(113) Concurrent Mark Cycle
[7.492s][info][gc       ] GC(113) Pause Remark 1351M->1278M(2048M) 1.079ms
[7.557s][info][gc,phases] GC(114)   Pre Evacuate Collection Set: 0.20ms
[7.557s][info][gc,phases] GC(114)   Merge Heap Roots: 0.21ms
[7.557s][info][gc,phases] GC(114)   Evacuate Collection Set: 5.83ms
[7.557s][info][gc,phases] GC(114)   Post Evacuate Collection Set: 0.50ms
[7.557s][info][gc,phases] GC(114)   Other: 0.06ms
[7.557s][info][gc       ] GC(114) Pause Young (Normal) (G1 Evacuation Pause) 1872M->857M(2048M) 7.106ms
[7.572s][info][gc       ] GC(113) Pause Cleanup 1002M->1002M(2048M) 0.264ms
[7.573s][info][gc       ] GC(113) Concurrent Mark Cycle 124.874ms
[7.667s][info][gc,phases] GC(115)   Pre Evacuate Collection Set: 0.19ms
[7.667s][info][gc,phases] GC(115)   Merge Heap Roots: 0.14ms
[7.667s][info][gc,phases] GC(115)   Evacuate Collection Set: 5.89ms
[7.667s][info][gc,phases] GC(115)   Post Evacuate Collection Set: 0.47ms
[7.667s][info][gc,phases] GC(115)   Other: 0.06ms
[7.667s][info][gc       ] GC(115) Pause Young (Prepare Mixed) (G1 Evacuation Pause) 1944M->874M(2048M) 7.126ms
[7.777s][info][gc,phases] GC(116)   Pre Evacuate Collection Set: 0.20ms
[7.777s][info][gc,phases] GC(116)   Merge Heap Roots: 0.20ms
[7.777s][info][gc,phases] GC(116)   Evacuate Collection Set: 5.90ms
[7.777s][info][gc,phases] GC(116)   Post Evacuate Collection Set: 0.62ms
[7.777s][info][gc,phases] GC(116)   Other: 0.06ms
[7.777s][info][gc       ] GC(116) Pause Young (Mixed) (G1 Evacuation Pause) (Evacuation Failure) 1944M->900M(2048M) 7.393ms
[7.884s][info][gc,phases] GC(117)   Pre Evacuate Collection Set: 0.26ms
[7.884s][info][gc,phases] GC(117)   Merge Heap Roots: 0.19ms
[7.884s][info][gc,phases] GC(117)   Evacuate Collection Set: 5.15ms
[7.884s][info][gc,phases] GC(117)   Post Evacuate Collection Set: 0.47ms
[7.884s][info][gc,phases] GC(117)   Other: 0.11ms
[7.884s][info][gc       ] GC(117) Pause Young (Concurrent Start) (G1 Evacuation Pause) 1945M->917M(2048M) 6.544ms
[7.885s][info][gc       ] GC(118) Concurrent Mark Cycle
[7.928s][info][gc       ] GC(118) Pause Remark 1354M->1286M(2048M) 1.147ms
[7.973s][info][gc,phases] GC(119)   Pre Evacuate Collection Set: 0.20ms
[7.973s][info][gc,phases] GC(119)   Merge Heap Roots: 0.19ms
[7.973s][info][gc,phases] GC(119)   Evacuate Collection Set: 3.04ms
[7.973s][info][gc,phases] GC(119)   Post Evacuate Collection Set: 0.49ms
[7.973s][info][gc,phases] GC(119)   Other: 0.06ms
[7.973s][info][gc       ] GC(119) Pause Young (Normal) (G1 Evacuation Pause) 1876M->866M(2048M) 4.351ms
[8.008s][info][gc       ] GC(118) Pause Cleanup 1214M->1214M(2048M) 0.303ms
[8.009s][info][gc       ] GC(118) Concurrent Mark Cycle 124.304ms
[8.084s][info][gc,phases] GC(120)   Pre Evacuate Collection Set: 0.20ms
[8.084s][info][gc,phases] GC(120)   Merge Heap Roots: 0.19ms
[8.084s][info][gc,phases] GC(120)   Evacuate Collection Set: 4.93ms
[8.084s][info][gc,phases] GC(120)   Post Evacuate Collection Set: 0.47ms
[8.084s][info][gc,phases] GC(120)   Other: 0.06ms
[8.084s][info][gc       ] GC(120) Pause Young (Prepare Mixed) (G1 Evacuation Pause) 1943M->884M(2048M) 6.188ms
[8.192s][info][gc,phases] GC(121)   Pre Evacuate Collection Set: 0.20ms
[8.192s][info][gc,phases] GC(121)   Merge Heap Roots: 0.17ms
[8.192s][info][gc,phases] GC(121)   Evacuate Collection Set: 3.47ms
[8.192s][info][gc,phases] GC(121)   Post Evacuate Collection Set: 0.48ms
[8.192s][info][gc,phases] GC(121)   Other: 0.07ms
[8.192s][info][gc       ] GC(121) Pause Young (Mixed) (G1 Evacuation Pause) 1944M->892M(2048M) 4.696ms
[8.298s][info][gc,phases] GC(122)   Pre Evacuate Collection Set: 0.29ms
[8.298s][info][gc,phases] GC(122)   Merge Heap Roots: 0.17ms
[8.298s][info][gc,phases] GC(122)   Evacuate Collection Set: 3.16ms
[8.298s][info][gc,phases] GC(122)   Post Evacuate Collection Set: 0.52ms
[8.298s][info][gc,phases] GC(122)   Other: 0.11ms
[8.298s][info][gc       ] GC(122) Pause Young (Concurrent Start) (G1 Evacuation Pause) 1944M->909M(2048M) 4.700ms
[8.298s][info][gc       ] GC(123) Concurrent Mark Cycle
[8.342s][info][gc       ] GC(123) Pause Remark 1343M->1274M(2048M) 1.073ms
[8.405s][info][gc,phases] GC(124)   Pre Evacuate Collection Set: 0.21ms
[8.405s][info][gc,phases] GC(124)   Merge Heap Roots: 0.20ms
[8.405s][info][gc,phases] GC(124)   Evacuate Collection Set: 3.22ms
[8.405s][info][gc,phases] GC(124)   Post Evacuate Collection Set: 0.52ms
[8.405s][info][gc,phases] GC(124)   Other: 0.07ms
[8.405s][info][gc       ] GC(124) Pause Young (Normal) (G1 Evacuation Pause) 1875M->857M(2048M) 4.557ms
[8.421s][info][gc       ] GC(123) Pause Cleanup 1015M->1015M(2048M) 0.238ms
[8.422s][info][gc       ] GC(123) Concurrent Mark Cycle 123.652ms
[8.517s][info][gc,phases] GC(125)   Pre Evacuate Collection Set: 0.20ms
[8.517s][info][gc,phases] GC(125)   Merge Heap Roots: 0.19ms
[8.517s][info][gc,phases] GC(125)   Evacuate Collection Set: 5.64ms
[8.517s][info][gc,phases] GC(125)   Post Evacuate Collection Set: 0.46ms
[8.517s][info][gc,phases] GC(125)   Other: 0.06ms
[8.517s][info][gc       ] GC(125) Pause Young (Prepare Mixed) (G1 Evacuation Pause) 1943M->874M(2048M) 6.896ms
[8.628s][info][gc,phases] GC(126)   Pre Evacuate Collection Set: 0.23ms
[8.628s][info][gc,phases] GC(126)   Merge Heap Roots: 0.19ms
[8.628s][info][gc,phases] GC(126)   Evacuate Collection Set: 5.97ms
[8.628s][info][gc,phases] GC(126)   Post Evacuate Collection Set: 0.88ms
[8.628s][info][gc,phases] GC(126)   Other: 0.06ms
[8.628s][info][gc       ] GC(126) Pause Young (Mixed) (G1 Evacuation Pause) (Evacuation Failure) 1944M->933M(2048M) 7.672ms
[8.726s][info][gc,phases] GC(127)   Pre Evacuate Collection Set: 0.27ms
[8.726s][info][gc,phases] GC(127)   Merge Heap Roots: 0.18ms
[8.726s][info][gc,phases] GC(127)   Evacuate Collection Set: 5.67ms
[8.726s][info][gc,phases] GC(127)   Post Evacuate Collection Set: 0.49ms
[8.726s][info][gc,phases] GC(127)   Other: 0.11ms
[8.726s][info][gc       ] GC(127) Pause Young (Concurrent Start) (G1 Evacuation Pause) 1945M->950M(2048M) 7.146ms
[8.726s][info][gc       ] GC(128) Concurrent Mark Cycle
[8.770s][info][gc       ] GC(128) Pause Remark 1389M->1322M(2048M) 1.047ms
[8.831s][info][gc,phases] GC(129)   Pre Evacuate Collection Set: 0.19ms
[8.831s][info][gc,phases] GC(129)   Merge Heap Roots: 0.20ms
[8.831s][info][gc,phases] GC(129)   Evacuate Collection Set: 5.36ms
[8.831s][info][gc,phases] GC(129)   Post Evacuate Collection Set: 0.51ms
[8.831s][info][gc,phases] GC(129)   Other: 0.05ms
[8.831s][info][gc       ] GC(129) Pause Young (Normal) (G1 Evacuation Pause) 1877M->899M(2048M) 6.684ms
[8.852s][info][gc       ] GC(128) Pause Cleanup 1216M->1216M(2048M) 0.275ms
[8.853s][info][gc       ] GC(128) Concurrent Mark Cycle 126.585ms
[8.929s][info][gc,phases] GC(130)   Pre Evacuate Collection Set: 0.21ms
[8.929s][info][gc,phases] GC(130)   Merge Heap Roots: 0.19ms
[8.929s][info][gc,phases] GC(130)   Evacuate Collection Set: 5.77ms
[8.929s][info][gc,phases] GC(130)   Post Evacuate Collection Set: 0.49ms
[8.929s][info][gc,phases] GC(130)   Other: 0.06ms
[8.929s][info][gc       ] GC(130) Pause Young (Prepare Mixed) (G1 Evacuation Pause) 1944M->916M(2048M) 7.058ms
[9.035s][info][gc,phases] GC(131)   Pre Evacuate Collection Set: 0.21ms
[9.035s][info][gc,phases] GC(131)   Merge Heap Roots: 0.18ms
[9.035s][info][gc,phases] GC(131)   Evacuate Collection Set: 5.72ms
[9.035s][info][gc,phases] GC(131)   Post Evacuate Collection Set: 0.48ms
[9.035s][info][gc,phases] GC(131)   Other: 0.07ms
[9.035s][info][gc       ] GC(131) Pause Young (Mixed) (G1 Evacuation Pause) 1943M->920M(2048M) 6.980ms
[9.140s][info][gc,phases] GC(132)   Pre Evacuate Collection Set: 0.24ms
[9.141s][info][gc,phases] GC(132)   Merge Heap Roots: 0.18ms
[9.141s][info][gc,phases] GC(132)   Evacuate Collection Set: 5.81ms
[9.141s][info][gc,phases] GC(132)   Post Evacuate Collection Set: 0.50ms
[9.141s][info][gc,phases] GC(132)   Other: 0.11ms
[9.141s][info][gc       ] GC(132) Pause Young (Concurrent Start) (G1 Evacuation Pause) 1944M->936M(2048M) 7.277ms
[9.141s][info][gc       ] GC(133) Concurrent Mark Cycle
[9.186s][info][gc       ] GC(133) Pause Remark 1381M->1308M(2048M) 1.088ms
[9.247s][info][gc,phases] GC(134)   Pre Evacuate Collection Set: 0.19ms
[9.247s][info][gc,phases] GC(134)   Merge Heap Roots: 0.20ms
[9.248s][info][gc,phases] GC(134)   Evacuate Collection Set: 5.58ms
[9.248s][info][gc,phases] GC(134)   Post Evacuate Collection Set: 0.53ms
[9.248s][info][gc,phases] GC(134)   Other: 0.05ms
[9.248s][info][gc       ] GC(134) Pause Young (Normal) (G1 Evacuation Pause) 1870M->880M(2048M) 6.942ms
[9.266s][info][gc       ] GC(133) Pause Cleanup 1058M->1058M(2048M) 0.263ms
[9.266s][info][gc       ] GC(133) Concurrent Mark Cycle 125.467ms
[9.358s][info][gc,phases] GC(135)   Pre Evacuate Collection Set: 0.21ms
[9.358s][info][gc,phases] GC(135)   Merge Heap Roots: 0.20ms
[9.358s][info][gc,phases] GC(135)   Evacuate Collection Set: 5.70ms
[9.358s][info][gc,phases] GC(135)   Post Evacuate Collection Set: 0.48ms
[9.358s][info][gc,phases] GC(135)   Other: 0.06ms
[9.358s][info][gc       ] GC(135) Pause Young (Prepare Mixed) (G1 Evacuation Pause) 1944M->897M(2048M) 6.999ms
[9.466s][info][gc,phases] GC(136)   Pre Evacuate Collection Set: 0.23ms
[9.466s][info][gc,phases] GC(136)   Merge Heap Roots: 0.19ms
[9.466s][info][gc,phases] GC(136)   Evacuate Collection Set: 5.59ms
[9.466s][info][gc,phases] GC(136)   Post Evacuate Collection Set: 0.48ms
[9.466s][info][gc,phases] GC(136)   Other: 0.06ms
[9.466s][info][gc       ] GC(136) Pause Young (Mixed) (G1 Evacuation Pause) 1944M->904M(2048M) 6.868ms
[9.569s][info][gc,phases] GC(137)   Pre Evacuate Collection Set: 0.26ms
[9.569s][info][gc,phases] GC(137)   Merge Heap Roots: 0.17ms
[9.569s][info][gc,phases] GC(137)   Evacuate Collection Set: 5.39ms
[9.569s][info][gc,phases] GC(137)   Post Evacuate Collection Set: 0.50ms
[9.569s][info][gc,phases] GC(137)   Other: 0.12ms
[9.569s][info][gc       ] GC(137) Pause Young (Concurrent Start) (G1 Evacuation Pause) 1944M->921M(2048M) 6.793ms
[9.570s][info][gc       ] GC(138) Concurrent Mark Cycle
[9.618s][info][gc       ] GC(138) Pause Remark 1405M->1339M(2048M) 1.133ms
[9.677s][info][gc,phases] GC(139)   Pre Evacuate Collection Set: 0.20ms
[9.677s][info][gc,phases] GC(139)   Merge Heap Roots: 0.20ms
[9.677s][info][gc,phases] GC(139)   Evacuate Collection Set: 5.91ms
[9.677s][info][gc,phases] GC(139)   Post Evacuate Collection Set: 0.50ms
[9.677s][info][gc,phases] GC(139)   Other: 0.05ms
[9.677s][info][gc       ] GC(139) Pause Young (Normal) (G1 Evacuation Pause) 1877M->872M(2048M) 7.281ms
[9.701s][info][gc       ] GC(138) Pause Cleanup 1231M->1231M(2048M) 0.276ms
[9.702s][info][gc       ] GC(138) Concurrent Mark Cycle 132.380ms
[9.774s][info][gc,phases] GC(140)   Pre Evacuate Collection Set: 0.23ms
[9.774s][info][gc,phases] GC(140)   Merge Heap Roots: 0.19ms
[9.774s][info][gc,phases] GC(140)   Evacuate Collection Set: 3.12ms
[9.774s][info][gc,phases] GC(140)   Post Evacuate Collection Set: 0.48ms
[9.774s][info][gc,phases] GC(140)   Other: 0.06ms
[9.774s][info][gc       ] GC(140) Pause Young (Prepare Mixed) (G1 Evacuation Pause) 1943M->889M(2048M) 4.461ms
[9.873s][info][gc,phases] GC(141)   Pre Evacuate Collection Set: 0.21ms
[9.873s][info][gc,phases] GC(141)   Merge Heap Roots: 0.19ms
[9.873s][info][gc,phases] GC(141)   Evacuate Collection Set: 3.33ms
[9.873s][info][gc,phases] GC(141)   Post Evacuate Collection Set: 0.47ms
[9.873s][info][gc,phases] GC(141)   Other: 0.07ms
[9.873s][info][gc       ] GC(141) Pause Young (Mixed) (G1 Evacuation Pause) 1944M->897M(2048M) 4.634ms
[9.980s][info][gc,phases] GC(142)   Pre Evacuate Collection Set: 0.24ms
[9.980s][info][gc,phases] GC(142)   Merge Heap Roots: 0.18ms
[9.980s][info][gc,phases] GC(142)   Evacuate Collection Set: 4.63ms
[9.980s][info][gc,phases] GC(142)   Post Evacuate Collection Set: 0.47ms
[9.980s][info][gc,phases] GC(142)   Other: 0.11ms
[9.981s][info][gc       ] GC(142) Pause Young (Concurrent Start) (G1 Evacuation Pause) 1944M->914M(2048M) 5.995ms
[9.981s][info][gc       ] GC(143) Concurrent Mark Cycle
[10.024s][info][gc       ] GC(143) Pause Remark 1348M->1281M(2048M) 1.003ms
[10.089s][info][gc,phases] GC(144)   Pre Evacuate Collection Set: 0.18ms
[10.089s][info][gc,phases] GC(144)   Merge Heap Roots: 0.19ms
[10.089s][info][gc,phases] GC(144)   Evacuate Collection Set: 5.23ms
[10.089s][info][gc,phases] GC(144)   Post Evacuate Collection Set: 0.52ms
[10.089s][info][gc,phases] GC(144)   Other: 0.07ms
[10.089s][info][gc       ] GC(144) Pause Young (Normal) (G1 Evacuation Pause) 1877M->864M(2048M) 6.572ms
[10.105s][info][gc       ] GC(143) Pause Cleanup 1019M->1019M(2048M) 0.249ms
[10.106s][info][gc       ] GC(143) Concurrent Mark Cycle 125.277ms
[10.201s][info][gc,phases] GC(145)   Pre Evacuate Collection Set: 0.19ms
[10.201s][info][gc,phases] GC(145)   Merge Heap Roots: 0.19ms
[10.201s][info][gc,phases] GC(145)   Evacuate Collection Set: 5.66ms
[10.201s][info][gc,phases] GC(145)   Post Evacuate Collection Set: 0.49ms
[10.201s][info][gc,phases] GC(145)   Other: 0.06ms
[10.201s][info][gc       ] GC(145) Pause Young (Prepare Mixed) (G1 Evacuation Pause) 1944M->881M(2048M) 6.969ms
[10.307s][info][gc,phases] GC(146)   Pre Evacuate Collection Set: 0.21ms
[10.307s][info][gc,phases] GC(146)   Merge Heap Roots: 0.20ms
[10.307s][info][gc,phases] GC(146)   Evacuate Collection Set: 6.07ms
[10.307s][info][gc,phases] GC(146)   Post Evacuate Collection Set: 0.62ms
[10.307s][info][gc,phases] GC(146)   Other: 0.06ms
[10.307s][info][gc       ] GC(146) Pause Young (Mixed) (G1 Evacuation Pause) (Evacuation Failure) 1944M->904M(2048M) 7.528ms
[10.414s][info][gc,phases] GC(147)   Pre Evacuate Collection Set: 0.22ms
[10.414s][info][gc,phases] GC(147)   Merge Heap Roots: 0.17ms
[10.414s][info][gc,phases] GC(147)   Evacuate Collection Set: 5.67ms
[10.414s][info][gc,phases] GC(147)   Post Evacuate Collection Set: 0.48ms
[10.414s][info][gc,phases] GC(147)   Other: 0.12ms
[10.414s][info][gc       ] GC(147) Pause Young (Concurrent Start) (G1 Evacuation Pause) 1945M->920M(2048M) 7.077ms
[10.414s][info][gc       ] GC(148) Concurrent Mark Cycle
[10.458s][info][gc       ] GC(148) Pause Remark 1358M->1292M(2048M) 1.099ms
[10.507s][info][gc,phases] GC(149)   Pre Evacuate Collection Set: 0.18ms
[10.507s][info][gc,phases] GC(149)   Merge Heap Roots: 0.21ms
[10.507s][info][gc,phases] GC(149)   Evacuate Collection Set: 5.78ms
[10.507s][info][gc,phases] GC(149)   Post Evacuate Collection Set: 0.49ms
[10.507s][info][gc,phases] GC(149)   Other: 0.06ms
[10.507s][info][gc       ] GC(149) Pause Young (Normal) (G1 Evacuation Pause) 1878M->871M(2048M) 7.040ms
[10.541s][info][gc       ] GC(148) Pause Cleanup 1214M->1214M(2048M) 0.252ms
[10.542s][info][gc       ] GC(148) Concurrent Mark Cycle 127.472ms
[10.618s][info][gc,phases] GC(150)   Pre Evacuate Collection Set: 0.20ms
[10.619s][info][gc,phases] GC(150)   Merge Heap Roots: 0.18ms
[10.619s][info][gc,phases] GC(150)   Evacuate Collection Set: 5.87ms
[10.619s][info][gc,phases] GC(150)   Post Evacuate Collection Set: 0.49ms
[10.619s][info][gc,phases] GC(150)   Other: 0.06ms
[10.619s][info][gc       ] GC(150) Pause Young (Prepare Mixed) (G1 Evacuation Pause) 1944M->889M(2048M) 7.143ms
[10.727s][info][gc,phases] GC(151)   Pre Evacuate Collection Set: 0.22ms
[10.727s][info][gc,phases] GC(151)   Merge Heap Roots: 0.17ms
[10.727s][info][gc,phases] GC(151)   Evacuate Collection Set: 5.62ms
[10.728s][info][gc,phases] GC(151)   Post Evacuate Collection Set: 0.49ms
[10.728s][info][gc,phases] GC(151)   Other: 0.07ms
[10.728s][info][gc       ] GC(151) Pause Young (Mixed) (G1 Evacuation Pause) 1944M->897M(2048M) 6.978ms
[10.835s][info][gc,phases] GC(152)   Pre Evacuate Collection Set: 0.26ms
[10.836s][info][gc,phases] GC(152)   Merge Heap Roots: 0.19ms
[10.836s][info][gc,phases] GC(152)   Evacuate Collection Set: 5.75ms
[10.836s][info][gc,phases] GC(152)   Post Evacuate Collection Set: 0.50ms
[10.836s][info][gc,phases] GC(152)   Other: 0.11ms
[10.836s][info][gc       ] GC(152) Pause Young (Concurrent Start) (G1 Evacuation Pause) (Evacuation Failure) 1944M->915M(2048M) 7.185ms
[10.836s][info][gc       ] GC(153) Concurrent Mark Cycle
[10.880s][info][gc       ] GC(153) Pause Remark 1355M->1285M(2048M) 1.102ms
[10.944s][info][gc,phases] GC(154)   Pre Evacuate Collection Set: 0.22ms
[10.945s][info][gc,phases] GC(154)   Merge Heap Roots: 0.19ms
[10.945s][info][gc,phases] GC(154)   Evacuate Collection Set: 5.79ms
[10.945s][info][gc,phases] GC(154)   Post Evacuate Collection Set: 0.51ms
[10.945s][info][gc,phases] GC(154)   Other: 0.05ms
[10.945s][info][gc       ] GC(154) Pause Young (Normal) (G1 Evacuation Pause) 1874M->863M(2048M) 7.210ms
[10.959s][info][gc       ] GC(153) Pause Cleanup 1102M->1102M(2048M) 0.272ms
[10.959s][info][gc       ] GC(153) Concurrent Mark Cycle 123.610ms
[11.047s][info][gc,phases] GC(155)   Pre Evacuate Collection Set: 0.21ms
[11.047s][info][gc,phases] GC(155)   Merge Heap Roots: 0.19ms
[11.047s][info][gc,phases] GC(155)   Evacuate Collection Set: 5.95ms
[11.047s][info][gc,phases] GC(155)   Post Evacuate Collection Set: 0.48ms
[11.047s][info][gc,phases] GC(155)   Other: 0.06ms
[11.047s][info][gc       ] GC(155) Pause Young (Prepare Mixed) (G1 Evacuation Pause) 1944M->879M(2048M) 7.293ms
[11.156s][info][gc,phases] GC(156)   Pre Evacuate Collection Set: 0.22ms
[11.156s][info][gc,phases] GC(156)   Merge Heap Roots: 0.20ms
[11.156s][info][gc,phases] GC(156)   Evacuate Collection Set: 5.19ms
[11.156s][info][gc,phases] GC(156)   Post Evacuate Collection Set: 0.61ms
[11.156s][info][gc,phases] GC(156)   Other: 0.06ms
[11.156s][info][gc       ] GC(156) Pause Young (Mixed) (G1 Evacuation Pause) (Evacuation Failure) 1944M->899M(2048M) 6.699ms
[11.262s][info][gc,phases] GC(157)   Pre Evacuate Collection Set: 0.28ms
[11.263s][info][gc,phases] GC(157)   Merge Heap Roots: 0.17ms
[11.263s][info][gc,phases] GC(157)   Evacuate Collection Set: 4.73ms
[11.263s][info][gc,phases] GC(157)   Post Evacuate Collection Set: 0.51ms
[11.263s][info][gc,phases] GC(157)   Other: 0.10ms
[11.263s][info][gc       ] GC(157) Pause Young (Concurrent Start) (G1 Evacuation Pause) 1945M->915M(2048M) 6.216ms
[11.263s][info][gc       ] GC(158) Concurrent Mark Cycle
[11.307s][info][gc       ] GC(158) Pause Remark 1353M->1280M(2048M) 1.072ms
[11.372s][info][gc,phases] GC(159)   Pre Evacuate Collection Set: 0.18ms
[11.372s][info][gc,phases] GC(159)   Merge Heap Roots: 0.20ms
[11.372s][info][gc,phases] GC(159)   Evacuate Collection Set: 5.69ms
[11.372s][info][gc,phases] GC(159)   Post Evacuate Collection Set: 0.53ms
[11.372s][info][gc,phases] GC(159)   Other: 0.07ms
[11.372s][info][gc       ] GC(159) Pause Young (Normal) (G1 Evacuation Pause) 1871M->860M(2048M) 7.034ms
[11.390s][info][gc       ] GC(158) Pause Cleanup 1038M->1038M(2048M) 0.283ms
[11.391s][info][gc       ] GC(158) Concurrent Mark Cycle 128.076ms
[11.474s][info][gc,phases] GC(160)   Pre Evacuate Collection Set: 0.23ms
[11.474s][info][gc,phases] GC(160)   Merge Heap Roots: 0.19ms
[11.475s][info][gc,phases] GC(160)   Evacuate Collection Set: 3.15ms
[11.475s][info][gc,phases] GC(160)   Post Evacuate Collection Set: 0.48ms
[11.475s][info][gc,phases] GC(160)   Other: 0.05ms
[11.475s][info][gc       ] GC(160) Pause Young (Prepare Mixed) (G1 Evacuation Pause) 1944M->877M(2048M) 4.486ms
[11.583s][info][gc,phases] GC(161)   Pre Evacuate Collection Set: 0.21ms
[11.583s][info][gc,phases] GC(161)   Merge Heap Roots: 0.22ms
[11.583s][info][gc,phases] GC(161)   Evacuate Collection Set: 4.55ms
[11.583s][info][gc,phases] GC(161)   Post Evacuate Collection Set: 0.51ms
[11.583s][info][gc,phases] GC(161)   Other: 0.06ms
[11.583s][info][gc       ] GC(161) Pause Young (Mixed) (G1 Evacuation Pause) 1944M->886M(2048M) 5.929ms
[11.689s][info][gc,phases] GC(162)   Pre Evacuate Collection Set: 0.25ms
[11.689s][info][gc,phases] GC(162)   Merge Heap Roots: 0.20ms
[11.689s][info][gc,phases] GC(162)   Evacuate Collection Set: 4.16ms
[11.690s][info][gc,phases] GC(162)   Post Evacuate Collection Set: 0.49ms
[11.690s][info][gc,phases] GC(162)   Other: 0.12ms
[11.690s][info][gc       ] GC(162) Pause Young (Concurrent Start) (G1 Evacuation Pause) 1944M->903M(2048M) 5.648ms
[11.690s][info][gc       ] GC(163) Concurrent Mark Cycle
[11.733s][info][gc       ] GC(163) Pause Remark 1410M->1342M(2048M) 1.031ms
[11.793s][info][gc,phases] GC(164)   Pre Evacuate Collection Set: 0.19ms
[11.793s][info][gc,phases] GC(164)   Merge Heap Roots: 0.20ms
[11.793s][info][gc,phases] GC(164)   Evacuate Collection Set: 5.75ms
[11.793s][info][gc,phases] GC(164)   Post Evacuate Collection Set: 0.51ms
[11.793s][info][gc,phases] GC(164)   Other: 0.05ms
[11.793s][info][gc       ] GC(164) Pause Young (Normal) (G1 Evacuation Pause) 1876M->853M(2048M) 7.076ms
[11.813s][info][gc       ] GC(163) Pause Cleanup 1208M->1208M(2048M) 0.257ms
[11.814s][info][gc       ] GC(163) Concurrent Mark Cycle 124.202ms
[11.891s][info][gc,phases] GC(165)   Pre Evacuate Collection Set: 0.21ms
[11.891s][info][gc,phases] GC(165)   Merge Heap Roots: 0.19ms
[11.891s][info][gc,phases] GC(165)   Evacuate Collection Set: 5.95ms
[11.891s][info][gc,phases] GC(165)   Post Evacuate Collection Set: 0.53ms
[11.891s][info][gc,phases] GC(165)   Other: 0.05ms
[11.891s][info][gc       ] GC(165) Pause Young (Prepare Mixed) (G1 Evacuation Pause) (Evacuation Failure) 1944M->875M(2048M) 7.316ms
[12.002s][info][gc,phases] GC(166)   Pre Evacuate Collection Set: 0.25ms
[12.002s][info][gc,phases] GC(166)   Merge Heap Roots: 0.20ms
[12.002s][info][gc,phases] GC(166)   Evacuate Collection Set: 5.87ms
[12.002s][info][gc,phases] GC(166)   Post Evacuate Collection Set: 0.76ms
[12.002s][info][gc,phases] GC(166)   Other: 0.06ms
[12.002s][info][gc       ] GC(166) Pause Young (Mixed) (G1 Evacuation Pause) (Evacuation Failure) 1945M->919M(2048M) 7.504ms
[12.108s][info][gc,phases] GC(167)   Pre Evacuate Collection Set: 0.28ms
[12.108s][info][gc,phases] GC(167)   Merge Heap Roots: 0.17ms
[12.108s][info][gc,phases] GC(167)   Evacuate Collection Set: 5.46ms
[12.108s][info][gc,phases] GC(167)   Post Evacuate Collection Set: 0.48ms
[12.108s][info][gc,phases] GC(167)   Other: 0.11ms
[12.108s][info][gc       ] GC(167) Pause Young (Concurrent Start) (G1 Evacuation Pause) 1945M->936M(2048M) 6.817ms
[12.108s][info][gc       ] GC(168) Concurrent Mark Cycle
[12.153s][info][gc       ] GC(168) Pause Remark 1384M->1314M(2048M) 1.036ms
[12.213s][info][gc,phases] GC(169)   Pre Evacuate Collection Set: 0.20ms
[12.213s][info][gc,phases] GC(169)   Merge Heap Roots: 0.19ms
[12.213s][info][gc,phases] GC(169)   Evacuate Collection Set: 5.57ms
[12.213s][info][gc,phases] GC(169)   Post Evacuate Collection Set: 0.50ms
[12.213s][info][gc,phases] GC(169)   Other: 0.06ms
[12.214s][info][gc       ] GC(169) Pause Young (Normal) (G1 Evacuation Pause) 1874M->883M(2048M) 6.925ms
[12.236s][info][gc       ] GC(168) Pause Cleanup 1113M->1113M(2048M) 0.274ms
[12.237s][info][gc       ] GC(168) Concurrent Mark Cycle 129.411ms
[12.323s][info][gc,phases] GC(170)   Pre Evacuate Collection Set: 0.30ms
[12.323s][info][gc,phases] GC(170)   Merge Heap Roots: 0.17ms
[12.323s][info][gc,phases] GC(170)   Evacuate Collection Set: 5.89ms
[12.323s][info][gc,phases] GC(170)   Post Evacuate Collection Set: 0.49ms
[12.323s][info][gc,phases] GC(170)   Other: 0.05ms
[12.323s][info][gc       ] GC(170) Pause Young (Prepare Mixed) (G1 Evacuation Pause) 1944M->900M(2048M) 7.327ms
[12.430s][info][gc,phases] GC(171)   Pre Evacuate Collection Set: 0.21ms
[12.431s][info][gc,phases] GC(171)   Merge Heap Roots: 0.19ms
[12.431s][info][gc,phases] GC(171)   Evacuate Collection Set: 5.82ms
[12.431s][info][gc,phases] GC(171)   Post Evacuate Collection Set: 0.47ms
[12.431s][info][gc,phases] GC(171)   Other: 0.06ms
[12.431s][info][gc       ] GC(171) Pause Young (Mixed) (G1 Evacuation Pause) 1944M->906M(2048M) 7.200ms
[12.537s][info][gc,phases] GC(172)   Pre Evacuate Collection Set: 0.24ms
[12.537s][info][gc,phases] GC(172)   Merge Heap Roots: 0.19ms
[12.537s][info][gc,phases] GC(172)   Evacuate Collection Set: 5.56ms
[12.537s][info][gc,phases] GC(172)   Post Evacuate Collection Set: 0.47ms
[12.537s][info][gc,phases] GC(172)   Other: 0.11ms
[12.537s][info][gc       ] GC(172) Pause Young (Concurrent Start) (G1 Evacuation Pause) 1944M->923M(2048M) 6.903ms
[12.537s][info][gc       ] GC(173) Concurrent Mark Cycle
[12.581s][info][gc       ] GC(173) Pause Remark 1360M->1291M(2048M) 1.034ms
[12.645s][info][gc,phases] GC(174)   Pre Evacuate Collection Set: 0.28ms
[12.645s][info][gc,phases] GC(174)   Merge Heap Roots: 0.19ms
[12.645s][info][gc,phases] GC(174)   Evacuate Collection Set: 5.50ms
[12.645s][info][gc,phases] GC(174)   Post Evacuate Collection Set: 0.51ms
[12.645s][info][gc,phases] GC(174)   Other: 0.05ms
[12.645s][info][gc       ] GC(174) Pause Young (Normal) (G1 Evacuation Pause) 1875M->870M(2048M) 6.893ms
[12.662s][info][gc       ] GC(173) Pause Cleanup 1164M->1164M(2048M) 0.266ms
[12.663s][info][gc       ] GC(173) Concurrent Mark Cycle 125.593ms
[12.740s][info][gc,phases] GC(175)   Pre Evacuate Collection Set: 0.20ms
[12.740s][info][gc,phases] GC(175)   Merge Heap Roots: 0.20ms
[12.740s][info][gc,phases] GC(175)   Evacuate Collection Set: 4.94ms
[12.740s][info][gc,phases] GC(175)   Post Evacuate Collection Set: 0.48ms
[12.740s][info][gc,phases] GC(175)   Other: 0.06ms
[12.740s][info][gc       ] GC(175) Pause Young (Prepare Mixed) (G1 Evacuation Pause) 1944M->888M(2048M) 6.304ms
[12.842s][info][gc,phases] GC(176)   Pre Evacuate Collection Set: 0.21ms
[12.842s][info][gc,phases] GC(176)   Merge Heap Roots: 0.20ms
[12.842s][info][gc,phases] GC(176)   Evacuate Collection Set: 5.57ms
[12.842s][info][gc,phases] GC(176)   Post Evacuate Collection Set: 0.47ms
[12.842s][info][gc,phases] GC(176)   Other: 0.07ms
[12.842s][info][gc       ] GC(176) Pause Young (Mixed) (G1 Evacuation Pause) 1944M->896M(2048M) 6.895ms
[12.943s][info][gc,phases] GC(177)   Pre Evacuate Collection Set: 0.23ms
[12.943s][info][gc,phases] GC(177)   Merge Heap Roots: 0.16ms
[12.943s][info][gc,phases] GC(177)   Evacuate Collection Set: 3.75ms
[12.943s][info][gc,phases] GC(177)   Post Evacuate Collection Set: 0.47ms
[12.943s][info][gc,phases] GC(177)   Other: 0.12ms
[12.943s][info][gc       ] GC(177) Pause Young (Concurrent Start) (G1 Evacuation Pause) 1944M->913M(2048M) 5.124ms
[12.943s][info][gc       ] GC(178) Concurrent Mark Cycle
[12.987s][info][gc       ] GC(178) Pause Remark 1346M->1276M(2048M) 1.089ms
[13.051s][info][gc,phases] GC(179)   Pre Evacuate Collection Set: 0.19ms
[13.051s][info][gc,phases] GC(179)   Merge Heap Roots: 0.21ms
[13.051s][info][gc,phases] GC(179)   Evacuate Collection Set: 4.38ms
[13.051s][info][gc,phases] GC(179)   Post Evacuate Collection Set: 0.51ms
[13.051s][info][gc,phases] GC(179)   Other: 0.06ms
[13.051s][info][gc       ] GC(179) Pause Young (Normal) (G1 Evacuation Pause) 1874M->859M(2048M) 5.650ms
[13.069s][info][gc       ] GC(178) Pause Cleanup 1037M->1037M(2048M) 0.277ms
[13.070s][info][gc       ] GC(178) Concurrent Mark Cycle 126.841ms
[13.162s][info][gc,phases] GC(180)   Pre Evacuate Collection Set: 0.21ms
[13.162s][info][gc,phases] GC(180)   Merge Heap Roots: 0.18ms
[13.162s][info][gc,phases] GC(180)   Evacuate Collection Set: 4.30ms
[13.162s][info][gc,phases] GC(180)   Post Evacuate Collection Set: 0.50ms
[13.162s][info][gc,phases] GC(180)   Other: 0.06ms
[13.162s][info][gc       ] GC(180) Pause Young (Prepare Mixed) (G1 Evacuation Pause) 1943M->877M(2048M) 5.633ms
[13.269s][info][gc,phases] GC(181)   Pre Evacuate Collection Set: 0.23ms
[13.269s][info][gc,phases] GC(181)   Merge Heap Roots: 0.18ms
[13.269s][info][gc,phases] GC(181)   Evacuate Collection Set: 4.59ms
[13.269s][info][gc,phases] GC(181)   Post Evacuate Collection Set: 0.53ms
[13.269s][info][gc,phases] GC(181)   Other: 0.06ms
[13.269s][info][gc       ] GC(181) Pause Young (Mixed) (G1 Evacuation Pause) (Evacuation Failure) 1944M->893M(2048M) 5.923ms
[13.377s][info][gc,phases] GC(182)   Pre Evacuate Collection Set: 0.24ms
[13.377s][info][gc,phases] GC(182)   Merge Heap Roots: 0.18ms
[13.377s][info][gc,phases] GC(182)   Evacuate Collection Set: 5.67ms
[13.377s][info][gc,phases] GC(182)   Post Evacuate Collection Set: 0.54ms
[13.377s][info][gc,phases] GC(182)   Other: 0.11ms
[13.377s][info][gc       ] GC(182) Pause Young (Concurrent Start) (G1 Evacuation Pause) (Evacuation Failure) 1945M->918M(2048M) 7.058ms
[13.377s][info][gc       ] GC(183) Concurrent Mark Cycle
[13.424s][info][gc       ] GC(183) Pause Remark 1382M->1312M(2048M) 1.016ms
[13.486s][info][gc,phases] GC(184)   Pre Evacuate Collection Set: 0.19ms
[13.486s][info][gc,phases] GC(184)   Merge Heap Roots: 0.22ms
[13.486s][info][gc,phases] GC(184)   Evacuate Collection Set: 5.70ms
[13.486s][info][gc,phases] GC(184)   Post Evacuate Collection Set: 0.50ms
[13.486s][info][gc,phases] GC(184)   Other: 0.06ms
[13.486s][info][gc       ] GC(184) Pause Young (Normal) (G1 Evacuation Pause) 1875M->865M(2048M) 6.971ms
[13.503s][info][gc       ] GC(183) Pause Cleanup 1036M->1036M(2048M) 0.284ms
[13.504s][info][gc       ] GC(183) Concurrent Mark Cycle 126.560ms
[13.596s][info][gc,phases] GC(185)   Pre Evacuate Collection Set: 0.19ms
[13.596s][info][gc,phases] GC(185)   Merge Heap Roots: 0.20ms
[13.596s][info][gc,phases] GC(185)   Evacuate Collection Set: 5.85ms
[13.596s][info][gc,phases] GC(185)   Post Evacuate Collection Set: 0.48ms
[13.596s][info][gc,phases] GC(185)   Other: 0.05ms
[13.596s][info][gc       ] GC(185) Pause Young (Prepare Mixed) (G1 Evacuation Pause) 1944M->882M(2048M) 7.114ms
[13.705s][info][gc,phases] GC(186)   Pre Evacuate Collection Set: 0.19ms
[13.706s][info][gc,phases] GC(186)   Merge Heap Roots: 0.19ms
[13.706s][info][gc,phases] GC(186)   Evacuate Collection Set: 5.83ms
[13.706s][info][gc,phases] GC(186)   Post Evacuate Collection Set: 0.48ms
[13.706s][info][gc,phases] GC(186)   Other: 0.07ms
[13.706s][info][gc       ] GC(186) Pause Young (Mixed) (G1 Evacuation Pause) 1944M->890M(2048M) 7.161ms
[13.814s][info][gc,phases] GC(187)   Pre Evacuate Collection Set: 0.23ms
[13.814s][info][gc,phases] GC(187)   Merge Heap Roots: 0.21ms
[13.815s][info][gc,phases] GC(187)   Evacuate Collection Set: 5.81ms
[13.815s][info][gc,phases] GC(187)   Post Evacuate Collection Set: 0.47ms
[13.815s][info][gc,phases] GC(187)   Other: 0.13ms
[13.815s][info][gc       ] GC(187) Pause Young (Concurrent Start) (G1 Evacuation Pause) 1944M->908M(2048M) 7.187ms
[13.815s][info][gc       ] GC(188) Concurrent Mark Cycle
[13.859s][info][gc       ] GC(188) Pause Remark 1346M->1275M(2048M) 1.048ms
[13.920s][info][gc,phases] GC(189)   Pre Evacuate Collection Set: 0.20ms
[13.920s][info][gc,phases] GC(189)   Merge Heap Roots: 0.21ms
[13.920s][info][gc,phases] GC(189)   Evacuate Collection Set: 5.82ms
[13.920s][info][gc,phases] GC(189)   Post Evacuate Collection Set: 0.55ms
[13.921s][info][gc,phases] GC(189)   Other: 0.05ms
[13.921s][info][gc       ] GC(189) Pause Young (Normal) (G1 Evacuation Pause) 1873M->854M(2048M) 7.165ms
[13.940s][info][gc       ] GC(188) Pause Cleanup 1052M->1052M(2048M) 0.284ms
[13.941s][info][gc       ] GC(188) Concurrent Mark Cycle 126.515ms
[14.033s][info][gc,phases] GC(190)   Pre Evacuate Collection Set: 0.21ms
[14.033s][info][gc,phases] GC(190)   Merge Heap Roots: 0.18ms
[14.033s][info][gc,phases] GC(190)   Evacuate Collection Set: 5.69ms
[14.034s][info][gc,phases] GC(190)   Post Evacuate Collection Set: 0.48ms
[14.034s][info][gc,phases] GC(190)   Other: 0.06ms
[14.034s][info][gc       ] GC(190) Pause Young (Prepare Mixed) (G1 Evacuation Pause) 1944M->872M(2048M) 6.939ms
[14.144s][info][gc,phases] GC(191)   Pre Evacuate Collection Set: 0.22ms
[14.144s][info][gc,phases] GC(191)   Merge Heap Roots: 0.19ms
[14.144s][info][gc,phases] GC(191)   Evacuate Collection Set: 5.76ms
[14.144s][info][gc,phases] GC(191)   Post Evacuate Collection Set: 0.49ms
[14.144s][info][gc,phases] GC(191)   Other: 0.07ms
[14.144s][info][gc       ] GC(191) Pause Young (Mixed) (G1 Evacuation Pause) 1944M->882M(2048M) 7.050ms
[14.251s][info][gc,phases] GC(192)   Pre Evacuate Collection Set: 0.26ms
[14.252s][info][gc,phases] GC(192)   Merge Heap Roots: 0.18ms
[14.252s][info][gc,phases] GC(192)   Evacuate Collection Set: 5.68ms
[14.252s][info][gc,phases] GC(192)   Post Evacuate Collection Set: 0.46ms
[14.252s][info][gc,phases] GC(192)   Other: 0.11ms
[14.252s][info][gc       ] GC(192) Pause Young (Concurrent Start) (G1 Evacuation Pause) 1944M->899M(2048M) 7.097ms
[14.252s][info][gc       ] GC(193) Concurrent Mark Cycle
[14.296s][info][gc       ] GC(193) Pause Remark 1336M->1269M(2048M) 1.101ms
[14.337s][info][gc,phases] GC(194)   Pre Evacuate Collection Set: 0.20ms
[14.337s][info][gc,phases] GC(194)   Merge Heap Roots: 0.20ms
[14.337s][info][gc,phases] GC(194)   Evacuate Collection Set: 5.86ms
[14.337s][info][gc,phases] GC(194)   Post Evacuate Collection Set: 0.49ms
[14.337s][info][gc,phases] GC(194)   Other: 0.06ms
[14.337s][info][gc       ] GC(194) Pause Young (Normal) (G1 Evacuation Pause) 1877M->850M(2048M) 7.211ms
[14.376s][info][gc       ] GC(193) Pause Cleanup 1245M->1245M(2048M) 0.249ms
[14.377s][info][gc       ] GC(193) Concurrent Mark Cycle 125.032ms
[14.449s][info][gc,phases] GC(195)   Pre Evacuate Collection Set: 0.17ms
[14.449s][info][gc,phases] GC(195)   Merge Heap Roots: 0.19ms
[14.449s][info][gc,phases] GC(195)   Evacuate Collection Set: 4.26ms
[14.449s][info][gc,phases] GC(195)   Post Evacuate Collection Set: 0.61ms
[14.449s][info][gc,phases] GC(195)   Other: 0.05ms
[14.449s][info][gc       ] GC(195) Pause Young (Prepare Mixed) (G1 Evacuation Pause) (Evacuation Failure) 1944M->884M(2048M) 5.654ms
[14.558s][info][gc,phases] GC(196)   Pre Evacuate Collection Set: 0.19ms
[14.558s][info][gc,phases] GC(196)   Merge Heap Roots: 0.19ms
[14.558s][info][gc,phases] GC(196)   Evacuate Collection Set: 4.83ms
[14.558s][info][gc,phases] GC(196)   Post Evacuate Collection Set: 0.70ms
[14.558s][info][gc,phases] GC(196)   Other: 0.07ms
[14.558s][info][gc       ] GC(196) Pause Young (Mixed) (G1 Evacuation Pause) (Evacuation Failure) 1945M->924M(2048M) 6.326ms
[14.658s][info][gc,phases] GC(197)   Pre Evacuate Collection Set: 0.25ms
[14.658s][info][gc,phases] GC(197)   Merge Heap Roots: 0.16ms
[14.658s][info][gc,phases] GC(197)   Evacuate Collection Set: 3.26ms
[14.658s][info][gc,phases] GC(197)   Post Evacuate Collection Set: 0.52ms
[14.659s][info][gc,phases] GC(197)   Other: 0.12ms
[14.659s][info][gc       ] GC(197) Pause Young (Concurrent Start) (G1 Evacuation Pause) 1945M->941M(2048M) 4.620ms
[14.659s][info][gc       ] GC(198) Concurrent Mark Cycle
[14.704s][info][gc       ] GC(198) Pause Remark 1430M->1363M(2048M) 0.994ms
[14.761s][info][gc,phases] GC(199)   Pre Evacuate Collection Set: 0.21ms
[14.761s][info][gc,phases] GC(199)   Merge Heap Roots: 0.19ms
[14.761s][info][gc,phases] GC(199)   Evacuate Collection Set: 5.66ms
[14.761s][info][gc,phases] GC(199)   Post Evacuate Collection Set: 0.50ms
[14.761s][info][gc,phases] GC(199)   Other: 0.05ms
[14.762s][info][gc       ] GC(199) Pause Young (Normal) (G1 Evacuation Pause) 1877M->890M(2048M) 7.058ms
[14.784s][info][gc       ] GC(198) Pause Cleanup 1119M->1119M(2048M) 0.299ms
[14.785s][info][gc       ] GC(198) Concurrent Mark Cycle 126.740ms
[14.868s][info][gc,phases] GC(200)   Pre Evacuate Collection Set: 0.21ms
[14.868s][info][gc,phases] GC(200)   Merge Heap Roots: 0.18ms
[14.868s][info][gc,phases] GC(200)   Evacuate Collection Set: 3.03ms
[14.868s][info][gc,phases] GC(200)   Post Evacuate Collection Set: 0.49ms
[14.868s][info][gc,phases] GC(200)   Other: 0.05ms
[14.868s][info][gc       ] GC(200) Pause Young (Prepare Mixed) (G1 Evacuation Pause) 1944M->907M(2048M) 4.346ms
[14.975s][info][gc,phases] GC(201)   Pre Evacuate Collection Set: 0.23ms
[14.975s][info][gc,phases] GC(201)   Merge Heap Roots: 0.18ms
[14.975s][info][gc,phases] GC(201)   Evacuate Collection Set: 5.18ms
[14.975s][info][gc,phases] GC(201)   Post Evacuate Collection Set: 0.47ms
[14.975s][info][gc,phases] GC(201)   Other: 0.06ms
[14.975s][info][gc       ] GC(201) Pause Young (Mixed) (G1 Evacuation Pause) 1943M->912M(2048M) 6.434ms
[15.082s][info][gc,phases] GC(202)   Pre Evacuate Collection Set: 0.28ms
[15.082s][info][gc,phases] GC(202)   Merge Heap Roots: 0.18ms
[15.082s][info][gc,phases] GC(202)   Evacuate Collection Set: 6.09ms
[15.082s][info][gc,phases] GC(202)   Post Evacuate Collection Set: 0.54ms
[15.082s][info][gc,phases] GC(202)   Other: 0.11ms
[15.082s][info][gc       ] GC(202) Pause Young (Concurrent Start) (G1 Evacuation Pause) 1944M->930M(2048M) 7.636ms
[15.082s][info][gc       ] GC(203) Concurrent Mark Cycle
[15.128s][info][gc       ] GC(203) Pause Remark 1441M->1374M(2048M) 1.101ms
[15.184s][info][gc,phases] GC(204)   Pre Evacuate Collection Set: 0.19ms
[15.184s][info][gc,phases] GC(204)   Merge Heap Roots: 0.20ms
[15.184s][info][gc,phases] GC(204)   Evacuate Collection Set: 5.37ms
[15.184s][info][gc,phases] GC(204)   Post Evacuate Collection Set: 0.52ms
[15.184s][info][gc,phases] GC(204)   Other: 0.06ms
[15.184s][info][gc       ] GC(204) Pause Young (Normal) (G1 Evacuation Pause) 1877M->879M(2048M) 6.749ms
[15.211s][info][gc       ] GC(203) Pause Cleanup 1312M->1312M(2048M) 0.289ms
[15.212s][info][gc       ] GC(203) Concurrent Mark Cycle 129.542ms
[15.278s][info][gc,phases] GC(205)   Pre Evacuate Collection Set: 0.20ms
[15.279s][info][gc,phases] GC(205)   Merge Heap Roots: 0.19ms
[15.279s][info][gc,phases] GC(205)   Evacuate Collection Set: 5.49ms
[15.279s][info][gc,phases] GC(205)   Post Evacuate Collection Set: 0.52ms
[15.279s][info][gc,phases] GC(205)   Other: 0.07ms
[15.279s][info][gc       ] GC(205) Pause Young (Prepare Mixed) (G1 Evacuation Pause) 1944M->896M(2048M) 6.908ms
[15.386s][info][gc,phases] GC(206)   Pre Evacuate Collection Set: 0.21ms
[15.387s][info][gc,phases] GC(206)   Merge Heap Roots: 0.19ms
[15.387s][info][gc,phases] GC(206)   Evacuate Collection Set: 5.87ms
[15.387s][info][gc,phases] GC(206)   Post Evacuate Collection Set: 0.49ms
[15.387s][info][gc,phases] GC(206)   Other: 0.06ms
[15.387s][info][gc       ] GC(206) Pause Young (Mixed) (G1 Evacuation Pause) 1944M->902M(2048M) 7.224ms
[15.494s][info][gc,phases] GC(207)   Pre Evacuate Collection Set: 0.28ms
[15.494s][info][gc,phases] GC(207)   Merge Heap Roots: 0.16ms
[15.494s][info][gc,phases] GC(207)   Evacuate Collection Set: 5.32ms
[15.494s][info][gc,phases] GC(207)   Post Evacuate Collection Set: 0.50ms
[15.494s][info][gc,phases] GC(207)   Other: 0.14ms
[15.494s][info][gc       ] GC(207) Pause Young (Concurrent Start) (G1 Evacuation Pause) 1944M->919M(2048M) 6.824ms
[15.494s][info][gc       ] GC(208) Concurrent Mark Cycle
[15.539s][info][gc       ] GC(208) Pause Remark 1466M->1397M(2048M) 0.977ms
[15.593s][info][gc,phases] GC(209)   Pre Evacuate Collection Set: 0.19ms
[15.593s][info][gc,phases] GC(209)   Merge Heap Roots: 0.20ms
[15.593s][info][gc,phases] GC(209)   Evacuate Collection Set: 5.83ms
[15.593s][info][gc,phases] GC(209)   Post Evacuate Collection Set: 0.50ms
[15.593s][info][gc,phases] GC(209)   Other: 0.07ms
[15.593s][info][gc       ] GC(209) Pause Young (Normal) (G1 Evacuation Pause) 1874M->867M(2048M) 7.155ms
[15.619s][info][gc       ] GC(208) Pause Cleanup 1129M->1129M(2048M) 0.280ms
[15.620s][info][gc       ] GC(208) Concurrent Mark Cycle 125.628ms
[15.705s][info][gc,phases] GC(210)   Pre Evacuate Collection Set: 0.21ms
[15.705s][info][gc,phases] GC(210)   Merge Heap Roots: 0.20ms
[15.705s][info][gc,phases] GC(210)   Evacuate Collection Set: 5.94ms
[15.706s][info][gc,phases] GC(210)   Post Evacuate Collection Set: 0.49ms
[15.706s][info][gc,phases] GC(210)   Other: 0.05ms
[15.706s][info][gc       ] GC(210) Pause Young (Prepare Mixed) (G1 Evacuation Pause) 1944M->884M(2048M) 7.240ms
[15.814s][info][gc,phases] GC(211)   Pre Evacuate Collection Set: 0.20ms
[15.815s][info][gc,phases] GC(211)   Merge Heap Roots: 0.19ms
[15.815s][info][gc,phases] GC(211)   Evacuate Collection Set: 5.66ms
[15.815s][info][gc,phases] GC(211)   Post Evacuate Collection Set: 0.47ms
[15.815s][info][gc,phases] GC(211)   Other: 0.07ms
[15.815s][info][gc       ] GC(211) Pause Young (Mixed) (G1 Evacuation Pause) 1944M->892M(2048M) 7.027ms
[15.922s][info][gc,phases] GC(212)   Pre Evacuate Collection Set: 0.25ms
[15.923s][info][gc,phases] GC(212)   Merge Heap Roots: 0.18ms
[15.923s][info][gc,phases] GC(212)   Evacuate Collection Set: 5.70ms
[15.923s][info][gc,phases] GC(212)   Post Evacuate Collection Set: 0.50ms
[15.923s][info][gc,phases] GC(212)   Other: 0.12ms
[15.923s][info][gc       ] GC(212) Pause Young (Concurrent Start) (G1 Evacuation Pause) 1944M->909M(2048M) 7.183ms
[15.923s][info][gc       ] GC(213) Concurrent Mark Cycle
[15.967s][info][gc       ] GC(213) Pause Remark 1345M->1277M(2048M) 1.074ms
[16.032s][info][gc,phases] GC(214)   Pre Evacuate Collection Set: 0.20ms
[16.033s][info][gc,phases] GC(214)   Merge Heap Roots: 0.20ms
[16.033s][info][gc,phases] GC(214)   Evacuate Collection Set: 5.87ms
[16.033s][info][gc,phases] GC(214)   Post Evacuate Collection Set: 0.53ms
[16.033s][info][gc,phases] GC(214)   Other: 0.07ms
[16.033s][info][gc       ] GC(214) Pause Young (Normal) (G1 Evacuation Pause) 1876M->858M(2048M) 7.302ms
[16.045s][info][gc       ] GC(213) Pause Cleanup 978M->978M(2048M) 0.247ms
[16.046s][info][gc       ] GC(213) Concurrent Mark Cycle 122.998ms
[16.142s][info][gc,phases] GC(215)   Pre Evacuate Collection Set: 0.20ms
[16.142s][info][gc,phases] GC(215)   Merge Heap Roots: 0.19ms
[16.142s][info][gc,phases] GC(215)   Evacuate Collection Set: 3.04ms
[16.142s][info][gc,phases] GC(215)   Post Evacuate Collection Set: 0.49ms
[16.142s][info][gc,phases] GC(215)   Other: 0.06ms
[16.143s][info][gc       ] GC(215) Pause Young (Prepare Mixed) (G1 Evacuation Pause) 1944M->875M(2048M) 4.319ms
[16.252s][info][gc,phases] GC(216)   Pre Evacuate Collection Set: 0.23ms
[16.252s][info][gc,phases] GC(216)   Merge Heap Roots: 0.18ms
[16.252s][info][gc,phases] GC(216)   Evacuate Collection Set: 5.10ms
[16.252s][info][gc,phases] GC(216)   Post Evacuate Collection Set: 0.57ms
[16.252s][info][gc,phases] GC(216)   Other: 0.06ms
[16.252s][info][gc       ] GC(216) Pause Young (Mixed) (G1 Evacuation Pause) (Evacuation Failure) 1944M->900M(2048M) 6.431ms
[16.357s][info][gc,phases] GC(217)   Pre Evacuate Collection Set: 0.29ms
[16.357s][info][gc,phases] GC(217)   Merge Heap Roots: 0.17ms
[16.357s][info][gc,phases] GC(217)   Evacuate Collection Set: 3.08ms
[16.357s][info][gc,phases] GC(217)   Post Evacuate Collection Set: 0.48ms
[16.357s][info][gc,phases] GC(217)   Other: 0.11ms
[16.357s][info][gc       ] GC(217) Pause Young (Concurrent Start) (G1 Evacuation Pause) 1945M->917M(2048M) 4.495ms
[16.357s][info][gc       ] GC(218) Concurrent Mark Cycle
[16.401s][info][gc       ] GC(218) Pause Remark 1376M->1306M(2048M) 1.030ms
[16.463s][info][gc,phases] GC(219)   Pre Evacuate Collection Set: 0.20ms
[16.464s][info][gc,phases] GC(219)   Merge Heap Roots: 0.22ms
[16.464s][info][gc,phases] GC(219)   Evacuate Collection Set: 5.78ms
[16.464s][info][gc,phases] GC(219)   Post Evacuate Collection Set: 0.52ms
[16.464s][info][gc,phases] GC(219)   Other: 0.05ms
[16.464s][info][gc       ] GC(219) Pause Young (Normal) (G1 Evacuation Pause) 1874M->864M(2048M) 7.206ms
[16.482s][info][gc       ] GC(218) Pause Cleanup 1096M->1096M(2048M) 0.291ms
[16.483s][info][gc       ] GC(218) Concurrent Mark Cycle 125.943ms
[16.571s][info][gc,phases] GC(220)   Pre Evacuate Collection Set: 0.20ms
[16.571s][info][gc,phases] GC(220)   Merge Heap Roots: 0.18ms
[16.571s][info][gc,phases] GC(220)   Evacuate Collection Set: 5.86ms
[16.571s][info][gc,phases] GC(220)   Post Evacuate Collection Set: 0.47ms
[16.571s][info][gc,phases] GC(220)   Other: 0.06ms
[16.571s][info][gc       ] GC(220) Pause Young (Prepare Mixed) (G1 Evacuation Pause) 1944M->881M(2048M) 7.107ms
[16.681s][info][gc,phases] GC(221)   Pre Evacuate Collection Set: 0.19ms
[16.681s][info][gc,phases] GC(221)   Merge Heap Roots: 0.19ms
[16.681s][info][gc,phases] GC(221)   Evacuate Collection Set: 5.72ms
[16.681s][info][gc,phases] GC(221)   Post Evacuate Collection Set: 0.69ms
[16.681s][info][gc,phases] GC(221)   Other: 0.07ms
[16.681s][info][gc       ] GC(221) Pause Young (Mixed) (G1 Evacuation Pause) (Evacuation Failure) 1944M->913M(2048M) 7.214ms
[16.788s][info][gc,phases] GC(222)   Pre Evacuate Collection Set: 0.24ms
[16.788s][info][gc,phases] GC(222)   Merge Heap Roots: 0.19ms
[16.788s][info][gc,phases] GC(222)   Evacuate Collection Set: 5.75ms
[16.788s][info][gc,phases] GC(222)   Post Evacuate Collection Set: 0.49ms
[16.788s][info][gc,phases] GC(222)   Other: 0.12ms
[16.788s][info][gc       ] GC(222) Pause Young (Concurrent Start) (G1 Evacuation Pause) 1945M->930M(2048M) 7.196ms
[16.788s][info][gc       ] GC(223) Concurrent Mark Cycle
[16.833s][info][gc       ] GC(223) Pause Remark 1376M->1306M(2048M) 1.137ms
[16.895s][info][gc,phases] GC(224)   Pre Evacuate Collection Set: 0.20ms
[16.895s][info][gc,phases] GC(224)   Merge Heap Roots: 0.19ms
[16.895s][info][gc,phases] GC(224)   Evacuate Collection Set: 5.55ms
[16.895s][info][gc,phases] GC(224)   Post Evacuate Collection Set: 0.51ms
[16.895s][info][gc,phases] GC(224)   Other: 0.06ms
[16.895s][info][gc       ] GC(224) Pause Young (Normal) (G1 Evacuation Pause) 1874M->876M(2048M) 6.874ms
[16.914s][info][gc       ] GC(223) Pause Cleanup 1060M->1060M(2048M) 0.239ms
[16.915s][info][gc       ] GC(223) Concurrent Mark Cycle 126.923ms
[17.006s][info][gc,phases] GC(225)   Pre Evacuate Collection Set: 0.25ms
[17.006s][info][gc,phases] GC(225)   Merge Heap Roots: 0.19ms
[17.006s][info][gc,phases] GC(225)   Evacuate Collection Set: 5.84ms
[17.006s][info][gc,phases] GC(225)   Post Evacuate Collection Set: 0.50ms
[17.006s][info][gc,phases] GC(225)   Other: 0.06ms
[17.006s][info][gc       ] GC(225) Pause Young (Prepare Mixed) (G1 Evacuation Pause) 1944M->894M(2048M) 7.242ms
[17.114s][info][gc,phases] GC(226)   Pre Evacuate Collection Set: 0.21ms
[17.114s][info][gc,phases] GC(226)   Merge Heap Roots: 0.18ms
[17.114s][info][gc,phases] GC(226)   Evacuate Collection Set: 6.18ms
[17.114s][info][gc,phases] GC(226)   Post Evacuate Collection Set: 0.53ms
[17.114s][info][gc,phases] GC(226)   Other: 0.07ms
[17.114s][info][gc       ] GC(226) Pause Young (Mixed) (G1 Evacuation Pause) 1944M->900M(2048M) 7.518ms
[17.221s][info][gc,phases] GC(227)   Pre Evacuate Collection Set: 0.26ms
[17.221s][info][gc,phases] GC(227)   Merge Heap Roots: 0.19ms
[17.221s][info][gc,phases] GC(227)   Evacuate Collection Set: 5.78ms
[17.221s][info][gc,phases] GC(227)   Post Evacuate Collection Set: 0.49ms
[17.221s][info][gc,phases] GC(227)   Other: 0.11ms
[17.221s][info][gc       ] GC(227) Pause Young (Concurrent Start) (G1 Evacuation Pause) 1944M->916M(2048M) 7.255ms
[17.221s][info][gc       ] GC(228) Concurrent Mark Cycle
[17.266s][info][gc       ] GC(228) Pause Remark 1357M->1279M(2048M) 1.090ms
[17.330s][info][gc,phases] GC(229)   Pre Evacuate Collection Set: 0.18ms
[17.330s][info][gc,phases] GC(229)   Merge Heap Roots: 0.21ms
[17.330s][info][gc,phases] GC(229)   Evacuate Collection Set: 5.46ms
[17.330s][info][gc,phases] GC(229)   Post Evacuate Collection Set: 0.52ms
[17.330s][info][gc,phases] GC(229)   Other: 0.06ms
[17.330s][info][gc       ] GC(229) Pause Young (Normal) (G1 Evacuation Pause) 1865M->855M(2048M) 6.788ms
[17.348s][info][gc       ] GC(228) Pause Cleanup 1035M->1035M(2048M) 0.262ms
[17.349s][info][gc       ] GC(228) Concurrent Mark Cycle 127.440ms
[17.442s][info][gc,phases] GC(230)   Pre Evacuate Collection Set: 0.22ms
[17.443s][info][gc,phases] GC(230)   Merge Heap Roots: 0.19ms
[17.443s][info][gc,phases] GC(230)   Evacuate Collection Set: 5.95ms
[17.443s][info][gc,phases] GC(230)   Post Evacuate Collection Set: 0.45ms
[17.443s][info][gc,phases] GC(230)   Other: 0.06ms
[17.443s][info][gc       ] GC(230) Pause Young (Prepare Mixed) (G1 Evacuation Pause) 1944M->873M(2048M) 7.278ms
[17.553s][info][gc,phases] GC(231)   Pre Evacuate Collection Set: 0.25ms
[17.553s][info][gc,phases] GC(231)   Merge Heap Roots: 0.18ms
[17.553s][info][gc,phases] GC(231)   Evacuate Collection Set: 5.82ms
[17.553s][info][gc,phases] GC(231)   Post Evacuate Collection Set: 0.65ms
[17.553s][info][gc,phases] GC(231)   Other: 0.06ms
[17.553s][info][gc       ] GC(231) Pause Young (Mixed) (G1 Evacuation Pause) (Evacuation Failure) 1944M->898M(2048M) 7.324ms
[17.658s][info][gc,phases] GC(232)   Pre Evacuate Collection Set: 0.25ms
[17.658s][info][gc,phases] GC(232)   Merge Heap Roots: 0.18ms
[17.658s][info][gc,phases] GC(232)   Evacuate Collection Set: 3.32ms
[17.658s][info][gc,phases] GC(232)   Post Evacuate Collection Set: 0.47ms
[17.658s][info][gc,phases] GC(232)   Other: 0.11ms
[17.658s][info][gc       ] GC(232) Pause Young (Concurrent Start) (G1 Evacuation Pause) 1945M->914M(2048M) 4.679ms
[17.659s][info][gc       ] GC(233) Concurrent Mark Cycle
[17.702s][info][gc       ] GC(233) Pause Remark 1352M->1288M(2048M) 1.126ms
[17.766s][info][gc,phases] GC(234)   Pre Evacuate Collection Set: 0.19ms
[17.766s][info][gc,phases] GC(234)   Merge Heap Roots: 0.21ms
[17.766s][info][gc,phases] GC(234)   Evacuate Collection Set: 4.59ms
[17.766s][info][gc,phases] GC(234)   Post Evacuate Collection Set: 0.51ms
[17.766s][info][gc,phases] GC(234)   Other: 0.06ms
[17.766s][info][gc       ] GC(234) Pause Young (Normal) (G1 Evacuation Pause) 1880M->868M(2048M) 5.888ms
[17.782s][info][gc       ] GC(233) Pause Cleanup 1023M->1023M(2048M) 0.236ms
[17.783s][info][gc       ] GC(233) Concurrent Mark Cycle 124.296ms
[17.873s][info][gc,phases] GC(235)   Pre Evacuate Collection Set: 0.21ms
[17.873s][info][gc,phases] GC(235)   Merge Heap Roots: 0.20ms
[17.873s][info][gc,phases] GC(235)   Evacuate Collection Set: 3.21ms
[17.873s][info][gc,phases] GC(235)   Post Evacuate Collection Set: 0.48ms
[17.873s][info][gc,phases] GC(235)   Other: 0.05ms
[17.873s][info][gc       ] GC(235) Pause Young (Prepare Mixed) (G1 Evacuation Pause) 1944M->885M(2048M) 4.553ms
[17.979s][info][gc,phases] GC(236)   Pre Evacuate Collection Set: 0.22ms
[17.979s][info][gc,phases] GC(236)   Merge Heap Roots: 0.19ms
[17.979s][info][gc,phases] GC(236)   Evacuate Collection Set: 4.09ms
[17.979s][info][gc,phases] GC(236)   Post Evacuate Collection Set: 0.48ms
[17.979s][info][gc,phases] GC(236)   Other: 0.06ms
[17.979s][info][gc       ] GC(236) Pause Young (Mixed) (G1 Evacuation Pause) 1944M->892M(2048M) 5.369ms
[18.085s][info][gc,phases] GC(237)   Pre Evacuate Collection Set: 0.26ms
[18.085s][info][gc,phases] GC(237)   Merge Heap Roots: 0.18ms
[18.085s][info][gc,phases] GC(237)   Evacuate Collection Set: 3.09ms
[18.085s][info][gc,phases] GC(237)   Post Evacuate Collection Set: 0.47ms
[18.085s][info][gc,phases] GC(237)   Other: 0.12ms
[18.085s][info][gc       ] GC(237) Pause Young (Concurrent Start) (G1 Evacuation Pause) 1944M->910M(2048M) 4.415ms
[18.085s][info][gc       ] GC(238) Concurrent Mark Cycle
[18.129s][info][gc       ] GC(238) Pause Remark 1347M->1277M(2048M) 0.995ms
[18.191s][info][gc,phases] GC(239)   Pre Evacuate Collection Set: 0.18ms
[18.191s][info][gc,phases] GC(239)   Merge Heap Roots: 0.20ms
[18.192s][info][gc,phases] GC(239)   Evacuate Collection Set: 3.13ms
[18.192s][info][gc,phases] GC(239)   Post Evacuate Collection Set: 0.50ms
[18.192s][info][gc,phases] GC(239)   Other: 0.07ms
[18.192s][info][gc       ] GC(239) Pause Young (Normal) (G1 Evacuation Pause) 1874M->857M(2048M) 4.443ms
[18.207s][info][gc       ] GC(238) Pause Cleanup 1008M->1008M(2048M) 0.250ms
[18.208s][info][gc       ] GC(238) Concurrent Mark Cycle 122.950ms
[18.304s][info][gc,phases] GC(240)   Pre Evacuate Collection Set: 0.19ms
[18.304s][info][gc,phases] GC(240)   Merge Heap Roots: 0.18ms
[18.304s][info][gc,phases] GC(240)   Evacuate Collection Set: 5.83ms
[18.304s][info][gc,phases] GC(240)   Post Evacuate Collection Set: 0.57ms
[18.304s][info][gc,phases] GC(240)   Other: 0.05ms
[18.304s][info][gc       ] GC(240) Pause Young (Prepare Mixed) (G1 Evacuation Pause) (Evacuation Failure) 1944M->884M(2048M) 7.142ms
[18.413s][info][gc,phases] GC(241)   Pre Evacuate Collection Set: 0.21ms
[18.413s][info][gc,phases] GC(241)   Merge Heap Roots: 0.20ms
[18.414s][info][gc,phases] GC(241)   Evacuate Collection Set: 5.98ms
[18.414s][info][gc,phases] GC(241)   Post Evacuate Collection Set: 0.66ms
[18.414s][info][gc,phases] GC(241)   Other: 0.07ms
[18.414s][info][gc       ] GC(241) Pause Young (Mixed) (G1 Evacuation Pause) (Evacuation Failure) 1945M->912M(2048M) 7.514ms
[18.520s][info][gc,phases] GC(242)   Pre Evacuate Collection Set: 0.25ms
[18.520s][info][gc,phases] GC(242)   Merge Heap Roots: 0.18ms
[18.520s][info][gc,phases] GC(242)   Evacuate Collection Set: 5.70ms
[18.520s][info][gc,phases] GC(242)   Post Evacuate Collection Set: 0.48ms
[18.520s][info][gc,phases] GC(242)   Other: 0.13ms
[18.520s][info][gc       ] GC(242) Pause Young (Concurrent Start) (G1 Evacuation Pause) 1945M->929M(2048M) 7.133ms
[18.520s][info][gc       ] GC(243) Concurrent Mark Cycle
[18.564s][info][gc       ] GC(243) Pause Remark 1697M->1629M(2048M) 1.084ms
[18.595s][info][gc,phases] GC(244)   Pre Evacuate Collection Set: 0.20ms
[18.595s][info][gc,phases] GC(244)   Merge Heap Roots: 0.20ms
[18.595s][info][gc,phases] GC(244)   Evacuate Collection Set: 5.37ms
[18.595s][info][gc,phases] GC(244)   Post Evacuate Collection Set: 0.53ms
[18.595s][info][gc,phases] GC(244)   Other: 0.06ms
[18.595s][info][gc       ] GC(244) Pause Young (Normal) (G1 Evacuation Pause) 1876M->878M(2048M) 6.764ms
[18.646s][info][gc       ] GC(243) Pause Cleanup 1393M->1393M(2048M) 0.330ms
[18.647s][info][gc       ] GC(243) Concurrent Mark Cycle 126.726ms
[18.706s][info][gc,phases] GC(245)   Pre Evacuate Collection Set: 0.22ms
[18.706s][info][gc,phases] GC(245)   Merge Heap Roots: 0.19ms
[18.707s][info][gc,phases] GC(245)   Evacuate Collection Set: 5.80ms
[18.707s][info][gc,phases] GC(245)   Post Evacuate Collection Set: 0.48ms
[18.707s][info][gc,phases] GC(245)   Other: 0.06ms
[18.707s][info][gc       ] GC(245) Pause Young (Prepare Mixed) (G1 Evacuation Pause) 1944M->895M(2048M) 7.177ms
[18.813s][info][gc,phases] GC(246)   Pre Evacuate Collection Set: 0.23ms
[18.813s][info][gc,phases] GC(246)   Merge Heap Roots: 0.19ms
[18.813s][info][gc,phases] GC(246)   Evacuate Collection Set: 5.67ms
[18.813s][info][gc,phases] GC(246)   Post Evacuate Collection Set: 0.47ms
[18.813s][info][gc,phases] GC(246)   Other: 0.06ms
[18.813s][info][gc       ] GC(246) Pause Young (Mixed) (G1 Evacuation Pause) 1944M->901M(2048M) 6.949ms
[18.920s][info][gc,phases] GC(247)   Pre Evacuate Collection Set: 0.24ms
[18.920s][info][gc,phases] GC(247)   Merge Heap Roots: 0.15ms
[18.921s][info][gc,phases] GC(247)   Evacuate Collection Set: 5.87ms
[18.921s][info][gc,phases] GC(247)   Post Evacuate Collection Set: 0.45ms
[18.921s][info][gc,phases] GC(247)   Other: 0.11ms
[18.921s][info][gc       ] GC(247) Pause Young (Concurrent Start) (G1 Evacuation Pause) 1943M->918M(2048M) 7.213ms
[18.921s][info][gc       ] GC(248) Concurrent Mark Cycle
[18.965s][info][gc       ] GC(248) Pause Remark 1354M->1283M(2048M) 1.043ms
[19.029s][info][gc,phases] GC(249)   Pre Evacuate Collection Set: 0.24ms
[19.029s][info][gc,phases] GC(249)   Merge Heap Roots: 0.22ms
[19.029s][info][gc,phases] GC(249)   Evacuate Collection Set: 5.69ms
[19.029s][info][gc,phases] GC(249)   Post Evacuate Collection Set: 0.52ms
[19.029s][info][gc,phases] GC(249)   Other: 0.05ms
[19.029s][info][gc       ] GC(249) Pause Young (Normal) (G1 Evacuation Pause) 1872M->864M(2048M) 7.123ms
[19.045s][info][gc       ] GC(248) Pause Cleanup 1044M->1044M(2048M) 0.293ms
[19.046s][info][gc       ] GC(248) Concurrent Mark Cycle 125.040ms
[19.138s][info][gc,phases] GC(250)   Pre Evacuate Collection Set: 0.22ms
[19.139s][info][gc,phases] GC(250)   Merge Heap Roots: 0.18ms
[19.139s][info][gc,phases] GC(250)   Evacuate Collection Set: 5.85ms
[19.139s][info][gc,phases] GC(250)   Post Evacuate Collection Set: 0.49ms
[19.139s][info][gc,phases] GC(250)   Other: 0.06ms
[19.139s][info][gc       ] GC(250) Pause Young (Prepare Mixed) (G1 Evacuation Pause) 1944M->881M(2048M) 7.143ms
[19.248s][info][gc,phases] GC(251)   Pre Evacuate Collection Set: 0.21ms
[19.248s][info][gc,phases] GC(251)   Merge Heap Roots: 0.18ms
[19.248s][info][gc,phases] GC(251)   Evacuate Collection Set: 5.87ms
[19.248s][info][gc,phases] GC(251)   Post Evacuate Collection Set: 0.48ms
[19.248s][info][gc,phases] GC(251)   Other: 0.07ms
[19.248s][info][gc       ] GC(251) Pause Young (Mixed) (G1 Evacuation Pause) 1944M->890M(2048M) 7.190ms
[19.353s][info][gc,phases] GC(252)   Pre Evacuate Collection Set: 0.25ms
[19.353s][info][gc,phases] GC(252)   Merge Heap Roots: 0.19ms
[19.353s][info][gc,phases] GC(252)   Evacuate Collection Set: 3.29ms
[19.353s][info][gc,phases] GC(252)   Post Evacuate Collection Set: 0.48ms
[19.353s][info][gc,phases] GC(252)   Other: 0.11ms
[19.353s][info][gc       ] GC(252) Pause Young (Concurrent Start) (G1 Evacuation Pause) (Evacuation Failure) 1944M->911M(2048M) 4.708ms
[19.354s][info][gc       ] GC(253) Concurrent Mark Cycle
[19.398s][info][gc       ] GC(253) Pause Remark 1372M->1305M(2048M) 1.032ms
[19.461s][info][gc,phases] GC(254)   Pre Evacuate Collection Set: 0.22ms
[19.461s][info][gc,phases] GC(254)   Merge Heap Roots: 0.20ms
[19.461s][info][gc,phases] GC(254)   Evacuate Collection Set: 5.83ms
[19.461s][info][gc,phases] GC(254)   Post Evacuate Collection Set: 0.50ms
[19.461s][info][gc,phases] GC(254)   Other: 0.06ms
[19.461s][info][gc       ] GC(254) Pause Young (Normal) (G1 Evacuation Pause) 1878M->860M(2048M) 7.101ms
[19.479s][info][gc       ] GC(253) Pause Cleanup 1130M->1130M(2048M) 0.261ms
[19.480s][info][gc       ] GC(253) Concurrent Mark Cycle 126.387ms
[19.558s][info][gc,phases] GC(255)   Pre Evacuate Collection Set: 0.19ms
[19.558s][info][gc,phases] GC(255)   Merge Heap Roots: 0.18ms
[19.558s][info][gc,phases] GC(255)   Evacuate Collection Set: 3.23ms
[19.558s][info][gc,phases] GC(255)   Post Evacuate Collection Set: 0.55ms
[19.558s][info][gc,phases] GC(255)   Other: 0.07ms
[19.558s][info][gc       ] GC(255) Pause Young (Prepare Mixed) (G1 Evacuation Pause) (Evacuation Failure) 1944M->880M(2048M) 4.607ms
[19.665s][info][gc,phases] GC(256)   Pre Evacuate Collection Set: 0.21ms
[19.665s][info][gc,phases] GC(256)   Merge Heap Roots: 0.14ms
[19.665s][info][gc,phases] GC(256)   Evacuate Collection Set: 3.21ms
[19.665s][info][gc,phases] GC(256)   Post Evacuate Collection Set: 0.66ms
[19.665s][info][gc,phases] GC(256)   Other: 0.06ms
[19.665s][info][gc       ] GC(256) Pause Young (Mixed) (G1 Evacuation Pause) (Evacuation Failure) 1945M->911M(2048M) 4.692ms
[19.769s][info][gc,phases] GC(257)   Pre Evacuate Collection Set: 0.27ms
[19.770s][info][gc,phases] GC(257)   Merge Heap Roots: 0.18ms
[19.770s][info][gc,phases] GC(257)   Evacuate Collection Set: 3.94ms
[19.770s][info][gc,phases] GC(257)   Post Evacuate Collection Set: 0.42ms
[19.770s][info][gc,phases] GC(257)   Other: 0.11ms
[19.770s][info][gc       ] GC(257) Pause Young (Concurrent Start) (G1 Evacuation Pause) 1945M->928M(2048M) 5.253ms
[19.770s][info][gc       ] GC(258) Concurrent Mark Cycle
[19.814s][info][gc       ] GC(258) Pause Remark 1364M->1290M(2048M) 1.029ms
[19.877s][info][gc,phases] GC(259)   Pre Evacuate Collection Set: 0.23ms
[19.877s][info][gc,phases] GC(259)   Merge Heap Roots: 0.20ms
[19.877s][info][gc,phases] GC(259)   Evacuate Collection Set: 4.89ms
[19.877s][info][gc,phases] GC(259)   Post Evacuate Collection Set: 0.50ms
[19.877s][info][gc,phases] GC(259)   Other: 0.07ms
[19.877s][info][gc       ] GC(259) Pause Young (Normal) (G1 Evacuation Pause) 1870M->871M(2048M) 6.229ms
[19.895s][info][gc       ] GC(258) Pause Cleanup 1048M->1048M(2048M) 0.259ms
[19.895s][info][gc       ] GC(258) Concurrent Mark Cycle 125.672ms
[19.987s][info][gc,phases] GC(260)   Pre Evacuate Collection Set: 0.17ms
[19.987s][info][gc,phases] GC(260)   Merge Heap Roots: 0.18ms
[19.987s][info][gc,phases] GC(260)   Evacuate Collection Set: 5.69ms
[19.987s][info][gc,phases] GC(260)   Post Evacuate Collection Set: 0.47ms
[19.987s][info][gc,phases] GC(260)   Other: 0.06ms
[19.987s][info][gc       ] GC(260) Pause Young (Prepare Mixed) (G1 Evacuation Pause) 1944M->888M(2048M) 6.887ms
[20.095s][info][gc,phases] GC(261)   Pre Evacuate Collection Set: 0.19ms
[20.095s][info][gc,phases] GC(261)   Merge Heap Roots: 0.19ms
[20.095s][info][gc,phases] GC(261)   Evacuate Collection Set: 5.90ms
[20.096s][info][gc,phases] GC(261)   Post Evacuate Collection Set: 0.48ms
[20.096s][info][gc,phases] GC(261)   Other: 0.07ms
[20.096s][info][gc       ] GC(261) Pause Young (Mixed) (G1 Evacuation Pause) 1944M->895M(2048M) 7.118ms
[20.203s][info][gc,phases] GC(262)   Pre Evacuate Collection Set: 0.33ms
[20.203s][info][gc,phases] GC(262)   Merge Heap Roots: 0.18ms
[20.204s][info][gc,phases] GC(262)   Evacuate Collection Set: 5.68ms
[20.204s][info][gc,phases] GC(262)   Post Evacuate Collection Set: 0.50ms
[20.204s][info][gc,phases] GC(262)   Other: 0.12ms
[20.204s][info][gc       ] GC(262) Pause Young (Concurrent Start) (G1 Evacuation Pause) 1944M->912M(2048M) 7.267ms
[20.204s][info][gc       ] GC(263) Concurrent Mark Cycle
[20.248s][info][gc       ] GC(263) Pause Remark 1351M->1284M(2048M) 1.039ms
[20.312s][info][gc,phases] GC(264)   Pre Evacuate Collection Set: 0.19ms
[20.312s][info][gc,phases] GC(264)   Merge Heap Roots: 0.19ms
[20.313s][info][gc,phases] GC(264)   Evacuate Collection Set: 5.49ms
[20.313s][info][gc,phases] GC(264)   Post Evacuate Collection Set: 0.49ms
[20.313s][info][gc,phases] GC(264)   Other: 0.06ms
[20.313s][info][gc       ] GC(264) Pause Young (Normal) (G1 Evacuation Pause) 1877M->862M(2048M) 6.810ms
[20.329s][info][gc       ] GC(263) Pause Cleanup 1024M->1024M(2048M) 0.259ms
[20.330s][info][gc       ] GC(263) Concurrent Mark Cycle 126.069ms
[20.423s][info][gc,phases] GC(265)   Pre Evacuate Collection Set: 0.20ms
[20.423s][info][gc,phases] GC(265)   Merge Heap Roots: 0.20ms
[20.423s][info][gc,phases] GC(265)   Evacuate Collection Set: 5.79ms
[20.423s][info][gc,phases] GC(265)   Post Evacuate Collection Set: 0.51ms
[20.423s][info][gc,phases] GC(265)   Other: 0.07ms
[20.423s][info][gc       ] GC(265) Pause Young (Prepare Mixed) (G1 Evacuation Pause) 1944M->879M(2048M) 7.186ms
[20.526s][info][gc,phases] GC(266)   Pre Evacuate Collection Set: 0.21ms
[20.526s][info][gc,phases] GC(266)   Merge Heap Roots: 0.19ms
[20.526s][info][gc,phases] GC(266)   Evacuate Collection Set: 5.98ms
[20.526s][info][gc,phases] GC(266)   Post Evacuate Collection Set: 0.71ms
[20.526s][info][gc,phases] GC(266)   Other: 0.07ms
[20.526s][info][gc       ] GC(266) Pause Young (Mixed) (G1 Evacuation Pause) (Evacuation Failure) 1944M->914M(2048M) 7.490ms
[20.630s][info][gc,phases] GC(267)   Pre Evacuate Collection Set: 0.22ms
[20.630s][info][gc,phases] GC(267)   Merge Heap Roots: 0.18ms
[20.630s][info][gc,phases] GC(267)   Evacuate Collection Set: 5.82ms
[20.630s][info][gc,phases] GC(267)   Post Evacuate Collection Set: 0.49ms
[20.630s][info][gc,phases] GC(267)   Other: 0.13ms
[20.631s][info][gc       ] GC(267) Pause Young (Concurrent Start) (G1 Evacuation Pause) (Evacuation Failure) 1945M->934M(2048M) 7.159ms
[20.631s][info][gc       ] GC(268) Concurrent Mark Cycle
[20.675s][info][gc       ] GC(268) Pause Remark 1370M->1297M(2048M) 1.073ms
[20.738s][info][gc,phases] GC(269)   Pre Evacuate Collection Set: 0.19ms
[20.738s][info][gc,phases] GC(269)   Merge Heap Roots: 0.21ms
[20.738s][info][gc,phases] GC(269)   Evacuate Collection Set: 5.71ms
[20.738s][info][gc,phases] GC(269)   Post Evacuate Collection Set: 0.59ms
[20.738s][info][gc,phases] GC(269)   Other: 0.06ms
[20.738s][info][gc       ] GC(269) Pause Young (Normal) (G1 Evacuation Pause) 1872M->877M(2048M) 7.139ms
[20.754s][info][gc       ] GC(268) Pause Cleanup 1161M->1161M(2048M) 0.291ms
[20.755s][info][gc       ] GC(268) Concurrent Mark Cycle 124.526ms
[20.837s][info][gc,phases] GC(270)   Pre Evacuate Collection Set: 0.25ms
[20.837s][info][gc,phases] GC(270)   Merge Heap Roots: 0.19ms
[20.837s][info][gc,phases] GC(270)   Evacuate Collection Set: 6.00ms
[20.837s][info][gc,phases] GC(270)   Post Evacuate Collection Set: 0.47ms
[20.837s][info][gc,phases] GC(270)   Other: 0.07ms
[20.837s][info][gc       ] GC(270) Pause Young (Prepare Mixed) (G1 Evacuation Pause) 1943M->894M(2048M) 7.356ms
[20.942s][info][gc,phases] GC(271)   Pre Evacuate Collection Set: 0.27ms
[20.942s][info][gc,phases] GC(271)   Merge Heap Roots: 0.20ms
[20.942s][info][gc,phases] GC(271)   Evacuate Collection Set: 3.29ms
[20.942s][info][gc,phases] GC(271)   Post Evacuate Collection Set: 0.49ms
[20.942s][info][gc,phases] GC(271)   Other: 0.07ms
[20.943s][info][gc       ] GC(271) Pause Young (Mixed) (G1 Evacuation Pause) 1944M->901M(2048M) 4.690ms
[21.049s][info][gc,phases] GC(272)   Pre Evacuate Collection Set: 0.26ms
[21.049s][info][gc,phases] GC(272)   Merge Heap Roots: 0.16ms
[21.049s][info][gc,phases] GC(272)   Evacuate Collection Set: 4.90ms
[21.049s][info][gc,phases] GC(272)   Post Evacuate Collection Set: 0.50ms
[21.049s][info][gc,phases] GC(272)   Other: 0.12ms
[21.049s][info][gc       ] GC(272) Pause Young (Concurrent Start) (G1 Evacuation Pause) 1944M->918M(2048M) 6.275ms
[21.049s][info][gc       ] GC(273) Concurrent Mark Cycle
[21.094s][info][gc       ] GC(273) Pause Remark 1692M->1630M(2048M) 1.065ms
[21.125s][info][gc,phases] GC(274)   Pre Evacuate Collection Set: 0.20ms
[21.126s][info][gc,phases] GC(274)   Merge Heap Roots: 0.20ms
[21.126s][info][gc,phases] GC(274)   Evacuate Collection Set: 5.82ms
[21.126s][info][gc,phases] GC(274)   Post Evacuate Collection Set: 0.52ms
[21.126s][info][gc,phases] GC(274)   Other: 0.07ms
[21.126s][info][gc       ] GC(274) Pause Young (Normal) (G1 Evacuation Pause) 1881M->873M(2048M) 7.132ms
[21.175s][info][gc       ] GC(273) Pause Cleanup 1381M->1381M(2048M) 0.279ms
[21.176s][info][gc       ] GC(273) Concurrent Mark Cycle 126.470ms
[21.231s][info][gc,phases] GC(275)   Pre Evacuate Collection Set: 0.19ms
[21.231s][info][gc,phases] GC(275)   Merge Heap Roots: 0.23ms
[21.232s][info][gc,phases] GC(275)   Evacuate Collection Set: 3.15ms
[21.232s][info][gc,phases] GC(275)   Post Evacuate Collection Set: 0.51ms
[21.232s][info][gc,phases] GC(275)   Other: 0.06ms
[21.232s][info][gc       ] GC(275) Pause Young (Prepare Mixed) (G1 Evacuation Pause) 1944M->890M(2048M) 4.470ms
[21.338s][info][gc,phases] GC(276)   Pre Evacuate Collection Set: 0.19ms
[21.339s][info][gc,phases] GC(276)   Merge Heap Roots: 0.20ms
[21.339s][info][gc,phases] GC(276)   Evacuate Collection Set: 4.72ms
[21.339s][info][gc,phases] GC(276)   Post Evacuate Collection Set: 0.46ms
[21.339s][info][gc,phases] GC(276)   Other: 0.07ms
[21.339s][info][gc       ] GC(276) Pause Young (Mixed) (G1 Evacuation Pause) 1944M->896M(2048M) 6.060ms
[21.446s][info][gc,phases] GC(277)   Pre Evacuate Collection Set: 0.25ms
[21.446s][info][gc,phases] GC(277)   Merge Heap Roots: 0.20ms
[21.446s][info][gc,phases] GC(277)   Evacuate Collection Set: 5.65ms
[21.446s][info][gc,phases] GC(277)   Post Evacuate Collection Set: 0.47ms
[21.446s][info][gc,phases] GC(277)   Other: 0.11ms
[21.446s][info][gc       ] GC(277) Pause Young (Concurrent Start) (G1 Evacuation Pause) (Evacuation Failure) 1944M->915M(2048M) 6.984ms
[21.446s][info][gc       ] GC(278) Concurrent Mark Cycle
[21.490s][info][gc       ] GC(278) Pause Remark 1350M->1282M(2048M) 1.031ms
[21.555s][info][gc,phases] GC(279)   Pre Evacuate Collection Set: 0.20ms
[21.555s][info][gc,phases] GC(279)   Merge Heap Roots: 0.20ms
[21.556s][info][gc,phases] GC(279)   Evacuate Collection Set: 5.85ms
[21.556s][info][gc,phases] GC(279)   Post Evacuate Collection Set: 0.52ms
[21.556s][info][gc,phases] GC(279)   Other: 0.05ms
[21.556s][info][gc       ] GC(279) Pause Young (Normal) (G1 Evacuation Pause) 1877M->863M(2048M) 7.237ms
[21.571s][info][gc       ] GC(278) Pause Cleanup 1014M->1014M(2048M) 0.233ms
[21.572s][info][gc       ] GC(278) Concurrent Mark Cycle 125.376ms
[21.667s][info][gc,phases] GC(280)   Pre Evacuate Collection Set: 0.21ms
[21.667s][info][gc,phases] GC(280)   Merge Heap Roots: 0.20ms
[21.668s][info][gc,phases] GC(280)   Evacuate Collection Set: 5.84ms
[21.668s][info][gc,phases] GC(280)   Post Evacuate Collection Set: 0.50ms
[21.668s][info][gc,phases] GC(280)   Other: 0.07ms
[21.668s][info][gc       ] GC(280) Pause Young (Prepare Mixed) (G1 Evacuation Pause) 1944M->880M(2048M) 7.172ms
[21.776s][info][gc,phases] GC(281)   Pre Evacuate Collection Set: 0.20ms
[21.776s][info][gc,phases] GC(281)   Merge Heap Roots: 0.19ms
[21.776s][info][gc,phases] GC(281)   Evacuate Collection Set: 5.84ms
[21.776s][info][gc,phases] GC(281)   Post Evacuate Collection Set: 0.50ms
[21.776s][info][gc,phases] GC(281)   Other: 0.07ms
[21.776s][info][gc       ] GC(281) Pause Young (Mixed) (G1 Evacuation Pause) 1944M->888M(2048M) 7.179ms
[21.883s][info][gc,phases] GC(282)   Pre Evacuate Collection Set: 0.30ms
[21.883s][info][gc,phases] GC(282)   Merge Heap Roots: 0.17ms
[21.884s][info][gc,phases] GC(282)   Evacuate Collection Set: 5.60ms
[21.884s][info][gc,phases] GC(282)   Post Evacuate Collection Set: 0.53ms
[21.884s][info][gc,phases] GC(282)   Other: 0.12ms
[21.884s][info][gc       ] GC(282) Pause Young (Concurrent Start) (G1 Evacuation Pause) (Evacuation Failure) 1944M->908M(2048M) 7.211ms
[21.884s][info][gc       ] GC(283) Concurrent Mark Cycle
[21.928s][info][gc       ] GC(283) Pause Remark 1340M->1261M(2048M) 1.096ms
[21.994s][info][gc,phases] GC(284)   Pre Evacuate Collection Set: 0.18ms
[21.994s][info][gc,phases] GC(284)   Merge Heap Roots: 0.21ms
[21.994s][info][gc,phases] GC(284)   Evacuate Collection Set: 5.77ms
[21.994s][info][gc,phases] GC(284)   Post Evacuate Collection Set: 0.49ms
[21.994s][info][gc,phases] GC(284)   Other: 0.07ms
[21.994s][info][gc       ] GC(284) Pause Young (Normal) (G1 Evacuation Pause) 1865M->847M(2048M) 7.045ms
[22.010s][info][gc       ] GC(283) Pause Cleanup 1007M->1007M(2048M) 0.239ms
[22.011s][info][gc       ] GC(283) Concurrent Mark Cycle 126.966ms
[22.107s][info][gc,phases] GC(285)   Pre Evacuate Collection Set: 0.21ms
[22.107s][info][gc,phases] GC(285)   Merge Heap Roots: 0.19ms
[22.107s][info][gc,phases] GC(285)   Evacuate Collection Set: 5.91ms
[22.107s][info][gc,phases] GC(285)   Post Evacuate Collection Set: 0.48ms
[22.107s][info][gc,phases] GC(285)   Other: 0.06ms
[22.107s][info][gc       ] GC(285) Pause Young (Prepare Mixed) (G1 Evacuation Pause) 1944M->864M(2048M) 7.232ms
[22.218s][info][gc,phases] GC(286)   Pre Evacuate Collection Set: 0.23ms
[22.218s][info][gc,phases] GC(286)   Merge Heap Roots: 0.19ms
[22.218s][info][gc,phases] GC(286)   Evacuate Collection Set: 5.85ms
[22.218s][info][gc,phases] GC(286)   Post Evacuate Collection Set: 0.89ms
[22.219s][info][gc,phases] GC(286)   Other: 0.06ms
[22.219s][info][gc       ] GC(286) Pause Young (Mixed) (G1 Evacuation Pause) (Evacuation Failure) 1944M->922M(2048M) 7.558ms
[22.324s][info][gc,phases] GC(287)   Pre Evacuate Collection Set: 0.24ms
[22.324s][info][gc,phases] GC(287)   Merge Heap Roots: 0.18ms
[22.324s][info][gc,phases] GC(287)   Evacuate Collection Set: 5.90ms
[22.324s][info][gc,phases] GC(287)   Post Evacuate Collection Set: 0.62ms
[22.324s][info][gc,phases] GC(287)   Other: 0.11ms
[22.324s][info][gc       ] GC(287) Pause Young (Concurrent Start) (G1 Evacuation Pause) (Evacuation Failure) 1945M->953M(2048M) 7.456ms
[22.324s][info][gc       ] GC(288) Concurrent Mark Cycle
[22.369s][info][gc       ] GC(288) Pause Remark 1402M->1335M(2048M) 1.040ms
[22.428s][info][gc,phases] GC(289)   Pre Evacuate Collection Set: 0.19ms
[22.428s][info][gc,phases] GC(289)   Merge Heap Roots: 0.21ms
[22.428s][info][gc,phases] GC(289)   Evacuate Collection Set: 8.61ms
[22.428s][info][gc,phases] GC(289)   Post Evacuate Collection Set: 0.50ms
[22.428s][info][gc,phases] GC(289)   Other: 0.06ms
[22.428s][info][gc       ] GC(289) Pause Young (Normal) (G1 Evacuation Pause) 1878M->902M(2048M) 9.906ms
[22.455s][info][gc       ] GC(288) Pause Cleanup 1382M->1382M(2048M) 0.308ms
[22.456s][info][gc       ] GC(288) Concurrent Mark Cycle 131.763ms
[22.513s][info][gc,phases] GC(290)   Pre Evacuate Collection Set: 0.22ms
[22.513s][info][gc,phases] GC(290)   Merge Heap Roots: 0.18ms
[22.513s][info][gc,phases] GC(290)   Evacuate Collection Set: 2.63ms
[22.513s][info][gc,phases] GC(290)   Post Evacuate Collection Set: 0.50ms
[22.513s][info][gc,phases] GC(290)   Other: 0.06ms
[22.513s][info][gc       ] GC(290) Pause Young (Prepare Mixed) (G1 Evacuation Pause) 1943M->919M(2048M) 3.880ms
[22.605s][info][gc,phases] GC(291)   Pre Evacuate Collection Set: 0.24ms
[22.606s][info][gc,phases] GC(291)   Merge Heap Roots: 0.19ms
[22.606s][info][gc,phases] GC(291)   Evacuate Collection Set: 4.66ms
[22.606s][info][gc,phases] GC(291)   Post Evacuate Collection Set: 0.49ms
[22.606s][info][gc,phases] GC(291)   Other: 0.07ms
[22.606s][info][gc       ] GC(291) Pause Young (Mixed) (G1 Evacuation Pause) 1943M->922M(2048M) 6.051ms
[22.709s][info][gc,phases] GC(292)   Pre Evacuate Collection Set: 0.28ms
[22.709s][info][gc,phases] GC(292)   Merge Heap Roots: 0.20ms
[22.710s][info][gc,phases] GC(292)   Evacuate Collection Set: 3.65ms
[22.710s][info][gc,phases] GC(292)   Post Evacuate Collection Set: 0.46ms
[22.710s][info][gc,phases] GC(292)   Other: 0.13ms
[22.710s][info][gc       ] GC(292) Pause Young (Concurrent Start) (G1 Evacuation Pause) 1944M->939M(2048M) 5.099ms
[22.710s][info][gc       ] GC(293) Concurrent Mark Cycle
[22.753s][info][gc       ] GC(293) Pause Remark 1371M->1307M(2048M) 1.096ms
[22.815s][info][gc,phases] GC(294)   Pre Evacuate Collection Set: 0.22ms
[22.815s][info][gc,phases] GC(294)   Merge Heap Roots: 0.20ms
[22.815s][info][gc,phases] GC(294)   Evacuate Collection Set: 4.09ms
[22.815s][info][gc,phases] GC(294)   Post Evacuate Collection Set: 0.49ms
[22.815s][info][gc,phases] GC(294)   Other: 0.06ms
[22.815s][info][gc       ] GC(294) Pause Young (Normal) (G1 Evacuation Pause) 1879M->891M(2048M) 5.384ms
[22.834s][info][gc       ] GC(293) Pause Cleanup 1166M->1166M(2048M) 0.248ms
[22.835s][info][gc       ] GC(293) Concurrent Mark Cycle 125.132ms
[22.912s][info][gc,phases] GC(295)   Pre Evacuate Collection Set: 0.18ms
[22.912s][info][gc,phases] GC(295)   Merge Heap Roots: 0.20ms
[22.912s][info][gc,phases] GC(295)   Evacuate Collection Set: 4.18ms
[22.912s][info][gc,phases] GC(295)   Post Evacuate Collection Set: 0.47ms
[22.913s][info][gc,phases] GC(295)   Other: 0.06ms
[22.913s][info][gc       ] GC(295) Pause Young (Prepare Mixed) (G1 Evacuation Pause) 1943M->908M(2048M) 5.485ms
[23.016s][info][gc,phases] GC(296)   Pre Evacuate Collection Set: 0.20ms
[23.016s][info][gc,phases] GC(296)   Merge Heap Roots: 0.19ms
[23.016s][info][gc,phases] GC(296)   Evacuate Collection Set: 3.06ms
[23.016s][info][gc,phases] GC(296)   Post Evacuate Collection Set: 0.49ms
[23.017s][info][gc,phases] GC(296)   Other: 0.07ms
[23.017s][info][gc       ] GC(296) Pause Young (Mixed) (G1 Evacuation Pause) 1943M->914M(2048M) 4.388ms
[23.119s][info][gc,phases] GC(297)   Pre Evacuate Collection Set: 0.27ms
[23.119s][info][gc,phases] GC(297)   Merge Heap Roots: 0.18ms
[23.119s][info][gc,phases] GC(297)   Evacuate Collection Set: 5.73ms
[23.120s][info][gc,phases] GC(297)   Post Evacuate Collection Set: 0.48ms
[23.120s][info][gc,phases] GC(297)   Other: 0.12ms
[23.120s][info][gc       ] GC(297) Pause Young (Concurrent Start) (G1 Evacuation Pause) 1944M->930M(2048M) 7.151ms
[23.120s][info][gc       ] GC(298) Concurrent Mark Cycle
[23.164s][info][gc       ] GC(298) Pause Remark 1370M->1303M(2048M) 1.027ms
[23.227s][info][gc,phases] GC(299)   Pre Evacuate Collection Set: 0.21ms
[23.227s][info][gc,phases] GC(299)   Merge Heap Roots: 0.19ms
[23.227s][info][gc,phases] GC(299)   Evacuate Collection Set: 5.62ms
[23.227s][info][gc,phases] GC(299)   Post Evacuate Collection Set: 0.50ms
[23.227s][info][gc,phases] GC(299)   Other: 0.05ms
[23.227s][info][gc       ] GC(299) Pause Young (Normal) (G1 Evacuation Pause) 1876M->880M(2048M) 6.923ms
[23.247s][info][gc       ] GC(298) Pause Cleanup 1078M->1078M(2048M) 0.245ms
[23.248s][info][gc       ] GC(298) Concurrent Mark Cycle 128.177ms
[23.338s][info][gc,phases] GC(300)   Pre Evacuate Collection Set: 0.20ms
[23.338s][info][gc,phases] GC(300)   Merge Heap Roots: 0.20ms
[23.338s][info][gc,phases] GC(300)   Evacuate Collection Set: 5.73ms
[23.338s][info][gc,phases] GC(300)   Post Evacuate Collection Set: 0.46ms
[23.338s][info][gc,phases] GC(300)   Other: 0.06ms
[23.338s][info][gc       ] GC(300) Pause Young (Prepare Mixed) (G1 Evacuation Pause) 1944M->897M(2048M) 7.120ms
