[0.003s][info][gc] Using G1
[0.339s][info][gc,phases] GC(0)   Pre Evacuate Collection Set: 0.19ms
[0.339s][info][gc,phases] GC(0)   Merge Heap Roots: 0.07ms
[0.339s][info][gc,phases] GC(0)   Evacuate Collection Set: 5.14ms
[0.339s][info][gc,phases] GC(0)   Post Evacuate Collection Set: 0.61ms
[0.339s][info][gc,phases] GC(0)   Other: 0.38ms
[0.339s][info][gc       ] GC(0) Pause Young (Normal) (G1 Evacuation Pause) 108M->78M(2048M) 6.774ms
[0.353s][info][gc,phases] GC(1)   Pre Evacuate Collection Set: 0.22ms
[0.353s][info][gc,phases] GC(1)   Merge Heap Roots: 0.06ms
[0.353s][info][gc,phases] GC(1)   Evacuate Collection Set: 4.49ms
[0.353s][info][gc,phases] GC(1)   Post Evacuate Collection Set: 0.38ms
[0.353s][info][gc,phases] GC(1)   Other: 0.04ms
[0.353s][info][gc       ] GC(1) Pause Young (Normal) (G1 Evacuation Pause) 167M->168M(2048M) 5.639ms
[0.365s][info][gc,phases] GC(2)   Pre Evacuate Collection Set: 0.22ms
[0.366s][info][gc,phases] GC(2)   Merge Heap Roots: 0.08ms
[0.366s][info][gc,phases] GC(2)   Evacuate Collection Set: 3.48ms
[0.366s][info][gc,phases] GC(2)   Post Evacuate Collection Set: 0.34ms
[0.366s][info][gc,phases] GC(2)   Other: 0.04ms
[0.366s][info][gc       ] GC(2) Pause Young (Normal) (G1 Evacuation Pause) 257M->258M(2048M) 4.543ms
[0.378s][info][gc,phases] GC(3)   Pre Evacuate Collection Set: 0.22ms
[0.378s][info][gc,phases] GC(3)   Merge Heap Roots: 0.06ms
[0.378s][info][gc,phases] GC(3)   Evacuate Collection Set: 3.54ms
[0.378s][info][gc,phases] GC(3)   Post Evacuate Collection Set: 0.30ms
[0.378s][info][gc,phases] GC(3)   Other: 0.05ms
[0.378s][info][gc       ] GC(3) Pause Young (Normal) (G1 Evacuation Pause) 347M->348M(2048M) 4.569ms
[0.391s][info][gc,phases] GC(4)   Pre Evacuate Collection Set: 0.19ms
[0.391s][info][gc,phases] GC(4)   Merge Heap Roots: 0.05ms
[0.391s][info][gc,phases] GC(4)   Evacuate Collection Set: 3.49ms
[0.391s][info][gc,phases] GC(4)   Post Evacuate Collection Set: 0.30ms
[0.391s][info][gc,phases] GC(4)   Other: 0.05ms
[0.391s][info][gc       ] GC(4) Pause Young (Normal) (G1 Evacuation Pause) 437M->438M(2048M) 4.445ms
[0.405s][info][gc,phases] GC(5)   Pre Evacuate Collection Set: 0.20ms
[0.405s][info][gc,phases] GC(5)   Merge Heap Roots: 0.06ms
[0.405s][info][gc,phases] GC(5)   Evacuate Collection Set: 3.66ms
[0.405s][info][gc,phases] GC(5)   Post Evacuate Collection Set: 0.34ms
[0.405s][info][gc,phases] GC(5)   Other: 0.04ms
[0.405s][info][gc       ] GC(5) Pause Young (Normal) (G1 Evacuation Pause) 527M->528M(2048M) 4.756ms
[0.418s][info][gc,phases] GC(6)   Pre Evacuate Collection Set: 0.24ms
[0.418s][info][gc,phases] GC(6)   Merge Heap Roots: 0.07ms
[0.418s][info][gc,phases] GC(6)   Evacuate Collection Set: 3.61ms
[0.418s][info][gc,phases] GC(6)   Post Evacuate Collection Set: 0.30ms
[0.418s][info][gc,phases] GC(6)   Other: 0.04ms
[0.418s][info][gc       ] GC(6) Pause Young (Normal) (G1 Evacuation Pause) 617M->617M(2048M) 4.570ms
[0.431s][info][gc,phases] GC(7)   Pre Evacuate Collection Set: 0.20ms
[0.431s][info][gc,phases] GC(7)   Merge Heap Roots: 0.08ms
[0.431s][info][gc,phases] GC(7)   Evacuate Collection Set: 3.74ms
[0.431s][info][gc,phases] GC(7)   Post Evacuate Collection Set: 0.33ms
[0.431s][info][gc,phases] GC(7)   Other: 0.04ms
[0.431s][info][gc       ] GC(7) Pause Young (Normal) (G1 Evacuation Pause) 706M->707M(2048M) 4.743ms
[0.444s][info][gc,phases] GC(8)   Pre Evacuate Collection Set: 0.21ms
[0.444s][info][gc,phases] GC(8)   Merge Heap Roots: 0.07ms
[0.444s][info][gc,phases] GC(8)   Evacuate Collection Set: 3.87ms
[0.444s][info][gc,phases] GC(8)   Post Evacuate Collection Set: 0.31ms
[0.444s][info][gc,phases] GC(8)   Other: 0.04ms
[0.444s][info][gc       ] GC(8) Pause Young (Normal) (G1 Evacuation Pause) 796M->797M(2048M) 4.836ms
[0.477s][info][gc,phases] GC(9)   Pre Evacuate Collection Set: 0.20ms
[0.477s][info][gc,phases] GC(9)   Merge Heap Roots: 0.08ms
[0.478s][info][gc,phases] GC(9)   Evacuate Collection Set: 0.98ms
[0.478s][info][gc,phases] GC(9)   Post Evacuate Collection Set: 0.36ms
[0.478s][info][gc,phases] GC(9)   Other: 0.05ms
[0.478s][info][gc       ] GC(9) Pause Young (Normal) (G1 Evacuation Pause) 886M->802M(2048M) 2.004ms
[0.485s][info][gc,phases] GC(10)   Pre Evacuate Collection Set: 0.20ms
[0.485s][info][gc,phases] GC(10)   Merge Heap Roots: 0.07ms
[0.486s][info][gc,phases] GC(10)   Evacuate Collection Set: 0.76ms
[0.486s][info][gc,phases] GC(10)   Post Evacuate Collection Set: 0.31ms
[0.486s][info][gc,phases] GC(10)   Other: 0.04ms
[0.486s][info][gc       ] GC(10) Pause Young (Normal) (G1 Evacuation Pause) 912M->804M(2048M) 1.681ms
[0.553s][info][gc,phases] GC(11)   Pre Evacuate Collection Set: 0.23ms
[0.554s][info][gc,phases] GC(11)   Merge Heap Roots: 0.18ms
[0.554s][info][gc,phases] GC(11)   Evacuate Collection Set: 1.78ms
[0.554s][info][gc,phases] GC(11)   Post Evacuate Collection Set: 0.56ms
[0.554s][info][gc,phases] GC(11)   Other: 0.09ms
[0.554s][info][gc       ] GC(11) Pause Young (Normal) (G1 Evacuation Pause) 1810M->820M(2048M) 3.336ms
[0.611s][info][gc,phases] GC(12)   Pre Evacuate Collection Set: 0.23ms
[0.612s][info][gc,phases] GC(12)   Merge Heap Roots: 0.14ms
[0.612s][info][gc,phases] GC(12)   Evacuate Collection Set: 2.18ms
[0.612s][info][gc,phases] GC(12)   Post Evacuate Collection Set: 0.55ms
[0.612s][info][gc,phases] GC(12)   Other: 0.06ms
[0.612s][info][gc       ] GC(12) Pause Young (Normal) (G1 Evacuation Pause) 1844M->837M(2048M) 3.571ms
[0.674s][info][gc,phases] GC(13)   Pre Evacuate Collection Set: 0.21ms
[0.674s][info][gc,phases] GC(13)   Merge Heap Roots: 0.19ms
[0.674s][info][gc,phases] GC(13)   Evacuate Collection Set: 2.61ms
[0.675s][info][gc,phases] GC(13)   Post Evacuate Collection Set: 0.55ms
[0.675s][info][gc,phases] GC(13)   Other: 0.05ms
[0.675s][info][gc       ] GC(13) Pause Young (Normal) (G1 Evacuation Pause) 1880M->853M(2048M) 3.999ms
[0.736s][info][gc,phases] GC(14)   Pre Evacuate Collection Set: 0.24ms
[0.736s][info][gc,phases] GC(14)   Merge Heap Roots: 0.19ms
[0.736s][info][gc,phases] GC(14)   Evacuate Collection Set: 3.40ms
[0.737s][info][gc,phases] GC(14)   Post Evacuate Collection Set: 0.49ms
[0.737s][info][gc,phases] GC(14)   Other: 0.06ms
[0.737s][info][gc       ] GC(14) Pause Young (Normal) (G1 Evacuation Pause) 1909M->871M(2048M) 4.810ms
[0.798s][info][gc,phases] GC(15)   Pre Evacuate Collection Set: 0.25ms
[0.798s][info][gc,phases] GC(15)   Merge Heap Roots: 0.20ms
[0.798s][info][gc,phases] GC(15)   Evacuate Collection Set: 3.57ms
[0.798s][info][gc,phases] GC(15)   Post Evacuate Collection Set: 0.56ms
[0.798s][info][gc,phases] GC(15)   Other: 0.05ms
[0.798s][info][gc       ] GC(15) Pause Young (Normal) (G1 Evacuation Pause) 1935M->888M(2048M) 5.011ms
[0.861s][info][gc,phases] GC(16)   Pre Evacuate Collection Set: 0.22ms
[0.861s][info][gc,phases] GC(16)   Merge Heap Roots: 0.18ms
[0.861s][info][gc,phases] GC(16)   Evacuate Collection Set: 6.74ms
[0.862s][info][gc,phases] GC(16)   Post Evacuate Collection Set: 0.54ms
[0.862s][info][gc,phases] GC(16)   Other: 0.06ms
[0.862s][info][gc       ] GC(16) Pause Young (Normal) (G1 Evacuation Pause) 1942M->904M(2048M) 8.123ms
[0.924s][info][gc,phases] GC(17)   Pre Evacuate Collection Set: 0.25ms
[0.924s][info][gc,phases] GC(17)   Merge Heap Roots: 0.21ms
[0.924s][info][gc,phases] GC(17)   Evacuate Collection Set: 6.14ms
[0.924s][info][gc,phases] GC(17)   Post Evacuate Collection Set: 0.54ms
[0.924s][info][gc,phases] GC(17)   Other: 0.07ms
[0.924s][info][gc       ] GC(17) Pause Young (Normal) (G1 Evacuation Pause) 1943M->922M(2048M) 7.581ms
[0.986s][info][gc,phases] GC(18)   Pre Evacuate Collection Set: 0.20ms
[0.986s][info][gc,phases] GC(18)   Merge Heap Roots: 0.20ms
[0.986s][info][gc,phases] GC(18)   Evacuate Collection Set: 6.32ms
[0.986s][info][gc,phases] GC(18)   Post Evacuate Collection Set: 0.54ms
[0.986s][info][gc,phases] GC(18)   Other: 0.05ms
[0.986s][info][gc       ] GC(18) Pause Young (Normal) (G1 Evacuation Pause) 1943M->939M(2048M) 7.642ms
[1.047s][info][gc,phases] GC(19)   Pre Evacuate Collection Set: 0.22ms
[1.047s][info][gc,phases] GC(19)   Merge Heap Roots: 0.18ms
[1.048s][info][gc,phases] GC(19)   Evacuate Collection Set: 6.07ms
[1.048s][info][gc,phases] GC(19)   Post Evacuate Collection Set: 0.53ms
[1.048s][info][gc,phases] GC(19)   Other: 0.06ms
[1.048s][info][gc       ] GC(19) Pause Young (Normal) (G1 Evacuation Pause) 1943M->955M(2048M) 7.468ms
[1.109s][info][gc,phases] GC(20)   Pre Evacuate Collection Set: 0.26ms
[1.109s][info][gc,phases] GC(20)   Merge Heap Roots: 0.24ms
[1.109s][info][gc,phases] GC(20)   Evacuate Collection Set: 5.89ms
[1.109s][info][gc,phases] GC(20)   Post Evacuate Collection Set: 0.55ms
[1.109s][info][gc,phases] GC(20)   Other: 0.06ms
[1.109s][info][gc       ] GC(20) Pause Young (Normal) (G1 Evacuation Pause) 1943M->971M(2048M) 7.358ms
[1.168s][info][gc,phases] GC(21)   Pre Evacuate Collection Set: 0.22ms
[1.168s][info][gc,phases] GC(21)   Merge Heap Roots: 0.19ms
[1.169s][info][gc,phases] GC(21)   Evacuate Collection Set: 5.89ms
[1.169s][info][gc,phases] GC(21)   Post Evacuate Collection Set: 0.61ms
[1.169s][info][gc,phases] GC(21)   Other: 0.06ms
[1.169s][info][gc       ] GC(21) Pause Young (Normal) (G1 Evacuation Pause) 1943M->987M(2048M) 7.266ms
[1.227s][info][gc,phases] GC(22)   Pre Evacuate Collection Set: 0.25ms
[1.227s][info][gc,phases] GC(22)   Merge Heap Roots: 0.17ms
[1.227s][info][gc,phases] GC(22)   Evacuate Collection Set: 5.74ms
[1.227s][info][gc,phases] GC(22)   Post Evacuate Collection Set: 0.47ms
[1.227s][info][gc,phases] GC(22)   Other: 0.06ms
[1.227s][info][gc       ] GC(22) Pause Young (Normal) (G1 Evacuation Pause) 1943M->1002M(2048M) 7.035ms
[1.285s][info][gc,phases] GC(23)   Pre Evacuate Collection Set: 0.25ms
[1.285s][info][gc,phases] GC(23)   Merge Heap Roots: 0.17ms
[1.285s][info][gc,phases] GC(23)   Evacuate Collection Set: 5.68ms
[1.285s][info][gc,phases] GC(23)   Post Evacuate Collection Set: 0.50ms
[1.285s][info][gc,phases] GC(23)   Other: 0.13ms
[1.285s][info][gc       ] GC(23) Pause Young (Concurrent Start) (G1 Evacuation Pause) 1943M->1018M(2048M) 7.086ms
[1.285s][info][gc       ] GC(24) Concurrent Mark Cycle
[1.333s][info][gc       ] GC(24) Pause Remark 1853M->1663M(2048M) 1.356ms
[1.344s][info][gc,phases] GC(25)   Pre Evacuate Collection Set: 0.19ms
[1.345s][info][gc,phases] GC(25)   Merge Heap Roots: 0.27ms
[1.345s][info][gc,phases] GC(25)   Evacuate Collection Set: 5.38ms
[1.345s][info][gc,phases] GC(25)   Post Evacuate Collection Set: 0.56ms
[1.345s][info][gc,phases] GC(25)   Other: 0.06ms
[1.345s][info][gc       ] GC(25) Pause Young (Normal) (G1 Evacuation Pause) 1753M->843M(2048M) 6.922ms
[1.413s][info][gc,phases] GC(26)   Pre Evacuate Collection Set: 0.20ms
[1.413s][info][gc,phases] GC(26)   Merge Heap Roots: 0.23ms
[1.413s][info][gc,phases] GC(26)   Evacuate Collection Set: 6.27ms
[1.413s][info][gc,phases] GC(26)   Post Evacuate Collection Set: 0.54ms
[1.413s][info][gc,phases] GC(26)   Other: 0.07ms
[1.413s][info][gc       ] GC(26) Pause Young (Normal) (G1 Evacuation Pause) 1943M->861M(2048M) 7.670ms
[1.430s][info][gc       ] GC(24) Pause Cleanup 1168M->1168M(2048M) 0.260ms
[1.432s][info][gc       ] GC(24) Concurrent Mark Cycle 146.659ms
[1.476s][info][gc,phases] GC(27)   Pre Evacuate Collection Set: 0.25ms
[1.476s][info][gc,phases] GC(27)   Merge Heap Roots: 0.21ms
[1.476s][info][gc,phases] GC(27)   Evacuate Collection Set: 3.47ms
[1.477s][info][gc,phases] GC(27)   Post Evacuate Collection Set: 0.50ms
[1.477s][info][gc,phases] GC(27)   Other: 0.07ms
[1.477s][info][gc       ] GC(27) Pause Young (Prepare Mixed) (G1 Evacuation Pause) 1943M->878M(2048M) 4.868ms
[1.541s][info][gc,phases] GC(28)   Pre Evacuate Collection Set: 0.24ms
[1.541s][info][gc,phases] GC(28)   Merge Heap Roots: 0.18ms
[1.542s][info][gc,phases] GC(28)   Evacuate Collection Set: 5.85ms
[1.542s][info][gc,phases] GC(28)   Post Evacuate Collection Set: 0.49ms
[1.542s][info][gc,phases] GC(28)   Other: 0.06ms
[1.542s][info][gc       ] GC(28) Pause Young (Mixed) (G1 Evacuation Pause) 1943M->888M(2048M) 7.157ms
[1.603s][info][gc,phases] GC(29)   Pre Evacuate Collection Set: 0.25ms
[1.604s][info][gc,phases] GC(29)   Merge Heap Roots: 0.21ms
[1.604s][info][gc,phases] GC(29)   Evacuate Collection Set: 3.49ms
[1.604s][info][gc,phases] GC(29)   Post Evacuate Collection Set: 0.58ms
[1.604s][info][gc,phases] GC(29)   Other: 0.06ms
[1.604s][info][gc       ] GC(29) Pause Young (Normal) (G1 Evacuation Pause) 1944M->906M(2048M) 5.071ms
[1.665s][info][gc,phases] GC(30)   Pre Evacuate Collection Set: 0.20ms
[1.665s][info][gc,phases] GC(30)   Merge Heap Roots: 0.17ms
[1.665s][info][gc,phases] GC(30)   Evacuate Collection Set: 3.27ms
[1.665s][info][gc,phases] GC(30)   Post Evacuate Collection Set: 0.54ms
[1.665s][info][gc,phases] GC(30)   Other: 0.06ms
[1.665s][info][gc       ] GC(30) Pause Young (Normal) (G1 Evacuation Pause) 1944M->923M(2048M) 4.594ms
[1.727s][info][gc,phases] GC(31)   Pre Evacuate Collection Set: 0.21ms
[1.727s][info][gc,phases] GC(31)   Merge Heap Roots: 0.20ms
[1.727s][info][gc,phases] GC(31)   Evacuate Collection Set: 5.08ms
[1.727s][info][gc,phases] GC(31)   Post Evacuate Collection Set: 0.46ms
[1.727s][info][gc,phases] GC(31)   Other: 0.06ms
[1.727s][info][gc       ] GC(31) Pause Young (Normal) (G1 Evacuation Pause) 1944M->938M(2048M) 6.337ms
[1.787s][info][gc,phases] GC(32)   Pre Evacuate Collection Set: 0.21ms
[1.788s][info][gc,phases] GC(32)   Merge Heap Roots: 0.18ms
[1.788s][info][gc,phases] GC(32)   Evacuate Collection Set: 5.78ms
[1.788s][info][gc,phases] GC(32)   Post Evacuate Collection Set: 0.57ms
[1.788s][info][gc,phases] GC(32)   Other: 0.07ms
[1.788s][info][gc       ] GC(32) Pause Young (Normal) (G1 Evacuation Pause) 1944M->956M(2048M) 7.162ms
[1.846s][info][gc,phases] GC(33)   Pre Evacuate Collection Set: 0.23ms
[1.846s][info][gc,phases] GC(33)   Merge Heap Roots: 0.12ms
[1.846s][info][gc,phases] GC(33)   Evacuate Collection Set: 5.31ms
[1.846s][info][gc,phases] GC(33)   Post Evacuate Collection Set: 0.50ms
[1.847s][info][gc,phases] GC(33)   Other: 0.06ms
[1.847s][info][gc       ] GC(33) Pause Young (Normal) (G1 Evacuation Pause) 1944M->972M(2048M) 6.710ms
[1.906s][info][gc,phases] GC(34)   Pre Evacuate Collection Set: 0.19ms
[1.906s][info][gc,phases] GC(34)   Merge Heap Roots: 0.19ms
[1.906s][info][gc,phases] GC(34)   Evacuate Collection Set: 5.87ms
[1.906s][info][gc,phases] GC(34)   Post Evacuate Collection Set: 0.49ms
[1.906s][info][gc,phases] GC(34)   Other: 0.05ms
[1.906s][info][gc       ] GC(34) Pause Young (Normal) (G1 Evacuation Pause) 1944M->987M(2048M) 7.183ms
[1.964s][info][gc,phases] GC(35)   Pre Evacuate Collection Set: 0.23ms
[1.965s][info][gc,phases] GC(35)   Merge Heap Roots: 0.19ms
[1.965s][info][gc,phases] GC(35)   Evacuate Collection Set: 5.82ms
[1.965s][info][gc,phases] GC(35)   Post Evacuate Collection Set: 0.46ms
[1.965s][info][gc,phases] GC(35)   Other: 0.07ms
[1.965s][info][gc       ] GC(35) Pause Young (Normal) (G1 Evacuation Pause) 1944M->1003M(2048M) 7.115ms
[2.021s][info][gc,phases] GC(36)   Pre Evacuate Collection Set: 0.27ms
[2.021s][info][gc,phases] GC(36)   Merge Heap Roots: 0.11ms
[2.021s][info][gc,phases] GC(36)   Evacuate Collection Set: 5.31ms
[2.021s][info][gc,phases] GC(36)   Post Evacuate Collection Set: 0.46ms
[2.022s][info][gc,phases] GC(36)   Other: 0.12ms
[2.022s][info][gc       ] GC(36) Pause Young (Concurrent Start) (G1 Evacuation Pause) 1944M->1018M(2048M) 6.661ms
[2.022s][info][gc       ] GC(37) Concurrent Mark Cycle
[2.068s][info][gc       ] GC(37) Pause Remark 1842M->1640M(2048M) 1.236ms
[2.080s][info][gc,phases] GC(38)   Pre Evacuate Collection Set: 0.21ms
[2.080s][info][gc,phases] GC(38)   Merge Heap Roots: 0.20ms
[2.080s][info][gc,phases] GC(38)   Evacuate Collection Set: 5.26ms
[2.080s][info][gc,phases] GC(38)   Post Evacuate Collection Set: 0.54ms
[2.080s][info][gc,phases] GC(38)   Other: 0.05ms
[2.080s][info][gc       ] GC(38) Pause Young (Normal) (G1 Evacuation Pause) 1742M->832M(2048M) 6.742ms
[2.146s][info][gc,phases] GC(39)   Pre Evacuate Collection Set: 0.23ms
[2.146s][info][gc,phases] GC(39)   Merge Heap Roots: 0.19ms
[2.146s][info][gc,phases] GC(39)   Evacuate Collection Set: 5.29ms
[2.146s][info][gc,phases] GC(39)   Post Evacuate Collection Set: 0.54ms
[2.146s][info][gc,phases] GC(39)   Other: 0.06ms
[2.146s][info][gc       ] GC(39) Pause Young (Normal) (G1 Evacuation Pause) 1944M->850M(2048M) 6.658ms
[2.164s][info][gc       ] GC(37) Pause Cleanup 1168M->1168M(2048M) 0.272ms
[2.165s][info][gc       ] GC(37) Concurrent Mark Cycle 143.144ms
[2.213s][info][gc,phases] GC(40)   Pre Evacuate Collection Set: 0.21ms
[2.213s][info][gc,phases] GC(40)   Merge Heap Roots: 0.19ms
[2.213s][info][gc,phases] GC(40)   Evacuate Collection Set: 5.93ms
[2.213s][info][gc,phases] GC(40)   Post Evacuate Collection Set: 0.52ms
[2.213s][info][gc,phases] GC(40)   Other: 0.06ms
[2.213s][info][gc       ] GC(40) Pause Young (Prepare Mixed) (G1 Evacuation Pause) 1944M->867M(2048M) 7.229ms
[2.277s][info][gc,phases] GC(41)   Pre Evacuate Collection Set: 0.24ms
[2.277s][info][gc,phases] GC(41)   Merge Heap Roots: 0.19ms
[2.277s][info][gc,phases] GC(41)   Evacuate Collection Set: 5.73ms
[2.277s][info][gc,phases] GC(41)   Post Evacuate Collection Set: 0.58ms
[2.278s][info][gc,phases] GC(41)   Other: 0.07ms
[2.278s][info][gc       ] GC(41) Pause Young (Mixed) (G1 Evacuation Pause) 1944M->879M(2048M) 7.296ms
[2.341s][info][gc,phases] GC(42)   Pre Evacuate Collection Set: 0.25ms
[2.341s][info][gc,phases] GC(42)   Merge Heap Roots: 0.19ms
[2.341s][info][gc,phases] GC(42)   Evacuate Collection Set: 5.34ms
[2.341s][info][gc,phases] GC(42)   Post Evacuate Collection Set: 0.50ms
[2.341s][info][gc,phases] GC(42)   Other: 0.06ms
[2.341s][info][gc       ] GC(42) Pause Young (Normal) (G1 Evacuation Pause) 1944M->897M(2048M) 6.783ms
[2.402s][info][gc,phases] GC(43)   Pre Evacuate Collection Set: 0.23ms
[2.402s][info][gc,phases] GC(43)   Merge Heap Roots: 0.20ms
[2.402s][info][gc,phases] GC(43)   Evacuate Collection Set: 3.84ms
[2.402s][info][gc,phases] GC(43)   Post Evacuate Collection Set: 0.50ms
[2.403s][info][gc,phases] GC(43)   Other: 0.06ms
[2.403s][info][gc       ] GC(43) Pause Young (Normal) (G1 Evacuation Pause) 1943M->914M(2048M) 5.255ms
[2.464s][info][gc,phases] GC(44)   Pre Evacuate Collection Set: 0.20ms
[2.464s][info][gc,phases] GC(44)   Merge Heap Roots: 0.19ms
[2.464s][info][gc,phases] GC(44)   Evacuate Collection Set: 5.43ms
[2.465s][info][gc,phases] GC(44)   Post Evacuate Collection Set: 0.58ms
[2.465s][info][gc,phases] GC(44)   Other: 0.06ms
[2.465s][info][gc       ] GC(44) Pause Young (Normal) (G1 Evacuation Pause) (Evacuation Failure) 1944M->935M(2048M) 6.891ms
[2.523s][info][gc,phases] GC(45)   Pre Evacuate Collection Set: 0.23ms
[2.523s][info][gc,phases] GC(45)   Merge Heap Roots: 0.16ms
[2.523s][info][gc,phases] GC(45)   Evacuate Collection Set: 3.45ms
[2.523s][info][gc,phases] GC(45)   Post Evacuate Collection Set: 0.47ms
[2.524s][info][gc,phases] GC(45)   Other: 0.07ms
[2.524s][info][gc       ] GC(45) Pause Young (Normal) (G1 Evacuation Pause) 1945M->952M(2048M) 4.779ms
[2.581s][info][gc,phases] GC(46)   Pre Evacuate Collection Set: 0.29ms
[2.581s][info][gc,phases] GC(46)   Merge Heap Roots: 0.17ms
[2.581s][info][gc,phases] GC(46)   Evacuate Collection Set: 3.40ms
[2.581s][info][gc,phases] GC(46)   Post Evacuate Collection Set: 0.50ms
[2.581s][info][gc,phases] GC(46)   Other: 0.06ms
[2.581s][info][gc       ] GC(46) Pause Young (Normal) (G1 Evacuation Pause) 1944M->968M(2048M) 4.764ms
[2.638s][info][gc,phases] GC(47)   Pre Evacuate Collection Set: 0.23ms
[2.638s][info][gc,phases] GC(47)   Merge Heap Roots: 0.19ms
[2.638s][info][gc,phases] GC(47)   Evacuate Collection Set: 3.79ms
[2.638s][info][gc,phases] GC(47)   Post Evacuate Collection Set: 0.51ms
[2.638s][info][gc,phases] GC(47)   Other: 0.06ms
[2.638s][info][gc       ] GC(47) Pause Young (Normal) (G1 Evacuation Pause) 1944M->984M(2048M) 5.228ms
[2.695s][info][gc,phases] GC(48)   Pre Evacuate Collection Set: 0.27ms
[2.695s][info][gc,phases] GC(48)   Merge Heap Roots: 0.18ms
[2.695s][info][gc,phases] GC(48)   Evacuate Collection Set: 4.92ms
[2.696s][info][gc,phases] GC(48)   Post Evacuate Collection Set: 0.53ms
[2.696s][info][gc,phases] GC(48)   Other: 0.05ms
[2.696s][info][gc       ] GC(48) Pause Young (Normal) (G1 Evacuation Pause) 1944M->1000M(2048M) 6.326ms
[2.752s][info][gc,phases] GC(49)   Pre Evacuate Collection Set: 0.26ms
[2.752s][info][gc,phases] GC(49)   Merge Heap Roots: 0.17ms
[2.752s][info][gc,phases] GC(49)   Evacuate Collection Set: 5.24ms
[2.752s][info][gc,phases] GC(49)   Post Evacuate Collection Set: 0.47ms
[2.752s][info][gc,phases] GC(49)   Other: 0.05ms
[2.752s][info][gc       ] GC(49) Pause Young (Normal) (G1 Evacuation Pause) 1944M->1014M(2048M) 6.638ms
[2.807s][info][gc,phases] GC(50)   Pre Evacuate Collection Set: 0.25ms
[2.808s][info][gc,phases] GC(50)   Merge Heap Roots: 0.17ms
[2.808s][info][gc,phases] GC(50)   Evacuate Collection Set: 5.39ms
[2.808s][info][gc,phases] GC(50)   Post Evacuate Collection Set: 0.52ms
[2.808s][info][gc,phases] GC(50)   Other: 0.10ms
[2.808s][info][gc       ] GC(50) Pause Young (Concurrent Start) (G1 Evacuation Pause) 1944M->1030M(2048M) 6.970ms
[2.808s][info][gc       ] GC(51) Concurrent Mark Cycle
[2.853s][info][gc       ] GC(51) Pause Remark 1843M->1630M(2048M) 1.174ms
[2.866s][info][gc,phases] GC(52)   Pre Evacuate Collection Set: 0.21ms
[2.866s][info][gc,phases] GC(52)   Merge Heap Roots: 0.21ms
[2.866s][info][gc,phases] GC(52)   Evacuate Collection Set: 5.38ms
[2.866s][info][gc,phases] GC(52)   Post Evacuate Collection Set: 0.54ms
[2.866s][info][gc,phases] GC(52)   Other: 0.06ms
[2.866s][info][gc       ] GC(52) Pause Young (Normal) (G1 Evacuation Pause) 1731M->832M(2048M) 6.796ms
[2.932s][info][gc,phases] GC(53)   Pre Evacuate Collection Set: 0.22ms
[2.933s][info][gc,phases] GC(53)   Merge Heap Roots: 0.17ms
[2.933s][info][gc,phases] GC(53)   Evacuate Collection Set: 5.33ms
[2.933s][info][gc,phases] GC(53)   Post Evacuate Collection Set: 0.52ms
[2.933s][info][gc,phases] GC(53)   Other: 0.07ms
[2.933s][info][gc       ] GC(53) Pause Young (Normal) (G1 Evacuation Pause) 1944M->850M(2048M) 6.629ms
[2.949s][info][gc       ] GC(51) Pause Cleanup 1133M->1133M(2048M) 0.301ms
[2.950s][info][gc       ] GC(51) Concurrent Mark Cycle 141.694ms
[2.999s][info][gc,phases] GC(54)   Pre Evacuate Collection Set: 0.22ms
[2.999s][info][gc,phases] GC(54)   Merge Heap Roots: 0.19ms
[2.999s][info][gc,phases] GC(54)   Evacuate Collection Set: 5.70ms
[2.999s][info][gc,phases] GC(54)   Post Evacuate Collection Set: 0.56ms
[2.999s][info][gc,phases] GC(54)   Other: 0.06ms
[2.999s][info][gc       ] GC(54) Pause Young (Prepare Mixed) (G1 Evacuation Pause) 1944M->867M(2048M) 7.140ms
[3.063s][info][gc,phases] GC(55)   Pre Evacuate Collection Set: 0.21ms
[3.063s][info][gc,phases] GC(55)   Merge Heap Roots: 0.19ms
[3.063s][info][gc,phases] GC(55)   Evacuate Collection Set: 5.57ms
[3.063s][info][gc,phases] GC(55)   Post Evacuate Collection Set: 0.55ms
[3.063s][info][gc,phases] GC(55)   Other: 0.07ms
[3.063s][info][gc       ] GC(55) Pause Young (Mixed) (G1 Evacuation Pause) 1943M->881M(2048M) 6.981ms
[3.127s][info][gc,phases] GC(56)   Pre Evacuate Collection Set: 0.21ms
[3.127s][info][gc,phases] GC(56)   Merge Heap Roots: 0.20ms
[3.127s][info][gc,phases] GC(56)   Evacuate Collection Set: 5.59ms
[3.127s][info][gc,phases] GC(56)   Post Evacuate Collection Set: 0.56ms
[3.127s][info][gc,phases] GC(56)   Other: 0.06ms
[3.127s][info][gc       ] GC(56) Pause Young (Normal) (G1 Evacuation Pause) 1944M->898M(2048M) 6.977ms
[3.192s][info][gc,phases] GC(57)   Pre Evacuate Collection Set: 0.28ms
[3.192s][info][gc,phases] GC(57)   Merge Heap Roots: 0.16ms
[3.192s][info][gc,phases] GC(57)   Evacuate Collection Set: 5.61ms
[3.192s][info][gc,phases] GC(57)   Post Evacuate Collection Set: 0.58ms
[3.192s][info][gc,phases] GC(57)   Other: 0.12ms
[3.192s][info][gc       ] GC(57) Pause Young (Concurrent Start) (G1 Evacuation Pause) 1944M->914M(2048M) 7.244ms
[3.192s][info][gc       ] GC(58) Concurrent Mark Cycle
[3.239s][info][gc       ] GC(58) Pause Remark 1765M->1660M(2048M) 1.022ms
[3.255s][info][gc,phases] GC(59)   Pre Evacuate Collection Set: 0.19ms
[3.255s][info][gc,phases] GC(59)   Merge Heap Roots: 0.21ms
[3.256s][info][gc,phases] GC(59)   Evacuate Collection Set: 5.78ms
[3.256s][info][gc,phases] GC(59)   Post Evacuate Collection Set: 0.59ms
[3.256s][info][gc,phases] GC(59)   Other: 0.06ms
[3.256s][info][gc       ] GC(59) Pause Young (Normal) (G1 Evacuation Pause) 1839M->826M(2048M) 7.286ms
[3.323s][info][gc,phases] GC(60)   Pre Evacuate Collection Set: 0.22ms
[3.323s][info][gc,phases] GC(60)   Merge Heap Roots: 0.21ms
[3.323s][info][gc,phases] GC(60)   Evacuate Collection Set: 5.73ms
[3.323s][info][gc,phases] GC(60)   Post Evacuate Collection Set: 1.11ms
[3.323s][info][gc,phases] GC(60)   Other: 0.06ms
[3.323s][info][gc       ] GC(60) Pause Young (Normal) (G1 Evacuation Pause) (Evacuation Failure) 1944M->919M(2048M) 7.663ms
[3.334s][info][gc       ] GC(58) Pause Cleanup 1115M->1115M(2048M) 0.216ms
[3.335s][info][gc       ] GC(58) Concurrent Mark Cycle 142.199ms
[3.383s][info][gc,phases] GC(61)   Pre Evacuate Collection Set: 0.21ms
[3.384s][info][gc,phases] GC(61)   Merge Heap Roots: 0.17ms
[3.384s][info][gc,phases] GC(61)   Evacuate Collection Set: 5.17ms
[3.384s][info][gc,phases] GC(61)   Post Evacuate Collection Set: 0.59ms
[3.384s][info][gc,phases] GC(61)   Other: 0.06ms
[3.384s][info][gc       ] GC(61) Pause Young (Prepare Mixed) (G1 Evacuation Pause) 1945M->936M(2048M) 6.587ms
[3.445s][info][gc,phases] GC(62)   Pre Evacuate Collection Set: 0.27ms
[3.446s][info][gc,phases] GC(62)   Merge Heap Roots: 0.19ms
[3.446s][info][gc,phases] GC(62)   Evacuate Collection Set: 4.92ms
[3.446s][info][gc,phases] GC(62)   Post Evacuate Collection Set: 0.53ms
[3.446s][info][gc,phases] GC(62)   Other: 0.07ms
[3.446s][info][gc       ] GC(62) Pause Young (Mixed) (G1 Evacuation Pause) 1944M->949M(2048M) 6.438ms
[3.559s][info][gc,phases] GC(63)   Pre Evacuate Collection Set: 0.25ms
[3.559s][info][gc,phases] GC(63)   Merge Heap Roots: 0.18ms
[3.559s][info][gc,phases] GC(63)   Evacuate Collection Set: 2.99ms
[3.559s][info][gc,phases] GC(63)   Post Evacuate Collection Set: 0.59ms
[3.560s][info][gc,phases] GC(63)   Other: 0.12ms
[3.560s][info][gc       ] GC(63) Pause Young (Concurrent Start) (G1 Evacuation Pause) 1943M->965M(2048M) 4.622ms
[3.560s][info][gc       ] GC(64) Concurrent Mark Cycle
[3.606s][info][gc       ] GC(64) Pause Remark 1432M->1348M(2048M) 1.526ms
[3.660s][info][gc,phases] GC(65)   Pre Evacuate Collection Set: 0.21ms
[3.661s][info][gc,phases] GC(65)   Merge Heap Roots: 0.20ms
[3.661s][info][gc,phases] GC(65)   Evacuate Collection Set: 5.44ms
[3.661s][info][gc,phases] GC(65)   Post Evacuate Collection Set: 0.51ms
[3.661s][info][gc,phases] GC(65)   Other: 0.06ms
[3.661s][info][gc       ] GC(65) Pause Young (Normal) (G1 Evacuation Pause) 1859M->897M(2048M) 6.826ms
[3.692s][info][gc       ] GC(64) Pause Cleanup 1225M->1225M(2048M) 0.262ms
[3.693s][info][gc       ] GC(64) Concurrent Mark Cycle 132.836ms
[3.762s][info][gc,phases] GC(66)   Pre Evacuate Collection Set: 0.22ms
[3.762s][info][gc,phases] GC(66)   Merge Heap Roots: 0.19ms
[3.762s][info][gc,phases] GC(66)   Evacuate Collection Set: 4.34ms
[3.763s][info][gc,phases] GC(66)   Post Evacuate Collection Set: 0.58ms
[3.763s][info][gc,phases] GC(66)   Other: 0.05ms
[3.763s][info][gc       ] GC(66) Pause Young (Prepare Mixed) (G1 Evacuation Pause) 1943M->914M(2048M) 5.743ms
[3.862s][info][gc,phases] GC(67)   Pre Evacuate Collection Set: 0.21ms
[3.862s][info][gc,phases] GC(67)   Merge Heap Roots: 0.18ms
[3.862s][info][gc,phases] GC(67)   Evacuate Collection Set: 4.74ms
[3.862s][info][gc,phases] GC(67)   Post Evacuate Collection Set: 0.51ms
[3.862s][info][gc,phases] GC(67)   Other: 0.07ms
[3.862s][info][gc       ] GC(67) Pause Young (Mixed) (G1 Evacuation Pause) 1944M->918M(2048M) 6.015ms
[3.961s][info][gc,phases] GC(68)   Pre Evacuate Collection Set: 0.27ms
[3.962s][info][gc,phases] GC(68)   Merge Heap Roots: 0.17ms
[3.962s][info][gc,phases] GC(68)   Evacuate Collection Set: 5.55ms
[3.962s][info][gc,phases] GC(68)   Post Evacuate Collection Set: 0.57ms
[3.962s][info][gc,phases] GC(68)   Other: 0.12ms
[3.962s][info][gc       ] GC(68) Pause Young (Concurrent Start) (G1 Evacuation Pause) 1943M->934M(2048M) 7.057ms
[3.962s][info][gc       ] GC(69) Concurrent Mark Cycle
[4.007s][info][gc       ] GC(69) Pause Remark 1494M->1430M(2048M) 1.147ms
[4.039s][info][gc,phases] GC(70)   Pre Evacuate Collection Set: 0.22ms
[4.039s][info][gc,phases] GC(70)   Merge Heap Roots: 0.21ms
[4.039s][info][gc,phases] GC(70)   Evacuate Collection Set: 5.52ms
[4.039s][info][gc,phases] GC(70)   Post Evacuate Collection Set: 0.56ms
[4.039s][info][gc,phases] GC(70)   Other: 0.06ms
[4.039s][info][gc       ] GC(70) Pause Young (Normal) (G1 Evacuation Pause) 1880M->887M(2048M) 7.028ms
[4.094s][info][gc       ] GC(69) Pause Cleanup 1474M->1474M(2048M) 0.278ms
[4.095s][info][gc       ] GC(69) Concurrent Mark Cycle 133.419ms
[4.144s][info][gc,phases] GC(71)   Pre Evacuate Collection Set: 0.24ms
[4.145s][info][gc,phases] GC(71)   Merge Heap Roots: 0.17ms
[4.145s][info][gc,phases] GC(71)   Evacuate Collection Set: 5.65ms
[4.145s][info][gc,phases] GC(71)   Post Evacuate Collection Set: 0.57ms
[4.145s][info][gc,phases] GC(71)   Other: 0.08ms
[4.145s][info][gc       ] GC(71) Pause Young (Prepare Mixed) (G1 Evacuation Pause) 1944M->905M(2048M) 7.082ms
[4.247s][info][gc,phases] GC(72)   Pre Evacuate Collection Set: 0.23ms
[4.247s][info][gc,phases] GC(72)   Merge Heap Roots: 0.15ms
[4.247s][info][gc,phases] GC(72)   Evacuate Collection Set: 6.10ms
[4.247s][info][gc,phases] GC(72)   Post Evacuate Collection Set: 0.54ms
[4.247s][info][gc,phases] GC(72)   Other: 0.07ms
[4.247s][info][gc       ] GC(72) Pause Young (Mixed) (G1 Evacuation Pause) 1944M->911M(2048M) 7.449ms
[4.349s][info][gc,phases] GC(73)   Pre Evacuate Collection Set: 0.26ms
[4.349s][info][gc,phases] GC(73)   Merge Heap Roots: 0.20ms
[4.349s][info][gc,phases] GC(73)   Evacuate Collection Set: 5.65ms
[4.349s][info][gc,phases] GC(73)   Post Evacuate Collection Set: 0.45ms
[4.349s][info][gc,phases] GC(73)   Other: 0.13ms
[4.349s][info][gc       ] GC(73) Pause Young (Concurrent Start) (G1 Evacuation Pause) 1944M->927M(2048M) 7.135ms
[4.349s][info][gc       ] GC(74) Concurrent Mark Cycle
[4.394s][info][gc       ] GC(74) Pause Remark 1703M->1638M(2048M) 1.066ms
[4.420s][info][gc,phases] GC(75)   Pre Evacuate Collection Set: 0.21ms
[4.420s][info][gc,phases] GC(75)   Merge Heap Roots: 0.21ms
[4.420s][info][gc,phases] GC(75)   Evacuate Collection Set: 5.79ms
[4.420s][info][gc,phases] GC(75)   Post Evacuate Collection Set: 0.52ms
[4.420s][info][gc,phases] GC(75)   Other: 0.06ms
[4.420s][info][gc       ] GC(75) Pause Young (Normal) (G1 Evacuation Pause) 1879M->878M(2048M) 7.110ms
[4.482s][info][gc       ] GC(74) Pause Cleanup 1881M->1881M(2048M) 0.279ms
[4.483s][info][gc       ] GC(74) Concurrent Mark Cycle 133.585ms
[4.494s][info][gc,phases] GC(76)   Pre Evacuate Collection Set: 0.23ms
[4.494s][info][gc,phases] GC(76)   Merge Heap Roots: 0.20ms
[4.494s][info][gc,phases] GC(76)   Evacuate Collection Set: 5.75ms
[4.494s][info][gc,phases] GC(76)   Post Evacuate Collection Set: 0.52ms
[4.494s][info][gc,phases] GC(76)   Other: 0.06ms
[4.494s][info][gc       ] GC(76) Pause Young (Prepare Mixed) (G1 Evacuation Pause) 1943M->897M(2048M) 7.116ms
[4.594s][info][gc,phases] GC(77)   Pre Evacuate Collection Set: 0.25ms
[4.594s][info][gc,phases] GC(77)   Merge Heap Roots: 0.17ms
[4.594s][info][gc,phases] GC(77)   Evacuate Collection Set: 5.87ms
[4.594s][info][gc,phases] GC(77)   Post Evacuate Collection Set: 0.50ms
[4.595s][info][gc,phases] GC(77)   Other: 0.07ms
[4.595s][info][gc       ] GC(77) Pause Young (Mixed) (G1 Evacuation Pause) 1944M->903M(2048M) 7.229ms
[4.700s][info][gc,phases] GC(78)   Pre Evacuate Collection Set: 0.30ms
[4.700s][info][gc,phases] GC(78)   Merge Heap Roots: 0.18ms
[4.700s][info][gc,phases] GC(78)   Evacuate Collection Set: 6.17ms
[4.700s][info][gc,phases] GC(78)   Post Evacuate Collection Set: 0.54ms
[4.700s][info][gc,phases] GC(78)   Other: 0.14ms
[4.700s][info][gc       ] GC(78) Pause Young (Concurrent Start) (G1 Evacuation Pause) 1944M->920M(2048M) 7.827ms
[4.700s][info][gc       ] GC(79) Concurrent Mark Cycle
[4.746s][info][gc       ] GC(79) Pause Remark 1558M->1484M(2048M) 1.014ms
[4.774s][info][gc,phases] GC(80)   Pre Evacuate Collection Set: 0.19ms
[4.774s][info][gc,phases] GC(80)   Merge Heap Roots: 0.20ms
[4.774s][info][gc,phases] GC(80)   Evacuate Collection Set: 5.76ms
[4.775s][info][gc,phases] GC(80)   Post Evacuate Collection Set: 0.51ms
[4.775s][info][gc,phases] GC(80)   Other: 0.07ms
[4.775s][info][gc       ] GC(80) Pause Young (Normal) (G1 Evacuation Pause) 1870M->862M(2048M) 7.184ms
[4.833s][info][gc       ] GC(79) Pause Cleanup 1470M->1470M(2048M) 0.280ms
[4.834s][info][gc       ] GC(79) Concurrent Mark Cycle 133.327ms
[4.880s][info][gc,phases] GC(81)   Pre Evacuate Collection Set: 0.19ms
[4.880s][info][gc,phases] GC(81)   Merge Heap Roots: 0.20ms
[4.880s][info][gc,phases] GC(81)   Evacuate Collection Set: 3.42ms
[4.880s][info][gc,phases] GC(81)   Post Evacuate Collection Set: 0.47ms
[4.880s][info][gc,phases] GC(81)   Other: 0.06ms
[4.880s][info][gc       ] GC(81) Pause Young (Prepare Mixed) (G1 Evacuation Pause) 1944M->880M(2048M) 4.730ms
[4.979s][info][gc,phases] GC(82)   Pre Evacuate Collection Set: 0.24ms
[4.979s][info][gc,phases] GC(82)   Merge Heap Roots: 0.20ms
[4.979s][info][gc,phases] GC(82)   Evacuate Collection Set: 4.90ms
[4.980s][info][gc,phases] GC(82)   Post Evacuate Collection Set: 0.45ms
[4.980s][info][gc,phases] GC(82)   Other: 0.06ms
[4.980s][info][gc       ] GC(82) Pause Young (Mixed) (G1 Evacuation Pause) 1944M->889M(2048M) 6.329ms
[5.079s][info][gc,phases] GC(83)   Pre Evacuate Collection Set: 0.23ms
[5.079s][info][gc,phases] GC(83)   Merge Heap Roots: 0.20ms
[5.079s][info][gc,phases] GC(83)   Evacuate Collection Set: 3.15ms
[5.079s][info][gc,phases] GC(83)   Post Evacuate Collection Set: 0.50ms
[5.079s][info][gc,phases] GC(83)   Other: 0.17ms
[5.079s][info][gc       ] GC(83) Pause Young (Concurrent Start) (G1 Evacuation Pause) 1944M->906M(2048M) 4.706ms
[5.079s][info][gc       ] GC(84) Concurrent Mark Cycle
[5.124s][info][gc       ] GC(84) Pause Remark 1377M->1309M(2048M) 1.056ms
[5.182s][info][gc,phases] GC(85)   Pre Evacuate Collection Set: 0.21ms
[5.182s][info][gc,phases] GC(85)   Merge Heap Roots: 0.25ms
[5.182s][info][gc,phases] GC(85)   Evacuate Collection Set: 5.73ms
[5.182s][info][gc,phases] GC(85)   Post Evacuate Collection Set: 0.52ms
[5.182s][info][gc,phases] GC(85)   Other: 0.05ms
[5.182s][info][gc       ] GC(85) Pause Young (Normal) (G1 Evacuation Pause) 1876M->856M(2048M) 7.061ms
[5.210s][info][gc       ] GC(84) Pause Cleanup 1313M->1313M(2048M) 0.262ms
[5.211s][info][gc       ] GC(84) Concurrent Mark Cycle 132.003ms
[5.273s][info][gc,phases] GC(86)   Pre Evacuate Collection Set: 0.23ms
[5.274s][info][gc,phases] GC(86)   Merge Heap Roots: 0.20ms
[5.274s][info][gc,phases] GC(86)   Evacuate Collection Set: 4.03ms
[5.274s][info][gc,phases] GC(86)   Post Evacuate Collection Set: 0.50ms
[5.274s][info][gc,phases] GC(86)   Other: 0.06ms
[5.274s][info][gc       ] GC(86) Pause Young (Prepare Mixed) (G1 Evacuation Pause) (Evacuation Failure) 1944M->875M(2048M) 5.370ms
[5.378s][info][gc,phases] GC(87)   Pre Evacuate Collection Set: 0.20ms
[5.378s][info][gc,phases] GC(87)   Merge Heap Roots: 0.20ms
[5.378s][info][gc,phases] GC(87)   Evacuate Collection Set: 6.04ms
[5.378s][info][gc,phases] GC(87)   Post Evacuate Collection Set: 0.68ms
[5.378s][info][gc,phases] GC(87)   Other: 0.06ms
[5.378s][info][gc       ] GC(87) Pause Young (Mixed) (G1 Evacuation Pause) (Evacuation Failure) 1945M->910M(2048M) 7.591ms
[5.479s][info][gc,phases] GC(88)   Pre Evacuate Collection Set: 0.26ms
[5.479s][info][gc,phases] GC(88)   Merge Heap Roots: 0.18ms
[5.479s][info][gc,phases] GC(88)   Evacuate Collection Set: 5.91ms
[5.479s][info][gc,phases] GC(88)   Post Evacuate Collection Set: 0.45ms
[5.479s][info][gc,phases] GC(88)   Other: 0.11ms
[5.479s][info][gc       ] GC(88) Pause Young (Concurrent Start) (G1 Evacuation Pause) 1945M->926M(2048M) 7.256ms
[5.479s][info][gc       ] GC(89) Concurrent Mark Cycle
[5.528s][info][gc       ] GC(89) Pause Remark 1617M->1550M(2048M) 0.986ms
[5.553s][info][gc,phases] GC(90)   Pre Evacuate Collection Set: 0.20ms
[5.553s][info][gc,phases] GC(90)   Merge Heap Roots: 0.19ms
[5.554s][info][gc,phases] GC(90)   Evacuate Collection Set: 5.56ms
[5.554s][info][gc,phases] GC(90)   Post Evacuate Collection Set: 0.53ms
[5.554s][info][gc,phases] GC(90)   Other: 0.06ms
[5.554s][info][gc       ] GC(90) Pause Young (Normal) (G1 Evacuation Pause) 1877M->876M(2048M) 6.850ms
[5.614s][info][gc       ] GC(89) Pause Cleanup 1530M->1530M(2048M) 0.298ms
[5.615s][info][gc       ] GC(89) Concurrent Mark Cycle 136.117ms
[5.649s][info][gc,phases] GC(91)   Pre Evacuate Collection Set: 0.24ms
[5.650s][info][gc,phases] GC(91)   Merge Heap Roots: 0.17ms
[5.650s][info][gc,phases] GC(91)   Evacuate Collection Set: 5.75ms
[5.650s][info][gc,phases] GC(91)   Post Evacuate Collection Set: 0.50ms
[5.650s][info][gc,phases] GC(91)   Other: 0.06ms
[5.650s][info][gc       ] GC(91) Pause Young (Prepare Mixed) (G1 Evacuation Pause) 1944M->894M(2048M) 7.136ms
[5.746s][info][gc,phases] GC(92)   Pre Evacuate Collection Set: 0.23ms
[5.746s][info][gc,phases] GC(92)   Merge Heap Roots: 0.17ms
[5.746s][info][gc,phases] GC(92)   Evacuate Collection Set: 5.92ms
[5.746s][info][gc,phases] GC(92)   Post Evacuate Collection Set: 0.50ms
[5.746s][info][gc,phases] GC(92)   Other: 0.08ms
[5.746s][info][gc       ] GC(92) Pause Young (Mixed) (G1 Evacuation Pause) 1944M->900M(2048M) 7.299ms
[5.849s][info][gc,phases] GC(93)   Pre Evacuate Collection Set: 0.28ms
[5.849s][info][gc,phases] GC(93)   Merge Heap Roots: 0.20ms
[5.849s][info][gc,phases] GC(93)   Evacuate Collection Set: 5.71ms
[5.849s][info][gc,phases] GC(93)   Post Evacuate Collection Set: 0.47ms
[5.849s][info][gc,phases] GC(93)   Other: 0.13ms
[5.849s][info][gc       ] GC(93) Pause Young (Concurrent Start) (G1 Evacuation Pause) 1944M->917M(2048M) 7.168ms
[5.849s][info][gc       ] GC(94) Concurrent Mark Cycle
[5.894s][info][gc       ] GC(94) Pause Remark 1385M->1322M(2048M) 1.143ms
[5.953s][info][gc,phases] GC(95)   Pre Evacuate Collection Set: 0.20ms
[5.953s][info][gc,phases] GC(95)   Merge Heap Roots: 0.19ms
[5.953s][info][gc,phases] GC(95)   Evacuate Collection Set: 6.02ms
[5.953s][info][gc,phases] GC(95)   Post Evacuate Collection Set: 0.56ms
[5.953s][info][gc,phases] GC(95)   Other: 0.06ms
[5.953s][info][gc       ] GC(95) Pause Young (Normal) (G1 Evacuation Pause) 1881M->871M(2048M) 7.478ms
[5.980s][info][gc       ] GC(94) Pause Cleanup 1334M->1334M(2048M) 0.259ms
[5.981s][info][gc       ] GC(94) Concurrent Mark Cycle 132.265ms
[6.045s][info][gc,phases] GC(96)   Pre Evacuate Collection Set: 0.24ms
[6.045s][info][gc,phases] GC(96)   Merge Heap Roots: 0.19ms
[6.045s][info][gc,phases] GC(96)   Evacuate Collection Set: 6.04ms
[6.045s][info][gc,phases] GC(96)   Post Evacuate Collection Set: 0.46ms
[6.045s][info][gc,phases] GC(96)   Other: 0.06ms
[6.045s][info][gc       ] GC(96) Pause Young (Prepare Mixed) (G1 Evacuation Pause) 1944M->888M(2048M) 7.356ms
[6.150s][info][gc,phases] GC(97)   Pre Evacuate Collection Set: 0.22ms
[6.150s][info][gc,phases] GC(97)   Merge Heap Roots: 0.19ms
[6.150s][info][gc,phases] GC(97)   Evacuate Collection Set: 5.83ms
[6.150s][info][gc,phases] GC(97)   Post Evacuate Collection Set: 0.50ms
[6.150s][info][gc,phases] GC(97)   Other: 0.08ms
[6.150s][info][gc       ] GC(97) Pause Young (Mixed) (G1 Evacuation Pause) 1944M->895M(2048M) 7.199ms
[6.244s][info][gc,phases] GC(98)   Pre Evacuate Collection Set: 0.26ms
[6.244s][info][gc,phases] GC(98)   Merge Heap Roots: 0.20ms
[6.244s][info][gc,phases] GC(98)   Evacuate Collection Set: 5.72ms
[6.244s][info][gc,phases] GC(98)   Post Evacuate Collection Set: 0.49ms
[6.245s][info][gc,phases] GC(98)   Other: 0.14ms
[6.245s][info][gc       ] GC(98) Pause Young (Concurrent Start) (G1 Evacuation Pause) 1944M->913M(2048M) 7.323ms
[6.245s][info][gc       ] GC(99) Concurrent Mark Cycle
[6.290s][info][gc       ] GC(99) Pause Remark 1673M->1607M(2048M) 1.089ms
[6.312s][info][gc,phases] GC(100)   Pre Evacuate Collection Set: 0.24ms
[6.313s][info][gc,phases] GC(100)   Merge Heap Roots: 0.20ms
[6.313s][info][gc,phases] GC(100)   Evacuate Collection Set: 5.89ms
[6.313s][info][gc,phases] GC(100)   Post Evacuate Collection Set: 0.52ms
[6.313s][info][gc,phases] GC(100)   Other: 0.06ms
[6.313s][info][gc       ] GC(100) Pause Young (Normal) (G1 Evacuation Pause) 1878M->864M(2048M) 7.226ms
[6.377s][info][gc       ] GC(99) Pause Cleanup 1554M->1554M(2048M) 0.268ms
[6.378s][info][gc       ] GC(99) Concurrent Mark Cycle 132.965ms
[6.417s][info][gc,phases] GC(101)   Pre Evacuate Collection Set: 0.22ms
[6.417s][info][gc,phases] GC(101)   Merge Heap Roots: 0.19ms
[6.417s][info][gc,phases] GC(101)   Evacuate Collection Set: 3.09ms
[6.417s][info][gc,phases] GC(101)   Post Evacuate Collection Set: 0.54ms
[6.417s][info][gc,phases] GC(101)   Other: 0.07ms
[6.417s][info][gc       ] GC(101) Pause Young (Prepare Mixed) (G1 Evacuation Pause) 1944M->881M(2048M) 4.469ms
[6.522s][info][gc,phases] GC(102)   Pre Evacuate Collection Set: 0.24ms
[6.522s][info][gc,phases] GC(102)   Merge Heap Roots: 0.19ms
[6.522s][info][gc,phases] GC(102)   Evacuate Collection Set: 4.83ms
[6.522s][info][gc,phases] GC(102)   Post Evacuate Collection Set: 0.48ms
[6.522s][info][gc,phases] GC(102)   Other: 0.06ms
[6.522s][info][gc       ] GC(102) Pause Young (Mixed) (G1 Evacuation Pause) 1944M->889M(2048M) 6.228ms
[6.623s][info][gc,phases] GC(103)   Pre Evacuate Collection Set: 0.24ms
[6.624s][info][gc,phases] GC(103)   Merge Heap Roots: 0.19ms
[6.624s][info][gc,phases] GC(103)   Evacuate Collection Set: 3.21ms
[6.624s][info][gc,phases] GC(103)   Post Evacuate Collection Set: 0.49ms
[6.624s][info][gc,phases] GC(103)   Other: 0.13ms
[6.624s][info][gc       ] GC(103) Pause Young (Concurrent Start) (G1 Evacuation Pause) 1944M->907M(2048M) 5.037ms
[6.624s][info][gc       ] GC(104) Concurrent Mark Cycle
[6.669s][info][gc       ] GC(104) Pause Remark 1455M->1386M(2048M) 1.068ms
[6.714s][info][gc,phases] GC(105)   Pre Evacuate Collection Set: 0.23ms
[6.714s][info][gc,phases] GC(105)   Merge Heap Roots: 0.21ms
[6.715s][info][gc,phases] GC(105)   Evacuate Collection Set: 5.78ms
[6.715s][info][gc,phases] GC(105)   Post Evacuate Collection Set: 0.50ms
[6.715s][info][gc,phases] GC(105)   Other: 0.05ms
[6.715s][info][gc       ] GC(105) Pause Young (Normal) (G1 Evacuation Pause) 1875M->855M(2048M) 7.174ms
[6.757s][info][gc       ] GC(104) Pause Cleanup 1305M->1305M(2048M) 0.277ms
[6.758s][info][gc       ] GC(104) Concurrent Mark Cycle 133.278ms
[6.822s][info][gc,phases] GC(106)   Pre Evacuate Collection Set: 0.23ms
[6.822s][info][gc,phases] GC(106)   Merge Heap Roots: 0.20ms
[6.822s][info][gc,phases] GC(106)   Evacuate Collection Set: 5.81ms
[6.822s][info][gc,phases] GC(106)   Post Evacuate Collection Set: 0.51ms
[6.822s][info][gc,phases] GC(106)   Other: 0.06ms
[6.822s][info][gc       ] GC(106) Pause Young (Prepare Mixed) (G1 Evacuation Pause) (Evacuation Failure) 1943M->875M(2048M) 7.149ms
[6.927s][info][gc,phases] GC(107)   Pre Evacuate Collection Set: 0.25ms
[6.927s][info][gc,phases] GC(107)   Merge Heap Roots: 0.17ms
[6.927s][info][gc,phases] GC(107)   Evacuate Collection Set: 5.89ms
[6.927s][info][gc,phases] GC(107)   Post Evacuate Collection Set: 0.96ms
[6.927s][info][gc,phases] GC(107)   Other: 0.07ms
[6.927s][info][gc       ] GC(107) Pause Young (Mixed) (G1 Evacuation Pause) (Evacuation Failure) 1945M->945M(2048M) 7.655ms
[7.023s][info][gc,phases] GC(108)   Pre Evacuate Collection Set: 0.24ms
[7.023s][info][gc,phases] GC(108)   Merge Heap Roots: 0.18ms
[7.023s][info][gc,phases] GC(108)   Evacuate Collection Set: 5.42ms
[7.023s][info][gc,phases] GC(108)   Post Evacuate Collection Set: 0.48ms
[7.023s][info][gc,phases] GC(108)   Other: 0.11ms
[7.024s][info][gc       ] GC(108) Pause Young (Concurrent Start) (G1 Evacuation Pause) 1945M->961M(2048M) 6.836ms
[7.024s][info][gc       ] GC(109) Concurrent Mark Cycle
[7.070s][info][gc       ] GC(109) Pause Remark 1760M->1690M(2048M) 1.074ms
[7.092s][info][gc,phases] GC(110)   Pre Evacuate Collection Set: 0.21ms
[7.093s][info][gc,phases] GC(110)   Merge Heap Roots: 0.21ms
[7.093s][info][gc,phases] GC(110)   Evacuate Collection Set: 5.88ms
[7.093s][info][gc,phases] GC(110)   Post Evacuate Collection Set: 0.54ms
[7.093s][info][gc,phases] GC(110)   Other: 0.06ms
[7.093s][info][gc       ] GC(110) Pause Young (Normal) (G1 Evacuation Pause) 1874M->908M(2048M) 7.219ms
[7.156s][info][gc       ] GC(109) Pause Cleanup 1596M->1596M(2048M) 0.287ms
[7.157s][info][gc       ] GC(109) Concurrent Mark Cycle 133.696ms
[7.193s][info][gc,phases] GC(111)   Pre Evacuate Collection Set: 0.21ms
[7.193s][info][gc,phases] GC(111)   Merge Heap Roots: 0.19ms
[7.194s][info][gc,phases] GC(111)   Evacuate Collection Set: 5.76ms
[7.194s][info][gc,phases] GC(111)   Post Evacuate Collection Set: 0.44ms
[7.194s][info][gc,phases] GC(111)   Other: 0.06ms
[7.194s][info][gc       ] GC(111) Pause Young (Prepare Mixed) (G1 Evacuation Pause) 1943M->924M(2048M) 7.074ms
[7.294s][info][gc,phases] GC(112)   Pre Evacuate Collection Set: 0.27ms
[7.294s][info][gc,phases] GC(112)   Merge Heap Roots: 0.20ms
[7.294s][info][gc,phases] GC(112)   Evacuate Collection Set: 5.89ms
[7.294s][info][gc,phases] GC(112)   Post Evacuate Collection Set: 0.48ms
[7.294s][info][gc,phases] GC(112)   Other: 0.08ms
[7.295s][info][gc       ] GC(112) Pause Young (Mixed) (G1 Evacuation Pause) 1944M->927M(2048M) 7.368ms
[7.394s][info][gc,phases] GC(113)   Pre Evacuate Collection Set: 0.26ms
[7.394s][info][gc,phases] GC(113)   Merge Heap Roots: 0.18ms
[7.394s][info][gc,phases] GC(113)   Evacuate Collection Set: 5.53ms
[7.394s][info][gc,phases] GC(113)   Post Evacuate Collection Set: 0.46ms
[7.395s][info][gc,phases] GC(113)   Other: 0.12ms
[7.395s][info][gc       ] GC(113) Pause Young (Concurrent Start) (G1 Evacuation Pause) 1944M->943M(2048M) 6.978ms
[7.395s][info][gc       ] GC(114) Concurrent Mark Cycle
[7.439s][info][gc       ] GC(114) Pause Remark 1569M->1505M(2048M) 1.071ms
[7.481s][info][gc,phases] GC(115)   Pre Evacuate Collection Set: 0.21ms
[7.481s][info][gc,phases] GC(115)   Merge Heap Roots: 0.20ms
[7.481s][info][gc,phases] GC(115)   Evacuate Collection Set: 5.61ms
[7.481s][info][gc,phases] GC(115)   Post Evacuate Collection Set: 0.51ms
[7.481s][info][gc,phases] GC(115)   Other: 0.06ms
[7.481s][info][gc       ] GC(115) Pause Young (Normal) (G1 Evacuation Pause) 1880M->896M(2048M) 6.962ms
[7.527s][info][gc       ] GC(114) Pause Cleanup 1620M->1620M(2048M) 0.292ms
[7.528s][info][gc       ] GC(114) Concurrent Mark Cycle 133.075ms
[7.564s][info][gc,phases] GC(116)   Pre Evacuate Collection Set: 0.23ms
[7.564s][info][gc,phases] GC(116)   Merge Heap Roots: 0.19ms
[7.565s][info][gc,phases] GC(116)   Evacuate Collection Set: 6.02ms
[7.565s][info][gc,phases] GC(116)   Post Evacuate Collection Set: 0.54ms
[7.565s][info][gc,phases] GC(116)   Other: 0.08ms
[7.565s][info][gc       ] GC(116) Pause Young (Prepare Mixed) (G1 Evacuation Pause) 1944M->913M(2048M) 7.380ms
[7.660s][info][gc,phases] GC(117)   Pre Evacuate Collection Set: 0.24ms
[7.660s][info][gc,phases] GC(117)   Merge Heap Roots: 0.19ms
[7.660s][info][gc,phases] GC(117)   Evacuate Collection Set: 5.74ms
[7.660s][info][gc,phases] GC(117)   Post Evacuate Collection Set: 0.51ms
[7.660s][info][gc,phases] GC(117)   Other: 0.07ms
[7.660s][info][gc       ] GC(117) Pause Young (Mixed) (G1 Evacuation Pause) 1943M->918M(2048M) 7.113ms
[7.755s][info][gc,phases] GC(118)   Pre Evacuate Collection Set: 0.29ms
[7.755s][info][gc,phases] GC(118)   Merge Heap Roots: 0.16ms
[7.755s][info][gc,phases] GC(118)   Evacuate Collection Set: 3.62ms
[7.755s][info][gc,phases] GC(118)   Post Evacuate Collection Set: 0.50ms
[7.755s][info][gc,phases] GC(118)   Other: 0.13ms
[7.755s][info][gc       ] GC(118) Pause Young (Concurrent Start) (G1 Evacuation Pause) 1943M->934M(2048M) 5.050ms
[7.755s][info][gc       ] GC(119) Concurrent Mark Cycle
[7.800s][info][gc       ] GC(119) Pause Remark 1403M->1325M(2048M) 1.009ms
[7.841s][info][gc,phases] GC(120)   Pre Evacuate Collection Set: 0.28ms
[7.841s][info][gc,phases] GC(120)   Merge Heap Roots: 0.19ms
[7.841s][info][gc,phases] GC(120)   Evacuate Collection Set: 4.52ms
[7.841s][info][gc,phases] GC(120)   Post Evacuate Collection Set: 0.56ms
[7.841s][info][gc,phases] GC(120)   Other: 0.07ms
[7.841s][info][gc       ] GC(120) Pause Young (Normal) (G1 Evacuation Pause) 1866M->873M(2048M) 6.041ms
[7.886s][info][gc       ] GC(119) Pause Cleanup 1339M->1339M(2048M) 0.295ms
[7.887s][info][gc       ] GC(119) Concurrent Mark Cycle 131.497ms
[7.947s][info][gc,phases] GC(121)   Pre Evacuate Collection Set: 0.20ms
[7.947s][info][gc,phases] GC(121)   Merge Heap Roots: 0.19ms
[7.947s][info][gc,phases] GC(121)   Evacuate Collection Set: 4.47ms
[7.947s][info][gc,phases] GC(121)   Post Evacuate Collection Set: 0.47ms
[7.947s][info][gc,phases] GC(121)   Other: 0.05ms
[7.947s][info][gc       ] GC(121) Pause Young (Prepare Mixed) (G1 Evacuation Pause) 1943M->890M(2048M) 5.750ms
[8.045s][info][gc,phases] GC(122)   Pre Evacuate Collection Set: 0.20ms
[8.045s][info][gc,phases] GC(122)   Merge Heap Roots: 0.19ms
[8.045s][info][gc,phases] GC(122)   Evacuate Collection Set: 4.04ms
[8.045s][info][gc,phases] GC(122)   Post Evacuate Collection Set: 0.48ms
[8.045s][info][gc,phases] GC(122)   Other: 0.07ms
[8.046s][info][gc       ] GC(122) Pause Young (Mixed) (G1 Evacuation Pause) 1944M->898M(2048M) 5.318ms
[8.139s][info][gc,phases] GC(123)   Pre Evacuate Collection Set: 0.25ms
[8.140s][info][gc,phases] GC(123)   Merge Heap Roots: 0.16ms
[8.140s][info][gc,phases] GC(123)   Evacuate Collection Set: 3.45ms
[8.140s][info][gc,phases] GC(123)   Post Evacuate Collection Set: 0.47ms
[8.140s][info][gc,phases] GC(123)   Other: 0.12ms
[8.140s][info][gc       ] GC(123) Pause Young (Concurrent Start) (G1 Evacuation Pause) 1944M->914M(2048M) 4.873ms
[8.140s][info][gc       ] GC(124) Concurrent Mark Cycle
[8.184s][info][gc       ] GC(124) Pause Remark 1377M->1312M(2048M) 1.033ms
[8.229s][info][gc,phases] GC(125)   Pre Evacuate Collection Set: 0.19ms
[8.229s][info][gc,phases] GC(125)   Merge Heap Roots: 0.20ms
[8.229s][info][gc,phases] GC(125)   Evacuate Collection Set: 3.18ms
[8.229s][info][gc,phases] GC(125)   Post Evacuate Collection Set: 0.51ms
[8.229s][info][gc,phases] GC(125)   Other: 0.06ms
[8.229s][info][gc       ] GC(125) Pause Young (Normal) (G1 Evacuation Pause) 1878M->867M(2048M) 4.557ms
[8.269s][info][gc       ] GC(124) Pause Cleanup 1520M->1520M(2048M) 0.289ms
[8.270s][info][gc       ] GC(124) Concurrent Mark Cycle 130.171ms
[8.315s][info][gc,phases] GC(126)   Pre Evacuate Collection Set: 0.24ms
[8.315s][info][gc,phases] GC(126)   Merge Heap Roots: 0.17ms
[8.315s][info][gc,phases] GC(126)   Evacuate Collection Set: 5.62ms
[8.315s][info][gc,phases] GC(126)   Post Evacuate Collection Set: 0.53ms
[8.315s][info][gc,phases] GC(126)   Other: 0.07ms
[8.315s][info][gc       ] GC(126) Pause Young (Prepare Mixed) (G1 Evacuation Pause) 1944M->883M(2048M) 7.033ms
[8.416s][info][gc,phases] GC(127)   Pre Evacuate Collection Set: 0.22ms
[8.417s][info][gc,phases] GC(127)   Merge Heap Roots: 0.20ms
[8.417s][info][gc,phases] GC(127)   Evacuate Collection Set: 5.79ms
[8.417s][info][gc,phases] GC(127)   Post Evacuate Collection Set: 0.52ms
[8.417s][info][gc,phases] GC(127)   Other: 0.07ms
[8.417s][info][gc       ] GC(127) Pause Young (Mixed) (G1 Evacuation Pause) (Evacuation Failure) 1943M->899M(2048M) 7.115ms
[8.518s][info][gc,phases] GC(128)   Pre Evacuate Collection Set: 0.25ms
[8.518s][info][gc,phases] GC(128)   Merge Heap Roots: 0.18ms
[8.518s][info][gc,phases] GC(128)   Evacuate Collection Set: 5.75ms
[8.518s][info][gc,phases] GC(128)   Post Evacuate Collection Set: 0.52ms
[8.518s][info][gc,phases] GC(128)   Other: 0.12ms
[8.518s][info][gc       ] GC(128) Pause Young (Concurrent Start) (G1 Evacuation Pause) (Evacuation Failure) 1945M->919M(2048M) 7.116ms
[8.518s][info][gc       ] GC(129) Concurrent Mark Cycle
[8.563s][info][gc       ] GC(129) Pause Remark 1392M->1319M(2048M) 0.965ms
[8.622s][info][gc,phases] GC(130)   Pre Evacuate Collection Set: 0.18ms
[8.622s][info][gc,phases] GC(130)   Merge Heap Roots: 0.21ms
[8.622s][info][gc,phases] GC(130)   Evacuate Collection Set: 5.71ms
[8.622s][info][gc,phases] GC(130)   Post Evacuate Collection Set: 0.52ms
[8.622s][info][gc,phases] GC(130)   Other: 0.05ms
[8.622s][info][gc       ] GC(130) Pause Young (Normal) (G1 Evacuation Pause) 1872M->863M(2048M) 6.995ms
[8.650s][info][gc       ] GC(129) Pause Cleanup 1282M->1282M(2048M) 0.268ms
[8.651s][info][gc       ] GC(129) Concurrent Mark Cycle 132.690ms
[8.717s][info][gc,phases] GC(131)   Pre Evacuate Collection Set: 0.22ms
[8.717s][info][gc,phases] GC(131)   Merge Heap Roots: 0.18ms
[8.717s][info][gc,phases] GC(131)   Evacuate Collection Set: 5.86ms
[8.718s][info][gc,phases] GC(131)   Post Evacuate Collection Set: 0.49ms
[8.718s][info][gc,phases] GC(131)   Other: 0.06ms
[8.718s][info][gc       ] GC(131) Pause Young (Prepare Mixed) (G1 Evacuation Pause) 1943M->880M(2048M) 7.158ms
[8.822s][info][gc,phases] GC(132)   Pre Evacuate Collection Set: 0.21ms
[8.822s][info][gc,phases] GC(132)   Merge Heap Roots: 0.20ms
[8.822s][info][gc,phases] GC(132)   Evacuate Collection Set: 6.16ms
[8.822s][info][gc,phases] GC(132)   Post Evacuate Collection Set: 0.47ms
[8.822s][info][gc,phases] GC(132)   Other: 0.06ms
[8.822s][info][gc       ] GC(132) Pause Young (Mixed) (G1 Evacuation Pause) (Evacuation Failure) 1944M->893M(2048M) 7.488ms
[8.925s][info][gc,phases] GC(133)   Pre Evacuate Collection Set: 0.24ms
[8.925s][info][gc,phases] GC(133)   Merge Heap Roots: 0.18ms
[8.925s][info][gc,phases] GC(133)   Evacuate Collection Set: 6.29ms
[8.926s][info][gc,phases] GC(133)   Post Evacuate Collection Set: 0.49ms
[8.926s][info][gc,phases] GC(133)   Other: 0.12ms
[8.926s][info][gc       ] GC(133) Pause Young (Concurrent Start) (G1 Evacuation Pause) 1945M->910M(2048M) 7.726ms
[8.926s][info][gc       ] GC(134) Concurrent Mark Cycle
[8.970s][info][gc       ] GC(134) Pause Remark 1379M->1311M(2048M) 1.044ms
[9.027s][info][gc,phases] GC(135)   Pre Evacuate Collection Set: 0.24ms
[9.027s][info][gc,phases] GC(135)   Merge Heap Roots: 0.21ms
[9.027s][info][gc,phases] GC(135)   Evacuate Collection Set: 5.51ms
[9.027s][info][gc,phases] GC(135)   Post Evacuate Collection Set: 0.52ms
[9.027s][info][gc,phases] GC(135)   Other: 0.06ms
[9.027s][info][gc       ] GC(135) Pause Young (Normal) (G1 Evacuation Pause) 1876M->859M(2048M) 6.945ms
[9.058s][info][gc       ] GC(134) Pause Cleanup 1407M->1407M(2048M) 0.286ms
[9.059s][info][gc       ] GC(134) Concurrent Mark Cycle 132.926ms
[9.114s][info][gc,phases] GC(136)   Pre Evacuate Collection Set: 0.23ms
[9.114s][info][gc,phases] GC(136)   Merge Heap Roots: 0.20ms
[9.114s][info][gc,phases] GC(136)   Evacuate Collection Set: 6.15ms
[9.114s][info][gc,phases] GC(136)   Post Evacuate Collection Set: 0.51ms
[9.114s][info][gc,phases] GC(136)   Other: 0.07ms
[9.114s][info][gc       ] GC(136) Pause Young (Prepare Mixed) (G1 Evacuation Pause) 1943M->877M(2048M) 7.597ms
[9.219s][info][gc,phases] GC(137)   Pre Evacuate Collection Set: 0.19ms
[9.219s][info][gc,phases] GC(137)   Merge Heap Roots: 0.19ms
[9.220s][info][gc,phases] GC(137)   Evacuate Collection Set: 6.06ms
[9.220s][info][gc,phases] GC(137)   Post Evacuate Collection Set: 0.53ms
[9.220s][info][gc,phases] GC(137)   Other: 0.07ms
[9.220s][info][gc       ] GC(137) Pause Young (Mixed) (G1 Evacuation Pause) 1944M->886M(2048M) 7.468ms
[9.316s][info][gc,phases] GC(138)   Pre Evacuate Collection Set: 0.27ms
[9.317s][info][gc,phases] GC(138)   Merge Heap Roots: 0.19ms
[9.317s][info][gc,phases] GC(138)   Evacuate Collection Set: 3.28ms
[9.317s][info][gc,phases] GC(138)   Post Evacuate Collection Set: 0.47ms
[9.317s][info][gc,phases] GC(138)   Other: 0.13ms
[9.317s][info][gc       ] GC(138) Pause Young (Concurrent Start) (G1 Evacuation Pause) 1944M->904M(2048M) 4.825ms
[9.317s][info][gc       ] GC(139) Concurrent Mark Cycle
[9.363s][info][gc       ] GC(139) Pause Remark 1374M->1305M(2048M) 1.058ms
[9.424s][info][gc,phases] GC(140)   Pre Evacuate Collection Set: 0.18ms
[9.424s][info][gc,phases] GC(140)   Merge Heap Roots: 0.20ms
[9.424s][info][gc,phases] GC(140)   Evacuate Collection Set: 5.88ms
[9.424s][info][gc,phases] GC(140)   Post Evacuate Collection Set: 0.52ms
[9.424s][info][gc,phases] GC(140)   Other: 0.05ms
[9.424s][info][gc       ] GC(140) Pause Young (Normal) (G1 Evacuation Pause) 1875M->852M(2048M) 7.285ms
[9.450s][info][gc       ] GC(139) Pause Cleanup 1302M->1302M(2048M) 0.259ms
[9.451s][info][gc       ] GC(139) Concurrent Mark Cycle 133.579ms
[9.512s][info][gc,phases] GC(141)   Pre Evacuate Collection Set: 0.22ms
[9.512s][info][gc,phases] GC(141)   Merge Heap Roots: 0.20ms
[9.512s][info][gc,phases] GC(141)   Evacuate Collection Set: 3.30ms
[9.513s][info][gc,phases] GC(141)   Post Evacuate Collection Set: 0.61ms
[9.513s][info][gc,phases] GC(141)   Other: 0.06ms
[9.513s][info][gc       ] GC(141) Pause Young (Prepare Mixed) (G1 Evacuation Pause) (Evacuation Failure) 1944M->885M(2048M) 4.847ms
[9.612s][info][gc,phases] GC(142)   Pre Evacuate Collection Set: 0.27ms
[9.612s][info][gc,phases] GC(142)   Merge Heap Roots: 0.21ms
[9.612s][info][gc,phases] GC(142)   Evacuate Collection Set: 5.81ms
[9.612s][info][gc,phases] GC(142)   Post Evacuate Collection Set: 0.59ms
[9.612s][info][gc,phases] GC(142)   Other: 0.07ms
[9.612s][info][gc       ] GC(142) Pause Young (Mixed) (G1 Evacuation Pause) (Evacuation Failure) 1945M->901M(2048M) 7.310ms
[9.711s][info][gc,phases] GC(143)   Pre Evacuate Collection Set: 0.25ms
[9.712s][info][gc,phases] GC(143)   Merge Heap Roots: 0.18ms
[9.712s][info][gc,phases] GC(143)   Evacuate Collection Set: 3.15ms
[9.712s][info][gc,phases] GC(143)   Post Evacuate Collection Set: 0.47ms
[9.712s][info][gc,phases] GC(143)   Other: 0.12ms
[9.712s][info][gc       ] GC(143) Pause Young (Concurrent Start) (G1 Evacuation Pause) 1945M->917M(2048M) 4.494ms
[9.712s][info][gc       ] GC(144) Concurrent Mark Cycle
[9.757s][info][gc       ] GC(144) Pause Remark 1557M->1488M(2048M) 1.076ms
[9.798s][info][gc,phases] GC(145)   Pre Evacuate Collection Set: 0.24ms
[9.798s][info][gc,phases] GC(145)   Merge Heap Roots: 0.20ms
[9.798s][info][gc,phases] GC(145)   Evacuate Collection Set: 5.67ms
[9.798s][info][gc,phases] GC(145)   Post Evacuate Collection Set: 0.54ms
[9.798s][info][gc,phases] GC(145)   Other: 0.06ms
[9.798s][info][gc       ] GC(145) Pause Young (Normal) (G1 Evacuation Pause) 1875M->866M(2048M) 7.105ms
[9.843s][info][gc       ] GC(144) Pause Cleanup 1345M->1345M(2048M) 0.325ms
[9.844s][info][gc       ] GC(144) Concurrent Mark Cycle 131.796ms
[9.905s][info][gc,phases] GC(146)   Pre Evacuate Collection Set: 0.25ms
[9.905s][info][gc,phases] GC(146)   Merge Heap Roots: 0.19ms
[9.905s][info][gc,phases] GC(146)   Evacuate Collection Set: 5.73ms
[9.905s][info][gc,phases] GC(146)   Post Evacuate Collection Set: 0.46ms
[9.905s][info][gc,phases] GC(146)   Other: 0.05ms
[9.905s][info][gc       ] GC(146) Pause Young (Prepare Mixed) (G1 Evacuation Pause) 1944M->882M(2048M) 7.026ms
[10.009s][info][gc,phases] GC(147)   Pre Evacuate Collection Set: 0.23ms
[10.009s][info][gc,phases] GC(147)   Merge Heap Roots: 0.17ms
[10.009s][info][gc,phases] GC(147)   Evacuate Collection Set: 5.88ms
[10.009s][info][gc,phases] GC(147)   Post Evacuate Collection Set: 0.49ms
[10.009s][info][gc,phases] GC(147)   Other: 0.06ms
[10.009s][info][gc       ] GC(147) Pause Young (Mixed) (G1 Evacuation Pause) 1944M->890M(2048M) 7.208ms
[10.111s][info][gc,phases] GC(148)   Pre Evacuate Collection Set: 0.25ms
[10.111s][info][gc,phases] GC(148)   Merge Heap Roots: 0.21ms
[10.112s][info][gc,phases] GC(148)   Evacuate Collection Set: 5.69ms
[10.112s][info][gc,phases] GC(148)   Post Evacuate Collection Set: 0.46ms
[10.112s][info][gc,phases] GC(148)   Other: 0.13ms
[10.112s][info][gc       ] GC(148) Pause Young (Concurrent Start) (G1 Evacuation Pause) 1944M->908M(2048M) 7.319ms
[10.112s][info][gc       ] GC(149) Concurrent Mark Cycle
[10.159s][info][gc       ] GC(149) Pause Remark 1403M->1332M(2048M) 1.064ms
[10.196s][info][gc,phases] GC(150)   Pre Evacuate Collection Set: 0.20ms
[10.197s][info][gc,phases] GC(150)   Merge Heap Roots: 0.19ms
[10.197s][info][gc,phases] GC(150)   Evacuate Collection Set: 5.81ms
[10.197s][info][gc,phases] GC(150)   Post Evacuate Collection Set: 0.54ms
[10.197s][info][gc,phases] GC(150)   Other: 0.06ms
[10.197s][info][gc       ] GC(150) Pause Young (Normal) (G1 Evacuation Pause) 1873M->855M(2048M) 7.260ms
[10.244s][info][gc       ] GC(149) Pause Cleanup 1387M->1387M(2048M) 0.276ms
[10.245s][info][gc       ] GC(149) Concurrent Mark Cycle 133.359ms
[10.302s][info][gc,phases] GC(151)   Pre Evacuate Collection Set: 0.24ms
[10.302s][info][gc,phases] GC(151)   Merge Heap Roots: 0.19ms
[10.302s][info][gc,phases] GC(151)   Evacuate Collection Set: 5.72ms
[10.302s][info][gc,phases] GC(151)   Post Evacuate Collection Set: 0.51ms
[10.302s][info][gc,phases] GC(151)   Other: 0.06ms
[10.302s][info][gc       ] GC(151) Pause Young (Prepare Mixed) (G1 Evacuation Pause) 1944M->872M(2048M) 7.093ms
[10.407s][info][gc,phases] GC(152)   Pre Evacuate Collection Set: 0.23ms
[10.407s][info][gc,phases] GC(152)   Merge Heap Roots: 0.19ms
[10.407s][info][gc,phases] GC(152)   Evacuate Collection Set: 6.14ms
[10.407s][info][gc,phases] GC(152)   Post Evacuate Collection Set: 0.50ms
[10.407s][info][gc,phases] GC(152)   Other: 0.07ms
[10.407s][info][gc       ] GC(152) Pause Young (Mixed) (G1 Evacuation Pause) (Evacuation Failure) 1944M->884M(2048M) 7.417ms
[10.510s][info][gc,phases] GC(153)   Pre Evacuate Collection Set: 0.28ms
[10.510s][info][gc,phases] GC(153)   Merge Heap Roots: 0.18ms
[10.510s][info][gc,phases] GC(153)   Evacuate Collection Set: 5.76ms
[10.510s][info][gc,phases] GC(153)   Post Evacuate Collection Set: 0.50ms
[10.511s][info][gc,phases] GC(153)   Other: 0.16ms
[10.511s][info][gc       ] GC(153) Pause Young (Concurrent Start) (G1 Evacuation Pause) 1945M->901M(2048M) 7.342ms
[10.511s][info][gc       ] GC(154) Concurrent Mark Cycle
[10.556s][info][gc       ] GC(154) Pause Remark 1477M->1410M(2048M) 1.009ms
[10.607s][info][gc,phases] GC(155)   Pre Evacuate Collection Set: 0.19ms
[10.607s][info][gc,phases] GC(155)   Merge Heap Roots: 0.20ms
[10.607s][info][gc,phases] GC(155)   Evacuate Collection Set: 5.72ms
[10.607s][info][gc,phases] GC(155)   Post Evacuate Collection Set: 0.50ms
[10.607s][info][gc,phases] GC(155)   Other: 0.06ms
[10.608s][info][gc       ] GC(155) Pause Young (Normal) (G1 Evacuation Pause) 1877M->852M(2048M) 7.119ms
[10.644s][info][gc       ] GC(154) Pause Cleanup 1238M->1238M(2048M) 0.293ms
[10.645s][info][gc       ] GC(154) Concurrent Mark Cycle 134.032ms
[10.715s][info][gc,phases] GC(156)   Pre Evacuate Collection Set: 0.22ms
[10.715s][info][gc,phases] GC(156)   Merge Heap Roots: 0.19ms
[10.715s][info][gc,phases] GC(156)   Evacuate Collection Set: 5.36ms
[10.715s][info][gc,phases] GC(156)   Post Evacuate Collection Set: 0.54ms
[10.715s][info][gc,phases] GC(156)   Other: 0.05ms
[10.715s][info][gc       ] GC(156) Pause Young (Prepare Mixed) (G1 Evacuation Pause) (Evacuation Failure) 1944M->873M(2048M) 6.779ms
[10.818s][info][gc,phases] GC(157)   Pre Evacuate Collection Set: 0.24ms
[10.818s][info][gc,phases] GC(157)   Merge Heap Roots: 0.24ms
[10.819s][info][gc,phases] GC(157)   Evacuate Collection Set: 3.48ms
[10.819s][info][gc,phases] GC(157)   Post Evacuate Collection Set: 0.54ms
[10.819s][info][gc,phases] GC(157)   Other: 0.07ms
[10.819s][info][gc       ] GC(157) Pause Young (Mixed) (G1 Evacuation Pause) (Evacuation Failure) 1945M->885M(2048M) 4.972ms
[10.924s][info][gc,phases] GC(158)   Pre Evacuate Collection Set: 0.28ms
[10.924s][info][gc,phases] GC(158)   Merge Heap Roots: 0.20ms
[10.924s][info][gc,phases] GC(158)   Evacuate Collection Set: 4.80ms
[10.924s][info][gc,phases] GC(158)   Post Evacuate Collection Set: 0.49ms
[10.924s][info][gc,phases] GC(158)   Other: 0.11ms
[10.924s][info][gc       ] GC(158) Pause Young (Concurrent Start) (G1 Evacuation Pause) 1945M->902M(2048M) 6.237ms
[10.924s][info][gc       ] GC(159) Concurrent Mark Cycle
[10.970s][info][gc       ] GC(159) Pause Remark 1709M->1637M(2048M) 1.115ms
[10.990s][info][gc,phases] GC(160)   Pre Evacuate Collection Set: 0.24ms
[10.990s][info][gc,phases] GC(160)   Merge Heap Roots: 0.20ms
[10.990s][info][gc,phases] GC(160)   Evacuate Collection Set: 5.67ms
[10.990s][info][gc,phases] GC(160)   Post Evacuate Collection Set: 0.58ms
[10.991s][info][gc,phases] GC(160)   Other: 0.07ms
[10.991s][info][gc       ] GC(160) Pause Young (Normal) (G1 Evacuation Pause) 1872M->848M(2048M) 7.306ms
[11.058s][info][gc       ] GC(159) Pause Cleanup 1557M->1557M(2048M) 0.295ms
[11.059s][info][gc       ] GC(159) Concurrent Mark Cycle 134.772ms
[11.099s][info][gc,phases] GC(161)   Pre Evacuate Collection Set: 0.23ms
[11.099s][info][gc,phases] GC(161)   Merge Heap Roots: 0.18ms
[11.099s][info][gc,phases] GC(161)   Evacuate Collection Set: 4.90ms
[11.100s][info][gc,phases] GC(161)   Post Evacuate Collection Set: 0.48ms
[11.100s][info][gc,phases] GC(161)   Other: 0.07ms
[11.100s][info][gc       ] GC(161) Pause Young (Prepare Mixed) (G1 Evacuation Pause) 1943M->865M(2048M) 6.213ms
[11.205s][info][gc,phases] GC(162)   Pre Evacuate Collection Set: 0.24ms
[11.205s][info][gc,phases] GC(162)   Merge Heap Roots: 0.19ms
[11.206s][info][gc,phases] GC(162)   Evacuate Collection Set: 3.86ms
[11.206s][info][gc,phases] GC(162)   Post Evacuate Collection Set: 0.95ms
[11.206s][info][gc,phases] GC(162)   Other: 0.06ms
[11.206s][info][gc       ] GC(162) Pause Young (Mixed) (G1 Evacuation Pause) (Evacuation Failure) 1944M->930M(2048M) 5.761ms
[11.305s][info][gc,phases] GC(163)   Pre Evacuate Collection Set: 0.25ms
[11.305s][info][gc,phases] GC(163)   Merge Heap Roots: 0.19ms
[11.305s][info][gc,phases] GC(163)   Evacuate Collection Set: 5.86ms
[11.305s][info][gc,phases] GC(163)   Post Evacuate Collection Set: 0.51ms
[11.305s][info][gc,phases] GC(163)   Other: 0.13ms
[11.305s][info][gc       ] GC(163) Pause Young (Concurrent Start) (G1 Evacuation Pause) 1945M->946M(2048M) 7.392ms
[11.306s][info][gc       ] GC(164) Concurrent Mark Cycle
[11.352s][info][gc       ] GC(164) Pause Remark 1661M->1591M(2048M) 1.062ms
[11.379s][info][gc,phases] GC(165)   Pre Evacuate Collection Set: 0.19ms
[11.380s][info][gc,phases] GC(165)   Merge Heap Roots: 0.20ms
[11.380s][info][gc,phases] GC(165)   Evacuate Collection Set: 5.78ms
[11.380s][info][gc,phases] GC(165)   Post Evacuate Collection Set: 0.57ms
[11.380s][info][gc,phases] GC(165)   Other: 0.06ms
[11.380s][info][gc       ] GC(165) Pause Young (Normal) (G1 Evacuation Pause) 1874M->893M(2048M) 7.217ms
[11.440s][info][gc       ] GC(164) Pause Cleanup 1542M->1542M(2048M) 0.291ms
[11.441s][info][gc       ] GC(164) Concurrent Mark Cycle 135.120ms
[11.484s][info][gc,phases] GC(166)   Pre Evacuate Collection Set: 0.20ms
[11.484s][info][gc,phases] GC(166)   Merge Heap Roots: 0.19ms
[11.484s][info][gc,phases] GC(166)   Evacuate Collection Set: 5.76ms
[11.484s][info][gc,phases] GC(166)   Post Evacuate Collection Set: 0.49ms
[11.484s][info][gc,phases] GC(166)   Other: 0.06ms
[11.484s][info][gc       ] GC(166) Pause Young (Prepare Mixed) (G1 Evacuation Pause) 1944M->910M(2048M) 7.102ms
[11.585s][info][gc,phases] GC(167)   Pre Evacuate Collection Set: 0.25ms
[11.585s][info][gc,phases] GC(167)   Merge Heap Roots: 0.19ms
[11.585s][info][gc,phases] GC(167)   Evacuate Collection Set: 5.68ms
[11.585s][info][gc,phases] GC(167)   Post Evacuate Collection Set: 0.48ms
[11.585s][info][gc,phases] GC(167)   Other: 0.06ms
[11.586s][info][gc       ] GC(167) Pause Young (Mixed) (G1 Evacuation Pause) 1944M->915M(2048M) 7.028ms
[11.684s][info][gc,phases] GC(168)   Pre Evacuate Collection Set: 0.27ms
[11.684s][info][gc,phases] GC(168)   Merge Heap Roots: 0.17ms
[11.684s][info][gc,phases] GC(168)   Evacuate Collection Set: 5.37ms
[11.684s][info][gc,phases] GC(168)   Post Evacuate Collection Set: 0.46ms
[11.684s][info][gc,phases] GC(168)   Other: 0.11ms
[11.684s][info][gc       ] GC(168) Pause Young (Concurrent Start) (G1 Evacuation Pause) 1944M->931M(2048M) 6.685ms
[11.684s][info][gc       ] GC(169) Concurrent Mark Cycle
[11.729s][info][gc       ] GC(169) Pause Remark 1402M->1332M(2048M) 1.125ms
[11.785s][info][gc,phases] GC(170)   Pre Evacuate Collection Set: 0.20ms
[11.785s][info][gc,phases] GC(170)   Merge Heap Roots: 0.18ms
[11.785s][info][gc,phases] GC(170)   Evacuate Collection Set: 5.57ms
[11.785s][info][gc,phases] GC(170)   Post Evacuate Collection Set: 0.53ms
[11.786s][info][gc,phases] GC(170)   Other: 0.06ms
[11.786s][info][gc       ] GC(170) Pause Young (Normal) (G1 Evacuation Pause) 1874M->877M(2048M) 6.859ms
[11.815s][info][gc       ] GC(169) Pause Cleanup 1281M->1281M(2048M) 0.342ms
[11.816s][info][gc       ] GC(169) Concurrent Mark Cycle 131.880ms
[11.882s][info][gc,phases] GC(171)   Pre Evacuate Collection Set: 0.20ms
[11.882s][info][gc,phases] GC(171)   Merge Heap Roots: 0.18ms
[11.882s][info][gc,phases] GC(171)   Evacuate Collection Set: 5.81ms
[11.882s][info][gc,phases] GC(171)   Post Evacuate Collection Set: 0.50ms
[11.883s][info][gc,phases] GC(171)   Other: 0.06ms
[11.883s][info][gc       ] GC(171) Pause Young (Prepare Mixed) (G1 Evacuation Pause) 1943M->894M(2048M) 7.246ms
[11.984s][info][gc,phases] GC(172)   Pre Evacuate Collection Set: 0.23ms
[11.984s][info][gc,phases] GC(172)   Merge Heap Roots: 0.19ms
[11.985s][info][gc,phases] GC(172)   Evacuate Collection Set: 5.49ms
[11.985s][info][gc,phases] GC(172)   Post Evacuate Collection Set: 0.45ms
[11.985s][info][gc,phases] GC(172)   Other: 0.07ms
[11.985s][info][gc       ] GC(172) Pause Young (Mixed) (G1 Evacuation Pause) 1944M->902M(2048M) 6.774ms
[12.086s][info][gc,phases] GC(173)   Pre Evacuate Collection Set: 0.27ms
[12.087s][info][gc,phases] GC(173)   Merge Heap Roots: 0.20ms
[12.087s][info][gc,phases] GC(173)   Evacuate Collection Set: 5.81ms
[12.087s][info][gc,phases] GC(173)   Post Evacuate Collection Set: 0.48ms
[12.087s][info][gc,phases] GC(173)   Other: 0.12ms
[12.087s][info][gc       ] GC(173) Pause Young (Concurrent Start) (G1 Evacuation Pause) 1944M->919M(2048M) 7.246ms
[12.087s][info][gc       ] GC(174) Concurrent Mark Cycle
[12.133s][info][gc       ] GC(174) Pause Remark 1400M->1332M(2048M) 1.152ms
[12.189s][info][gc,phases] GC(175)   Pre Evacuate Collection Set: 0.24ms
[12.189s][info][gc,phases] GC(175)   Merge Heap Roots: 0.21ms
[12.190s][info][gc,phases] GC(175)   Evacuate Collection Set: 4.46ms
[12.190s][info][gc,phases] GC(175)   Post Evacuate Collection Set: 0.53ms
[12.190s][info][gc,phases] GC(175)   Other: 0.07ms
[12.190s][info][gc       ] GC(175) Pause Young (Normal) (G1 Evacuation Pause) 1876M->867M(2048M) 6.062ms
[12.219s][info][gc       ] GC(174) Pause Cleanup 1188M->1188M(2048M) 0.241ms
[12.220s][info][gc       ] GC(174) Concurrent Mark Cycle 133.274ms
[12.295s][info][gc,phases] GC(176)   Pre Evacuate Collection Set: 0.18ms
[12.295s][info][gc,phases] GC(176)   Merge Heap Roots: 0.20ms
[12.295s][info][gc,phases] GC(176)   Evacuate Collection Set: 5.66ms
[12.295s][info][gc,phases] GC(176)   Post Evacuate Collection Set: 0.52ms
[12.295s][info][gc,phases] GC(176)   Other: 0.06ms
[12.296s][info][gc       ] GC(176) Pause Young (Prepare Mixed) (G1 Evacuation Pause) 1943M->885M(2048M) 7.014ms
[12.397s][info][gc,phases] GC(177)   Pre Evacuate Collection Set: 0.20ms
[12.397s][info][gc,phases] GC(177)   Merge Heap Roots: 0.19ms
[12.397s][info][gc,phases] GC(177)   Evacuate Collection Set: 4.91ms
[12.397s][info][gc,phases] GC(177)   Post Evacuate Collection Set: 0.46ms
[12.397s][info][gc,phases] GC(177)   Other: 0.07ms
[12.398s][info][gc       ] GC(177) Pause Young (Mixed) (G1 Evacuation Pause) 1944M->892M(2048M) 6.299ms
[12.492s][info][gc,phases] GC(178)   Pre Evacuate Collection Set: 0.23ms
[12.492s][info][gc,phases] GC(178)   Merge Heap Roots: 0.19ms
[12.492s][info][gc,phases] GC(178)   Evacuate Collection Set: 3.17ms
[12.492s][info][gc,phases] GC(178)   Post Evacuate Collection Set: 0.47ms
[12.492s][info][gc,phases] GC(178)   Other: 0.11ms
[12.492s][info][gc       ] GC(178) Pause Young (Concurrent Start) (G1 Evacuation Pause) 1944M->910M(2048M) 4.581ms
[12.492s][info][gc       ] GC(179) Concurrent Mark Cycle
[12.537s][info][gc       ] GC(179) Pause Remark 1386M->1323M(2048M) 1.030ms
[12.595s][info][gc,phases] GC(180)   Pre Evacuate Collection Set: 0.21ms
[12.595s][info][gc,phases] GC(180)   Merge Heap Roots: 0.21ms
[12.595s][info][gc,phases] GC(180)   Evacuate Collection Set: 3.47ms
[12.595s][info][gc,phases] GC(180)   Post Evacuate Collection Set: 0.53ms
[12.595s][info][gc,phases] GC(180)   Other: 0.07ms
[12.595s][info][gc       ] GC(180) Pause Young (Normal) (G1 Evacuation Pause) 1881M->864M(2048M) 4.885ms
[12.622s][info][gc       ] GC(179) Pause Cleanup 1140M->1140M(2048M) 0.350ms
[12.623s][info][gc       ] GC(179) Concurrent Mark Cycle 130.290ms
[12.702s][info][gc,phases] GC(181)   Pre Evacuate Collection Set: 0.21ms
[12.703s][info][gc,phases] GC(181)   Merge Heap Roots: 0.18ms
[12.703s][info][gc,phases] GC(181)   Evacuate Collection Set: 5.66ms
[12.703s][info][gc,phases] GC(181)   Post Evacuate Collection Set: 0.47ms
[12.703s][info][gc,phases] GC(181)   Other: 0.06ms
[12.703s][info][gc       ] GC(181) Pause Young (Prepare Mixed) (G1 Evacuation Pause) 1944M->881M(2048M) 6.999ms
[12.806s][info][gc,phases] GC(182)   Pre Evacuate Collection Set: 0.24ms
[12.806s][info][gc,phases] GC(182)   Merge Heap Roots: 0.17ms
[12.807s][info][gc,phases] GC(182)   Evacuate Collection Set: 5.57ms
[12.807s][info][gc,phases] GC(182)   Post Evacuate Collection Set: 0.56ms
[12.807s][info][gc,phases] GC(182)   Other: 0.07ms
[12.807s][info][gc       ] GC(182) Pause Young (Mixed) (G1 Evacuation Pause) (Evacuation Failure) 1944M->895M(2048M) 6.966ms
[12.905s][info][gc,phases] GC(183)   Pre Evacuate Collection Set: 0.23ms
[12.905s][info][gc,phases] GC(183)   Merge Heap Roots: 0.18ms
[12.905s][info][gc,phases] GC(183)   Evacuate Collection Set: 5.83ms
[12.905s][info][gc,phases] GC(183)   Post Evacuate Collection Set: 0.50ms
[12.905s][info][gc,phases] GC(183)   Other: 0.11ms
[12.905s][info][gc       ] GC(183) Pause Young (Concurrent Start) (G1 Evacuation Pause) (Evacuation Failure) 1945M->916M(2048M) 7.289ms
[12.905s][info][gc       ] GC(184) Concurrent Mark Cycle
[12.950s][info][gc       ] GC(184) Pause Remark 1682M->1615M(2048M) 1.126ms
[12.982s][info][gc,phases] GC(185)   Pre Evacuate Collection Set: 0.25ms
[12.982s][info][gc,phases] GC(185)   Merge Heap Roots: 0.20ms
[12.982s][info][gc,phases] GC(185)   Evacuate Collection Set: 5.57ms
[12.982s][info][gc,phases] GC(185)   Post Evacuate Collection Set: 0.57ms
[12.982s][info][gc,phases] GC(185)   Other: 0.06ms
[12.982s][info][gc       ] GC(185) Pause Young (Normal) (G1 Evacuation Pause) 1878M->867M(2048M) 7.017ms
[13.037s][info][gc       ] GC(184) Pause Cleanup 1443M->1443M(2048M) 0.248ms
[13.038s][info][gc       ] GC(184) Concurrent Mark Cycle 132.553ms
[13.090s][info][gc,phases] GC(186)   Pre Evacuate Collection Set: 0.28ms
[13.090s][info][gc,phases] GC(186)   Merge Heap Roots: 0.20ms
[13.090s][info][gc,phases] GC(186)   Evacuate Collection Set: 5.85ms
[13.090s][info][gc,phases] GC(186)   Post Evacuate Collection Set: 0.52ms
[13.090s][info][gc,phases] GC(186)   Other: 0.05ms
[13.090s][info][gc       ] GC(186) Pause Young (Prepare Mixed) (G1 Evacuation Pause) 1944M->883M(2048M) 7.299ms
[13.191s][info][gc,phases] GC(187)   Pre Evacuate Collection Set: 0.24ms
[13.192s][info][gc,phases] GC(187)   Merge Heap Roots: 0.17ms
[13.192s][info][gc,phases] GC(187)   Evacuate Collection Set: 5.93ms
[13.192s][info][gc,phases] GC(187)   Post Evacuate Collection Set: 0.46ms
[13.192s][info][gc,phases] GC(187)   Other: 0.07ms
[13.192s][info][gc       ] GC(187) Pause Young (Mixed) (G1 Evacuation Pause) 1944M->890M(2048M) 7.305ms
[13.295s][info][gc,phases] GC(188)   Pre Evacuate Collection Set: 0.23ms
[13.295s][info][gc,phases] GC(188)   Merge Heap Roots: 0.17ms
[13.295s][info][gc,phases] GC(188)   Evacuate Collection Set: 5.61ms
[13.296s][info][gc,phases] GC(188)   Post Evacuate Collection Set: 0.46ms
[13.296s][info][gc,phases] GC(188)   Other: 0.11ms
[13.296s][info][gc       ] GC(188) Pause Young (Concurrent Start) (G1 Evacuation Pause) 1944M->908M(2048M) 7.041ms
[13.296s][info][gc       ] GC(189) Concurrent Mark Cycle
[13.340s][info][gc       ] GC(189) Pause Remark 1372M->1298M(2048M) 1.015ms
[13.399s][info][gc,phases] GC(190)   Pre Evacuate Collection Set: 0.22ms
[13.399s][info][gc,phases] GC(190)   Merge Heap Roots: 0.21ms
[13.399s][info][gc,phases] GC(190)   Evacuate Collection Set: 5.74ms
[13.399s][info][gc,phases] GC(190)   Post Evacuate Collection Set: 0.52ms
[13.399s][info][gc,phases] GC(190)   Other: 0.05ms
[13.399s][info][gc       ] GC(190) Pause Young (Normal) (G1 Evacuation Pause) 1870M->851M(2048M) 7.132ms
[13.427s][info][gc       ] GC(189) Pause Cleanup 1185M->1185M(2048M) 0.279ms
[13.428s][info][gc       ] GC(189) Concurrent Mark Cycle 131.931ms
[13.502s][info][gc,phases] GC(191)   Pre Evacuate Collection Set: 0.20ms
[13.502s][info][gc,phases] GC(191)   Merge Heap Roots: 0.19ms
[13.502s][info][gc,phases] GC(191)   Evacuate Collection Set: 5.75ms
[13.502s][info][gc,phases] GC(191)   Post Evacuate Collection Set: 0.46ms
[13.502s][info][gc,phases] GC(191)   Other: 0.07ms
[13.502s][info][gc       ] GC(191) Pause Young (Prepare Mixed) (G1 Evacuation Pause) 1943M->868M(2048M) 7.053ms
[13.609s][info][gc,phases] GC(192)   Pre Evacuate Collection Set: 0.39ms
[13.609s][info][gc,phases] GC(192)   Merge Heap Roots: 0.26ms
[13.610s][info][gc,phases] GC(192)   Evacuate Collection Set: 6.90ms
[13.610s][info][gc,phases] GC(192)   Post Evacuate Collection Set: 0.77ms
[13.610s][info][gc,phases] GC(192)   Other: 0.11ms
[13.610s][info][gc       ] GC(192) Pause Young (Mixed) (G1 Evacuation Pause) 1944M->878M(2048M) 9.330ms
[13.712s][info][gc,phases] GC(193)   Pre Evacuate Collection Set: 0.26ms
[13.713s][info][gc,phases] GC(193)   Merge Heap Roots: 0.19ms
[13.713s][info][gc,phases] GC(193)   Evacuate Collection Set: 6.04ms
[13.713s][info][gc,phases] GC(193)   Post Evacuate Collection Set: 0.51ms
[13.713s][info][gc,phases] GC(193)   Other: 0.13ms
[13.713s][info][gc       ] GC(193) Pause Young (Concurrent Start) (G1 Evacuation Pause) 1944M->896M(2048M) 7.532ms
[13.713s][info][gc       ] GC(194) Concurrent Mark Cycle
[13.759s][info][gc       ] GC(194) Pause Remark 1378M->1309M(2048M) 1.103ms
[13.817s][info][gc,phases] GC(195)   Pre Evacuate Collection Set: 0.23ms
[13.818s][info][gc,phases] GC(195)   Merge Heap Roots: 0.24ms
[13.818s][info][gc,phases] GC(195)   Evacuate Collection Set: 5.27ms
[13.818s][info][gc,phases] GC(195)   Post Evacuate Collection Set: 0.51ms
[13.818s][info][gc,phases] GC(195)   Other: 0.05ms
[13.818s][info][gc       ] GC(195) Pause Young (Normal) (G1 Evacuation Pause) 1875M->844M(2048M) 6.686ms
[13.845s][info][gc       ] GC(194) Pause Cleanup 1330M->1330M(2048M) 0.241ms
[13.846s][info][gc       ] GC(194) Concurrent Mark Cycle 133.040ms
[13.907s][info][gc,phases] GC(196)   Pre Evacuate Collection Set: 0.21ms
[13.907s][info][gc,phases] GC(196)   Merge Heap Roots: 0.20ms
[13.907s][info][gc,phases] GC(196)   Evacuate Collection Set: 4.79ms
[13.907s][info][gc,phases] GC(196)   Post Evacuate Collection Set: 0.78ms
[13.908s][info][gc,phases] GC(196)   Other: 0.06ms
[13.908s][info][gc       ] GC(196) Pause Young (Prepare Mixed) (G1 Evacuation Pause) (Evacuation Failure) 1944M->897M(2048M) 6.484ms
[14.002s][info][gc,phases] GC(197)   Pre Evacuate Collection Set: 0.25ms
[14.002s][info][gc,phases] GC(197)   Merge Heap Roots: 0.21ms
[14.002s][info][gc,phases] GC(197)   Evacuate Collection Set: 3.38ms
[14.002s][info][gc,phases] GC(197)   Post Evacuate Collection Set: 0.48ms
[14.002s][info][gc,phases] GC(197)   Other: 0.07ms
[14.002s][info][gc       ] GC(197) Pause Young (Mixed) (G1 Evacuation Pause) (Evacuation Failure) 1945M->909M(2048M) 4.713ms
[14.102s][info][gc,phases] GC(198)   Pre Evacuate Collection Set: 0.29ms
[14.102s][info][gc,phases] GC(198)   Merge Heap Roots: 0.21ms
[14.102s][info][gc,phases] GC(198)   Evacuate Collection Set: 3.21ms
[14.102s][info][gc,phases] GC(198)   Post Evacuate Collection Set: 0.48ms
[14.102s][info][gc,phases] GC(198)   Other: 0.12ms
[14.102s][info][gc       ] GC(198) Pause Young (Concurrent Start) (G1 Evacuation Pause) 1945M->926M(2048M) 4.733ms
[14.102s][info][gc       ] GC(199) Concurrent Mark Cycle
[14.149s][info][gc       ] GC(199) Pause Remark 1638M->1575M(2048M) 1.117ms
[14.184s][info][gc,phases] GC(200)   Pre Evacuate Collection Set: 0.21ms
[14.184s][info][gc,phases] GC(200)   Merge Heap Roots: 0.19ms
[14.184s][info][gc,phases] GC(200)   Evacuate Collection Set: 5.67ms
[14.185s][info][gc,phases] GC(200)   Post Evacuate Collection Set: 0.54ms
[14.185s][info][gc,phases] GC(200)   Other: 0.06ms
[14.185s][info][gc       ] GC(200) Pause Young (Normal) (G1 Evacuation Pause) 1881M->880M(2048M) 7.009ms
[14.236s][info][gc       ] GC(199) Pause Cleanup 1424M->1424M(2048M) 0.258ms
[14.237s][info][gc       ] GC(199) Concurrent Mark Cycle 134.444ms
[14.290s][info][gc,phases] GC(201)   Pre Evacuate Collection Set: 0.20ms
[14.290s][info][gc,phases] GC(201)   Merge Heap Roots: 0.19ms
[14.290s][info][gc,phases] GC(201)   Evacuate Collection Set: 5.68ms
[14.290s][info][gc,phases] GC(201)   Post Evacuate Collection Set: 0.47ms
[14.290s][info][gc,phases] GC(201)   Other: 0.06ms
[14.290s][info][gc       ] GC(201) Pause Young (Prepare Mixed) (G1 Evacuation Pause) 1944M->897M(2048M) 7.054ms
[14.393s][info][gc,phases] GC(202)   Pre Evacuate Collection Set: 0.19ms
[14.393s][info][gc,phases] GC(202)   Merge Heap Roots: 0.18ms
[14.393s][info][gc,phases] GC(202)   Evacuate Collection Set: 6.15ms
[14.394s][info][gc,phases] GC(202)   Post Evacuate Collection Set: 0.54ms
[14.394s][info][gc,phases] GC(202)   Other: 0.08ms
[14.394s][info][gc       ] GC(202) Pause Young (Mixed) (G1 Evacuation Pause) 1944M->903M(2048M) 7.655ms
[14.496s][info][gc,phases] GC(203)   Pre Evacuate Collection Set: 0.26ms
[14.496s][info][gc,phases] GC(203)   Merge Heap Roots: 0.20ms
[14.496s][info][gc,phases] GC(203)   Evacuate Collection Set: 5.60ms
[14.496s][info][gc,phases] GC(203)   Post Evacuate Collection Set: 0.52ms
[14.496s][info][gc,phases] GC(203)   Other: 0.12ms
[14.496s][info][gc       ] GC(203) Pause Young (Concurrent Start) (G1 Evacuation Pause) 1944M->920M(2048M) 7.161ms
[14.496s][info][gc       ] GC(204) Concurrent Mark Cycle
[14.542s][info][gc       ] GC(204) Pause Remark 1450M->1381M(2048M) 1.059ms
[14.596s][info][gc,phases] GC(205)   Pre Evacuate Collection Set: 0.26ms
[14.596s][info][gc,phases] GC(205)   Merge Heap Roots: 0.23ms
[14.596s][info][gc,phases] GC(205)   Evacuate Collection Set: 5.55ms
[14.596s][info][gc,phases] GC(205)   Post Evacuate Collection Set: 0.57ms
[14.596s][info][gc,phases] GC(205)   Other: 0.06ms
[14.596s][info][gc       ] GC(205) Pause Young (Normal) (G1 Evacuation Pause) 1875M->868M(2048M) 7.041ms
[14.631s][info][gc       ] GC(204) Pause Cleanup 1221M->1221M(2048M) 0.271ms
[14.632s][info][gc       ] GC(204) Concurrent Mark Cycle 135.347ms
[14.685s][info][gc,phases] GC(206)   Pre Evacuate Collection Set: 0.22ms
[14.686s][info][gc,phases] GC(206)   Merge Heap Roots: 0.20ms
[14.686s][info][gc,phases] GC(206)   Evacuate Collection Set: 6.22ms
[14.686s][info][gc,phases] GC(206)   Post Evacuate Collection Set: 0.56ms
[14.686s][info][gc,phases] GC(206)   Other: 0.08ms
[14.686s][info][gc       ] GC(206) Pause Young (Prepare Mixed) (G1 Evacuation Pause) 1944M->885M(2048M) 7.619ms
[14.791s][info][gc,phases] GC(207)   Pre Evacuate Collection Set: 0.27ms
[14.791s][info][gc,phases] GC(207)   Merge Heap Roots: 0.20ms
[14.791s][info][gc,phases] GC(207)   Evacuate Collection Set: 5.67ms
[14.791s][info][gc,phases] GC(207)   Post Evacuate Collection Set: 0.52ms
[14.791s][info][gc,phases] GC(207)   Other: 0.07ms
[14.791s][info][gc       ] GC(207) Pause Young (Mixed) (G1 Evacuation Pause) 1944M->892M(2048M) 7.108ms
[14.896s][info][gc,phases] GC(208)   Pre Evacuate Collection Set: 0.30ms
[14.896s][info][gc,phases] GC(208)   Merge Heap Roots: 0.18ms
[14.896s][info][gc,phases] GC(208)   Evacuate Collection Set: 5.99ms
[14.896s][info][gc,phases] GC(208)   Post Evacuate Collection Set: 0.54ms
[14.896s][info][gc,phases] GC(208)   Other: 0.12ms
[14.896s][info][gc       ] GC(208) Pause Young (Concurrent Start) (G1 Evacuation Pause) 1944M->909M(2048M) 7.576ms
[14.896s][info][gc       ] GC(209) Concurrent Mark Cycle
[14.943s][info][gc       ] GC(209) Pause Remark 1444M->1376M(2048M) 1.113ms
[14.995s][info][gc,phases] GC(210)   Pre Evacuate Collection Set: 0.20ms
[14.995s][info][gc,phases] GC(210)   Merge Heap Roots: 0.22ms
[14.996s][info][gc,phases] GC(210)   Evacuate Collection Set: 5.56ms
[14.996s][info][gc,phases] GC(210)   Post Evacuate Collection Set: 0.51ms
[14.996s][info][gc,phases] GC(210)   Other: 0.06ms
[14.996s][info][gc       ] GC(210) Pause Young (Normal) (G1 Evacuation Pause) 1876M->859M(2048M) 6.943ms
[15.029s][info][gc       ] GC(209) Pause Cleanup 1210M->1210M(2048M) 0.285ms
[15.029s][info][gc       ] GC(209) Concurrent Mark Cycle 133.165ms
[15.103s][info][gc,phases] GC(211)   Pre Evacuate Collection Set: 0.24ms
[15.103s][info][gc,phases] GC(211)   Merge Heap Roots: 0.21ms
[15.103s][info][gc,phases] GC(211)   Evacuate Collection Set: 6.25ms
[15.104s][info][gc,phases] GC(211)   Post Evacuate Collection Set: 0.52ms
[15.104s][info][gc,phases] GC(211)   Other: 0.06ms
[15.104s][info][gc       ] GC(211) Pause Young (Prepare Mixed) (G1 Evacuation Pause) 1944M->875M(2048M) 7.656ms
[15.209s][info][gc,phases] GC(212)   Pre Evacuate Collection Set: 0.24ms
[15.209s][info][gc,phases] GC(212)   Merge Heap Roots: 0.20ms
[15.209s][info][gc,phases] GC(212)   Evacuate Collection Set: 6.02ms
[15.209s][info][gc,phases] GC(212)   Post Evacuate Collection Set: 0.60ms
[15.209s][info][gc,phases] GC(212)   Other: 0.07ms
[15.209s][info][gc       ] GC(212) Pause Young (Mixed) (G1 Evacuation Pause) (Evacuation Failure) 1944M->895M(2048M) 7.451ms
[15.310s][info][gc,phases] GC(213)   Pre Evacuate Collection Set: 0.25ms
[15.310s][info][gc,phases] GC(213)   Merge Heap Roots: 0.18ms
[15.310s][info][gc,phases] GC(213)   Evacuate Collection Set: 3.90ms
[15.310s][info][gc,phases] GC(213)   Post Evacuate Collection Set: 0.52ms
[15.310s][info][gc,phases] GC(213)   Other: 0.12ms
[15.310s][info][gc       ] GC(213) Pause Young (Concurrent Start) (G1 Evacuation Pause) 1945M->912M(2048M) 5.356ms
[15.310s][info][gc       ] GC(214) Concurrent Mark Cycle
[15.354s][info][gc       ] GC(214) Pause Remark 1381M->1310M(2048M) 1.038ms
[15.413s][info][gc,phases] GC(215)   Pre Evacuate Collection Set: 0.24ms
[15.414s][info][gc,phases] GC(215)   Merge Heap Roots: 0.21ms
[15.414s][info][gc,phases] GC(215)   Evacuate Collection Set: 5.85ms
[15.414s][info][gc,phases] GC(215)   Post Evacuate Collection Set: 0.51ms
[15.414s][info][gc,phases] GC(215)   Other: 0.05ms
[15.414s][info][gc       ] GC(215) Pause Young (Normal) (G1 Evacuation Pause) 1873M->858M(2048M) 7.230ms
[15.440s][info][gc       ] GC(214) Pause Cleanup 1142M->1142M(2048M) 0.293ms
[15.441s][info][gc       ] GC(214) Concurrent Mark Cycle 131.190ms
[15.518s][info][gc,phases] GC(216)   Pre Evacuate Collection Set: 0.21ms
[15.518s][info][gc,phases] GC(216)   Merge Heap Roots: 0.20ms
[15.518s][info][gc,phases] GC(216)   Evacuate Collection Set: 3.42ms
[15.518s][info][gc,phases] GC(216)   Post Evacuate Collection Set: 0.48ms
[15.518s][info][gc,phases] GC(216)   Other: 0.07ms
[15.518s][info][gc       ] GC(216) Pause Young (Prepare Mixed) (G1 Evacuation Pause) 1943M->876M(2048M) 4.774ms
[15.620s][info][gc,phases] GC(217)   Pre Evacuate Collection Set: 0.19ms
[15.620s][info][gc,phases] GC(217)   Merge Heap Roots: 0.19ms
[15.621s][info][gc,phases] GC(217)   Evacuate Collection Set: 4.74ms
[15.621s][info][gc,phases] GC(217)   Post Evacuate Collection Set: 0.45ms
[15.621s][info][gc,phases] GC(217)   Other: 0.07ms
[15.621s][info][gc       ] GC(217) Pause Young (Mixed) (G1 Evacuation Pause) 1944M->884M(2048M) 6.044ms
[15.721s][info][gc,phases] GC(218)   Pre Evacuate Collection Set: 0.31ms
[15.721s][info][gc,phases] GC(218)   Merge Heap Roots: 0.17ms
[15.721s][info][gc,phases] GC(218)   Evacuate Collection Set: 3.25ms
[15.721s][info][gc,phases] GC(218)   Post Evacuate Collection Set: 0.51ms
[15.721s][info][gc,phases] GC(218)   Other: 0.13ms
[15.721s][info][gc       ] GC(218) Pause Young (Concurrent Start) (G1 Evacuation Pause) 1944M->901M(2048M) 4.788ms
[15.721s][info][gc       ] GC(219) Concurrent Mark Cycle
[15.766s][info][gc       ] GC(219) Pause Remark 1361M->1292M(2048M) 1.101ms
[15.827s][info][gc,phases] GC(220)   Pre Evacuate Collection Set: 0.22ms
[15.827s][info][gc,phases] GC(220)   Merge Heap Roots: 0.21ms
[15.827s][info][gc,phases] GC(220)   Evacuate Collection Set: 5.48ms
[15.827s][info][gc,phases] GC(220)   Post Evacuate Collection Set: 0.49ms
[15.827s][info][gc,phases] GC(220)   Other: 0.05ms
[15.827s][info][gc       ] GC(220) Pause Young (Normal) (G1 Evacuation Pause) 1875M->849M(2048M) 6.833ms
[15.852s][info][gc       ] GC(219) Pause Cleanup 1292M->1292M(2048M) 0.261ms
[15.853s][info][gc       ] GC(219) Concurrent Mark Cycle 131.906ms
[15.919s][info][gc,phases] GC(221)   Pre Evacuate Collection Set: 0.19ms
[15.919s][info][gc,phases] GC(221)   Merge Heap Roots: 0.18ms
[15.919s][info][gc,phases] GC(221)   Evacuate Collection Set: 6.21ms
[15.919s][info][gc,phases] GC(221)   Post Evacuate Collection Set: 0.55ms
[15.919s][info][gc,phases] GC(221)   Other: 0.06ms
[15.919s][info][gc       ] GC(221) Pause Young (Prepare Mixed) (G1 Evacuation Pause) 1944M->866M(2048M) 7.552ms
[16.025s][info][gc,phases] GC(222)   Pre Evacuate Collection Set: 0.21ms
[16.025s][info][gc,phases] GC(222)   Merge Heap Roots: 0.18ms
[16.025s][info][gc,phases] GC(222)   Evacuate Collection Set: 6.01ms
[16.026s][info][gc,phases] GC(222)   Post Evacuate Collection Set: 0.83ms
[16.026s][info][gc,phases] GC(222)   Other: 0.06ms
[16.026s][info][gc       ] GC(222) Pause Young (Mixed) (G1 Evacuation Pause) (Evacuation Failure) 1944M->917M(2048M) 7.674ms
[16.126s][info][gc,phases] GC(223)   Pre Evacuate Collection Set: 0.24ms
[16.127s][info][gc,phases] GC(223)   Merge Heap Roots: 0.19ms
[16.127s][info][gc,phases] GC(223)   Evacuate Collection Set: 5.48ms
[16.127s][info][gc,phases] GC(223)   Post Evacuate Collection Set: 0.46ms
[16.127s][info][gc,phases] GC(223)   Other: 0.12ms
[16.127s][info][gc       ] GC(223) Pause Young (Concurrent Start) (G1 Evacuation Pause) 1945M->934M(2048M) 6.900ms
[16.127s][info][gc       ] GC(224) Concurrent Mark Cycle
[16.172s][info][gc       ] GC(224) Pause Remark 1413M->1344M(2048M) 1.139ms
[16.229s][info][gc,phases] GC(225)   Pre Evacuate Collection Set: 0.23ms
[16.229s][info][gc,phases] GC(225)   Merge Heap Roots: 0.24ms
[16.229s][info][gc,phases] GC(225)   Evacuate Collection Set: 5.85ms
[16.229s][info][gc,phases] GC(225)   Post Evacuate Collection Set: 0.51ms
[16.229s][info][gc,phases] GC(225)   Other: 0.06ms
[16.229s][info][gc       ] GC(225) Pause Young (Normal) (G1 Evacuation Pause) 1875M->881M(2048M) 7.284ms
[16.260s][info][gc       ] GC(224) Pause Cleanup 1266M->1266M(2048M) 0.322ms
[16.261s][info][gc       ] GC(224) Concurrent Mark Cycle 134.182ms
[16.324s][info][gc,phases] GC(226)   Pre Evacuate Collection Set: 0.21ms
[16.324s][info][gc,phases] GC(226)   Merge Heap Roots: 0.16ms
[16.324s][info][gc,phases] GC(226)   Evacuate Collection Set: 5.85ms
[16.324s][info][gc,phases] GC(226)   Post Evacuate Collection Set: 0.51ms
[16.324s][info][gc,phases] GC(226)   Other: 0.06ms
[16.324s][info][gc       ] GC(226) Pause Young (Prepare Mixed) (G1 Evacuation Pause) 1943M->899M(2048M) 7.153ms
[16.426s][info][gc,phases] GC(227)   Pre Evacuate Collection Set: 0.21ms
[16.426s][info][gc,phases] GC(227)   Merge Heap Roots: 0.20ms
[16.427s][info][gc,phases] GC(227)   Evacuate Collection Set: 5.78ms
[16.427s][info][gc,phases] GC(227)   Post Evacuate Collection Set: 0.48ms
[16.427s][info][gc,phases] GC(227)   Other: 0.08ms
[16.427s][info][gc       ] GC(227) Pause Young (Mixed) (G1 Evacuation Pause) 1943M->904M(2048M) 7.093ms
[16.524s][info][gc,phases] GC(228)   Pre Evacuate Collection Set: 0.27ms
[16.525s][info][gc,phases] GC(228)   Merge Heap Roots: 0.22ms
[16.525s][info][gc,phases] GC(228)   Evacuate Collection Set: 5.50ms
[16.525s][info][gc,phases] GC(228)   Post Evacuate Collection Set: 0.49ms
[16.525s][info][gc,phases] GC(228)   Other: 0.12ms
[16.525s][info][gc       ] GC(228) Pause Young (Concurrent Start) (G1 Evacuation Pause) 1943M->922M(2048M) 6.941ms
[16.525s][info][gc       ] GC(229) Concurrent Mark Cycle
[16.570s][info][gc       ] GC(229) Pause Remark 1390M->1317M(2048M) 1.123ms
[16.629s][info][gc,phases] GC(230)   Pre Evacuate Collection Set: 0.18ms
[16.629s][info][gc,phases] GC(230)   Merge Heap Roots: 0.21ms
[16.629s][info][gc,phases] GC(230)   Evacuate Collection Set: 5.88ms
[16.629s][info][gc,phases] GC(230)   Post Evacuate Collection Set: 0.50ms
[16.629s][info][gc,phases] GC(230)   Other: 0.06ms
[16.629s][info][gc       ] GC(230) Pause Young (Normal) (G1 Evacuation Pause) 1870M->866M(2048M) 7.188ms
[16.658s][info][gc       ] GC(229) Pause Cleanup 1344M->1344M(2048M) 0.298ms
[16.659s][info][gc       ] GC(229) Concurrent Mark Cycle 133.974ms
[16.720s][info][gc,phases] GC(231)   Pre Evacuate Collection Set: 0.20ms
[16.720s][info][gc,phases] GC(231)   Merge Heap Roots: 0.20ms
[16.720s][info][gc,phases] GC(231)   Evacuate Collection Set: 5.95ms
[16.720s][info][gc,phases] GC(231)   Post Evacuate Collection Set: 0.50ms
[16.720s][info][gc,phases] GC(231)   Other: 0.06ms
[16.720s][info][gc       ] GC(231) Pause Young (Prepare Mixed) (G1 Evacuation Pause) 1944M->883M(2048M) 7.319ms
[16.821s][info][gc,phases] GC(232)   Pre Evacuate Collection Set: 0.24ms
[16.821s][info][gc,phases] GC(232)   Merge Heap Roots: 0.19ms
[16.821s][info][gc,phases] GC(232)   Evacuate Collection Set: 3.38ms
[16.821s][info][gc,phases] GC(232)   Post Evacuate Collection Set: 0.51ms
[16.821s][info][gc,phases] GC(232)   Other: 0.07ms
[16.821s][info][gc       ] GC(232) Pause Young (Mixed) (G1 Evacuation Pause) 1944M->892M(2048M) 4.779ms
[16.923s][info][gc,phases] GC(233)   Pre Evacuate Collection Set: 0.25ms
[16.923s][info][gc,phases] GC(233)   Merge Heap Roots: 0.19ms
[16.923s][info][gc,phases] GC(233)   Evacuate Collection Set: 3.24ms
[16.923s][info][gc,phases] GC(233)   Post Evacuate Collection Set: 0.48ms
[16.923s][info][gc,phases] GC(233)   Other: 0.12ms
[16.923s][info][gc       ] GC(233) Pause Young (Concurrent Start) (G1 Evacuation Pause) 1944M->909M(2048M) 4.756ms
[16.923s][info][gc       ] GC(234) Concurrent Mark Cycle
[16.968s][info][gc       ] GC(234) Pause Remark 1678M->1612M(2048M) 1.060ms
[16.991s][info][gc,phases] GC(235)   Pre Evacuate Collection Set: 0.20ms
[16.991s][info][gc,phases] GC(235)   Merge Heap Roots: 0.21ms
[16.992s][info][gc,phases] GC(235)   Evacuate Collection Set: 4.77ms
[16.992s][info][gc,phases] GC(235)   Post Evacuate Collection Set: 0.53ms
[16.992s][info][gc,phases] GC(235)   Other: 0.06ms
[16.992s][info][gc       ] GC(235) Pause Young (Normal) (G1 Evacuation Pause) 1878M->860M(2048M) 6.109ms
[17.054s][info][gc       ] GC(234) Pause Cleanup 1532M->1532M(2048M) 0.275ms
[17.055s][info][gc       ] GC(234) Concurrent Mark Cycle 131.317ms
[17.098s][info][gc,phases] GC(236)   Pre Evacuate Collection Set: 0.19ms
[17.098s][info][gc,phases] GC(236)   Merge Heap Roots: 0.19ms
[17.098s][info][gc,phases] GC(236)   Evacuate Collection Set: 5.70ms
[17.098s][info][gc,phases] GC(236)   Post Evacuate Collection Set: 0.43ms
[17.098s][info][gc,phases] GC(236)   Other: 0.07ms
[17.098s][info][gc       ] GC(236) Pause Young (Prepare Mixed) (G1 Evacuation Pause) 1944M->877M(2048M) 6.908ms
[17.201s][info][gc,phases] GC(237)   Pre Evacuate Collection Set: 0.22ms
[17.202s][info][gc,phases] GC(237)   Merge Heap Roots: 0.20ms
[17.202s][info][gc,phases] GC(237)   Evacuate Collection Set: 4.88ms
[17.202s][info][gc,phases] GC(237)   Post Evacuate Collection Set: 0.59ms
[17.202s][info][gc,phases] GC(237)   Other: 0.06ms
[17.202s][info][gc       ] GC(237) Pause Young (Mixed) (G1 Evacuation Pause) (Evacuation Failure) 1944M->897M(2048M) 6.373ms
[17.302s][info][gc,phases] GC(238)   Pre Evacuate Collection Set: 0.24ms
[17.302s][info][gc,phases] GC(238)   Merge Heap Roots: 0.19ms
[17.302s][info][gc,phases] GC(238)   Evacuate Collection Set: 4.23ms
[17.302s][info][gc,phases] GC(238)   Post Evacuate Collection Set: 0.54ms
[17.302s][info][gc,phases] GC(238)   Other: 0.12ms
[17.302s][info][gc       ] GC(238) Pause Young (Concurrent Start) (G1 Evacuation Pause) (Evacuation Failure) 1945M->920M(2048M) 5.642ms
[17.303s][info][gc       ] GC(239) Concurrent Mark Cycle
[17.347s][info][gc       ] GC(239) Pause Remark 1389M->1321M(2048M) 1.094ms
[17.397s][info][gc,phases] GC(240)   Pre Evacuate Collection Set: 0.23ms
[17.397s][info][gc,phases] GC(240)   Merge Heap Roots: 0.19ms
[17.397s][info][gc,phases] GC(240)   Evacuate Collection Set: 5.19ms
[17.397s][info][gc,phases] GC(240)   Post Evacuate Collection Set: 0.52ms
[17.397s][info][gc,phases] GC(240)   Other: 0.06ms
[17.397s][info][gc       ] GC(240) Pause Young (Normal) (G1 Evacuation Pause) 1877M->869M(2048M) 6.566ms
[17.433s][info][gc       ] GC(239) Pause Cleanup 1249M->1249M(2048M) 0.222ms
[17.434s][info][gc       ] GC(239) Concurrent Mark Cycle 131.007ms
[17.503s][info][gc,phases] GC(241)   Pre Evacuate Collection Set: 0.24ms
[17.504s][info][gc,phases] GC(241)   Merge Heap Roots: 0.22ms
[17.504s][info][gc,phases] GC(241)   Evacuate Collection Set: 5.92ms
[17.504s][info][gc,phases] GC(241)   Post Evacuate Collection Set: 0.48ms
[17.504s][info][gc,phases] GC(241)   Other: 0.05ms
[17.504s][info][gc       ] GC(241) Pause Young (Prepare Mixed) (G1 Evacuation Pause) 1944M->885M(2048M) 7.313ms
[17.608s][info][gc,phases] GC(242)   Pre Evacuate Collection Set: 0.21ms
[17.608s][info][gc,phases] GC(242)   Merge Heap Roots: 0.19ms
[17.608s][info][gc,phases] GC(242)   Evacuate Collection Set: 6.04ms
[17.608s][info][gc,phases] GC(242)   Post Evacuate Collection Set: 0.53ms
[17.608s][info][gc,phases] GC(242)   Other: 0.07ms
[17.608s][info][gc       ] GC(242) Pause Young (Mixed) (G1 Evacuation Pause) 1944M->892M(2048M) 7.510ms
[17.705s][info][gc,phases] GC(243)   Pre Evacuate Collection Set: 0.24ms
[17.705s][info][gc,phases] GC(243)   Merge Heap Roots: 0.18ms
[17.706s][info][gc,phases] GC(243)   Evacuate Collection Set: 5.78ms
[17.706s][info][gc,phases] GC(243)   Post Evacuate Collection Set: 0.51ms
[17.706s][info][gc,phases] GC(243)   Other: 0.13ms
[17.706s][info][gc       ] GC(243) Pause Young (Concurrent Start) (G1 Evacuation Pause) 1944M->910M(2048M) 7.237ms
[17.706s][info][gc       ] GC(244) Concurrent Mark Cycle
[17.750s][info][gc       ] GC(244) Pause Remark 1372M->1305M(2048M) 1.046ms
[17.800s][info][gc,phases] GC(245)   Pre Evacuate Collection Set: 0.21ms
[17.800s][info][gc,phases] GC(245)   Merge Heap Roots: 0.22ms
[17.801s][info][gc,phases] GC(245)   Evacuate Collection Set: 6.08ms
[17.801s][info][gc,phases] GC(245)   Post Evacuate Collection Set: 0.52ms
[17.801s][info][gc,phases] GC(245)   Other: 0.06ms
[17.801s][info][gc       ] GC(245) Pause Young (Normal) (G1 Evacuation Pause) 1877M->860M(2048M) 7.468ms
[17.837s][info][gc       ] GC(244) Pause Cleanup 1249M->1249M(2048M) 0.270ms
[17.838s][info][gc       ] GC(244) Concurrent Mark Cycle 132.336ms
[17.907s][info][gc,phases] GC(246)   Pre Evacuate Collection Set: 0.25ms
[17.908s][info][gc,phases] GC(246)   Merge Heap Roots: 0.20ms
[17.908s][info][gc,phases] GC(246)   Evacuate Collection Set: 5.74ms
[17.908s][info][gc,phases] GC(246)   Post Evacuate Collection Set: 0.47ms
[17.908s][info][gc,phases] GC(246)   Other: 0.05ms
[17.908s][info][gc       ] GC(246) Pause Young (Prepare Mixed) (G1 Evacuation Pause) 1944M->877M(2048M) 7.038ms
[18.013s][info][gc,phases] GC(247)   Pre Evacuate Collection Set: 0.24ms
[18.013s][info][gc,phases] GC(247)   Merge Heap Roots: 0.17ms
[18.013s][info][gc,phases] GC(247)   Evacuate Collection Set: 5.99ms
[18.013s][info][gc,phases] GC(247)   Post Evacuate Collection Set: 0.52ms
[18.013s][info][gc,phases] GC(247)   Other: 0.07ms
[18.013s][info][gc       ] GC(247) Pause Young (Mixed) (G1 Evacuation Pause) 1944M->885M(2048M) 7.348ms
[18.110s][info][gc,phases] GC(248)   Pre Evacuate Collection Set: 0.22ms
[18.110s][info][gc,phases] GC(248)   Merge Heap Roots: 0.21ms
[18.110s][info][gc,phases] GC(248)   Evacuate Collection Set: 5.67ms
[18.110s][info][gc,phases] GC(248)   Post Evacuate Collection Set: 0.48ms
[18.110s][info][gc,phases] GC(248)   Other: 0.12ms
[18.110s][info][gc       ] GC(248) Pause Young (Concurrent Start) (G1 Evacuation Pause) 1944M->903M(2048M) 7.071ms
[18.111s][info][gc       ] GC(249) Concurrent Mark Cycle
[18.156s][info][gc       ] GC(249) Pause Remark 1524M->1452M(2048M) 1.159ms
[18.187s][info][gc,phases] GC(250)   Pre Evacuate Collection Set: 0.22ms
[18.187s][info][gc,phases] GC(250)   Merge Heap Roots: 0.21ms
[18.187s][info][gc,phases] GC(250)   Evacuate Collection Set: 6.07ms
[18.187s][info][gc,phases] GC(250)   Post Evacuate Collection Set: 0.58ms
[18.187s][info][gc,phases] GC(250)   Other: 0.06ms
[18.187s][info][gc       ] GC(250) Pause Young (Normal) (G1 Evacuation Pause) 1872M->848M(2048M) 7.645ms
[18.244s][info][gc       ] GC(249) Pause Cleanup 1443M->1443M(2048M) 0.245ms
[18.245s][info][gc       ] GC(249) Concurrent Mark Cycle 134.842ms
[18.299s][info][gc,phases] GC(251)   Pre Evacuate Collection Set: 0.23ms
[18.299s][info][gc,phases] GC(251)   Merge Heap Roots: 0.22ms
[18.299s][info][gc,phases] GC(251)   Evacuate Collection Set: 5.93ms
[18.299s][info][gc,phases] GC(251)   Post Evacuate Collection Set: 0.56ms
[18.299s][info][gc,phases] GC(251)   Other: 0.06ms
[18.299s][info][gc       ] GC(251) Pause Young (Prepare Mixed) (G1 Evacuation Pause) 1944M->865M(2048M) 7.368ms
[18.405s][info][gc,phases] GC(252)   Pre Evacuate Collection Set: 0.22ms
[18.405s][info][gc,phases] GC(252)   Merge Heap Roots: 0.16ms
[18.406s][info][gc,phases] GC(252)   Evacuate Collection Set: 5.25ms
[18.406s][info][gc,phases] GC(252)   Post Evacuate Collection Set: 0.79ms
[18.406s][info][gc,phases] GC(252)   Other: 0.06ms
[18.406s][info][gc       ] GC(252) Pause Young (Mixed) (G1 Evacuation Pause) (Evacuation Failure) 1944M->911M(2048M) 6.919ms
[18.495s][info][gc,phases] GC(253)   Pre Evacuate Collection Set: 0.26ms
[18.495s][info][gc,phases] GC(253)   Merge Heap Roots: 0.19ms
[18.495s][info][gc,phases] GC(253)   Evacuate Collection Set: 3.39ms
[18.495s][info][gc,phases] GC(253)   Post Evacuate Collection Set: 0.53ms
[18.495s][info][gc,phases] GC(253)   Other: 0.12ms
[18.495s][info][gc       ] GC(253) Pause Young (Concurrent Start) (G1 Evacuation Pause) 1945M->928M(2048M) 4.844ms
[18.495s][info][gc       ] GC(254) Concurrent Mark Cycle
[18.540s][info][gc       ] GC(254) Pause Remark 1394M->1329M(2048M) 1.150ms
[18.599s][info][gc,phases] GC(255)   Pre Evacuate Collection Set: 0.23ms
[18.599s][info][gc,phases] GC(255)   Merge Heap Roots: 0.20ms
[18.599s][info][gc,phases] GC(255)   Evacuate Collection Set: 5.95ms
[18.599s][info][gc,phases] GC(255)   Post Evacuate Collection Set: 0.57ms
[18.599s][info][gc,phases] GC(255)   Other: 0.05ms
[18.599s][info][gc       ] GC(255) Pause Young (Normal) (G1 Evacuation Pause) 1879M->880M(2048M) 7.328ms
[18.629s][info][gc       ] GC(254) Pause Cleanup 1403M->1403M(2048M) 0.277ms
[18.629s][info][gc       ] GC(254) Concurrent Mark Cycle 134.196ms
[18.674s][info][gc,phases] GC(256)   Pre Evacuate Collection Set: 0.20ms
[18.674s][info][gc,phases] GC(256)   Merge Heap Roots: 0.17ms
[18.674s][info][gc,phases] GC(256)   Evacuate Collection Set: 3.33ms
[18.674s][info][gc,phases] GC(256)   Post Evacuate Collection Set: 0.52ms
[18.674s][info][gc,phases] GC(256)   Other: 0.06ms
[18.674s][info][gc       ] GC(256) Pause Young (Prepare Mixed) (G1 Evacuation Pause) 1944M->897M(2048M) 4.664ms
[18.771s][info][gc,phases] GC(257)   Pre Evacuate Collection Set: 0.23ms
[18.771s][info][gc,phases] GC(257)   Merge Heap Roots: 0.19ms
[18.771s][info][gc,phases] GC(257)   Evacuate Collection Set: 4.40ms
[18.772s][info][gc,phases] GC(257)   Post Evacuate Collection Set: 0.46ms
[18.772s][info][gc,phases] GC(257)   Other: 0.06ms
[18.772s][info][gc       ] GC(257) Pause Young (Mixed) (G1 Evacuation Pause) 1944M->903M(2048M) 5.832ms
[18.873s][info][gc,phases] GC(258)   Pre Evacuate Collection Set: 0.29ms
[18.873s][info][gc,phases] GC(258)   Merge Heap Roots: 0.18ms
[18.873s][info][gc,phases] GC(258)   Evacuate Collection Set: 5.74ms
[18.874s][info][gc,phases] GC(258)   Post Evacuate Collection Set: 0.50ms
[18.874s][info][gc,phases] GC(258)   Other: 0.10ms
[18.874s][info][gc       ] GC(258) Pause Young (Concurrent Start) (G1 Evacuation Pause) 1944M->920M(2048M) 7.159ms
[18.874s][info][gc       ] GC(259) Concurrent Mark Cycle
[18.918s][info][gc       ] GC(259) Pause Remark 1478M->1412M(2048M) 1.020ms
[18.967s][info][gc,phases] GC(260)   Pre Evacuate Collection Set: 0.25ms
[18.967s][info][gc,phases] GC(260)   Merge Heap Roots: 0.21ms
[18.967s][info][gc,phases] GC(260)   Evacuate Collection Set: 5.62ms
[18.968s][info][gc,phases] GC(260)   Post Evacuate Collection Set: 0.56ms
[18.968s][info][gc,phases] GC(260)   Other: 0.07ms
[18.968s][info][gc       ] GC(260) Pause Young (Normal) (G1 Evacuation Pause) 1878M->870M(2048M) 7.119ms
[19.007s][info][gc       ] GC(259) Pause Cleanup 1555M->1555M(2048M) 0.324ms
[19.008s][info][gc       ] GC(259) Concurrent Mark Cycle 133.955ms
[19.048s][info][gc,phases] GC(261)   Pre Evacuate Collection Set: 0.19ms
[19.048s][info][gc,phases] GC(261)   Merge Heap Roots: 0.19ms
[19.049s][info][gc,phases] GC(261)   Evacuate Collection Set: 5.76ms
[19.049s][info][gc,phases] GC(261)   Post Evacuate Collection Set: 0.48ms
[19.049s][info][gc,phases] GC(261)   Other: 0.07ms
[19.049s][info][gc       ] GC(261) Pause Young (Prepare Mixed) (G1 Evacuation Pause) 1944M->888M(2048M) 7.052ms
[19.152s][info][gc,phases] GC(262)   Pre Evacuate Collection Set: 0.23ms
[19.152s][info][gc,phases] GC(262)   Merge Heap Roots: 0.19ms
[19.152s][info][gc,phases] GC(262)   Evacuate Collection Set: 5.99ms
[19.152s][info][gc,phases] GC(262)   Post Evacuate Collection Set: 0.52ms
[19.152s][info][gc,phases] GC(262)   Other: 0.06ms
[19.152s][info][gc       ] GC(262) Pause Young (Mixed) (G1 Evacuation Pause) 1944M->895M(2048M) 7.377ms
[19.250s][info][gc,phases] GC(263)   Pre Evacuate Collection Set: 0.26ms
[19.250s][info][gc,phases] GC(263)   Merge Heap Roots: 0.17ms
[19.250s][info][gc,phases] GC(263)   Evacuate Collection Set: 5.97ms
[19.250s][info][gc,phases] GC(263)   Post Evacuate Collection Set: 0.47ms
[19.250s][info][gc,phases] GC(263)   Other: 0.12ms
[19.250s][info][gc       ] GC(263) Pause Young (Concurrent Start) (G1 Evacuation Pause) 1944M->912M(2048M) 7.347ms
[19.250s][info][gc       ] GC(264) Concurrent Mark Cycle
[19.298s][info][gc       ] GC(264) Pause Remark 1413M->1340M(2048M) 1.083ms
[19.354s][info][gc,phases] GC(265)   Pre Evacuate Collection Set: 0.20ms
[19.354s][info][gc,phases] GC(265)   Merge Heap Roots: 0.24ms
[19.354s][info][gc,phases] GC(265)   Evacuate Collection Set: 5.73ms
[19.354s][info][gc,phases] GC(265)   Post Evacuate Collection Set: 0.50ms
[19.354s][info][gc,phases] GC(265)   Other: 0.06ms
[19.354s][info][gc       ] GC(265) Pause Young (Normal) (G1 Evacuation Pause) 1871M->856M(2048M) 7.072ms
[19.385s][info][gc       ] GC(264) Pause Cleanup 1409M->1409M(2048M) 0.296ms
[19.386s][info][gc       ] GC(264) Concurrent Mark Cycle 135.801ms
[19.441s][info][gc,phases] GC(266)   Pre Evacuate Collection Set: 0.21ms
[19.441s][info][gc,phases] GC(266)   Merge Heap Roots: 0.18ms
[19.441s][info][gc,phases] GC(266)   Evacuate Collection Set: 5.93ms
[19.441s][info][gc,phases] GC(266)   Post Evacuate Collection Set: 0.50ms
[19.441s][info][gc,phases] GC(266)   Other: 0.06ms
[19.441s][info][gc       ] GC(266) Pause Young (Prepare Mixed) (G1 Evacuation Pause) 1944M->873M(2048M) 7.258ms
[19.547s][info][gc,phases] GC(267)   Pre Evacuate Collection Set: 0.24ms
[19.547s][info][gc,phases] GC(267)   Merge Heap Roots: 0.20ms
[19.547s][info][gc,phases] GC(267)   Evacuate Collection Set: 5.98ms
[19.547s][info][gc,phases] GC(267)   Post Evacuate Collection Set: 0.64ms
[19.547s][info][gc,phases] GC(267)   Other: 0.05ms
[19.547s][info][gc       ] GC(267) Pause Young (Mixed) (G1 Evacuation Pause) (Evacuation Failure) 1944M->898M(2048M) 7.484ms
[19.650s][info][gc,phases] GC(268)   Pre Evacuate Collection Set: 0.24ms
[19.650s][info][gc,phases] GC(268)   Merge Heap Roots: 0.17ms
[19.650s][info][gc,phases] GC(268)   Evacuate Collection Set: 5.99ms
[19.650s][info][gc,phases] GC(268)   Post Evacuate Collection Set: 0.45ms
[19.650s][info][gc,phases] GC(268)   Other: 0.12ms
[19.650s][info][gc       ] GC(268) Pause Young (Concurrent Start) (G1 Evacuation Pause) 1945M->915M(2048M) 7.397ms
[19.650s][info][gc       ] GC(269) Concurrent Mark Cycle
[19.696s][info][gc       ] GC(269) Pause Remark 1718M->1653M(2048M) 1.119ms
[19.718s][info][gc,phases] GC(270)   Pre Evacuate Collection Set: 0.19ms
[19.718s][info][gc,phases] GC(270)   Merge Heap Roots: 0.22ms
[19.718s][info][gc,phases] GC(270)   Evacuate Collection Set: 5.65ms
[19.719s][info][gc,phases] GC(270)   Post Evacuate Collection Set: 0.54ms
[19.719s][info][gc,phases] GC(270)   Other: 0.07ms
[19.719s][info][gc       ] GC(270) Pause Young (Normal) (G1 Evacuation Pause) 1879M->868M(2048M) 7.137ms
[19.784s][info][gc       ] GC(269) Pause Cleanup 1881M->1881M(2048M) 0.293ms
[19.785s][info][gc       ] GC(269) Concurrent Mark Cycle 134.912ms
[19.794s][info][gc,phases] GC(271)   Pre Evacuate Collection Set: 0.21ms
[19.795s][info][gc,phases] GC(271)   Merge Heap Roots: 0.16ms
[19.795s][info][gc,phases] GC(271)   Evacuate Collection Set: 3.10ms
[19.795s][info][gc,phases] GC(271)   Post Evacuate Collection Set: 0.48ms
[19.795s][info][gc,phases] GC(271)   Other: 0.06ms
[19.795s][info][gc       ] GC(271) Pause Young (Prepare Mixed) (G1 Evacuation Pause) 1944M->885M(2048M) 4.364ms
[19.897s][info][gc,phases] GC(272)   Pre Evacuate Collection Set: 0.24ms
[19.897s][info][gc,phases] GC(272)   Merge Heap Roots: 0.22ms
[19.897s][info][gc,phases] GC(272)   Evacuate Collection Set: 3.86ms
[19.897s][info][gc,phases] GC(272)   Post Evacuate Collection Set: 0.48ms
[19.897s][info][gc,phases] GC(272)   Other: 0.07ms
[19.897s][info][gc       ] GC(272) Pause Young (Mixed) (G1 Evacuation Pause) 1944M->894M(2048M) 5.348ms
[19.999s][info][gc,phases] GC(273)   Pre Evacuate Collection Set: 0.28ms
[19.999s][info][gc,phases] GC(273)   Merge Heap Roots: 0.20ms
[19.999s][info][gc,phases] GC(273)   Evacuate Collection Set: 4.76ms
[20.000s][info][gc,phases] GC(273)   Post Evacuate Collection Set: 0.50ms
[20.000s][info][gc,phases] GC(273)   Other: 0.12ms
[20.000s][info][gc       ] GC(273) Pause Young (Concurrent Start) (G1 Evacuation Pause) 1944M->911M(2048M) 6.234ms
[20.000s][info][gc       ] GC(274) Concurrent Mark Cycle
[20.045s][info][gc       ] GC(274) Pause Remark 1626M->1559M(2048M) 1.140ms
[20.070s][info][gc,phases] GC(275)   Pre Evacuate Collection Set: 0.21ms
[20.070s][info][gc,phases] GC(275)   Merge Heap Roots: 0.20ms
[20.070s][info][gc,phases] GC(275)   Evacuate Collection Set: 5.86ms
[20.070s][info][gc,phases] GC(275)   Post Evacuate Collection Set: 0.56ms
[20.070s][info][gc,phases] GC(275)   Other: 0.06ms
[20.070s][info][gc       ] GC(275) Pause Young (Normal) (G1 Evacuation Pause) 1877M->861M(2048M) 7.239ms
[20.133s][info][gc       ] GC(274) Pause Cleanup 1817M->1817M(2048M) 0.299ms
[20.134s][info][gc       ] GC(274) Concurrent Mark Cycle 134.114ms
[20.150s][info][gc,phases] GC(276)   Pre Evacuate Collection Set: 0.22ms
[20.150s][info][gc,phases] GC(276)   Merge Heap Roots: 0.20ms
[20.150s][info][gc,phases] GC(276)   Evacuate Collection Set: 4.52ms
[20.150s][info][gc,phases] GC(276)   Post Evacuate Collection Set: 0.48ms
[20.150s][info][gc,phases] GC(276)   Other: 0.06ms
[20.150s][info][gc       ] GC(276) Pause Young (Prepare Mixed) (G1 Evacuation Pause) 1943M->878M(2048M) 5.889ms
[20.254s][info][gc,phases] GC(277)   Pre Evacuate Collection Set: 0.22ms
[20.254s][info][gc,phases] GC(277)   Merge Heap Roots: 0.19ms
[20.254s][info][gc,phases] GC(277)   Evacuate Collection Set: 6.23ms
[20.254s][info][gc,phases] GC(277)   Post Evacuate Collection Set: 0.76ms
[20.254s][info][gc,phases] GC(277)   Other: 0.07ms
[20.254s][info][gc       ] GC(277) Pause Young (Mixed) (G1 Evacuation Pause) (Evacuation Failure) 1944M->918M(2048M) 7.804ms
[20.353s][info][gc,phases] GC(278)   Pre Evacuate Collection Set: 0.31ms
[20.353s][info][gc,phases] GC(278)   Merge Heap Roots: 0.18ms
[20.353s][info][gc,phases] GC(278)   Evacuate Collection Set: 5.70ms
[20.353s][info][gc,phases] GC(278)   Post Evacuate Collection Set: 0.49ms
[20.353s][info][gc,phases] GC(278)   Other: 0.12ms
[20.353s][info][gc       ] GC(278) Pause Young (Concurrent Start) (G1 Evacuation Pause) 1945M->935M(2048M) 7.170ms
[20.353s][info][gc       ] GC(279) Concurrent Mark Cycle
[20.399s][info][gc       ] GC(279) Pause Remark 1417M->1347M(2048M) 1.255ms
[20.455s][info][gc,phases] GC(280)   Pre Evacuate Collection Set: 0.22ms
[20.455s][info][gc,phases] GC(280)   Merge Heap Roots: 0.20ms
[20.456s][info][gc,phases] GC(280)   Evacuate Collection Set: 5.65ms
[20.456s][info][gc,phases] GC(280)   Post Evacuate Collection Set: 0.61ms
[20.456s][info][gc,phases] GC(280)   Other: 0.06ms
[20.456s][info][gc       ] GC(280) Pause Young (Normal) (G1 Evacuation Pause) 1874M->882M(2048M) 7.165ms
[20.486s][info][gc       ] GC(279) Pause Cleanup 1416M->1416M(2048M) 0.276ms
[20.487s][info][gc       ] GC(279) Concurrent Mark Cycle 133.613ms
[20.541s][info][gc,phases] GC(281)   Pre Evacuate Collection Set: 0.22ms
[20.541s][info][gc,phases] GC(281)   Merge Heap Roots: 0.23ms
[20.541s][info][gc,phases] GC(281)   Evacuate Collection Set: 5.85ms
[20.541s][info][gc,phases] GC(281)   Post Evacuate Collection Set: 0.49ms
[20.541s][info][gc,phases] GC(281)   Other: 0.06ms
[20.541s][info][gc       ] GC(281) Pause Young (Prepare Mixed) (G1 Evacuation Pause) 1944M->899M(2048M) 7.237ms
[20.643s][info][gc,phases] GC(282)   Pre Evacuate Collection Set: 0.25ms
[20.643s][info][gc,phases] GC(282)   Merge Heap Roots: 0.18ms
[20.643s][info][gc,phases] GC(282)   Evacuate Collection Set: 5.91ms
[20.643s][info][gc,phases] GC(282)   Post Evacuate Collection Set: 0.48ms
[20.643s][info][gc,phases] GC(282)   Other: 0.06ms
[20.644s][info][gc       ] GC(282) Pause Young (Mixed) (G1 Evacuation Pause) 1944M->905M(2048M) 7.303ms
[20.745s][info][gc,phases] GC(283)   Pre Evacuate Collection Set: 0.28ms
[20.745s][info][gc,phases] GC(283)   Merge Heap Roots: 0.16ms
[20.745s][info][gc,phases] GC(283)   Evacuate Collection Set: 5.71ms
[20.745s][info][gc,phases] GC(283)   Post Evacuate Collection Set: 0.50ms
[20.745s][info][gc,phases] GC(283)   Other: 0.13ms
[20.745s][info][gc       ] GC(283) Pause Young (Concurrent Start) (G1 Evacuation Pause) 1944M->922M(2048M) 7.176ms
[20.745s][info][gc       ] GC(284) Concurrent Mark Cycle
[20.790s][info][gc       ] GC(284) Pause Remark 1399M->1328M(2048M) 1.089ms
[20.847s][info][gc,phases] GC(285)   Pre Evacuate Collection Set: 0.22ms
[20.847s][info][gc,phases] GC(285)   Merge Heap Roots: 0.22ms
[20.848s][info][gc,phases] GC(285)   Evacuate Collection Set: 5.83ms
[20.848s][info][gc,phases] GC(285)   Post Evacuate Collection Set: 0.55ms
[20.848s][info][gc,phases] GC(285)   Other: 0.06ms
[20.848s][info][gc       ] GC(285) Pause Young (Normal) (G1 Evacuation Pause) 1873M->868M(2048M) 7.281ms
[20.879s][info][gc       ] GC(284) Pause Cleanup 1201M->1201M(2048M) 0.284ms
[20.880s][info][gc       ] GC(284) Concurrent Mark Cycle 134.475ms
[20.952s][info][gc,phases] GC(286)   Pre Evacuate Collection Set: 0.20ms
[20.952s][info][gc,phases] GC(286)   Merge Heap Roots: 0.18ms
[20.952s][info][gc,phases] GC(286)   Evacuate Collection Set: 5.58ms
[20.952s][info][gc,phases] GC(286)   Post Evacuate Collection Set: 0.46ms
[20.952s][info][gc,phases] GC(286)   Other: 0.06ms
[20.952s][info][gc       ] GC(286) Pause Young (Prepare Mixed) (G1 Evacuation Pause) 1944M->885M(2048M) 6.780ms
[21.055s][info][gc,phases] GC(287)   Pre Evacuate Collection Set: 0.24ms
[21.055s][info][gc,phases] GC(287)   Merge Heap Roots: 0.21ms
[21.055s][info][gc,phases] GC(287)   Evacuate Collection Set: 5.77ms
[21.055s][info][gc,phases] GC(287)   Post Evacuate Collection Set: 0.49ms
[21.055s][info][gc,phases] GC(287)   Other: 0.07ms
[21.055s][info][gc       ] GC(287) Pause Young (Mixed) (G1 Evacuation Pause) 1944M->893M(2048M) 7.156ms
[21.158s][info][gc,phases] GC(288)   Pre Evacuate Collection Set: 0.29ms
[21.158s][info][gc,phases] GC(288)   Merge Heap Roots: 0.21ms
[21.158s][info][gc,phases] GC(288)   Evacuate Collection Set: 5.50ms
[21.158s][info][gc,phases] GC(288)   Post Evacuate Collection Set: 0.48ms
[21.158s][info][gc,phases] GC(288)   Other: 0.11ms
[21.158s][info][gc       ] GC(288) Pause Young (Concurrent Start) (G1 Evacuation Pause) 1944M->910M(2048M) 6.994ms
[21.158s][info][gc       ] GC(289) Concurrent Mark Cycle
[21.203s][info][gc       ] GC(289) Pause Remark 1540M->1474M(2048M) 1.062ms
[21.242s][info][gc,phases] GC(290)   Pre Evacuate Collection Set: 0.23ms
[21.242s][info][gc,phases] GC(290)   Merge Heap Roots: 0.21ms
[21.242s][info][gc,phases] GC(290)   Evacuate Collection Set: 5.75ms
[21.242s][info][gc,phases] GC(290)   Post Evacuate Collection Set: 0.54ms
[21.242s][info][gc,phases] GC(290)   Other: 0.07ms
[21.242s][info][gc       ] GC(290) Pause Young (Normal) (G1 Evacuation Pause) 1878M->862M(2048M) 7.227ms
[21.291s][info][gc       ] GC(289) Pause Cleanup 1383M->1383M(2048M) 0.288ms
[21.292s][info][gc       ] GC(289) Concurrent Mark Cycle 133.510ms
[21.347s][info][gc,phases] GC(291)   Pre Evacuate Collection Set: 0.23ms
[21.347s][info][gc,phases] GC(291)   Merge Heap Roots: 0.21ms
[21.347s][info][gc,phases] GC(291)   Evacuate Collection Set: 3.48ms
[21.347s][info][gc,phases] GC(291)   Post Evacuate Collection Set: 0.48ms
[21.347s][info][gc,phases] GC(291)   Other: 0.06ms
[21.347s][info][gc       ] GC(291) Pause Young (Prepare Mixed) (G1 Evacuation Pause) 1944M->878M(2048M) 4.849ms
[21.450s][info][gc,phases] GC(292)   Pre Evacuate Collection Set: 0.27ms
[21.450s][info][gc,phases] GC(292)   Merge Heap Roots: 0.20ms
[21.450s][info][gc,phases] GC(292)   Evacuate Collection Set: 4.86ms
[21.450s][info][gc,phases] GC(292)   Post Evacuate Collection Set: 0.49ms
[21.450s][info][gc,phases] GC(292)   Other: 0.07ms
[21.450s][info][gc       ] GC(292) Pause Young (Mixed) (G1 Evacuation Pause) 1944M->887M(2048M) 6.227ms
[21.551s][info][gc,phases] GC(293)   Pre Evacuate Collection Set: 0.30ms
[21.551s][info][gc,phases] GC(293)   Merge Heap Roots: 0.17ms
[21.551s][info][gc,phases] GC(293)   Evacuate Collection Set: 3.23ms
[21.551s][info][gc,phases] GC(293)   Post Evacuate Collection Set: 0.49ms
[21.551s][info][gc,phases] GC(293)   Other: 0.12ms
[21.551s][info][gc       ] GC(293) Pause Young (Concurrent Start) (G1 Evacuation Pause) 1944M->905M(2048M) 4.722ms
[21.551s][info][gc       ] GC(294) Concurrent Mark Cycle
[21.596s][info][gc       ] GC(294) Pause Remark 1698M->1627M(2048M) 1.154ms
[21.625s][info][gc,phases] GC(295)   Pre Evacuate Collection Set: 0.21ms
[21.625s][info][gc,phases] GC(295)   Merge Heap Roots: 0.20ms
[21.625s][info][gc,phases] GC(295)   Evacuate Collection Set: 3.80ms
[21.625s][info][gc,phases] GC(295)   Post Evacuate Collection Set: 0.51ms
[21.625s][info][gc,phases] GC(295)   Other: 0.07ms
[21.625s][info][gc       ] GC(295) Pause Young (Normal) (G1 Evacuation Pause) 1873M->852M(2048M) 5.238ms
[21.684s][info][gc       ] GC(294) Pause Cleanup 1506M->1506M(2048M) 0.297ms
[21.685s][info][gc       ] GC(294) Concurrent Mark Cycle 133.659ms
[21.731s][info][gc,phases] GC(296)   Pre Evacuate Collection Set: 0.30ms
[21.731s][info][gc,phases] GC(296)   Merge Heap Roots: 0.21ms
[21.731s][info][gc,phases] GC(296)   Evacuate Collection Set: 4.87ms
[21.731s][info][gc,phases] GC(296)   Post Evacuate Collection Set: 0.53ms
[21.731s][info][gc,phases] GC(296)   Other: 0.05ms
[21.731s][info][gc       ] GC(296) Pause Young (Prepare Mixed) (G1 Evacuation Pause) 1944M->869M(2048M) 6.417ms
[21.831s][info][gc,phases] GC(297)   Pre Evacuate Collection Set: 0.19ms
[21.831s][info][gc,phases] GC(297)   Merge Heap Roots: 0.20ms
[21.831s][info][gc,phases] GC(297)   Evacuate Collection Set: 5.87ms
[21.831s][info][gc,phases] GC(297)   Post Evacuate Collection Set: 0.76ms
[21.831s][info][gc,phases] GC(297)   Other: 0.07ms
[21.831s][info][gc       ] GC(297) Pause Young (Mixed) (G1 Evacuation Pause) (Evacuation Failure) 1944M->920M(2048M) 7.437ms
[21.932s][info][gc,phases] GC(298)   Pre Evacuate Collection Set: 0.32ms
[21.932s][info][gc,phases] GC(298)   Merge Heap Roots: 0.19ms
[21.933s][info][gc,phases] GC(298)   Evacuate Collection Set: 5.51ms
[21.933s][info][gc,phases] GC(298)   Post Evacuate Collection Set: 0.51ms
[21.933s][info][gc,phases] GC(298)   Other: 0.13ms
[21.933s][info][gc       ] GC(298) Pause Young (Concurrent Start) (G1 Evacuation Pause) 1945M->936M(2048M) 7.050ms
[21.933s][info][gc       ] GC(299) Concurrent Mark Cycle
[21.978s][info][gc       ] GC(299) Pause Remark 1405M->1335M(2048M) 1.068ms
[22.029s][info][gc,phases] GC(300)   Pre Evacuate Collection Set: 0.19ms
[22.029s][info][gc,phases] GC(300)   Merge Heap Roots: 0.25ms
[22.030s][info][gc,phases] GC(300)   Evacuate Collection Set: 5.71ms
[22.030s][info][gc,phases] GC(300)   Post Evacuate Collection Set: 0.56ms
[22.030s][info][gc,phases] GC(300)   Other: 0.06ms
[22.030s][info][gc       ] GC(300) Pause Young (Normal) (G1 Evacuation Pause) 1874M->883M(2048M) 7.218ms
[22.065s][info][gc       ] GC(299) Pause Cleanup 1289M->1289M(2048M) 0.307ms
[22.066s][info][gc       ] GC(299) Concurrent Mark Cycle 133.016ms
[22.131s][info][gc,phases] GC(301)   Pre Evacuate Collection Set: 0.20ms
[22.132s][info][gc,phases] GC(301)   Merge Heap Roots: 0.19ms
[22.132s][info][gc,phases] GC(301)   Evacuate Collection Set: 5.93ms
[22.132s][info][gc,phases] GC(301)   Post Evacuate Collection Set: 0.47ms
[22.132s][info][gc,phases] GC(301)   Other: 0.06ms
[22.132s][info][gc       ] GC(301) Pause Young (Prepare Mixed) (G1 Evacuation Pause) 1944M->900M(2048M) 7.149ms
[22.234s][info][gc,phases] GC(302)   Pre Evacuate Collection Set: 0.23ms
[22.234s][info][gc,phases] GC(302)   Merge Heap Roots: 0.20ms
[22.234s][info][gc,phases] GC(302)   Evacuate Collection Set: 5.89ms
[22.234s][info][gc,phases] GC(302)   Post Evacuate Collection Set: 0.51ms
[22.234s][info][gc,phases] GC(302)   Other: 0.07ms
[22.234s][info][gc       ] GC(302) Pause Young (Mixed) (G1 Evacuation Pause) 1944M->905M(2048M) 7.308ms
[22.330s][info][gc,phases] GC(303)   Pre Evacuate Collection Set: 0.27ms
[22.330s][info][gc,phases] GC(303)   Merge Heap Roots: 0.19ms
[22.330s][info][gc,phases] GC(303)   Evacuate Collection Set: 5.72ms
[22.331s][info][gc,phases] GC(303)   Post Evacuate Collection Set: 0.48ms
[22.331s][info][gc,phases] GC(303)   Other: 0.12ms
[22.331s][info][gc       ] GC(303) Pause Young (Concurrent Start) (G1 Evacuation Pause) 1944M->922M(2048M) 7.143ms
[22.331s][info][gc       ] GC(304) Concurrent Mark Cycle
[22.375s][info][gc       ] GC(304) Pause Remark 1396M->1325M(2048M) 1.078ms
[22.432s][info][gc,phases] GC(305)   Pre Evacuate Collection Set: 0.22ms
[22.433s][info][gc,phases] GC(305)   Merge Heap Roots: 0.21ms
[22.433s][info][gc,phases] GC(305)   Evacuate Collection Set: 5.81ms
[22.433s][info][gc,phases] GC(305)   Post Evacuate Collection Set: 0.49ms
[22.433s][info][gc,phases] GC(305)   Other: 0.06ms
[22.433s][info][gc       ] GC(305) Pause Young (Normal) (G1 Evacuation Pause) 1873M->868M(2048M) 7.154ms
[22.462s][info][gc       ] GC(304) Pause Cleanup 1379M->1379M(2048M) 0.287ms
[22.462s][info][gc       ] GC(304) Concurrent Mark Cycle 131.779ms
[22.520s][info][gc,phases] GC(306)   Pre Evacuate Collection Set: 0.23ms
[22.520s][info][gc,phases] GC(306)   Merge Heap Roots: 0.15ms
[22.520s][info][gc,phases] GC(306)   Evacuate Collection Set: 5.97ms
[22.520s][info][gc,phases] GC(306)   Post Evacuate Collection Set: 0.48ms
[22.520s][info][gc,phases] GC(306)   Other: 0.06ms
[22.520s][info][gc       ] GC(306) Pause Young (Prepare Mixed) (G1 Evacuation Pause) 1943M->885M(2048M) 7.295ms
[22.623s][info][gc,phases] GC(307)   Pre Evacuate Collection Set: 0.22ms
[22.623s][info][gc,phases] GC(307)   Merge Heap Roots: 0.21ms
[22.623s][info][gc,phases] GC(307)   Evacuate Collection Set: 5.80ms
[22.623s][info][gc,phases] GC(307)   Post Evacuate Collection Set: 0.61ms
[22.623s][info][gc,phases] GC(307)   Other: 0.07ms
[22.623s][info][gc       ] GC(307) Pause Young (Mixed) (G1 Evacuation Pause) (Evacuation Failure) 1944M->907M(2048M) 7.265ms
[22.715s][info][gc,phases] GC(308)   Pre Evacuate Collection Set: 0.23ms
[22.715s][info][gc,phases] GC(308)   Merge Heap Roots: 0.17ms
[22.715s][info][gc,phases] GC(308)   Evacuate Collection Set: 5.74ms
[22.715s][info][gc,phases] GC(308)   Post Evacuate Collection Set: 0.45ms
[22.715s][info][gc,phases] GC(308)   Other: 0.12ms
[22.716s][info][gc       ] GC(308) Pause Young (Concurrent Start) (G1 Evacuation Pause) 1945M->923M(2048M) 7.137ms
[22.716s][info][gc       ] GC(309) Concurrent Mark Cycle
[22.761s][info][gc       ] GC(309) Pause Remark 1414M->1344M(2048M) 1.072ms
[22.817s][info][gc,phases] GC(310)   Pre Evacuate Collection Set: 0.23ms
[22.817s][info][gc,phases] GC(310)   Merge Heap Roots: 0.21ms
[22.817s][info][gc,phases] GC(310)   Evacuate Collection Set: 5.86ms
[22.817s][info][gc,phases] GC(310)   Post Evacuate Collection Set: 0.55ms
[22.817s][info][gc,phases] GC(310)   Other: 0.07ms
[22.817s][info][gc       ] GC(310) Pause Young (Normal) (G1 Evacuation Pause) 1874M->870M(2048M) 7.265ms
[22.847s][info][gc       ] GC(309) Pause Cleanup 1192M->1192M(2048M) 0.268ms
[22.848s][info][gc       ] GC(309) Concurrent Mark Cycle 132.302ms
[22.920s][info][gc,phases] GC(311)   Pre Evacuate Collection Set: 0.23ms
[22.920s][info][gc,phases] GC(311)   Merge Heap Roots: 0.16ms
[22.920s][info][gc,phases] GC(311)   Evacuate Collection Set: 3.18ms
[22.920s][info][gc,phases] GC(311)   Post Evacuate Collection Set: 0.47ms
[22.920s][info][gc,phases] GC(311)   Other: 0.06ms
[22.920s][info][gc       ] GC(311) Pause Young (Prepare Mixed) (G1 Evacuation Pause) 1944M->887M(2048M) 4.463ms
[23.023s][info][gc,phases] GC(312)   Pre Evacuate Collection Set: 0.20ms
[23.023s][info][gc,phases] GC(312)   Merge Heap Roots: 0.20ms
[23.023s][info][gc,phases] GC(312)   Evacuate Collection Set: 5.02ms
[23.023s][info][gc,phases] GC(312)   Post Evacuate Collection Set: 0.47ms
[23.023s][info][gc,phases] GC(312)   Other: 0.06ms
[23.023s][info][gc       ] GC(312) Pause Young (Mixed) (G1 Evacuation Pause) 1944M->894M(2048M) 6.370ms
[23.126s][info][gc,phases] GC(313)   Pre Evacuate Collection Set: 0.27ms
[23.126s][info][gc,phases] GC(313)   Merge Heap Roots: 0.16ms
[23.126s][info][gc,phases] GC(313)   Evacuate Collection Set: 4.53ms
[23.126s][info][gc,phases] GC(313)   Post Evacuate Collection Set: 0.54ms
[23.126s][info][gc,phases] GC(313)   Other: 0.14ms
[23.126s][info][gc       ] GC(313) Pause Young (Concurrent Start) (G1 Evacuation Pause) 1944M->912M(2048M) 6.050ms
[23.126s][info][gc       ] GC(314) Concurrent Mark Cycle
[23.171s][info][gc       ] GC(314) Pause Remark 1386M->1320M(2048M) 1.087ms
[23.229s][info][gc,phases] GC(315)   Pre Evacuate Collection Set: 0.18ms
[23.229s][info][gc,phases] GC(315)   Merge Heap Roots: 0.22ms
[23.229s][info][gc,phases] GC(315)   Evacuate Collection Set: 5.58ms
[23.229s][info][gc,phases] GC(315)   Post Evacuate Collection Set: 0.60ms
[23.230s][info][gc,phases] GC(315)   Other: 0.06ms
[23.230s][info][gc       ] GC(315) Pause Young (Normal) (G1 Evacuation Pause) 1878M->863M(2048M) 7.104ms
[23.259s][info][gc       ] GC(314) Pause Cleanup 1327M->1327M(2048M) 0.269ms
[23.260s][info][gc       ] GC(314) Concurrent Mark Cycle 133.339ms
[23.323s][info][gc,phases] GC(316)   Pre Evacuate Collection Set: 0.25ms
[23.323s][info][gc,phases] GC(316)   Merge Heap Roots: 0.20ms
[23.323s][info][gc,phases] GC(316)   Evacuate Collection Set: 5.99ms
[23.323s][info][gc,phases] GC(316)   Post Evacuate Collection Set: 0.46ms
[23.323s][info][gc,phases] GC(316)   Other: 0.06ms
[23.323s][info][gc       ] GC(316) Pause Young (Prepare Mixed) (G1 Evacuation Pause) 1944M->880M(2048M) 7.311ms
[23.429s][info][gc,phases] GC(317)   Pre Evacuate Collection Set: 0.20ms
[23.429s][info][gc,phases] GC(317)   Merge Heap Roots: 0.18ms
[23.429s][info][gc,phases] GC(317)   Evacuate Collection Set: 5.86ms
[23.430s][info][gc,phases] GC(317)   Post Evacuate Collection Set: 0.59ms
[23.430s][info][gc,phases] GC(317)   Other: 0.07ms
[23.430s][info][gc       ] GC(317) Pause Young (Mixed) (G1 Evacuation Pause) (Evacuation Failure) 1944M->898M(2048M) 7.271ms
