[0.003s][info][gc] Using G1
[0.316s][info][gc,phases] GC(0)   Pre Evacuate Collection Set: 0.19ms
[0.316s][info][gc,phases] GC(0)   Merge Heap Roots: 0.07ms
[0.316s][info][gc,phases] GC(0)   Evacuate Collection Set: 5.09ms
[0.316s][info][gc,phases] GC(0)   Post Evacuate Collection Set: 0.58ms
[0.316s][info][gc,phases] GC(0)   Other: 0.50ms
[0.316s][info][gc       ] GC(0) Pause Young (Normal) (G1 Evacuation Pause) 108M->78M(2048M) 6.922ms
[0.330s][info][gc,phases] GC(1)   Pre Evacuate Collection Set: 0.30ms
[0.330s][info][gc,phases] GC(1)   Merge Heap Roots: 0.09ms
[0.330s][info][gc,phases] GC(1)   Evacuate Collection Set: 4.21ms
[0.330s][info][gc,phases] GC(1)   Post Evacuate Collection Set: 0.40ms
[0.330s][info][gc,phases] GC(1)   Other: 0.04ms
[0.330s][info][gc       ] GC(1) Pause Young (Normal) (G1 Evacuation Pause) 167M->168M(2048M) 5.363ms
[0.342s][info][gc,phases] GC(2)   Pre Evacuate Collection Set: 0.20ms
[0.342s][info][gc,phases] GC(2)   Merge Heap Roots: 0.07ms
[0.342s][info][gc,phases] GC(2)   Evacuate Collection Set: 3.49ms
[0.342s][info][gc,phases] GC(2)   Post Evacuate Collection Set: 0.31ms
[0.342s][info][gc,phases] GC(2)   Other: 0.04ms
[0.342s][info][gc       ] GC(2) Pause Young (Normal) (G1 Evacuation Pause) 257M->259M(2048M) 4.444ms
[0.356s][info][gc,phases] GC(3)   Pre Evacuate Collection Set: 0.21ms
[0.356s][info][gc,phases] GC(3)   Merge Heap Roots: 0.06ms
[0.356s][info][gc,phases] GC(3)   Evacuate Collection Set: 3.35ms
[0.356s][info][gc,phases] GC(3)   Post Evacuate Collection Set: 0.30ms
[0.357s][info][gc,phases] GC(3)   Other: 0.05ms
[0.357s][info][gc       ] GC(3) Pause Young (Normal) (G1 Evacuation Pause) 348M->349M(2048M) 4.285ms
[0.371s][info][gc,phases] GC(4)   Pre Evacuate Collection Set: 0.21ms
[0.371s][info][gc,phases] GC(4)   Merge Heap Roots: 0.06ms
[0.371s][info][gc,phases] GC(4)   Evacuate Collection Set: 3.63ms
[0.371s][info][gc,phases] GC(4)   Post Evacuate Collection Set: 0.30ms
[0.371s][info][gc,phases] GC(4)   Other: 0.04ms
[0.371s][info][gc       ] GC(4) Pause Young (Normal) (G1 Evacuation Pause) 438M->439M(2048M) 4.529ms
[0.385s][info][gc,phases] GC(5)   Pre Evacuate Collection Set: 0.34ms
[0.385s][info][gc,phases] GC(5)   Merge Heap Roots: 0.06ms
[0.385s][info][gc,phases] GC(5)   Evacuate Collection Set: 3.57ms
[0.385s][info][gc,phases] GC(5)   Post Evacuate Collection Set: 0.31ms
[0.385s][info][gc,phases] GC(5)   Other: 0.04ms
[0.385s][info][gc       ] GC(5) Pause Young (Normal) (G1 Evacuation Pause) 528M->529M(2048M) 4.697ms
[0.399s][info][gc,phases] GC(6)   Pre Evacuate Collection Set: 0.28ms
[0.399s][info][gc,phases] GC(6)   Merge Heap Roots: 0.06ms
[0.400s][info][gc,phases] GC(6)   Evacuate Collection Set: 3.47ms
[0.400s][info][gc,phases] GC(6)   Post Evacuate Collection Set: 0.31ms
[0.400s][info][gc,phases] GC(6)   Other: 0.04ms
[0.400s][info][gc       ] GC(6) Pause Young (Normal) (G1 Evacuation Pause) 618M->619M(2048M) 4.578ms
[0.414s][info][gc,phases] GC(7)   Pre Evacuate Collection Set: 0.25ms
[0.414s][info][gc,phases] GC(7)   Merge Heap Roots: 0.07ms
[0.414s][info][gc,phases] GC(7)   Evacuate Collection Set: 3.63ms
[0.414s][info][gc,phases] GC(7)   Post Evacuate Collection Set: 0.31ms
[0.414s][info][gc,phases] GC(7)   Other: 0.04ms
[0.414s][info][gc       ] GC(7) Pause Young (Normal) (G1 Evacuation Pause) 708M->709M(2048M) 4.649ms
[0.428s][info][gc,phases] GC(8)   Pre Evacuate Collection Set: 0.24ms
[0.428s][info][gc,phases] GC(8)   Merge Heap Roots: 0.06ms
[0.428s][info][gc,phases] GC(8)   Evacuate Collection Set: 3.44ms
[0.428s][info][gc,phases] GC(8)   Post Evacuate Collection Set: 0.33ms
[0.428s][info][gc,phases] GC(8)   Other: 0.04ms
[0.428s][info][gc       ] GC(8) Pause Young (Normal) (G1 Evacuation Pause) 798M->799M(2048M) 4.478ms
[0.447s][info][gc,phases] GC(9)   Pre Evacuate Collection Set: 0.20ms
[0.447s][info][gc,phases] GC(9)   Merge Heap Roots: 0.09ms
[0.447s][info][gc,phases] GC(9)   Evacuate Collection Set: 0.87ms
[0.447s][info][gc,phases] GC(9)   Post Evacuate Collection Set: 0.36ms
[0.447s][info][gc,phases] GC(9)   Other: 0.04ms
[0.447s][info][gc       ] GC(9) Pause Young (Normal) (G1 Evacuation Pause) 888M->804M(2048M) 1.997ms
[0.454s][info][gc,phases] GC(10)   Pre Evacuate Collection Set: 0.24ms
[0.454s][info][gc,phases] GC(10)   Merge Heap Roots: 0.06ms
[0.454s][info][gc,phases] GC(10)   Evacuate Collection Set: 0.60ms
[0.454s][info][gc,phases] GC(10)   Post Evacuate Collection Set: 0.33ms
[0.455s][info][gc,phases] GC(10)   Other: 0.05ms
[0.455s][info][gc       ] GC(10) Pause Young (Normal) (G1 Evacuation Pause) 910M->806M(2048M) 1.564ms
[0.517s][info][gc,phases] GC(11)   Pre Evacuate Collection Set: 0.24ms
[0.517s][info][gc,phases] GC(11)   Merge Heap Roots: 0.19ms
[0.517s][info][gc,phases] GC(11)   Evacuate Collection Set: 2.09ms
[0.517s][info][gc,phases] GC(11)   Post Evacuate Collection Set: 0.50ms
[0.517s][info][gc,phases] GC(11)   Other: 0.08ms
[0.517s][info][gc       ] GC(11) Pause Young (Normal) (G1 Evacuation Pause) 1727M->821M(2048M) 3.456ms
[0.576s][info][gc,phases] GC(12)   Pre Evacuate Collection Set: 0.21ms
[0.576s][info][gc,phases] GC(12)   Merge Heap Roots: 0.18ms
[0.576s][info][gc,phases] GC(12)   Evacuate Collection Set: 2.92ms
[0.576s][info][gc,phases] GC(12)   Post Evacuate Collection Set: 0.53ms
[0.576s][info][gc,phases] GC(12)   Other: 0.07ms
[0.576s][info][gc       ] GC(12) Pause Young (Normal) (G1 Evacuation Pause) 1846M->837M(2048M) 4.324ms
[0.635s][info][gc,phases] GC(13)   Pre Evacuate Collection Set: 0.22ms
[0.636s][info][gc,phases] GC(13)   Merge Heap Roots: 0.20ms
[0.636s][info][gc,phases] GC(13)   Evacuate Collection Set: 3.22ms
[0.636s][info][gc,phases] GC(13)   Post Evacuate Collection Set: 0.50ms
[0.636s][info][gc,phases] GC(13)   Other: 0.05ms
[0.636s][info][gc       ] GC(13) Pause Young (Normal) (G1 Evacuation Pause) 1881M->853M(2048M) 4.576ms
[0.729s][info][gc,phases] GC(14)   Pre Evacuate Collection Set: 0.21ms
[0.729s][info][gc,phases] GC(14)   Merge Heap Roots: 0.22ms
[0.729s][info][gc,phases] GC(14)   Evacuate Collection Set: 3.59ms
[0.729s][info][gc,phases] GC(14)   Post Evacuate Collection Set: 0.55ms
[0.729s][info][gc,phases] GC(14)   Other: 0.06ms
[0.729s][info][gc       ] GC(14) Pause Young (Normal) (G1 Evacuation Pause) 1910M->869M(2048M) 4.961ms
[0.790s][info][gc,phases] GC(15)   Pre Evacuate Collection Set: 0.22ms
[0.790s][info][gc,phases] GC(15)   Merge Heap Roots: 0.17ms
[0.790s][info][gc,phases] GC(15)   Evacuate Collection Set: 3.90ms
[0.790s][info][gc,phases] GC(15)   Post Evacuate Collection Set: 0.60ms
[0.790s][info][gc,phases] GC(15)   Other: 0.06ms
[0.791s][info][gc       ] GC(15) Pause Young (Normal) (G1 Evacuation Pause) 1935M->884M(2048M) 5.412ms
[0.853s][info][gc,phases] GC(16)   Pre Evacuate Collection Set: 0.22ms
[0.853s][info][gc,phases] GC(16)   Merge Heap Roots: 0.19ms
[0.853s][info][gc,phases] GC(16)   Evacuate Collection Set: 5.95ms
[0.853s][info][gc,phases] GC(16)   Post Evacuate Collection Set: 0.46ms
[0.853s][info][gc,phases] GC(16)   Other: 0.06ms
[0.854s][info][gc       ] GC(16) Pause Young (Normal) (G1 Evacuation Pause) 1943M->899M(2048M) 7.280ms
[0.914s][info][gc,phases] GC(17)   Pre Evacuate Collection Set: 0.24ms
[0.915s][info][gc,phases] GC(17)   Merge Heap Roots: 0.20ms
[0.915s][info][gc,phases] GC(17)   Evacuate Collection Set: 5.42ms
[0.915s][info][gc,phases] GC(17)   Post Evacuate Collection Set: 0.49ms
[0.915s][info][gc,phases] GC(17)   Other: 0.05ms
[0.915s][info][gc       ] GC(17) Pause Young (Normal) (G1 Evacuation Pause) 1943M->914M(2048M) 6.801ms
[0.975s][info][gc,phases] GC(18)   Pre Evacuate Collection Set: 0.20ms
[0.975s][info][gc,phases] GC(18)   Merge Heap Roots: 0.20ms
[0.975s][info][gc,phases] GC(18)   Evacuate Collection Set: 5.46ms
[0.975s][info][gc,phases] GC(18)   Post Evacuate Collection Set: 0.47ms
[0.975s][info][gc,phases] GC(18)   Other: 0.05ms
[0.975s][info][gc       ] GC(18) Pause Young (Normal) (G1 Evacuation Pause) 1943M->930M(2048M) 6.743ms
[1.034s][info][gc,phases] GC(19)   Pre Evacuate Collection Set: 0.22ms
[1.035s][info][gc,phases] GC(19)   Merge Heap Roots: 0.20ms
[1.035s][info][gc,phases] GC(19)   Evacuate Collection Set: 5.39ms
[1.035s][info][gc,phases] GC(19)   Post Evacuate Collection Set: 0.48ms
[1.035s][info][gc,phases] GC(19)   Other: 0.06ms
[1.035s][info][gc       ] GC(19) Pause Young (Normal) (G1 Evacuation Pause) 1943M->943M(2048M) 6.666ms
[1.093s][info][gc,phases] GC(20)   Pre Evacuate Collection Set: 0.22ms
[1.094s][info][gc,phases] GC(20)   Merge Heap Roots: 0.21ms
[1.094s][info][gc,phases] GC(20)   Evacuate Collection Set: 5.54ms
[1.094s][info][gc,phases] GC(20)   Post Evacuate Collection Set: 0.46ms
[1.094s][info][gc,phases] GC(20)   Other: 0.05ms
[1.094s][info][gc       ] GC(20) Pause Young (Normal) (G1 Evacuation Pause) 1943M->958M(2048M) 6.757ms
[1.151s][info][gc,phases] GC(21)   Pre Evacuate Collection Set: 0.21ms
[1.151s][info][gc,phases] GC(21)   Merge Heap Roots: 0.20ms
[1.152s][info][gc,phases] GC(21)   Evacuate Collection Set: 5.43ms
[1.152s][info][gc,phases] GC(21)   Post Evacuate Collection Set: 0.48ms
[1.152s][info][gc,phases] GC(21)   Other: 0.05ms
[1.152s][info][gc       ] GC(21) Pause Young (Normal) (G1 Evacuation Pause) 1942M->973M(2048M) 6.665ms
[1.208s][info][gc,phases] GC(22)   Pre Evacuate Collection Set: 0.19ms
[1.209s][info][gc,phases] GC(22)   Merge Heap Roots: 0.18ms
[1.209s][info][gc,phases] GC(22)   Evacuate Collection Set: 5.32ms
[1.209s][info][gc,phases] GC(22)   Post Evacuate Collection Set: 0.48ms
[1.209s][info][gc,phases] GC(22)   Other: 0.06ms
[1.209s][info][gc       ] GC(22) Pause Young (Normal) (G1 Evacuation Pause) 1943M->987M(2048M) 6.545ms
[1.265s][info][gc,phases] GC(23)   Pre Evacuate Collection Set: 0.23ms
[1.265s][info][gc,phases] GC(23)   Merge Heap Roots: 0.17ms
[1.265s][info][gc,phases] GC(23)   Evacuate Collection Set: 5.12ms
[1.265s][info][gc,phases] GC(23)   Post Evacuate Collection Set: 0.46ms
[1.265s][info][gc,phases] GC(23)   Other: 0.05ms
[1.265s][info][gc       ] GC(23) Pause Young (Normal) (G1 Evacuation Pause) 1943M->1000M(2048M) 6.456ms
[1.321s][info][gc,phases] GC(24)   Pre Evacuate Collection Set: 0.24ms
[1.321s][info][gc,phases] GC(24)   Merge Heap Roots: 0.18ms
[1.321s][info][gc,phases] GC(24)   Evacuate Collection Set: 5.30ms
[1.321s][info][gc,phases] GC(24)   Post Evacuate Collection Set: 0.46ms
[1.321s][info][gc,phases] GC(24)   Other: 0.10ms
[1.321s][info][gc       ] GC(24) Pause Young (Concurrent Start) (G1 Evacuation Pause) 1943M->1014M(2048M) 6.711ms
[1.321s][info][gc       ] GC(25) Concurrent Mark Cycle
[1.370s][info][gc       ] GC(25) Pause Remark 1914M->1914M(2048M) 1.171ms
[1.379s][info][gc,phases] GC(26)   Pre Evacuate Collection Set: 0.18ms
[1.380s][info][gc,phases] GC(26)   Merge Heap Roots: 0.22ms
[1.380s][info][gc,phases] GC(26)   Evacuate Collection Set: 5.71ms
[1.380s][info][gc,phases] GC(26)   Post Evacuate Collection Set: 0.52ms
[1.380s][info][gc,phases] GC(26)   Other: 0.05ms
[1.380s][info][gc       ] GC(26) Pause Young (Normal) (G1 Evacuation Pause) 1943M->1028M(2048M) 7.071ms
[1.435s][info][gc,phases] GC(27)   Pre Evacuate Collection Set: 0.21ms
[1.435s][info][gc,phases] GC(27)   Merge Heap Roots: 0.23ms
[1.435s][info][gc,phases] GC(27)   Evacuate Collection Set: 5.60ms
[1.435s][info][gc,phases] GC(27)   Post Evacuate Collection Set: 0.45ms
[1.435s][info][gc,phases] GC(27)   Other: 0.05ms
[1.435s][info][gc       ] GC(27) Pause Young (Normal) (G1 Evacuation Pause) 1944M->1041M(2048M) 6.813ms
[1.464s][info][gc       ] GC(25) Pause Cleanup 1571M->1571M(2048M) 0.481ms
[1.465s][info][gc       ] GC(25) Concurrent Mark Cycle 143.321ms
[1.490s][info][gc,phases] GC(28)   Pre Evacuate Collection Set: 0.23ms
[1.490s][info][gc,phases] GC(28)   Merge Heap Roots: 0.21ms
[1.490s][info][gc,phases] GC(28)   Evacuate Collection Set: 5.44ms
[1.490s][info][gc,phases] GC(28)   Post Evacuate Collection Set: 0.51ms
[1.490s][info][gc,phases] GC(28)   Other: 0.05ms
[1.490s][info][gc       ] GC(28) Pause Young (Prepare Mixed) (G1 Evacuation Pause) 1943M->1055M(2048M) 6.753ms
[1.555s][info][gc,phases] GC(29)   Pre Evacuate Collection Set: 0.21ms
[1.555s][info][gc,phases] GC(29)   Merge Heap Roots: 0.20ms
[1.555s][info][gc,phases] GC(29)   Evacuate Collection Set: 8.07ms
[1.555s][info][gc,phases] GC(29)   Post Evacuate Collection Set: 10.02ms
[1.555s][info][gc,phases] GC(29)   Other: 0.07ms
[1.555s][info][gc       ] GC(29) Pause Young (Mixed) (G1 Evacuation Pause) (Evacuation Failure) 1943M->1944M(2048M) 18.925ms
[1.568s][info][gc,phases] GC(30)   Pre Evacuate Collection Set: 0.25ms
[1.568s][info][gc,phases] GC(30)   Merge Heap Roots: 0.13ms
[1.568s][info][gc,phases] GC(30)   Evacuate Collection Set: 2.32ms
[1.568s][info][gc,phases] GC(30)   Post Evacuate Collection Set: 4.49ms
[1.568s][info][gc,phases] GC(30)   Other: 0.05ms
[1.568s][info][gc       ] GC(30) Pause Young (Mixed) (G1 Evacuation Pause) (Evacuation Failure) 2040M->1950M(2048M) 7.515ms
[1.578s][info][gc,phases] GC(31)   Pre Evacuate Collection Set: 0.26ms
[1.578s][info][gc,phases] GC(31)   Merge Heap Roots: 0.12ms
[1.578s][info][gc,phases] GC(31)   Evacuate Collection Set: 1.06ms
[1.578s][info][gc,phases] GC(31)   Post Evacuate Collection Set: 3.30ms
[1.578s][info][gc,phases] GC(31)   Other: 0.04ms
[1.578s][info][gc       ] GC(31) Pause Young (Mixed) (G1 Evacuation Pause) (Evacuation Failure) 2047M->2047M(2048M) 5.069ms
[1.593s][info][gc,phases] GC(32) Phase 1: Mark live objects 14.006ms
[1.615s][info][gc,phases] GC(32) Phase 2: Prepare compaction 22.448ms
[1.633s][info][gc,phases] GC(32) Phase 3: Adjust pointers 18.014ms
[1.649s][info][gc,phases] GC(32) Phase 4: Compact heap 15.448ms
[1.651s][info][gc,phases] GC(32) Phase 5: Reset Metadata 1.839ms
[1.652s][info][gc       ] GC(32) Pause Full (G1 Compaction Pause) 2047M->790M(2048M) 73.728ms
[1.766s][info][gc,phases] GC(33)   Pre Evacuate Collection Set: 0.20ms
[1.767s][info][gc,phases] GC(33)   Merge Heap Roots: 0.27ms
[1.767s][info][gc,phases] GC(33)   Evacuate Collection Set: 1.90ms
[1.767s][info][gc,phases] GC(33)   Post Evacuate Collection Set: 0.52ms
[1.767s][info][gc,phases] GC(33)   Other: 0.07ms
[1.767s][info][gc       ] GC(33) Pause Young (Normal) (G1 Evacuation Pause) 1942M->808M(2048M) 3.298ms
[1.830s][info][gc,phases] GC(34)   Pre Evacuate Collection Set: 0.20ms
[1.830s][info][gc,phases] GC(34)   Merge Heap Roots: 0.22ms
[1.831s][info][gc,phases] GC(34)   Evacuate Collection Set: 2.43ms
[1.831s][info][gc,phases] GC(34)   Post Evacuate Collection Set: 0.49ms
[1.831s][info][gc,phases] GC(34)   Other: 0.06ms
[1.831s][info][gc       ] GC(34) Pause Young (Normal) (G1 Evacuation Pause) 1941M->827M(2048M) 3.754ms
[1.892s][info][gc,phases] GC(35)   Pre Evacuate Collection Set: 0.21ms
[1.893s][info][gc,phases] GC(35)   Merge Heap Roots: 0.18ms
[1.893s][info][gc,phases] GC(35)   Evacuate Collection Set: 2.76ms
[1.893s][info][gc,phases] GC(35)   Post Evacuate Collection Set: 0.48ms
[1.893s][info][gc,phases] GC(35)   Other: 0.06ms
[1.893s][info][gc       ] GC(35) Pause Young (Normal) (G1 Evacuation Pause) 1942M->844M(2048M) 4.093ms
[1.954s][info][gc,phases] GC(36)   Pre Evacuate Collection Set: 0.21ms
[1.954s][info][gc,phases] GC(36)   Merge Heap Roots: 0.21ms
[1.954s][info][gc,phases] GC(36)   Evacuate Collection Set: 3.06ms
[1.954s][info][gc,phases] GC(36)   Post Evacuate Collection Set: 0.47ms
[1.954s][info][gc,phases] GC(36)   Other: 0.06ms
[1.955s][info][gc       ] GC(36) Pause Young (Normal) (G1 Evacuation Pause) 1942M->860M(2048M) 4.316ms
[2.016s][info][gc,phases] GC(37)   Pre Evacuate Collection Set: 0.20ms
[2.016s][info][gc,phases] GC(37)   Merge Heap Roots: 0.17ms
[2.016s][info][gc,phases] GC(37)   Evacuate Collection Set: 3.39ms
[2.016s][info][gc,phases] GC(37)   Post Evacuate Collection Set: 0.51ms
[2.016s][info][gc,phases] GC(37)   Other: 0.06ms
[2.016s][info][gc       ] GC(37) Pause Young (Normal) (G1 Evacuation Pause) 1942M->875M(2048M) 4.630ms
[2.081s][info][gc,phases] GC(38)   Pre Evacuate Collection Set: 0.20ms
[2.081s][info][gc,phases] GC(38)   Merge Heap Roots: 0.21ms
[2.081s][info][gc,phases] GC(38)   Evacuate Collection Set: 5.92ms
[2.081s][info][gc,phases] GC(38)   Post Evacuate Collection Set: 0.51ms
[2.081s][info][gc,phases] GC(38)   Other: 0.06ms
[2.081s][info][gc       ] GC(38) Pause Young (Normal) (G1 Evacuation Pause) 1941M->891M(2048M) 7.224ms
[2.143s][info][gc,phases] GC(39)   Pre Evacuate Collection Set: 0.20ms
[2.143s][info][gc,phases] GC(39)   Merge Heap Roots: 0.19ms
[2.143s][info][gc,phases] GC(39)   Evacuate Collection Set: 5.71ms
[2.143s][info][gc,phases] GC(39)   Post Evacuate Collection Set: 0.51ms
[2.143s][info][gc,phases] GC(39)   Other: 0.06ms
[2.143s][info][gc       ] GC(39) Pause Young (Normal) (G1 Evacuation Pause) 1941M->906M(2048M) 7.046ms
[2.204s][info][gc,phases] GC(40)   Pre Evacuate Collection Set: 0.19ms
[2.204s][info][gc,phases] GC(40)   Merge Heap Roots: 0.20ms
[2.204s][info][gc,phases] GC(40)   Evacuate Collection Set: 5.57ms
[2.204s][info][gc,phases] GC(40)   Post Evacuate Collection Set: 0.48ms
[2.204s][info][gc,phases] GC(40)   Other: 0.05ms
[2.204s][info][gc       ] GC(40) Pause Young (Normal) (G1 Evacuation Pause) 1942M->921M(2048M) 6.852ms
[2.264s][info][gc,phases] GC(41)   Pre Evacuate Collection Set: 0.21ms
[2.264s][info][gc,phases] GC(41)   Merge Heap Roots: 0.22ms
[2.264s][info][gc,phases] GC(41)   Evacuate Collection Set: 5.38ms
[2.264s][info][gc,phases] GC(41)   Post Evacuate Collection Set: 0.45ms
[2.264s][info][gc,phases] GC(41)   Other: 0.05ms
[2.264s][info][gc       ] GC(41) Pause Young (Normal) (G1 Evacuation Pause) 1942M->936M(2048M) 6.729ms
[2.323s][info][gc,phases] GC(42)   Pre Evacuate Collection Set: 0.20ms
[2.323s][info][gc,phases] GC(42)   Merge Heap Roots: 0.19ms
[2.323s][info][gc,phases] GC(42)   Evacuate Collection Set: 5.47ms
[2.323s][info][gc,phases] GC(42)   Post Evacuate Collection Set: 0.46ms
[2.323s][info][gc,phases] GC(42)   Other: 0.06ms
[2.323s][info][gc       ] GC(42) Pause Young (Normal) (G1 Evacuation Pause) 1942M->950M(2048M) 6.715ms
[2.381s][info][gc,phases] GC(43)   Pre Evacuate Collection Set: 0.20ms
[2.381s][info][gc,phases] GC(43)   Merge Heap Roots: 0.19ms
[2.381s][info][gc,phases] GC(43)   Evacuate Collection Set: 5.48ms
[2.381s][info][gc,phases] GC(43)   Post Evacuate Collection Set: 0.49ms
[2.382s][info][gc,phases] GC(43)   Other: 0.05ms
[2.382s][info][gc       ] GC(43) Pause Young (Normal) (G1 Evacuation Pause) 1941M->964M(2048M) 6.765ms
[2.439s][info][gc,phases] GC(44)   Pre Evacuate Collection Set: 0.26ms
[2.439s][info][gc,phases] GC(44)   Merge Heap Roots: 0.18ms
[2.439s][info][gc,phases] GC(44)   Evacuate Collection Set: 5.38ms
[2.439s][info][gc,phases] GC(44)   Post Evacuate Collection Set: 0.49ms
[2.439s][info][gc,phases] GC(44)   Other: 0.05ms
[2.439s][info][gc       ] GC(44) Pause Young (Normal) (G1 Evacuation Pause) 1941M->978M(2048M) 6.749ms
[2.496s][info][gc,phases] GC(45)   Pre Evacuate Collection Set: 0.22ms
[2.496s][info][gc,phases] GC(45)   Merge Heap Roots: 0.22ms
[2.496s][info][gc,phases] GC(45)   Evacuate Collection Set: 5.28ms
[2.496s][info][gc,phases] GC(45)   Post Evacuate Collection Set: 0.45ms
[2.496s][info][gc,phases] GC(45)   Other: 0.05ms
[2.496s][info][gc       ] GC(45) Pause Young (Normal) (G1 Evacuation Pause) 1941M->993M(2048M) 6.541ms
[2.552s][info][gc,phases] GC(46)   Pre Evacuate Collection Set: 0.20ms
[2.552s][info][gc,phases] GC(46)   Merge Heap Roots: 0.15ms
[2.552s][info][gc,phases] GC(46)   Evacuate Collection Set: 5.21ms
[2.552s][info][gc,phases] GC(46)   Post Evacuate Collection Set: 0.45ms
[2.552s][info][gc,phases] GC(46)   Other: 0.05ms
[2.552s][info][gc       ] GC(46) Pause Young (Normal) (G1 Evacuation Pause) 1942M->1006M(2048M) 6.408ms
[2.607s][info][gc,phases] GC(47)   Pre Evacuate Collection Set: 0.24ms
[2.608s][info][gc,phases] GC(47)   Merge Heap Roots: 0.19ms
[2.608s][info][gc,phases] GC(47)   Evacuate Collection Set: 5.26ms
[2.608s][info][gc,phases] GC(47)   Post Evacuate Collection Set: 0.45ms
[2.608s][info][gc,phases] GC(47)   Other: 0.11ms
[2.608s][info][gc       ] GC(47) Pause Young (Concurrent Start) (G1 Evacuation Pause) 1941M->1020M(2048M) 6.583ms
[2.608s][info][gc       ] GC(48) Concurrent Mark Cycle
[2.657s][info][gc       ] GC(48) Pause Remark 1928M->1928M(2048M) 1.036ms
[2.666s][info][gc,phases] GC(49)   Pre Evacuate Collection Set: 0.19ms
[2.666s][info][gc,phases] GC(49)   Merge Heap Roots: 0.20ms
[2.666s][info][gc,phases] GC(49)   Evacuate Collection Set: 5.82ms
[2.666s][info][gc,phases] GC(49)   Post Evacuate Collection Set: 0.50ms
[2.666s][info][gc,phases] GC(49)   Other: 0.05ms
[2.666s][info][gc       ] GC(49) Pause Young (Normal) (G1 Evacuation Pause) 1941M->1033M(2048M) 7.150ms
[2.721s][info][gc,phases] GC(50)   Pre Evacuate Collection Set: 0.22ms
[2.721s][info][gc,phases] GC(50)   Merge Heap Roots: 0.24ms
[2.721s][info][gc,phases] GC(50)   Evacuate Collection Set: 5.80ms
[2.721s][info][gc,phases] GC(50)   Post Evacuate Collection Set: 0.47ms
[2.721s][info][gc,phases] GC(50)   Other: 0.05ms
[2.721s][info][gc       ] GC(50) Pause Young (Normal) (G1 Evacuation Pause) 1941M->1046M(2048M) 7.142ms
[2.758s][info][gc       ] GC(48) Pause Cleanup 1716M->1716M(2048M) 0.473ms
[2.758s][info][gc       ] GC(48) Concurrent Mark Cycle 150.657ms
[2.776s][info][gc,phases] GC(51)   Pre Evacuate Collection Set: 0.19ms
[2.776s][info][gc,phases] GC(51)   Merge Heap Roots: 0.22ms
[2.776s][info][gc,phases] GC(51)   Evacuate Collection Set: 5.50ms
[2.776s][info][gc,phases] GC(51)   Post Evacuate Collection Set: 0.50ms
[2.776s][info][gc,phases] GC(51)   Other: 0.05ms
[2.776s][info][gc       ] GC(51) Pause Young (Prepare Mixed) (G1 Evacuation Pause) 1941M->1060M(2048M) 6.797ms
[2.849s][info][gc,phases] GC(52)   Pre Evacuate Collection Set: 0.21ms
[2.849s][info][gc,phases] GC(52)   Merge Heap Roots: 0.26ms
[2.849s][info][gc,phases] GC(52)   Evacuate Collection Set: 15.24ms
[2.849s][info][gc,phases] GC(52)   Post Evacuate Collection Set: 10.19ms
[2.849s][info][gc,phases] GC(52)   Other: 0.06ms
[2.849s][info][gc       ] GC(52) Pause Young (Mixed) (G1 Evacuation Pause) (Evacuation Failure) 1941M->1962M(2048M) 26.405ms
[2.862s][info][gc,phases] GC(53)   Pre Evacuate Collection Set: 0.26ms
[2.862s][info][gc,phases] GC(53)   Merge Heap Roots: 0.14ms
[2.862s][info][gc,phases] GC(53)   Evacuate Collection Set: 2.79ms
[2.862s][info][gc,phases] GC(53)   Post Evacuate Collection Set: 4.71ms
[2.862s][info][gc,phases] GC(53)   Other: 0.05ms
[2.862s][info][gc       ] GC(53) Pause Young (Mixed) (G1 Evacuation Pause) (Evacuation Failure) 2042M->1965M(2048M) 8.227ms
[2.872s][info][gc,phases] GC(54)   Pre Evacuate Collection Set: 0.23ms
[2.872s][info][gc,phases] GC(54)   Merge Heap Roots: 0.13ms
[2.872s][info][gc,phases] GC(54)   Evacuate Collection Set: 1.61ms
[2.872s][info][gc,phases] GC(54)   Post Evacuate Collection Set: 3.33ms
[2.872s][info][gc,phases] GC(54)   Other: 0.04ms
[2.872s][info][gc       ] GC(54) Pause Young (Mixed) (G1 Evacuation Pause) (Evacuation Failure) 2045M->2045M(2048M) 5.637ms
[2.886s][info][gc,phases] GC(55) Phase 1: Mark live objects 13.371ms
[2.908s][info][gc,phases] GC(55) Phase 2: Prepare compaction 22.840ms
[2.927s][info][gc,phases] GC(55) Phase 3: Adjust pointers 18.453ms
[2.942s][info][gc,phases] GC(55) Phase 4: Compact heap 15.061ms
[2.944s][info][gc,phases] GC(55) Phase 5: Reset Metadata 1.837ms
[2.945s][info][gc       ] GC(55) Pause Full (G1 Compaction Pause) 2045M->790M(2048M) 73.509ms
[3.058s][info][gc,phases] GC(56)   Pre Evacuate Collection Set: 0.21ms
[3.058s][info][gc,phases] GC(56)   Merge Heap Roots: 0.26ms
[3.058s][info][gc,phases] GC(56)   Evacuate Collection Set: 1.95ms
[3.058s][info][gc,phases] GC(56)   Post Evacuate Collection Set: 0.49ms
[3.058s][info][gc,phases] GC(56)   Other: 0.05ms
[3.058s][info][gc       ] GC(56) Pause Young (Normal) (G1 Evacuation Pause) 1943M->808M(2048M) 3.261ms
[3.122s][info][gc,phases] GC(57)   Pre Evacuate Collection Set: 0.20ms
[3.122s][info][gc,phases] GC(57)   Merge Heap Roots: 0.18ms
[3.122s][info][gc,phases] GC(57)   Evacuate Collection Set: 2.39ms
[3.122s][info][gc,phases] GC(57)   Post Evacuate Collection Set: 0.48ms
[3.122s][info][gc,phases] GC(57)   Other: 0.06ms
[3.122s][info][gc       ] GC(57) Pause Young (Normal) (G1 Evacuation Pause) 1943M->826M(2048M) 3.653ms
[3.184s][info][gc,phases] GC(58)   Pre Evacuate Collection Set: 0.23ms
[3.184s][info][gc,phases] GC(58)   Merge Heap Roots: 0.19ms
[3.184s][info][gc,phases] GC(58)   Evacuate Collection Set: 2.74ms
[3.184s][info][gc,phases] GC(58)   Post Evacuate Collection Set: 0.46ms
[3.184s][info][gc,phases] GC(58)   Other: 0.05ms
[3.184s][info][gc       ] GC(58) Pause Young (Normal) (G1 Evacuation Pause) 1943M->844M(2048M) 4.089ms
[3.246s][info][gc,phases] GC(59)   Pre Evacuate Collection Set: 0.21ms
[3.246s][info][gc,phases] GC(59)   Merge Heap Roots: 0.20ms
[3.246s][info][gc,phases] GC(59)   Evacuate Collection Set: 3.10ms
[3.246s][info][gc,phases] GC(59)   Post Evacuate Collection Set: 0.47ms
[3.246s][info][gc,phases] GC(59)   Other: 0.05ms
[3.246s][info][gc       ] GC(59) Pause Young (Normal) (G1 Evacuation Pause) 1943M->860M(2048M) 4.420ms
[3.307s][info][gc,phases] GC(60)   Pre Evacuate Collection Set: 0.23ms
[3.307s][info][gc,phases] GC(60)   Merge Heap Roots: 0.18ms
[3.307s][info][gc,phases] GC(60)   Evacuate Collection Set: 3.46ms
[3.307s][info][gc,phases] GC(60)   Post Evacuate Collection Set: 0.49ms
[3.307s][info][gc,phases] GC(60)   Other: 0.07ms
[3.307s][info][gc       ] GC(60) Pause Young (Normal) (G1 Evacuation Pause) 1943M->876M(2048M) 4.788ms
[3.370s][info][gc,phases] GC(61)   Pre Evacuate Collection Set: 0.23ms
[3.370s][info][gc,phases] GC(61)   Merge Heap Roots: 0.20ms
[3.370s][info][gc,phases] GC(61)   Evacuate Collection Set: 5.59ms
[3.370s][info][gc,phases] GC(61)   Post Evacuate Collection Set: 0.47ms
[3.370s][info][gc,phases] GC(61)   Other: 0.05ms
[3.370s][info][gc       ] GC(61) Pause Young (Normal) (G1 Evacuation Pause) 1943M->891M(2048M) 6.881ms
[3.431s][info][gc,phases] GC(62)   Pre Evacuate Collection Set: 0.19ms
[3.432s][info][gc,phases] GC(62)   Merge Heap Roots: 0.19ms
[3.432s][info][gc,phases] GC(62)   Evacuate Collection Set: 5.82ms
[3.432s][info][gc,phases] GC(62)   Post Evacuate Collection Set: 0.52ms
[3.432s][info][gc,phases] GC(62)   Other: 0.06ms
[3.432s][info][gc       ] GC(62) Pause Young (Normal) (G1 Evacuation Pause) 1942M->906M(2048M) 7.125ms
[3.548s][info][gc,phases] GC(63)   Pre Evacuate Collection Set: 0.18ms
[3.549s][info][gc,phases] GC(63)   Merge Heap Roots: 0.19ms
[3.549s][info][gc,phases] GC(63)   Evacuate Collection Set: 5.61ms
[3.549s][info][gc,phases] GC(63)   Post Evacuate Collection Set: 0.55ms
[3.549s][info][gc,phases] GC(63)   Other: 0.07ms
[3.549s][info][gc       ] GC(63) Pause Young (Normal) (G1 Evacuation Pause) 1941M->921M(2048M) 7.048ms
[3.655s][info][gc,phases] GC(64)   Pre Evacuate Collection Set: 0.21ms
[3.655s][info][gc,phases] GC(64)   Merge Heap Roots: 0.21ms
[3.655s][info][gc,phases] GC(64)   Evacuate Collection Set: 5.67ms
[3.655s][info][gc,phases] GC(64)   Post Evacuate Collection Set: 0.54ms
[3.655s][info][gc,phases] GC(64)   Other: 0.05ms
[3.655s][info][gc       ] GC(64) Pause Young (Normal) (G1 Evacuation Pause) 1942M->936M(2048M) 7.040ms
[3.768s][info][gc,phases] GC(65)   Pre Evacuate Collection Set: 0.18ms
[3.768s][info][gc,phases] GC(65)   Merge Heap Roots: 0.19ms
[3.768s][info][gc,phases] GC(65)   Evacuate Collection Set: 5.64ms
[3.768s][info][gc,phases] GC(65)   Post Evacuate Collection Set: 0.50ms
[3.768s][info][gc,phases] GC(65)   Other: 0.06ms
[3.768s][info][gc       ] GC(65) Pause Young (Normal) (G1 Evacuation Pause) 1943M->950M(2048M) 6.901ms
[3.872s][info][gc,phases] GC(66)   Pre Evacuate Collection Set: 0.21ms
[3.873s][info][gc,phases] GC(66)   Merge Heap Roots: 0.19ms
[3.873s][info][gc,phases] GC(66)   Evacuate Collection Set: 5.48ms
[3.873s][info][gc,phases] GC(66)   Post Evacuate Collection Set: 0.52ms
[3.873s][info][gc,phases] GC(66)   Other: 0.06ms
[3.873s][info][gc       ] GC(66) Pause Young (Normal) (G1 Evacuation Pause) 1942M->965M(2048M) 6.752ms
[3.979s][info][gc,phases] GC(67)   Pre Evacuate Collection Set: 0.19ms
[3.979s][info][gc,phases] GC(67)   Merge Heap Roots: 0.18ms
[3.979s][info][gc,phases] GC(67)   Evacuate Collection Set: 5.40ms
[3.979s][info][gc,phases] GC(67)   Post Evacuate Collection Set: 0.52ms
[3.979s][info][gc,phases] GC(67)   Other: 0.06ms
[3.979s][info][gc       ] GC(67) Pause Young (Normal) (G1 Evacuation Pause) 1943M->978M(2048M) 6.646ms
[4.086s][info][gc,phases] GC(68)   Pre Evacuate Collection Set: 0.21ms
[4.087s][info][gc,phases] GC(68)   Merge Heap Roots: 0.24ms
[4.087s][info][gc,phases] GC(68)   Evacuate Collection Set: 5.34ms
[4.087s][info][gc,phases] GC(68)   Post Evacuate Collection Set: 0.47ms
[4.087s][info][gc,phases] GC(68)   Other: 0.05ms
[4.087s][info][gc       ] GC(68) Pause Young (Normal) (G1 Evacuation Pause) 1941M->992M(2048M) 6.704ms
[4.192s][info][gc,phases] GC(69)   Pre Evacuate Collection Set: 0.20ms
[4.192s][info][gc,phases] GC(69)   Merge Heap Roots: 0.20ms
[4.192s][info][gc,phases] GC(69)   Evacuate Collection Set: 5.22ms
[4.192s][info][gc,phases] GC(69)   Post Evacuate Collection Set: 0.48ms
[4.192s][info][gc,phases] GC(69)   Other: 0.06ms
[4.192s][info][gc       ] GC(69) Pause Young (Normal) (G1 Evacuation Pause) 1941M->1006M(2048M) 6.515ms
[4.291s][info][gc,phases] GC(70)   Pre Evacuate Collection Set: 0.26ms
[4.291s][info][gc,phases] GC(70)   Merge Heap Roots: 0.18ms
[4.291s][info][gc,phases] GC(70)   Evacuate Collection Set: 5.20ms
[4.291s][info][gc,phases] GC(70)   Post Evacuate Collection Set: 0.48ms
[4.291s][info][gc,phases] GC(70)   Other: 0.14ms
[4.291s][info][gc       ] GC(70) Pause Young (Concurrent Start) (G1 Evacuation Pause) 1942M->1020M(2048M) 6.617ms
[4.291s][info][gc       ] GC(71) Concurrent Mark Cycle
[4.339s][info][gc       ] GC(71) Pause Remark 1806M->1806M(2048M) 1.040ms
[4.361s][info][gc,phases] GC(72)   Pre Evacuate Collection Set: 0.18ms
[4.361s][info][gc,phases] GC(72)   Merge Heap Roots: 0.22ms
[4.361s][info][gc,phases] GC(72)   Evacuate Collection Set: 5.79ms
[4.361s][info][gc,phases] GC(72)   Post Evacuate Collection Set: 0.60ms
[4.361s][info][gc,phases] GC(72)   Other: 0.07ms
[4.361s][info][gc       ] GC(72) Pause Young (Normal) (G1 Evacuation Pause) 1942M->1033M(2048M) 7.156ms
[4.437s][info][gc       ] GC(71) Pause Cleanup 1931M->1931M(2048M) 0.473ms
[4.444s][info][gc,phases] GC(73)   Pre Evacuate Collection Set: 0.21ms
[4.444s][info][gc,phases] GC(73)   Merge Heap Roots: 0.19ms
[4.444s][info][gc,phases] GC(73)   Evacuate Collection Set: 5.37ms
[4.444s][info][gc,phases] GC(73)   Post Evacuate Collection Set: 0.48ms
[4.444s][info][gc,phases] GC(73)   Other: 0.06ms
[4.444s][info][gc       ] GC(73) Pause Young (Prepare Mixed) (G1 Evacuation Pause) 1941M->1047M(2048M) 6.618ms
[4.444s][info][gc       ] GC(71) Concurrent Mark Cycle 152.969ms
[4.564s][info][gc,phases] GC(74)   Pre Evacuate Collection Set: 0.21ms
[4.564s][info][gc,phases] GC(74)   Merge Heap Roots: 0.26ms
[4.564s][info][gc,phases] GC(74)   Evacuate Collection Set: 15.43ms
[4.564s][info][gc,phases] GC(74)   Post Evacuate Collection Set: 10.47ms
[4.564s][info][gc,phases] GC(74)   Other: 0.07ms
[4.564s][info][gc       ] GC(74) Pause Young (Mixed) (G1 Evacuation Pause) (Evacuation Failure) 1942M->1971M(2048M) 26.788ms
[4.580s][info][gc,phases] GC(75)   Pre Evacuate Collection Set: 0.23ms
[4.580s][info][gc,phases] GC(75)   Merge Heap Roots: 0.18ms
[4.580s][info][gc,phases] GC(75)   Evacuate Collection Set: 2.86ms
[4.580s][info][gc,phases] GC(75)   Post Evacuate Collection Set: 4.78ms
[4.580s][info][gc,phases] GC(75)   Other: 0.06ms
[4.580s][info][gc       ] GC(75) Pause Young (Mixed) (G1 Evacuation Pause) (Evacuation Failure) 2042M->1974M(2048M) 8.447ms
[4.594s][info][gc,phases] GC(76)   Pre Evacuate Collection Set: 0.21ms
[4.594s][info][gc,phases] GC(76)   Merge Heap Roots: 0.14ms
[4.594s][info][gc,phases] GC(76)   Evacuate Collection Set: 1.72ms
[4.594s][info][gc,phases] GC(76)   Post Evacuate Collection Set: 3.32ms
[4.594s][info][gc,phases] GC(76)   Other: 0.04ms
[4.594s][info][gc       ] GC(76) Pause Young (Mixed) (G1 Evacuation Pause) (Evacuation Failure) 2045M->2045M(2048M) 5.757ms
[4.609s][info][gc,phases] GC(77) Phase 1: Mark live objects 14.849ms
[4.632s][info][gc,phases] GC(77) Phase 2: Prepare compaction 23.029ms
[4.651s][info][gc,phases] GC(77) Phase 3: Adjust pointers 18.294ms
[4.666s][info][gc,phases] GC(77) Phase 4: Compact heap 15.362ms
[4.668s][info][gc,phases] GC(77) Phase 5: Reset Metadata 1.919ms
[4.669s][info][gc       ] GC(77) Pause Full (G1 Compaction Pause) 2045M->790M(2048M) 75.465ms
[4.841s][info][gc,phases] GC(78)   Pre Evacuate Collection Set: 0.22ms
[4.841s][info][gc,phases] GC(78)   Merge Heap Roots: 0.24ms
[4.841s][info][gc,phases] GC(78)   Evacuate Collection Set: 1.94ms
[4.841s][info][gc,phases] GC(78)   Post Evacuate Collection Set: 0.49ms
[4.841s][info][gc,phases] GC(78)   Other: 0.12ms
[4.842s][info][gc       ] GC(78) Pause Young (Concurrent Start) (G1 Evacuation Pause) 1943M->808M(2048M) 3.331ms
[4.842s][info][gc       ] GC(79) Concurrent Mark Cycle
[4.887s][info][gc       ] GC(79) Pause Remark 1191M->1191M(2048M) 0.999ms
[4.964s][info][gc,phases] GC(80)   Pre Evacuate Collection Set: 0.19ms
[4.965s][info][gc,phases] GC(80)   Merge Heap Roots: 0.22ms
[4.965s][info][gc,phases] GC(80)   Evacuate Collection Set: 2.41ms
[4.965s][info][gc,phases] GC(80)   Post Evacuate Collection Set: 0.56ms
[4.965s][info][gc,phases] GC(80)   Other: 0.07ms
[4.965s][info][gc       ] GC(80) Pause Young (Normal) (G1 Evacuation Pause) 1943M->826M(2048M) 3.770ms
[4.974s][info][gc       ] GC(79) Pause Cleanup 906M->906M(2048M) 0.177ms
[4.975s][info][gc       ] GC(79) Concurrent Mark Cycle 133.473ms
[5.096s][info][gc,phases] GC(81)   Pre Evacuate Collection Set: 0.20ms
[5.096s][info][gc,phases] GC(81)   Merge Heap Roots: 0.20ms
[5.096s][info][gc,phases] GC(81)   Evacuate Collection Set: 2.77ms
[5.096s][info][gc,phases] GC(81)   Post Evacuate Collection Set: 0.50ms
[5.096s][info][gc,phases] GC(81)   Other: 0.06ms
[5.096s][info][gc       ] GC(81) Pause Young (Prepare Mixed) (G1 Evacuation Pause) 1943M->843M(2048M) 4.088ms
[5.225s][info][gc,phases] GC(82)   Pre Evacuate Collection Set: 0.23ms
[5.225s][info][gc,phases] GC(82)   Merge Heap Roots: 0.22ms
[5.225s][info][gc,phases] GC(82)   Evacuate Collection Set: 3.13ms
[5.226s][info][gc,phases] GC(82)   Post Evacuate Collection Set: 0.50ms
[5.226s][info][gc,phases] GC(82)   Other: 0.06ms
[5.226s][info][gc       ] GC(82) Pause Young (Mixed) (G1 Evacuation Pause) 1943M->860M(2048M) 4.553ms
[5.351s][info][gc,phases] GC(83)   Pre Evacuate Collection Set: 0.26ms
[5.351s][info][gc,phases] GC(83)   Merge Heap Roots: 0.18ms
[5.351s][info][gc,phases] GC(83)   Evacuate Collection Set: 3.40ms
[5.351s][info][gc,phases] GC(83)   Post Evacuate Collection Set: 0.52ms
[5.351s][info][gc,phases] GC(83)   Other: 0.12ms
[5.351s][info][gc       ] GC(83) Pause Young (Concurrent Start) (G1 Evacuation Pause) 1942M->875M(2048M) 4.813ms
[5.351s][info][gc       ] GC(84) Concurrent Mark Cycle
[5.399s][info][gc       ] GC(84) Pause Remark 1673M->1673M(2048M) 0.988ms
[5.437s][info][gc,phases] GC(85)   Pre Evacuate Collection Set: 0.22ms
[5.437s][info][gc,phases] GC(85)   Merge Heap Roots: 0.24ms
[5.437s][info][gc,phases] GC(85)   Evacuate Collection Set: 5.60ms
[5.437s][info][gc,phases] GC(85)   Post Evacuate Collection Set: 0.64ms
[5.438s][info][gc,phases] GC(85)   Other: 0.06ms
[5.438s][info][gc       ] GC(85) Pause Young (Normal) (G1 Evacuation Pause) 1942M->891M(2048M) 7.092ms
[5.481s][info][gc       ] GC(84) Pause Cleanup 1266M->1266M(2048M) 0.210ms
[5.482s][info][gc       ] GC(84) Concurrent Mark Cycle 130.883ms
[5.565s][info][gc,phases] GC(86)   Pre Evacuate Collection Set: 0.19ms
[5.565s][info][gc,phases] GC(86)   Merge Heap Roots: 0.21ms
[5.565s][info][gc,phases] GC(86)   Evacuate Collection Set: 5.70ms
[5.565s][info][gc,phases] GC(86)   Post Evacuate Collection Set: 0.50ms
[5.565s][info][gc,phases] GC(86)   Other: 0.06ms
[5.565s][info][gc       ] GC(86) Pause Young (Prepare Mixed) (G1 Evacuation Pause) 1943M->906M(2048M) 7.001ms
[5.689s][info][gc,phases] GC(87)   Pre Evacuate Collection Set: 0.20ms
[5.689s][info][gc,phases] GC(87)   Merge Heap Roots: 0.19ms
[5.689s][info][gc,phases] GC(87)   Evacuate Collection Set: 5.89ms
[5.689s][info][gc,phases] GC(87)   Post Evacuate Collection Set: 0.50ms
[5.689s][info][gc,phases] GC(87)   Other: 0.07ms
[5.689s][info][gc       ] GC(87) Pause Young (Mixed) (G1 Evacuation Pause) 1942M->921M(2048M) 7.178ms
[5.812s][info][gc,phases] GC(88)   Pre Evacuate Collection Set: 0.24ms
[5.812s][info][gc,phases] GC(88)   Merge Heap Roots: 0.18ms
[5.812s][info][gc,phases] GC(88)   Evacuate Collection Set: 5.57ms
[5.812s][info][gc,phases] GC(88)   Post Evacuate Collection Set: 0.49ms
[5.812s][info][gc,phases] GC(88)   Other: 0.14ms
[5.812s][info][gc       ] GC(88) Pause Young (Concurrent Start) (G1 Evacuation Pause) 1944M->936M(2048M) 6.961ms
[5.812s][info][gc       ] GC(89) Concurrent Mark Cycle
[5.860s][info][gc       ] GC(89) Pause Remark 1344M->1344M(2048M) 0.984ms
[5.903s][info][gc,phases] GC(90)   Pre Evacuate Collection Set: 0.20ms
[5.903s][info][gc,phases] GC(90)   Merge Heap Roots: 0.23ms
[5.903s][info][gc,phases] GC(90)   Evacuate Collection Set: 5.85ms
[5.903s][info][gc,phases] GC(90)   Post Evacuate Collection Set: 0.62ms
[5.903s][info][gc,phases] GC(90)   Other: 0.07ms
[5.903s][info][gc       ] GC(90) Pause Young (Normal) (G1 Evacuation Pause) 1944M->950M(2048M) 7.348ms
[5.955s][info][gc       ] GC(89) Pause Cleanup 1388M->1388M(2048M) 0.557ms
[5.955s][info][gc       ] GC(89) Concurrent Mark Cycle 143.027ms
[6.024s][info][gc,phases] GC(91)   Pre Evacuate Collection Set: 0.22ms
[6.025s][info][gc,phases] GC(91)   Merge Heap Roots: 0.21ms
[6.025s][info][gc,phases] GC(91)   Evacuate Collection Set: 5.69ms
[6.025s][info][gc,phases] GC(91)   Post Evacuate Collection Set: 0.48ms
[6.025s][info][gc,phases] GC(91)   Other: 0.07ms
[6.025s][info][gc       ] GC(91) Pause Young (Prepare Mixed) (G1 Evacuation Pause) 1944M->964M(2048M) 7.033ms
[6.168s][info][gc,phases] GC(92)   Pre Evacuate Collection Set: 0.24ms
[6.168s][info][gc,phases] GC(92)   Merge Heap Roots: 0.30ms
[6.168s][info][gc,phases] GC(92)   Evacuate Collection Set: 17.74ms
[6.168s][info][gc,phases] GC(92)   Post Evacuate Collection Set: 13.33ms
[6.168s][info][gc,phases] GC(92)   Other: 0.08ms
[6.168s][info][gc       ] GC(92) Pause Young (Mixed) (G1 Evacuation Pause) (Evacuation Failure) 1943M->2007M(2048M) 32.023ms
[6.173s][info][gc,phases] GC(93)   Pre Evacuate Collection Set: 0.32ms
[6.173s][info][gc,phases] GC(93)   Merge Heap Roots: 0.07ms
[6.173s][info][gc,phases] GC(93)   Evacuate Collection Set: 0.79ms
[6.173s][info][gc,phases] GC(93)   Post Evacuate Collection Set: 1.24ms
[6.173s][info][gc,phases] GC(93)   Other: 0.10ms
[6.173s][info][gc       ] GC(93) Pause Young (Concurrent Start) (G1 Evacuation Pause) (Evacuation Failure) 2047M->2047M(2048M) 2.799ms
[6.174s][info][gc       ] GC(95) Concurrent Mark Cycle
[6.188s][info][gc,phases] GC(94) Phase 1: Mark live objects 13.816ms
[6.210s][info][gc,phases] GC(94) Phase 2: Prepare compaction 22.303ms
[6.227s][info][gc,phases] GC(94) Phase 3: Adjust pointers 16.977ms
[6.242s][info][gc,phases] GC(94) Phase 4: Compact heap 14.671ms
[6.244s][info][gc,phases] GC(94) Phase 5: Reset Metadata 2.056ms
[6.245s][info][gc       ] GC(94) Pause Full (G1 Compaction Pause) 2047M->790M(2048M) 71.979ms
[6.246s][info][gc       ] GC(95) Concurrent Mark Cycle 71.879ms
[6.411s][info][gc,phases] GC(96)   Pre Evacuate Collection Set: 0.19ms
[6.411s][info][gc,phases] GC(96)   Merge Heap Roots: 0.25ms
[6.411s][info][gc,phases] GC(96)   Evacuate Collection Set: 1.89ms
[6.411s][info][gc,phases] GC(96)   Post Evacuate Collection Set: 0.48ms
[6.411s][info][gc,phases] GC(96)   Other: 0.05ms
[6.411s][info][gc       ] GC(96) Pause Young (Normal) (G1 Evacuation Pause) 1942M->808M(2048M) 3.155ms
[6.535s][info][gc,phases] GC(97)   Pre Evacuate Collection Set: 0.20ms
[6.535s][info][gc,phases] GC(97)   Merge Heap Roots: 0.20ms
[6.535s][info][gc,phases] GC(97)   Evacuate Collection Set: 2.41ms
[6.535s][info][gc,phases] GC(97)   Post Evacuate Collection Set: 0.49ms
[6.535s][info][gc,phases] GC(97)   Other: 0.06ms
[6.535s][info][gc       ] GC(97) Pause Young (Normal) (G1 Evacuation Pause) 1942M->826M(2048M) 3.703ms
[6.651s][info][gc,phases] GC(98)   Pre Evacuate Collection Set: 0.25ms
[6.651s][info][gc,phases] GC(98)   Merge Heap Roots: 0.18ms
[6.651s][info][gc,phases] GC(98)   Evacuate Collection Set: 2.80ms
[6.651s][info][gc,phases] GC(98)   Post Evacuate Collection Set: 0.51ms
[6.651s][info][gc,phases] GC(98)   Other: 0.12ms
[6.651s][info][gc       ] GC(98) Pause Young (Concurrent Start) (G1 Evacuation Pause) 1942M->843M(2048M) 4.254ms
[6.652s][info][gc       ] GC(99) Concurrent Mark Cycle
[6.699s][info][gc       ] GC(99) Pause Remark 1270M->1270M(2048M) 1.045ms
[6.775s][info][gc,phases] GC(100)   Pre Evacuate Collection Set: 0.21ms
[6.775s][info][gc,phases] GC(100)   Merge Heap Roots: 0.24ms
[6.775s][info][gc,phases] GC(100)   Evacuate Collection Set: 3.12ms
[6.776s][info][gc,phases] GC(100)   Post Evacuate Collection Set: 0.56ms
[6.776s][info][gc,phases] GC(100)   Other: 0.06ms
[6.776s][info][gc       ] GC(100) Pause Young (Normal) (G1 Evacuation Pause) 1941M->860M(2048M) 4.544ms
[6.780s][info][gc       ] GC(99) Pause Cleanup 899M->899M(2048M) 0.216ms
[6.781s][info][gc       ] GC(99) Concurrent Mark Cycle 129.559ms
[6.895s][info][gc,phases] GC(101)   Pre Evacuate Collection Set: 0.20ms
[6.895s][info][gc,phases] GC(101)   Merge Heap Roots: 0.20ms
[6.896s][info][gc,phases] GC(101)   Evacuate Collection Set: 3.42ms
[6.896s][info][gc,phases] GC(101)   Post Evacuate Collection Set: 0.51ms
[6.896s][info][gc,phases] GC(101)   Other: 0.06ms
[6.896s][info][gc       ] GC(101) Pause Young (Prepare Mixed) (G1 Evacuation Pause) 1942M->875M(2048M) 4.774ms
[7.016s][info][gc,phases] GC(102)   Pre Evacuate Collection Set: 0.20ms
[7.016s][info][gc,phases] GC(102)   Merge Heap Roots: 0.18ms
[7.016s][info][gc,phases] GC(102)   Evacuate Collection Set: 5.71ms
[7.016s][info][gc,phases] GC(102)   Post Evacuate Collection Set: 0.50ms
[7.016s][info][gc,phases] GC(102)   Other: 0.06ms
[7.016s][info][gc       ] GC(102) Pause Young (Mixed) (G1 Evacuation Pause) 1941M->891M(2048M) 7.076ms
[7.124s][info][gc,phases] GC(103)   Pre Evacuate Collection Set: 0.30ms
[7.124s][info][gc,phases] GC(103)   Merge Heap Roots: 0.18ms
[7.124s][info][gc,phases] GC(103)   Evacuate Collection Set: 5.59ms
[7.124s][info][gc,phases] GC(103)   Post Evacuate Collection Set: 0.51ms
[7.124s][info][gc,phases] GC(103)   Other: 0.11ms
[7.124s][info][gc       ] GC(103) Pause Young (Concurrent Start) (G1 Evacuation Pause) 1942M->907M(2048M) 7.020ms
[7.124s][info][gc       ] GC(104) Concurrent Mark Cycle
[7.172s][info][gc       ] GC(104) Pause Remark 1345M->1345M(2048M) 1.017ms
[7.215s][info][gc,phases] GC(105)   Pre Evacuate Collection Set: 0.19ms
[7.215s][info][gc,phases] GC(105)   Merge Heap Roots: 0.23ms
[7.215s][info][gc,phases] GC(105)   Evacuate Collection Set: 6.09ms
[7.216s][info][gc,phases] GC(105)   Post Evacuate Collection Set: 0.56ms
[7.216s][info][gc,phases] GC(105)   Other: 0.06ms
[7.216s][info][gc       ] GC(105) Pause Young (Normal) (G1 Evacuation Pause) 1943M->921M(2048M) 7.525ms
[7.261s][info][gc       ] GC(104) Pause Cleanup 1457M->1457M(2048M) 0.433ms
[7.262s][info][gc       ] GC(104) Concurrent Mark Cycle 138.217ms
[7.319s][info][gc,phases] GC(106)   Pre Evacuate Collection Set: 0.22ms
[7.320s][info][gc,phases] GC(106)   Merge Heap Roots: 0.21ms
[7.320s][info][gc,phases] GC(106)   Evacuate Collection Set: 5.59ms
[7.320s][info][gc,phases] GC(106)   Post Evacuate Collection Set: 0.51ms
[7.320s][info][gc,phases] GC(106)   Other: 0.06ms
[7.320s][info][gc       ] GC(106) Pause Young (Prepare Mixed) (G1 Evacuation Pause) 1942M->935M(2048M) 6.949ms
[7.446s][info][gc,phases] GC(107)   Pre Evacuate Collection Set: 0.20ms
[7.446s][info][gc,phases] GC(107)   Merge Heap Roots: 0.20ms
[7.446s][info][gc,phases] GC(107)   Evacuate Collection Set: 9.71ms
[7.446s][info][gc,phases] GC(107)   Post Evacuate Collection Set: 9.57ms
[7.446s][info][gc,phases] GC(107)   Other: 0.06ms
[7.447s][info][gc       ] GC(107) Pause Young (Mixed) (G1 Evacuation Pause) (Evacuation Failure) 1942M->1923M(2048M) 20.047ms
[7.464s][info][gc,phases] GC(108)   Pre Evacuate Collection Set: 0.28ms
[7.464s][info][gc,phases] GC(108)   Merge Heap Roots: 0.08ms
[7.464s][info][gc,phases] GC(108)   Evacuate Collection Set: 4.61ms
[7.464s][info][gc,phases] GC(108)   Post Evacuate Collection Set: 1.47ms
[7.464s][info][gc,phases] GC(108)   Other: 0.10ms
[7.464s][info][gc       ] GC(108) Pause Young (Concurrent Start) (G1 Evacuation Pause) (Evacuation Failure) 2025M->1936M(2048M) 6.838ms
[7.464s][info][gc       ] GC(109) Concurrent Mark Cycle
[7.477s][info][gc,phases] GC(110)   Pre Evacuate Collection Set: 0.22ms
[7.477s][info][gc,phases] GC(110)   Merge Heap Roots: 0.09ms
[7.477s][info][gc,phases] GC(110)   Evacuate Collection Set: 0.53ms
[7.477s][info][gc,phases] GC(110)   Post Evacuate Collection Set: 0.31ms
[7.477s][info][gc,phases] GC(110)   Other: 0.04ms
[7.477s][info][gc       ] GC(110) Pause Young (Normal) (G1 Evacuation Pause) 2038M->1938M(2048M) 1.497ms
[7.490s][info][gc,phases] GC(111)   Pre Evacuate Collection Set: 0.19ms
[7.490s][info][gc,phases] GC(111)   Merge Heap Roots: 0.08ms
[7.490s][info][gc,phases] GC(111)   Evacuate Collection Set: 0.66ms
[7.490s][info][gc,phases] GC(111)   Post Evacuate Collection Set: 0.68ms
[7.491s][info][gc,phases] GC(111)   Other: 0.04ms
[7.491s][info][gc       ] GC(111) Pause Young (Normal) (G1 Evacuation Pause) (Evacuation Failure) 2040M->1974M(2048M) 1.983ms
[7.500s][info][gc,phases] GC(112)   Pre Evacuate Collection Set: 0.24ms
[7.501s][info][gc,phases] GC(112)   Merge Heap Roots: 0.08ms
[7.501s][info][gc,phases] GC(112)   Evacuate Collection Set: 0.59ms
[7.501s][info][gc,phases] GC(112)   Post Evacuate Collection Set: 0.97ms
[7.501s][info][gc,phases] GC(112)   Other: 0.04ms
[7.501s][info][gc       ] GC(112) Pause Young (Normal) (G1 Evacuation Pause) (Evacuation Failure) 2045M->2045M(2048M) 2.213ms
[7.515s][info][gc,phases] GC(113) Phase 1: Mark live objects 13.821ms
[7.538s][info][gc,phases] GC(113) Phase 2: Prepare compaction 22.382ms
[7.554s][info][gc,phases] GC(113) Phase 3: Adjust pointers 16.390ms
[7.568s][info][gc,phases] GC(113) Phase 4: Compact heap 14.133ms
[7.570s][info][gc,phases] GC(113) Phase 5: Reset Metadata 1.660ms
[7.571s][info][gc       ] GC(113) Pause Full (G1 Compaction Pause) 2045M->790M(2048M) 70.557ms
[7.571s][info][gc       ] GC(109) Concurrent Mark Cycle 107.051ms
[7.740s][info][gc,phases] GC(114)   Pre Evacuate Collection Set: 0.20ms
[7.740s][info][gc,phases] GC(114)   Merge Heap Roots: 0.25ms
[7.740s][info][gc,phases] GC(114)   Evacuate Collection Set: 1.94ms
[7.740s][info][gc,phases] GC(114)   Post Evacuate Collection Set: 0.49ms
[7.740s][info][gc,phases] GC(114)   Other: 0.06ms
[7.740s][info][gc       ] GC(114) Pause Young (Normal) (G1 Evacuation Pause) 1942M->809M(2048M) 3.326ms
[7.868s][info][gc,phases] GC(115)   Pre Evacuate Collection Set: 0.21ms
[7.868s][info][gc,phases] GC(115)   Merge Heap Roots: 0.22ms
[7.868s][info][gc,phases] GC(115)   Evacuate Collection Set: 2.42ms
[7.868s][info][gc,phases] GC(115)   Post Evacuate Collection Set: 0.51ms
[7.868s][info][gc,phases] GC(115)   Other: 0.06ms
[7.868s][info][gc       ] GC(115) Pause Young (Normal) (G1 Evacuation Pause) 1942M->826M(2048M) 3.841ms
[7.994s][info][gc,phases] GC(116)   Pre Evacuate Collection Set: 0.27ms
[7.994s][info][gc,phases] GC(116)   Merge Heap Roots: 0.19ms
[7.994s][info][gc,phases] GC(116)   Evacuate Collection Set: 2.82ms
[7.994s][info][gc,phases] GC(116)   Post Evacuate Collection Set: 0.51ms
[7.994s][info][gc,phases] GC(116)   Other: 0.11ms
[7.995s][info][gc       ] GC(116) Pause Young (Concurrent Start) (G1 Evacuation Pause) 1942M->844M(2048M) 4.297ms
[7.995s][info][gc       ] GC(117) Concurrent Mark Cycle
[8.042s][info][gc       ] GC(117) Pause Remark 1600M->1600M(2048M) 0.961ms
[8.083s][info][gc,phases] GC(118)   Pre Evacuate Collection Set: 0.23ms
[8.084s][info][gc,phases] GC(118)   Merge Heap Roots: 0.25ms
[8.084s][info][gc,phases] GC(118)   Evacuate Collection Set: 3.15ms
[8.084s][info][gc,phases] GC(118)   Post Evacuate Collection Set: 0.64ms
[8.084s][info][gc,phases] GC(118)   Other: 0.05ms
[8.084s][info][gc       ] GC(118) Pause Young (Normal) (G1 Evacuation Pause) 1942M->860M(2048M) 4.678ms
[8.125s][info][gc       ] GC(117) Pause Cleanup 1218M->1218M(2048M) 0.221ms
[8.126s][info][gc       ] GC(117) Concurrent Mark Cycle 131.512ms
[8.205s][info][gc,phases] GC(119)   Pre Evacuate Collection Set: 0.23ms
[8.205s][info][gc,phases] GC(119)   Merge Heap Roots: 0.20ms
[8.205s][info][gc,phases] GC(119)   Evacuate Collection Set: 3.45ms
[8.205s][info][gc,phases] GC(119)   Post Evacuate Collection Set: 0.50ms
[8.205s][info][gc,phases] GC(119)   Other: 0.07ms
[8.205s][info][gc       ] GC(119) Pause Young (Prepare Mixed) (G1 Evacuation Pause) 1942M->876M(2048M) 4.878ms
[8.331s][info][gc,phases] GC(120)   Pre Evacuate Collection Set: 0.20ms
[8.331s][info][gc,phases] GC(120)   Merge Heap Roots: 0.22ms
[8.331s][info][gc,phases] GC(120)   Evacuate Collection Set: 5.66ms
[8.331s][info][gc,phases] GC(120)   Post Evacuate Collection Set: 0.51ms
[8.332s][info][gc,phases] GC(120)   Other: 0.06ms
[8.332s][info][gc       ] GC(120) Pause Young (Mixed) (G1 Evacuation Pause) 1942M->891M(2048M) 7.017ms
[8.455s][info][gc,phases] GC(121)   Pre Evacuate Collection Set: 0.24ms
[8.455s][info][gc,phases] GC(121)   Merge Heap Roots: 0.16ms
[8.455s][info][gc,phases] GC(121)   Evacuate Collection Set: 5.66ms
[8.455s][info][gc,phases] GC(121)   Post Evacuate Collection Set: 0.48ms
[8.455s][info][gc,phases] GC(121)   Other: 0.12ms
[8.455s][info][gc       ] GC(121) Pause Young (Concurrent Start) (G1 Evacuation Pause) 1942M->907M(2048M) 7.116ms
[8.455s][info][gc       ] GC(122) Concurrent Mark Cycle
[8.503s][info][gc       ] GC(122) Pause Remark 1323M->1323M(2048M) 0.951ms
[8.581s][info][gc,phases] GC(123)   Pre Evacuate Collection Set: 0.23ms
[8.581s][info][gc,phases] GC(123)   Merge Heap Roots: 0.24ms
[8.581s][info][gc,phases] GC(123)   Evacuate Collection Set: 6.18ms
[8.581s][info][gc,phases] GC(123)   Post Evacuate Collection Set: 0.57ms
[8.581s][info][gc,phases] GC(123)   Other: 0.06ms
[8.581s][info][gc       ] GC(123) Pause Young (Normal) (G1 Evacuation Pause) 1942M->921M(2048M) 7.675ms
[8.593s][info][gc       ] GC(122) Pause Cleanup 1024M->1024M(2048M) 0.408ms
[8.594s][info][gc       ] GC(122) Concurrent Mark Cycle 139.113ms
[8.704s][info][gc,phases] GC(124)   Pre Evacuate Collection Set: 0.23ms
[8.704s][info][gc,phases] GC(124)   Merge Heap Roots: 0.21ms
[8.704s][info][gc,phases] GC(124)   Evacuate Collection Set: 5.71ms
[8.704s][info][gc,phases] GC(124)   Post Evacuate Collection Set: 0.48ms
[8.704s][info][gc,phases] GC(124)   Other: 0.06ms
[8.704s][info][gc       ] GC(124) Pause Young (Prepare Mixed) (G1 Evacuation Pause) 1942M->936M(2048M) 7.085ms
[8.811s][info][gc,phases] GC(125)   Pre Evacuate Collection Set: 0.21ms
[8.811s][info][gc,phases] GC(125)   Merge Heap Roots: 0.23ms
[8.811s][info][gc,phases] GC(125)   Evacuate Collection Set: 9.89ms
[8.811s][info][gc,phases] GC(125)   Post Evacuate Collection Set: 9.85ms
[8.811s][info][gc,phases] GC(125)   Other: 0.06ms
[8.811s][info][gc       ] GC(125) Pause Young (Mixed) (G1 Evacuation Pause) (Evacuation Failure) 1943M->1931M(2048M) 20.623ms
[8.828s][info][gc,phases] GC(126)   Pre Evacuate Collection Set: 0.32ms
[8.828s][info][gc,phases] GC(126)   Merge Heap Roots: 0.09ms
[8.828s][info][gc,phases] GC(126)   Evacuate Collection Set: 3.29ms
[8.828s][info][gc,phases] GC(126)   Post Evacuate Collection Set: 1.56ms
[8.828s][info][gc,phases] GC(126)   Other: 0.09ms
[8.829s][info][gc       ] GC(126) Pause Young (Concurrent Start) (G1 Evacuation Pause) (Evacuation Failure) 2033M->1938M(2048M) 5.660ms
[8.829s][info][gc       ] GC(127) Concurrent Mark Cycle
[8.842s][info][gc,phases] GC(128)   Pre Evacuate Collection Set: 0.20ms
[8.842s][info][gc,phases] GC(128)   Merge Heap Roots: 0.09ms
[8.842s][info][gc,phases] GC(128)   Evacuate Collection Set: 0.55ms
[8.842s][info][gc,phases] GC(128)   Post Evacuate Collection Set: 0.29ms
[8.842s][info][gc,phases] GC(128)   Other: 0.04ms
[8.842s][info][gc       ] GC(128) Pause Young (Normal) (G1 Evacuation Pause) 2040M->1940M(2048M) 1.459ms
[8.856s][info][gc,phases] GC(129)   Pre Evacuate Collection Set: 0.22ms
[8.856s][info][gc,phases] GC(129)   Merge Heap Roots: 0.08ms
[8.856s][info][gc,phases] GC(129)   Evacuate Collection Set: 0.60ms
[8.856s][info][gc,phases] GC(129)   Post Evacuate Collection Set: 1.21ms
[8.856s][info][gc,phases] GC(129)   Other: 0.04ms
[8.856s][info][gc       ] GC(129) Pause Young (Normal) (G1 Evacuation Pause) (Evacuation Failure) 2042M->2044M(2048M) 2.525ms
[8.858s][info][gc,phases] GC(130)   Pre Evacuate Collection Set: 0.18ms
[8.858s][info][gc,phases] GC(130)   Merge Heap Roots: 0.07ms
[8.858s][info][gc,phases] GC(130)   Evacuate Collection Set: 0.42ms
[8.858s][info][gc,phases] GC(130)   Post Evacuate Collection Set: 0.33ms
[8.858s][info][gc,phases] GC(130)   Other: 0.03ms
[8.858s][info][gc       ] GC(130) Pause Young (Normal) (G1 Evacuation Pause) (Evacuation Failure) 2046M->2046M(2048M) 1.277ms
[8.873s][info][gc,phases] GC(131) Phase 1: Mark live objects 14.000ms
[8.895s][info][gc,phases] GC(131) Phase 2: Prepare compaction 22.222ms
[8.911s][info][gc,phases] GC(131) Phase 3: Adjust pointers 16.303ms
[8.926s][info][gc,phases] GC(131) Phase 4: Compact heap 14.156ms
[8.928s][info][gc,phases] GC(131) Phase 5: Reset Metadata 1.714ms
[8.929s][info][gc       ] GC(131) Pause Full (G1 Compaction Pause) 2046M->790M(2048M) 70.597ms
[8.929s][info][gc       ] GC(127) Concurrent Mark Cycle 100.148ms
[9.095s][info][gc,phases] GC(132)   Pre Evacuate Collection Set: 0.21ms
[9.096s][info][gc,phases] GC(132)   Merge Heap Roots: 0.26ms
[9.096s][info][gc,phases] GC(132)   Evacuate Collection Set: 1.92ms
[9.096s][info][gc,phases] GC(132)   Post Evacuate Collection Set: 0.46ms
[9.096s][info][gc,phases] GC(132)   Other: 0.05ms
[9.096s][info][gc       ] GC(132) Pause Young (Normal) (G1 Evacuation Pause) 1941M->808M(2048M) 3.255ms
[9.224s][info][gc,phases] GC(133)   Pre Evacuate Collection Set: 0.21ms
[9.225s][info][gc,phases] GC(133)   Merge Heap Roots: 0.21ms
[9.225s][info][gc,phases] GC(133)   Evacuate Collection Set: 2.62ms
[9.225s][info][gc,phases] GC(133)   Post Evacuate Collection Set: 0.52ms
[9.225s][info][gc,phases] GC(133)   Other: 0.06ms
[9.225s][info][gc       ] GC(133) Pause Young (Normal) (G1 Evacuation Pause) 1940M->826M(2048M) 4.006ms
[9.347s][info][gc,phases] GC(134)   Pre Evacuate Collection Set: 0.23ms
[9.347s][info][gc,phases] GC(134)   Merge Heap Roots: 0.19ms
[9.347s][info][gc,phases] GC(134)   Evacuate Collection Set: 2.81ms
[9.347s][info][gc,phases] GC(134)   Post Evacuate Collection Set: 0.47ms
[9.347s][info][gc,phases] GC(134)   Other: 0.12ms
[9.348s][info][gc       ] GC(134) Pause Young (Concurrent Start) (G1 Evacuation Pause) 1941M->843M(2048M) 4.227ms
[9.348s][info][gc       ] GC(135) Concurrent Mark Cycle
[9.395s][info][gc       ] GC(135) Pause Remark 1615M->1615M(2048M) 1.000ms
[9.420s][info][gc,phases] GC(136)   Pre Evacuate Collection Set: 0.18ms
[9.420s][info][gc,phases] GC(136)   Merge Heap Roots: 0.23ms
[9.420s][info][gc,phases] GC(136)   Evacuate Collection Set: 3.09ms
[9.420s][info][gc,phases] GC(136)   Post Evacuate Collection Set: 0.64ms
[9.420s][info][gc,phases] GC(136)   Other: 0.06ms
[9.420s][info][gc       ] GC(136) Pause Young (Normal) (G1 Evacuation Pause) 1940M->860M(2048M) 4.592ms
[9.478s][info][gc       ] GC(135) Pause Cleanup 1837M->1837M(2048M) 0.201ms
[9.479s][info][gc       ] GC(135) Concurrent Mark Cycle 131.544ms
[9.493s][info][gc,phases] GC(137)   Pre Evacuate Collection Set: 0.20ms
[9.493s][info][gc,phases] GC(137)   Merge Heap Roots: 0.19ms
[9.493s][info][gc,phases] GC(137)   Evacuate Collection Set: 3.37ms
[9.493s][info][gc,phases] GC(137)   Post Evacuate Collection Set: 0.51ms
[9.493s][info][gc,phases] GC(137)   Other: 0.06ms
[9.493s][info][gc       ] GC(137) Pause Young (Prepare Mixed) (G1 Evacuation Pause) 1941M->876M(2048M) 4.663ms
[9.620s][info][gc,phases] GC(138)   Pre Evacuate Collection Set: 0.22ms
[9.620s][info][gc,phases] GC(138)   Merge Heap Roots: 0.20ms
[9.620s][info][gc,phases] GC(138)   Evacuate Collection Set: 5.84ms
[9.620s][info][gc,phases] GC(138)   Post Evacuate Collection Set: 0.49ms
[9.620s][info][gc,phases] GC(138)   Other: 0.06ms
[9.620s][info][gc       ] GC(138) Pause Young (Mixed) (G1 Evacuation Pause) 1941M->892M(2048M) 7.225ms
[9.745s][info][gc,phases] GC(139)   Pre Evacuate Collection Set: 0.23ms
[9.745s][info][gc,phases] GC(139)   Merge Heap Roots: 0.20ms
[9.745s][info][gc,phases] GC(139)   Evacuate Collection Set: 5.78ms
[9.745s][info][gc,phases] GC(139)   Post Evacuate Collection Set: 0.53ms
[9.745s][info][gc,phases] GC(139)   Other: 0.12ms
[9.745s][info][gc       ] GC(139) Pause Young (Concurrent Start) (G1 Evacuation Pause) 1942M->906M(2048M) 7.181ms
[9.745s][info][gc       ] GC(140) Concurrent Mark Cycle
[9.794s][info][gc       ] GC(140) Pause Remark 1319M->1319M(2048M) 0.973ms
[9.872s][info][gc,phases] GC(141)   Pre Evacuate Collection Set: 0.23ms
[9.872s][info][gc,phases] GC(141)   Merge Heap Roots: 0.24ms
[9.872s][info][gc,phases] GC(141)   Evacuate Collection Set: 6.17ms
[9.872s][info][gc,phases] GC(141)   Post Evacuate Collection Set: 0.51ms
[9.873s][info][gc,phases] GC(141)   Other: 0.06ms
[9.873s][info][gc       ] GC(141) Pause Young (Normal) (G1 Evacuation Pause) 1942M->921M(2048M) 7.553ms
[9.883s][info][gc       ] GC(140) Pause Cleanup 1005M->1005M(2048M) 0.421ms
[9.884s][info][gc       ] GC(140) Concurrent Mark Cycle 138.525ms
[9.996s][info][gc,phases] GC(142)   Pre Evacuate Collection Set: 0.20ms
[9.996s][info][gc,phases] GC(142)   Merge Heap Roots: 0.22ms
[9.996s][info][gc,phases] GC(142)   Evacuate Collection Set: 5.54ms
[9.996s][info][gc,phases] GC(142)   Post Evacuate Collection Set: 0.50ms
[9.996s][info][gc,phases] GC(142)   Other: 0.06ms
[9.996s][info][gc       ] GC(142) Pause Young (Prepare Mixed) (G1 Evacuation Pause) 1942M->936M(2048M) 6.898ms
[10.129s][info][gc,phases] GC(143)   Pre Evacuate Collection Set: 0.21ms
[10.130s][info][gc,phases] GC(143)   Merge Heap Roots: 0.21ms
[10.130s][info][gc,phases] GC(143)   Evacuate Collection Set: 9.88ms
[10.130s][info][gc,phases] GC(143)   Post Evacuate Collection Set: 9.53ms
[10.130s][info][gc,phases] GC(143)   Other: 0.07ms
[10.130s][info][gc       ] GC(143) Pause Young (Mixed) (G1 Evacuation Pause) (Evacuation Failure) 1941M->1924M(2048M) 20.217ms
[10.148s][info][gc,phases] GC(144)   Pre Evacuate Collection Set: 0.30ms
[10.148s][info][gc,phases] GC(144)   Merge Heap Roots: 0.12ms
[10.148s][info][gc,phases] GC(144)   Evacuate Collection Set: 4.46ms
[10.148s][info][gc,phases] GC(144)   Post Evacuate Collection Set: 1.40ms
[10.148s][info][gc,phases] GC(144)   Other: 0.10ms
[10.148s][info][gc       ] GC(144) Pause Young (Concurrent Start) (G1 Evacuation Pause) (Evacuation Failure) 2026M->1933M(2048M) 6.715ms
[10.148s][info][gc       ] GC(145) Concurrent Mark Cycle
[10.161s][info][gc,phases] GC(146)   Pre Evacuate Collection Set: 0.22ms
[10.162s][info][gc,phases] GC(146)   Merge Heap Roots: 0.08ms
[10.162s][info][gc,phases] GC(146)   Evacuate Collection Set: 0.54ms
[10.162s][info][gc,phases] GC(146)   Post Evacuate Collection Set: 0.30ms
[10.162s][info][gc,phases] GC(146)   Other: 0.04ms
[10.162s][info][gc       ] GC(146) Pause Young (Normal) (G1 Evacuation Pause) 2035M->1935M(2048M) 1.443ms
[10.175s][info][gc,phases] GC(147)   Pre Evacuate Collection Set: 0.21ms
[10.175s][info][gc,phases] GC(147)   Merge Heap Roots: 0.09ms
[10.175s][info][gc,phases] GC(147)   Evacuate Collection Set: 0.60ms
[10.175s][info][gc,phases] GC(147)   Post Evacuate Collection Set: 0.28ms
[10.175s][info][gc,phases] GC(147)   Other: 0.04ms
[10.175s][info][gc       ] GC(147) Pause Young (Normal) (G1 Evacuation Pause) 2037M->1937M(2048M) 1.498ms
[10.189s][info][gc,phases] GC(148)   Pre Evacuate Collection Set: 0.20ms
[10.189s][info][gc,phases] GC(148)   Merge Heap Roots: 0.09ms
[10.189s][info][gc,phases] GC(148)   Evacuate Collection Set: 0.68ms
[10.189s][info][gc,phases] GC(148)   Post Evacuate Collection Set: 1.21ms
[10.190s][info][gc,phases] GC(148)   Other: 0.03ms
[10.190s][info][gc       ] GC(148) Pause Young (Normal) (G1 Evacuation Pause) (Evacuation Failure) 2039M->2043M(2048M) 2.537ms
[10.191s][info][gc,phases] GC(149)   Pre Evacuate Collection Set: 0.20ms
[10.191s][info][gc,phases] GC(149)   Merge Heap Roots: 0.07ms
[10.191s][info][gc,phases] GC(149)   Evacuate Collection Set: 0.47ms
[10.191s][info][gc,phases] GC(149)   Post Evacuate Collection Set: 0.37ms
[10.191s][info][gc,phases] GC(149)   Other: 0.03ms
[10.191s][info][gc       ] GC(149) Pause Young (Normal) (G1 Evacuation Pause) (Evacuation Failure) 2044M->2044M(2048M) 1.344ms
[10.206s][info][gc,phases] GC(150) Phase 1: Mark live objects 14.210ms
[10.229s][info][gc,phases] GC(150) Phase 2: Prepare compaction 22.359ms
[10.245s][info][gc,phases] GC(150) Phase 3: Adjust pointers 16.479ms
[10.260s][info][gc,phases] GC(150) Phase 4: Compact heap 14.236ms
[10.261s][info][gc,phases] GC(150) Phase 5: Reset Metadata 1.694ms
[10.262s][info][gc       ] GC(150) Pause Full (G1 Compaction Pause) 2044M->790M(2048M) 71.248ms
[10.263s][info][gc       ] GC(145) Concurrent Mark Cycle 114.410ms
[10.432s][info][gc,phases] GC(151)   Pre Evacuate Collection Set: 0.22ms
[10.432s][info][gc,phases] GC(151)   Merge Heap Roots: 0.26ms
[10.432s][info][gc,phases] GC(151)   Evacuate Collection Set: 1.95ms
[10.432s][info][gc,phases] GC(151)   Post Evacuate Collection Set: 0.49ms
[10.432s][info][gc,phases] GC(151)   Other: 0.05ms
[10.432s][info][gc       ] GC(151) Pause Young (Normal) (G1 Evacuation Pause) 1943M->808M(2048M) 3.312ms
[10.560s][info][gc,phases] GC(152)   Pre Evacuate Collection Set: 0.21ms
[10.560s][info][gc,phases] GC(152)   Merge Heap Roots: 0.19ms
[10.560s][info][gc,phases] GC(152)   Evacuate Collection Set: 2.43ms
[10.560s][info][gc,phases] GC(152)   Post Evacuate Collection Set: 0.50ms
[10.560s][info][gc,phases] GC(152)   Other: 0.06ms
[10.560s][info][gc       ] GC(152) Pause Young (Normal) (G1 Evacuation Pause) 1943M->826M(2048M) 3.819ms
[10.688s][info][gc,phases] GC(153)   Pre Evacuate Collection Set: 0.28ms
[10.688s][info][gc,phases] GC(153)   Merge Heap Roots: 0.17ms
[10.688s][info][gc,phases] GC(153)   Evacuate Collection Set: 2.77ms
[10.688s][info][gc,phases] GC(153)   Post Evacuate Collection Set: 0.51ms
[10.688s][info][gc,phases] GC(153)   Other: 0.11ms
[10.688s][info][gc       ] GC(153) Pause Young (Concurrent Start) (G1 Evacuation Pause) 1943M->844M(2048M) 4.193ms
[10.688s][info][gc       ] GC(154) Concurrent Mark Cycle
[10.736s][info][gc       ] GC(154) Pause Remark 1686M->1686M(2048M) 1.018ms
[10.769s][info][gc,phases] GC(155)   Pre Evacuate Collection Set: 0.22ms
[10.769s][info][gc,phases] GC(155)   Merge Heap Roots: 0.23ms
[10.769s][info][gc,phases] GC(155)   Evacuate Collection Set: 3.11ms
[10.769s][info][gc,phases] GC(155)   Post Evacuate Collection Set: 0.62ms
[10.770s][info][gc,phases] GC(155)   Other: 0.06ms
[10.770s][info][gc       ] GC(155) Pause Young (Normal) (G1 Evacuation Pause) 1943M->860M(2048M) 4.582ms
[10.819s][info][gc       ] GC(154) Pause Cleanup 1298M->1298M(2048M) 0.199ms
[10.820s][info][gc       ] GC(154) Concurrent Mark Cycle 131.866ms
[10.895s][info][gc,phases] GC(156)   Pre Evacuate Collection Set: 0.28ms
[10.895s][info][gc,phases] GC(156)   Merge Heap Roots: 0.20ms
[10.896s][info][gc,phases] GC(156)   Evacuate Collection Set: 3.43ms
[10.896s][info][gc,phases] GC(156)   Post Evacuate Collection Set: 0.50ms
[10.896s][info][gc,phases] GC(156)   Other: 0.06ms
[10.896s][info][gc       ] GC(156) Pause Young (Prepare Mixed) (G1 Evacuation Pause) 1943M->876M(2048M) 4.838ms
[11.020s][info][gc,phases] GC(157)   Pre Evacuate Collection Set: 0.24ms
[11.020s][info][gc,phases] GC(157)   Merge Heap Roots: 0.20ms
[11.020s][info][gc,phases] GC(157)   Evacuate Collection Set: 5.63ms
[11.020s][info][gc,phases] GC(157)   Post Evacuate Collection Set: 0.51ms
[11.021s][info][gc,phases] GC(157)   Other: 0.06ms
[11.021s][info][gc       ] GC(157) Pause Young (Mixed) (G1 Evacuation Pause) 1943M->891M(2048M) 6.979ms
[11.144s][info][gc,phases] GC(158)   Pre Evacuate Collection Set: 0.24ms
[11.144s][info][gc,phases] GC(158)   Merge Heap Roots: 0.15ms
[11.144s][info][gc,phases] GC(158)   Evacuate Collection Set: 5.81ms
[11.144s][info][gc,phases] GC(158)   Post Evacuate Collection Set: 0.49ms
[11.144s][info][gc,phases] GC(158)   Other: 0.13ms
[11.144s][info][gc       ] GC(158) Pause Young (Concurrent Start) (G1 Evacuation Pause) 1943M->906M(2048M) 7.271ms
[11.144s][info][gc       ] GC(159) Concurrent Mark Cycle
[11.193s][info][gc       ] GC(159) Pause Remark 1348M->1348M(2048M) 0.997ms
[11.267s][info][gc,phases] GC(160)   Pre Evacuate Collection Set: 0.23ms
[11.267s][info][gc,phases] GC(160)   Merge Heap Roots: 0.23ms
[11.267s][info][gc,phases] GC(160)   Evacuate Collection Set: 6.25ms
[11.267s][info][gc,phases] GC(160)   Post Evacuate Collection Set: 0.54ms
[11.268s][info][gc,phases] GC(160)   Other: 0.06ms
[11.268s][info][gc       ] GC(160) Pause Young (Normal) (G1 Evacuation Pause) 1943M->921M(2048M) 7.719ms
[11.283s][info][gc       ] GC(159) Pause Cleanup 1052M->1052M(2048M) 0.426ms
[11.284s][info][gc       ] GC(159) Concurrent Mark Cycle 139.666ms
[11.385s][info][gc,phases] GC(161)   Pre Evacuate Collection Set: 0.20ms
[11.385s][info][gc,phases] GC(161)   Merge Heap Roots: 0.22ms
[11.385s][info][gc,phases] GC(161)   Evacuate Collection Set: 5.67ms
[11.385s][info][gc,phases] GC(161)   Post Evacuate Collection Set: 0.50ms
[11.385s][info][gc,phases] GC(161)   Other: 0.07ms
[11.385s][info][gc       ] GC(161) Pause Young (Prepare Mixed) (G1 Evacuation Pause) 1943M->936M(2048M) 6.965ms
[11.516s][info][gc,phases] GC(162)   Pre Evacuate Collection Set: 0.20ms
[11.516s][info][gc,phases] GC(162)   Merge Heap Roots: 0.23ms
[11.516s][info][gc,phases] GC(162)   Evacuate Collection Set: 9.71ms
[11.516s][info][gc,phases] GC(162)   Post Evacuate Collection Set: 9.79ms
[11.516s][info][gc,phases] GC(162)   Other: 0.07ms
[11.517s][info][gc       ] GC(162) Pause Young (Mixed) (G1 Evacuation Pause) (Evacuation Failure) 1943M->1920M(2048M) 20.363ms
[11.536s][info][gc,phases] GC(163)   Pre Evacuate Collection Set: 0.27ms
[11.536s][info][gc,phases] GC(163)   Merge Heap Roots: 0.08ms
[11.536s][info][gc,phases] GC(163)   Evacuate Collection Set: 5.68ms
[11.536s][info][gc,phases] GC(163)   Post Evacuate Collection Set: 1.73ms
[11.536s][info][gc,phases] GC(163)   Other: 0.10ms
[11.536s][info][gc       ] GC(163) Pause Young (Concurrent Start) (G1 Evacuation Pause) (Evacuation Failure) 2022M->1974M(2048M) 8.127ms
[11.536s][info][gc       ] GC(164) Concurrent Mark Cycle
[11.546s][info][gc,phases] GC(165)   Pre Evacuate Collection Set: 0.19ms
[11.546s][info][gc,phases] GC(165)   Merge Heap Roots: 0.09ms
[11.546s][info][gc,phases] GC(165)   Evacuate Collection Set: 0.46ms
[11.547s][info][gc,phases] GC(165)   Post Evacuate Collection Set: 0.96ms
[11.547s][info][gc,phases] GC(165)   Other: 0.03ms
[11.547s][info][gc       ] GC(165) Pause Young (Normal) (G1 Evacuation Pause) (Evacuation Failure) 2047M->2047M(2048M) 2.013ms
[11.561s][info][gc,phases] GC(166) Phase 1: Mark live objects 13.629ms
[11.583s][info][gc,phases] GC(166) Phase 2: Prepare compaction 21.994ms
[11.599s][info][gc,phases] GC(166) Phase 3: Adjust pointers 16.368ms
[11.615s][info][gc,phases] GC(166) Phase 4: Compact heap 15.392ms
[11.617s][info][gc,phases] GC(166) Phase 5: Reset Metadata 1.673ms
[11.618s][info][gc       ] GC(166) Pause Full (G1 Compaction Pause) 2047M->790M(2048M) 71.303ms
[11.618s][info][gc       ] GC(164) Concurrent Mark Cycle 81.909ms
[11.785s][info][gc,phases] GC(167)   Pre Evacuate Collection Set: 0.20ms
[11.785s][info][gc,phases] GC(167)   Merge Heap Roots: 0.24ms
[11.785s][info][gc,phases] GC(167)   Evacuate Collection Set: 1.95ms
[11.785s][info][gc,phases] GC(167)   Post Evacuate Collection Set: 0.49ms
[11.785s][info][gc,phases] GC(167)   Other: 0.06ms
[11.785s][info][gc       ] GC(167) Pause Young (Normal) (G1 Evacuation Pause) 1943M->808M(2048M) 3.276ms
[11.909s][info][gc,phases] GC(168)   Pre Evacuate Collection Set: 0.19ms
[11.909s][info][gc,phases] GC(168)   Merge Heap Roots: 0.19ms
[11.909s][info][gc,phases] GC(168)   Evacuate Collection Set: 2.44ms
[11.909s][info][gc,phases] GC(168)   Post Evacuate Collection Set: 0.48ms
[11.909s][info][gc,phases] GC(168)   Other: 0.06ms
[11.909s][info][gc       ] GC(168) Pause Young (Normal) (G1 Evacuation Pause) 1942M->826M(2048M) 3.754ms
[12.039s][info][gc,phases] GC(169)   Pre Evacuate Collection Set: 0.25ms
[12.040s][info][gc,phases] GC(169)   Merge Heap Roots: 0.21ms
[12.040s][info][gc,phases] GC(169)   Evacuate Collection Set: 2.95ms
[12.040s][info][gc,phases] GC(169)   Post Evacuate Collection Set: 0.60ms
[12.040s][info][gc,phases] GC(169)   Other: 0.13ms
[12.040s][info][gc       ] GC(169) Pause Young (Concurrent Start) (G1 Evacuation Pause) 1943M->843M(2048M) 4.456ms
[12.040s][info][gc       ] GC(170) Concurrent Mark Cycle
[12.089s][info][gc       ] GC(170) Pause Remark 1281M->1281M(2048M) 1.014ms
[12.159s][info][gc,phases] GC(171)   Pre Evacuate Collection Set: 0.21ms
[12.159s][info][gc,phases] GC(171)   Merge Heap Roots: 0.26ms
[12.159s][info][gc,phases] GC(171)   Evacuate Collection Set: 3.32ms
[12.159s][info][gc,phases] GC(171)   Post Evacuate Collection Set: 0.53ms
[12.159s][info][gc,phases] GC(171)   Other: 0.06ms
[12.159s][info][gc       ] GC(171) Pause Young (Normal) (G1 Evacuation Pause) 1942M->860M(2048M) 4.796ms
[12.171s][info][gc       ] GC(170) Pause Cleanup 959M->959M(2048M) 0.213ms
[12.172s][info][gc       ] GC(170) Concurrent Mark Cycle 132.166ms
[12.287s][info][gc,phases] GC(172)   Pre Evacuate Collection Set: 0.23ms
[12.287s][info][gc,phases] GC(172)   Merge Heap Roots: 0.18ms
[12.287s][info][gc,phases] GC(172)   Evacuate Collection Set: 3.38ms
[12.287s][info][gc,phases] GC(172)   Post Evacuate Collection Set: 0.50ms
[12.287s][info][gc,phases] GC(172)   Other: 0.06ms
[12.287s][info][gc       ] GC(172) Pause Young (Prepare Mixed) (G1 Evacuation Pause) 1943M->876M(2048M) 4.786ms
[12.414s][info][gc,phases] GC(173)   Pre Evacuate Collection Set: 0.20ms
[12.414s][info][gc,phases] GC(173)   Merge Heap Roots: 0.21ms
[12.414s][info][gc,phases] GC(173)   Evacuate Collection Set: 5.66ms
[12.414s][info][gc,phases] GC(173)   Post Evacuate Collection Set: 0.49ms
[12.414s][info][gc,phases] GC(173)   Other: 0.07ms
[12.414s][info][gc       ] GC(173) Pause Young (Mixed) (G1 Evacuation Pause) 1943M->891M(2048M) 6.942ms
[12.540s][info][gc,phases] GC(174)   Pre Evacuate Collection Set: 0.24ms
[12.540s][info][gc,phases] GC(174)   Merge Heap Roots: 0.17ms
[12.540s][info][gc,phases] GC(174)   Evacuate Collection Set: 5.69ms
[12.540s][info][gc,phases] GC(174)   Post Evacuate Collection Set: 0.52ms
[12.540s][info][gc,phases] GC(174)   Other: 0.13ms
[12.540s][info][gc       ] GC(174) Pause Young (Concurrent Start) (G1 Evacuation Pause) 1943M->906M(2048M) 7.099ms
[12.540s][info][gc       ] GC(175) Concurrent Mark Cycle
[12.592s][info][gc       ] GC(175) Pause Remark 1346M->1346M(2048M) 1.047ms
[12.660s][info][gc,phases] GC(176)   Pre Evacuate Collection Set: 0.20ms
[12.660s][info][gc,phases] GC(176)   Merge Heap Roots: 0.25ms
[12.660s][info][gc,phases] GC(176)   Evacuate Collection Set: 6.26ms
[12.660s][info][gc,phases] GC(176)   Post Evacuate Collection Set: 0.58ms
[12.660s][info][gc,phases] GC(176)   Other: 0.06ms
[12.660s][info][gc       ] GC(176) Pause Young (Normal) (G1 Evacuation Pause) 1942M->921M(2048M) 7.756ms
[12.684s][info][gc       ] GC(175) Pause Cleanup 1301M->1301M(2048M) 0.443ms
[12.684s][info][gc       ] GC(175) Concurrent Mark Cycle 143.968ms
[12.763s][info][gc,phases] GC(177)   Pre Evacuate Collection Set: 0.20ms
[12.763s][info][gc,phases] GC(177)   Merge Heap Roots: 0.21ms
[12.763s][info][gc,phases] GC(177)   Evacuate Collection Set: 5.70ms
[12.763s][info][gc,phases] GC(177)   Post Evacuate Collection Set: 0.51ms
[12.763s][info][gc,phases] GC(177)   Other: 0.06ms
[12.763s][info][gc       ] GC(177) Pause Young (Prepare Mixed) (G1 Evacuation Pause) 1943M->936M(2048M) 7.060ms
[12.897s][info][gc,phases] GC(178)   Pre Evacuate Collection Set: 0.23ms
[12.897s][info][gc,phases] GC(178)   Merge Heap Roots: 0.20ms
[12.897s][info][gc,phases] GC(178)   Evacuate Collection Set: 10.05ms
[12.897s][info][gc,phases] GC(178)   Post Evacuate Collection Set: 9.87ms
[12.898s][info][gc,phases] GC(178)   Other: 0.08ms
[12.898s][info][gc       ] GC(178) Pause Young (Mixed) (G1 Evacuation Pause) (Evacuation Failure) 1942M->1931M(2048M) 20.761ms
[12.913s][info][gc,phases] GC(179)   Pre Evacuate Collection Set: 0.26ms
[12.913s][info][gc,phases] GC(179)   Merge Heap Roots: 0.09ms
[12.913s][info][gc,phases] GC(179)   Evacuate Collection Set: 3.34ms
[12.913s][info][gc,phases] GC(179)   Post Evacuate Collection Set: 1.51ms
[12.913s][info][gc,phases] GC(179)   Other: 0.10ms
[12.913s][info][gc       ] GC(179) Pause Young (Concurrent Start) (G1 Evacuation Pause) (Evacuation Failure) 2033M->1936M(2048M) 5.688ms
[12.914s][info][gc       ] GC(180) Concurrent Mark Cycle
[12.927s][info][gc,phases] GC(181)   Pre Evacuate Collection Set: 0.22ms
[12.927s][info][gc,phases] GC(181)   Merge Heap Roots: 0.07ms
[12.927s][info][gc,phases] GC(181)   Evacuate Collection Set: 0.54ms
[12.927s][info][gc,phases] GC(181)   Post Evacuate Collection Set: 0.30ms
[12.927s][info][gc,phases] GC(181)   Other: 0.04ms
[12.927s][info][gc       ] GC(181) Pause Young (Normal) (G1 Evacuation Pause) 2038M->1938M(2048M) 1.487ms
[12.940s][info][gc,phases] GC(182)   Pre Evacuate Collection Set: 0.21ms
[12.941s][info][gc,phases] GC(182)   Merge Heap Roots: 0.08ms
[12.941s][info][gc,phases] GC(182)   Evacuate Collection Set: 0.63ms
[12.941s][info][gc,phases] GC(182)   Post Evacuate Collection Set: 0.30ms
[12.941s][info][gc,phases] GC(182)   Other: 0.04ms
[12.941s][info][gc       ] GC(182) Pause Young (Normal) (G1 Evacuation Pause) 2040M->1939M(2048M) 1.545ms
[12.949s][info][gc,phases] GC(183)   Pre Evacuate Collection Set: 0.21ms
[12.950s][info][gc,phases] GC(183)   Merge Heap Roots: 0.09ms
[12.950s][info][gc,phases] GC(183)   Evacuate Collection Set: 0.70ms
[12.950s][info][gc,phases] GC(183)   Post Evacuate Collection Set: 1.20ms
[12.950s][info][gc,phases] GC(183)   Other: 0.04ms
[12.950s][info][gc       ] GC(183) Pause Young (Normal) (G1 Evacuation Pause) (Evacuation Failure) 2041M->2043M(2048M) 2.528ms
[12.951s][info][gc,phases] GC(184)   Pre Evacuate Collection Set: 0.20ms
[12.951s][info][gc,phases] GC(184)   Merge Heap Roots: 0.07ms
[12.951s][info][gc,phases] GC(184)   Evacuate Collection Set: 0.39ms
[12.951s][info][gc,phases] GC(184)   Post Evacuate Collection Set: 0.37ms
[12.951s][info][gc,phases] GC(184)   Other: 0.02ms
[12.951s][info][gc       ] GC(184) Pause Young (Normal) (G1 Evacuation Pause) (Evacuation Failure) 2045M->2045M(2048M) 1.257ms
[12.966s][info][gc,phases] GC(185) Phase 1: Mark live objects 13.681ms
[12.987s][info][gc,phases] GC(185) Phase 2: Prepare compaction 21.603ms
[13.004s][info][gc,phases] GC(185) Phase 3: Adjust pointers 16.391ms
[13.018s][info][gc,phases] GC(185) Phase 4: Compact heap 13.934ms
[13.020s][info][gc,phases] GC(185) Phase 5: Reset Metadata 1.714ms
[13.021s][info][gc       ] GC(185) Pause Full (G1 Compaction Pause) 2045M->790M(2048M) 69.580ms
[13.021s][info][gc       ] GC(180) Concurrent Mark Cycle 107.701ms
[13.186s][info][gc,phases] GC(186)   Pre Evacuate Collection Set: 0.20ms
[13.186s][info][gc,phases] GC(186)   Merge Heap Roots: 0.26ms
[13.186s][info][gc,phases] GC(186)   Evacuate Collection Set: 1.89ms
[13.186s][info][gc,phases] GC(186)   Post Evacuate Collection Set: 0.50ms
[13.187s][info][gc,phases] GC(186)   Other: 0.06ms
[13.187s][info][gc       ] GC(186) Pause Young (Normal) (G1 Evacuation Pause) 1942M->809M(2048M) 3.309ms
[13.310s][info][gc,phases] GC(187)   Pre Evacuate Collection Set: 0.20ms
[13.310s][info][gc,phases] GC(187)   Merge Heap Roots: 0.16ms
[13.310s][info][gc,phases] GC(187)   Evacuate Collection Set: 2.43ms
[13.310s][info][gc,phases] GC(187)   Post Evacuate Collection Set: 0.51ms
[13.310s][info][gc,phases] GC(187)   Other: 0.07ms
[13.310s][info][gc       ] GC(187) Pause Young (Normal) (G1 Evacuation Pause) 1942M->826M(2048M) 3.686ms
[13.433s][info][gc,phases] GC(188)   Pre Evacuate Collection Set: 0.23ms
[13.433s][info][gc,phases] GC(188)   Merge Heap Roots: 0.18ms
[13.433s][info][gc,phases] GC(188)   Evacuate Collection Set: 2.80ms
[13.433s][info][gc,phases] GC(188)   Post Evacuate Collection Set: 0.52ms
[13.433s][info][gc,phases] GC(188)   Other: 0.13ms
[13.433s][info][gc       ] GC(188) Pause Young (Concurrent Start) (G1 Evacuation Pause) 1942M->844M(2048M) 4.209ms
[13.433s][info][gc       ] GC(189) Concurrent Mark Cycle
[13.480s][info][gc       ] GC(189) Pause Remark 1618M->1618M(2048M) 1.029ms
[13.504s][info][gc,phases] GC(190)   Pre Evacuate Collection Set: 0.19ms
[13.504s][info][gc,phases] GC(190)   Merge Heap Roots: 0.23ms
[13.504s][info][gc,phases] GC(190)   Evacuate Collection Set: 3.01ms
[13.504s][info][gc,phases] GC(190)   Post Evacuate Collection Set: 0.61ms
[13.504s][info][gc,phases] GC(190)   Other: 0.06ms
[13.504s][info][gc       ] GC(190) Pause Young (Normal) (G1 Evacuation Pause) 1942M->860M(2048M) 4.474ms
[13.563s][info][gc       ] GC(189) Pause Cleanup 1401M->1401M(2048M) 0.192ms
[13.564s][info][gc       ] GC(189) Concurrent Mark Cycle 131.204ms
[13.626s][info][gc,phases] GC(191)   Pre Evacuate Collection Set: 0.22ms
[13.626s][info][gc,phases] GC(191)   Merge Heap Roots: 0.23ms
[13.626s][info][gc,phases] GC(191)   Evacuate Collection Set: 3.43ms
[13.626s][info][gc,phases] GC(191)   Post Evacuate Collection Set: 0.52ms
[13.626s][info][gc,phases] GC(191)   Other: 0.05ms
[13.626s][info][gc       ] GC(191) Pause Young (Prepare Mixed) (G1 Evacuation Pause) 1942M->876M(2048M) 4.853ms
[13.746s][info][gc,phases] GC(192)   Pre Evacuate Collection Set: 0.24ms
[13.746s][info][gc,phases] GC(192)   Merge Heap Roots: 0.20ms
[13.746s][info][gc,phases] GC(192)   Evacuate Collection Set: 5.71ms
[13.746s][info][gc,phases] GC(192)   Post Evacuate Collection Set: 0.50ms
[13.746s][info][gc,phases] GC(192)   Other: 0.06ms
[13.746s][info][gc       ] GC(192) Pause Young (Mixed) (G1 Evacuation Pause) 1942M->891M(2048M) 7.053ms
[13.864s][info][gc,phases] GC(193)   Pre Evacuate Collection Set: 0.25ms
[13.864s][info][gc,phases] GC(193)   Merge Heap Roots: 0.18ms
[13.864s][info][gc,phases] GC(193)   Evacuate Collection Set: 5.76ms
[13.864s][info][gc,phases] GC(193)   Post Evacuate Collection Set: 0.47ms
[13.864s][info][gc,phases] GC(193)   Other: 0.12ms
[13.864s][info][gc       ] GC(193) Pause Young (Concurrent Start) (G1 Evacuation Pause) 1942M->907M(2048M) 7.213ms
[13.864s][info][gc       ] GC(194) Concurrent Mark Cycle
[13.914s][info][gc       ] GC(194) Pause Remark 1362M->1362M(2048M) 0.975ms
[13.984s][info][gc,phases] GC(195)   Pre Evacuate Collection Set: 0.19ms
[13.984s][info][gc,phases] GC(195)   Merge Heap Roots: 0.24ms
[13.984s][info][gc,phases] GC(195)   Evacuate Collection Set: 6.10ms
[13.984s][info][gc,phases] GC(195)   Post Evacuate Collection Set: 0.55ms
[13.984s][info][gc,phases] GC(195)   Other: 0.06ms
[13.984s][info][gc       ] GC(195) Pause Young (Normal) (G1 Evacuation Pause) 1942M->921M(2048M) 7.446ms
[14.006s][info][gc       ] GC(194) Pause Cleanup 1120M->1120M(2048M) 0.414ms
[14.007s][info][gc       ] GC(194) Concurrent Mark Cycle 143.332ms
[14.097s][info][gc,phases] GC(196)   Pre Evacuate Collection Set: 0.18ms
[14.097s][info][gc,phases] GC(196)   Merge Heap Roots: 0.23ms
[14.097s][info][gc,phases] GC(196)   Evacuate Collection Set: 5.65ms
[14.097s][info][gc,phases] GC(196)   Post Evacuate Collection Set: 0.49ms
[14.097s][info][gc,phases] GC(196)   Other: 0.06ms
[14.097s][info][gc       ] GC(196) Pause Young (Prepare Mixed) (G1 Evacuation Pause) 1942M->936M(2048M) 7.000ms
[14.225s][info][gc,phases] GC(197)   Pre Evacuate Collection Set: 0.21ms
[14.225s][info][gc,phases] GC(197)   Merge Heap Roots: 0.23ms
[14.225s][info][gc,phases] GC(197)   Evacuate Collection Set: 10.16ms
[14.225s][info][gc,phases] GC(197)   Post Evacuate Collection Set: 9.74ms
[14.225s][info][gc,phases] GC(197)   Other: 0.07ms
[14.225s][info][gc       ] GC(197) Pause Young (Mixed) (G1 Evacuation Pause) (Evacuation Failure) 1942M->1932M(2048M) 20.722ms
[14.243s][info][gc,phases] GC(198)   Pre Evacuate Collection Set: 0.25ms
[14.243s][info][gc,phases] GC(198)   Merge Heap Roots: 0.08ms
[14.243s][info][gc,phases] GC(198)   Evacuate Collection Set: 3.30ms
[14.243s][info][gc,phases] GC(198)   Post Evacuate Collection Set: 1.67ms
[14.243s][info][gc,phases] GC(198)   Other: 0.11ms
[14.243s][info][gc       ] GC(198) Pause Young (Concurrent Start) (G1 Evacuation Pause) (Evacuation Failure) 2034M->1947M(2048M) 5.688ms
[14.243s][info][gc       ] GC(199) Concurrent Mark Cycle
[14.251s][info][gc,phases] GC(200)   Pre Evacuate Collection Set: 0.23ms
[14.251s][info][gc,phases] GC(200)   Merge Heap Roots: 0.08ms
[14.251s][info][gc,phases] GC(200)   Evacuate Collection Set: 0.47ms
[14.251s][info][gc,phases] GC(200)   Post Evacuate Collection Set: 1.09ms
[14.251s][info][gc,phases] GC(200)   Other: 0.04ms
[14.251s][info][gc       ] GC(200) Pause Young (Normal) (G1 Evacuation Pause) (Evacuation Failure) 2046M->2046M(2048M) 2.203ms
[14.266s][info][gc,phases] GC(201) Phase 1: Mark live objects 14.344ms
[14.289s][info][gc,phases] GC(201) Phase 2: Prepare compaction 22.220ms
[14.305s][info][gc,phases] GC(201) Phase 3: Adjust pointers 16.360ms
[14.319s][info][gc,phases] GC(201) Phase 4: Compact heap 14.200ms
[14.321s][info][gc,phases] GC(201) Phase 5: Reset Metadata 1.585ms
[14.322s][info][gc       ] GC(201) Pause Full (G1 Compaction Pause) 2046M->790M(2048M) 70.996ms
[14.322s][info][gc       ] GC(199) Concurrent Mark Cycle 79.505ms
[14.489s][info][gc,phases] GC(202)   Pre Evacuate Collection Set: 0.26ms
[14.489s][info][gc,phases] GC(202)   Merge Heap Roots: 0.26ms
[14.489s][info][gc,phases] GC(202)   Evacuate Collection Set: 2.02ms
[14.489s][info][gc,phases] GC(202)   Post Evacuate Collection Set: 0.52ms
[14.489s][info][gc,phases] GC(202)   Other: 0.05ms
[14.489s][info][gc       ] GC(202) Pause Young (Normal) (G1 Evacuation Pause) 1943M->808M(2048M) 3.439ms
[14.619s][info][gc,phases] GC(203)   Pre Evacuate Collection Set: 0.22ms
[14.620s][info][gc,phases] GC(203)   Merge Heap Roots: 0.20ms
[14.620s][info][gc,phases] GC(203)   Evacuate Collection Set: 2.40ms
[14.620s][info][gc,phases] GC(203)   Post Evacuate Collection Set: 0.56ms
[14.620s][info][gc,phases] GC(203)   Other: 0.06ms
[14.620s][info][gc       ] GC(203) Pause Young (Normal) (G1 Evacuation Pause) 1942M->826M(2048M) 3.859ms
[14.749s][info][gc,phases] GC(204)   Pre Evacuate Collection Set: 0.26ms
[14.749s][info][gc,phases] GC(204)   Merge Heap Roots: 0.21ms
[14.749s][info][gc,phases] GC(204)   Evacuate Collection Set: 2.97ms
[14.749s][info][gc,phases] GC(204)   Post Evacuate Collection Set: 0.54ms
[14.749s][info][gc,phases] GC(204)   Other: 0.13ms
[14.749s][info][gc       ] GC(204) Pause Young (Concurrent Start) (G1 Evacuation Pause) 1943M->843M(2048M) 4.525ms
[14.749s][info][gc       ] GC(205) Concurrent Mark Cycle
[14.819s][info][gc,phases] GC(206)   Pre Evacuate Collection Set: 0.19ms
[14.819s][info][gc,phases] GC(206)   Merge Heap Roots: 0.18ms
[14.819s][info][gc,phases] GC(206)   Evacuate Collection Set: 3.01ms
[14.819s][info][gc,phases] GC(206)   Post Evacuate Collection Set: 0.52ms
[14.819s][info][gc,phases] GC(206)   Other: 0.05ms
[14.819s][info][gc       ] GC(206) Pause Young (Normal) (G1 Evacuation Pause) 1943M->860M(2048M) 4.296ms
[14.853s][info][gc       ] GC(205) Pause Remark 1250M->1250M(2048M) 1.038ms
[14.926s][info][gc,phases] GC(207)   Pre Evacuate Collection Set: 0.19ms
[14.927s][info][gc,phases] GC(207)   Merge Heap Roots: 0.23ms
[14.927s][info][gc,phases] GC(207)   Evacuate Collection Set: 3.34ms
[14.927s][info][gc,phases] GC(207)   Post Evacuate Collection Set: 0.54ms
[14.927s][info][gc,phases] GC(207)   Other: 0.05ms
[14.927s][info][gc       ] GC(207) Pause Young (Normal) (G1 Evacuation Pause) 1943M->875M(2048M) 4.675ms
[14.935s][info][gc       ] GC(205) Pause Cleanup 948M->948M(2048M) 0.195ms
[14.936s][info][gc       ] GC(205) Concurrent Mark Cycle 187.283ms
[15.053s][info][gc,phases] GC(208)   Pre Evacuate Collection Set: 0.23ms
[15.053s][info][gc,phases] GC(208)   Merge Heap Roots: 0.22ms
[15.053s][info][gc,phases] GC(208)   Evacuate Collection Set: 5.55ms
[15.053s][info][gc,phases] GC(208)   Post Evacuate Collection Set: 0.52ms
[15.053s][info][gc,phases] GC(208)   Other: 0.05ms
[15.054s][info][gc       ] GC(208) Pause Young (Prepare Mixed) (G1 Evacuation Pause) 1942M->891M(2048M) 6.940ms
[15.177s][info][gc,phases] GC(209)   Pre Evacuate Collection Set: 0.20ms
[15.177s][info][gc,phases] GC(209)   Merge Heap Roots: 0.20ms
[15.177s][info][gc,phases] GC(209)   Evacuate Collection Set: 5.76ms
[15.177s][info][gc,phases] GC(209)   Post Evacuate Collection Set: 0.51ms
[15.177s][info][gc,phases] GC(209)   Other: 0.07ms
[15.177s][info][gc       ] GC(209) Pause Young (Mixed) (G1 Evacuation Pause) 1942M->905M(2048M) 7.117ms
[15.300s][info][gc,phases] GC(210)   Pre Evacuate Collection Set: 0.23ms
[15.300s][info][gc,phases] GC(210)   Merge Heap Roots: 0.16ms
[15.300s][info][gc,phases] GC(210)   Evacuate Collection Set: 5.59ms
[15.300s][info][gc,phases] GC(210)   Post Evacuate Collection Set: 0.52ms
[15.300s][info][gc,phases] GC(210)   Other: 0.13ms
[15.300s][info][gc       ] GC(210) Pause Young (Concurrent Start) (G1 Evacuation Pause) 1942M->921M(2048M) 7.016ms
[15.300s][info][gc       ] GC(211) Concurrent Mark Cycle
[15.407s][info][gc       ] GC(211) Pause Remark 1844M->1844M(2048M) 0.941ms
[15.424s][info][gc,phases] GC(212)   Pre Evacuate Collection Set: 0.21ms
[15.424s][info][gc,phases] GC(212)   Merge Heap Roots: 0.22ms
[15.424s][info][gc,phases] GC(212)   Evacuate Collection Set: 6.16ms
[15.424s][info][gc,phases] GC(212)   Post Evacuate Collection Set: 0.63ms
[15.424s][info][gc,phases] GC(212)   Other: 0.08ms
[15.424s][info][gc       ] GC(212) Pause Young (Normal) (G1 Evacuation Pause) 1942M->935M(2048M) 7.602ms
[15.507s][info][gc       ] GC(211) Pause Cleanup 1652M->1652M(2048M) 0.589ms
[15.508s][info][gc       ] GC(211) Concurrent Mark Cycle 207.256ms
[15.546s][info][gc,phases] GC(213)   Pre Evacuate Collection Set: 0.21ms
[15.546s][info][gc,phases] GC(213)   Merge Heap Roots: 0.23ms
[15.546s][info][gc,phases] GC(213)   Evacuate Collection Set: 5.55ms
[15.546s][info][gc,phases] GC(213)   Post Evacuate Collection Set: 0.50ms
[15.546s][info][gc,phases] GC(213)   Other: 0.06ms
[15.546s][info][gc       ] GC(213) Pause Young (Prepare Mixed) (G1 Evacuation Pause) 1943M->950M(2048M) 6.923ms
[15.674s][info][gc,phases] GC(214)   Pre Evacuate Collection Set: 0.23ms
[15.675s][info][gc,phases] GC(214)   Merge Heap Roots: 0.24ms
[15.675s][info][gc,phases] GC(214)   Evacuate Collection Set: 13.43ms
[15.675s][info][gc,phases] GC(214)   Post Evacuate Collection Set: 10.58ms
[15.675s][info][gc,phases] GC(214)   Other: 0.07ms
[15.675s][info][gc       ] GC(214) Pause Young (Mixed) (G1 Evacuation Pause) (Evacuation Failure) 1943M->1987M(2048M) 24.865ms
[15.682s][info][gc,phases] GC(215)   Pre Evacuate Collection Set: 0.25ms
[15.682s][info][gc,phases] GC(215)   Merge Heap Roots: 0.07ms
[15.682s][info][gc,phases] GC(215)   Evacuate Collection Set: 1.37ms
[15.682s][info][gc,phases] GC(215)   Post Evacuate Collection Set: 1.40ms
[15.682s][info][gc,phases] GC(215)   Other: 0.09ms
[15.682s][info][gc       ] GC(215) Pause Young (Concurrent Start) (G1 Evacuation Pause) (Evacuation Failure) 2043M->1990M(2048M) 3.587ms
[15.682s][info][gc       ] GC(216) Concurrent Mark Cycle
[15.687s][info][gc,phases] GC(217)   Pre Evacuate Collection Set: 0.21ms
[15.687s][info][gc,phases] GC(217)   Merge Heap Roots: 0.06ms
[15.687s][info][gc,phases] GC(217)   Evacuate Collection Set: 0.33ms
[15.687s][info][gc,phases] GC(217)   Post Evacuate Collection Set: 0.81ms
[15.687s][info][gc,phases] GC(217)   Other: 0.03ms
[15.687s][info][gc       ] GC(217) Pause Young (Normal) (G1 Evacuation Pause) (Evacuation Failure) 2046M->2046M(2048M) 1.727ms
[15.702s][info][gc,phases] GC(218) Phase 1: Mark live objects 13.833ms
[15.724s][info][gc,phases] GC(218) Phase 2: Prepare compaction 21.628ms
[15.740s][info][gc,phases] GC(218) Phase 3: Adjust pointers 16.718ms
[15.755s][info][gc,phases] GC(218) Phase 4: Compact heap 14.214ms
[15.757s][info][gc,phases] GC(218) Phase 5: Reset Metadata 1.836ms
[15.758s][info][gc       ] GC(218) Pause Full (G1 Compaction Pause) 2046M->790M(2048M) 70.341ms
[15.758s][info][gc       ] GC(216) Concurrent Mark Cycle 75.927ms
[15.923s][info][gc,phases] GC(219)   Pre Evacuate Collection Set: 0.21ms
[15.923s][info][gc,phases] GC(219)   Merge Heap Roots: 0.27ms
[15.923s][info][gc,phases] GC(219)   Evacuate Collection Set: 1.94ms
[15.923s][info][gc,phases] GC(219)   Post Evacuate Collection Set: 0.51ms
[15.923s][info][gc,phases] GC(219)   Other: 0.05ms
[15.923s][info][gc       ] GC(219) Pause Young (Normal) (G1 Evacuation Pause) 1943M->808M(2048M) 3.361ms
[16.043s][info][gc,phases] GC(220)   Pre Evacuate Collection Set: 0.19ms
[16.043s][info][gc,phases] GC(220)   Merge Heap Roots: 0.20ms
[16.043s][info][gc,phases] GC(220)   Evacuate Collection Set: 2.42ms
[16.043s][info][gc,phases] GC(220)   Post Evacuate Collection Set: 0.52ms
[16.043s][info][gc,phases] GC(220)   Other: 0.06ms
[16.043s][info][gc       ] GC(220) Pause Young (Normal) (G1 Evacuation Pause) 1942M->826M(2048M) 3.711ms
[16.169s][info][gc,phases] GC(221)   Pre Evacuate Collection Set: 0.23ms
[16.169s][info][gc,phases] GC(221)   Merge Heap Roots: 0.20ms
[16.169s][info][gc,phases] GC(221)   Evacuate Collection Set: 2.77ms
[16.169s][info][gc,phases] GC(221)   Post Evacuate Collection Set: 0.48ms
[16.169s][info][gc,phases] GC(221)   Other: 0.11ms
[16.169s][info][gc       ] GC(221) Pause Young (Concurrent Start) (G1 Evacuation Pause) 1942M->844M(2048M) 4.175ms
[16.169s][info][gc       ] GC(222) Concurrent Mark Cycle
[16.268s][info][gc       ] GC(222) Pause Remark 1721M->1721M(2048M) 0.932ms
[16.286s][info][gc,phases] GC(223)   Pre Evacuate Collection Set: 0.19ms
[16.286s][info][gc,phases] GC(223)   Merge Heap Roots: 0.25ms
[16.286s][info][gc,phases] GC(223)   Evacuate Collection Set: 3.04ms
[16.286s][info][gc,phases] GC(223)   Post Evacuate Collection Set: 0.66ms
[16.286s][info][gc,phases] GC(223)   Other: 0.07ms
[16.286s][info][gc       ] GC(223) Pause Young (Normal) (G1 Evacuation Pause) 1943M->860M(2048M) 4.589ms
[16.351s][info][gc       ] GC(222) Pause Cleanup 1439M->1439M(2048M) 0.194ms
[16.352s][info][gc       ] GC(222) Concurrent Mark Cycle 182.680ms
[16.411s][info][gc,phases] GC(224)   Pre Evacuate Collection Set: 0.19ms
[16.411s][info][gc,phases] GC(224)   Merge Heap Roots: 0.18ms
[16.411s][info][gc,phases] GC(224)   Evacuate Collection Set: 3.36ms
[16.411s][info][gc,phases] GC(224)   Post Evacuate Collection Set: 0.48ms
[16.411s][info][gc,phases] GC(224)   Other: 0.07ms
[16.411s][info][gc       ] GC(224) Pause Young (Prepare Mixed) (G1 Evacuation Pause) 1943M->876M(2048M) 4.632ms
[16.535s][info][gc,phases] GC(225)   Pre Evacuate Collection Set: 0.24ms
[16.535s][info][gc,phases] GC(225)   Merge Heap Roots: 0.21ms
[16.535s][info][gc,phases] GC(225)   Evacuate Collection Set: 5.62ms
[16.535s][info][gc,phases] GC(225)   Post Evacuate Collection Set: 0.53ms
[16.535s][info][gc,phases] GC(225)   Other: 0.07ms
[16.535s][info][gc       ] GC(225) Pause Young (Mixed) (G1 Evacuation Pause) 1943M->891M(2048M) 7.036ms
[16.658s][info][gc,phases] GC(226)   Pre Evacuate Collection Set: 0.31ms
[16.658s][info][gc,phases] GC(226)   Merge Heap Roots: 0.19ms
[16.658s][info][gc,phases] GC(226)   Evacuate Collection Set: 5.83ms
[16.658s][info][gc,phases] GC(226)   Post Evacuate Collection Set: 0.50ms
[16.658s][info][gc,phases] GC(226)   Other: 0.12ms
[16.658s][info][gc       ] GC(226) Pause Young (Concurrent Start) (G1 Evacuation Pause) 1943M->906M(2048M) 7.367ms
[16.658s][info][gc       ] GC(227) Concurrent Mark Cycle
[16.768s][info][gc,phases] GC(228)   Pre Evacuate Collection Set: 0.21ms
[16.768s][info][gc,phases] GC(228)   Merge Heap Roots: 0.21ms
[16.768s][info][gc,phases] GC(228)   Evacuate Collection Set: 5.63ms
[16.768s][info][gc,phases] GC(228)   Post Evacuate Collection Set: 0.52ms
[16.768s][info][gc,phases] GC(228)   Other: 0.05ms
[16.768s][info][gc       ] GC(228) Pause Young (Normal) (G1 Evacuation Pause) 1942M->921M(2048M) 6.928ms
[16.772s][info][gc       ] GC(227) Pause Remark 944M->944M(2048M) 0.940ms
[16.845s][info][gc,phases] GC(229)   Pre Evacuate Collection Set: 0.19ms
[16.846s][info][gc,phases] GC(229)   Merge Heap Roots: 0.21ms
[16.846s][info][gc,phases] GC(229)   Evacuate Collection Set: 6.16ms
[16.846s][info][gc,phases] GC(229)   Post Evacuate Collection Set: 0.56ms
[16.846s][info][gc,phases] GC(229)   Other: 0.06ms
[16.846s][info][gc       ] GC(229) Pause Young (Normal) (G1 Evacuation Pause) 1943M->936M(2048M) 7.644ms
[16.864s][info][gc       ] GC(227) Pause Cleanup 1097M->1097M(2048M) 0.409ms
[16.865s][info][gc       ] GC(227) Concurrent Mark Cycle 207.181ms
[16.964s][info][gc,phases] GC(230)   Pre Evacuate Collection Set: 0.19ms
[16.964s][info][gc,phases] GC(230)   Merge Heap Roots: 0.18ms
[16.964s][info][gc,phases] GC(230)   Evacuate Collection Set: 5.65ms
[16.964s][info][gc,phases] GC(230)   Post Evacuate Collection Set: 0.51ms
[16.964s][info][gc,phases] GC(230)   Other: 0.06ms
[16.964s][info][gc       ] GC(230) Pause Young (Prepare Mixed) (G1 Evacuation Pause) 1944M->950M(2048M) 6.990ms
[17.085s][info][gc,phases] GC(231)   Pre Evacuate Collection Set: 0.22ms
[17.085s][info][gc,phases] GC(231)   Merge Heap Roots: 0.18ms
[17.085s][info][gc,phases] GC(231)   Evacuate Collection Set: 9.79ms
[17.085s][info][gc,phases] GC(231)   Post Evacuate Collection Set: 9.57ms
[17.086s][info][gc,phases] GC(231)   Other: 0.06ms
[17.086s][info][gc       ] GC(231) Pause Young (Mixed) (G1 Evacuation Pause) (Evacuation Failure) 1943M->1894M(2048M) 20.128ms
[17.108s][info][gc,phases] GC(232)   Pre Evacuate Collection Set: 0.31ms
[17.108s][info][gc,phases] GC(232)   Merge Heap Roots: 0.09ms
[17.108s][info][gc,phases] GC(232)   Evacuate Collection Set: 9.90ms
[17.108s][info][gc,phases] GC(232)   Post Evacuate Collection Set: 0.81ms
[17.109s][info][gc,phases] GC(232)   Other: 0.10ms
[17.109s][info][gc       ] GC(232) Pause Young (Concurrent Start) (G1 Evacuation Pause) (Evacuation Failure) 1996M->1909M(2048M) 11.564ms
[17.109s][info][gc       ] GC(233) Concurrent Mark Cycle
[17.121s][info][gc,phases] GC(234)   Pre Evacuate Collection Set: 0.21ms
[17.121s][info][gc,phases] GC(234)   Merge Heap Roots: 0.08ms
[17.121s][info][gc,phases] GC(234)   Evacuate Collection Set: 0.47ms
[17.121s][info][gc,phases] GC(234)   Post Evacuate Collection Set: 0.29ms
[17.122s][info][gc,phases] GC(234)   Other: 0.04ms
[17.122s][info][gc       ] GC(234) Pause Young (Normal) (G1 Evacuation Pause) 2011M->1911M(2048M) 1.381ms
[17.129s][info][gc,phases] GC(235)   Pre Evacuate Collection Set: 0.24ms
[17.129s][info][gc,phases] GC(235)   Merge Heap Roots: 0.08ms
[17.129s][info][gc,phases] GC(235)   Evacuate Collection Set: 0.60ms
[17.129s][info][gc,phases] GC(235)   Post Evacuate Collection Set: 0.30ms
[17.129s][info][gc,phases] GC(235)   Other: 0.03ms
[17.129s][info][gc       ] GC(235) Pause Young (Normal) (G1 Evacuation Pause) 2013M->1913M(2048M) 1.555ms
[17.142s][info][gc,phases] GC(236)   Pre Evacuate Collection Set: 0.24ms
[17.143s][info][gc,phases] GC(236)   Merge Heap Roots: 0.09ms
[17.143s][info][gc,phases] GC(236)   Evacuate Collection Set: 0.75ms
[17.143s][info][gc,phases] GC(236)   Post Evacuate Collection Set: 0.31ms
[17.143s][info][gc,phases] GC(236)   Other: 0.05ms
[17.143s][info][gc       ] GC(236) Pause Young (Normal) (G1 Evacuation Pause) 2015M->1914M(2048M) 1.780ms
[17.150s][info][gc,phases] GC(237)   Pre Evacuate Collection Set: 0.21ms
[17.151s][info][gc,phases] GC(237)   Merge Heap Roots: 0.09ms
[17.151s][info][gc,phases] GC(237)   Evacuate Collection Set: 0.80ms
[17.151s][info][gc,phases] GC(237)   Post Evacuate Collection Set: 0.33ms
[17.151s][info][gc,phases] GC(237)   Other: 0.04ms
[17.151s][info][gc       ] GC(237) Pause Young (Normal) (G1 Evacuation Pause) 2016M->1916M(2048M) 1.803ms
[17.164s][info][gc,phases] GC(238)   Pre Evacuate Collection Set: 0.20ms
[17.164s][info][gc,phases] GC(238)   Merge Heap Roots: 0.08ms
[17.164s][info][gc,phases] GC(238)   Evacuate Collection Set: 1.00ms
[17.164s][info][gc,phases] GC(238)   Post Evacuate Collection Set: 0.30ms
[17.164s][info][gc,phases] GC(238)   Other: 0.04ms
[17.164s][info][gc       ] GC(238) Pause Young (Normal) (G1 Evacuation Pause) 2018M->1918M(2048M) 1.955ms
[17.172s][info][gc,phases] GC(239)   Pre Evacuate Collection Set: 0.20ms
[17.172s][info][gc,phases] GC(239)   Merge Heap Roots: 0.09ms
[17.172s][info][gc,phases] GC(239)   Evacuate Collection Set: 1.01ms
[17.172s][info][gc,phases] GC(239)   Post Evacuate Collection Set: 0.33ms
[17.172s][info][gc,phases] GC(239)   Other: 0.04ms
[17.172s][info][gc       ] GC(239) Pause Young (Normal) (G1 Evacuation Pause) 2020M->1920M(2048M) 1.923ms
[17.180s][info][gc,phases] GC(240)   Pre Evacuate Collection Set: 0.22ms
[17.180s][info][gc,phases] GC(240)   Merge Heap Roots: 0.08ms
[17.180s][info][gc,phases] GC(240)   Evacuate Collection Set: 0.95ms
[17.180s][info][gc,phases] GC(240)   Post Evacuate Collection Set: 0.31ms
[17.180s][info][gc,phases] GC(240)   Other: 0.04ms
[17.180s][info][gc       ] GC(240) Pause Young (Normal) (G1 Evacuation Pause) 2022M->1921M(2048M) 1.877ms
[17.188s][info][gc,phases] GC(241)   Pre Evacuate Collection Set: 0.20ms
[17.188s][info][gc,phases] GC(241)   Merge Heap Roots: 0.08ms
[17.188s][info][gc,phases] GC(241)   Evacuate Collection Set: 1.00ms
[17.188s][info][gc,phases] GC(241)   Post Evacuate Collection Set: 0.30ms
[17.188s][info][gc,phases] GC(241)   Other: 0.04ms
[17.188s][info][gc       ] GC(241) Pause Young (Normal) (G1 Evacuation Pause) 2023M->1923M(2048M) 1.978ms
[17.196s][info][gc,phases] GC(242)   Pre Evacuate Collection Set: 0.20ms
[17.196s][info][gc,phases] GC(242)   Merge Heap Roots: 0.10ms
[17.196s][info][gc,phases] GC(242)   Evacuate Collection Set: 1.00ms
[17.196s][info][gc,phases] GC(242)   Post Evacuate Collection Set: 0.29ms
[17.197s][info][gc,phases] GC(242)   Other: 0.04ms
[17.197s][info][gc       ] GC(242) Pause Young (Normal) (G1 Evacuation Pause) 2025M->1924M(2048M) 1.926ms
[17.205s][info][gc,phases] GC(243)   Pre Evacuate Collection Set: 0.24ms
[17.205s][info][gc,phases] GC(243)   Merge Heap Roots: 0.08ms
[17.205s][info][gc,phases] GC(243)   Evacuate Collection Set: 1.00ms
[17.205s][info][gc,phases] GC(243)   Post Evacuate Collection Set: 0.31ms
[17.205s][info][gc,phases] GC(243)   Other: 0.04ms
[17.205s][info][gc       ] GC(243) Pause Young (Normal) (G1 Evacuation Pause) 2026M->1926M(2048M) 1.964ms
[17.218s][info][gc,phases] GC(244)   Pre Evacuate Collection Set: 0.21ms
[17.218s][info][gc,phases] GC(244)   Merge Heap Roots: 0.10ms
[17.218s][info][gc,phases] GC(244)   Evacuate Collection Set: 1.00ms
[17.218s][info][gc,phases] GC(244)   Post Evacuate Collection Set: 0.30ms
[17.218s][info][gc,phases] GC(244)   Other: 0.04ms
[17.218s][info][gc       ] GC(244) Pause Young (Normal) (G1 Evacuation Pause) 2028M->1928M(2048M) 1.935ms
[17.229s][info][gc,phases] GC(245)   Pre Evacuate Collection Set: 0.21ms
[17.229s][info][gc,phases] GC(245)   Merge Heap Roots: 0.09ms
[17.229s][info][gc,phases] GC(245)   Evacuate Collection Set: 0.96ms
[17.229s][info][gc,phases] GC(245)   Post Evacuate Collection Set: 0.32ms
[17.229s][info][gc,phases] GC(245)   Other: 0.05ms
[17.229s][info][gc       ] GC(245) Pause Young (Normal) (G1 Evacuation Pause) 2030M->1929M(2048M) 1.959ms
[17.243s][info][gc,phases] GC(246)   Pre Evacuate Collection Set: 0.20ms
[17.243s][info][gc,phases] GC(246)   Merge Heap Roots: 0.11ms
[17.243s][info][gc,phases] GC(246)   Evacuate Collection Set: 0.98ms
[17.243s][info][gc,phases] GC(246)   Post Evacuate Collection Set: 0.31ms
[17.243s][info][gc,phases] GC(246)   Other: 0.04ms
[17.243s][info][gc       ] GC(246) Pause Young (Normal) (G1 Evacuation Pause) 2031M->1931M(2048M) 1.926ms
[17.251s][info][gc,phases] GC(247)   Pre Evacuate Collection Set: 0.22ms
[17.251s][info][gc,phases] GC(247)   Merge Heap Roots: 0.08ms
[17.251s][info][gc,phases] GC(247)   Evacuate Collection Set: 0.93ms
[17.251s][info][gc,phases] GC(247)   Post Evacuate Collection Set: 0.30ms
[17.251s][info][gc,phases] GC(247)   Other: 0.04ms
[17.251s][info][gc       ] GC(247) Pause Young (Normal) (G1 Evacuation Pause) 2033M->1933M(2048M) 1.871ms
[17.254s][info][gc       ] GC(233) Pause Remark 1947M->1947M(2048M) 0.998ms
[17.268s][info][gc,phases] GC(248)   Pre Evacuate Collection Set: 0.21ms
[17.268s][info][gc,phases] GC(248)   Merge Heap Roots: 0.11ms
[17.268s][info][gc,phases] GC(248)   Evacuate Collection Set: 2.11ms
[17.268s][info][gc,phases] GC(248)   Post Evacuate Collection Set: 0.31ms
[17.268s][info][gc,phases] GC(248)   Other: 0.05ms
[17.268s][info][gc       ] GC(248) Pause Young (Normal) (G1 Evacuation Pause) 2035M->1934M(2048M) 3.107ms
[17.283s][info][gc,phases] GC(249)   Pre Evacuate Collection Set: 0.18ms
[17.283s][info][gc,phases] GC(249)   Merge Heap Roots: 0.13ms
[17.284s][info][gc,phases] GC(249)   Evacuate Collection Set: 2.15ms
[17.284s][info][gc,phases] GC(249)   Post Evacuate Collection Set: 0.31ms
[17.284s][info][gc,phases] GC(249)   Other: 0.04ms
[17.284s][info][gc       ] GC(249) Pause Young (Normal) (G1 Evacuation Pause) 2036M->1935M(2048M) 3.117ms
[17.299s][info][gc,phases] GC(250)   Pre Evacuate Collection Set: 0.22ms
[17.299s][info][gc,phases] GC(250)   Merge Heap Roots: 0.11ms
[17.299s][info][gc,phases] GC(250)   Evacuate Collection Set: 2.17ms
[17.299s][info][gc,phases] GC(250)   Post Evacuate Collection Set: 1.07ms
[17.299s][info][gc,phases] GC(250)   Other: 0.04ms
[17.299s][info][gc       ] GC(250) Pause Young (Normal) (G1 Evacuation Pause) (Evacuation Failure) 2037M->2014M(2048M) 4.030ms
[17.306s][info][gc,phases] GC(251)   Pre Evacuate Collection Set: 0.21ms
[17.306s][info][gc,phases] GC(251)   Merge Heap Roots: 0.10ms
[17.306s][info][gc,phases] GC(251)   Evacuate Collection Set: 2.01ms
[17.306s][info][gc,phases] GC(251)   Post Evacuate Collection Set: 0.73ms
[17.306s][info][gc,phases] GC(251)   Other: 0.03ms
[17.306s][info][gc       ] GC(251) Pause Young (Normal) (G1 Evacuation Pause) (Evacuation Failure) 2046M->2046M(2048M) 3.400ms
[17.321s][info][gc,phases] GC(252) Phase 1: Mark live objects 13.919ms
[17.344s][info][gc,phases] GC(252) Phase 2: Prepare compaction 22.621ms
[17.361s][info][gc,phases] GC(252) Phase 3: Adjust pointers 16.785ms
[17.375s][info][gc,phases] GC(252) Phase 4: Compact heap 14.677ms
[17.377s][info][gc,phases] GC(252) Phase 5: Reset Metadata 1.825ms
[17.378s][info][gc       ] GC(252) Pause Full (G1 Compaction Pause) 2046M->792M(2048M) 71.959ms
[17.378s][info][gc       ] GC(233) Concurrent Mark Cycle 269.838ms
[17.553s][info][gc,phases] GC(253)   Pre Evacuate Collection Set: 0.19ms
[17.553s][info][gc,phases] GC(253)   Merge Heap Roots: 0.26ms
[17.553s][info][gc,phases] GC(253)   Evacuate Collection Set: 1.91ms
[17.553s][info][gc,phases] GC(253)   Post Evacuate Collection Set: 0.48ms
[17.553s][info][gc,phases] GC(253)   Other: 0.05ms
[17.553s][info][gc       ] GC(253) Pause Young (Normal) (G1 Evacuation Pause) 1942M->811M(2048M) 3.265ms
[17.685s][info][gc,phases] GC(254)   Pre Evacuate Collection Set: 0.21ms
[17.685s][info][gc,phases] GC(254)   Merge Heap Roots: 0.20ms
[17.686s][info][gc,phases] GC(254)   Evacuate Collection Set: 2.41ms
[17.686s][info][gc,phases] GC(254)   Post Evacuate Collection Set: 0.51ms
[17.686s][info][gc,phases] GC(254)   Other: 0.06ms
[17.686s][info][gc       ] GC(254) Pause Young (Normal) (G1 Evacuation Pause) 1942M->828M(2048M) 3.751ms
[17.824s][info][gc,phases] GC(255)   Pre Evacuate Collection Set: 0.29ms
[17.825s][info][gc,phases] GC(255)   Merge Heap Roots: 0.19ms
[17.825s][info][gc,phases] GC(255)   Evacuate Collection Set: 2.80ms
[17.825s][info][gc,phases] GC(255)   Post Evacuate Collection Set: 0.53ms
[17.825s][info][gc,phases] GC(255)   Other: 0.11ms
[17.825s][info][gc       ] GC(255) Pause Young (Concurrent Start) (G1 Evacuation Pause) 1942M->846M(2048M) 4.268ms
[17.825s][info][gc       ] GC(256) Concurrent Mark Cycle
[17.895s][info][gc,phases] GC(257)   Pre Evacuate Collection Set: 0.20ms
[17.895s][info][gc,phases] GC(257)   Merge Heap Roots: 0.19ms
[17.895s][info][gc,phases] GC(257)   Evacuate Collection Set: 3.07ms
[17.895s][info][gc,phases] GC(257)   Post Evacuate Collection Set: 0.50ms
[17.895s][info][gc,phases] GC(257)   Other: 0.06ms
[17.895s][info][gc       ] GC(257) Pause Young (Normal) (G1 Evacuation Pause) 1942M->863M(2048M) 4.421ms
[17.929s][info][gc       ] GC(256) Pause Remark 1410M->1410M(2048M) 0.996ms
[17.999s][info][gc,phases] GC(258)   Pre Evacuate Collection Set: 0.22ms
[18.000s][info][gc,phases] GC(258)   Merge Heap Roots: 0.22ms
[18.000s][info][gc,phases] GC(258)   Evacuate Collection Set: 3.43ms
[18.000s][info][gc,phases] GC(258)   Post Evacuate Collection Set: 0.56ms
[18.000s][info][gc,phases] GC(258)   Other: 0.05ms
[18.000s][info][gc       ] GC(258) Pause Young (Normal) (G1 Evacuation Pause) 1942M->877M(2048M) 4.924ms
[18.012s][info][gc       ] GC(256) Pause Cleanup 970M->970M(2048M) 0.204ms
[18.013s][info][gc       ] GC(256) Concurrent Mark Cycle 187.771ms
[18.136s][info][gc,phases] GC(259)   Pre Evacuate Collection Set: 0.21ms
[18.136s][info][gc,phases] GC(259)   Merge Heap Roots: 0.20ms
[18.136s][info][gc,phases] GC(259)   Evacuate Collection Set: 5.64ms
[18.136s][info][gc,phases] GC(259)   Post Evacuate Collection Set: 0.52ms
[18.136s][info][gc,phases] GC(259)   Other: 0.06ms
[18.136s][info][gc       ] GC(259) Pause Young (Prepare Mixed) (G1 Evacuation Pause) 1942M->893M(2048M) 6.979ms
[18.270s][info][gc,phases] GC(260)   Pre Evacuate Collection Set: 0.20ms
[18.270s][info][gc,phases] GC(260)   Merge Heap Roots: 0.18ms
[18.271s][info][gc,phases] GC(260)   Evacuate Collection Set: 5.65ms
[18.271s][info][gc,phases] GC(260)   Post Evacuate Collection Set: 0.52ms
[18.271s][info][gc,phases] GC(260)   Other: 0.07ms
[18.271s][info][gc       ] GC(260) Pause Young (Mixed) (G1 Evacuation Pause) 1942M->908M(2048M) 6.992ms
[18.403s][info][gc,phases] GC(261)   Pre Evacuate Collection Set: 0.28ms
[18.403s][info][gc,phases] GC(261)   Merge Heap Roots: 0.19ms
[18.403s][info][gc,phases] GC(261)   Evacuate Collection Set: 5.62ms
[18.403s][info][gc,phases] GC(261)   Post Evacuate Collection Set: 0.50ms
[18.403s][info][gc,phases] GC(261)   Other: 0.14ms
[18.403s][info][gc       ] GC(261) Pause Young (Concurrent Start) (G1 Evacuation Pause) 1943M->923M(2048M) 7.151ms
[18.403s][info][gc       ] GC(262) Concurrent Mark Cycle
[18.510s][info][gc       ] GC(262) Pause Remark 1778M->1778M(2048M) 0.999ms
[18.539s][info][gc,phases] GC(263)   Pre Evacuate Collection Set: 0.18ms
[18.539s][info][gc,phases] GC(263)   Merge Heap Roots: 0.24ms
[18.539s][info][gc,phases] GC(263)   Evacuate Collection Set: 6.14ms
[18.539s][info][gc,phases] GC(263)   Post Evacuate Collection Set: 0.62ms
[18.539s][info][gc,phases] GC(263)   Other: 0.06ms
[18.539s][info][gc       ] GC(263) Pause Young (Normal) (G1 Evacuation Pause) 1943M->938M(2048M) 7.648ms
[18.614s][info][gc       ] GC(262) Pause Cleanup 1648M->1648M(2048M) 0.604ms
[18.615s][info][gc       ] GC(262) Concurrent Mark Cycle 211.414ms
[18.654s][info][gc,phases] GC(264)   Pre Evacuate Collection Set: 0.21ms
[18.654s][info][gc,phases] GC(264)   Merge Heap Roots: 0.23ms
[18.654s][info][gc,phases] GC(264)   Evacuate Collection Set: 5.61ms
[18.654s][info][gc,phases] GC(264)   Post Evacuate Collection Set: 0.50ms
[18.654s][info][gc,phases] GC(264)   Other: 0.06ms
[18.654s][info][gc       ] GC(264) Pause Young (Prepare Mixed) (G1 Evacuation Pause) 1942M->952M(2048M) 7.019ms
[18.800s][info][gc,phases] GC(265)   Pre Evacuate Collection Set: 0.21ms
[18.800s][info][gc,phases] GC(265)   Merge Heap Roots: 0.26ms
[18.800s][info][gc,phases] GC(265)   Evacuate Collection Set: 14.57ms
[18.800s][info][gc,phases] GC(265)   Post Evacuate Collection Set: 10.86ms
[18.801s][info][gc,phases] GC(265)   Other: 0.07ms
[18.801s][info][gc       ] GC(265) Pause Young (Mixed) (G1 Evacuation Pause) (Evacuation Failure) 1942M->1970M(2048M) 26.264ms
[18.813s][info][gc,phases] GC(266)   Pre Evacuate Collection Set: 0.27ms
[18.813s][info][gc,phases] GC(266)   Merge Heap Roots: 0.08ms
[18.813s][info][gc,phases] GC(266)   Evacuate Collection Set: 1.26ms
[18.813s][info][gc,phases] GC(266)   Post Evacuate Collection Set: 1.29ms
[18.813s][info][gc,phases] GC(266)   Other: 0.09ms
[18.813s][info][gc       ] GC(266) Pause Young (Concurrent Start) (G1 Evacuation Pause) (Evacuation Failure) 2043M->1973M(2048M) 3.291ms
[18.813s][info][gc       ] GC(267) Concurrent Mark Cycle
[18.824s][info][gc,phases] GC(268)   Pre Evacuate Collection Set: 0.22ms
[18.824s][info][gc,phases] GC(268)   Merge Heap Roots: 0.06ms
[18.824s][info][gc,phases] GC(268)   Evacuate Collection Set: 0.38ms
[18.824s][info][gc,phases] GC(268)   Post Evacuate Collection Set: 0.96ms
[18.824s][info][gc,phases] GC(268)   Other: 0.04ms
[18.824s][info][gc       ] GC(268) Pause Young (Normal) (G1 Evacuation Pause) (Evacuation Failure) 2046M->2046M(2048M) 1.976ms
[18.839s][info][gc,phases] GC(269) Phase 1: Mark live objects 14.016ms
[18.861s][info][gc,phases] GC(269) Phase 2: Prepare compaction 21.931ms
[18.878s][info][gc,phases] GC(269) Phase 3: Adjust pointers 16.879ms
[18.892s][info][gc,phases] GC(269) Phase 4: Compact heap 14.096ms
[18.894s][info][gc,phases] GC(269) Phase 5: Reset Metadata 1.835ms
[18.895s][info][gc       ] GC(269) Pause Full (G1 Compaction Pause) 2046M->790M(2048M) 70.987ms
[18.895s][info][gc       ] GC(267) Concurrent Mark Cycle 82.299ms
[19.067s][info][gc,phases] GC(270)   Pre Evacuate Collection Set: 0.22ms
[19.067s][info][gc,phases] GC(270)   Merge Heap Roots: 0.22ms
[19.067s][info][gc,phases] GC(270)   Evacuate Collection Set: 1.90ms
[19.067s][info][gc,phases] GC(270)   Post Evacuate Collection Set: 0.49ms
[19.067s][info][gc,phases] GC(270)   Other: 0.05ms
[19.067s][info][gc       ] GC(270) Pause Young (Normal) (G1 Evacuation Pause) 1943M->808M(2048M) 3.262ms
[19.196s][info][gc,phases] GC(271)   Pre Evacuate Collection Set: 0.18ms
[19.196s][info][gc,phases] GC(271)   Merge Heap Roots: 0.14ms
[19.196s][info][gc,phases] GC(271)   Evacuate Collection Set: 2.51ms
[19.196s][info][gc,phases] GC(271)   Post Evacuate Collection Set: 0.46ms
[19.196s][info][gc,phases] GC(271)   Other: 0.06ms
[19.196s][info][gc       ] GC(271) Pause Young (Normal) (G1 Evacuation Pause) 1942M->826M(2048M) 3.671ms
[19.319s][info][gc,phases] GC(272)   Pre Evacuate Collection Set: 0.27ms
[19.319s][info][gc,phases] GC(272)   Merge Heap Roots: 0.24ms
[19.319s][info][gc,phases] GC(272)   Evacuate Collection Set: 2.82ms
[19.319s][info][gc,phases] GC(272)   Post Evacuate Collection Set: 0.50ms
[19.319s][info][gc,phases] GC(272)   Other: 0.12ms
[19.320s][info][gc       ] GC(272) Pause Young (Concurrent Start) (G1 Evacuation Pause) 1942M->843M(2048M) 4.302ms
[19.320s][info][gc       ] GC(273) Concurrent Mark Cycle
[19.390s][info][gc,phases] GC(274)   Pre Evacuate Collection Set: 0.20ms
[19.390s][info][gc,phases] GC(274)   Merge Heap Roots: 0.19ms
[19.390s][info][gc,phases] GC(274)   Evacuate Collection Set: 3.12ms
[19.390s][info][gc,phases] GC(274)   Post Evacuate Collection Set: 0.48ms
[19.390s][info][gc,phases] GC(274)   Other: 0.05ms
[19.390s][info][gc       ] GC(274) Pause Young (Normal) (G1 Evacuation Pause) 1943M->859M(2048M) 4.426ms
[19.423s][info][gc       ] GC(273) Pause Remark 1192M->1192M(2048M) 1.027ms
[19.501s][info][gc       ] GC(273) Pause Cleanup 1889M->1889M(2048M) 0.239ms
[19.501s][info][gc       ] GC(273) Concurrent Mark Cycle 181.889ms
[19.511s][info][gc,phases] GC(275)   Pre Evacuate Collection Set: 0.21ms
[19.511s][info][gc,phases] GC(275)   Merge Heap Roots: 0.24ms
[19.511s][info][gc,phases] GC(275)   Evacuate Collection Set: 3.35ms
[19.512s][info][gc,phases] GC(275)   Post Evacuate Collection Set: 0.52ms
[19.512s][info][gc,phases] GC(275)   Other: 0.07ms
[19.512s][info][gc       ] GC(275) Pause Young (Prepare Mixed) (G1 Evacuation Pause) 1942M->875M(2048M) 4.778ms
[19.642s][info][gc,phases] GC(276)   Pre Evacuate Collection Set: 0.20ms
[19.642s][info][gc,phases] GC(276)   Merge Heap Roots: 0.20ms
[19.642s][info][gc,phases] GC(276)   Evacuate Collection Set: 5.59ms
[19.642s][info][gc,phases] GC(276)   Post Evacuate Collection Set: 0.48ms
[19.642s][info][gc,phases] GC(276)   Other: 0.06ms
[19.642s][info][gc       ] GC(276) Pause Young (Mixed) (G1 Evacuation Pause) 1942M->892M(2048M) 6.848ms
[19.769s][info][gc,phases] GC(277)   Pre Evacuate Collection Set: 0.25ms
[19.769s][info][gc,phases] GC(277)   Merge Heap Roots: 0.19ms
[19.769s][info][gc,phases] GC(277)   Evacuate Collection Set: 5.74ms
[19.769s][info][gc,phases] GC(277)   Post Evacuate Collection Set: 0.52ms
[19.769s][info][gc,phases] GC(277)   Other: 0.13ms
[19.770s][info][gc       ] GC(277) Pause Young (Concurrent Start) (G1 Evacuation Pause) 1943M->906M(2048M) 7.203ms
[19.770s][info][gc       ] GC(278) Concurrent Mark Cycle
[19.876s][info][gc       ] GC(278) Pause Remark 1820M->1820M(2048M) 0.958ms
[19.898s][info][gc,phases] GC(279)   Pre Evacuate Collection Set: 0.22ms
[19.898s][info][gc,phases] GC(279)   Merge Heap Roots: 0.24ms
[19.899s][info][gc,phases] GC(279)   Evacuate Collection Set: 6.10ms
[19.899s][info][gc,phases] GC(279)   Post Evacuate Collection Set: 0.64ms
[19.899s][info][gc,phases] GC(279)   Other: 0.06ms
[19.899s][info][gc       ] GC(279) Pause Young (Normal) (G1 Evacuation Pause) 1943M->920M(2048M) 7.626ms
[19.970s][info][gc       ] GC(278) Pause Cleanup 1535M->1535M(2048M) 0.436ms
[19.971s][info][gc       ] GC(278) Concurrent Mark Cycle 201.754ms
[20.024s][info][gc,phases] GC(280)   Pre Evacuate Collection Set: 0.20ms
[20.024s][info][gc,phases] GC(280)   Merge Heap Roots: 0.23ms
[20.024s][info][gc,phases] GC(280)   Evacuate Collection Set: 5.68ms
[20.024s][info][gc,phases] GC(280)   Post Evacuate Collection Set: 0.52ms
[20.024s][info][gc,phases] GC(280)   Other: 0.06ms
[20.024s][info][gc       ] GC(280) Pause Young (Prepare Mixed) (G1 Evacuation Pause) 1942M->935M(2048M) 7.065ms
[20.157s][info][gc,phases] GC(281)   Pre Evacuate Collection Set: 0.19ms
[20.157s][info][gc,phases] GC(281)   Merge Heap Roots: 0.19ms
[20.157s][info][gc,phases] GC(281)   Evacuate Collection Set: 9.87ms
[20.158s][info][gc,phases] GC(281)   Post Evacuate Collection Set: 9.69ms
[20.158s][info][gc,phases] GC(281)   Other: 0.06ms
[20.158s][info][gc       ] GC(281) Pause Young (Mixed) (G1 Evacuation Pause) (Evacuation Failure) 1942M->1914M(2048M) 20.296ms
[20.176s][info][gc,phases] GC(282)   Pre Evacuate Collection Set: 0.32ms
[20.176s][info][gc,phases] GC(282)   Merge Heap Roots: 0.10ms
[20.176s][info][gc,phases] GC(282)   Evacuate Collection Set: 6.54ms
[20.176s][info][gc,phases] GC(282)   Post Evacuate Collection Set: 1.16ms
[20.176s][info][gc,phases] GC(282)   Other: 0.14ms
[20.177s][info][gc       ] GC(282) Pause Young (Concurrent Start) (G1 Evacuation Pause) (Evacuation Failure) 2016M->1928M(2048M) 8.625ms
[20.177s][info][gc       ] GC(283) Concurrent Mark Cycle
[20.190s][info][gc,phases] GC(284)   Pre Evacuate Collection Set: 0.22ms
[20.190s][info][gc,phases] GC(284)   Merge Heap Roots: 0.09ms
[20.190s][info][gc,phases] GC(284)   Evacuate Collection Set: 0.51ms
[20.190s][info][gc,phases] GC(284)   Post Evacuate Collection Set: 0.30ms
[20.190s][info][gc,phases] GC(284)   Other: 0.04ms
[20.190s][info][gc       ] GC(284) Pause Young (Normal) (G1 Evacuation Pause) 2030M->1930M(2048M) 1.470ms
[20.203s][info][gc,phases] GC(285)   Pre Evacuate Collection Set: 0.21ms
[20.204s][info][gc,phases] GC(285)   Merge Heap Roots: 0.08ms
[20.204s][info][gc,phases] GC(285)   Evacuate Collection Set: 0.62ms
[20.204s][info][gc,phases] GC(285)   Post Evacuate Collection Set: 0.30ms
[20.204s][info][gc,phases] GC(285)   Other: 0.04ms
[20.204s][info][gc       ] GC(285) Pause Young (Normal) (G1 Evacuation Pause) 2032M->1932M(2048M) 1.602ms
[20.217s][info][gc,phases] GC(286)   Pre Evacuate Collection Set: 0.21ms
[20.217s][info][gc,phases] GC(286)   Merge Heap Roots: 0.10ms
[20.217s][info][gc,phases] GC(286)   Evacuate Collection Set: 0.67ms
[20.217s][info][gc,phases] GC(286)   Post Evacuate Collection Set: 0.30ms
[20.217s][info][gc,phases] GC(286)   Other: 0.06ms
[20.217s][info][gc       ] GC(286) Pause Young (Normal) (G1 Evacuation Pause) 2034M->1933M(2048M) 1.656ms
[20.227s][info][gc,phases] GC(287)   Pre Evacuate Collection Set: 0.20ms
[20.227s][info][gc,phases] GC(287)   Merge Heap Roots: 0.08ms
[20.227s][info][gc,phases] GC(287)   Evacuate Collection Set: 0.78ms
[20.227s][info][gc,phases] GC(287)   Post Evacuate Collection Set: 0.31ms
[20.228s][info][gc,phases] GC(287)   Other: 0.04ms
[20.228s][info][gc       ] GC(287) Pause Young (Normal) (G1 Evacuation Pause) 2035M->1936M(2048M) 1.755ms
[20.236s][info][gc,phases] GC(288)   Pre Evacuate Collection Set: 0.20ms
[20.237s][info][gc,phases] GC(288)   Merge Heap Roots: 0.09ms
[20.237s][info][gc,phases] GC(288)   Evacuate Collection Set: 1.07ms
[20.237s][info][gc,phases] GC(288)   Post Evacuate Collection Set: 1.22ms
[20.237s][info][gc,phases] GC(288)   Other: 0.04ms
[20.237s][info][gc       ] GC(288) Pause Young (Normal) (G1 Evacuation Pause) (Evacuation Failure) 2038M->2038M(2048M) 2.894ms
[20.239s][info][gc,phases] GC(289)   Pre Evacuate Collection Set: 0.19ms
[20.239s][info][gc,phases] GC(289)   Merge Heap Roots: 0.07ms
[20.239s][info][gc,phases] GC(289)   Evacuate Collection Set: 0.50ms
[20.239s][info][gc,phases] GC(289)   Post Evacuate Collection Set: 0.46ms
[20.239s][info][gc,phases] GC(289)   Other: 0.04ms
[20.239s][info][gc       ] GC(289) Pause Young (Normal) (G1 Evacuation Pause) (Evacuation Failure) 2046M->2046M(2048M) 1.574ms
[20.254s][info][gc,phases] GC(290) Phase 1: Mark live objects 13.867ms
[20.276s][info][gc,phases] GC(290) Phase 2: Prepare compaction 22.246ms
[20.293s][info][gc,phases] GC(290) Phase 3: Adjust pointers 16.294ms
[20.307s][info][gc,phases] GC(290) Phase 4: Compact heap 14.205ms
[20.309s][info][gc,phases] GC(290) Phase 5: Reset Metadata 1.660ms
[20.310s][info][gc       ] GC(290) Pause Full (G1 Compaction Pause) 2046M->790M(2048M) 70.454ms
[20.310s][info][gc       ] GC(283) Concurrent Mark Cycle 133.452ms
[20.477s][info][gc,phases] GC(291)   Pre Evacuate Collection Set: 0.21ms
[20.478s][info][gc,phases] GC(291)   Merge Heap Roots: 0.25ms
[20.478s][info][gc,phases] GC(291)   Evacuate Collection Set: 1.96ms
[20.478s][info][gc,phases] GC(291)   Post Evacuate Collection Set: 0.48ms
[20.478s][info][gc,phases] GC(291)   Other: 0.06ms
[20.478s][info][gc       ] GC(291) Pause Young (Normal) (G1 Evacuation Pause) 1942M->809M(2048M) 3.341ms
[20.608s][info][gc,phases] GC(292)   Pre Evacuate Collection Set: 0.24ms
[20.608s][info][gc,phases] GC(292)   Merge Heap Roots: 0.20ms
[20.609s][info][gc,phases] GC(292)   Evacuate Collection Set: 2.49ms
[20.609s][info][gc,phases] GC(292)   Post Evacuate Collection Set: 0.51ms
[20.609s][info][gc,phases] GC(292)   Other: 0.12ms
[20.609s][info][gc       ] GC(292) Pause Young (Concurrent Start) (G1 Evacuation Pause) 1942M->827M(2048M) 3.949ms
[20.609s][info][gc       ] GC(293) Concurrent Mark Cycle
[20.706s][info][gc       ] GC(293) Pause Remark 1689M->1689M(2048M) 0.982ms
[20.739s][info][gc,phases] GC(294)   Pre Evacuate Collection Set: 0.23ms
[20.739s][info][gc,phases] GC(294)   Merge Heap Roots: 0.25ms
[20.739s][info][gc,phases] GC(294)   Evacuate Collection Set: 2.83ms
[20.739s][info][gc,phases] GC(294)   Post Evacuate Collection Set: 0.62ms
[20.739s][info][gc,phases] GC(294)   Other: 0.05ms
[20.740s][info][gc       ] GC(294) Pause Young (Normal) (G1 Evacuation Pause) 1942M->844M(2048M) 4.406ms
[20.792s][info][gc       ] GC(293) Pause Cleanup 1297M->1297M(2048M) 0.194ms
[20.795s][info][gc       ] GC(293) Concurrent Mark Cycle 186.220ms
[20.870s][info][gc,phases] GC(295)   Pre Evacuate Collection Set: 0.20ms
[20.870s][info][gc,phases] GC(295)   Merge Heap Roots: 0.19ms
[20.870s][info][gc,phases] GC(295)   Evacuate Collection Set: 3.16ms
[20.870s][info][gc,phases] GC(295)   Post Evacuate Collection Set: 0.50ms
[20.871s][info][gc,phases] GC(295)   Other: 0.06ms
[20.871s][info][gc       ] GC(295) Pause Young (Prepare Mixed) (G1 Evacuation Pause) 1942M->860M(2048M) 4.491ms
[20.998s][info][gc,phases] GC(296)   Pre Evacuate Collection Set: 0.23ms
[20.998s][info][gc,phases] GC(296)   Merge Heap Roots: 0.20ms
[20.998s][info][gc,phases] GC(296)   Evacuate Collection Set: 3.50ms
[20.998s][info][gc,phases] GC(296)   Post Evacuate Collection Set: 0.53ms
[20.998s][info][gc,phases] GC(296)   Other: 0.07ms
[20.999s][info][gc       ] GC(296) Pause Young (Mixed) (G1 Evacuation Pause) 1942M->877M(2048M) 4.946ms
[21.127s][info][gc,phases] GC(297)   Pre Evacuate Collection Set: 0.29ms
[21.127s][info][gc,phases] GC(297)   Merge Heap Roots: 0.21ms
[21.127s][info][gc,phases] GC(297)   Evacuate Collection Set: 5.64ms
[21.127s][info][gc,phases] GC(297)   Post Evacuate Collection Set: 0.50ms
[21.127s][info][gc,phases] GC(297)   Other: 0.12ms
[21.127s][info][gc       ] GC(297) Pause Young (Concurrent Start) (G1 Evacuation Pause) 1942M->892M(2048M) 7.124ms
[21.127s][info][gc       ] GC(298) Concurrent Mark Cycle
[21.230s][info][gc       ] GC(298) Pause Remark 1769M->1769M(2048M) 1.034ms
[21.258s][info][gc,phases] GC(299)   Pre Evacuate Collection Set: 0.18ms
[21.258s][info][gc,phases] GC(299)   Merge Heap Roots: 0.26ms
[21.258s][info][gc,phases] GC(299)   Evacuate Collection Set: 5.74ms
[21.258s][info][gc,phases] GC(299)   Post Evacuate Collection Set: 0.68ms
[21.258s][info][gc,phases] GC(299)   Other: 0.06ms
[21.258s][info][gc       ] GC(299) Pause Young (Normal) (G1 Evacuation Pause) 1943M->907M(2048M) 7.339ms
[21.313s][info][gc       ] GC(298) Pause Cleanup 1381M->1381M(2048M) 0.283ms
[21.314s][info][gc       ] GC(298) Concurrent Mark Cycle 187.344ms
[21.384s][info][gc,phases] GC(300)   Pre Evacuate Collection Set: 0.21ms
[21.384s][info][gc,phases] GC(300)   Merge Heap Roots: 0.23ms
[21.384s][info][gc,phases] GC(300)   Evacuate Collection Set: 5.41ms
[21.384s][info][gc,phases] GC(300)   Post Evacuate Collection Set: 0.49ms
[21.384s][info][gc,phases] GC(300)   Other: 0.06ms
[21.384s][info][gc       ] GC(300) Pause Young (Prepare Mixed) (G1 Evacuation Pause) 1943M->922M(2048M) 6.811ms
[21.509s][info][gc,phases] GC(301)   Pre Evacuate Collection Set: 0.26ms
[21.509s][info][gc,phases] GC(301)   Merge Heap Roots: 0.19ms
[21.509s][info][gc,phases] GC(301)   Evacuate Collection Set: 6.33ms
[21.509s][info][gc,phases] GC(301)   Post Evacuate Collection Set: 0.52ms
[21.509s][info][gc,phases] GC(301)   Other: 0.06ms
[21.509s][info][gc       ] GC(301) Pause Young (Mixed) (G1 Evacuation Pause) 1942M->935M(2048M) 7.737ms
[21.631s][info][gc,phases] GC(302)   Pre Evacuate Collection Set: 0.29ms
[21.631s][info][gc,phases] GC(302)   Merge Heap Roots: 0.20ms
[21.631s][info][gc,phases] GC(302)   Evacuate Collection Set: 5.54ms
[21.631s][info][gc,phases] GC(302)   Post Evacuate Collection Set: 0.46ms
[21.631s][info][gc,phases] GC(302)   Other: 0.11ms
[21.631s][info][gc       ] GC(302) Pause Young (Concurrent Start) (G1 Evacuation Pause) 1944M->950M(2048M) 6.967ms
[21.631s][info][gc       ] GC(303) Concurrent Mark Cycle
[21.744s][info][gc       ] GC(303) Pause Remark 1925M->1925M(2048M) 1.023ms
[21.754s][info][gc,phases] GC(304)   Pre Evacuate Collection Set: 0.20ms
[21.754s][info][gc,phases] GC(304)   Merge Heap Roots: 0.21ms
[21.754s][info][gc,phases] GC(304)   Evacuate Collection Set: 5.93ms
[21.754s][info][gc,phases] GC(304)   Post Evacuate Collection Set: 0.50ms
[21.754s][info][gc,phases] GC(304)   Other: 0.06ms
[21.754s][info][gc       ] GC(304) Pause Young (Normal) (G1 Evacuation Pause) 1944M->965M(2048M) 7.258ms
[21.847s][info][gc       ] GC(303) Pause Cleanup 1757M->1757M(2048M) 0.537ms
[21.848s][info][gc       ] GC(303) Concurrent Mark Cycle 216.465ms
[21.875s][info][gc,phases] GC(305)   Pre Evacuate Collection Set: 0.22ms
[21.875s][info][gc,phases] GC(305)   Merge Heap Roots: 0.25ms
[21.875s][info][gc,phases] GC(305)   Evacuate Collection Set: 5.68ms
[21.875s][info][gc,phases] GC(305)   Post Evacuate Collection Set: 0.53ms
[21.875s][info][gc,phases] GC(305)   Other: 0.06ms
[21.875s][info][gc       ] GC(305) Pause Young (Prepare Mixed) (G1 Evacuation Pause) 1944M->978M(2048M) 7.154ms
[22.017s][info][gc,phases] GC(306)   Pre Evacuate Collection Set: 0.26ms
[22.017s][info][gc,phases] GC(306)   Merge Heap Roots: 0.27ms
[22.017s][info][gc,phases] GC(306)   Evacuate Collection Set: 19.00ms
[22.017s][info][gc,phases] GC(306)   Post Evacuate Collection Set: 11.96ms
[22.017s][info][gc,phases] GC(306)   Other: 0.07ms
[22.017s][info][gc       ] GC(306) Pause Young (Mixed) (G1 Evacuation Pause) (Evacuation Failure) 1944M->1999M(2048M) 31.907ms
[22.028s][info][gc,phases] GC(307)   Pre Evacuate Collection Set: 0.22ms
[22.028s][info][gc,phases] GC(307)   Merge Heap Roots: 0.13ms
[22.028s][info][gc,phases] GC(307)   Evacuate Collection Set: 1.61ms
[22.028s][info][gc,phases] GC(307)   Post Evacuate Collection Set: 2.51ms
[22.028s][info][gc,phases] GC(307)   Other: 0.04ms
[22.028s][info][gc       ] GC(307) Pause Young (Mixed) (G1 Evacuation Pause) (Evacuation Failure) 2047M->2047M(2048M) 4.809ms
[22.043s][info][gc,phases] GC(308) Phase 1: Mark live objects 14.795ms
[22.067s][info][gc,phases] GC(308) Phase 2: Prepare compaction 23.281ms
[22.084s][info][gc,phases] GC(308) Phase 3: Adjust pointers 17.472ms
[22.098s][info][gc,phases] GC(308) Phase 4: Compact heap 14.243ms
[22.101s][info][gc,phases] GC(308) Phase 5: Reset Metadata 1.948ms
[22.102s][info][gc       ] GC(308) Pause Full (G1 Compaction Pause) 2047M->790M(2048M) 73.729ms
[22.267s][info][gc,phases] GC(309)   Pre Evacuate Collection Set: 0.22ms
[22.267s][info][gc,phases] GC(309)   Merge Heap Roots: 0.28ms
[22.267s][info][gc,phases] GC(309)   Evacuate Collection Set: 1.95ms
[22.267s][info][gc,phases] GC(309)   Post Evacuate Collection Set: 0.49ms
[22.267s][info][gc,phases] GC(309)   Other: 0.11ms
[22.267s][info][gc       ] GC(309) Pause Young (Concurrent Start) (G1 Evacuation Pause) 1943M->808M(2048M) 3.402ms
[22.267s][info][gc       ] GC(310) Concurrent Mark Cycle
[22.360s][info][gc,phases] GC(311)   Pre Evacuate Collection Set: 0.20ms
[22.360s][info][gc,phases] GC(311)   Merge Heap Roots: 0.20ms
[22.360s][info][gc,phases] GC(311)   Evacuate Collection Set: 2.38ms
[22.361s][info][gc,phases] GC(311)   Post Evacuate Collection Set: 0.51ms
[22.361s][info][gc,phases] GC(311)   Other: 0.07ms
[22.361s][info][gc       ] GC(311) Pause Young (Normal) (G1 Evacuation Pause) 1943M->826M(2048M) 3.775ms
[22.367s][info][gc       ] GC(310) Pause Remark 903M->903M(2048M) 1.048ms
[22.438s][info][gc,phases] GC(312)   Pre Evacuate Collection Set: 0.21ms
[22.438s][info][gc,phases] GC(312)   Merge Heap Roots: 0.22ms
[22.438s][info][gc,phases] GC(312)   Evacuate Collection Set: 2.74ms
[22.438s][info][gc,phases] GC(312)   Post Evacuate Collection Set: 0.54ms
[22.438s][info][gc,phases] GC(312)   Other: 0.07ms
[22.438s][info][gc       ] GC(312) Pause Young (Normal) (G1 Evacuation Pause) 1943M->843M(2048M) 4.229ms
[22.454s][info][gc       ] GC(310) Pause Cleanup 1100M->1100M(2048M) 0.192ms
[22.455s][info][gc       ] GC(310) Concurrent Mark Cycle 187.270ms
[22.555s][info][gc,phases] GC(313)   Pre Evacuate Collection Set: 0.22ms
[22.555s][info][gc,phases] GC(313)   Merge Heap Roots: 0.19ms
[22.555s][info][gc,phases] GC(313)   Evacuate Collection Set: 3.12ms
[22.555s][info][gc,phases] GC(313)   Post Evacuate Collection Set: 0.52ms
[22.555s][info][gc,phases] GC(313)   Other: 0.06ms
[22.555s][info][gc       ] GC(313) Pause Young (Prepare Mixed) (G1 Evacuation Pause) 1942M->859M(2048M) 4.424ms
[22.682s][info][gc,phases] GC(314)   Pre Evacuate Collection Set: 0.19ms
[22.682s][info][gc,phases] GC(314)   Merge Heap Roots: 0.20ms
[22.682s][info][gc,phases] GC(314)   Evacuate Collection Set: 3.50ms
[22.682s][info][gc,phases] GC(314)   Post Evacuate Collection Set: 0.51ms
[22.682s][info][gc,phases] GC(314)   Other: 0.07ms
[22.682s][info][gc       ] GC(314) Pause Young (Mixed) (G1 Evacuation Pause) 1942M->876M(2048M) 4.901ms
[22.811s][info][gc,phases] GC(315)   Pre Evacuate Collection Set: 0.24ms
[22.811s][info][gc,phases] GC(315)   Merge Heap Roots: 0.20ms
[22.811s][info][gc,phases] GC(315)   Evacuate Collection Set: 5.77ms
[22.811s][info][gc,phases] GC(315)   Post Evacuate Collection Set: 0.52ms
[22.811s][info][gc,phases] GC(315)   Other: 0.13ms
[22.811s][info][gc       ] GC(315) Pause Young (Concurrent Start) (G1 Evacuation Pause) 1943M->891M(2048M) 7.163ms
[22.811s][info][gc       ] GC(316) Concurrent Mark Cycle
[22.915s][info][gc       ] GC(316) Pause Remark 1856M->1856M(2048M) 1.068ms
[22.933s][info][gc,phases] GC(317)   Pre Evacuate Collection Set: 0.21ms
[22.934s][info][gc,phases] GC(317)   Merge Heap Roots: 0.26ms
[22.934s][info][gc,phases] GC(317)   Evacuate Collection Set: 5.89ms
[22.934s][info][gc,phases] GC(317)   Post Evacuate Collection Set: 0.73ms
[22.934s][info][gc,phases] GC(317)   Other: 0.07ms
[22.934s][info][gc       ] GC(317) Pause Young (Normal) (G1 Evacuation Pause) 1943M->906M(2048M) 7.512ms
[23.000s][info][gc       ] GC(316) Pause Cleanup 1489M->1489M(2048M) 0.305ms
[23.001s][info][gc       ] GC(316) Concurrent Mark Cycle 190.090ms
[23.060s][info][gc,phases] GC(318)   Pre Evacuate Collection Set: 0.21ms
[23.060s][info][gc,phases] GC(318)   Merge Heap Roots: 0.24ms
[23.060s][info][gc,phases] GC(318)   Evacuate Collection Set: 5.71ms
[23.060s][info][gc,phases] GC(318)   Post Evacuate Collection Set: 0.51ms
[23.060s][info][gc,phases] GC(318)   Other: 0.06ms
[23.060s][info][gc       ] GC(318) Pause Young (Prepare Mixed) (G1 Evacuation Pause) 1943M->921M(2048M) 7.212ms
[23.186s][info][gc,phases] GC(319)   Pre Evacuate Collection Set: 0.21ms
[23.186s][info][gc,phases] GC(319)   Merge Heap Roots: 0.21ms
[23.186s][info][gc,phases] GC(319)   Evacuate Collection Set: 6.45ms
[23.186s][info][gc,phases] GC(319)   Post Evacuate Collection Set: 0.49ms
[23.186s][info][gc,phases] GC(319)   Other: 0.07ms
[23.186s][info][gc       ] GC(319) Pause Young (Mixed) (G1 Evacuation Pause) 1942M->934M(2048M) 7.803ms
[23.301s][info][gc,phases] GC(320)   Pre Evacuate Collection Set: 0.25ms
[23.302s][info][gc,phases] GC(320)   Merge Heap Roots: 0.19ms
[23.302s][info][gc,phases] GC(320)   Evacuate Collection Set: 5.60ms
[23.302s][info][gc,phases] GC(320)   Post Evacuate Collection Set: 0.50ms
[23.302s][info][gc,phases] GC(320)   Other: 0.12ms
[23.302s][info][gc       ] GC(320) Pause Young (Concurrent Start) (G1 Evacuation Pause) 1944M->949M(2048M) 7.053ms
[23.302s][info][gc       ] GC(321) Concurrent Mark Cycle
[23.413s][info][gc       ] GC(321) Pause Remark 1895M->1895M(2048M) 0.953ms
[23.427s][info][gc,phases] GC(322)   Pre Evacuate Collection Set: 0.21ms
[23.428s][info][gc,phases] GC(322)   Merge Heap Roots: 0.23ms
[23.428s][info][gc,phases] GC(322)   Evacuate Collection Set: 5.92ms
[23.428s][info][gc,phases] GC(322)   Post Evacuate Collection Set: 0.58ms
[23.428s][info][gc,phases] GC(322)   Other: 0.06ms
[23.428s][info][gc       ] GC(322) Pause Young (Normal) (G1 Evacuation Pause) 1944M->962M(2048M) 7.418ms
[23.451s][info][gc       ] GC(321) Concurrent Mark Cycle 148.988ms
