[0.002s][info][gc] Using G1
[0.317s][info][gc,phases] GC(0)   Pre Evacuate Collection Set: 0.27ms
[0.317s][info][gc,phases] GC(0)   Merge Heap Roots: 0.05ms
[0.317s][info][gc,phases] GC(0)   Evacuate Collection Set: 5.03ms
[0.317s][info][gc,phases] GC(0)   Post Evacuate Collection Set: 0.63ms
[0.317s][info][gc,phases] GC(0)   Other: 0.45ms
[0.317s][info][gc       ] GC(0) Pause Young (Normal) (G1 Evacuation Pause) 110M->80M(2048M) 6.963ms
[0.331s][info][gc,phases] GC(1)   Pre Evacuate Collection Set: 0.24ms
[0.331s][info][gc,phases] GC(1)   Merge Heap Roots: 0.09ms
[0.332s][info][gc,phases] GC(1)   Evacuate Collection Set: 4.02ms
[0.332s][info][gc,phases] GC(1)   Post Evacuate Collection Set: 0.46ms
[0.332s][info][gc,phases] GC(1)   Other: 0.04ms
[0.332s][info][gc       ] GC(1) Pause Young (Normal) (G1 Evacuation Pause) 169M->170M(2048M) 5.289ms
[0.345s][info][gc,phases] GC(2)   Pre Evacuate Collection Set: 0.22ms
[0.346s][info][gc,phases] GC(2)   Merge Heap Roots: 0.08ms
[0.346s][info][gc,phases] GC(2)   Evacuate Collection Set: 3.71ms
[0.346s][info][gc,phases] GC(2)   Post Evacuate Collection Set: 0.30ms
[0.346s][info][gc,phases] GC(2)   Other: 0.05ms
[0.346s][info][gc       ] GC(2) Pause Young (Normal) (G1 Evacuation Pause) 259M->260M(2048M) 4.719ms
[0.360s][info][gc,phases] GC(3)   Pre Evacuate Collection Set: 0.25ms
[0.360s][info][gc,phases] GC(3)   Merge Heap Roots: 0.07ms
[0.360s][info][gc,phases] GC(3)   Evacuate Collection Set: 3.44ms
[0.360s][info][gc,phases] GC(3)   Post Evacuate Collection Set: 0.31ms
[0.360s][info][gc,phases] GC(3)   Other: 0.04ms
[0.360s][info][gc       ] GC(3) Pause Young (Normal) (G1 Evacuation Pause) 349M->349M(2048M) 4.467ms
[0.374s][info][gc,phases] GC(4)   Pre Evacuate Collection Set: 0.23ms
[0.375s][info][gc,phases] GC(4)   Merge Heap Roots: 0.06ms
[0.375s][info][gc,phases] GC(4)   Evacuate Collection Set: 3.44ms
[0.375s][info][gc,phases] GC(4)   Post Evacuate Collection Set: 0.31ms
[0.375s][info][gc,phases] GC(4)   Other: 0.04ms
[0.375s][info][gc       ] GC(4) Pause Young (Normal) (G1 Evacuation Pause) 438M->440M(2048M) 4.384ms
[0.389s][info][gc,phases] GC(5)   Pre Evacuate Collection Set: 0.27ms
[0.389s][info][gc,phases] GC(5)   Merge Heap Roots: 0.07ms
[0.389s][info][gc,phases] GC(5)   Evacuate Collection Set: 3.49ms
[0.389s][info][gc,phases] GC(5)   Post Evacuate Collection Set: 0.30ms
[0.389s][info][gc,phases] GC(5)   Other: 0.04ms
[0.389s][info][gc       ] GC(5) Pause Young (Normal) (G1 Evacuation Pause) 529M->530M(2048M) 4.481ms
[0.404s][info][gc,phases] GC(6)   Pre Evacuate Collection Set: 0.27ms
[0.404s][info][gc,phases] GC(6)   Merge Heap Roots: 0.09ms
[0.404s][info][gc,phases] GC(6)   Evacuate Collection Set: 3.34ms
[0.404s][info][gc,phases] GC(6)   Post Evacuate Collection Set: 0.31ms
[0.404s][info][gc,phases] GC(6)   Other: 0.04ms
[0.404s][info][gc       ] GC(6) Pause Young (Normal) (G1 Evacuation Pause) 619M->620M(2048M) 4.382ms
[0.418s][info][gc,phases] GC(7)   Pre Evacuate Collection Set: 0.27ms
[0.418s][info][gc,phases] GC(7)   Merge Heap Roots: 0.07ms
[0.418s][info][gc,phases] GC(7)   Evacuate Collection Set: 3.56ms
[0.418s][info][gc,phases] GC(7)   Post Evacuate Collection Set: 0.28ms
[0.418s][info][gc,phases] GC(7)   Other: 0.04ms
[0.418s][info][gc       ] GC(7) Pause Young (Normal) (G1 Evacuation Pause) 709M->710M(2048M) 4.503ms
[0.433s][info][gc,phases] GC(8)   Pre Evacuate Collection Set: 0.24ms
[0.433s][info][gc,phases] GC(8)   Merge Heap Roots: 0.06ms
[0.433s][info][gc,phases] GC(8)   Evacuate Collection Set: 3.46ms
[0.433s][info][gc,phases] GC(8)   Post Evacuate Collection Set: 0.25ms
[0.433s][info][gc,phases] GC(8)   Other: 0.04ms
[0.433s][info][gc       ] GC(8) Pause Young (Normal) (G1 Evacuation Pause) 799M->799M(2048M) 4.371ms
[0.447s][info][gc,phases] GC(9)   Pre Evacuate Collection Set: 0.22ms
[0.447s][info][gc,phases] GC(9)   Merge Heap Roots: 0.07ms
[0.447s][info][gc,phases] GC(9)   Evacuate Collection Set: 3.63ms
[0.447s][info][gc,phases] GC(9)   Post Evacuate Collection Set: 0.29ms
[0.447s][info][gc,phases] GC(9)   Other: 0.04ms
[0.447s][info][gc       ] GC(9) Pause Young (Normal) (G1 Evacuation Pause) 888M->889M(2048M) 4.565ms
[0.462s][info][gc,phases] GC(10)   Pre Evacuate Collection Set: 0.27ms
[0.462s][info][gc,phases] GC(10)   Merge Heap Roots: 0.07ms
[0.463s][info][gc,phases] GC(10)   Evacuate Collection Set: 3.76ms
[0.463s][info][gc,phases] GC(10)   Post Evacuate Collection Set: 0.30ms
[0.463s][info][gc,phases] GC(10)   Other: 0.04ms
[0.463s][info][gc       ] GC(10) Pause Young (Normal) (G1 Evacuation Pause) 984M->985M(2048M) 4.751ms
[0.481s][info][gc,phases] GC(11)   Pre Evacuate Collection Set: 0.29ms
[0.481s][info][gc,phases] GC(11)   Merge Heap Roots: 0.06ms
[0.481s][info][gc,phases] GC(11)   Evacuate Collection Set: 4.73ms
[0.481s][info][gc,phases] GC(11)   Post Evacuate Collection Set: 0.32ms
[0.481s][info][gc,phases] GC(11)   Other: 0.10ms
[0.481s][info][gc       ] GC(11) Pause Young (Concurrent Start) (G1 Evacuation Pause) 1106M->1107M(2048M) 5.819ms
[0.482s][info][gc       ] GC(12) Concurrent Mark Cycle
[0.503s][info][gc,phases] GC(13)   Pre Evacuate Collection Set: 0.21ms
[0.503s][info][gc,phases] GC(13)   Merge Heap Roots: 0.07ms
[0.503s][info][gc,phases] GC(13)   Evacuate Collection Set: 7.24ms
[0.503s][info][gc,phases] GC(13)   Post Evacuate Collection Set: 0.29ms
[0.503s][info][gc,phases] GC(13)   Other: 0.04ms
[0.503s][info][gc       ] GC(13) Pause Young (Normal) (G1 Evacuation Pause) 1259M->1259M(2048M) 8.118ms
[0.554s][info][gc,phases] GC(14)   Pre Evacuate Collection Set: 0.19ms
[0.554s][info][gc,phases] GC(14)   Merge Heap Roots: 0.09ms
[0.554s][info][gc,phases] GC(14)   Evacuate Collection Set: 6.08ms
[0.554s][info][gc,phases] GC(14)   Post Evacuate Collection Set: 0.30ms
[0.554s][info][gc,phases] GC(14)   Other: 0.04ms
[0.554s][info][gc       ] GC(14) Pause Young (Normal) (G1 Evacuation Pause) 1445M->1393M(2048M) 7.080ms
[0.559s][info][gc       ] GC(12) Pause Remark 1424M->1424M(2048M) 1.139ms
[0.571s][info][gc,phases] GC(15)   Pre Evacuate Collection Set: 0.22ms
[0.571s][info][gc,phases] GC(15)   Merge Heap Roots: 0.10ms
[0.571s][info][gc,phases] GC(15)   Evacuate Collection Set: 1.36ms
[0.571s][info][gc,phases] GC(15)   Post Evacuate Collection Set: 0.34ms
[0.571s][info][gc,phases] GC(15)   Other: 0.05ms
[0.571s][info][gc       ] GC(15) Pause Young (Normal) (G1 Evacuation Pause) 1599M->1399M(2048M) 2.376ms
[0.588s][info][gc,phases] GC(16)   Pre Evacuate Collection Set: 0.22ms
[0.588s][info][gc,phases] GC(16)   Merge Heap Roots: 0.10ms
[0.588s][info][gc,phases] GC(16)   Evacuate Collection Set: 0.82ms
[0.588s][info][gc,phases] GC(16)   Post Evacuate Collection Set: 0.34ms
[0.588s][info][gc,phases] GC(16)   Other: 0.05ms
[0.588s][info][gc       ] GC(16) Pause Young (Normal) (G1 Evacuation Pause) 1671M->1403M(2048M) 1.839ms
[0.609s][info][gc,phases] GC(17)   Pre Evacuate Collection Set: 0.21ms
[0.610s][info][gc,phases] GC(17)   Merge Heap Roots: 0.09ms
[0.610s][info][gc,phases] GC(17)   Evacuate Collection Set: 0.92ms
[0.610s][info][gc,phases] GC(17)   Post Evacuate Collection Set: 0.35ms
[0.610s][info][gc,phases] GC(17)   Other: 0.05ms
[0.610s][info][gc       ] GC(17) Pause Young (Normal) (G1 Evacuation Pause) 1749M->1408M(2048M) 1.997ms
[0.634s][info][gc,phases] GC(18)   Pre Evacuate Collection Set: 0.21ms
[0.634s][info][gc,phases] GC(18)   Merge Heap Roots: 0.10ms
[0.634s][info][gc,phases] GC(18)   Evacuate Collection Set: 1.31ms
[0.634s][info][gc,phases] GC(18)   Post Evacuate Collection Set: 0.37ms
[0.634s][info][gc,phases] GC(18)   Other: 0.06ms
[0.634s][info][gc       ] GC(18) Pause Young (Normal) (G1 Evacuation Pause) 1806M->1415M(2048M) 2.314ms
[0.660s][info][gc,phases] GC(19)   Pre Evacuate Collection Set: 0.18ms
[0.660s][info][gc,phases] GC(19)   Merge Heap Roots: 0.13ms
[0.660s][info][gc,phases] GC(19)   Evacuate Collection Set: 1.48ms
[0.660s][info][gc,phases] GC(19)   Post Evacuate Collection Set: 0.39ms
[0.660s][info][gc,phases] GC(19)   Other: 0.04ms
[0.661s][info][gc       ] GC(19) Pause Young (Normal) (G1 Evacuation Pause) 1853M->1422M(2048M) 2.588ms
[0.688s][info][gc,phases] GC(20)   Pre Evacuate Collection Set: 0.19ms
[0.688s][info][gc,phases] GC(20)   Merge Heap Roots: 0.09ms
[0.688s][info][gc,phases] GC(20)   Evacuate Collection Set: 1.76ms
[0.688s][info][gc,phases] GC(20)   Post Evacuate Collection Set: 0.38ms
[0.688s][info][gc,phases] GC(20)   Other: 0.06ms
[0.688s][info][gc       ] GC(20) Pause Young (Normal) (G1 Evacuation Pause) 1889M->1430M(2048M) 2.814ms
[0.717s][info][gc,phases] GC(21)   Pre Evacuate Collection Set: 0.24ms
[0.718s][info][gc,phases] GC(21)   Merge Heap Roots: 0.13ms
[0.718s][info][gc,phases] GC(21)   Evacuate Collection Set: 1.86ms
[0.718s][info][gc,phases] GC(21)   Post Evacuate Collection Set: 0.38ms
[0.718s][info][gc,phases] GC(21)   Other: 0.05ms
[0.718s][info][gc       ] GC(21) Pause Young (Normal) (G1 Evacuation Pause) 1918M->1437M(2048M) 2.998ms
[0.723s][info][gc       ] GC(12) Pause Cleanup 1531M->1531M(2048M) 0.282ms
[0.724s][info][gc       ] GC(12) Concurrent Mark Cycle 242.645ms
[0.750s][info][gc,phases] GC(22)   Pre Evacuate Collection Set: 0.23ms
[0.750s][info][gc,phases] GC(22)   Merge Heap Roots: 0.12ms
[0.750s][info][gc,phases] GC(22)   Evacuate Collection Set: 2.75ms
[0.750s][info][gc,phases] GC(22)   Post Evacuate Collection Set: 0.41ms
[0.750s][info][gc,phases] GC(22)   Other: 0.05ms
[0.750s][info][gc       ] GC(22) Pause Young (Prepare Mixed) (G1 Evacuation Pause) 1941M->1445M(2048M) 3.964ms
[0.781s][info][gc,phases] GC(23)   Pre Evacuate Collection Set: 0.23ms
[0.781s][info][gc,phases] GC(23)   Merge Heap Roots: 0.12ms
[0.781s][info][gc,phases] GC(23)   Evacuate Collection Set: 1.97ms
[0.781s][info][gc,phases] GC(23)   Post Evacuate Collection Set: 0.40ms
[0.781s][info][gc,phases] GC(23)   Other: 0.05ms
[0.781s][info][gc       ] GC(23) Pause Young (Mixed) (G1 Evacuation Pause) 1943M->1451M(2048M) 3.241ms
[0.811s][info][gc,phases] GC(24)   Pre Evacuate Collection Set: 0.24ms
[0.811s][info][gc,phases] GC(24)   Merge Heap Roots: 0.12ms
[0.811s][info][gc,phases] GC(24)   Evacuate Collection Set: 2.08ms
[0.811s][info][gc,phases] GC(24)   Post Evacuate Collection Set: 0.38ms
[0.811s][info][gc,phases] GC(24)   Other: 0.11ms
[0.811s][info][gc       ] GC(24) Pause Young (Concurrent Start) (G1 Evacuation Pause) 1944M->1460M(2048M) 3.268ms
[0.811s][info][gc       ] GC(25) Concurrent Mark Cycle
[0.840s][info][gc,phases] GC(26)   Pre Evacuate Collection Set: 0.19ms
[0.840s][info][gc,phases] GC(26)   Merge Heap Roots: 0.12ms
[0.840s][info][gc,phases] GC(26)   Evacuate Collection Set: 1.98ms
[0.840s][info][gc,phases] GC(26)   Post Evacuate Collection Set: 0.39ms
[0.840s][info][gc,phases] GC(26)   Other: 0.05ms
[0.840s][info][gc       ] GC(26) Pause Young (Normal) (G1 Evacuation Pause) 1943M->1468M(2048M) 3.078ms
[0.869s][info][gc,phases] GC(27)   Pre Evacuate Collection Set: 0.21ms
[0.869s][info][gc,phases] GC(27)   Merge Heap Roots: 0.12ms
[0.869s][info][gc,phases] GC(27)   Evacuate Collection Set: 2.10ms
[0.869s][info][gc,phases] GC(27)   Post Evacuate Collection Set: 0.39ms
[0.869s][info][gc,phases] GC(27)   Other: 0.05ms
[0.869s][info][gc       ] GC(27) Pause Young (Normal) (G1 Evacuation Pause) 1944M->1475M(2048M) 3.217ms
[0.891s][info][gc       ] GC(25) Pause Remark 1853M->1798M(2048M) 1.311ms
[0.899s][info][gc,phases] GC(28)   Pre Evacuate Collection Set: 0.20ms
[0.899s][info][gc,phases] GC(28)   Merge Heap Roots: 0.13ms
[0.899s][info][gc,phases] GC(28)   Evacuate Collection Set: 2.51ms
[0.899s][info][gc,phases] GC(28)   Post Evacuate Collection Set: 0.46ms
[0.899s][info][gc,phases] GC(28)   Other: 0.06ms
[0.899s][info][gc       ] GC(28) Pause Young (Normal) (G1 Evacuation Pause) 1889M->1428M(2048M) 3.735ms
[0.931s][info][gc,phases] GC(29)   Pre Evacuate Collection Set: 0.22ms
[0.931s][info][gc,phases] GC(29)   Merge Heap Roots: 0.14ms
[0.931s][info][gc,phases] GC(29)   Evacuate Collection Set: 2.45ms
[0.931s][info][gc,phases] GC(29)   Post Evacuate Collection Set: 0.40ms
[0.931s][info][gc,phases] GC(29)   Other: 0.05ms
[0.931s][info][gc       ] GC(29) Pause Young (Normal) (G1 Evacuation Pause) 1944M->1435M(2048M) 3.588ms
[0.961s][info][gc,phases] GC(30)   Pre Evacuate Collection Set: 0.20ms
[0.962s][info][gc,phases] GC(30)   Merge Heap Roots: 0.11ms
[0.962s][info][gc,phases] GC(30)   Evacuate Collection Set: 1.97ms
[0.962s][info][gc,phases] GC(30)   Post Evacuate Collection Set: 0.40ms
[0.962s][info][gc,phases] GC(30)   Other: 0.06ms
[0.962s][info][gc       ] GC(30) Pause Young (Normal) (G1 Evacuation Pause) 1944M->1444M(2048M) 3.016ms
[0.992s][info][gc,phases] GC(31)   Pre Evacuate Collection Set: 0.23ms
[0.992s][info][gc,phases] GC(31)   Merge Heap Roots: 0.11ms
[0.992s][info][gc,phases] GC(31)   Evacuate Collection Set: 2.07ms
[0.992s][info][gc,phases] GC(31)   Post Evacuate Collection Set: 0.39ms
[0.992s][info][gc,phases] GC(31)   Other: 0.06ms
[0.992s][info][gc       ] GC(31) Pause Young (Normal) (G1 Evacuation Pause) 1944M->1453M(2048M) 3.177ms
[1.022s][info][gc,phases] GC(32)   Pre Evacuate Collection Set: 0.20ms
[1.022s][info][gc,phases] GC(32)   Merge Heap Roots: 0.12ms
[1.022s][info][gc,phases] GC(32)   Evacuate Collection Set: 2.27ms
[1.022s][info][gc,phases] GC(32)   Post Evacuate Collection Set: 0.39ms
[1.022s][info][gc,phases] GC(32)   Other: 0.06ms
[1.022s][info][gc       ] GC(32) Pause Young (Normal) (G1 Evacuation Pause) 1944M->1460M(2048M) 3.319ms
[1.051s][info][gc,phases] GC(33)   Pre Evacuate Collection Set: 0.20ms
[1.051s][info][gc,phases] GC(33)   Merge Heap Roots: 0.11ms
[1.051s][info][gc,phases] GC(33)   Evacuate Collection Set: 1.88ms
[1.051s][info][gc,phases] GC(33)   Post Evacuate Collection Set: 0.39ms
[1.051s][info][gc,phases] GC(33)   Other: 0.04ms
[1.051s][info][gc       ] GC(33) Pause Young (Normal) (G1 Evacuation Pause) 1943M->1468M(2048M) 2.909ms
[1.060s][info][gc       ] GC(25) Pause Cleanup 1628M->1628M(2048M) 0.293ms
[1.061s][info][gc       ] GC(25) Concurrent Mark Cycle 249.583ms
[1.080s][info][gc,phases] GC(34)   Pre Evacuate Collection Set: 0.21ms
[1.080s][info][gc,phases] GC(34)   Merge Heap Roots: 0.13ms
[1.080s][info][gc,phases] GC(34)   Evacuate Collection Set: 1.91ms
[1.080s][info][gc,phases] GC(34)   Post Evacuate Collection Set: 0.41ms
[1.080s][info][gc,phases] GC(34)   Other: 0.05ms
[1.080s][info][gc       ] GC(34) Pause Young (Prepare Mixed) (G1 Evacuation Pause) 1943M->1476M(2048M) 3.015ms
[1.108s][info][gc,phases] GC(35)   Pre Evacuate Collection Set: 0.20ms
[1.108s][info][gc,phases] GC(35)   Merge Heap Roots: 0.11ms
[1.108s][info][gc,phases] GC(35)   Evacuate Collection Set: 2.32ms
[1.109s][info][gc,phases] GC(35)   Post Evacuate Collection Set: 0.41ms
[1.109s][info][gc,phases] GC(35)   Other: 0.05ms
[1.109s][info][gc       ] GC(35) Pause Young (Mixed) (G1 Evacuation Pause) 1944M->1478M(2048M) 3.476ms
[1.136s][info][gc,phases] GC(36)   Pre Evacuate Collection Set: 0.24ms
[1.136s][info][gc,phases] GC(36)   Merge Heap Roots: 0.08ms
[1.136s][info][gc,phases] GC(36)   Evacuate Collection Set: 1.67ms
[1.136s][info][gc,phases] GC(36)   Post Evacuate Collection Set: 0.38ms
[1.136s][info][gc,phases] GC(36)   Other: 0.10ms
[1.136s][info][gc       ] GC(36) Pause Young (Concurrent Start) (G1 Evacuation Pause) 1944M->1486M(2048M) 2.753ms
[1.137s][info][gc       ] GC(37) Concurrent Mark Cycle
[1.164s][info][gc,phases] GC(38)   Pre Evacuate Collection Set: 0.20ms
[1.164s][info][gc,phases] GC(38)   Merge Heap Roots: 0.12ms
[1.164s][info][gc,phases] GC(38)   Evacuate Collection Set: 1.67ms
[1.164s][info][gc,phases] GC(38)   Post Evacuate Collection Set: 0.38ms
[1.164s][info][gc,phases] GC(38)   Other: 0.05ms
[1.164s][info][gc       ] GC(38) Pause Young (Normal) (G1 Evacuation Pause) 1943M->1495M(2048M) 2.684ms
[1.191s][info][gc,phases] GC(39)   Pre Evacuate Collection Set: 0.20ms
[1.191s][info][gc,phases] GC(39)   Merge Heap Roots: 0.12ms
[1.191s][info][gc,phases] GC(39)   Evacuate Collection Set: 1.59ms
[1.191s][info][gc,phases] GC(39)   Post Evacuate Collection Set: 0.40ms
[1.191s][info][gc,phases] GC(39)   Other: 0.05ms
[1.191s][info][gc       ] GC(39) Pause Young (Normal) (G1 Evacuation Pause) 1945M->1502M(2048M) 2.636ms
[1.215s][info][gc       ] GC(37) Pause Remark 1913M->1833M(2048M) 1.023ms
[1.219s][info][gc,phases] GC(40)   Pre Evacuate Collection Set: 0.24ms
[1.219s][info][gc,phases] GC(40)   Merge Heap Roots: 0.13ms
[1.219s][info][gc,phases] GC(40)   Evacuate Collection Set: 1.50ms
[1.219s][info][gc,phases] GC(40)   Post Evacuate Collection Set: 0.43ms
[1.219s][info][gc,phases] GC(40)   Other: 0.05ms
[1.219s][info][gc       ] GC(40) Pause Young (Normal) (G1 Evacuation Pause) 1864M->1430M(2048M) 2.741ms
[1.250s][info][gc,phases] GC(41)   Pre Evacuate Collection Set: 0.22ms
[1.250s][info][gc,phases] GC(41)   Merge Heap Roots: 0.13ms
[1.250s][info][gc,phases] GC(41)   Evacuate Collection Set: 1.62ms
[1.250s][info][gc,phases] GC(41)   Post Evacuate Collection Set: 0.41ms
[1.250s][info][gc,phases] GC(41)   Other: 0.05ms
[1.250s][info][gc       ] GC(41) Pause Young (Normal) (G1 Evacuation Pause) 1944M->1440M(2048M) 2.719ms
[1.280s][info][gc,phases] GC(42)   Pre Evacuate Collection Set: 0.22ms
[1.280s][info][gc,phases] GC(42)   Merge Heap Roots: 0.13ms
[1.280s][info][gc,phases] GC(42)   Evacuate Collection Set: 1.64ms
[1.280s][info][gc,phases] GC(42)   Post Evacuate Collection Set: 0.39ms
[1.280s][info][gc,phases] GC(42)   Other: 0.05ms
[1.280s][info][gc       ] GC(42) Pause Young (Normal) (G1 Evacuation Pause) 1945M->1448M(2048M) 2.720ms
[1.309s][info][gc,phases] GC(43)   Pre Evacuate Collection Set: 0.24ms
[1.309s][info][gc,phases] GC(43)   Merge Heap Roots: 0.10ms
[1.309s][info][gc,phases] GC(43)   Evacuate Collection Set: 1.61ms
[1.309s][info][gc,phases] GC(43)   Post Evacuate Collection Set: 0.38ms
[1.309s][info][gc,phases] GC(43)   Other: 0.05ms
[1.309s][info][gc       ] GC(43) Pause Young (Normal) (G1 Evacuation Pause) 1943M->1457M(2048M) 2.702ms
[1.338s][info][gc,phases] GC(44)   Pre Evacuate Collection Set: 0.20ms
[1.338s][info][gc,phases] GC(44)   Merge Heap Roots: 0.11ms
[1.338s][info][gc,phases] GC(44)   Evacuate Collection Set: 1.62ms
[1.338s][info][gc,phases] GC(44)   Post Evacuate Collection Set: 0.38ms
[1.338s][info][gc,phases] GC(44)   Other: 0.05ms
[1.338s][info][gc       ] GC(44) Pause Young (Normal) (G1 Evacuation Pause) 1944M->1466M(2048M) 2.701ms
[1.366s][info][gc,phases] GC(45)   Pre Evacuate Collection Set: 0.21ms
[1.366s][info][gc,phases] GC(45)   Merge Heap Roots: 0.09ms
[1.366s][info][gc,phases] GC(45)   Evacuate Collection Set: 1.58ms
[1.367s][info][gc,phases] GC(45)   Post Evacuate Collection Set: 0.41ms
[1.367s][info][gc,phases] GC(45)   Other: 0.05ms
[1.367s][info][gc       ] GC(45) Pause Young (Normal) (G1 Evacuation Pause) 1943M->1475M(2048M) 2.666ms
[1.380s][info][gc       ] GC(37) Pause Cleanup 1718M->1718M(2048M) 0.301ms
[1.381s][info][gc       ] GC(37) Concurrent Mark Cycle 244.283ms
[1.395s][info][gc,phases] GC(46)   Pre Evacuate Collection Set: 0.20ms
[1.395s][info][gc,phases] GC(46)   Merge Heap Roots: 0.12ms
[1.395s][info][gc,phases] GC(46)   Evacuate Collection Set: 1.56ms
[1.395s][info][gc,phases] GC(46)   Post Evacuate Collection Set: 0.42ms
[1.395s][info][gc,phases] GC(46)   Other: 0.05ms
[1.395s][info][gc       ] GC(46) Pause Young (Prepare Mixed) (G1 Evacuation Pause) 1944M->1484M(2048M) 2.631ms
[1.422s][info][gc,phases] GC(47)   Pre Evacuate Collection Set: 0.23ms
[1.422s][info][gc,phases] GC(47)   Merge Heap Roots: 0.12ms
[1.422s][info][gc,phases] GC(47)   Evacuate Collection Set: 1.60ms
[1.422s][info][gc,phases] GC(47)   Post Evacuate Collection Set: 0.38ms
[1.422s][info][gc,phases] GC(47)   Other: 0.05ms
[1.422s][info][gc       ] GC(47) Pause Young (Mixed) (G1 Evacuation Pause) 1944M->1488M(2048M) 2.796ms
[1.449s][info][gc,phases] GC(48)   Pre Evacuate Collection Set: 0.27ms
[1.449s][info][gc,phases] GC(48)   Merge Heap Roots: 0.11ms
[1.449s][info][gc,phases] GC(48)   Evacuate Collection Set: 1.48ms
[1.449s][info][gc,phases] GC(48)   Post Evacuate Collection Set: 0.39ms
[1.449s][info][gc,phases] GC(48)   Other: 0.11ms
[1.449s][info][gc       ] GC(48) Pause Young (Concurrent Start) (G1 Evacuation Pause) 1945M->1495M(2048M) 2.689ms
[1.450s][info][gc       ] GC(49) Concurrent Mark Cycle
[1.477s][info][gc,phases] GC(50)   Pre Evacuate Collection Set: 0.20ms
[1.477s][info][gc,phases] GC(50)   Merge Heap Roots: 0.11ms
[1.477s][info][gc,phases] GC(50)   Evacuate Collection Set: 1.71ms
[1.477s][info][gc,phases] GC(50)   Post Evacuate Collection Set: 0.39ms
[1.477s][info][gc,phases] GC(50)   Other: 0.05ms
[1.477s][info][gc       ] GC(50) Pause Young (Normal) (G1 Evacuation Pause) 1945M->1503M(2048M) 2.755ms
[1.504s][info][gc,phases] GC(51)   Pre Evacuate Collection Set: 0.20ms
[1.504s][info][gc,phases] GC(51)   Merge Heap Roots: 0.11ms
[1.504s][info][gc,phases] GC(51)   Evacuate Collection Set: 1.75ms
[1.504s][info][gc,phases] GC(51)   Post Evacuate Collection Set: 0.43ms
[1.504s][info][gc,phases] GC(51)   Other: 0.05ms
[1.504s][info][gc       ] GC(51) Pause Young (Normal) (G1 Evacuation Pause) 1944M->1511M(2048M) 2.923ms
[1.529s][info][gc       ] GC(49) Pause Remark 1940M->1861M(2048M) 0.996ms
[1.532s][info][gc,phases] GC(52)   Pre Evacuate Collection Set: 0.18ms
[1.532s][info][gc,phases] GC(52)   Merge Heap Roots: 0.09ms
[1.532s][info][gc,phases] GC(52)   Evacuate Collection Set: 1.51ms
[1.532s][info][gc,phases] GC(52)   Post Evacuate Collection Set: 0.38ms
[1.532s][info][gc,phases] GC(52)   Other: 0.05ms
[1.532s][info][gc       ] GC(52) Pause Young (Normal) (G1 Evacuation Pause) 1866M->1440M(2048M) 2.541ms
[1.562s][info][gc,phases] GC(53)   Pre Evacuate Collection Set: 0.22ms
[1.562s][info][gc,phases] GC(53)   Merge Heap Roots: 0.12ms
[1.562s][info][gc,phases] GC(53)   Evacuate Collection Set: 1.58ms
[1.562s][info][gc,phases] GC(53)   Post Evacuate Collection Set: 0.38ms
[1.562s][info][gc,phases] GC(53)   Other: 0.05ms
[1.562s][info][gc       ] GC(53) Pause Young (Normal) (G1 Evacuation Pause) 1944M->1449M(2048M) 2.676ms
[1.592s][info][gc,phases] GC(54)   Pre Evacuate Collection Set: 0.20ms
[1.592s][info][gc,phases] GC(54)   Merge Heap Roots: 0.12ms
[1.592s][info][gc,phases] GC(54)   Evacuate Collection Set: 1.60ms
[1.592s][info][gc,phases] GC(54)   Post Evacuate Collection Set: 0.40ms
[1.592s][info][gc,phases] GC(54)   Other: 0.05ms
[1.592s][info][gc       ] GC(54) Pause Young (Normal) (G1 Evacuation Pause) 1945M->1457M(2048M) 2.666ms
[1.620s][info][gc,phases] GC(55)   Pre Evacuate Collection Set: 0.21ms
[1.621s][info][gc,phases] GC(55)   Merge Heap Roots: 0.12ms
[1.621s][info][gc,phases] GC(55)   Evacuate Collection Set: 1.69ms
[1.621s][info][gc,phases] GC(55)   Post Evacuate Collection Set: 0.40ms
[1.621s][info][gc,phases] GC(55)   Other: 0.05ms
[1.621s][info][gc       ] GC(55) Pause Young (Normal) (G1 Evacuation Pause) 1944M->1465M(2048M) 2.755ms
[1.649s][info][gc,phases] GC(56)   Pre Evacuate Collection Set: 0.22ms
[1.649s][info][gc,phases] GC(56)   Merge Heap Roots: 0.12ms
[1.649s][info][gc,phases] GC(56)   Evacuate Collection Set: 1.64ms
[1.649s][info][gc,phases] GC(56)   Post Evacuate Collection Set: 0.41ms
[1.649s][info][gc,phases] GC(56)   Other: 0.05ms
[1.649s][info][gc       ] GC(56) Pause Young (Normal) (G1 Evacuation Pause) 1944M->1474M(2048M) 2.765ms
[1.677s][info][gc,phases] GC(57)   Pre Evacuate Collection Set: 0.22ms
[1.677s][info][gc,phases] GC(57)   Merge Heap Roots: 0.12ms
[1.677s][info][gc,phases] GC(57)   Evacuate Collection Set: 1.59ms
[1.677s][info][gc,phases] GC(57)   Post Evacuate Collection Set: 0.39ms
[1.677s][info][gc,phases] GC(57)   Other: 0.05ms
[1.677s][info][gc       ] GC(57) Pause Young (Normal) (G1 Evacuation Pause) 1945M->1482M(2048M) 2.680ms
[1.694s][info][gc       ] GC(49) Pause Cleanup 1786M->1786M(2048M) 0.310ms
[1.695s][info][gc       ] GC(49) Concurrent Mark Cycle 245.425ms
[1.705s][info][gc,phases] GC(58)   Pre Evacuate Collection Set: 0.20ms
[1.705s][info][gc,phases] GC(58)   Merge Heap Roots: 0.11ms
[1.705s][info][gc,phases] GC(58)   Evacuate Collection Set: 1.56ms
[1.705s][info][gc,phases] GC(58)   Post Evacuate Collection Set: 0.41ms
[1.705s][info][gc,phases] GC(58)   Other: 0.05ms
[1.705s][info][gc       ] GC(58) Pause Young (Prepare Mixed) (G1 Evacuation Pause) 1944M->1490M(2048M) 2.626ms
[1.732s][info][gc,phases] GC(59)   Pre Evacuate Collection Set: 0.21ms
[1.732s][info][gc,phases] GC(59)   Merge Heap Roots: 0.11ms
[1.732s][info][gc,phases] GC(59)   Evacuate Collection Set: 1.68ms
[1.732s][info][gc,phases] GC(59)   Post Evacuate Collection Set: 0.38ms
[1.732s][info][gc,phases] GC(59)   Other: 0.05ms
[1.732s][info][gc       ] GC(59) Pause Young (Mixed) (G1 Evacuation Pause) 1944M->1490M(2048M) 2.739ms
[1.759s][info][gc,phases] GC(60)   Pre Evacuate Collection Set: 0.30ms
[1.759s][info][gc,phases] GC(60)   Merge Heap Roots: 0.11ms
[1.759s][info][gc,phases] GC(60)   Evacuate Collection Set: 1.67ms
[1.759s][info][gc,phases] GC(60)   Post Evacuate Collection Set: 0.40ms
[1.760s][info][gc,phases] GC(60)   Other: 0.11ms
[1.760s][info][gc       ] GC(60) Pause Young (Concurrent Start) (G1 Evacuation Pause) 1944M->1498M(2048M) 2.904ms
[1.760s][info][gc       ] GC(61) Concurrent Mark Cycle
[1.786s][info][gc,phases] GC(62)   Pre Evacuate Collection Set: 0.22ms
[1.786s][info][gc,phases] GC(62)   Merge Heap Roots: 0.12ms
[1.786s][info][gc,phases] GC(62)   Evacuate Collection Set: 1.58ms
[1.786s][info][gc,phases] GC(62)   Post Evacuate Collection Set: 0.40ms
[1.786s][info][gc,phases] GC(62)   Other: 0.05ms
[1.787s][info][gc       ] GC(62) Pause Young (Normal) (G1 Evacuation Pause) 1944M->1506M(2048M) 2.748ms
[1.813s][info][gc,phases] GC(63)   Pre Evacuate Collection Set: 0.23ms
[1.813s][info][gc,phases] GC(63)   Merge Heap Roots: 0.12ms
[1.813s][info][gc,phases] GC(63)   Evacuate Collection Set: 1.59ms
[1.813s][info][gc,phases] GC(63)   Post Evacuate Collection Set: 0.38ms
[1.813s][info][gc,phases] GC(63)   Other: 0.04ms
[1.813s][info][gc       ] GC(63) Pause Young (Normal) (G1 Evacuation Pause) 1944M->1514M(2048M) 2.697ms
[1.839s][info][gc,phases] GC(64)   Pre Evacuate Collection Set: 0.21ms
[1.839s][info][gc,phases] GC(64)   Merge Heap Roots: 0.11ms
[1.839s][info][gc,phases] GC(64)   Evacuate Collection Set: 1.51ms
[1.839s][info][gc,phases] GC(64)   Post Evacuate Collection Set: 0.39ms
[1.839s][info][gc,phases] GC(64)   Other: 0.05ms
[1.839s][info][gc       ] GC(64) Pause Young (Normal) (G1 Evacuation Pause) 1944M->1522M(2048M) 2.595ms
[1.841s][info][gc       ] GC(61) Pause Remark 1542M->1462M(2048M) 0.946ms
[1.865s][info][gc,phases] GC(65)   Pre Evacuate Collection Set: 0.19ms
[1.865s][info][gc,phases] GC(65)   Merge Heap Roots: 0.13ms
[1.866s][info][gc,phases] GC(65)   Evacuate Collection Set: 1.55ms
[1.866s][info][gc,phases] GC(65)   Post Evacuate Collection Set: 0.39ms
[1.866s][info][gc,phases] GC(65)   Other: 0.05ms
[1.866s][info][gc       ] GC(65) Pause Young (Normal) (G1 Evacuation Pause) 1865M->1449M(2048M) 2.647ms
[1.895s][info][gc,phases] GC(66)   Pre Evacuate Collection Set: 0.23ms
[1.895s][info][gc,phases] GC(66)   Merge Heap Roots: 0.11ms
[1.895s][info][gc,phases] GC(66)   Evacuate Collection Set: 1.59ms
[1.895s][info][gc,phases] GC(66)   Post Evacuate Collection Set: 0.39ms
[1.895s][info][gc,phases] GC(66)   Other: 0.05ms
[1.895s][info][gc       ] GC(66) Pause Young (Normal) (G1 Evacuation Pause) 1944M->1458M(2048M) 2.629ms
[1.923s][info][gc,phases] GC(67)   Pre Evacuate Collection Set: 0.27ms
[1.924s][info][gc,phases] GC(67)   Merge Heap Roots: 0.12ms
[1.924s][info][gc,phases] GC(67)   Evacuate Collection Set: 1.62ms
[1.924s][info][gc,phases] GC(67)   Post Evacuate Collection Set: 0.40ms
[1.924s][info][gc,phases] GC(67)   Other: 0.05ms
[1.924s][info][gc       ] GC(67) Pause Young (Normal) (G1 Evacuation Pause) 1945M->1467M(2048M) 2.841ms
[1.952s][info][gc,phases] GC(68)   Pre Evacuate Collection Set: 0.22ms
[1.952s][info][gc,phases] GC(68)   Merge Heap Roots: 0.12ms
[1.952s][info][gc,phases] GC(68)   Evacuate Collection Set: 1.55ms
[1.952s][info][gc,phases] GC(68)   Post Evacuate Collection Set: 0.42ms
[1.952s][info][gc,phases] GC(68)   Other: 0.05ms
[1.952s][info][gc       ] GC(68) Pause Young (Normal) (G1 Evacuation Pause) 1945M->1475M(2048M) 2.661ms
[1.980s][info][gc,phases] GC(69)   Pre Evacuate Collection Set: 0.22ms
[1.980s][info][gc,phases] GC(69)   Merge Heap Roots: 0.13ms
[1.980s][info][gc,phases] GC(69)   Evacuate Collection Set: 1.59ms
[1.980s][info][gc,phases] GC(69)   Post Evacuate Collection Set: 0.39ms
[1.980s][info][gc,phases] GC(69)   Other: 0.04ms
[1.980s][info][gc       ] GC(69) Pause Young (Normal) (G1 Evacuation Pause) 1944M->1483M(2048M) 2.780ms
[2.005s][info][gc       ] GC(61) Pause Cleanup 1922M->1922M(2048M) 0.307ms
[2.005s][info][gc       ] GC(61) Concurrent Mark Cycle 245.801ms
[2.008s][info][gc,phases] GC(70)   Pre Evacuate Collection Set: 0.17ms
[2.009s][info][gc,phases] GC(70)   Merge Heap Roots: 0.11ms
[2.009s][info][gc,phases] GC(70)   Evacuate Collection Set: 1.63ms
[2.009s][info][gc,phases] GC(70)   Post Evacuate Collection Set: 0.40ms
[2.009s][info][gc,phases] GC(70)   Other: 0.05ms
[2.009s][info][gc       ] GC(70) Pause Young (Prepare Mixed) (G1 Evacuation Pause) 1944M->1491M(2048M) 2.648ms
[2.035s][info][gc,phases] GC(71)   Pre Evacuate Collection Set: 0.22ms
[2.036s][info][gc,phases] GC(71)   Merge Heap Roots: 0.11ms
[2.036s][info][gc,phases] GC(71)   Evacuate Collection Set: 1.72ms
[2.036s][info][gc,phases] GC(71)   Post Evacuate Collection Set: 0.40ms
[2.036s][info][gc,phases] GC(71)   Other: 0.05ms
[2.036s][info][gc       ] GC(71) Pause Young (Mixed) (G1 Evacuation Pause) 1944M->1491M(2048M) 2.781ms
[2.062s][info][gc,phases] GC(72)   Pre Evacuate Collection Set: 0.27ms
[2.063s][info][gc,phases] GC(72)   Merge Heap Roots: 0.12ms
[2.063s][info][gc,phases] GC(72)   Evacuate Collection Set: 1.58ms
[2.063s][info][gc,phases] GC(72)   Post Evacuate Collection Set: 0.40ms
[2.063s][info][gc,phases] GC(72)   Other: 0.11ms
[2.063s][info][gc       ] GC(72) Pause Young (Concurrent Start) (G1 Evacuation Pause) 1944M->1498M(2048M) 2.793ms
[2.063s][info][gc       ] GC(73) Concurrent Mark Cycle
[2.090s][info][gc,phases] GC(74)   Pre Evacuate Collection Set: 0.20ms
[2.090s][info][gc,phases] GC(74)   Merge Heap Roots: 0.12ms
[2.090s][info][gc,phases] GC(74)   Evacuate Collection Set: 1.63ms
[2.090s][info][gc,phases] GC(74)   Post Evacuate Collection Set: 0.40ms
[2.090s][info][gc,phases] GC(74)   Other: 0.05ms
[2.090s][info][gc       ] GC(74) Pause Young (Normal) (G1 Evacuation Pause) 1944M->1506M(2048M) 2.724ms
[2.116s][info][gc,phases] GC(75)   Pre Evacuate Collection Set: 0.19ms
[2.116s][info][gc,phases] GC(75)   Merge Heap Roots: 0.13ms
[2.116s][info][gc,phases] GC(75)   Evacuate Collection Set: 1.58ms
[2.116s][info][gc,phases] GC(75)   Post Evacuate Collection Set: 0.38ms
[2.117s][info][gc,phases] GC(75)   Other: 0.06ms
[2.117s][info][gc       ] GC(75) Pause Young (Normal) (G1 Evacuation Pause) 1944M->1514M(2048M) 2.733ms
[2.142s][info][gc,phases] GC(76)   Pre Evacuate Collection Set: 0.20ms
[2.142s][info][gc,phases] GC(76)   Merge Heap Roots: 0.08ms
[2.143s][info][gc,phases] GC(76)   Evacuate Collection Set: 1.54ms
[2.143s][info][gc,phases] GC(76)   Post Evacuate Collection Set: 0.37ms
[2.143s][info][gc,phases] GC(76)   Other: 0.05ms
[2.143s][info][gc       ] GC(76) Pause Young (Normal) (G1 Evacuation Pause) 1945M->1521M(2048M) 2.598ms
[2.146s][info][gc       ] GC(73) Pause Remark 1565M->1487M(2048M) 1.028ms
[2.169s][info][gc,phases] GC(77)   Pre Evacuate Collection Set: 0.24ms
[2.169s][info][gc,phases] GC(77)   Merge Heap Roots: 0.14ms
[2.169s][info][gc,phases] GC(77)   Evacuate Collection Set: 1.52ms
[2.169s][info][gc,phases] GC(77)   Post Evacuate Collection Set: 0.38ms
[2.169s][info][gc,phases] GC(77)   Other: 0.05ms
[2.170s][info][gc       ] GC(77) Pause Young (Normal) (G1 Evacuation Pause) 1866M->1451M(2048M) 2.684ms
[2.198s][info][gc,phases] GC(78)   Pre Evacuate Collection Set: 0.21ms
[2.199s][info][gc,phases] GC(78)   Merge Heap Roots: 0.12ms
[2.199s][info][gc,phases] GC(78)   Evacuate Collection Set: 1.60ms
[2.199s][info][gc,phases] GC(78)   Post Evacuate Collection Set: 0.39ms
[2.199s][info][gc,phases] GC(78)   Other: 0.06ms
[2.199s][info][gc       ] GC(78) Pause Young (Normal) (G1 Evacuation Pause) 1944M->1459M(2048M) 2.673ms
[2.227s][info][gc,phases] GC(79)   Pre Evacuate Collection Set: 0.19ms
[2.228s][info][gc,phases] GC(79)   Merge Heap Roots: 0.13ms
[2.228s][info][gc,phases] GC(79)   Evacuate Collection Set: 1.59ms
[2.228s][info][gc,phases] GC(79)   Post Evacuate Collection Set: 0.41ms
[2.228s][info][gc,phases] GC(79)   Other: 0.05ms
[2.228s][info][gc       ] GC(79) Pause Young (Normal) (G1 Evacuation Pause) 1944M->1468M(2048M) 2.685ms
[2.256s][info][gc,phases] GC(80)   Pre Evacuate Collection Set: 0.22ms
[2.256s][info][gc,phases] GC(80)   Merge Heap Roots: 0.12ms
[2.256s][info][gc,phases] GC(80)   Evacuate Collection Set: 1.60ms
[2.256s][info][gc,phases] GC(80)   Post Evacuate Collection Set: 0.40ms
[2.256s][info][gc,phases] GC(80)   Other: 0.05ms
[2.256s][info][gc       ] GC(80) Pause Young (Normal) (G1 Evacuation Pause) 1944M->1476M(2048M) 2.664ms
[2.283s][info][gc,phases] GC(81)   Pre Evacuate Collection Set: 0.22ms
[2.284s][info][gc,phases] GC(81)   Merge Heap Roots: 0.11ms
[2.284s][info][gc,phases] GC(81)   Evacuate Collection Set: 1.60ms
[2.284s][info][gc,phases] GC(81)   Post Evacuate Collection Set: 0.40ms
[2.284s][info][gc,phases] GC(81)   Other: 0.05ms
[2.284s][info][gc       ] GC(81) Pause Young (Normal) (G1 Evacuation Pause) 1944M->1484M(2048M) 2.688ms
[2.311s][info][gc,phases] GC(82)   Pre Evacuate Collection Set: 0.20ms
[2.311s][info][gc,phases] GC(82)   Merge Heap Roots: 0.12ms
[2.311s][info][gc,phases] GC(82)   Evacuate Collection Set: 1.55ms
[2.311s][info][gc,phases] GC(82)   Post Evacuate Collection Set: 0.38ms
[2.311s][info][gc,phases] GC(82)   Other: 0.06ms
[2.311s][info][gc       ] GC(82) Pause Young (Normal) (G1 Evacuation Pause) 1944M->1493M(2048M) 2.636ms
[2.314s][info][gc       ] GC(73) Pause Cleanup 1529M->1529M(2048M) 0.312ms
[2.315s][info][gc       ] GC(73) Concurrent Mark Cycle 251.873ms
[2.338s][info][gc,phases] GC(83)   Pre Evacuate Collection Set: 0.23ms
[2.339s][info][gc,phases] GC(83)   Merge Heap Roots: 0.12ms
[2.339s][info][gc,phases] GC(83)   Evacuate Collection Set: 1.56ms
[2.339s][info][gc,phases] GC(83)   Post Evacuate Collection Set: 0.40ms
[2.339s][info][gc,phases] GC(83)   Other: 0.05ms
[2.339s][info][gc       ] GC(83) Pause Young (Prepare Mixed) (G1 Evacuation Pause) 1944M->1501M(2048M) 2.725ms
[2.365s][info][gc,phases] GC(84)   Pre Evacuate Collection Set: 0.22ms
[2.365s][info][gc,phases] GC(84)   Merge Heap Roots: 0.13ms
[2.365s][info][gc,phases] GC(84)   Evacuate Collection Set: 1.64ms
[2.365s][info][gc,phases] GC(84)   Post Evacuate Collection Set: 0.39ms
[2.365s][info][gc,phases] GC(84)   Other: 0.05ms
[2.365s][info][gc       ] GC(84) Pause Young (Mixed) (G1 Evacuation Pause) 1944M->1501M(2048M) 2.738ms
[2.391s][info][gc,phases] GC(85)   Pre Evacuate Collection Set: 0.31ms
[2.392s][info][gc,phases] GC(85)   Merge Heap Roots: 0.12ms
[2.392s][info][gc,phases] GC(85)   Evacuate Collection Set: 1.61ms
[2.392s][info][gc,phases] GC(85)   Post Evacuate Collection Set: 0.40ms
[2.392s][info][gc,phases] GC(85)   Other: 0.11ms
[2.392s][info][gc       ] GC(85) Pause Young (Concurrent Start) (G1 Evacuation Pause) 1943M->1510M(2048M) 2.842ms
[2.392s][info][gc       ] GC(86) Concurrent Mark Cycle
[2.418s][info][gc,phases] GC(87)   Pre Evacuate Collection Set: 0.20ms
[2.418s][info][gc,phases] GC(87)   Merge Heap Roots: 0.11ms
[2.418s][info][gc,phases] GC(87)   Evacuate Collection Set: 1.62ms
[2.418s][info][gc,phases] GC(87)   Post Evacuate Collection Set: 0.37ms
[2.418s][info][gc,phases] GC(87)   Other: 0.04ms
[2.418s][info][gc       ] GC(87) Pause Young (Normal) (G1 Evacuation Pause) 1945M->1517M(2048M) 2.654ms
[2.444s][info][gc,phases] GC(88)   Pre Evacuate Collection Set: 0.21ms
[2.444s][info][gc,phases] GC(88)   Merge Heap Roots: 0.09ms
[2.444s][info][gc,phases] GC(88)   Evacuate Collection Set: 1.56ms
[2.444s][info][gc,phases] GC(88)   Post Evacuate Collection Set: 0.38ms
[2.444s][info][gc,phases] GC(88)   Other: 0.05ms
[2.444s][info][gc       ] GC(88) Pause Young (Normal) (G1 Evacuation Pause) 1944M->1525M(2048M) 2.575ms
[2.469s][info][gc,phases] GC(89)   Pre Evacuate Collection Set: 0.21ms
[2.469s][info][gc,phases] GC(89)   Merge Heap Roots: 0.11ms
[2.469s][info][gc,phases] GC(89)   Evacuate Collection Set: 1.61ms
[2.469s][info][gc,phases] GC(89)   Post Evacuate Collection Set: 0.40ms
[2.469s][info][gc,phases] GC(89)   Other: 0.06ms
[2.469s][info][gc       ] GC(89) Pause Young (Normal) (G1 Evacuation Pause) 1944M->1532M(2048M) 2.731ms
[2.473s][info][gc       ] GC(86) Pause Remark 1579M->1494M(2048M) 1.089ms
[2.495s][info][gc,phases] GC(90)   Pre Evacuate Collection Set: 0.20ms
[2.496s][info][gc,phases] GC(90)   Merge Heap Roots: 0.13ms
[2.496s][info][gc,phases] GC(90)   Evacuate Collection Set: 1.55ms
[2.496s][info][gc,phases] GC(90)   Post Evacuate Collection Set: 0.38ms
[2.496s][info][gc,phases] GC(90)   Other: 0.04ms
[2.496s][info][gc       ] GC(90) Pause Young (Normal) (G1 Evacuation Pause) 1859M->1455M(2048M) 2.636ms
[2.524s][info][gc,phases] GC(91)   Pre Evacuate Collection Set: 0.21ms
[2.524s][info][gc,phases] GC(91)   Merge Heap Roots: 0.12ms
[2.524s][info][gc,phases] GC(91)   Evacuate Collection Set: 1.30ms
[2.524s][info][gc,phases] GC(91)   Post Evacuate Collection Set: 0.38ms
[2.524s][info][gc,phases] GC(91)   Other: 0.05ms
[2.524s][info][gc       ] GC(91) Pause Young (Normal) (G1 Evacuation Pause) 1944M->1462M(2048M) 2.378ms
[2.553s][info][gc,phases] GC(92)   Pre Evacuate Collection Set: 0.20ms
[2.553s][info][gc,phases] GC(92)   Merge Heap Roots: 0.12ms
[2.553s][info][gc,phases] GC(92)   Evacuate Collection Set: 1.58ms
[2.553s][info][gc,phases] GC(92)   Post Evacuate Collection Set: 0.37ms
[2.553s][info][gc,phases] GC(92)   Other: 0.06ms
[2.553s][info][gc       ] GC(92) Pause Young (Normal) (G1 Evacuation Pause) 1944M->1471M(2048M) 2.668ms
[2.581s][info][gc,phases] GC(93)   Pre Evacuate Collection Set: 0.20ms
[2.581s][info][gc,phases] GC(93)   Merge Heap Roots: 0.13ms
[2.581s][info][gc,phases] GC(93)   Evacuate Collection Set: 1.60ms
[2.581s][info][gc,phases] GC(93)   Post Evacuate Collection Set: 0.40ms
[2.581s][info][gc,phases] GC(93)   Other: 0.05ms
[2.581s][info][gc       ] GC(93) Pause Young (Normal) (G1 Evacuation Pause) 1944M->1479M(2048M) 2.621ms
[2.609s][info][gc,phases] GC(94)   Pre Evacuate Collection Set: 0.23ms
[2.609s][info][gc,phases] GC(94)   Merge Heap Roots: 0.12ms
[2.609s][info][gc,phases] GC(94)   Evacuate Collection Set: 1.62ms
[2.609s][info][gc,phases] GC(94)   Post Evacuate Collection Set: 0.38ms
[2.609s][info][gc,phases] GC(94)   Other: 0.05ms
[2.609s][info][gc       ] GC(94) Pause Young (Normal) (G1 Evacuation Pause) 1944M->1488M(2048M) 2.799ms
[2.637s][info][gc,phases] GC(95)   Pre Evacuate Collection Set: 0.22ms
[2.637s][info][gc,phases] GC(95)   Merge Heap Roots: 0.12ms
[2.637s][info][gc,phases] GC(95)   Evacuate Collection Set: 1.60ms
[2.637s][info][gc,phases] GC(95)   Post Evacuate Collection Set: 0.38ms
[2.637s][info][gc,phases] GC(95)   Other: 0.04ms
[2.637s][info][gc       ] GC(95) Pause Young (Normal) (G1 Evacuation Pause) 1945M->1496M(2048M) 2.672ms
[2.641s][info][gc       ] GC(86) Pause Cleanup 1564M->1564M(2048M) 0.298ms
[2.642s][info][gc       ] GC(86) Concurrent Mark Cycle 250.115ms
[2.664s][info][gc,phases] GC(96)   Pre Evacuate Collection Set: 0.22ms
[2.664s][info][gc,phases] GC(96)   Merge Heap Roots: 0.11ms
[2.664s][info][gc,phases] GC(96)   Evacuate Collection Set: 1.48ms
[2.664s][info][gc,phases] GC(96)   Post Evacuate Collection Set: 0.39ms
[2.664s][info][gc,phases] GC(96)   Other: 0.04ms
[2.664s][info][gc       ] GC(96) Pause Young (Prepare Mixed) (G1 Evacuation Pause) 1944M->1505M(2048M) 2.552ms
[2.690s][info][gc,phases] GC(97)   Pre Evacuate Collection Set: 0.21ms
[2.690s][info][gc,phases] GC(97)   Merge Heap Roots: 0.14ms
[2.690s][info][gc,phases] GC(97)   Evacuate Collection Set: 1.45ms
[2.690s][info][gc,phases] GC(97)   Post Evacuate Collection Set: 0.39ms
[2.690s][info][gc,phases] GC(97)   Other: 0.06ms
[2.690s][info][gc       ] GC(97) Pause Young (Mixed) (G1 Evacuation Pause) 1945M->1503M(2048M) 2.557ms
[2.716s][info][gc,phases] GC(98)   Pre Evacuate Collection Set: 0.25ms
[2.716s][info][gc,phases] GC(98)   Merge Heap Roots: 0.11ms
[2.716s][info][gc,phases] GC(98)   Evacuate Collection Set: 1.46ms
[2.716s][info][gc,phases] GC(98)   Post Evacuate Collection Set: 0.39ms
[2.716s][info][gc,phases] GC(98)   Other: 0.11ms
[2.716s][info][gc       ] GC(98) Pause Young (Concurrent Start) (G1 Evacuation Pause) 1944M->1510M(2048M) 2.637ms
[2.716s][info][gc       ] GC(99) Concurrent Mark Cycle
[2.742s][info][gc,phases] GC(100)   Pre Evacuate Collection Set: 0.20ms
[2.742s][info][gc,phases] GC(100)   Merge Heap Roots: 0.11ms
[2.743s][info][gc,phases] GC(100)   Evacuate Collection Set: 1.60ms
[2.743s][info][gc,phases] GC(100)   Post Evacuate Collection Set: 0.38ms
[2.743s][info][gc,phases] GC(100)   Other: 0.05ms
[2.743s][info][gc       ] GC(100) Pause Young (Normal) (G1 Evacuation Pause) 1944M->1518M(2048M) 2.696ms
[2.769s][info][gc,phases] GC(101)   Pre Evacuate Collection Set: 0.20ms
[2.769s][info][gc,phases] GC(101)   Merge Heap Roots: 0.10ms
[2.769s][info][gc,phases] GC(101)   Evacuate Collection Set: 1.56ms
[2.769s][info][gc,phases] GC(101)   Post Evacuate Collection Set: 0.38ms
[2.769s][info][gc,phases] GC(101)   Other: 0.05ms
[2.769s][info][gc       ] GC(101) Pause Young (Normal) (G1 Evacuation Pause) 1945M->1525M(2048M) 2.579ms
[2.794s][info][gc,phases] GC(102)   Pre Evacuate Collection Set: 0.20ms
[2.794s][info][gc,phases] GC(102)   Merge Heap Roots: 0.11ms
[2.794s][info][gc,phases] GC(102)   Evacuate Collection Set: 1.53ms
[2.794s][info][gc,phases] GC(102)   Post Evacuate Collection Set: 0.38ms
[2.794s][info][gc,phases] GC(102)   Other: 0.05ms
[2.794s][info][gc       ] GC(102) Pause Young (Normal) (G1 Evacuation Pause) 1944M->1533M(2048M) 2.573ms
[2.798s][info][gc       ] GC(99) Pause Remark 1575M->1492M(2048M) 0.993ms
[2.820s][info][gc,phases] GC(103)   Pre Evacuate Collection Set: 0.22ms
[2.820s][info][gc,phases] GC(103)   Merge Heap Roots: 0.12ms
[2.821s][info][gc,phases] GC(103)   Evacuate Collection Set: 1.53ms
[2.821s][info][gc,phases] GC(103)   Post Evacuate Collection Set: 0.40ms
[2.821s][info][gc,phases] GC(103)   Other: 0.05ms
[2.821s][info][gc       ] GC(103) Pause Young (Normal) (G1 Evacuation Pause) 1861M->1457M(2048M) 2.660ms
[2.849s][info][gc,phases] GC(104)   Pre Evacuate Collection Set: 0.26ms
[2.850s][info][gc,phases] GC(104)   Merge Heap Roots: 0.12ms
[2.850s][info][gc,phases] GC(104)   Evacuate Collection Set: 1.56ms
[2.850s][info][gc,phases] GC(104)   Post Evacuate Collection Set: 0.39ms
[2.850s][info][gc,phases] GC(104)   Other: 0.05ms
[2.850s][info][gc       ] GC(104) Pause Young (Normal) (G1 Evacuation Pause) 1944M->1465M(2048M) 2.647ms
[2.878s][info][gc,phases] GC(105)   Pre Evacuate Collection Set: 0.22ms
[2.878s][info][gc,phases] GC(105)   Merge Heap Roots: 0.12ms
[2.878s][info][gc,phases] GC(105)   Evacuate Collection Set: 1.54ms
[2.878s][info][gc,phases] GC(105)   Post Evacuate Collection Set: 0.38ms
[2.878s][info][gc,phases] GC(105)   Other: 0.05ms
[2.878s][info][gc       ] GC(105) Pause Young (Normal) (G1 Evacuation Pause) 1944M->1474M(2048M) 2.618ms
[2.906s][info][gc,phases] GC(106)   Pre Evacuate Collection Set: 0.23ms
[2.906s][info][gc,phases] GC(106)   Merge Heap Roots: 0.12ms
[2.906s][info][gc,phases] GC(106)   Evacuate Collection Set: 1.61ms
[2.906s][info][gc,phases] GC(106)   Post Evacuate Collection Set: 0.38ms
[2.906s][info][gc,phases] GC(106)   Other: 0.04ms
[2.906s][info][gc       ] GC(106) Pause Young (Normal) (G1 Evacuation Pause) 1944M->1483M(2048M) 2.747ms
[2.934s][info][gc,phases] GC(107)   Pre Evacuate Collection Set: 0.21ms
[2.934s][info][gc,phases] GC(107)   Merge Heap Roots: 0.12ms
[2.934s][info][gc,phases] GC(107)   Evacuate Collection Set: 1.62ms
[2.934s][info][gc,phases] GC(107)   Post Evacuate Collection Set: 0.38ms
[2.934s][info][gc,phases] GC(107)   Other: 0.05ms
[2.934s][info][gc       ] GC(107) Pause Young (Normal) (G1 Evacuation Pause) 1944M->1490M(2048M) 2.804ms
[2.961s][info][gc,phases] GC(108)   Pre Evacuate Collection Set: 0.23ms
[2.961s][info][gc,phases] GC(108)   Merge Heap Roots: 0.12ms
[2.961s][info][gc,phases] GC(108)   Evacuate Collection Set: 1.58ms
[2.961s][info][gc,phases] GC(108)   Post Evacuate Collection Set: 0.38ms
[2.961s][info][gc,phases] GC(108)   Other: 0.05ms
[2.962s][info][gc       ] GC(108) Pause Young (Normal) (G1 Evacuation Pause) 1944M->1498M(2048M) 2.643ms
[2.967s][info][gc       ] GC(99) Pause Cleanup 1591M->1591M(2048M) 0.300ms
[2.968s][info][gc       ] GC(99) Concurrent Mark Cycle 251.467ms
[2.989s][info][gc,phases] GC(109)   Pre Evacuate Collection Set: 0.21ms
[2.989s][info][gc,phases] GC(109)   Merge Heap Roots: 0.11ms
[2.989s][info][gc,phases] GC(109)   Evacuate Collection Set: 1.57ms
[2.989s][info][gc,phases] GC(109)   Post Evacuate Collection Set: 0.41ms
[2.989s][info][gc,phases] GC(109)   Other: 0.05ms
[2.989s][info][gc       ] GC(109) Pause Young (Prepare Mixed) (G1 Evacuation Pause) 1944M->1506M(2048M) 2.738ms
[3.015s][info][gc,phases] GC(110)   Pre Evacuate Collection Set: 0.21ms
[3.015s][info][gc,phases] GC(110)   Merge Heap Roots: 0.10ms
[3.015s][info][gc,phases] GC(110)   Evacuate Collection Set: 1.64ms
[3.015s][info][gc,phases] GC(110)   Post Evacuate Collection Set: 0.36ms
[3.015s][info][gc,phases] GC(110)   Other: 0.05ms
[3.015s][info][gc       ] GC(110) Pause Young (Mixed) (G1 Evacuation Pause) 1943M->1500M(2048M) 2.690ms
[3.042s][info][gc,phases] GC(111)   Pre Evacuate Collection Set: 0.26ms
[3.042s][info][gc,phases] GC(111)   Merge Heap Roots: 0.09ms
[3.042s][info][gc,phases] GC(111)   Evacuate Collection Set: 1.60ms
[3.042s][info][gc,phases] GC(111)   Post Evacuate Collection Set: 0.38ms
[3.042s][info][gc,phases] GC(111)   Other: 0.11ms
[3.042s][info][gc       ] GC(111) Pause Young (Concurrent Start) (G1 Evacuation Pause) 1943M->1509M(2048M) 2.777ms
[3.042s][info][gc       ] GC(112) Concurrent Mark Cycle
[3.068s][info][gc,phases] GC(113)   Pre Evacuate Collection Set: 0.21ms
[3.068s][info][gc,phases] GC(113)   Merge Heap Roots: 0.10ms
[3.068s][info][gc,phases] GC(113)   Evacuate Collection Set: 1.58ms
[3.068s][info][gc,phases] GC(113)   Post Evacuate Collection Set: 0.37ms
[3.068s][info][gc,phases] GC(113)   Other: 0.05ms
[3.068s][info][gc       ] GC(113) Pause Young (Normal) (G1 Evacuation Pause) 1945M->1516M(2048M) 2.639ms
[3.094s][info][gc,phases] GC(114)   Pre Evacuate Collection Set: 0.20ms
[3.094s][info][gc,phases] GC(114)   Merge Heap Roots: 0.11ms
[3.094s][info][gc,phases] GC(114)   Evacuate Collection Set: 1.48ms
[3.094s][info][gc,phases] GC(114)   Post Evacuate Collection Set: 0.42ms
[3.094s][info][gc,phases] GC(114)   Other: 0.05ms
[3.094s][info][gc       ] GC(114) Pause Young (Normal) (G1 Evacuation Pause) 1943M->1525M(2048M) 2.602ms
[3.119s][info][gc,phases] GC(115)   Pre Evacuate Collection Set: 0.21ms
[3.119s][info][gc,phases] GC(115)   Merge Heap Roots: 0.11ms
[3.120s][info][gc,phases] GC(115)   Evacuate Collection Set: 1.51ms
[3.120s][info][gc,phases] GC(115)   Post Evacuate Collection Set: 0.35ms
[3.120s][info][gc,phases] GC(115)   Other: 0.05ms
[3.120s][info][gc       ] GC(115) Pause Young (Normal) (G1 Evacuation Pause) 1944M->1532M(2048M) 2.576ms
[3.122s][info][gc       ] GC(112) Pause Remark 1557M->1478M(2048M) 0.987ms
[3.146s][info][gc,phases] GC(116)   Pre Evacuate Collection Set: 0.22ms
[3.146s][info][gc,phases] GC(116)   Merge Heap Roots: 0.11ms
[3.146s][info][gc,phases] GC(116)   Evacuate Collection Set: 1.57ms
[3.146s][info][gc,phases] GC(116)   Post Evacuate Collection Set: 0.39ms
[3.146s][info][gc,phases] GC(116)   Other: 0.05ms
[3.146s][info][gc       ] GC(116) Pause Young (Normal) (G1 Evacuation Pause) 1865M->1462M(2048M) 2.639ms
[3.174s][info][gc,phases] GC(117)   Pre Evacuate Collection Set: 0.21ms
[3.175s][info][gc,phases] GC(117)   Merge Heap Roots: 0.12ms
[3.175s][info][gc,phases] GC(117)   Evacuate Collection Set: 1.44ms
[3.175s][info][gc,phases] GC(117)   Post Evacuate Collection Set: 0.47ms
[3.175s][info][gc,phases] GC(117)   Other: 0.06ms
[3.175s][info][gc       ] GC(117) Pause Young (Normal) (G1 Evacuation Pause) 1945M->1469M(2048M) 2.723ms
[3.203s][info][gc,phases] GC(118)   Pre Evacuate Collection Set: 0.19ms
[3.203s][info][gc,phases] GC(118)   Merge Heap Roots: 0.14ms
[3.203s][info][gc,phases] GC(118)   Evacuate Collection Set: 1.63ms
[3.203s][info][gc,phases] GC(118)   Post Evacuate Collection Set: 0.47ms
[3.203s][info][gc,phases] GC(118)   Other: 0.05ms
[3.203s][info][gc       ] GC(118) Pause Young (Normal) (G1 Evacuation Pause) 1944M->1477M(2048M) 2.769ms
[3.231s][info][gc,phases] GC(119)   Pre Evacuate Collection Set: 0.22ms
[3.231s][info][gc,phases] GC(119)   Merge Heap Roots: 0.11ms
[3.231s][info][gc,phases] GC(119)   Evacuate Collection Set: 1.60ms
[3.231s][info][gc,phases] GC(119)   Post Evacuate Collection Set: 0.39ms
[3.231s][info][gc,phases] GC(119)   Other: 0.06ms
[3.231s][info][gc       ] GC(119) Pause Young (Normal) (G1 Evacuation Pause) 1943M->1486M(2048M) 2.685ms
[3.258s][info][gc,phases] GC(120)   Pre Evacuate Collection Set: 0.21ms
[3.259s][info][gc,phases] GC(120)   Merge Heap Roots: 0.12ms
[3.259s][info][gc,phases] GC(120)   Evacuate Collection Set: 1.54ms
[3.259s][info][gc,phases] GC(120)   Post Evacuate Collection Set: 0.40ms
[3.259s][info][gc,phases] GC(120)   Other: 0.05ms
[3.259s][info][gc       ] GC(120) Pause Young (Normal) (G1 Evacuation Pause) 1945M->1493M(2048M) 2.713ms
[3.285s][info][gc,phases] GC(121)   Pre Evacuate Collection Set: 0.23ms
[3.285s][info][gc,phases] GC(121)   Merge Heap Roots: 0.11ms
[3.285s][info][gc,phases] GC(121)   Evacuate Collection Set: 1.59ms
[3.286s][info][gc,phases] GC(121)   Post Evacuate Collection Set: 0.36ms
[3.286s][info][gc,phases] GC(121)   Other: 0.05ms
[3.286s][info][gc       ] GC(121) Pause Young (Normal) (G1 Evacuation Pause) 1943M->1502M(2048M) 2.658ms
[3.292s][info][gc       ] GC(112) Pause Cleanup 1606M->1606M(2048M) 0.319ms
[3.293s][info][gc       ] GC(112) Concurrent Mark Cycle 250.784ms
[3.312s][info][gc,phases] GC(122)   Pre Evacuate Collection Set: 0.22ms
[3.313s][info][gc,phases] GC(122)   Merge Heap Roots: 0.11ms
[3.313s][info][gc,phases] GC(122)   Evacuate Collection Set: 1.54ms
[3.313s][info][gc,phases] GC(122)   Post Evacuate Collection Set: 0.40ms
[3.313s][info][gc,phases] GC(122)   Other: 0.05ms
[3.313s][info][gc       ] GC(122) Pause Young (Prepare Mixed) (G1 Evacuation Pause) 1945M->1509M(2048M) 2.693ms
[3.339s][info][gc,phases] GC(123)   Pre Evacuate Collection Set: 0.25ms
[3.339s][info][gc,phases] GC(123)   Merge Heap Roots: 0.12ms
[3.339s][info][gc,phases] GC(123)   Evacuate Collection Set: 1.69ms
[3.339s][info][gc,phases] GC(123)   Post Evacuate Collection Set: 0.40ms
[3.339s][info][gc,phases] GC(123)   Other: 0.06ms
[3.339s][info][gc       ] GC(123) Pause Young (Mixed) (G1 Evacuation Pause) 1944M->1506M(2048M) 2.808ms
[3.365s][info][gc,phases] GC(124)   Pre Evacuate Collection Set: 0.30ms
[3.365s][info][gc,phases] GC(124)   Merge Heap Roots: 0.11ms
[3.365s][info][gc,phases] GC(124)   Evacuate Collection Set: 1.56ms
[3.365s][info][gc,phases] GC(124)   Post Evacuate Collection Set: 0.37ms
[3.365s][info][gc,phases] GC(124)   Other: 0.10ms
[3.365s][info][gc       ] GC(124) Pause Young (Concurrent Start) (G1 Evacuation Pause) 1944M->1514M(2048M) 2.737ms
[3.365s][info][gc       ] GC(125) Concurrent Mark Cycle
[3.390s][info][gc,phases] GC(126)   Pre Evacuate Collection Set: 0.21ms
[3.390s][info][gc,phases] GC(126)   Merge Heap Roots: 0.11ms
[3.390s][info][gc,phases] GC(126)   Evacuate Collection Set: 1.63ms
[3.390s][info][gc,phases] GC(126)   Post Evacuate Collection Set: 0.37ms
[3.390s][info][gc,phases] GC(126)   Other: 0.05ms
[3.390s][info][gc       ] GC(126) Pause Young (Normal) (G1 Evacuation Pause) 1944M->1521M(2048M) 2.675ms
[3.415s][info][gc,phases] GC(127)   Pre Evacuate Collection Set: 0.20ms
[3.415s][info][gc,phases] GC(127)   Merge Heap Roots: 0.12ms
[3.415s][info][gc,phases] GC(127)   Evacuate Collection Set: 1.56ms
[3.415s][info][gc,phases] GC(127)   Post Evacuate Collection Set: 0.38ms
[3.416s][info][gc,phases] GC(127)   Other: 0.05ms
[3.416s][info][gc       ] GC(127) Pause Young (Normal) (G1 Evacuation Pause) 1943M->1530M(2048M) 2.588ms
[3.440s][info][gc,phases] GC(128)   Pre Evacuate Collection Set: 0.22ms
[3.440s][info][gc,phases] GC(128)   Merge Heap Roots: 0.10ms
[3.440s][info][gc,phases] GC(128)   Evacuate Collection Set: 1.49ms
[3.440s][info][gc,phases] GC(128)   Post Evacuate Collection Set: 0.37ms
[3.440s][info][gc,phases] GC(128)   Other: 0.05ms
[3.440s][info][gc       ] GC(128) Pause Young (Normal) (G1 Evacuation Pause) 1944M->1537M(2048M) 2.562ms
[3.446s][info][gc       ] GC(125) Pause Remark 1624M->1543M(2048M) 0.999ms
[3.466s][info][gc,phases] GC(129)   Pre Evacuate Collection Set: 0.24ms
[3.466s][info][gc,phases] GC(129)   Merge Heap Roots: 0.12ms
[3.466s][info][gc,phases] GC(129)   Evacuate Collection Set: 1.53ms
[3.466s][info][gc,phases] GC(129)   Post Evacuate Collection Set: 0.39ms
[3.466s][info][gc,phases] GC(129)   Other: 0.04ms
[3.466s][info][gc       ] GC(129) Pause Young (Normal) (G1 Evacuation Pause) 1863M->1462M(2048M) 2.603ms
[3.494s][info][gc,phases] GC(130)   Pre Evacuate Collection Set: 0.19ms
[3.494s][info][gc,phases] GC(130)   Merge Heap Roots: 0.10ms
[3.494s][info][gc,phases] GC(130)   Evacuate Collection Set: 1.64ms
[3.494s][info][gc,phases] GC(130)   Post Evacuate Collection Set: 0.37ms
[3.494s][info][gc,phases] GC(130)   Other: 0.06ms
[3.495s][info][gc       ] GC(130) Pause Young (Normal) (G1 Evacuation Pause) 1944M->1471M(2048M) 2.719ms
[3.522s][info][gc,phases] GC(131)   Pre Evacuate Collection Set: 0.19ms
[3.522s][info][gc,phases] GC(131)   Merge Heap Roots: 0.08ms
[3.522s][info][gc,phases] GC(131)   Evacuate Collection Set: 1.53ms
[3.522s][info][gc,phases] GC(131)   Post Evacuate Collection Set: 0.45ms
[3.522s][info][gc,phases] GC(131)   Other: 0.04ms
[3.522s][info][gc       ] GC(131) Pause Young (Normal) (G1 Evacuation Pause) 1944M->1479M(2048M) 2.600ms
[3.599s][info][gc,phases] GC(132)   Pre Evacuate Collection Set: 0.19ms
[3.599s][info][gc,phases] GC(132)   Merge Heap Roots: 0.12ms
[3.599s][info][gc,phases] GC(132)   Evacuate Collection Set: 1.62ms
[3.599s][info][gc,phases] GC(132)   Post Evacuate Collection Set: 0.45ms
[3.599s][info][gc,phases] GC(132)   Other: 0.05ms
[3.599s][info][gc       ] GC(132) Pause Young (Normal) (G1 Evacuation Pause) 1944M->1487M(2048M) 2.799ms
[3.609s][info][gc       ] GC(125) Pause Cleanup 1578M->1578M(2048M) 0.331ms
[3.610s][info][gc       ] GC(125) Concurrent Mark Cycle 244.635ms
[3.640s][info][gc,phases] GC(133)   Pre Evacuate Collection Set: 0.21ms
[3.640s][info][gc,phases] GC(133)   Merge Heap Roots: 0.12ms
[3.640s][info][gc,phases] GC(133)   Evacuate Collection Set: 1.48ms
[3.640s][info][gc,phases] GC(133)   Post Evacuate Collection Set: 0.47ms
[3.640s][info][gc,phases] GC(133)   Other: 0.05ms
[3.641s][info][gc       ] GC(133) Pause Young (Prepare Mixed) (G1 Evacuation Pause) 1944M->1495M(2048M) 2.696ms
[3.688s][info][gc,phases] GC(134)   Pre Evacuate Collection Set: 0.21ms
[3.688s][info][gc,phases] GC(134)   Merge Heap Roots: 0.12ms
[3.688s][info][gc,phases] GC(134)   Evacuate Collection Set: 1.69ms
[3.688s][info][gc,phases] GC(134)   Post Evacuate Collection Set: 0.49ms
[3.688s][info][gc,phases] GC(134)   Other: 0.05ms
[3.688s][info][gc       ] GC(134) Pause Young (Mixed) (G1 Evacuation Pause) 1945M->1491M(2048M) 2.834ms
[3.735s][info][gc,phases] GC(135)   Pre Evacuate Collection Set: 0.28ms
[3.735s][info][gc,phases] GC(135)   Merge Heap Roots: 0.09ms
[3.735s][info][gc,phases] GC(135)   Evacuate Collection Set: 1.42ms
[3.735s][info][gc,phases] GC(135)   Post Evacuate Collection Set: 0.38ms
[3.735s][info][gc,phases] GC(135)   Other: 0.11ms
[3.735s][info][gc       ] GC(135) Pause Young (Concurrent Start) (G1 Evacuation Pause) 1944M->1499M(2048M) 2.643ms
[3.735s][info][gc       ] GC(136) Concurrent Mark Cycle
[3.783s][info][gc,phases] GC(137)   Pre Evacuate Collection Set: 0.19ms
[3.783s][info][gc,phases] GC(137)   Merge Heap Roots: 0.11ms
[3.783s][info][gc,phases] GC(137)   Evacuate Collection Set: 1.62ms
[3.783s][info][gc,phases] GC(137)   Post Evacuate Collection Set: 0.45ms
[3.783s][info][gc,phases] GC(137)   Other: 0.05ms
[3.783s][info][gc       ] GC(137) Pause Young (Normal) (G1 Evacuation Pause) 1944M->1506M(2048M) 2.843ms
[3.809s][info][gc       ] GC(136) Pause Remark 1753M->1691M(2048M) 1.074ms
[3.831s][info][gc,phases] GC(138)   Pre Evacuate Collection Set: 0.22ms
[3.831s][info][gc,phases] GC(138)   Merge Heap Roots: 0.14ms
[3.831s][info][gc,phases] GC(138)   Evacuate Collection Set: 1.63ms
[3.831s][info][gc,phases] GC(138)   Post Evacuate Collection Set: 0.43ms
[3.831s][info][gc,phases] GC(138)   Other: 0.05ms
[3.832s][info][gc       ] GC(138) Pause Young (Normal) (G1 Evacuation Pause) 1882M->1453M(2048M) 2.765ms
[3.883s][info][gc,phases] GC(139)   Pre Evacuate Collection Set: 0.21ms
[3.883s][info][gc,phases] GC(139)   Merge Heap Roots: 0.10ms
[3.883s][info][gc,phases] GC(139)   Evacuate Collection Set: 1.62ms
[3.883s][info][gc,phases] GC(139)   Post Evacuate Collection Set: 0.39ms
[3.883s][info][gc,phases] GC(139)   Other: 0.04ms
[3.884s][info][gc       ] GC(139) Pause Young (Normal) (G1 Evacuation Pause) 1944M->1462M(2048M) 2.708ms
[3.934s][info][gc,phases] GC(140)   Pre Evacuate Collection Set: 0.21ms
[3.935s][info][gc,phases] GC(140)   Merge Heap Roots: 0.09ms
[3.935s][info][gc,phases] GC(140)   Evacuate Collection Set: 1.60ms
[3.935s][info][gc,phases] GC(140)   Post Evacuate Collection Set: 0.40ms
[3.935s][info][gc,phases] GC(140)   Other: 0.05ms
[3.935s][info][gc       ] GC(140) Pause Young (Normal) (G1 Evacuation Pause) 1944M->1469M(2048M) 2.761ms
[3.968s][info][gc       ] GC(136) Pause Cleanup 1793M->1793M(2048M) 0.342ms
[3.969s][info][gc       ] GC(136) Concurrent Mark Cycle 233.160ms
[3.984s][info][gc,phases] GC(141)   Pre Evacuate Collection Set: 0.20ms
[3.984s][info][gc,phases] GC(141)   Merge Heap Roots: 0.09ms
[3.984s][info][gc,phases] GC(141)   Evacuate Collection Set: 1.62ms
[3.984s][info][gc,phases] GC(141)   Post Evacuate Collection Set: 0.43ms
[3.984s][info][gc,phases] GC(141)   Other: 0.05ms
[3.984s][info][gc       ] GC(141) Pause Young (Prepare Mixed) (G1 Evacuation Pause) 1944M->1477M(2048M) 2.822ms
[4.033s][info][gc,phases] GC(142)   Pre Evacuate Collection Set: 0.22ms
[4.033s][info][gc,phases] GC(142)   Merge Heap Roots: 0.12ms
[4.033s][info][gc,phases] GC(142)   Evacuate Collection Set: 1.68ms
[4.033s][info][gc,phases] GC(142)   Post Evacuate Collection Set: 0.41ms
[4.033s][info][gc,phases] GC(142)   Other: 0.05ms
[4.033s][info][gc       ] GC(142) Pause Young (Mixed) (G1 Evacuation Pause) 1944M->1470M(2048M) 2.866ms
[4.076s][info][gc,phases] GC(143)   Pre Evacuate Collection Set: 0.29ms
[4.076s][info][gc,phases] GC(143)   Merge Heap Roots: 0.08ms
[4.076s][info][gc,phases] GC(143)   Evacuate Collection Set: 1.58ms
[4.076s][info][gc,phases] GC(143)   Post Evacuate Collection Set: 0.38ms
[4.076s][info][gc,phases] GC(143)   Other: 0.12ms
[4.076s][info][gc       ] GC(143) Pause Young (Concurrent Start) (G1 Evacuation Pause) 1945M->1478M(2048M) 2.814ms
[4.076s][info][gc       ] GC(144) Concurrent Mark Cycle
[4.126s][info][gc,phases] GC(145)   Pre Evacuate Collection Set: 0.22ms
[4.126s][info][gc,phases] GC(145)   Merge Heap Roots: 0.12ms
[4.126s][info][gc,phases] GC(145)   Evacuate Collection Set: 1.60ms
[4.126s][info][gc,phases] GC(145)   Post Evacuate Collection Set: 0.38ms
[4.126s][info][gc,phases] GC(145)   Other: 0.05ms
[4.126s][info][gc       ] GC(145) Pause Young (Normal) (G1 Evacuation Pause) 1944M->1487M(2048M) 2.786ms
[4.150s][info][gc       ] GC(144) Pause Remark 1716M->1671M(2048M) 1.055ms
[4.176s][info][gc,phases] GC(146)   Pre Evacuate Collection Set: 0.22ms
[4.176s][info][gc,phases] GC(146)   Merge Heap Roots: 0.13ms
[4.176s][info][gc,phases] GC(146)   Evacuate Collection Set: 1.55ms
[4.176s][info][gc,phases] GC(146)   Post Evacuate Collection Set: 0.41ms
[4.176s][info][gc,phases] GC(146)   Other: 0.05ms
[4.176s][info][gc       ] GC(146) Pause Young (Normal) (G1 Evacuation Pause) 1899M->1450M(2048M) 2.653ms
[4.229s][info][gc,phases] GC(147)   Pre Evacuate Collection Set: 0.21ms
[4.230s][info][gc,phases] GC(147)   Merge Heap Roots: 0.12ms
[4.230s][info][gc,phases] GC(147)   Evacuate Collection Set: 1.64ms
[4.230s][info][gc,phases] GC(147)   Post Evacuate Collection Set: 0.43ms
[4.230s][info][gc,phases] GC(147)   Other: 0.05ms
[4.230s][info][gc       ] GC(147) Pause Young (Normal) (G1 Evacuation Pause) 1944M->1459M(2048M) 2.733ms
[4.281s][info][gc,phases] GC(148)   Pre Evacuate Collection Set: 0.21ms
[4.281s][info][gc,phases] GC(148)   Merge Heap Roots: 0.11ms
[4.281s][info][gc,phases] GC(148)   Evacuate Collection Set: 1.63ms
[4.281s][info][gc,phases] GC(148)   Post Evacuate Collection Set: 0.39ms
[4.281s][info][gc,phases] GC(148)   Other: 0.04ms
[4.281s][info][gc       ] GC(148) Pause Young (Normal) (G1 Evacuation Pause) 1944M->1467M(2048M) 2.699ms
[4.310s][info][gc       ] GC(144) Pause Cleanup 1745M->1745M(2048M) 0.341ms
[4.310s][info][gc       ] GC(144) Concurrent Mark Cycle 234.021ms
[4.332s][info][gc,phases] GC(149)   Pre Evacuate Collection Set: 0.20ms
[4.332s][info][gc,phases] GC(149)   Merge Heap Roots: 0.11ms
[4.332s][info][gc,phases] GC(149)   Evacuate Collection Set: 1.64ms
[4.332s][info][gc,phases] GC(149)   Post Evacuate Collection Set: 0.39ms
[4.332s][info][gc,phases] GC(149)   Other: 0.05ms
[4.332s][info][gc       ] GC(149) Pause Young (Prepare Mixed) (G1 Evacuation Pause) 1944M->1476M(2048M) 2.710ms
[4.374s][info][gc,phases] GC(150)   Pre Evacuate Collection Set: 0.22ms
[4.374s][info][gc,phases] GC(150)   Merge Heap Roots: 0.12ms
[4.374s][info][gc,phases] GC(150)   Evacuate Collection Set: 1.75ms
[4.374s][info][gc,phases] GC(150)   Post Evacuate Collection Set: 0.39ms
[4.374s][info][gc,phases] GC(150)   Other: 0.05ms
[4.374s][info][gc       ] GC(150) Pause Young (Mixed) (G1 Evacuation Pause) 1944M->1472M(2048M) 2.953ms
[4.416s][info][gc,phases] GC(151)   Pre Evacuate Collection Set: 0.26ms
[4.417s][info][gc,phases] GC(151)   Merge Heap Roots: 0.11ms
[4.417s][info][gc,phases] GC(151)   Evacuate Collection Set: 1.68ms
[4.417s][info][gc,phases] GC(151)   Post Evacuate Collection Set: 0.38ms
[4.417s][info][gc,phases] GC(151)   Other: 0.10ms
[4.417s][info][gc       ] GC(151) Pause Young (Concurrent Start) (G1 Evacuation Pause) 1944M->1481M(2048M) 2.873ms
[4.417s][info][gc       ] GC(152) Concurrent Mark Cycle
[4.446s][info][gc,phases] GC(153)   Pre Evacuate Collection Set: 0.22ms
[4.446s][info][gc,phases] GC(153)   Merge Heap Roots: 0.11ms
[4.446s][info][gc,phases] GC(153)   Evacuate Collection Set: 1.67ms
[4.446s][info][gc,phases] GC(153)   Post Evacuate Collection Set: 0.40ms
[4.446s][info][gc,phases] GC(153)   Other: 0.05ms
[4.446s][info][gc       ] GC(153) Pause Young (Normal) (G1 Evacuation Pause) 1944M->1489M(2048M) 2.783ms
[4.491s][info][gc       ] GC(152) Pause Remark 1924M->1877M(2048M) 1.029ms
[4.495s][info][gc,phases] GC(154)   Pre Evacuate Collection Set: 0.18ms
[4.496s][info][gc,phases] GC(154)   Merge Heap Roots: 0.14ms
[4.496s][info][gc,phases] GC(154)   Evacuate Collection Set: 1.64ms
[4.496s][info][gc,phases] GC(154)   Post Evacuate Collection Set: 0.42ms
[4.496s][info][gc,phases] GC(154)   Other: 0.05ms
[4.496s][info][gc       ] GC(154) Pause Young (Normal) (G1 Evacuation Pause) 1896M->1450M(2048M) 2.730ms
[4.526s][info][gc,phases] GC(155)   Pre Evacuate Collection Set: 0.20ms
[4.526s][info][gc,phases] GC(155)   Merge Heap Roots: 0.12ms
[4.526s][info][gc,phases] GC(155)   Evacuate Collection Set: 1.66ms
[4.526s][info][gc,phases] GC(155)   Post Evacuate Collection Set: 0.39ms
[4.526s][info][gc,phases] GC(155)   Other: 0.05ms
[4.526s][info][gc       ] GC(155) Pause Young (Normal) (G1 Evacuation Pause) 1944M->1459M(2048M) 2.732ms
[4.577s][info][gc,phases] GC(156)   Pre Evacuate Collection Set: 0.21ms
[4.577s][info][gc,phases] GC(156)   Merge Heap Roots: 0.08ms
[4.578s][info][gc,phases] GC(156)   Evacuate Collection Set: 1.63ms
[4.578s][info][gc,phases] GC(156)   Post Evacuate Collection Set: 0.41ms
[4.578s][info][gc,phases] GC(156)   Other: 0.04ms
[4.578s][info][gc       ] GC(156) Pause Young (Normal) (G1 Evacuation Pause) 1944M->1468M(2048M) 2.651ms
[4.628s][info][gc,phases] GC(157)   Pre Evacuate Collection Set: 0.20ms
[4.628s][info][gc,phases] GC(157)   Merge Heap Roots: 0.12ms
[4.628s][info][gc,phases] GC(157)   Evacuate Collection Set: 1.64ms
[4.628s][info][gc,phases] GC(157)   Post Evacuate Collection Set: 0.37ms
[4.628s][info][gc,phases] GC(157)   Other: 0.04ms
[4.628s][info][gc       ] GC(157) Pause Young (Normal) (G1 Evacuation Pause) 1944M->1476M(2048M) 2.714ms
[4.652s][info][gc       ] GC(152) Pause Cleanup 1706M->1706M(2048M) 0.341ms
[4.653s][info][gc       ] GC(152) Concurrent Mark Cycle 236.079ms
[4.677s][info][gc,phases] GC(158)   Pre Evacuate Collection Set: 0.19ms
[4.677s][info][gc,phases] GC(158)   Merge Heap Roots: 0.10ms
[4.677s][info][gc,phases] GC(158)   Evacuate Collection Set: 1.66ms
[4.677s][info][gc,phases] GC(158)   Post Evacuate Collection Set: 0.41ms
[4.678s][info][gc,phases] GC(158)   Other: 0.05ms
[4.678s][info][gc       ] GC(158) Pause Young (Prepare Mixed) (G1 Evacuation Pause) 1944M->1484M(2048M) 2.746ms
[4.726s][info][gc,phases] GC(159)   Pre Evacuate Collection Set: 0.20ms
[4.726s][info][gc,phases] GC(159)   Merge Heap Roots: 0.12ms
[4.726s][info][gc,phases] GC(159)   Evacuate Collection Set: 1.73ms
[4.726s][info][gc,phases] GC(159)   Post Evacuate Collection Set: 0.39ms
[4.726s][info][gc,phases] GC(159)   Other: 0.05ms
[4.726s][info][gc       ] GC(159) Pause Young (Mixed) (G1 Evacuation Pause) 1944M->1480M(2048M) 2.790ms
[4.774s][info][gc,phases] GC(160)   Pre Evacuate Collection Set: 0.28ms
[4.774s][info][gc,phases] GC(160)   Merge Heap Roots: 0.12ms
[4.774s][info][gc,phases] GC(160)   Evacuate Collection Set: 1.57ms
[4.774s][info][gc,phases] GC(160)   Post Evacuate Collection Set: 0.39ms
[4.774s][info][gc,phases] GC(160)   Other: 0.11ms
[4.775s][info][gc       ] GC(160) Pause Young (Concurrent Start) (G1 Evacuation Pause) 1944M->1489M(2048M) 2.821ms
[4.775s][info][gc       ] GC(161) Concurrent Mark Cycle
[4.823s][info][gc,phases] GC(162)   Pre Evacuate Collection Set: 0.20ms
[4.823s][info][gc,phases] GC(162)   Merge Heap Roots: 0.12ms
[4.823s][info][gc,phases] GC(162)   Evacuate Collection Set: 1.55ms
[4.823s][info][gc,phases] GC(162)   Post Evacuate Collection Set: 0.40ms
[4.823s][info][gc,phases] GC(162)   Other: 0.05ms
[4.823s][info][gc       ] GC(162) Pause Young (Normal) (G1 Evacuation Pause) 1944M->1496M(2048M) 2.652ms
[4.848s][info][gc       ] GC(161) Pause Remark 1731M->1687M(2048M) 1.041ms
[4.872s][info][gc,phases] GC(163)   Pre Evacuate Collection Set: 0.22ms
[4.872s][info][gc,phases] GC(163)   Merge Heap Roots: 0.14ms
[4.872s][info][gc,phases] GC(163)   Evacuate Collection Set: 1.60ms
[4.872s][info][gc,phases] GC(163)   Post Evacuate Collection Set: 0.40ms
[4.872s][info][gc,phases] GC(163)   Other: 0.05ms
[4.873s][info][gc       ] GC(163) Pause Young (Normal) (G1 Evacuation Pause) 1900M->1461M(2048M) 2.767ms
[4.924s][info][gc,phases] GC(164)   Pre Evacuate Collection Set: 0.24ms
[4.924s][info][gc,phases] GC(164)   Merge Heap Roots: 0.12ms
[4.924s][info][gc,phases] GC(164)   Evacuate Collection Set: 1.63ms
[4.924s][info][gc,phases] GC(164)   Post Evacuate Collection Set: 0.41ms
[4.924s][info][gc,phases] GC(164)   Other: 0.04ms
[4.924s][info][gc       ] GC(164) Pause Young (Normal) (G1 Evacuation Pause) 1944M->1470M(2048M) 2.833ms
[4.974s][info][gc,phases] GC(165)   Pre Evacuate Collection Set: 0.20ms
[4.974s][info][gc,phases] GC(165)   Merge Heap Roots: 0.13ms
[4.974s][info][gc,phases] GC(165)   Evacuate Collection Set: 1.59ms
[4.974s][info][gc,phases] GC(165)   Post Evacuate Collection Set: 0.39ms
[4.975s][info][gc,phases] GC(165)   Other: 0.05ms
[4.975s][info][gc       ] GC(165) Pause Young (Normal) (G1 Evacuation Pause) 1945M->1477M(2048M) 2.709ms
[5.003s][info][gc,phases] GC(166)   Pre Evacuate Collection Set: 0.20ms
[5.003s][info][gc,phases] GC(166)   Merge Heap Roots: 0.11ms
[5.003s][info][gc,phases] GC(166)   Evacuate Collection Set: 1.55ms
[5.003s][info][gc,phases] GC(166)   Post Evacuate Collection Set: 0.38ms
[5.003s][info][gc,phases] GC(166)   Other: 0.05ms
[5.003s][info][gc       ] GC(166) Pause Young (Normal) (G1 Evacuation Pause) 1943M->1485M(2048M) 2.645ms
[5.011s][info][gc       ] GC(161) Pause Cleanup 1552M->1552M(2048M) 0.372ms
[5.011s][info][gc       ] GC(161) Concurrent Mark Cycle 236.825ms
[5.052s][info][gc,phases] GC(167)   Pre Evacuate Collection Set: 0.19ms
[5.052s][info][gc,phases] GC(167)   Merge Heap Roots: 0.12ms
[5.052s][info][gc,phases] GC(167)   Evacuate Collection Set: 1.50ms
[5.052s][info][gc,phases] GC(167)   Post Evacuate Collection Set: 0.38ms
[5.052s][info][gc,phases] GC(167)   Other: 0.05ms
[5.052s][info][gc       ] GC(167) Pause Young (Prepare Mixed) (G1 Evacuation Pause) 1944M->1494M(2048M) 2.540ms
[5.094s][info][gc,phases] GC(168)   Pre Evacuate Collection Set: 0.21ms
[5.094s][info][gc,phases] GC(168)   Merge Heap Roots: 0.12ms
[5.094s][info][gc,phases] GC(168)   Evacuate Collection Set: 1.72ms
[5.094s][info][gc,phases] GC(168)   Post Evacuate Collection Set: 0.42ms
[5.094s][info][gc,phases] GC(168)   Other: 0.05ms
[5.094s][info][gc       ] GC(168) Pause Young (Mixed) (G1 Evacuation Pause) 1945M->1485M(2048M) 2.835ms
[5.142s][info][gc,phases] GC(169)   Pre Evacuate Collection Set: 0.26ms
[5.142s][info][gc,phases] GC(169)   Merge Heap Roots: 0.08ms
[5.142s][info][gc,phases] GC(169)   Evacuate Collection Set: 1.66ms
[5.142s][info][gc,phases] GC(169)   Post Evacuate Collection Set: 0.40ms
[5.142s][info][gc,phases] GC(169)   Other: 0.12ms
[5.142s][info][gc       ] GC(169) Pause Young (Concurrent Start) (G1 Evacuation Pause) 1944M->1494M(2048M) 2.882ms
[5.143s][info][gc       ] GC(170) Concurrent Mark Cycle
[5.190s][info][gc,phases] GC(171)   Pre Evacuate Collection Set: 0.21ms
[5.190s][info][gc,phases] GC(171)   Merge Heap Roots: 0.09ms
[5.191s][info][gc,phases] GC(171)   Evacuate Collection Set: 1.59ms
[5.191s][info][gc,phases] GC(171)   Post Evacuate Collection Set: 0.40ms
[5.191s][info][gc,phases] GC(171)   Other: 0.05ms
[5.191s][info][gc       ] GC(171) Pause Young (Normal) (G1 Evacuation Pause) 1944M->1501M(2048M) 2.669ms
[5.216s][info][gc       ] GC(170) Pause Remark 1743M->1701M(2048M) 1.025ms
[5.230s][info][gc,phases] GC(172)   Pre Evacuate Collection Set: 0.21ms
[5.230s][info][gc,phases] GC(172)   Merge Heap Roots: 0.12ms
[5.230s][info][gc,phases] GC(172)   Evacuate Collection Set: 1.52ms
[5.230s][info][gc,phases] GC(172)   Post Evacuate Collection Set: 0.41ms
[5.230s][info][gc,phases] GC(172)   Other: 0.05ms
[5.230s][info][gc       ] GC(172) Pause Young (Normal) (G1 Evacuation Pause) 1901M->1468M(2048M) 2.767ms
[5.281s][info][gc,phases] GC(173)   Pre Evacuate Collection Set: 0.21ms
[5.281s][info][gc,phases] GC(173)   Merge Heap Roots: 0.11ms
[5.281s][info][gc,phases] GC(173)   Evacuate Collection Set: 1.56ms
[5.281s][info][gc,phases] GC(173)   Post Evacuate Collection Set: 0.39ms
[5.281s][info][gc,phases] GC(173)   Other: 0.04ms
[5.281s][info][gc       ] GC(173) Pause Young (Normal) (G1 Evacuation Pause) 1945M->1475M(2048M) 2.620ms
[5.310s][info][gc,phases] GC(174)   Pre Evacuate Collection Set: 0.20ms
[5.310s][info][gc,phases] GC(174)   Merge Heap Roots: 0.09ms
[5.310s][info][gc,phases] GC(174)   Evacuate Collection Set: 1.56ms
[5.310s][info][gc,phases] GC(174)   Post Evacuate Collection Set: 0.39ms
[5.310s][info][gc,phases] GC(174)   Other: 0.05ms
[5.310s][info][gc       ] GC(174) Pause Young (Normal) (G1 Evacuation Pause) 1944M->1483M(2048M) 2.748ms
[5.338s][info][gc,phases] GC(175)   Pre Evacuate Collection Set: 0.19ms
[5.339s][info][gc,phases] GC(175)   Merge Heap Roots: 0.09ms
[5.339s][info][gc,phases] GC(175)   Evacuate Collection Set: 1.63ms
[5.339s][info][gc,phases] GC(175)   Post Evacuate Collection Set: 0.40ms
[5.339s][info][gc,phases] GC(175)   Other: 0.05ms
[5.339s][info][gc       ] GC(175) Pause Young (Normal) (G1 Evacuation Pause) 1944M->1492M(2048M) 2.674ms
[5.367s][info][gc,phases] GC(176)   Pre Evacuate Collection Set: 0.20ms
[5.367s][info][gc,phases] GC(176)   Merge Heap Roots: 0.12ms
[5.367s][info][gc,phases] GC(176)   Evacuate Collection Set: 1.63ms
[5.367s][info][gc,phases] GC(176)   Post Evacuate Collection Set: 0.38ms
[5.367s][info][gc,phases] GC(176)   Other: 0.05ms
[5.367s][info][gc       ] GC(176) Pause Young (Normal) (G1 Evacuation Pause) 1944M->1500M(2048M) 2.666ms
[5.382s][info][gc       ] GC(170) Pause Cleanup 1756M->1756M(2048M) 0.360ms
[5.382s][info][gc       ] GC(170) Concurrent Mark Cycle 239.875ms
[5.403s][info][gc,phases] GC(177)   Pre Evacuate Collection Set: 0.19ms
[5.403s][info][gc,phases] GC(177)   Merge Heap Roots: 0.12ms
[5.403s][info][gc,phases] GC(177)   Evacuate Collection Set: 1.59ms
[5.403s][info][gc,phases] GC(177)   Post Evacuate Collection Set: 0.39ms
[5.403s][info][gc,phases] GC(177)   Other: 0.05ms
[5.403s][info][gc       ] GC(177) Pause Young (Prepare Mixed) (G1 Evacuation Pause) 1945M->1508M(2048M) 2.686ms
[5.448s][info][gc,phases] GC(178)   Pre Evacuate Collection Set: 0.23ms
[5.449s][info][gc,phases] GC(178)   Merge Heap Roots: 0.13ms
[5.449s][info][gc,phases] GC(178)   Evacuate Collection Set: 1.67ms
[5.449s][info][gc,phases] GC(178)   Post Evacuate Collection Set: 0.39ms
[5.449s][info][gc,phases] GC(178)   Other: 0.05ms
[5.449s][info][gc       ] GC(178) Pause Young (Mixed) (G1 Evacuation Pause) 1943M->1494M(2048M) 2.772ms
[5.489s][info][gc,phases] GC(179)   Pre Evacuate Collection Set: 0.24ms
[5.489s][info][gc,phases] GC(179)   Merge Heap Roots: 0.07ms
[5.489s][info][gc,phases] GC(179)   Evacuate Collection Set: 1.62ms
[5.489s][info][gc,phases] GC(179)   Post Evacuate Collection Set: 0.38ms
[5.489s][info][gc,phases] GC(179)   Other: 0.11ms
[5.489s][info][gc       ] GC(179) Pause Young (Concurrent Start) (G1 Evacuation Pause) 1945M->1503M(2048M) 2.711ms
[5.489s][info][gc       ] GC(180) Concurrent Mark Cycle
[5.536s][info][gc,phases] GC(181)   Pre Evacuate Collection Set: 0.21ms
[5.536s][info][gc,phases] GC(181)   Merge Heap Roots: 0.11ms
[5.536s][info][gc,phases] GC(181)   Evacuate Collection Set: 1.55ms
[5.536s][info][gc,phases] GC(181)   Post Evacuate Collection Set: 0.38ms
[5.536s][info][gc,phases] GC(181)   Other: 0.05ms
[5.536s][info][gc       ] GC(181) Pause Young (Normal) (G1 Evacuation Pause) 1944M->1512M(2048M) 2.649ms
[5.563s][info][gc,phases] GC(182)   Pre Evacuate Collection Set: 0.21ms
[5.563s][info][gc,phases] GC(182)   Merge Heap Roots: 0.12ms
[5.563s][info][gc,phases] GC(182)   Evacuate Collection Set: 1.53ms
[5.563s][info][gc,phases] GC(182)   Post Evacuate Collection Set: 0.37ms
[5.563s][info][gc,phases] GC(182)   Other: 0.05ms
[5.563s][info][gc       ] GC(182) Pause Young (Normal) (G1 Evacuation Pause) 1944M->1519M(2048M) 2.660ms
[5.572s][info][gc       ] GC(180) Pause Remark 1594M->1539M(2048M) 1.037ms
[5.610s][info][gc,phases] GC(183)   Pre Evacuate Collection Set: 0.24ms
[5.610s][info][gc,phases] GC(183)   Merge Heap Roots: 0.11ms
[5.610s][info][gc,phases] GC(183)   Evacuate Collection Set: 1.56ms
[5.610s][info][gc,phases] GC(183)   Post Evacuate Collection Set: 0.38ms
[5.610s][info][gc,phases] GC(183)   Other: 0.05ms
[5.610s][info][gc       ] GC(183) Pause Young (Normal) (G1 Evacuation Pause) 1889M->1472M(2048M) 2.634ms
[5.659s][info][gc,phases] GC(184)   Pre Evacuate Collection Set: 0.22ms
[5.659s][info][gc,phases] GC(184)   Merge Heap Roots: 0.11ms
[5.659s][info][gc,phases] GC(184)   Evacuate Collection Set: 1.58ms
[5.659s][info][gc,phases] GC(184)   Post Evacuate Collection Set: 0.37ms
[5.659s][info][gc,phases] GC(184)   Other: 0.05ms
[5.659s][info][gc       ] GC(184) Pause Young (Normal) (G1 Evacuation Pause) 1944M->1480M(2048M) 2.645ms
[5.688s][info][gc,phases] GC(185)   Pre Evacuate Collection Set: 0.21ms
[5.688s][info][gc,phases] GC(185)   Merge Heap Roots: 0.11ms
[5.688s][info][gc,phases] GC(185)   Evacuate Collection Set: 1.54ms
[5.688s][info][gc,phases] GC(185)   Post Evacuate Collection Set: 0.38ms
[5.688s][info][gc,phases] GC(185)   Other: 0.05ms
[5.688s][info][gc       ] GC(185) Pause Young (Normal) (G1 Evacuation Pause) 1944M->1488M(2048M) 2.544ms
[5.716s][info][gc,phases] GC(186)   Pre Evacuate Collection Set: 0.23ms
[5.716s][info][gc,phases] GC(186)   Merge Heap Roots: 0.11ms
[5.716s][info][gc,phases] GC(186)   Evacuate Collection Set: 1.52ms
[5.716s][info][gc,phases] GC(186)   Post Evacuate Collection Set: 0.40ms
[5.716s][info][gc,phases] GC(186)   Other: 0.04ms
[5.716s][info][gc       ] GC(186) Pause Young (Normal) (G1 Evacuation Pause) 1944M->1496M(2048M) 2.646ms
[5.737s][info][gc       ] GC(180) Pause Cleanup 1851M->1851M(2048M) 0.383ms
[5.738s][info][gc       ] GC(180) Concurrent Mark Cycle 248.351ms
[5.748s][info][gc,phases] GC(187)   Pre Evacuate Collection Set: 0.19ms
[5.748s][info][gc,phases] GC(187)   Merge Heap Roots: 0.11ms
[5.748s][info][gc,phases] GC(187)   Evacuate Collection Set: 1.55ms
[5.748s][info][gc,phases] GC(187)   Post Evacuate Collection Set: 0.38ms
[5.748s][info][gc,phases] GC(187)   Other: 0.05ms
[5.749s][info][gc       ] GC(187) Pause Young (Prepare Mixed) (G1 Evacuation Pause) 1943M->1505M(2048M) 2.558ms
[5.790s][info][gc,phases] GC(188)   Pre Evacuate Collection Set: 0.24ms
[5.790s][info][gc,phases] GC(188)   Merge Heap Roots: 0.15ms
[5.790s][info][gc,phases] GC(188)   Evacuate Collection Set: 1.82ms
[5.790s][info][gc,phases] GC(188)   Post Evacuate Collection Set: 0.38ms
[5.790s][info][gc,phases] GC(188)   Other: 0.06ms
[5.790s][info][gc       ] GC(188) Pause Young (Mixed) (G1 Evacuation Pause) 1945M->1494M(2048M) 3.013ms
[5.837s][info][gc,phases] GC(189)   Pre Evacuate Collection Set: 0.28ms
[5.837s][info][gc,phases] GC(189)   Merge Heap Roots: 0.12ms
[5.837s][info][gc,phases] GC(189)   Evacuate Collection Set: 1.67ms
[5.837s][info][gc,phases] GC(189)   Post Evacuate Collection Set: 0.39ms
[5.837s][info][gc,phases] GC(189)   Other: 0.11ms
[5.837s][info][gc       ] GC(189) Pause Young (Concurrent Start) (G1 Evacuation Pause) 1944M->1502M(2048M) 2.973ms
[5.837s][info][gc       ] GC(190) Concurrent Mark Cycle
[5.884s][info][gc,phases] GC(191)   Pre Evacuate Collection Set: 0.20ms
[5.884s][info][gc,phases] GC(191)   Merge Heap Roots: 0.10ms
[5.885s][info][gc,phases] GC(191)   Evacuate Collection Set: 1.52ms
[5.885s][info][gc,phases] GC(191)   Post Evacuate Collection Set: 0.38ms
[5.885s][info][gc,phases] GC(191)   Other: 0.04ms
[5.885s][info][gc       ] GC(191) Pause Young (Normal) (G1 Evacuation Pause) 1944M->1510M(2048M) 2.625ms
[5.911s][info][gc       ] GC(190) Pause Remark 1761M->1705M(2048M) 1.017ms
[5.932s][info][gc,phases] GC(192)   Pre Evacuate Collection Set: 0.20ms
[5.932s][info][gc,phases] GC(192)   Merge Heap Roots: 0.13ms
[5.932s][info][gc,phases] GC(192)   Evacuate Collection Set: 1.54ms
[5.932s][info][gc,phases] GC(192)   Post Evacuate Collection Set: 0.42ms
[5.932s][info][gc,phases] GC(192)   Other: 0.06ms
[5.932s][info][gc       ] GC(192) Pause Young (Normal) (G1 Evacuation Pause) 1888M->1462M(2048M) 2.734ms
[5.983s][info][gc,phases] GC(193)   Pre Evacuate Collection Set: 0.23ms
[5.983s][info][gc,phases] GC(193)   Merge Heap Roots: 0.12ms
[5.983s][info][gc,phases] GC(193)   Evacuate Collection Set: 1.62ms
[5.983s][info][gc,phases] GC(193)   Post Evacuate Collection Set: 0.38ms
[5.983s][info][gc,phases] GC(193)   Other: 0.04ms
[5.983s][info][gc       ] GC(193) Pause Young (Normal) (G1 Evacuation Pause) 1943M->1470M(2048M) 2.725ms
[6.012s][info][gc,phases] GC(194)   Pre Evacuate Collection Set: 0.23ms
[6.012s][info][gc,phases] GC(194)   Merge Heap Roots: 0.11ms
[6.012s][info][gc,phases] GC(194)   Evacuate Collection Set: 1.58ms
[6.012s][info][gc,phases] GC(194)   Post Evacuate Collection Set: 0.40ms
[6.012s][info][gc,phases] GC(194)   Other: 0.05ms
[6.013s][info][gc       ] GC(194) Pause Young (Normal) (G1 Evacuation Pause) 1943M->1479M(2048M) 2.669ms
[6.041s][info][gc,phases] GC(195)   Pre Evacuate Collection Set: 0.20ms
[6.041s][info][gc,phases] GC(195)   Merge Heap Roots: 0.12ms
[6.041s][info][gc,phases] GC(195)   Evacuate Collection Set: 1.56ms
[6.041s][info][gc,phases] GC(195)   Post Evacuate Collection Set: 0.39ms
[6.041s][info][gc,phases] GC(195)   Other: 0.05ms
[6.041s][info][gc       ] GC(195) Pause Young (Normal) (G1 Evacuation Pause) 1945M->1486M(2048M) 2.645ms
[6.069s][info][gc,phases] GC(196)   Pre Evacuate Collection Set: 0.21ms
[6.069s][info][gc,phases] GC(196)   Merge Heap Roots: 0.11ms
[6.069s][info][gc,phases] GC(196)   Evacuate Collection Set: 1.53ms
[6.069s][info][gc,phases] GC(196)   Post Evacuate Collection Set: 0.37ms
[6.069s][info][gc,phases] GC(196)   Other: 0.05ms
[6.069s][info][gc       ] GC(196) Pause Young (Normal) (G1 Evacuation Pause) 1943M->1495M(2048M) 2.560ms
[6.077s][info][gc       ] GC(190) Pause Cleanup 1625M->1625M(2048M) 0.361ms
[6.078s][info][gc       ] GC(190) Concurrent Mark Cycle 240.698ms
[6.111s][info][gc,phases] GC(197)   Pre Evacuate Collection Set: 0.21ms
[6.111s][info][gc,phases] GC(197)   Merge Heap Roots: 0.12ms
[6.111s][info][gc,phases] GC(197)   Evacuate Collection Set: 1.57ms
[6.111s][info][gc,phases] GC(197)   Post Evacuate Collection Set: 0.39ms
[6.111s][info][gc,phases] GC(197)   Other: 0.05ms
[6.112s][info][gc       ] GC(197) Pause Young (Prepare Mixed) (G1 Evacuation Pause) 1944M->1503M(2048M) 2.626ms
[6.153s][info][gc,phases] GC(198)   Pre Evacuate Collection Set: 0.20ms
[6.153s][info][gc,phases] GC(198)   Merge Heap Roots: 0.12ms
[6.153s][info][gc,phases] GC(198)   Evacuate Collection Set: 1.62ms
[6.153s][info][gc,phases] GC(198)   Post Evacuate Collection Set: 0.39ms
[6.153s][info][gc,phases] GC(198)   Other: 0.05ms
[6.153s][info][gc       ] GC(198) Pause Young (Mixed) (G1 Evacuation Pause) 1945M->1497M(2048M) 2.751ms
[6.193s][info][gc,phases] GC(199)   Pre Evacuate Collection Set: 0.25ms
[6.193s][info][gc,phases] GC(199)   Merge Heap Roots: 0.10ms
[6.193s][info][gc,phases] GC(199)   Evacuate Collection Set: 1.64ms
[6.193s][info][gc,phases] GC(199)   Post Evacuate Collection Set: 0.38ms
[6.193s][info][gc,phases] GC(199)   Other: 0.11ms
[6.193s][info][gc       ] GC(199) Pause Young (Concurrent Start) (G1 Evacuation Pause) 1944M->1504M(2048M) 2.813ms
[6.193s][info][gc       ] GC(200) Concurrent Mark Cycle
[6.221s][info][gc,phases] GC(201)   Pre Evacuate Collection Set: 0.21ms
[6.221s][info][gc,phases] GC(201)   Merge Heap Roots: 0.12ms
[6.221s][info][gc,phases] GC(201)   Evacuate Collection Set: 1.58ms
[6.221s][info][gc,phases] GC(201)   Post Evacuate Collection Set: 0.38ms
[6.221s][info][gc,phases] GC(201)   Other: 0.05ms
[6.221s][info][gc       ] GC(201) Pause Young (Normal) (G1 Evacuation Pause) 1944M->1512M(2048M) 2.637ms
[6.261s][info][gc,phases] GC(202)   Pre Evacuate Collection Set: 0.18ms
[6.261s][info][gc,phases] GC(202)   Merge Heap Roots: 0.12ms
[6.261s][info][gc,phases] GC(202)   Evacuate Collection Set: 1.58ms
[6.261s][info][gc,phases] GC(202)   Post Evacuate Collection Set: 0.37ms
[6.261s][info][gc,phases] GC(202)   Other: 0.05ms
[6.261s][info][gc       ] GC(202) Pause Young (Normal) (G1 Evacuation Pause) 1944M->1519M(2048M) 2.702ms
[6.270s][info][gc       ] GC(200) Pause Remark 1599M->1548M(2048M) 1.084ms
[6.308s][info][gc,phases] GC(203)   Pre Evacuate Collection Set: 0.22ms
[6.308s][info][gc,phases] GC(203)   Merge Heap Roots: 0.12ms
[6.308s][info][gc,phases] GC(203)   Evacuate Collection Set: 1.51ms
[6.308s][info][gc,phases] GC(203)   Post Evacuate Collection Set: 0.38ms
[6.308s][info][gc,phases] GC(203)   Other: 0.05ms
[6.308s][info][gc       ] GC(203) Pause Young (Normal) (G1 Evacuation Pause) 1893M->1476M(2048M) 2.626ms
[6.336s][info][gc,phases] GC(204)   Pre Evacuate Collection Set: 0.20ms
[6.337s][info][gc,phases] GC(204)   Merge Heap Roots: 0.12ms
[6.337s][info][gc,phases] GC(204)   Evacuate Collection Set: 1.66ms
[6.337s][info][gc,phases] GC(204)   Post Evacuate Collection Set: 0.39ms
[6.337s][info][gc,phases] GC(204)   Other: 0.05ms
[6.337s][info][gc       ] GC(204) Pause Young (Normal) (G1 Evacuation Pause) 1944M->1485M(2048M) 2.813ms
[6.365s][info][gc,phases] GC(205)   Pre Evacuate Collection Set: 0.21ms
[6.365s][info][gc,phases] GC(205)   Merge Heap Roots: 0.12ms
[6.365s][info][gc,phases] GC(205)   Evacuate Collection Set: 1.48ms
[6.365s][info][gc,phases] GC(205)   Post Evacuate Collection Set: 0.38ms
[6.365s][info][gc,phases] GC(205)   Other: 0.05ms
[6.365s][info][gc       ] GC(205) Pause Young (Normal) (G1 Evacuation Pause) 1945M->1492M(2048M) 2.656ms
[6.394s][info][gc,phases] GC(206)   Pre Evacuate Collection Set: 0.19ms
[6.394s][info][gc,phases] GC(206)   Merge Heap Roots: 0.12ms
[6.394s][info][gc,phases] GC(206)   Evacuate Collection Set: 1.56ms
[6.394s][info][gc,phases] GC(206)   Post Evacuate Collection Set: 0.37ms
[6.395s][info][gc,phases] GC(206)   Other: 0.05ms
[6.395s][info][gc       ] GC(206) Pause Young (Normal) (G1 Evacuation Pause) 1944M->1501M(2048M) 2.603ms
[6.422s][info][gc,phases] GC(207)   Pre Evacuate Collection Set: 0.20ms
[6.422s][info][gc,phases] GC(207)   Merge Heap Roots: 0.11ms
[6.422s][info][gc,phases] GC(207)   Evacuate Collection Set: 1.44ms
[6.422s][info][gc,phases] GC(207)   Post Evacuate Collection Set: 0.39ms
[6.422s][info][gc,phases] GC(207)   Other: 0.05ms
[6.422s][info][gc       ] GC(207) Pause Young (Normal) (G1 Evacuation Pause) 1944M->1508M(2048M) 2.579ms
[6.438s][info][gc       ] GC(200) Pause Cleanup 1657M->1657M(2048M) 0.365ms
[6.439s][info][gc       ] GC(200) Concurrent Mark Cycle 245.536ms
[6.469s][info][gc,phases] GC(208)   Pre Evacuate Collection Set: 0.19ms
[6.469s][info][gc,phases] GC(208)   Merge Heap Roots: 0.11ms
[6.469s][info][gc,phases] GC(208)   Evacuate Collection Set: 1.65ms
[6.469s][info][gc,phases] GC(208)   Post Evacuate Collection Set: 0.48ms
[6.469s][info][gc,phases] GC(208)   Other: 0.05ms
[6.469s][info][gc       ] GC(208) Pause Young (Prepare Mixed) (G1 Evacuation Pause) 1944M->1515M(2048M) 2.809ms
[6.499s][info][gc,phases] GC(209)   Pre Evacuate Collection Set: 0.19ms
[6.499s][info][gc,phases] GC(209)   Merge Heap Roots: 0.12ms
[6.499s][info][gc,phases] GC(209)   Evacuate Collection Set: 1.64ms
[6.499s][info][gc,phases] GC(209)   Post Evacuate Collection Set: 0.39ms
[6.499s][info][gc,phases] GC(209)   Other: 0.05ms
[6.499s][info][gc       ] GC(209) Pause Young (Mixed) (G1 Evacuation Pause) 1943M->1503M(2048M) 2.821ms
[6.546s][info][gc,phases] GC(210)   Pre Evacuate Collection Set: 0.25ms
[6.546s][info][gc,phases] GC(210)   Merge Heap Roots: 0.11ms
[6.546s][info][gc,phases] GC(210)   Evacuate Collection Set: 1.63ms
[6.546s][info][gc,phases] GC(210)   Post Evacuate Collection Set: 0.37ms
[6.546s][info][gc,phases] GC(210)   Other: 0.11ms
[6.546s][info][gc       ] GC(210) Pause Young (Concurrent Start) (G1 Evacuation Pause) 1944M->1511M(2048M) 2.758ms
[6.546s][info][gc       ] GC(211) Concurrent Mark Cycle
[6.573s][info][gc,phases] GC(212)   Pre Evacuate Collection Set: 0.19ms
[6.573s][info][gc,phases] GC(212)   Merge Heap Roots: 0.14ms
[6.573s][info][gc,phases] GC(212)   Evacuate Collection Set: 1.61ms
[6.573s][info][gc,phases] GC(212)   Post Evacuate Collection Set: 0.38ms
[6.573s][info][gc,phases] GC(212)   Other: 0.05ms
[6.573s][info][gc       ] GC(212) Pause Young (Normal) (G1 Evacuation Pause) 1944M->1518M(2048M) 2.729ms
[6.599s][info][gc,phases] GC(213)   Pre Evacuate Collection Set: 0.22ms
[6.600s][info][gc,phases] GC(213)   Merge Heap Roots: 0.09ms
[6.600s][info][gc,phases] GC(213)   Evacuate Collection Set: 1.47ms
[6.600s][info][gc,phases] GC(213)   Post Evacuate Collection Set: 0.38ms
[6.600s][info][gc,phases] GC(213)   Other: 0.05ms
[6.600s][info][gc       ] GC(213) Pause Young (Normal) (G1 Evacuation Pause) 1944M->1527M(2048M) 2.527ms
[6.623s][info][gc       ] GC(211) Pause Remark 1744M->1683M(2048M) 1.096ms
[6.637s][info][gc,phases] GC(214)   Pre Evacuate Collection Set: 0.21ms
[6.637s][info][gc,phases] GC(214)   Merge Heap Roots: 0.13ms
[6.637s][info][gc,phases] GC(214)   Evacuate Collection Set: 1.58ms
[6.637s][info][gc,phases] GC(214)   Post Evacuate Collection Set: 0.40ms
[6.637s][info][gc,phases] GC(214)   Other: 0.04ms
[6.637s][info][gc       ] GC(214) Pause Young (Normal) (G1 Evacuation Pause) 1883M->1473M(2048M) 2.640ms
[6.687s][info][gc,phases] GC(215)   Pre Evacuate Collection Set: 0.23ms
[6.687s][info][gc,phases] GC(215)   Merge Heap Roots: 0.11ms
[6.687s][info][gc,phases] GC(215)   Evacuate Collection Set: 1.59ms
[6.687s][info][gc,phases] GC(215)   Post Evacuate Collection Set: 0.38ms
[6.687s][info][gc,phases] GC(215)   Other: 0.05ms
[6.687s][info][gc       ] GC(215) Pause Young (Normal) (G1 Evacuation Pause) 1944M->1481M(2048M) 2.720ms
[6.715s][info][gc,phases] GC(216)   Pre Evacuate Collection Set: 0.26ms
[6.715s][info][gc,phases] GC(216)   Merge Heap Roots: 0.10ms
[6.715s][info][gc,phases] GC(216)   Evacuate Collection Set: 1.51ms
[6.715s][info][gc,phases] GC(216)   Post Evacuate Collection Set: 0.36ms
[6.715s][info][gc,phases] GC(216)   Other: 0.06ms
[6.715s][info][gc       ] GC(216) Pause Young (Normal) (G1 Evacuation Pause) 1944M->1490M(2048M) 2.619ms
[6.743s][info][gc,phases] GC(217)   Pre Evacuate Collection Set: 0.21ms
[6.743s][info][gc,phases] GC(217)   Merge Heap Roots: 0.06ms
[6.743s][info][gc,phases] GC(217)   Evacuate Collection Set: 1.57ms
[6.743s][info][gc,phases] GC(217)   Post Evacuate Collection Set: 0.40ms
[6.743s][info][gc,phases] GC(217)   Other: 0.05ms
[6.744s][info][gc       ] GC(217) Pause Young (Normal) (G1 Evacuation Pause) 1944M->1498M(2048M) 2.648ms
[6.771s][info][gc,phases] GC(218)   Pre Evacuate Collection Set: 0.22ms
[6.771s][info][gc,phases] GC(218)   Merge Heap Roots: 0.12ms
[6.771s][info][gc,phases] GC(218)   Evacuate Collection Set: 1.33ms
[6.771s][info][gc,phases] GC(218)   Post Evacuate Collection Set: 0.39ms
[6.771s][info][gc,phases] GC(218)   Other: 0.05ms
[6.771s][info][gc       ] GC(218) Pause Young (Normal) (G1 Evacuation Pause) 1944M->1507M(2048M) 2.515ms
[6.790s][info][gc       ] GC(211) Pause Cleanup 1833M->1833M(2048M) 0.332ms
[6.791s][info][gc       ] GC(211) Concurrent Mark Cycle 244.791ms
[6.800s][info][gc,phases] GC(219)   Pre Evacuate Collection Set: 0.24ms
[6.800s][info][gc,phases] GC(219)   Merge Heap Roots: 0.11ms
[6.800s][info][gc,phases] GC(219)   Evacuate Collection Set: 1.51ms
[6.800s][info][gc,phases] GC(219)   Post Evacuate Collection Set: 0.39ms
[6.800s][info][gc,phases] GC(219)   Other: 0.05ms
[6.800s][info][gc       ] GC(219) Pause Young (Prepare Mixed) (G1 Evacuation Pause) 1944M->1514M(2048M) 2.637ms
[6.845s][info][gc,phases] GC(220)   Pre Evacuate Collection Set: 0.20ms
[6.845s][info][gc,phases] GC(220)   Merge Heap Roots: 0.11ms
[6.845s][info][gc,phases] GC(220)   Evacuate Collection Set: 1.68ms
[6.845s][info][gc,phases] GC(220)   Post Evacuate Collection Set: 0.39ms
[6.845s][info][gc,phases] GC(220)   Other: 0.05ms
[6.846s][info][gc       ] GC(220) Pause Young (Mixed) (G1 Evacuation Pause) 1944M->1507M(2048M) 2.703ms
[6.891s][info][gc,phases] GC(221)   Pre Evacuate Collection Set: 0.29ms
[6.891s][info][gc,phases] GC(221)   Merge Heap Roots: 0.08ms
[6.891s][info][gc,phases] GC(221)   Evacuate Collection Set: 1.50ms
[6.891s][info][gc,phases] GC(221)   Post Evacuate Collection Set: 0.39ms
[6.891s][info][gc,phases] GC(221)   Other: 0.10ms
[6.891s][info][gc       ] GC(221) Pause Young (Concurrent Start) (G1 Evacuation Pause) 1944M->1515M(2048M) 2.675ms
[6.892s][info][gc       ] GC(222) Concurrent Mark Cycle
[6.918s][info][gc,phases] GC(223)   Pre Evacuate Collection Set: 0.20ms
[6.918s][info][gc,phases] GC(223)   Merge Heap Roots: 0.12ms
[6.918s][info][gc,phases] GC(223)   Evacuate Collection Set: 1.57ms
[6.919s][info][gc,phases] GC(223)   Post Evacuate Collection Set: 0.42ms
[6.919s][info][gc,phases] GC(223)   Other: 0.05ms
[6.919s][info][gc       ] GC(223) Pause Young (Normal) (G1 Evacuation Pause) 1945M->1522M(2048M) 2.663ms
[6.964s][info][gc,phases] GC(224)   Pre Evacuate Collection Set: 0.21ms
[6.964s][info][gc,phases] GC(224)   Merge Heap Roots: 0.11ms
[6.964s][info][gc,phases] GC(224)   Evacuate Collection Set: 1.55ms
[6.964s][info][gc,phases] GC(224)   Post Evacuate Collection Set: 0.37ms
[6.964s][info][gc,phases] GC(224)   Other: 0.05ms
[6.964s][info][gc       ] GC(224) Pause Young (Normal) (G1 Evacuation Pause) 1944M->1529M(2048M) 2.580ms
[6.968s][info][gc       ] GC(222) Pause Remark 1553M->1487M(2048M) 0.980ms
[6.992s][info][gc,phases] GC(225)   Pre Evacuate Collection Set: 0.21ms
[6.992s][info][gc,phases] GC(225)   Merge Heap Roots: 0.13ms
[6.992s][info][gc,phases] GC(225)   Evacuate Collection Set: 1.43ms
[6.992s][info][gc,phases] GC(225)   Post Evacuate Collection Set: 0.38ms
[6.992s][info][gc,phases] GC(225)   Other: 0.05ms
[6.992s][info][gc       ] GC(225) Pause Young (Normal) (G1 Evacuation Pause) 1878M->1471M(2048M) 2.498ms
[7.042s][info][gc,phases] GC(226)   Pre Evacuate Collection Set: 0.20ms
[7.042s][info][gc,phases] GC(226)   Merge Heap Roots: 0.11ms
[7.042s][info][gc,phases] GC(226)   Evacuate Collection Set: 1.48ms
[7.042s][info][gc,phases] GC(226)   Post Evacuate Collection Set: 0.40ms
[7.042s][info][gc,phases] GC(226)   Other: 0.05ms
[7.042s][info][gc       ] GC(226) Pause Young (Normal) (G1 Evacuation Pause) 1944M->1479M(2048M) 2.573ms
[7.071s][info][gc,phases] GC(227)   Pre Evacuate Collection Set: 0.20ms
[7.071s][info][gc,phases] GC(227)   Merge Heap Roots: 0.12ms
[7.071s][info][gc,phases] GC(227)   Evacuate Collection Set: 1.53ms
[7.071s][info][gc,phases] GC(227)   Post Evacuate Collection Set: 0.38ms
[7.071s][info][gc,phases] GC(227)   Other: 0.05ms
[7.071s][info][gc       ] GC(227) Pause Young (Normal) (G1 Evacuation Pause) 1944M->1487M(2048M) 2.614ms
[7.113s][info][gc,phases] GC(228)   Pre Evacuate Collection Set: 0.21ms
[7.113s][info][gc,phases] GC(228)   Merge Heap Roots: 0.11ms
[7.113s][info][gc,phases] GC(228)   Evacuate Collection Set: 1.51ms
[7.113s][info][gc,phases] GC(228)   Post Evacuate Collection Set: 0.36ms
[7.113s][info][gc,phases] GC(228)   Other: 0.05ms
[7.113s][info][gc       ] GC(228) Pause Young (Normal) (G1 Evacuation Pause) 1944M->1495M(2048M) 2.549ms
[7.132s][info][gc       ] GC(222) Pause Cleanup 1820M->1820M(2048M) 0.385ms
[7.133s][info][gc       ] GC(222) Concurrent Mark Cycle 241.570ms
[7.147s][info][gc,phases] GC(229)   Pre Evacuate Collection Set: 0.20ms
[7.147s][info][gc,phases] GC(229)   Merge Heap Roots: 0.11ms
[7.147s][info][gc,phases] GC(229)   Evacuate Collection Set: 1.58ms
[7.147s][info][gc,phases] GC(229)   Post Evacuate Collection Set: 0.41ms
[7.147s][info][gc,phases] GC(229)   Other: 0.05ms
[7.147s][info][gc       ] GC(229) Pause Young (Prepare Mixed) (G1 Evacuation Pause) 1943M->1503M(2048M) 2.673ms
[7.193s][info][gc,phases] GC(230)   Pre Evacuate Collection Set: 0.20ms
[7.193s][info][gc,phases] GC(230)   Merge Heap Roots: 0.11ms
[7.194s][info][gc,phases] GC(230)   Evacuate Collection Set: 1.78ms
[7.194s][info][gc,phases] GC(230)   Post Evacuate Collection Set: 0.34ms
[7.194s][info][gc,phases] GC(230)   Other: 0.05ms
[7.194s][info][gc       ] GC(230) Pause Young (Mixed) (G1 Evacuation Pause) 1944M->1497M(2048M) 2.870ms
[7.237s][info][gc,phases] GC(231)   Pre Evacuate Collection Set: 0.25ms
[7.237s][info][gc,phases] GC(231)   Merge Heap Roots: 0.09ms
[7.237s][info][gc,phases] GC(231)   Evacuate Collection Set: 1.57ms
[7.237s][info][gc,phases] GC(231)   Post Evacuate Collection Set: 0.42ms
[7.237s][info][gc,phases] GC(231)   Other: 0.11ms
[7.237s][info][gc       ] GC(231) Pause Young (Concurrent Start) (G1 Evacuation Pause) 1944M->1505M(2048M) 2.809ms
[7.237s][info][gc       ] GC(232) Concurrent Mark Cycle
[7.284s][info][gc,phases] GC(233)   Pre Evacuate Collection Set: 0.20ms
[7.284s][info][gc,phases] GC(233)   Merge Heap Roots: 0.11ms
[7.284s][info][gc,phases] GC(233)   Evacuate Collection Set: 1.57ms
[7.284s][info][gc,phases] GC(233)   Post Evacuate Collection Set: 0.42ms
[7.284s][info][gc,phases] GC(233)   Other: 0.05ms
[7.284s][info][gc       ] GC(233) Pause Young (Normal) (G1 Evacuation Pause) 1944M->1512M(2048M) 2.722ms
[7.311s][info][gc       ] GC(232) Pause Remark 1768M->1708M(2048M) 1.050ms
[7.332s][info][gc,phases] GC(234)   Pre Evacuate Collection Set: 0.21ms
[7.332s][info][gc,phases] GC(234)   Merge Heap Roots: 0.13ms
[7.332s][info][gc,phases] GC(234)   Evacuate Collection Set: 1.58ms
[7.332s][info][gc,phases] GC(234)   Post Evacuate Collection Set: 0.38ms
[7.332s][info][gc,phases] GC(234)   Other: 0.05ms
[7.332s][info][gc       ] GC(234) Pause Young (Normal) (G1 Evacuation Pause) 1884M->1460M(2048M) 2.637ms
[7.383s][info][gc,phases] GC(235)   Pre Evacuate Collection Set: 0.21ms
[7.383s][info][gc,phases] GC(235)   Merge Heap Roots: 0.13ms
[7.383s][info][gc,phases] GC(235)   Evacuate Collection Set: 1.57ms
[7.383s][info][gc,phases] GC(235)   Post Evacuate Collection Set: 0.40ms
[7.383s][info][gc,phases] GC(235)   Other: 0.04ms
[7.383s][info][gc       ] GC(235) Pause Young (Normal) (G1 Evacuation Pause) 1944M->1469M(2048M) 2.678ms
[7.434s][info][gc,phases] GC(236)   Pre Evacuate Collection Set: 0.23ms
[7.434s][info][gc,phases] GC(236)   Merge Heap Roots: 0.13ms
[7.434s][info][gc,phases] GC(236)   Evacuate Collection Set: 1.52ms
[7.434s][info][gc,phases] GC(236)   Post Evacuate Collection Set: 0.40ms
[7.434s][info][gc,phases] GC(236)   Other: 0.05ms
[7.435s][info][gc       ] GC(236) Pause Young (Normal) (G1 Evacuation Pause) 1944M->1478M(2048M) 2.670ms
[7.472s][info][gc       ] GC(232) Pause Cleanup 1842M->1842M(2048M) 0.403ms
[7.473s][info][gc       ] GC(232) Concurrent Mark Cycle 235.143ms
[7.484s][info][gc,phases] GC(237)   Pre Evacuate Collection Set: 0.20ms
[7.484s][info][gc,phases] GC(237)   Merge Heap Roots: 0.09ms
[7.484s][info][gc,phases] GC(237)   Evacuate Collection Set: 1.67ms
[7.484s][info][gc,phases] GC(237)   Post Evacuate Collection Set: 0.40ms
[7.485s][info][gc,phases] GC(237)   Other: 0.05ms
[7.485s][info][gc       ] GC(237) Pause Young (Prepare Mixed) (G1 Evacuation Pause) 1944M->1485M(2048M) 2.752ms
[7.533s][info][gc,phases] GC(238)   Pre Evacuate Collection Set: 0.27ms
[7.533s][info][gc,phases] GC(238)   Merge Heap Roots: 0.12ms
[7.533s][info][gc,phases] GC(238)   Evacuate Collection Set: 1.72ms
[7.533s][info][gc,phases] GC(238)   Post Evacuate Collection Set: 0.42ms
[7.533s][info][gc,phases] GC(238)   Other: 0.05ms
[7.533s][info][gc       ] GC(238) Pause Young (Mixed) (G1 Evacuation Pause) 1944M->1479M(2048M) 2.889ms
[7.580s][info][gc,phases] GC(239)   Pre Evacuate Collection Set: 0.31ms
[7.580s][info][gc,phases] GC(239)   Merge Heap Roots: 0.11ms
[7.580s][info][gc,phases] GC(239)   Evacuate Collection Set: 1.68ms
[7.580s][info][gc,phases] GC(239)   Post Evacuate Collection Set: 0.38ms
[7.580s][info][gc,phases] GC(239)   Other: 0.11ms
[7.580s][info][gc       ] GC(239) Pause Young (Concurrent Start) (G1 Evacuation Pause) 1944M->1488M(2048M) 2.965ms
[7.580s][info][gc       ] GC(240) Concurrent Mark Cycle
[7.609s][info][gc,phases] GC(241)   Pre Evacuate Collection Set: 0.22ms
[7.609s][info][gc,phases] GC(241)   Merge Heap Roots: 0.11ms
[7.609s][info][gc,phases] GC(241)   Evacuate Collection Set: 1.59ms
[7.609s][info][gc,phases] GC(241)   Post Evacuate Collection Set: 0.38ms
[7.609s][info][gc,phases] GC(241)   Other: 0.04ms
[7.609s][info][gc       ] GC(241) Pause Young (Normal) (G1 Evacuation Pause) 1945M->1496M(2048M) 2.692ms
[7.637s][info][gc,phases] GC(242)   Pre Evacuate Collection Set: 0.21ms
[7.637s][info][gc,phases] GC(242)   Merge Heap Roots: 0.11ms
[7.637s][info][gc,phases] GC(242)   Evacuate Collection Set: 1.57ms
[7.637s][info][gc,phases] GC(242)   Post Evacuate Collection Set: 0.38ms
[7.637s][info][gc,phases] GC(242)   Other: 0.05ms
[7.637s][info][gc       ] GC(242) Pause Young (Normal) (G1 Evacuation Pause) 1944M->1504M(2048M) 2.574ms
[7.658s][info][gc       ] GC(240) Pause Remark 1700M->1656M(2048M) 1.072ms
[7.684s][info][gc,phases] GC(243)   Pre Evacuate Collection Set: 0.22ms
[7.684s][info][gc,phases] GC(243)   Merge Heap Roots: 0.12ms
[7.684s][info][gc,phases] GC(243)   Evacuate Collection Set: 1.58ms
[7.685s][info][gc,phases] GC(243)   Post Evacuate Collection Set: 0.42ms
[7.685s][info][gc,phases] GC(243)   Other: 0.06ms
[7.685s][info][gc       ] GC(243) Pause Young (Normal) (G1 Evacuation Pause) 1899M->1468M(2048M) 2.728ms
[7.735s][info][gc,phases] GC(244)   Pre Evacuate Collection Set: 0.20ms
[7.735s][info][gc,phases] GC(244)   Merge Heap Roots: 0.12ms
[7.735s][info][gc,phases] GC(244)   Evacuate Collection Set: 1.53ms
[7.735s][info][gc,phases] GC(244)   Post Evacuate Collection Set: 0.39ms
[7.735s][info][gc,phases] GC(244)   Other: 0.04ms
[7.735s][info][gc       ] GC(244) Pause Young (Normal) (G1 Evacuation Pause) 1944M->1477M(2048M) 2.634ms
[7.785s][info][gc,phases] GC(245)   Pre Evacuate Collection Set: 0.20ms
[7.785s][info][gc,phases] GC(245)   Merge Heap Roots: 0.12ms
[7.785s][info][gc,phases] GC(245)   Evacuate Collection Set: 1.60ms
[7.785s][info][gc,phases] GC(245)   Post Evacuate Collection Set: 0.41ms
[7.785s][info][gc,phases] GC(245)   Other: 0.04ms
[7.785s][info][gc       ] GC(245) Pause Young (Normal) (G1 Evacuation Pause) 1945M->1485M(2048M) 2.737ms
[7.815s][info][gc,phases] GC(246)   Pre Evacuate Collection Set: 0.21ms
[7.816s][info][gc,phases] GC(246)   Merge Heap Roots: 0.12ms
[7.816s][info][gc,phases] GC(246)   Evacuate Collection Set: 1.56ms
[7.816s][info][gc,phases] GC(246)   Post Evacuate Collection Set: 0.41ms
[7.816s][info][gc,phases] GC(246)   Other: 0.05ms
[7.816s][info][gc       ] GC(246) Pause Young (Normal) (G1 Evacuation Pause) 1944M->1493M(2048M) 2.725ms
[7.824s][info][gc       ] GC(240) Pause Cleanup 1565M->1565M(2048M) 0.371ms
[7.825s][info][gc       ] GC(240) Concurrent Mark Cycle 244.037ms
[7.864s][info][gc,phases] GC(247)   Pre Evacuate Collection Set: 0.20ms
[7.864s][info][gc,phases] GC(247)   Merge Heap Roots: 0.11ms
[7.864s][info][gc,phases] GC(247)   Evacuate Collection Set: 1.62ms
[7.864s][info][gc,phases] GC(247)   Post Evacuate Collection Set: 0.41ms
[7.864s][info][gc,phases] GC(247)   Other: 0.05ms
[7.864s][info][gc       ] GC(247) Pause Young (Prepare Mixed) (G1 Evacuation Pause) 1944M->1502M(2048M) 2.747ms
[7.911s][info][gc,phases] GC(248)   Pre Evacuate Collection Set: 0.22ms
[7.911s][info][gc,phases] GC(248)   Merge Heap Roots: 0.11ms
[7.911s][info][gc,phases] GC(248)   Evacuate Collection Set: 1.95ms
[7.911s][info][gc,phases] GC(248)   Post Evacuate Collection Set: 0.40ms
[7.911s][info][gc,phases] GC(248)   Other: 0.05ms
[7.911s][info][gc       ] GC(248) Pause Young (Mixed) (G1 Evacuation Pause) 1944M->1498M(2048M) 3.082ms
[7.958s][info][gc,phases] GC(249)   Pre Evacuate Collection Set: 0.28ms
[7.958s][info][gc,phases] GC(249)   Merge Heap Roots: 0.12ms
[7.958s][info][gc,phases] GC(249)   Evacuate Collection Set: 1.59ms
[7.958s][info][gc,phases] GC(249)   Post Evacuate Collection Set: 0.40ms
[7.958s][info][gc,phases] GC(249)   Other: 0.11ms
[7.958s][info][gc       ] GC(249) Pause Young (Concurrent Start) (G1 Evacuation Pause) 1944M->1506M(2048M) 2.829ms
[7.958s][info][gc       ] GC(250) Concurrent Mark Cycle
[7.985s][info][gc,phases] GC(251)   Pre Evacuate Collection Set: 0.19ms
[7.985s][info][gc,phases] GC(251)   Merge Heap Roots: 0.13ms
[7.985s][info][gc,phases] GC(251)   Evacuate Collection Set: 1.55ms
[7.985s][info][gc,phases] GC(251)   Post Evacuate Collection Set: 0.38ms
[7.985s][info][gc,phases] GC(251)   Other: 0.05ms
[7.985s][info][gc       ] GC(251) Pause Young (Normal) (G1 Evacuation Pause) 1944M->1514M(2048M) 2.584ms
[8.031s][info][gc,phases] GC(252)   Pre Evacuate Collection Set: 0.23ms
[8.031s][info][gc,phases] GC(252)   Merge Heap Roots: 0.12ms
[8.031s][info][gc,phases] GC(252)   Evacuate Collection Set: 1.53ms
[8.031s][info][gc,phases] GC(252)   Post Evacuate Collection Set: 0.38ms
[8.031s][info][gc,phases] GC(252)   Other: 0.05ms
[8.031s][info][gc       ] GC(252) Pause Young (Normal) (G1 Evacuation Pause) 1944M->1521M(2048M) 2.568ms
[8.034s][info][gc       ] GC(250) Pause Remark 1535M->1476M(2048M) 1.013ms
[8.078s][info][gc,phases] GC(253)   Pre Evacuate Collection Set: 0.20ms
[8.078s][info][gc,phases] GC(253)   Merge Heap Roots: 0.12ms
[8.078s][info][gc,phases] GC(253)   Evacuate Collection Set: 1.53ms
[8.078s][info][gc,phases] GC(253)   Post Evacuate Collection Set: 0.40ms
[8.078s][info][gc,phases] GC(253)   Other: 0.05ms
[8.078s][info][gc       ] GC(253) Pause Young (Normal) (G1 Evacuation Pause) 1885M->1469M(2048M) 2.602ms
[8.107s][info][gc,phases] GC(254)   Pre Evacuate Collection Set: 0.19ms
[8.107s][info][gc,phases] GC(254)   Merge Heap Roots: 0.12ms
[8.107s][info][gc,phases] GC(254)   Evacuate Collection Set: 1.53ms
[8.107s][info][gc,phases] GC(254)   Post Evacuate Collection Set: 0.39ms
[8.107s][info][gc,phases] GC(254)   Other: 0.06ms
[8.107s][info][gc       ] GC(254) Pause Young (Normal) (G1 Evacuation Pause) 1944M->1478M(2048M) 2.644ms
[8.136s][info][gc,phases] GC(255)   Pre Evacuate Collection Set: 0.18ms
[8.136s][info][gc,phases] GC(255)   Merge Heap Roots: 0.12ms
[8.136s][info][gc,phases] GC(255)   Evacuate Collection Set: 1.62ms
[8.136s][info][gc,phases] GC(255)   Post Evacuate Collection Set: 0.37ms
[8.136s][info][gc,phases] GC(255)   Other: 0.05ms
[8.136s][info][gc       ] GC(255) Pause Young (Normal) (G1 Evacuation Pause) 1945M->1486M(2048M) 2.679ms
[8.164s][info][gc,phases] GC(256)   Pre Evacuate Collection Set: 0.21ms
[8.165s][info][gc,phases] GC(256)   Merge Heap Roots: 0.11ms
[8.165s][info][gc,phases] GC(256)   Evacuate Collection Set: 1.64ms
[8.165s][info][gc,phases] GC(256)   Post Evacuate Collection Set: 0.39ms
[8.165s][info][gc,phases] GC(256)   Other: 0.05ms
[8.165s][info][gc       ] GC(256) Pause Young (Normal) (G1 Evacuation Pause) 1944M->1494M(2048M) 2.799ms
[8.192s][info][gc,phases] GC(257)   Pre Evacuate Collection Set: 0.20ms
[8.193s][info][gc,phases] GC(257)   Merge Heap Roots: 0.12ms
[8.193s][info][gc,phases] GC(257)   Evacuate Collection Set: 1.49ms
[8.193s][info][gc,phases] GC(257)   Post Evacuate Collection Set: 0.39ms
[8.193s][info][gc,phases] GC(257)   Other: 0.05ms
[8.193s][info][gc       ] GC(257) Pause Young (Normal) (G1 Evacuation Pause) 1945M->1501M(2048M) 2.600ms
[8.202s][info][gc       ] GC(250) Pause Cleanup 1656M->1656M(2048M) 0.341ms
[8.203s][info][gc       ] GC(250) Concurrent Mark Cycle 244.874ms
[8.233s][info][gc,phases] GC(258)   Pre Evacuate Collection Set: 0.22ms
[8.233s][info][gc,phases] GC(258)   Merge Heap Roots: 0.12ms
[8.233s][info][gc,phases] GC(258)   Evacuate Collection Set: 1.52ms
[8.233s][info][gc,phases] GC(258)   Post Evacuate Collection Set: 0.41ms
[8.233s][info][gc,phases] GC(258)   Other: 0.05ms
[8.233s][info][gc       ] GC(258) Pause Young (Prepare Mixed) (G1 Evacuation Pause) 1944M->1509M(2048M) 2.668ms
[8.277s][info][gc,phases] GC(259)   Pre Evacuate Collection Set: 0.22ms
[8.277s][info][gc,phases] GC(259)   Merge Heap Roots: 0.11ms
[8.277s][info][gc,phases] GC(259)   Evacuate Collection Set: 1.71ms
[8.277s][info][gc,phases] GC(259)   Post Evacuate Collection Set: 0.39ms
[8.277s][info][gc,phases] GC(259)   Other: 0.05ms
[8.277s][info][gc       ] GC(259) Pause Young (Mixed) (G1 Evacuation Pause) 1944M->1500M(2048M) 2.807ms
[8.324s][info][gc,phases] GC(260)   Pre Evacuate Collection Set: 0.30ms
[8.324s][info][gc,phases] GC(260)   Merge Heap Roots: 0.12ms
[8.324s][info][gc,phases] GC(260)   Evacuate Collection Set: 1.61ms
[8.324s][info][gc,phases] GC(260)   Post Evacuate Collection Set: 0.37ms
[8.324s][info][gc,phases] GC(260)   Other: 0.11ms
[8.324s][info][gc       ] GC(260) Pause Young (Concurrent Start) (G1 Evacuation Pause) 1944M->1508M(2048M) 2.891ms
[8.324s][info][gc       ] GC(261) Concurrent Mark Cycle
[8.351s][info][gc,phases] GC(262)   Pre Evacuate Collection Set: 0.21ms
[8.351s][info][gc,phases] GC(262)   Merge Heap Roots: 0.11ms
[8.351s][info][gc,phases] GC(262)   Evacuate Collection Set: 1.56ms
[8.352s][info][gc,phases] GC(262)   Post Evacuate Collection Set: 0.39ms
[8.352s][info][gc,phases] GC(262)   Other: 0.04ms
[8.352s][info][gc       ] GC(262) Pause Young (Normal) (G1 Evacuation Pause) 1945M->1516M(2048M) 2.626ms
[8.397s][info][gc,phases] GC(263)   Pre Evacuate Collection Set: 0.20ms
[8.397s][info][gc,phases] GC(263)   Merge Heap Roots: 0.12ms
[8.397s][info][gc,phases] GC(263)   Evacuate Collection Set: 1.46ms
[8.397s][info][gc,phases] GC(263)   Post Evacuate Collection Set: 0.38ms
[8.397s][info][gc,phases] GC(263)   Other: 0.04ms
[8.397s][info][gc       ] GC(263) Pause Young (Normal) (G1 Evacuation Pause) 1945M->1523M(2048M) 2.571ms
[8.400s][info][gc       ] GC(261) Pause Remark 1540M->1475M(2048M) 0.964ms
[8.443s][info][gc,phases] GC(264)   Pre Evacuate Collection Set: 0.21ms
[8.443s][info][gc,phases] GC(264)   Merge Heap Roots: 0.14ms
[8.444s][info][gc,phases] GC(264)   Evacuate Collection Set: 1.53ms
[8.444s][info][gc,phases] GC(264)   Post Evacuate Collection Set: 0.38ms
[8.444s][info][gc,phases] GC(264)   Other: 0.04ms
[8.444s][info][gc       ] GC(264) Pause Young (Normal) (G1 Evacuation Pause) 1879M->1467M(2048M) 2.627ms
[8.473s][info][gc,phases] GC(265)   Pre Evacuate Collection Set: 0.20ms
[8.473s][info][gc,phases] GC(265)   Merge Heap Roots: 0.11ms
[8.473s][info][gc,phases] GC(265)   Evacuate Collection Set: 1.54ms
[8.473s][info][gc,phases] GC(265)   Post Evacuate Collection Set: 0.41ms
[8.473s][info][gc,phases] GC(265)   Other: 0.05ms
[8.473s][info][gc       ] GC(265) Pause Young (Normal) (G1 Evacuation Pause) 1945M->1474M(2048M) 2.596ms
[8.523s][info][gc,phases] GC(266)   Pre Evacuate Collection Set: 0.20ms
[8.523s][info][gc,phases] GC(266)   Merge Heap Roots: 0.11ms
[8.523s][info][gc,phases] GC(266)   Evacuate Collection Set: 1.68ms
[8.523s][info][gc,phases] GC(266)   Post Evacuate Collection Set: 0.39ms
[8.523s][info][gc,phases] GC(266)   Other: 0.05ms
[8.523s][info][gc       ] GC(266) Pause Young (Normal) (G1 Evacuation Pause) 1944M->1482M(2048M) 2.750ms
[8.552s][info][gc,phases] GC(267)   Pre Evacuate Collection Set: 0.19ms
[8.552s][info][gc,phases] GC(267)   Merge Heap Roots: 0.11ms
[8.552s][info][gc,phases] GC(267)   Evacuate Collection Set: 1.58ms
[8.552s][info][gc,phases] GC(267)   Post Evacuate Collection Set: 0.38ms
[8.552s][info][gc,phases] GC(267)   Other: 0.05ms
[8.552s][info][gc       ] GC(267) Pause Young (Normal) (G1 Evacuation Pause) 1943M->1490M(2048M) 2.676ms
[8.565s][info][gc       ] GC(261) Pause Cleanup 1721M->1721M(2048M) 0.376ms
[8.566s][info][gc       ] GC(261) Concurrent Mark Cycle 242.215ms
[8.590s][info][gc,phases] GC(268)   Pre Evacuate Collection Set: 0.23ms
[8.590s][info][gc,phases] GC(268)   Merge Heap Roots: 0.12ms
[8.590s][info][gc,phases] GC(268)   Evacuate Collection Set: 1.60ms
[8.590s][info][gc,phases] GC(268)   Post Evacuate Collection Set: 0.39ms
[8.590s][info][gc,phases] GC(268)   Other: 0.05ms
[8.591s][info][gc       ] GC(268) Pause Young (Prepare Mixed) (G1 Evacuation Pause) 1944M->1499M(2048M) 2.790ms
[8.637s][info][gc,phases] GC(269)   Pre Evacuate Collection Set: 0.22ms
[8.637s][info][gc,phases] GC(269)   Merge Heap Roots: 0.12ms
[8.637s][info][gc,phases] GC(269)   Evacuate Collection Set: 1.80ms
[8.637s][info][gc,phases] GC(269)   Post Evacuate Collection Set: 0.39ms
[8.637s][info][gc,phases] GC(269)   Other: 0.05ms
[8.638s][info][gc       ] GC(269) Pause Young (Mixed) (G1 Evacuation Pause) 1944M->1494M(2048M) 2.880ms
[8.678s][info][gc,phases] GC(270)   Pre Evacuate Collection Set: 0.28ms
[8.678s][info][gc,phases] GC(270)   Merge Heap Roots: 0.09ms
[8.678s][info][gc,phases] GC(270)   Evacuate Collection Set: 1.56ms
[8.678s][info][gc,phases] GC(270)   Post Evacuate Collection Set: 0.39ms
[8.678s][info][gc,phases] GC(270)   Other: 0.10ms
[8.678s][info][gc       ] GC(270) Pause Young (Concurrent Start) (G1 Evacuation Pause) 1944M->1501M(2048M) 2.729ms
[8.678s][info][gc       ] GC(271) Concurrent Mark Cycle
[8.725s][info][gc,phases] GC(272)   Pre Evacuate Collection Set: 0.22ms
[8.725s][info][gc,phases] GC(272)   Merge Heap Roots: 0.10ms
[8.725s][info][gc,phases] GC(272)   Evacuate Collection Set: 1.56ms
[8.725s][info][gc,phases] GC(272)   Post Evacuate Collection Set: 0.39ms
[8.725s][info][gc,phases] GC(272)   Other: 0.05ms
[8.725s][info][gc       ] GC(272) Pause Young (Normal) (G1 Evacuation Pause) 1944M->1509M(2048M) 2.608ms
[8.752s][info][gc       ] GC(271) Pause Remark 1788M->1727M(2048M) 1.025ms
[8.765s][info][gc,phases] GC(273)   Pre Evacuate Collection Set: 0.20ms
[8.765s][info][gc,phases] GC(273)   Merge Heap Roots: 0.14ms
[8.765s][info][gc,phases] GC(273)   Evacuate Collection Set: 1.59ms
[8.765s][info][gc,phases] GC(273)   Post Evacuate Collection Set: 0.41ms
[8.765s][info][gc,phases] GC(273)   Other: 0.05ms
[8.765s][info][gc       ] GC(273) Pause Young (Normal) (G1 Evacuation Pause) 1883M->1456M(2048M) 2.787ms
[8.817s][info][gc,phases] GC(274)   Pre Evacuate Collection Set: 0.20ms
[8.817s][info][gc,phases] GC(274)   Merge Heap Roots: 0.13ms
[8.817s][info][gc,phases] GC(274)   Evacuate Collection Set: 1.65ms
[8.817s][info][gc,phases] GC(274)   Post Evacuate Collection Set: 0.40ms
[8.817s][info][gc,phases] GC(274)   Other: 0.05ms
[8.817s][info][gc       ] GC(274) Pause Young (Normal) (G1 Evacuation Pause) 1943M->1465M(2048M) 2.724ms
[8.868s][info][gc,phases] GC(275)   Pre Evacuate Collection Set: 0.20ms
[8.868s][info][gc,phases] GC(275)   Merge Heap Roots: 0.11ms
[8.868s][info][gc,phases] GC(275)   Evacuate Collection Set: 1.66ms
[8.868s][info][gc,phases] GC(275)   Post Evacuate Collection Set: 0.39ms
[8.868s][info][gc,phases] GC(275)   Other: 0.04ms
[8.868s][info][gc       ] GC(275) Pause Young (Normal) (G1 Evacuation Pause) 1944M->1473M(2048M) 2.736ms
[8.915s][info][gc       ] GC(271) Pause Cleanup 1934M->1934M(2048M) 0.343ms
[8.915s][info][gc       ] GC(271) Concurrent Mark Cycle 237.196ms
[8.918s][info][gc,phases] GC(276)   Pre Evacuate Collection Set: 0.20ms
[8.918s][info][gc,phases] GC(276)   Merge Heap Roots: 0.12ms
[8.918s][info][gc,phases] GC(276)   Evacuate Collection Set: 1.62ms
[8.919s][info][gc,phases] GC(276)   Post Evacuate Collection Set: 0.40ms
[8.919s][info][gc,phases] GC(276)   Other: 0.04ms
[8.919s][info][gc       ] GC(276) Pause Young (Prepare Mixed) (G1 Evacuation Pause) 1944M->1481M(2048M) 2.725ms
[8.967s][info][gc,phases] GC(277)   Pre Evacuate Collection Set: 0.21ms
[8.967s][info][gc,phases] GC(277)   Merge Heap Roots: 0.12ms
[8.967s][info][gc,phases] GC(277)   Evacuate Collection Set: 1.81ms
[8.967s][info][gc,phases] GC(277)   Post Evacuate Collection Set: 0.41ms
[8.967s][info][gc,phases] GC(277)   Other: 0.06ms
[8.967s][info][gc       ] GC(277) Pause Young (Mixed) (G1 Evacuation Pause) 1943M->1479M(2048M) 2.898ms
[9.016s][info][gc,phases] GC(278)   Pre Evacuate Collection Set: 0.29ms
[9.016s][info][gc,phases] GC(278)   Merge Heap Roots: 0.07ms
[9.016s][info][gc,phases] GC(278)   Evacuate Collection Set: 1.67ms
[9.016s][info][gc,phases] GC(278)   Post Evacuate Collection Set: 0.38ms
[9.016s][info][gc,phases] GC(278)   Other: 0.11ms
[9.016s][info][gc       ] GC(278) Pause Young (Concurrent Start) (G1 Evacuation Pause) 1945M->1487M(2048M) 2.941ms
[9.016s][info][gc       ] GC(279) Concurrent Mark Cycle
[9.065s][info][gc,phases] GC(280)   Pre Evacuate Collection Set: 0.18ms
[9.065s][info][gc,phases] GC(280)   Merge Heap Roots: 0.13ms
[9.065s][info][gc,phases] GC(280)   Evacuate Collection Set: 1.65ms
[9.065s][info][gc,phases] GC(280)   Post Evacuate Collection Set: 0.40ms
[9.065s][info][gc,phases] GC(280)   Other: 0.04ms
[9.065s][info][gc       ] GC(280) Pause Young (Normal) (G1 Evacuation Pause) 1945M->1496M(2048M) 2.725ms
[9.090s][info][gc       ] GC(279) Pause Remark 1733M->1683M(2048M) 1.044ms
[9.114s][info][gc,phases] GC(281)   Pre Evacuate Collection Set: 0.20ms
[9.114s][info][gc,phases] GC(281)   Merge Heap Roots: 0.12ms
[9.114s][info][gc,phases] GC(281)   Evacuate Collection Set: 1.55ms
[9.114s][info][gc,phases] GC(281)   Post Evacuate Collection Set: 0.40ms
[9.114s][info][gc,phases] GC(281)   Other: 0.04ms
[9.114s][info][gc       ] GC(281) Pause Young (Normal) (G1 Evacuation Pause) 1894M->1454M(2048M) 2.708ms
[9.166s][info][gc,phases] GC(282)   Pre Evacuate Collection Set: 0.21ms
[9.166s][info][gc,phases] GC(282)   Merge Heap Roots: 0.12ms
[9.166s][info][gc,phases] GC(282)   Evacuate Collection Set: 1.61ms
[9.166s][info][gc,phases] GC(282)   Post Evacuate Collection Set: 0.39ms
[9.166s][info][gc,phases] GC(282)   Other: 0.05ms
[9.166s][info][gc       ] GC(282) Pause Young (Normal) (G1 Evacuation Pause) 1944M->1463M(2048M) 2.763ms
[9.217s][info][gc,phases] GC(283)   Pre Evacuate Collection Set: 0.24ms
[9.217s][info][gc,phases] GC(283)   Merge Heap Roots: 0.12ms
[9.217s][info][gc,phases] GC(283)   Evacuate Collection Set: 1.52ms
[9.217s][info][gc,phases] GC(283)   Post Evacuate Collection Set: 0.38ms
[9.217s][info][gc,phases] GC(283)   Other: 0.06ms
[9.217s][info][gc       ] GC(283) Pause Young (Normal) (G1 Evacuation Pause) 1945M->1471M(2048M) 2.642ms
[9.253s][info][gc       ] GC(279) Pause Cleanup 1817M->1817M(2048M) 0.327ms
[9.253s][info][gc       ] GC(279) Concurrent Mark Cycle 237.053ms
[9.268s][info][gc,phases] GC(284)   Pre Evacuate Collection Set: 0.19ms
[9.268s][info][gc,phases] GC(284)   Merge Heap Roots: 0.14ms
[9.268s][info][gc,phases] GC(284)   Evacuate Collection Set: 1.61ms
[9.268s][info][gc,phases] GC(284)   Post Evacuate Collection Set: 0.41ms
[9.268s][info][gc,phases] GC(284)   Other: 0.04ms
[9.268s][info][gc       ] GC(284) Pause Young (Prepare Mixed) (G1 Evacuation Pause) 1944M->1479M(2048M) 2.734ms
[9.302s][info][gc,phases] GC(285)   Pre Evacuate Collection Set: 0.21ms
[9.302s][info][gc,phases] GC(285)   Merge Heap Roots: 0.12ms
[9.302s][info][gc,phases] GC(285)   Evacuate Collection Set: 1.82ms
[9.302s][info][gc,phases] GC(285)   Post Evacuate Collection Set: 0.39ms
[9.302s][info][gc,phases] GC(285)   Other: 0.06ms
[9.303s][info][gc       ] GC(285) Pause Young (Mixed) (G1 Evacuation Pause) 1944M->1477M(2048M) 2.899ms
[9.351s][info][gc,phases] GC(286)   Pre Evacuate Collection Set: 0.30ms
[9.351s][info][gc,phases] GC(286)   Merge Heap Roots: 0.15ms
[9.352s][info][gc,phases] GC(286)   Evacuate Collection Set: 1.68ms
[9.352s][info][gc,phases] GC(286)   Post Evacuate Collection Set: 0.39ms
[9.352s][info][gc,phases] GC(286)   Other: 0.11ms
[9.352s][info][gc       ] GC(286) Pause Young (Concurrent Start) (G1 Evacuation Pause) 1944M->1485M(2048M) 2.911ms
[9.352s][info][gc       ] GC(287) Concurrent Mark Cycle
[9.400s][info][gc,phases] GC(288)   Pre Evacuate Collection Set: 0.19ms
[9.401s][info][gc,phases] GC(288)   Merge Heap Roots: 0.12ms
[9.401s][info][gc,phases] GC(288)   Evacuate Collection Set: 1.54ms
[9.401s][info][gc,phases] GC(288)   Post Evacuate Collection Set: 0.40ms
[9.401s][info][gc,phases] GC(288)   Other: 0.04ms
[9.401s][info][gc       ] GC(288) Pause Young (Normal) (G1 Evacuation Pause) 1944M->1493M(2048M) 2.611ms
[9.425s][info][gc       ] GC(287) Pause Remark 1901M->1854M(2048M) 1.059ms
[9.432s][info][gc,phases] GC(289)   Pre Evacuate Collection Set: 0.18ms
[9.433s][info][gc,phases] GC(289)   Merge Heap Roots: 0.13ms
[9.433s][info][gc,phases] GC(289)   Evacuate Collection Set: 1.60ms
[9.433s][info][gc,phases] GC(289)   Post Evacuate Collection Set: 0.43ms
[9.433s][info][gc,phases] GC(289)   Other: 0.05ms
[9.433s][info][gc       ] GC(289) Pause Young (Normal) (G1 Evacuation Pause) 1897M->1455M(2048M) 2.708ms
[9.484s][info][gc,phases] GC(290)   Pre Evacuate Collection Set: 0.21ms
[9.485s][info][gc,phases] GC(290)   Merge Heap Roots: 0.12ms
[9.485s][info][gc,phases] GC(290)   Evacuate Collection Set: 1.60ms
[9.485s][info][gc,phases] GC(290)   Post Evacuate Collection Set: 0.44ms
[9.485s][info][gc,phases] GC(290)   Other: 0.04ms
[9.485s][info][gc       ] GC(290) Pause Young (Normal) (G1 Evacuation Pause) 1945M->1463M(2048M) 2.702ms
[9.514s][info][gc,phases] GC(291)   Pre Evacuate Collection Set: 0.21ms
[9.514s][info][gc,phases] GC(291)   Merge Heap Roots: 0.12ms
[9.514s][info][gc,phases] GC(291)   Evacuate Collection Set: 1.65ms
[9.514s][info][gc,phases] GC(291)   Post Evacuate Collection Set: 0.38ms
[9.514s][info][gc,phases] GC(291)   Other: 0.05ms
[9.514s][info][gc       ] GC(291) Pause Young (Normal) (G1 Evacuation Pause) 1944M->1472M(2048M) 2.705ms
[9.543s][info][gc,phases] GC(292)   Pre Evacuate Collection Set: 0.20ms
[9.543s][info][gc,phases] GC(292)   Merge Heap Roots: 0.12ms
[9.543s][info][gc,phases] GC(292)   Evacuate Collection Set: 1.63ms
[9.543s][info][gc,phases] GC(292)   Post Evacuate Collection Set: 0.40ms
[9.543s][info][gc,phases] GC(292)   Other: 0.05ms
[9.544s][info][gc       ] GC(292) Pause Young (Normal) (G1 Evacuation Pause) 1944M->1480M(2048M) 2.772ms
[9.572s][info][gc,phases] GC(293)   Pre Evacuate Collection Set: 0.21ms
[9.572s][info][gc,phases] GC(293)   Merge Heap Roots: 0.14ms
[9.572s][info][gc,phases] GC(293)   Evacuate Collection Set: 1.70ms
[9.572s][info][gc,phases] GC(293)   Post Evacuate Collection Set: 0.40ms
[9.572s][info][gc,phases] GC(293)   Other: 0.06ms
[9.572s][info][gc       ] GC(293) Pause Young (Normal) (G1 Evacuation Pause) 1943M->1489M(2048M) 2.881ms
[9.593s][info][gc       ] GC(287) Pause Cleanup 1844M->1844M(2048M) 0.329ms
[9.594s][info][gc       ] GC(287) Concurrent Mark Cycle 242.382ms
[9.606s][info][gc,phases] GC(294)   Pre Evacuate Collection Set: 0.21ms
[9.606s][info][gc,phases] GC(294)   Merge Heap Roots: 0.11ms
[9.606s][info][gc,phases] GC(294)   Evacuate Collection Set: 1.74ms
[9.606s][info][gc,phases] GC(294)   Post Evacuate Collection Set: 0.39ms
[9.606s][info][gc,phases] GC(294)   Other: 0.05ms
[9.606s][info][gc       ] GC(294) Pause Young (Prepare Mixed) (G1 Evacuation Pause) 1944M->1497M(2048M) 2.855ms
[9.653s][info][gc,phases] GC(295)   Pre Evacuate Collection Set: 0.22ms
[9.653s][info][gc,phases] GC(295)   Merge Heap Roots: 0.12ms
[9.653s][info][gc,phases] GC(295)   Evacuate Collection Set: 1.68ms
[9.653s][info][gc,phases] GC(295)   Post Evacuate Collection Set: 0.40ms
[9.653s][info][gc,phases] GC(295)   Other: 0.05ms
[9.653s][info][gc       ] GC(295) Pause Young (Mixed) (G1 Evacuation Pause) 1944M->1491M(2048M) 2.834ms
[9.701s][info][gc,phases] GC(296)   Pre Evacuate Collection Set: 0.22ms
[9.701s][info][gc,phases] GC(296)   Merge Heap Roots: 0.11ms
[9.701s][info][gc,phases] GC(296)   Evacuate Collection Set: 1.68ms
[9.701s][info][gc,phases] GC(296)   Post Evacuate Collection Set: 0.39ms
[9.701s][info][gc,phases] GC(296)   Other: 0.11ms
[9.701s][info][gc       ] GC(296) Pause Young (Concurrent Start) (G1 Evacuation Pause) 1944M->1499M(2048M) 2.816ms
[9.701s][info][gc       ] GC(297) Concurrent Mark Cycle
[9.748s][info][gc,phases] GC(298)   Pre Evacuate Collection Set: 0.18ms
[9.749s][info][gc,phases] GC(298)   Merge Heap Roots: 0.12ms
[9.749s][info][gc,phases] GC(298)   Evacuate Collection Set: 1.52ms
[9.749s][info][gc,phases] GC(298)   Post Evacuate Collection Set: 0.39ms
[9.749s][info][gc,phases] GC(298)   Other: 0.05ms
[9.749s][info][gc       ] GC(298) Pause Young (Normal) (G1 Evacuation Pause) 1944M->1506M(2048M) 2.547ms
[9.775s][info][gc       ] GC(297) Pause Remark 1756M->1699M(2048M) 1.014ms
[9.797s][info][gc,phases] GC(299)   Pre Evacuate Collection Set: 0.19ms
[9.797s][info][gc,phases] GC(299)   Merge Heap Roots: 0.13ms
[9.797s][info][gc,phases] GC(299)   Evacuate Collection Set: 1.52ms
[9.797s][info][gc,phases] GC(299)   Post Evacuate Collection Set: 0.40ms
[9.797s][info][gc,phases] GC(299)   Other: 0.05ms
[9.797s][info][gc       ] GC(299) Pause Young (Normal) (G1 Evacuation Pause) 1887M->1458M(2048M) 2.597ms
[9.849s][info][gc,phases] GC(300)   Pre Evacuate Collection Set: 0.19ms
[9.849s][info][gc,phases] GC(300)   Merge Heap Roots: 0.11ms
[9.849s][info][gc,phases] GC(300)   Evacuate Collection Set: 1.58ms
[9.849s][info][gc,phases] GC(300)   Post Evacuate Collection Set: 0.42ms
[9.849s][info][gc,phases] GC(300)   Other: 0.05ms
[9.849s][info][gc       ] GC(300) Pause Young (Normal) (G1 Evacuation Pause) 1945M->1465M(2048M) 2.635ms
[9.895s][info][gc,phases] GC(301)   Pre Evacuate Collection Set: 0.20ms
[9.895s][info][gc,phases] GC(301)   Merge Heap Roots: 0.11ms
[9.895s][info][gc,phases] GC(301)   Evacuate Collection Set: 1.66ms
[9.895s][info][gc,phases] GC(301)   Post Evacuate Collection Set: 0.39ms
[9.895s][info][gc,phases] GC(301)   Other: 0.05ms
[9.895s][info][gc       ] GC(301) Pause Young (Normal) (G1 Evacuation Pause) 1944M->1474M(2048M) 2.728ms
[9.937s][info][gc       ] GC(297) Pause Cleanup 1881M->1881M(2048M) 0.329ms
[9.938s][info][gc       ] GC(297) Concurrent Mark Cycle 236.704ms
[9.946s][info][gc,phases] GC(302)   Pre Evacuate Collection Set: 0.21ms
[9.946s][info][gc,phases] GC(302)   Merge Heap Roots: 0.09ms
[9.946s][info][gc,phases] GC(302)   Evacuate Collection Set: 1.65ms
[9.946s][info][gc,phases] GC(302)   Post Evacuate Collection Set: 0.38ms
[9.946s][info][gc,phases] GC(302)   Other: 0.05ms
[9.946s][info][gc       ] GC(302) Pause Young (Prepare Mixed) (G1 Evacuation Pause) 1945M->1483M(2048M) 2.687ms
[9.994s][info][gc,phases] GC(303)   Pre Evacuate Collection Set: 0.21ms
[9.994s][info][gc,phases] GC(303)   Merge Heap Roots: 0.11ms
[9.995s][info][gc,phases] GC(303)   Evacuate Collection Set: 1.68ms
[9.995s][info][gc,phases] GC(303)   Post Evacuate Collection Set: 0.41ms
[9.995s][info][gc,phases] GC(303)   Other: 0.05ms
[9.995s][info][gc       ] GC(303) Pause Young (Mixed) (G1 Evacuation Pause) 1944M->1474M(2048M) 2.767ms
[10.044s][info][gc,phases] GC(304)   Pre Evacuate Collection Set: 0.24ms
[10.044s][info][gc,phases] GC(304)   Merge Heap Roots: 0.08ms
[10.044s][info][gc,phases] GC(304)   Evacuate Collection Set: 1.58ms
[10.044s][info][gc,phases] GC(304)   Post Evacuate Collection Set: 0.39ms
[10.044s][info][gc,phases] GC(304)   Other: 0.10ms
[10.044s][info][gc       ] GC(304) Pause Young (Concurrent Start) (G1 Evacuation Pause) 1944M->1483M(2048M) 2.701ms
[10.044s][info][gc       ] GC(305) Concurrent Mark Cycle
[10.093s][info][gc,phases] GC(306)   Pre Evacuate Collection Set: 0.19ms
[10.093s][info][gc,phases] GC(306)   Merge Heap Roots: 0.11ms
[10.093s][info][gc,phases] GC(306)   Evacuate Collection Set: 1.60ms
[10.093s][info][gc,phases] GC(306)   Post Evacuate Collection Set: 0.41ms
[10.093s][info][gc,phases] GC(306)   Other: 0.05ms
[10.093s][info][gc       ] GC(306) Pause Young (Normal) (G1 Evacuation Pause) 1944M->1491M(2048M) 2.713ms
[10.118s][info][gc       ] GC(305) Pause Remark 1728M->1683M(2048M) 1.024ms
[10.143s][info][gc,phases] GC(307)   Pre Evacuate Collection Set: 0.24ms
[10.143s][info][gc,phases] GC(307)   Merge Heap Roots: 0.11ms
[10.143s][info][gc,phases] GC(307)   Evacuate Collection Set: 1.55ms
[10.143s][info][gc,phases] GC(307)   Post Evacuate Collection Set: 0.43ms
[10.143s][info][gc,phases] GC(307)   Other: 0.05ms
[10.143s][info][gc       ] GC(307) Pause Young (Normal) (G1 Evacuation Pause) 1900M->1453M(2048M) 2.664ms
[10.195s][info][gc,phases] GC(308)   Pre Evacuate Collection Set: 0.22ms
[10.195s][info][gc,phases] GC(308)   Merge Heap Roots: 0.12ms
[10.195s][info][gc,phases] GC(308)   Evacuate Collection Set: 1.57ms
[10.195s][info][gc,phases] GC(308)   Post Evacuate Collection Set: 0.42ms
[10.195s][info][gc,phases] GC(308)   Other: 0.05ms
[10.195s][info][gc       ] GC(308) Pause Young (Normal) (G1 Evacuation Pause) 1943M->1462M(2048M) 2.699ms
[10.246s][info][gc,phases] GC(309)   Pre Evacuate Collection Set: 0.20ms
[10.246s][info][gc,phases] GC(309)   Merge Heap Roots: 0.09ms
[10.246s][info][gc,phases] GC(309)   Evacuate Collection Set: 1.56ms
[10.246s][info][gc,phases] GC(309)   Post Evacuate Collection Set: 0.39ms
[10.246s][info][gc,phases] GC(309)   Other: 0.06ms
[10.246s][info][gc       ] GC(309) Pause Young (Normal) (G1 Evacuation Pause) 1944M->1471M(2048M) 2.619ms
[10.275s][info][gc,phases] GC(310)   Pre Evacuate Collection Set: 0.19ms
[10.275s][info][gc,phases] GC(310)   Merge Heap Roots: 0.12ms
[10.275s][info][gc,phases] GC(310)   Evacuate Collection Set: 1.62ms
[10.275s][info][gc,phases] GC(310)   Post Evacuate Collection Set: 0.38ms
[10.275s][info][gc,phases] GC(310)   Other: 0.05ms
[10.275s][info][gc       ] GC(310) Pause Young (Normal) (G1 Evacuation Pause) 1945M->1480M(2048M) 2.647ms
[10.284s][info][gc       ] GC(305) Pause Cleanup 1619M->1619M(2048M) 0.347ms
[10.284s][info][gc       ] GC(305) Concurrent Mark Cycle 240.555ms
[10.318s][info][gc,phases] GC(311)   Pre Evacuate Collection Set: 0.20ms
[10.318s][info][gc,phases] GC(311)   Merge Heap Roots: 0.12ms
[10.319s][info][gc,phases] GC(311)   Evacuate Collection Set: 1.59ms
[10.319s][info][gc,phases] GC(311)   Post Evacuate Collection Set: 0.41ms
[10.319s][info][gc,phases] GC(311)   Other: 0.05ms
[10.319s][info][gc       ] GC(311) Pause Young (Prepare Mixed) (G1 Evacuation Pause) 1944M->1487M(2048M) 2.672ms
[10.367s][info][gc,phases] GC(312)   Pre Evacuate Collection Set: 0.22ms
[10.367s][info][gc,phases] GC(312)   Merge Heap Roots: 0.13ms
[10.367s][info][gc,phases] GC(312)   Evacuate Collection Set: 1.70ms
[10.367s][info][gc,phases] GC(312)   Post Evacuate Collection Set: 0.40ms
[10.367s][info][gc,phases] GC(312)   Other: 0.06ms
[10.367s][info][gc       ] GC(312) Pause Young (Mixed) (G1 Evacuation Pause) 1944M->1483M(2048M) 2.814ms
[10.412s][info][gc,phases] GC(313)   Pre Evacuate Collection Set: 0.28ms
[10.412s][info][gc,phases] GC(313)   Merge Heap Roots: 0.07ms
[10.412s][info][gc,phases] GC(313)   Evacuate Collection Set: 1.51ms
[10.412s][info][gc,phases] GC(313)   Post Evacuate Collection Set: 0.38ms
[10.412s][info][gc,phases] GC(313)   Other: 0.10ms
[10.412s][info][gc       ] GC(313) Pause Young (Concurrent Start) (G1 Evacuation Pause) 1945M->1490M(2048M) 2.618ms
[10.412s][info][gc       ] GC(314) Concurrent Mark Cycle
[10.456s][info][gc,phases] GC(315)   Pre Evacuate Collection Set: 0.17ms
[10.457s][info][gc,phases] GC(315)   Merge Heap Roots: 0.11ms
[10.457s][info][gc,phases] GC(315)   Evacuate Collection Set: 1.63ms
[10.457s][info][gc,phases] GC(315)   Post Evacuate Collection Set: 0.40ms
[10.457s][info][gc,phases] GC(315)   Other: 0.05ms
[10.457s][info][gc       ] GC(315) Pause Young (Normal) (G1 Evacuation Pause) 1945M->1498M(2048M) 2.705ms
[10.486s][info][gc       ] GC(314) Pause Remark 1804M->1747M(2048M) 1.028ms
[10.502s][info][gc,phases] GC(316)   Pre Evacuate Collection Set: 0.20ms
[10.502s][info][gc,phases] GC(316)   Merge Heap Roots: 0.13ms
[10.502s][info][gc,phases] GC(316)   Evacuate Collection Set: 1.61ms
[10.502s][info][gc,phases] GC(316)   Post Evacuate Collection Set: 0.40ms
[10.502s][info][gc,phases] GC(316)   Other: 0.05ms
[10.502s][info][gc       ] GC(316) Pause Young (Normal) (G1 Evacuation Pause) 1887M->1448M(2048M) 2.760ms
[10.550s][info][gc,phases] GC(317)   Pre Evacuate Collection Set: 0.21ms
[10.550s][info][gc,phases] GC(317)   Merge Heap Roots: 0.10ms
[10.551s][info][gc,phases] GC(317)   Evacuate Collection Set: 1.63ms
[10.551s][info][gc,phases] GC(317)   Post Evacuate Collection Set: 0.37ms
[10.551s][info][gc,phases] GC(317)   Other: 0.05ms
[10.551s][info][gc       ] GC(317) Pause Young (Normal) (G1 Evacuation Pause) 1944M->1456M(2048M) 2.694ms
[10.594s][info][gc,phases] GC(318)   Pre Evacuate Collection Set: 0.23ms
[10.594s][info][gc,phases] GC(318)   Merge Heap Roots: 0.11ms
[10.594s][info][gc,phases] GC(318)   Evacuate Collection Set: 1.61ms
[10.594s][info][gc,phases] GC(318)   Post Evacuate Collection Set: 0.41ms
[10.594s][info][gc,phases] GC(318)   Other: 0.05ms
[10.594s][info][gc       ] GC(318) Pause Young (Normal) (G1 Evacuation Pause) 1944M->1465M(2048M) 2.760ms
[10.623s][info][gc,phases] GC(319)   Pre Evacuate Collection Set: 0.22ms
[10.623s][info][gc,phases] GC(319)   Merge Heap Roots: 0.11ms
[10.623s][info][gc,phases] GC(319)   Evacuate Collection Set: 1.51ms
[10.623s][info][gc,phases] GC(319)   Post Evacuate Collection Set: 0.40ms
[10.623s][info][gc,phases] GC(319)   Other: 0.05ms
[10.623s][info][gc       ] GC(319) Pause Young (Normal) (G1 Evacuation Pause) 1944M->1474M(2048M) 2.601ms
[10.652s][info][gc,phases] GC(320)   Pre Evacuate Collection Set: 0.21ms
[10.652s][info][gc,phases] GC(320)   Merge Heap Roots: 0.12ms
[10.652s][info][gc,phases] GC(320)   Evacuate Collection Set: 1.54ms
[10.652s][info][gc,phases] GC(320)   Post Evacuate Collection Set: 0.41ms
[10.652s][info][gc,phases] GC(320)   Other: 0.05ms
[10.652s][info][gc       ] GC(320) Pause Young (Normal) (G1 Evacuation Pause) 1944M->1483M(2048M) 2.672ms
[10.655s][info][gc       ] GC(314) Pause Cleanup 1514M->1514M(2048M) 0.307ms
[10.655s][info][gc       ] GC(314) Concurrent Mark Cycle 243.593ms
[10.696s][info][gc,phases] GC(321)   Pre Evacuate Collection Set: 0.24ms
[10.696s][info][gc,phases] GC(321)   Merge Heap Roots: 0.12ms
[10.696s][info][gc,phases] GC(321)   Evacuate Collection Set: 1.54ms
[10.696s][info][gc,phases] GC(321)   Post Evacuate Collection Set: 0.39ms
[10.696s][info][gc,phases] GC(321)   Other: 0.04ms
[10.696s][info][gc       ] GC(321) Pause Young (Prepare Mixed) (G1 Evacuation Pause) 1944M->1492M(2048M) 2.664ms
[10.740s][info][gc,phases] GC(322)   Pre Evacuate Collection Set: 0.20ms
[10.740s][info][gc,phases] GC(322)   Merge Heap Roots: 0.14ms
[10.740s][info][gc,phases] GC(322)   Evacuate Collection Set: 1.82ms
[10.740s][info][gc,phases] GC(322)   Post Evacuate Collection Set: 0.39ms
[10.740s][info][gc,phases] GC(322)   Other: 0.06ms
[10.740s][info][gc       ] GC(322) Pause Young (Mixed) (G1 Evacuation Pause) 1944M->1489M(2048M) 3.020ms
[10.778s][info][gc,phases] GC(323)   Pre Evacuate Collection Set: 0.30ms
[10.778s][info][gc,phases] GC(323)   Merge Heap Roots: 0.10ms
[10.779s][info][gc,phases] GC(323)   Evacuate Collection Set: 1.65ms
[10.779s][info][gc,phases] GC(323)   Post Evacuate Collection Set: 0.39ms
[10.779s][info][gc,phases] GC(323)   Other: 0.13ms
[10.779s][info][gc       ] GC(323) Pause Young (Concurrent Start) (G1 Evacuation Pause) 1944M->1498M(2048M) 2.906ms
[10.779s][info][gc       ] GC(324) Concurrent Mark Cycle
[10.806s][info][gc,phases] GC(325)   Pre Evacuate Collection Set: 0.20ms
[10.806s][info][gc,phases] GC(325)   Merge Heap Roots: 0.10ms
[10.806s][info][gc,phases] GC(325)   Evacuate Collection Set: 1.61ms
[10.806s][info][gc,phases] GC(325)   Post Evacuate Collection Set: 0.37ms
[10.806s][info][gc,phases] GC(325)   Other: 0.05ms
[10.806s][info][gc       ] GC(325) Pause Young (Normal) (G1 Evacuation Pause) 1944M->1505M(2048M) 2.652ms
[10.834s][info][gc,phases] GC(326)   Pre Evacuate Collection Set: 0.19ms
[10.834s][info][gc,phases] GC(326)   Merge Heap Roots: 0.09ms
[10.834s][info][gc,phases] GC(326)   Evacuate Collection Set: 1.58ms
[10.834s][info][gc,phases] GC(326)   Post Evacuate Collection Set: 0.41ms
[10.834s][info][gc,phases] GC(326)   Other: 0.05ms
[10.834s][info][gc       ] GC(326) Pause Young (Normal) (G1 Evacuation Pause) 1944M->1513M(2048M) 2.602ms
[10.856s][info][gc       ] GC(324) Pause Remark 1743M->1681M(2048M) 1.046ms
[10.878s][info][gc,phases] GC(327)   Pre Evacuate Collection Set: 0.19ms
[10.878s][info][gc,phases] GC(327)   Merge Heap Roots: 0.13ms
[10.878s][info][gc,phases] GC(327)   Evacuate Collection Set: 1.54ms
[10.878s][info][gc,phases] GC(327)   Post Evacuate Collection Set: 0.42ms
[10.878s][info][gc,phases] GC(327)   Other: 0.05ms
[10.878s][info][gc       ] GC(327) Pause Young (Normal) (G1 Evacuation Pause) 1882M->1459M(2048M) 2.635ms
[10.926s][info][gc,phases] GC(328)   Pre Evacuate Collection Set: 0.20ms
[10.926s][info][gc,phases] GC(328)   Merge Heap Roots: 0.12ms
[10.926s][info][gc,phases] GC(328)   Evacuate Collection Set: 1.57ms
[10.926s][info][gc,phases] GC(328)   Post Evacuate Collection Set: 0.42ms
[10.926s][info][gc,phases] GC(328)   Other: 0.05ms
[10.926s][info][gc       ] GC(328) Pause Young (Normal) (G1 Evacuation Pause) 1945M->1468M(2048M) 2.723ms
[10.973s][info][gc,phases] GC(329)   Pre Evacuate Collection Set: 0.22ms
[10.973s][info][gc,phases] GC(329)   Merge Heap Roots: 0.12ms
[10.973s][info][gc,phases] GC(329)   Evacuate Collection Set: 1.59ms
[10.973s][info][gc,phases] GC(329)   Post Evacuate Collection Set: 0.39ms
[10.973s][info][gc,phases] GC(329)   Other: 0.05ms
[10.973s][info][gc       ] GC(329) Pause Young (Normal) (G1 Evacuation Pause) 1945M->1476M(2048M) 2.734ms
[11.018s][info][gc,phases] GC(330)   Pre Evacuate Collection Set: 0.19ms
[11.019s][info][gc,phases] GC(330)   Merge Heap Roots: 0.10ms
[11.019s][info][gc,phases] GC(330)   Evacuate Collection Set: 1.51ms
[11.019s][info][gc,phases] GC(330)   Post Evacuate Collection Set: 0.41ms
[11.019s][info][gc,phases] GC(330)   Other: 0.05ms
[11.019s][info][gc       ] GC(330) Pause Young (Normal) (G1 Evacuation Pause) 1945M->1484M(2048M) 2.552ms
[11.022s][info][gc       ] GC(324) Pause Cleanup 1525M->1525M(2048M) 0.328ms
[11.022s][info][gc       ] GC(324) Concurrent Mark Cycle 243.795ms
[11.062s][info][gc,phases] GC(331)   Pre Evacuate Collection Set: 0.18ms
[11.062s][info][gc,phases] GC(331)   Merge Heap Roots: 0.10ms
[11.062s][info][gc,phases] GC(331)   Evacuate Collection Set: 1.60ms
[11.062s][info][gc,phases] GC(331)   Post Evacuate Collection Set: 0.39ms
[11.062s][info][gc,phases] GC(331)   Other: 0.05ms
[11.063s][info][gc       ] GC(331) Pause Young (Prepare Mixed) (G1 Evacuation Pause) 1945M->1493M(2048M) 2.674ms
[11.104s][info][gc,phases] GC(332)   Pre Evacuate Collection Set: 0.20ms
[11.104s][info][gc,phases] GC(332)   Merge Heap Roots: 0.15ms
[11.104s][info][gc,phases] GC(332)   Evacuate Collection Set: 1.76ms
[11.104s][info][gc,phases] GC(332)   Post Evacuate Collection Set: 0.39ms
[11.104s][info][gc,phases] GC(332)   Other: 0.05ms
[11.104s][info][gc       ] GC(332) Pause Young (Mixed) (G1 Evacuation Pause) 1945M->1487M(2048M) 2.965ms
[11.148s][info][gc,phases] GC(333)   Pre Evacuate Collection Set: 0.28ms
[11.148s][info][gc,phases] GC(333)   Merge Heap Roots: 0.10ms
[11.148s][info][gc,phases] GC(333)   Evacuate Collection Set: 1.65ms
[11.148s][info][gc,phases] GC(333)   Post Evacuate Collection Set: 0.41ms
[11.148s][info][gc,phases] GC(333)   Other: 0.10ms
[11.149s][info][gc       ] GC(333) Pause Young (Concurrent Start) (G1 Evacuation Pause) 1943M->1495M(2048M) 2.796ms
[11.149s][info][gc       ] GC(334) Concurrent Mark Cycle
[11.176s][info][gc,phases] GC(335)   Pre Evacuate Collection Set: 0.23ms
[11.176s][info][gc,phases] GC(335)   Merge Heap Roots: 0.13ms
[11.176s][info][gc,phases] GC(335)   Evacuate Collection Set: 1.65ms
[11.177s][info][gc,phases] GC(335)   Post Evacuate Collection Set: 0.38ms
[11.177s][info][gc,phases] GC(335)   Other: 0.05ms
[11.177s][info][gc       ] GC(335) Pause Young (Normal) (G1 Evacuation Pause) 1944M->1503M(2048M) 2.800ms
[11.220s][info][gc,phases] GC(336)   Pre Evacuate Collection Set: 0.22ms
[11.220s][info][gc,phases] GC(336)   Merge Heap Roots: 0.11ms
[11.220s][info][gc,phases] GC(336)   Evacuate Collection Set: 1.53ms
[11.220s][info][gc,phases] GC(336)   Post Evacuate Collection Set: 0.38ms
[11.220s][info][gc,phases] GC(336)   Other: 0.05ms
[11.220s][info][gc       ] GC(336) Pause Young (Normal) (G1 Evacuation Pause) 1945M->1511M(2048M) 2.576ms
[11.225s][info][gc       ] GC(334) Pause Remark 1554M->1493M(2048M) 0.988ms
[11.264s][info][gc,phases] GC(337)   Pre Evacuate Collection Set: 0.20ms
[11.264s][info][gc,phases] GC(337)   Merge Heap Roots: 0.12ms
[11.264s][info][gc,phases] GC(337)   Evacuate Collection Set: 1.49ms
[11.264s][info][gc,phases] GC(337)   Post Evacuate Collection Set: 0.40ms
[11.264s][info][gc,phases] GC(337)   Other: 0.05ms
[11.264s][info][gc       ] GC(337) Pause Young (Normal) (G1 Evacuation Pause) 1884M->1456M(2048M) 2.560ms
[11.311s][info][gc,phases] GC(338)   Pre Evacuate Collection Set: 0.21ms
[11.311s][info][gc,phases] GC(338)   Merge Heap Roots: 0.10ms
[11.311s][info][gc,phases] GC(338)   Evacuate Collection Set: 1.57ms
[11.312s][info][gc,phases] GC(338)   Post Evacuate Collection Set: 0.41ms
[11.312s][info][gc,phases] GC(338)   Other: 0.05ms
[11.312s][info][gc       ] GC(338) Pause Young (Normal) (G1 Evacuation Pause) 1944M->1465M(2048M) 2.594ms
[11.341s][info][gc,phases] GC(339)   Pre Evacuate Collection Set: 0.23ms
[11.341s][info][gc,phases] GC(339)   Merge Heap Roots: 0.12ms
[11.341s][info][gc,phases] GC(339)   Evacuate Collection Set: 1.62ms
[11.341s][info][gc,phases] GC(339)   Post Evacuate Collection Set: 0.39ms
[11.341s][info][gc,phases] GC(339)   Other: 0.04ms
[11.341s][info][gc       ] GC(339) Pause Young (Normal) (G1 Evacuation Pause) 1944M->1473M(2048M) 2.763ms
[11.369s][info][gc,phases] GC(340)   Pre Evacuate Collection Set: 0.21ms
[11.370s][info][gc,phases] GC(340)   Merge Heap Roots: 0.12ms
[11.370s][info][gc,phases] GC(340)   Evacuate Collection Set: 1.60ms
[11.370s][info][gc,phases] GC(340)   Post Evacuate Collection Set: 0.38ms
[11.370s][info][gc,phases] GC(340)   Other: 0.06ms
[11.370s][info][gc       ] GC(340) Pause Young (Normal) (G1 Evacuation Pause) 1943M->1482M(2048M) 2.657ms
[11.391s][info][gc       ] GC(334) Pause Cleanup 1819M->1819M(2048M) 0.348ms
[11.391s][info][gc       ] GC(334) Concurrent Mark Cycle 242.880ms
[11.405s][info][gc,phases] GC(341)   Pre Evacuate Collection Set: 0.19ms
[11.405s][info][gc,phases] GC(341)   Merge Heap Roots: 0.13ms
[11.405s][info][gc,phases] GC(341)   Evacuate Collection Set: 1.59ms
[11.405s][info][gc,phases] GC(341)   Post Evacuate Collection Set: 0.47ms
[11.405s][info][gc,phases] GC(341)   Other: 0.05ms
[11.405s][info][gc       ] GC(341) Pause Young (Prepare Mixed) (G1 Evacuation Pause) 1944M->1490M(2048M) 2.736ms
[11.449s][info][gc,phases] GC(342)   Pre Evacuate Collection Set: 0.20ms
[11.449s][info][gc,phases] GC(342)   Merge Heap Roots: 0.13ms
[11.449s][info][gc,phases] GC(342)   Evacuate Collection Set: 1.74ms
[11.449s][info][gc,phases] GC(342)   Post Evacuate Collection Set: 0.39ms
[11.449s][info][gc,phases] GC(342)   Other: 0.05ms
[11.449s][info][gc       ] GC(342) Pause Young (Mixed) (G1 Evacuation Pause) 1944M->1488M(2048M) 2.802ms
[11.493s][info][gc,phases] GC(343)   Pre Evacuate Collection Set: 0.29ms
[11.493s][info][gc,phases] GC(343)   Merge Heap Roots: 0.15ms
[11.493s][info][gc,phases] GC(343)   Evacuate Collection Set: 1.62ms
[11.493s][info][gc,phases] GC(343)   Post Evacuate Collection Set: 0.38ms
[11.493s][info][gc,phases] GC(343)   Other: 0.11ms
[11.493s][info][gc       ] GC(343) Pause Young (Concurrent Start) (G1 Evacuation Pause) 1944M->1495M(2048M) 2.845ms
[11.493s][info][gc       ] GC(344) Concurrent Mark Cycle
[11.537s][info][gc,phases] GC(345)   Pre Evacuate Collection Set: 0.21ms
[11.538s][info][gc,phases] GC(345)   Merge Heap Roots: 0.15ms
[11.538s][info][gc,phases] GC(345)   Evacuate Collection Set: 1.64ms
[11.538s][info][gc,phases] GC(345)   Post Evacuate Collection Set: 0.39ms
[11.538s][info][gc,phases] GC(345)   Other: 0.04ms
[11.538s][info][gc       ] GC(345) Pause Young (Normal) (G1 Evacuation Pause) 1944M->1503M(2048M) 2.720ms
[11.567s][info][gc       ] GC(344) Pause Remark 1810M->1751M(2048M) 1.077ms
[11.582s][info][gc,phases] GC(346)   Pre Evacuate Collection Set: 0.20ms
[11.582s][info][gc,phases] GC(346)   Merge Heap Roots: 0.13ms
[11.582s][info][gc,phases] GC(346)   Evacuate Collection Set: 1.56ms
[11.582s][info][gc,phases] GC(346)   Post Evacuate Collection Set: 0.41ms
[11.582s][info][gc,phases] GC(346)   Other: 0.05ms
[11.582s][info][gc       ] GC(346) Pause Young (Normal) (G1 Evacuation Pause) 1885M->1452M(2048M) 2.624ms
[11.630s][info][gc,phases] GC(347)   Pre Evacuate Collection Set: 0.20ms
[11.630s][info][gc,phases] GC(347)   Merge Heap Roots: 0.10ms
[11.631s][info][gc,phases] GC(347)   Evacuate Collection Set: 1.54ms
[11.631s][info][gc,phases] GC(347)   Post Evacuate Collection Set: 0.42ms
[11.631s][info][gc,phases] GC(347)   Other: 0.05ms
[11.631s][info][gc       ] GC(347) Pause Young (Normal) (G1 Evacuation Pause) 1945M->1459M(2048M) 2.659ms
[11.678s][info][gc,phases] GC(348)   Pre Evacuate Collection Set: 0.20ms
[11.678s][info][gc,phases] GC(348)   Merge Heap Roots: 0.14ms
[11.678s][info][gc,phases] GC(348)   Evacuate Collection Set: 1.73ms
[11.678s][info][gc,phases] GC(348)   Post Evacuate Collection Set: 0.38ms
[11.678s][info][gc,phases] GC(348)   Other: 0.05ms
[11.678s][info][gc       ] GC(348) Pause Young (Normal) (G1 Evacuation Pause) 1944M->1468M(2048M) 2.887ms
[11.707s][info][gc,phases] GC(349)   Pre Evacuate Collection Set: 0.22ms
[11.707s][info][gc,phases] GC(349)   Merge Heap Roots: 0.12ms
[11.707s][info][gc,phases] GC(349)   Evacuate Collection Set: 1.59ms
[11.707s][info][gc,phases] GC(349)   Post Evacuate Collection Set: 0.40ms
[11.708s][info][gc,phases] GC(349)   Other: 0.05ms
[11.708s][info][gc       ] GC(349) Pause Young (Normal) (G1 Evacuation Pause) 1944M->1477M(2048M) 2.684ms
[11.732s][info][gc       ] GC(344) Pause Cleanup 1902M->1902M(2048M) 0.361ms
[11.732s][info][gc       ] GC(344) Concurrent Mark Cycle 239.091ms
[11.738s][info][gc,phases] GC(350)   Pre Evacuate Collection Set: 0.20ms
[11.738s][info][gc,phases] GC(350)   Merge Heap Roots: 0.12ms
[11.738s][info][gc,phases] GC(350)   Evacuate Collection Set: 1.58ms
[11.738s][info][gc,phases] GC(350)   Post Evacuate Collection Set: 0.39ms
[11.738s][info][gc,phases] GC(350)   Other: 0.05ms
[11.738s][info][gc       ] GC(350) Pause Young (Prepare Mixed) (G1 Evacuation Pause) 1944M->1485M(2048M) 2.723ms
[11.783s][info][gc,phases] GC(351)   Pre Evacuate Collection Set: 0.23ms
[11.783s][info][gc,phases] GC(351)   Merge Heap Roots: 0.11ms
[11.783s][info][gc,phases] GC(351)   Evacuate Collection Set: 1.78ms
[11.783s][info][gc,phases] GC(351)   Post Evacuate Collection Set: 0.40ms
[11.783s][info][gc,phases] GC(351)   Other: 0.06ms
[11.783s][info][gc       ] GC(351) Pause Young (Mixed) (G1 Evacuation Pause) 1944M->1483M(2048M) 2.897ms
[11.828s][info][gc,phases] GC(352)   Pre Evacuate Collection Set: 0.28ms
[11.828s][info][gc,phases] GC(352)   Merge Heap Roots: 0.10ms
[11.828s][info][gc,phases] GC(352)   Evacuate Collection Set: 1.67ms
[11.828s][info][gc,phases] GC(352)   Post Evacuate Collection Set: 0.38ms
[11.828s][info][gc,phases] GC(352)   Other: 0.11ms
[11.828s][info][gc       ] GC(352) Pause Young (Concurrent Start) (G1 Evacuation Pause) 1944M->1492M(2048M) 2.856ms
[11.828s][info][gc       ] GC(353) Concurrent Mark Cycle
[11.856s][info][gc,phases] GC(354)   Pre Evacuate Collection Set: 0.21ms
[11.856s][info][gc,phases] GC(354)   Merge Heap Roots: 0.11ms
[11.856s][info][gc,phases] GC(354)   Evacuate Collection Set: 1.62ms
[11.856s][info][gc,phases] GC(354)   Post Evacuate Collection Set: 0.37ms
[11.856s][info][gc,phases] GC(354)   Other: 0.05ms
[11.857s][info][gc       ] GC(354) Pause Young (Normal) (G1 Evacuation Pause) 1944M->1499M(2048M) 2.679ms
[11.896s][info][gc,phases] GC(355)   Pre Evacuate Collection Set: 0.19ms
[11.896s][info][gc,phases] GC(355)   Merge Heap Roots: 0.12ms
[11.896s][info][gc,phases] GC(355)   Evacuate Collection Set: 1.58ms
[11.896s][info][gc,phases] GC(355)   Post Evacuate Collection Set: 0.39ms
[11.896s][info][gc,phases] GC(355)   Other: 0.04ms
[11.896s][info][gc       ] GC(355) Pause Young (Normal) (G1 Evacuation Pause) 1944M->1507M(2048M) 2.651ms
[11.905s][info][gc       ] GC(353) Pause Remark 1594M->1539M(2048M) 1.017ms
[11.940s][info][gc,phases] GC(356)   Pre Evacuate Collection Set: 0.21ms
[11.940s][info][gc,phases] GC(356)   Merge Heap Roots: 0.12ms
[11.941s][info][gc,phases] GC(356)   Evacuate Collection Set: 1.53ms
[11.941s][info][gc,phases] GC(356)   Post Evacuate Collection Set: 0.41ms
[11.941s][info][gc,phases] GC(356)   Other: 0.06ms
[11.941s][info][gc       ] GC(356) Pause Young (Normal) (G1 Evacuation Pause) 1889M->1460M(2048M) 2.632ms
[11.988s][info][gc,phases] GC(357)   Pre Evacuate Collection Set: 0.22ms
[11.988s][info][gc,phases] GC(357)   Merge Heap Roots: 0.12ms
[11.988s][info][gc,phases] GC(357)   Evacuate Collection Set: 1.50ms
[11.988s][info][gc,phases] GC(357)   Post Evacuate Collection Set: 0.39ms
[11.988s][info][gc,phases] GC(357)   Other: 0.05ms
[11.988s][info][gc       ] GC(357) Pause Young (Normal) (G1 Evacuation Pause) 1944M->1469M(2048M) 2.620ms
[12.034s][info][gc,phases] GC(358)   Pre Evacuate Collection Set: 0.22ms
[12.034s][info][gc,phases] GC(358)   Merge Heap Roots: 0.11ms
[12.034s][info][gc,phases] GC(358)   Evacuate Collection Set: 1.52ms
[12.034s][info][gc,phases] GC(358)   Post Evacuate Collection Set: 0.38ms
[12.034s][info][gc,phases] GC(358)   Other: 0.05ms
[12.034s][info][gc       ] GC(358) Pause Young (Normal) (G1 Evacuation Pause) 1944M->1477M(2048M) 2.580ms
[12.067s][info][gc       ] GC(353) Pause Cleanup 1828M->1828M(2048M) 0.356ms
[12.068s][info][gc       ] GC(353) Concurrent Mark Cycle 239.700ms
[12.080s][info][gc,phases] GC(359)   Pre Evacuate Collection Set: 0.21ms
[12.081s][info][gc,phases] GC(359)   Merge Heap Roots: 0.13ms
[12.081s][info][gc,phases] GC(359)   Evacuate Collection Set: 1.56ms
[12.081s][info][gc,phases] GC(359)   Post Evacuate Collection Set: 0.39ms
[12.081s][info][gc,phases] GC(359)   Other: 0.05ms
[12.081s][info][gc       ] GC(359) Pause Young (Prepare Mixed) (G1 Evacuation Pause) 1944M->1487M(2048M) 2.671ms
[12.125s][info][gc,phases] GC(360)   Pre Evacuate Collection Set: 0.20ms
[12.125s][info][gc,phases] GC(360)   Merge Heap Roots: 0.13ms
[12.125s][info][gc,phases] GC(360)   Evacuate Collection Set: 1.65ms
[12.125s][info][gc,phases] GC(360)   Post Evacuate Collection Set: 0.42ms
[12.125s][info][gc,phases] GC(360)   Other: 0.05ms
[12.125s][info][gc       ] GC(360) Pause Young (Mixed) (G1 Evacuation Pause) 1945M->1483M(2048M) 2.722ms
[12.169s][info][gc,phases] GC(361)   Pre Evacuate Collection Set: 0.23ms
[12.169s][info][gc,phases] GC(361)   Merge Heap Roots: 0.11ms
[12.169s][info][gc,phases] GC(361)   Evacuate Collection Set: 1.59ms
[12.170s][info][gc,phases] GC(361)   Post Evacuate Collection Set: 0.38ms
[12.170s][info][gc,phases] GC(361)   Other: 0.10ms
[12.170s][info][gc       ] GC(361) Pause Young (Concurrent Start) (G1 Evacuation Pause) 1944M->1492M(2048M) 2.763ms
[12.170s][info][gc       ] GC(362) Concurrent Mark Cycle
[12.214s][info][gc,phases] GC(363)   Pre Evacuate Collection Set: 0.20ms
[12.214s][info][gc,phases] GC(363)   Merge Heap Roots: 0.11ms
[12.214s][info][gc,phases] GC(363)   Evacuate Collection Set: 1.62ms
[12.214s][info][gc,phases] GC(363)   Post Evacuate Collection Set: 0.40ms
[12.214s][info][gc,phases] GC(363)   Other: 0.05ms
[12.214s][info][gc       ] GC(363) Pause Young (Normal) (G1 Evacuation Pause) 1944M->1499M(2048M) 2.676ms
[12.242s][info][gc,phases] GC(364)   Pre Evacuate Collection Set: 0.20ms
[12.242s][info][gc,phases] GC(364)   Merge Heap Roots: 0.12ms
[12.242s][info][gc,phases] GC(364)   Evacuate Collection Set: 1.60ms
[12.242s][info][gc,phases] GC(364)   Post Evacuate Collection Set: 0.39ms
[12.242s][info][gc,phases] GC(364)   Other: 0.05ms
[12.242s][info][gc       ] GC(364) Pause Young (Normal) (G1 Evacuation Pause) 1944M->1507M(2048M) 2.684ms
[12.247s][info][gc       ] GC(362) Pause Remark 1551M->1498M(2048M) 0.960ms
[12.286s][info][gc,phases] GC(365)   Pre Evacuate Collection Set: 0.24ms
[12.286s][info][gc,phases] GC(365)   Merge Heap Roots: 0.11ms
[12.286s][info][gc,phases] GC(365)   Evacuate Collection Set: 1.57ms
[12.286s][info][gc,phases] GC(365)   Post Evacuate Collection Set: 0.42ms
[12.287s][info][gc,phases] GC(365)   Other: 0.05ms
[12.287s][info][gc       ] GC(365) Pause Young (Normal) (G1 Evacuation Pause) 1891M->1461M(2048M) 2.730ms
[12.331s][info][gc,phases] GC(366)   Pre Evacuate Collection Set: 0.22ms
[12.331s][info][gc,phases] GC(366)   Merge Heap Roots: 0.13ms
[12.332s][info][gc,phases] GC(366)   Evacuate Collection Set: 1.63ms
[12.332s][info][gc,phases] GC(366)   Post Evacuate Collection Set: 0.44ms
[12.332s][info][gc,phases] GC(366)   Other: 0.05ms
[12.332s][info][gc       ] GC(366) Pause Young (Normal) (G1 Evacuation Pause) 1944M->1470M(2048M) 2.746ms
[12.378s][info][gc,phases] GC(367)   Pre Evacuate Collection Set: 0.22ms
[12.378s][info][gc,phases] GC(367)   Merge Heap Roots: 0.10ms
[12.378s][info][gc,phases] GC(367)   Evacuate Collection Set: 1.54ms
[12.378s][info][gc,phases] GC(367)   Post Evacuate Collection Set: 0.39ms
[12.378s][info][gc,phases] GC(367)   Other: 0.05ms
[12.378s][info][gc       ] GC(367) Pause Young (Normal) (G1 Evacuation Pause) 1944M->1479M(2048M) 2.614ms
[12.407s][info][gc,phases] GC(368)   Pre Evacuate Collection Set: 0.22ms
[12.407s][info][gc,phases] GC(368)   Merge Heap Roots: 0.13ms
[12.407s][info][gc,phases] GC(368)   Evacuate Collection Set: 1.74ms
[12.407s][info][gc,phases] GC(368)   Post Evacuate Collection Set: 0.40ms
[12.407s][info][gc,phases] GC(368)   Other: 0.05ms
[12.407s][info][gc       ] GC(368) Pause Young (Normal) (G1 Evacuation Pause) 1945M->1487M(2048M) 2.919ms
[12.413s][info][gc       ] GC(362) Pause Cleanup 1574M->1574M(2048M) 0.343ms
[12.413s][info][gc       ] GC(362) Concurrent Mark Cycle 243.764ms
[12.449s][info][gc,phases] GC(369)   Pre Evacuate Collection Set: 0.19ms
[12.449s][info][gc,phases] GC(369)   Merge Heap Roots: 0.11ms
[12.449s][info][gc,phases] GC(369)   Evacuate Collection Set: 1.56ms
[12.449s][info][gc,phases] GC(369)   Post Evacuate Collection Set: 0.39ms
[12.449s][info][gc,phases] GC(369)   Other: 0.05ms
[12.449s][info][gc       ] GC(369) Pause Young (Prepare Mixed) (G1 Evacuation Pause) 1944M->1495M(2048M) 2.652ms
[12.493s][info][gc,phases] GC(370)   Pre Evacuate Collection Set: 0.21ms
[12.493s][info][gc,phases] GC(370)   Merge Heap Roots: 0.12ms
[12.493s][info][gc,phases] GC(370)   Evacuate Collection Set: 1.76ms
[12.493s][info][gc,phases] GC(370)   Post Evacuate Collection Set: 0.38ms
[12.493s][info][gc,phases] GC(370)   Other: 0.05ms
[12.493s][info][gc       ] GC(370) Pause Young (Mixed) (G1 Evacuation Pause) 1944M->1490M(2048M) 2.920ms
[12.535s][info][gc,phases] GC(371)   Pre Evacuate Collection Set: 0.30ms
[12.535s][info][gc,phases] GC(371)   Merge Heap Roots: 0.13ms
[12.535s][info][gc,phases] GC(371)   Evacuate Collection Set: 1.35ms
[12.535s][info][gc,phases] GC(371)   Post Evacuate Collection Set: 0.39ms
[12.535s][info][gc,phases] GC(371)   Other: 0.11ms
[12.535s][info][gc       ] GC(371) Pause Young (Concurrent Start) (G1 Evacuation Pause) 1944M->1497M(2048M) 2.587ms
[12.535s][info][gc       ] GC(372) Concurrent Mark Cycle
[12.579s][info][gc,phases] GC(373)   Pre Evacuate Collection Set: 0.23ms
[12.579s][info][gc,phases] GC(373)   Merge Heap Roots: 0.12ms
[12.579s][info][gc,phases] GC(373)   Evacuate Collection Set: 1.48ms
[12.579s][info][gc,phases] GC(373)   Post Evacuate Collection Set: 0.37ms
[12.579s][info][gc,phases] GC(373)   Other: 0.04ms
[12.579s][info][gc       ] GC(373) Pause Young (Normal) (G1 Evacuation Pause) 1943M->1506M(2048M) 2.550ms
[12.609s][info][gc       ] GC(372) Pause Remark 1818M->1760M(2048M) 1.044ms
[12.624s][info][gc,phases] GC(374)   Pre Evacuate Collection Set: 0.21ms
[12.624s][info][gc,phases] GC(374)   Merge Heap Roots: 0.13ms
[12.624s][info][gc,phases] GC(374)   Evacuate Collection Set: 1.63ms
[12.624s][info][gc,phases] GC(374)   Post Evacuate Collection Set: 0.41ms
[12.624s][info][gc,phases] GC(374)   Other: 0.05ms
[12.624s][info][gc       ] GC(374) Pause Young (Normal) (G1 Evacuation Pause) 1886M->1455M(2048M) 2.720ms
[12.672s][info][gc,phases] GC(375)   Pre Evacuate Collection Set: 0.20ms
[12.672s][info][gc,phases] GC(375)   Merge Heap Roots: 0.10ms
[12.672s][info][gc,phases] GC(375)   Evacuate Collection Set: 1.71ms
[12.672s][info][gc,phases] GC(375)   Post Evacuate Collection Set: 0.39ms
[12.672s][info][gc,phases] GC(375)   Other: 0.06ms
[12.672s][info][gc       ] GC(375) Pause Young (Normal) (G1 Evacuation Pause) 1944M->1463M(2048M) 2.825ms
[12.719s][info][gc,phases] GC(376)   Pre Evacuate Collection Set: 0.21ms
[12.719s][info][gc,phases] GC(376)   Merge Heap Roots: 0.11ms
[12.719s][info][gc,phases] GC(376)   Evacuate Collection Set: 1.58ms
[12.719s][info][gc,phases] GC(376)   Post Evacuate Collection Set: 0.39ms
[12.719s][info][gc,phases] GC(376)   Other: 0.05ms
[12.719s][info][gc       ] GC(376) Pause Young (Normal) (G1 Evacuation Pause) 1944M->1471M(2048M) 2.657ms
[12.748s][info][gc,phases] GC(377)   Pre Evacuate Collection Set: 0.20ms
[12.748s][info][gc,phases] GC(377)   Merge Heap Roots: 0.12ms
[12.748s][info][gc,phases] GC(377)   Evacuate Collection Set: 1.59ms
[12.748s][info][gc,phases] GC(377)   Post Evacuate Collection Set: 0.39ms
[12.748s][info][gc,phases] GC(377)   Other: 0.05ms
[12.748s][info][gc       ] GC(377) Pause Young (Normal) (G1 Evacuation Pause) 1943M->1480M(2048M) 2.629ms
[12.774s][info][gc       ] GC(372) Pause Cleanup 1939M->1939M(2048M) 0.396ms
[12.777s][info][gc,phases] GC(378)   Pre Evacuate Collection Set: 0.22ms
[12.777s][info][gc,phases] GC(378)   Merge Heap Roots: 0.11ms
[12.777s][info][gc,phases] GC(378)   Evacuate Collection Set: 1.57ms
[12.777s][info][gc,phases] GC(378)   Post Evacuate Collection Set: 0.39ms
[12.777s][info][gc,phases] GC(378)   Other: 0.05ms
[12.777s][info][gc       ] GC(378) Pause Young (Prepare Mixed) (G1 Evacuation Pause) 1944M->1489M(2048M) 2.677ms
[12.777s][info][gc       ] GC(372) Concurrent Mark Cycle 242.119ms
[12.821s][info][gc,phases] GC(379)   Pre Evacuate Collection Set: 0.21ms
[12.821s][info][gc,phases] GC(379)   Merge Heap Roots: 0.14ms
[12.822s][info][gc,phases] GC(379)   Evacuate Collection Set: 1.74ms
[12.822s][info][gc,phases] GC(379)   Post Evacuate Collection Set: 0.41ms
[12.822s][info][gc,phases] GC(379)   Other: 0.05ms
[12.822s][info][gc       ] GC(379) Pause Young (Mixed) (G1 Evacuation Pause) 1944M->1483M(2048M) 2.945ms
[12.866s][info][gc,phases] GC(380)   Pre Evacuate Collection Set: 0.29ms
[12.866s][info][gc,phases] GC(380)   Merge Heap Roots: 0.12ms
[12.866s][info][gc,phases] GC(380)   Evacuate Collection Set: 1.55ms
[12.866s][info][gc,phases] GC(380)   Post Evacuate Collection Set: 0.40ms
[12.866s][info][gc,phases] GC(380)   Other: 0.11ms
[12.867s][info][gc       ] GC(380) Pause Young (Concurrent Start) (G1 Evacuation Pause) 1944M->1491M(2048M) 2.843ms
[12.867s][info][gc       ] GC(381) Concurrent Mark Cycle
[12.911s][info][gc,phases] GC(382)   Pre Evacuate Collection Set: 0.20ms
[12.911s][info][gc,phases] GC(382)   Merge Heap Roots: 0.12ms
[12.911s][info][gc,phases] GC(382)   Evacuate Collection Set: 1.54ms
[12.911s][info][gc,phases] GC(382)   Post Evacuate Collection Set: 0.41ms
[12.911s][info][gc,phases] GC(382)   Other: 0.05ms
[12.911s][info][gc       ] GC(382) Pause Young (Normal) (G1 Evacuation Pause) 1944M->1499M(2048M) 2.623ms
[12.941s][info][gc       ] GC(381) Pause Remark 1810M->1759M(2048M) 1.050ms
[12.956s][info][gc,phases] GC(383)   Pre Evacuate Collection Set: 0.21ms
[12.956s][info][gc,phases] GC(383)   Merge Heap Roots: 0.12ms
[12.956s][info][gc,phases] GC(383)   Evacuate Collection Set: 1.55ms
[12.957s][info][gc,phases] GC(383)   Post Evacuate Collection Set: 0.44ms
[12.957s][info][gc,phases] GC(383)   Other: 0.05ms
[12.957s][info][gc       ] GC(383) Pause Young (Normal) (G1 Evacuation Pause) 1893M->1456M(2048M) 2.632ms
[13.004s][info][gc,phases] GC(384)   Pre Evacuate Collection Set: 0.23ms
[13.004s][info][gc,phases] GC(384)   Merge Heap Roots: 0.12ms
[13.004s][info][gc,phases] GC(384)   Evacuate Collection Set: 1.60ms
[13.004s][info][gc,phases] GC(384)   Post Evacuate Collection Set: 0.39ms
[13.004s][info][gc,phases] GC(384)   Other: 0.05ms
[13.004s][info][gc       ] GC(384) Pause Young (Normal) (G1 Evacuation Pause) 1944M->1465M(2048M) 2.703ms
[13.051s][info][gc,phases] GC(385)   Pre Evacuate Collection Set: 0.23ms
[13.051s][info][gc,phases] GC(385)   Merge Heap Roots: 0.12ms
[13.051s][info][gc,phases] GC(385)   Evacuate Collection Set: 1.67ms
[13.051s][info][gc,phases] GC(385)   Post Evacuate Collection Set: 0.38ms
[13.051s][info][gc,phases] GC(385)   Other: 0.04ms
[13.051s][info][gc       ] GC(385) Pause Young (Normal) (G1 Evacuation Pause) 1944M->1474M(2048M) 2.823ms
[13.097s][info][gc,phases] GC(386)   Pre Evacuate Collection Set: 0.20ms
[13.097s][info][gc,phases] GC(386)   Merge Heap Roots: 0.12ms
[13.097s][info][gc,phases] GC(386)   Evacuate Collection Set: 1.66ms
[13.097s][info][gc,phases] GC(386)   Post Evacuate Collection Set: 0.41ms
[13.097s][info][gc,phases] GC(386)   Other: 0.05ms
[13.098s][info][gc       ] GC(386) Pause Young (Normal) (G1 Evacuation Pause) 1944M->1482M(2048M) 2.739ms
[13.106s][info][gc       ] GC(381) Pause Cleanup 1618M->1618M(2048M) 0.355ms
[13.106s][info][gc       ] GC(381) Concurrent Mark Cycle 239.878ms
[13.138s][info][gc,phases] GC(387)   Pre Evacuate Collection Set: 0.20ms
[13.138s][info][gc,phases] GC(387)   Merge Heap Roots: 0.11ms
[13.138s][info][gc,phases] GC(387)   Evacuate Collection Set: 1.66ms
[13.138s][info][gc,phases] GC(387)   Post Evacuate Collection Set: 0.39ms
[13.138s][info][gc,phases] GC(387)   Other: 0.05ms
[13.138s][info][gc       ] GC(387) Pause Young (Prepare Mixed) (G1 Evacuation Pause) 1944M->1491M(2048M) 2.715ms
[13.182s][info][gc,phases] GC(388)   Pre Evacuate Collection Set: 0.21ms
[13.182s][info][gc,phases] GC(388)   Merge Heap Roots: 0.12ms
[13.182s][info][gc,phases] GC(388)   Evacuate Collection Set: 1.68ms
[13.182s][info][gc,phases] GC(388)   Post Evacuate Collection Set: 0.38ms
[13.182s][info][gc,phases] GC(388)   Other: 0.05ms
[13.182s][info][gc       ] GC(388) Pause Young (Mixed) (G1 Evacuation Pause) 1944M->1483M(2048M) 2.824ms
[13.224s][info][gc,phases] GC(389)   Pre Evacuate Collection Set: 0.26ms
[13.224s][info][gc,phases] GC(389)   Merge Heap Roots: 0.12ms
[13.224s][info][gc,phases] GC(389)   Evacuate Collection Set: 1.59ms
[13.224s][info][gc,phases] GC(389)   Post Evacuate Collection Set: 0.38ms
[13.224s][info][gc,phases] GC(389)   Other: 0.10ms
[13.224s][info][gc       ] GC(389) Pause Young (Concurrent Start) (G1 Evacuation Pause) 1944M->1492M(2048M) 2.814ms
[13.224s][info][gc       ] GC(390) Concurrent Mark Cycle
[13.257s][info][gc,phases] GC(391)   Pre Evacuate Collection Set: 0.22ms
[13.258s][info][gc,phases] GC(391)   Merge Heap Roots: 0.11ms
[13.258s][info][gc,phases] GC(391)   Evacuate Collection Set: 1.56ms
[13.258s][info][gc,phases] GC(391)   Post Evacuate Collection Set: 0.40ms
[13.258s][info][gc,phases] GC(391)   Other: 0.04ms
[13.258s][info][gc       ] GC(391) Pause Young (Normal) (G1 Evacuation Pause) 1945M->1500M(2048M) 2.707ms
[13.298s][info][gc       ] GC(390) Pause Remark 1924M->1870M(2048M) 1.022ms
[13.303s][info][gc,phases] GC(392)   Pre Evacuate Collection Set: 0.18ms
[13.303s][info][gc,phases] GC(392)   Merge Heap Roots: 0.13ms
[13.303s][info][gc,phases] GC(392)   Evacuate Collection Set: 1.55ms
[13.303s][info][gc,phases] GC(392)   Post Evacuate Collection Set: 0.41ms
[13.303s][info][gc,phases] GC(392)   Other: 0.05ms
[13.303s][info][gc       ] GC(392) Pause Young (Normal) (G1 Evacuation Pause) 1890M->1454M(2048M) 2.601ms
[13.352s][info][gc,phases] GC(393)   Pre Evacuate Collection Set: 0.22ms
[13.352s][info][gc,phases] GC(393)   Merge Heap Roots: 0.13ms
[13.352s][info][gc,phases] GC(393)   Evacuate Collection Set: 1.64ms
[13.352s][info][gc,phases] GC(393)   Post Evacuate Collection Set: 0.39ms
[13.352s][info][gc,phases] GC(393)   Other: 0.05ms
[13.352s][info][gc       ] GC(393) Pause Young (Normal) (G1 Evacuation Pause) 1945M->1462M(2048M) 2.703ms
[13.399s][info][gc,phases] GC(394)   Pre Evacuate Collection Set: 0.21ms
[13.399s][info][gc,phases] GC(394)   Merge Heap Roots: 0.11ms
[13.399s][info][gc,phases] GC(394)   Evacuate Collection Set: 1.65ms
[13.399s][info][gc,phases] GC(394)   Post Evacuate Collection Set: 0.39ms
[13.399s][info][gc,phases] GC(394)   Other: 0.05ms
[13.399s][info][gc       ] GC(394) Pause Young (Normal) (G1 Evacuation Pause) 1944M->1470M(2048M) 2.704ms
[13.428s][info][gc,phases] GC(395)   Pre Evacuate Collection Set: 0.22ms
[13.428s][info][gc,phases] GC(395)   Merge Heap Roots: 0.11ms
[13.428s][info][gc,phases] GC(395)   Evacuate Collection Set: 1.66ms
[13.428s][info][gc,phases] GC(395)   Post Evacuate Collection Set: 0.39ms
[13.428s][info][gc,phases] GC(395)   Other: 0.05ms
[13.428s][info][gc       ] GC(395) Pause Young (Normal) (G1 Evacuation Pause) 1944M->1479M(2048M) 2.761ms
[13.456s][info][gc,phases] GC(396)   Pre Evacuate Collection Set: 0.20ms
[13.457s][info][gc,phases] GC(396)   Merge Heap Roots: 0.12ms
[13.457s][info][gc,phases] GC(396)   Evacuate Collection Set: 1.56ms
[13.457s][info][gc,phases] GC(396)   Post Evacuate Collection Set: 0.43ms
[13.457s][info][gc,phases] GC(396)   Other: 0.04ms
[13.457s][info][gc       ] GC(396) Pause Young (Normal) (G1 Evacuation Pause) 1944M->1487M(2048M) 2.630ms
[13.466s][info][gc       ] GC(390) Pause Cleanup 1646M->1646M(2048M) 0.322ms
[13.467s][info][gc       ] GC(390) Concurrent Mark Cycle 242.921ms
[13.496s][info][gc,phases] GC(397)   Pre Evacuate Collection Set: 0.20ms
[13.496s][info][gc,phases] GC(397)   Merge Heap Roots: 0.13ms
[13.496s][info][gc,phases] GC(397)   Evacuate Collection Set: 1.65ms
[13.496s][info][gc,phases] GC(397)   Post Evacuate Collection Set: 0.39ms
[13.496s][info][gc,phases] GC(397)   Other: 0.05ms
[13.496s][info][gc       ] GC(397) Pause Young (Prepare Mixed) (G1 Evacuation Pause) 1944M->1495M(2048M) 2.708ms
[13.538s][info][gc,phases] GC(398)   Pre Evacuate Collection Set: 0.23ms
[13.538s][info][gc,phases] GC(398)   Merge Heap Roots: 0.13ms
[13.538s][info][gc,phases] GC(398)   Evacuate Collection Set: 1.84ms
[13.538s][info][gc,phases] GC(398)   Post Evacuate Collection Set: 0.39ms
[13.538s][info][gc,phases] GC(398)   Other: 0.05ms
[13.538s][info][gc       ] GC(398) Pause Young (Mixed) (G1 Evacuation Pause) 1944M->1492M(2048M) 2.925ms
[13.582s][info][gc,phases] GC(399)   Pre Evacuate Collection Set: 0.29ms
[13.582s][info][gc,phases] GC(399)   Merge Heap Roots: 0.11ms
[13.582s][info][gc,phases] GC(399)   Evacuate Collection Set: 1.60ms
[13.582s][info][gc,phases] GC(399)   Post Evacuate Collection Set: 0.37ms
[13.582s][info][gc,phases] GC(399)   Other: 0.10ms
[13.582s][info][gc       ] GC(399) Pause Young (Concurrent Start) (G1 Evacuation Pause) 1944M->1500M(2048M) 2.809ms
[13.582s][info][gc       ] GC(400) Concurrent Mark Cycle
[13.624s][info][gc,phases] GC(401)   Pre Evacuate Collection Set: 0.21ms
[13.624s][info][gc,phases] GC(401)   Merge Heap Roots: 0.12ms
[13.624s][info][gc,phases] GC(401)   Evacuate Collection Set: 1.59ms
[13.624s][info][gc,phases] GC(401)   Post Evacuate Collection Set: 0.38ms
[13.624s][info][gc,phases] GC(401)   Other: 0.05ms
[13.624s][info][gc       ] GC(401) Pause Young (Normal) (G1 Evacuation Pause) 1945M->1508M(2048M) 2.734ms
[13.656s][info][gc       ] GC(400) Pause Remark 1841M->1776M(2048M) 1.059ms
[13.665s][info][gc,phases] GC(402)   Pre Evacuate Collection Set: 0.19ms
[13.665s][info][gc,phases] GC(402)   Merge Heap Roots: 0.12ms
[13.665s][info][gc,phases] GC(402)   Evacuate Collection Set: 1.60ms
[13.665s][info][gc,phases] GC(402)   Post Evacuate Collection Set: 0.40ms
[13.665s][info][gc,phases] GC(402)   Other: 0.05ms
[13.665s][info][gc       ] GC(402) Pause Young (Normal) (G1 Evacuation Pause) 1880M->1451M(2048M) 2.723ms
[13.713s][info][gc,phases] GC(403)   Pre Evacuate Collection Set: 0.20ms
[13.713s][info][gc,phases] GC(403)   Merge Heap Roots: 0.12ms
[13.713s][info][gc,phases] GC(403)   Evacuate Collection Set: 1.55ms
[13.713s][info][gc,phases] GC(403)   Post Evacuate Collection Set: 0.40ms
[13.713s][info][gc,phases] GC(403)   Other: 0.06ms
[13.713s][info][gc       ] GC(403) Pause Young (Normal) (G1 Evacuation Pause) 1945M->1459M(2048M) 2.671ms
[13.761s][info][gc,phases] GC(404)   Pre Evacuate Collection Set: 0.21ms
[13.761s][info][gc,phases] GC(404)   Merge Heap Roots: 0.13ms
[13.761s][info][gc,phases] GC(404)   Evacuate Collection Set: 1.56ms
[13.761s][info][gc,phases] GC(404)   Post Evacuate Collection Set: 0.43ms
[13.761s][info][gc,phases] GC(404)   Other: 0.05ms
[13.761s][info][gc       ] GC(404) Pause Young (Normal) (G1 Evacuation Pause) 1945M->1467M(2048M) 2.679ms
[13.790s][info][gc,phases] GC(405)   Pre Evacuate Collection Set: 0.20ms
[13.790s][info][gc,phases] GC(405)   Merge Heap Roots: 0.14ms
[13.791s][info][gc,phases] GC(405)   Evacuate Collection Set: 1.64ms
[13.791s][info][gc,phases] GC(405)   Post Evacuate Collection Set: 0.40ms
[13.791s][info][gc,phases] GC(405)   Other: 0.05ms
[13.791s][info][gc       ] GC(405) Pause Young (Normal) (G1 Evacuation Pause) 1944M->1476M(2048M) 2.994ms
[13.821s][info][gc       ] GC(400) Pause Cleanup 1819M->1819M(2048M) 0.347ms
[13.822s][info][gc       ] GC(400) Concurrent Mark Cycle 240.309ms
[13.835s][info][gc,phases] GC(406)   Pre Evacuate Collection Set: 0.20ms
[13.835s][info][gc,phases] GC(406)   Merge Heap Roots: 0.09ms
[13.835s][info][gc,phases] GC(406)   Evacuate Collection Set: 1.57ms
[13.835s][info][gc,phases] GC(406)   Post Evacuate Collection Set: 0.40ms
[13.835s][info][gc,phases] GC(406)   Other: 0.05ms
[13.836s][info][gc       ] GC(406) Pause Young (Prepare Mixed) (G1 Evacuation Pause) 1944M->1484M(2048M) 2.648ms
[13.880s][info][gc,phases] GC(407)   Pre Evacuate Collection Set: 0.22ms
[13.880s][info][gc,phases] GC(407)   Merge Heap Roots: 0.10ms
[13.880s][info][gc,phases] GC(407)   Evacuate Collection Set: 1.76ms
[13.880s][info][gc,phases] GC(407)   Post Evacuate Collection Set: 0.39ms
[13.880s][info][gc,phases] GC(407)   Other: 0.06ms
[13.880s][info][gc       ] GC(407) Pause Young (Mixed) (G1 Evacuation Pause) 1944M->1482M(2048M) 2.963ms
[13.925s][info][gc,phases] GC(408)   Pre Evacuate Collection Set: 0.27ms
[13.925s][info][gc,phases] GC(408)   Merge Heap Roots: 0.11ms
[13.925s][info][gc,phases] GC(408)   Evacuate Collection Set: 1.68ms
[13.925s][info][gc,phases] GC(408)   Post Evacuate Collection Set: 0.39ms
[13.925s][info][gc,phases] GC(408)   Other: 0.11ms
[13.925s][info][gc       ] GC(408) Pause Young (Concurrent Start) (G1 Evacuation Pause) 1944M->1490M(2048M) 2.950ms
[13.925s][info][gc       ] GC(409) Concurrent Mark Cycle
[13.969s][info][gc,phases] GC(410)   Pre Evacuate Collection Set: 0.21ms
[13.970s][info][gc,phases] GC(410)   Merge Heap Roots: 0.12ms
[13.970s][info][gc,phases] GC(410)   Evacuate Collection Set: 1.58ms
[13.970s][info][gc,phases] GC(410)   Post Evacuate Collection Set: 0.38ms
[13.970s][info][gc,phases] GC(410)   Other: 0.05ms
[13.970s][info][gc       ] GC(410) Pause Young (Normal) (G1 Evacuation Pause) 1944M->1498M(2048M) 2.703ms
[14.003s][info][gc       ] GC(409) Pause Remark 1850M->1794M(2048M) 1.027ms
[14.014s][info][gc,phases] GC(411)   Pre Evacuate Collection Set: 0.22ms
[14.015s][info][gc,phases] GC(411)   Merge Heap Roots: 0.13ms
[14.015s][info][gc,phases] GC(411)   Evacuate Collection Set: 1.46ms
[14.015s][info][gc,phases] GC(411)   Post Evacuate Collection Set: 0.41ms
[14.015s][info][gc,phases] GC(411)   Other: 0.05ms
[14.015s][info][gc       ] GC(411) Pause Young (Normal) (G1 Evacuation Pause) 1887M->1450M(2048M) 2.563ms
[14.063s][info][gc,phases] GC(412)   Pre Evacuate Collection Set: 0.21ms
[14.063s][info][gc,phases] GC(412)   Merge Heap Roots: 0.12ms
[14.063s][info][gc,phases] GC(412)   Evacuate Collection Set: 1.58ms
[14.063s][info][gc,phases] GC(412)   Post Evacuate Collection Set: 0.42ms
[14.063s][info][gc,phases] GC(412)   Other: 0.05ms
[14.063s][info][gc       ] GC(412) Pause Young (Normal) (G1 Evacuation Pause) 1944M->1459M(2048M) 2.651ms
[14.092s][info][gc,phases] GC(413)   Pre Evacuate Collection Set: 0.19ms
[14.093s][info][gc,phases] GC(413)   Merge Heap Roots: 0.12ms
[14.093s][info][gc,phases] GC(413)   Evacuate Collection Set: 1.62ms
[14.093s][info][gc,phases] GC(413)   Post Evacuate Collection Set: 0.39ms
[14.093s][info][gc,phases] GC(413)   Other: 0.05ms
[14.093s][info][gc       ] GC(413) Pause Young (Normal) (G1 Evacuation Pause) 1944M->1468M(2048M) 2.654ms
[14.122s][info][gc,phases] GC(414)   Pre Evacuate Collection Set: 0.22ms
[14.122s][info][gc,phases] GC(414)   Merge Heap Roots: 0.11ms
[14.122s][info][gc,phases] GC(414)   Evacuate Collection Set: 1.58ms
[14.122s][info][gc,phases] GC(414)   Post Evacuate Collection Set: 0.41ms
[14.122s][info][gc,phases] GC(414)   Other: 0.05ms
[14.122s][info][gc       ] GC(414) Pause Young (Normal) (G1 Evacuation Pause) 1944M->1476M(2048M) 2.651ms
[14.167s][info][gc,phases] GC(415)   Pre Evacuate Collection Set: 0.20ms
[14.167s][info][gc,phases] GC(415)   Merge Heap Roots: 0.11ms
[14.168s][info][gc,phases] GC(415)   Evacuate Collection Set: 1.58ms
[14.168s][info][gc,phases] GC(415)   Post Evacuate Collection Set: 0.38ms
[14.168s][info][gc,phases] GC(415)   Other: 0.05ms
[14.168s][info][gc       ] GC(415) Pause Young (Normal) (G1 Evacuation Pause) 1944M->1484M(2048M) 2.654ms
[14.170s][info][gc       ] GC(409) Pause Cleanup 1523M->1523M(2048M) 0.351ms
[14.171s][info][gc       ] GC(409) Concurrent Mark Cycle 245.682ms
[14.212s][info][gc,phases] GC(416)   Pre Evacuate Collection Set: 0.21ms
[14.212s][info][gc,phases] GC(416)   Merge Heap Roots: 0.12ms
[14.212s][info][gc,phases] GC(416)   Evacuate Collection Set: 1.69ms
[14.212s][info][gc,phases] GC(416)   Post Evacuate Collection Set: 0.43ms
[14.212s][info][gc,phases] GC(416)   Other: 0.05ms
[14.212s][info][gc       ] GC(416) Pause Young (Prepare Mixed) (G1 Evacuation Pause) 1944M->1491M(2048M) 3.017ms
[14.257s][info][gc,phases] GC(417)   Pre Evacuate Collection Set: 0.21ms
[14.257s][info][gc,phases] GC(417)   Merge Heap Roots: 0.13ms
[14.257s][info][gc,phases] GC(417)   Evacuate Collection Set: 1.84ms
[14.257s][info][gc,phases] GC(417)   Post Evacuate Collection Set: 0.40ms
[14.257s][info][gc,phases] GC(417)   Other: 0.05ms
[14.257s][info][gc       ] GC(417) Pause Young (Mixed) (G1 Evacuation Pause) 1943M->1488M(2048M) 2.983ms
[14.301s][info][gc,phases] GC(418)   Pre Evacuate Collection Set: 0.27ms
[14.301s][info][gc,phases] GC(418)   Merge Heap Roots: 0.10ms
[14.301s][info][gc,phases] GC(418)   Evacuate Collection Set: 1.68ms
[14.301s][info][gc,phases] GC(418)   Post Evacuate Collection Set: 0.38ms
[14.301s][info][gc,phases] GC(418)   Other: 0.10ms
[14.301s][info][gc       ] GC(418) Pause Young (Concurrent Start) (G1 Evacuation Pause) 1944M->1497M(2048M) 2.838ms
[14.301s][info][gc       ] GC(419) Concurrent Mark Cycle
[14.345s][info][gc,phases] GC(420)   Pre Evacuate Collection Set: 0.20ms
[14.345s][info][gc,phases] GC(420)   Merge Heap Roots: 0.11ms
[14.345s][info][gc,phases] GC(420)   Evacuate Collection Set: 1.56ms
[14.345s][info][gc,phases] GC(420)   Post Evacuate Collection Set: 0.39ms
[14.345s][info][gc,phases] GC(420)   Other: 0.05ms
[14.345s][info][gc       ] GC(420) Pause Young (Normal) (G1 Evacuation Pause) 1944M->1505M(2048M) 2.617ms
[14.375s][info][gc       ] GC(419) Pause Remark 1822M->1764M(2048M) 1.082ms
[14.389s][info][gc,phases] GC(421)   Pre Evacuate Collection Set: 0.22ms
[14.389s][info][gc,phases] GC(421)   Merge Heap Roots: 0.12ms
[14.389s][info][gc,phases] GC(421)   Evacuate Collection Set: 1.53ms
[14.389s][info][gc,phases] GC(421)   Post Evacuate Collection Set: 0.43ms
[14.390s][info][gc,phases] GC(421)   Other: 0.05ms
[14.390s][info][gc       ] GC(421) Pause Young (Normal) (G1 Evacuation Pause) 1886M->1455M(2048M) 2.687ms
[14.437s][info][gc,phases] GC(422)   Pre Evacuate Collection Set: 0.20ms
[14.437s][info][gc,phases] GC(422)   Merge Heap Roots: 0.13ms
[14.437s][info][gc,phases] GC(422)   Evacuate Collection Set: 1.57ms
[14.437s][info][gc,phases] GC(422)   Post Evacuate Collection Set: 0.41ms
[14.437s][info][gc,phases] GC(422)   Other: 0.05ms
[14.437s][info][gc       ] GC(422) Pause Young (Normal) (G1 Evacuation Pause) 1944M->1463M(2048M) 2.652ms
[14.484s][info][gc,phases] GC(423)   Pre Evacuate Collection Set: 0.20ms
[14.484s][info][gc,phases] GC(423)   Merge Heap Roots: 0.09ms
[14.484s][info][gc,phases] GC(423)   Evacuate Collection Set: 1.58ms
[14.484s][info][gc,phases] GC(423)   Post Evacuate Collection Set: 0.39ms
[14.484s][info][gc,phases] GC(423)   Other: 0.05ms
[14.485s][info][gc       ] GC(423) Pause Young (Normal) (G1 Evacuation Pause) 1944M->1473M(2048M) 2.647ms
[14.513s][info][gc,phases] GC(424)   Pre Evacuate Collection Set: 0.22ms
[14.513s][info][gc,phases] GC(424)   Merge Heap Roots: 0.08ms
[14.513s][info][gc,phases] GC(424)   Evacuate Collection Set: 1.62ms
[14.513s][info][gc,phases] GC(424)   Post Evacuate Collection Set: 0.39ms
[14.513s][info][gc,phases] GC(424)   Other: 0.06ms
[14.513s][info][gc       ] GC(424) Pause Young (Normal) (G1 Evacuation Pause) 1945M->1481M(2048M) 2.622ms
[14.539s][info][gc       ] GC(419) Pause Cleanup 1937M->1937M(2048M) 0.398ms
[14.540s][info][gc       ] GC(419) Concurrent Mark Cycle 239.188ms
[14.542s][info][gc,phases] GC(425)   Pre Evacuate Collection Set: 0.19ms
[14.543s][info][gc,phases] GC(425)   Merge Heap Roots: 0.12ms
[14.543s][info][gc,phases] GC(425)   Evacuate Collection Set: 1.51ms
[14.543s][info][gc,phases] GC(425)   Post Evacuate Collection Set: 0.40ms
[14.543s][info][gc,phases] GC(425)   Other: 0.05ms
[14.543s][info][gc       ] GC(425) Pause Young (Prepare Mixed) (G1 Evacuation Pause) 1945M->1488M(2048M) 2.560ms
[14.587s][info][gc,phases] GC(426)   Pre Evacuate Collection Set: 0.22ms
[14.587s][info][gc,phases] GC(426)   Merge Heap Roots: 0.12ms
[14.587s][info][gc,phases] GC(426)   Evacuate Collection Set: 1.73ms
[14.587s][info][gc,phases] GC(426)   Post Evacuate Collection Set: 0.40ms
[14.587s][info][gc,phases] GC(426)   Other: 0.05ms
[14.587s][info][gc       ] GC(426) Pause Young (Mixed) (G1 Evacuation Pause) 1944M->1486M(2048M) 2.810ms
[14.632s][info][gc,phases] GC(427)   Pre Evacuate Collection Set: 0.26ms
[14.632s][info][gc,phases] GC(427)   Merge Heap Roots: 0.11ms
[14.632s][info][gc,phases] GC(427)   Evacuate Collection Set: 1.63ms
[14.632s][info][gc,phases] GC(427)   Post Evacuate Collection Set: 0.38ms
[14.632s][info][gc,phases] GC(427)   Other: 0.10ms
[14.632s][info][gc       ] GC(427) Pause Young (Concurrent Start) (G1 Evacuation Pause) 1945M->1493M(2048M) 2.841ms
[14.632s][info][gc       ] GC(428) Concurrent Mark Cycle
[14.676s][info][gc,phases] GC(429)   Pre Evacuate Collection Set: 0.22ms
[14.676s][info][gc,phases] GC(429)   Merge Heap Roots: 0.12ms
[14.676s][info][gc,phases] GC(429)   Evacuate Collection Set: 1.53ms
[14.676s][info][gc,phases] GC(429)   Post Evacuate Collection Set: 0.39ms
[14.676s][info][gc,phases] GC(429)   Other: 0.05ms
[14.676s][info][gc       ] GC(429) Pause Young (Normal) (G1 Evacuation Pause) 1944M->1501M(2048M) 2.715ms
[14.705s][info][gc       ] GC(428) Pause Remark 1804M->1749M(2048M) 1.024ms
[14.721s][info][gc,phases] GC(430)   Pre Evacuate Collection Set: 0.19ms
[14.721s][info][gc,phases] GC(430)   Merge Heap Roots: 0.13ms
[14.721s][info][gc,phases] GC(430)   Evacuate Collection Set: 1.52ms
[14.721s][info][gc,phases] GC(430)   Post Evacuate Collection Set: 0.40ms
[14.721s][info][gc,phases] GC(430)   Other: 0.05ms
[14.721s][info][gc       ] GC(430) Pause Young (Normal) (G1 Evacuation Pause) 1889M->1453M(2048M) 2.561ms
[14.751s][info][gc,phases] GC(431)   Pre Evacuate Collection Set: 0.21ms
[14.751s][info][gc,phases] GC(431)   Merge Heap Roots: 0.09ms
[14.751s][info][gc,phases] GC(431)   Evacuate Collection Set: 1.58ms
[14.751s][info][gc,phases] GC(431)   Post Evacuate Collection Set: 0.39ms
[14.751s][info][gc,phases] GC(431)   Other: 0.05ms
[14.751s][info][gc       ] GC(431) Pause Young (Normal) (G1 Evacuation Pause) 1944M->1462M(2048M) 2.629ms
[14.799s][info][gc,phases] GC(432)   Pre Evacuate Collection Set: 0.19ms
[14.799s][info][gc,phases] GC(432)   Merge Heap Roots: 0.12ms
[14.799s][info][gc,phases] GC(432)   Evacuate Collection Set: 1.68ms
[14.799s][info][gc,phases] GC(432)   Post Evacuate Collection Set: 0.37ms
[14.799s][info][gc,phases] GC(432)   Other: 0.05ms
[14.799s][info][gc       ] GC(432) Pause Young (Normal) (G1 Evacuation Pause) 1944M->1471M(2048M) 2.794ms
[14.828s][info][gc,phases] GC(433)   Pre Evacuate Collection Set: 0.21ms
[14.828s][info][gc,phases] GC(433)   Merge Heap Roots: 0.10ms
[14.828s][info][gc,phases] GC(433)   Evacuate Collection Set: 1.56ms
[14.828s][info][gc,phases] GC(433)   Post Evacuate Collection Set: 0.42ms
[14.828s][info][gc,phases] GC(433)   Other: 0.05ms
[14.828s][info][gc       ] GC(433) Pause Young (Normal) (G1 Evacuation Pause) 1945M->1479M(2048M) 2.683ms
[14.870s][info][gc       ] GC(428) Pause Cleanup 1924M->1924M(2048M) 0.391ms
[14.871s][info][gc       ] GC(428) Concurrent Mark Cycle 238.661ms
[14.874s][info][gc,phases] GC(434)   Pre Evacuate Collection Set: 0.19ms
[14.874s][info][gc,phases] GC(434)   Merge Heap Roots: 0.07ms
[14.874s][info][gc,phases] GC(434)   Evacuate Collection Set: 1.64ms
[14.874s][info][gc,phases] GC(434)   Post Evacuate Collection Set: 0.39ms
[14.874s][info][gc,phases] GC(434)   Other: 0.05ms
[14.875s][info][gc       ] GC(434) Pause Young (Prepare Mixed) (G1 Evacuation Pause) 1945M->1487M(2048M) 2.691ms
[14.918s][info][gc,phases] GC(435)   Pre Evacuate Collection Set: 0.19ms
[14.919s][info][gc,phases] GC(435)   Merge Heap Roots: 0.13ms
[14.919s][info][gc,phases] GC(435)   Evacuate Collection Set: 1.71ms
[14.919s][info][gc,phases] GC(435)   Post Evacuate Collection Set: 0.39ms
[14.919s][info][gc,phases] GC(435)   Other: 0.05ms
[14.919s][info][gc       ] GC(435) Pause Young (Mixed) (G1 Evacuation Pause) 1944M->1481M(2048M) 2.726ms
[14.963s][info][gc,phases] GC(436)   Pre Evacuate Collection Set: 0.28ms
[14.963s][info][gc,phases] GC(436)   Merge Heap Roots: 0.12ms
[14.963s][info][gc,phases] GC(436)   Evacuate Collection Set: 1.68ms
[14.963s][info][gc,phases] GC(436)   Post Evacuate Collection Set: 0.38ms
[14.963s][info][gc,phases] GC(436)   Other: 0.11ms
[14.964s][info][gc       ] GC(436) Pause Young (Concurrent Start) (G1 Evacuation Pause) 1944M->1489M(2048M) 2.859ms
[14.964s][info][gc       ] GC(437) Concurrent Mark Cycle
[14.991s][info][gc,phases] GC(438)   Pre Evacuate Collection Set: 0.21ms
[14.992s][info][gc,phases] GC(438)   Merge Heap Roots: 0.11ms
[14.992s][info][gc,phases] GC(438)   Evacuate Collection Set: 1.59ms
[14.992s][info][gc,phases] GC(438)   Post Evacuate Collection Set: 0.39ms
[14.992s][info][gc,phases] GC(438)   Other: 0.05ms
[14.992s][info][gc       ] GC(438) Pause Young (Normal) (G1 Evacuation Pause) 1945M->1496M(2048M) 2.696ms
[15.036s][info][gc,phases] GC(439)   Pre Evacuate Collection Set: 0.26ms
[15.036s][info][gc,phases] GC(439)   Merge Heap Roots: 0.11ms
[15.036s][info][gc,phases] GC(439)   Evacuate Collection Set: 1.55ms
[15.036s][info][gc,phases] GC(439)   Post Evacuate Collection Set: 0.38ms
[15.036s][info][gc,phases] GC(439)   Other: 0.05ms
[15.036s][info][gc       ] GC(439) Pause Young (Normal) (G1 Evacuation Pause) 1943M->1504M(2048M) 2.722ms
[15.040s][info][gc       ] GC(437) Pause Remark 1534M->1483M(2048M) 1.011ms
[15.066s][info][gc,phases] GC(440)   Pre Evacuate Collection Set: 0.20ms
[15.066s][info][gc,phases] GC(440)   Merge Heap Roots: 0.13ms
[15.066s][info][gc,phases] GC(440)   Evacuate Collection Set: 1.58ms
[15.066s][info][gc,phases] GC(440)   Post Evacuate Collection Set: 0.39ms
[15.066s][info][gc,phases] GC(440)   Other: 0.05ms
[15.066s][info][gc       ] GC(440) Pause Young (Normal) (G1 Evacuation Pause) 1893M->1461M(2048M) 2.640ms
[15.095s][info][gc,phases] GC(441)   Pre Evacuate Collection Set: 0.20ms
[15.095s][info][gc,phases] GC(441)   Merge Heap Roots: 0.12ms
[15.095s][info][gc,phases] GC(441)   Evacuate Collection Set: 1.57ms
[15.095s][info][gc,phases] GC(441)   Post Evacuate Collection Set: 0.38ms
[15.095s][info][gc,phases] GC(441)   Other: 0.04ms
[15.095s][info][gc       ] GC(441) Pause Young (Normal) (G1 Evacuation Pause) 1944M->1470M(2048M) 2.677ms
[15.124s][info][gc,phases] GC(442)   Pre Evacuate Collection Set: 0.19ms
[15.124s][info][gc,phases] GC(442)   Merge Heap Roots: 0.10ms
[15.124s][info][gc,phases] GC(442)   Evacuate Collection Set: 1.56ms
[15.124s][info][gc,phases] GC(442)   Post Evacuate Collection Set: 0.39ms
[15.124s][info][gc,phases] GC(442)   Other: 0.05ms
[15.124s][info][gc       ] GC(442) Pause Young (Normal) (G1 Evacuation Pause) 1943M->1479M(2048M) 2.628ms
[15.153s][info][gc,phases] GC(443)   Pre Evacuate Collection Set: 0.21ms
[15.153s][info][gc,phases] GC(443)   Merge Heap Roots: 0.11ms
[15.153s][info][gc,phases] GC(443)   Evacuate Collection Set: 1.57ms
[15.153s][info][gc,phases] GC(443)   Post Evacuate Collection Set: 0.39ms
[15.153s][info][gc,phases] GC(443)   Other: 0.05ms
[15.153s][info][gc       ] GC(443) Pause Young (Normal) (G1 Evacuation Pause) 1944M->1487M(2048M) 2.614ms
[15.181s][info][gc,phases] GC(444)   Pre Evacuate Collection Set: 0.20ms
[15.181s][info][gc,phases] GC(444)   Merge Heap Roots: 0.11ms
[15.181s][info][gc,phases] GC(444)   Evacuate Collection Set: 1.65ms
[15.181s][info][gc,phases] GC(444)   Post Evacuate Collection Set: 0.38ms
[15.181s][info][gc,phases] GC(444)   Other: 0.04ms
[15.181s][info][gc       ] GC(444) Pause Young (Normal) (G1 Evacuation Pause) 1944M->1495M(2048M) 2.667ms
[15.208s][info][gc,phases] GC(445)   Pre Evacuate Collection Set: 0.22ms
[15.208s][info][gc,phases] GC(445)   Merge Heap Roots: 0.11ms
[15.209s][info][gc,phases] GC(445)   Evacuate Collection Set: 1.69ms
[15.209s][info][gc,phases] GC(445)   Post Evacuate Collection Set: 0.37ms
[15.209s][info][gc,phases] GC(445)   Other: 0.05ms
[15.209s][info][gc       ] GC(445) Pause Young (Normal) (G1 Evacuation Pause) 1944M->1503M(2048M) 2.746ms
[15.210s][info][gc       ] GC(437) Pause Cleanup 1507M->1507M(2048M) 0.303ms
[15.210s][info][gc       ] GC(437) Concurrent Mark Cycle 246.727ms
[15.252s][info][gc,phases] GC(446)   Pre Evacuate Collection Set: 0.21ms
[15.252s][info][gc,phases] GC(446)   Merge Heap Roots: 0.09ms
[15.252s][info][gc,phases] GC(446)   Evacuate Collection Set: 1.44ms
[15.252s][info][gc,phases] GC(446)   Post Evacuate Collection Set: 0.38ms
[15.252s][info][gc,phases] GC(446)   Other: 0.05ms
[15.252s][info][gc       ] GC(446) Pause Young (Prepare Mixed) (G1 Evacuation Pause) 1944M->1511M(2048M) 2.549ms
[15.291s][info][gc,phases] GC(447)   Pre Evacuate Collection Set: 0.25ms
[15.291s][info][gc,phases] GC(447)   Merge Heap Roots: 0.11ms
[15.291s][info][gc,phases] GC(447)   Evacuate Collection Set: 1.64ms
[15.291s][info][gc,phases] GC(447)   Post Evacuate Collection Set: 0.40ms
[15.291s][info][gc,phases] GC(447)   Other: 0.06ms
[15.291s][info][gc       ] GC(447) Pause Young (Mixed) (G1 Evacuation Pause) 1944M->1506M(2048M) 2.842ms
[15.334s][info][gc,phases] GC(448)   Pre Evacuate Collection Set: 0.26ms
[15.334s][info][gc,phases] GC(448)   Merge Heap Roots: 0.10ms
[15.334s][info][gc,phases] GC(448)   Evacuate Collection Set: 1.35ms
[15.334s][info][gc,phases] GC(448)   Post Evacuate Collection Set: 0.42ms
[15.334s][info][gc,phases] GC(448)   Other: 0.10ms
[15.334s][info][gc       ] GC(448) Pause Young (Concurrent Start) (G1 Evacuation Pause) 1944M->1513M(2048M) 2.529ms
[15.334s][info][gc       ] GC(449) Concurrent Mark Cycle
[15.376s][info][gc,phases] GC(450)   Pre Evacuate Collection Set: 0.22ms
[15.376s][info][gc,phases] GC(450)   Merge Heap Roots: 0.11ms
[15.376s][info][gc,phases] GC(450)   Evacuate Collection Set: 1.58ms
[15.377s][info][gc,phases] GC(450)   Post Evacuate Collection Set: 0.40ms
[15.377s][info][gc,phases] GC(450)   Other: 0.05ms
[15.377s][info][gc       ] GC(450) Pause Young (Normal) (G1 Evacuation Pause) 1944M->1521M(2048M) 2.736ms
[15.403s][info][gc,phases] GC(451)   Pre Evacuate Collection Set: 0.21ms
[15.403s][info][gc,phases] GC(451)   Merge Heap Roots: 0.08ms
[15.403s][info][gc,phases] GC(451)   Evacuate Collection Set: 1.63ms
[15.403s][info][gc,phases] GC(451)   Post Evacuate Collection Set: 0.38ms
[15.403s][info][gc,phases] GC(451)   Other: 0.05ms
[15.403s][info][gc       ] GC(451) Pause Young (Normal) (G1 Evacuation Pause) 1944M->1528M(2048M) 2.652ms
[15.411s][info][gc       ] GC(449) Pause Remark 1606M->1539M(2048M) 1.017ms
[15.464s][info][gc,phases] GC(452)   Pre Evacuate Collection Set: 0.20ms
[15.464s][info][gc,phases] GC(452)   Merge Heap Roots: 0.12ms
[15.464s][info][gc,phases] GC(452)   Evacuate Collection Set: 1.52ms
[15.464s][info][gc,phases] GC(452)   Post Evacuate Collection Set: 0.38ms
[15.464s][info][gc,phases] GC(452)   Other: 0.04ms
[15.464s][info][gc       ] GC(452) Pause Young (Normal) (G1 Evacuation Pause) 1877M->1469M(2048M) 2.633ms
[15.493s][info][gc,phases] GC(453)   Pre Evacuate Collection Set: 0.20ms
[15.493s][info][gc,phases] GC(453)   Merge Heap Roots: 0.08ms
[15.493s][info][gc,phases] GC(453)   Evacuate Collection Set: 1.54ms
[15.493s][info][gc,phases] GC(453)   Post Evacuate Collection Set: 0.38ms
[15.493s][info][gc,phases] GC(453)   Other: 0.05ms
[15.493s][info][gc       ] GC(453) Pause Young (Normal) (G1 Evacuation Pause) 1944M->1477M(2048M) 2.605ms
[15.525s][info][gc,phases] GC(454)   Pre Evacuate Collection Set: 0.23ms
[15.525s][info][gc,phases] GC(454)   Merge Heap Roots: 0.10ms
[15.525s][info][gc,phases] GC(454)   Evacuate Collection Set: 1.53ms
[15.525s][info][gc,phases] GC(454)   Post Evacuate Collection Set: 0.37ms
[15.525s][info][gc,phases] GC(454)   Other: 0.09ms
[15.526s][info][gc       ] GC(454) Pause Young (Normal) (G1 Evacuation Pause) 1944M->1485M(2048M) 2.705ms
[15.553s][info][gc,phases] GC(455)   Pre Evacuate Collection Set: 0.20ms
[15.554s][info][gc,phases] GC(455)   Merge Heap Roots: 0.11ms
[15.554s][info][gc,phases] GC(455)   Evacuate Collection Set: 1.50ms
[15.554s][info][gc,phases] GC(455)   Post Evacuate Collection Set: 0.43ms
[15.554s][info][gc,phases] GC(455)   Other: 0.05ms
[15.554s][info][gc       ] GC(455) Pause Young (Normal) (G1 Evacuation Pause) 1944M->1494M(2048M) 2.647ms
[15.582s][info][gc,phases] GC(456)   Pre Evacuate Collection Set: 0.18ms
[15.582s][info][gc,phases] GC(456)   Merge Heap Roots: 0.12ms
[15.583s][info][gc,phases] GC(456)   Evacuate Collection Set: 1.55ms
[15.583s][info][gc,phases] GC(456)   Post Evacuate Collection Set: 0.40ms
[15.583s][info][gc,phases] GC(456)   Other: 0.05ms
[15.583s][info][gc       ] GC(456) Pause Young (Normal) (G1 Evacuation Pause) 1944M->1501M(2048M) 2.646ms
[15.608s][info][gc       ] GC(449) Pause Cleanup 1773M->1773M(2048M) 0.344ms
[15.609s][info][gc       ] GC(449) Concurrent Mark Cycle 275.283ms
[15.626s][info][gc,phases] GC(457)   Pre Evacuate Collection Set: 0.21ms
[15.626s][info][gc,phases] GC(457)   Merge Heap Roots: 0.12ms
[15.626s][info][gc,phases] GC(457)   Evacuate Collection Set: 1.55ms
[15.626s][info][gc,phases] GC(457)   Post Evacuate Collection Set: 0.38ms
[15.626s][info][gc,phases] GC(457)   Other: 0.05ms
[15.626s][info][gc       ] GC(457) Pause Young (Prepare Mixed) (G1 Evacuation Pause) 1944M->1510M(2048M) 2.712ms
[15.668s][info][gc,phases] GC(458)   Pre Evacuate Collection Set: 0.21ms
[15.668s][info][gc,phases] GC(458)   Merge Heap Roots: 0.12ms
[15.668s][info][gc,phases] GC(458)   Evacuate Collection Set: 1.67ms
[15.668s][info][gc,phases] GC(458)   Post Evacuate Collection Set: 0.38ms
[15.668s][info][gc,phases] GC(458)   Other: 0.06ms
[15.669s][info][gc       ] GC(458) Pause Young (Mixed) (G1 Evacuation Pause) 1944M->1502M(2048M) 2.762ms
[15.711s][info][gc,phases] GC(459)   Pre Evacuate Collection Set: 0.27ms
[15.711s][info][gc,phases] GC(459)   Merge Heap Roots: 0.09ms
[15.711s][info][gc,phases] GC(459)   Evacuate Collection Set: 1.63ms
[15.711s][info][gc,phases] GC(459)   Post Evacuate Collection Set: 0.38ms
[15.711s][info][gc,phases] GC(459)   Other: 0.10ms
[15.711s][info][gc       ] GC(459) Pause Young (Concurrent Start) (G1 Evacuation Pause) 1945M->1510M(2048M) 2.770ms
[15.712s][info][gc       ] GC(460) Concurrent Mark Cycle
[15.754s][info][gc,phases] GC(461)   Pre Evacuate Collection Set: 0.22ms
[15.754s][info][gc,phases] GC(461)   Merge Heap Roots: 0.14ms
[15.754s][info][gc,phases] GC(461)   Evacuate Collection Set: 1.71ms
[15.755s][info][gc,phases] GC(461)   Post Evacuate Collection Set: 0.44ms
[15.755s][info][gc,phases] GC(461)   Other: 0.04ms
[15.755s][info][gc       ] GC(461) Pause Young (Normal) (G1 Evacuation Pause) 1944M->1517M(2048M) 2.952ms
[15.786s][info][gc       ] GC(460) Pause Remark 1835M->1769M(2048M) 1.098ms
[15.795s][info][gc,phases] GC(462)   Pre Evacuate Collection Set: 0.19ms
[15.795s][info][gc,phases] GC(462)   Merge Heap Roots: 0.13ms
[15.795s][info][gc,phases] GC(462)   Evacuate Collection Set: 1.48ms
[15.795s][info][gc,phases] GC(462)   Post Evacuate Collection Set: 0.47ms
[15.795s][info][gc,phases] GC(462)   Other: 0.05ms
[15.795s][info][gc       ] GC(462) Pause Young (Normal) (G1 Evacuation Pause) 1878M->1459M(2048M) 2.619ms
[15.833s][info][gc,phases] GC(463)   Pre Evacuate Collection Set: 0.22ms
[15.833s][info][gc,phases] GC(463)   Merge Heap Roots: 0.12ms
[15.833s][info][gc,phases] GC(463)   Evacuate Collection Set: 1.46ms
[15.833s][info][gc,phases] GC(463)   Post Evacuate Collection Set: 0.39ms
[15.833s][info][gc,phases] GC(463)   Other: 0.05ms
[15.833s][info][gc       ] GC(463) Pause Young (Normal) (G1 Evacuation Pause) 1944M->1467M(2048M) 2.542ms
[15.879s][info][gc,phases] GC(464)   Pre Evacuate Collection Set: 0.22ms
[15.879s][info][gc,phases] GC(464)   Merge Heap Roots: 0.12ms
[15.880s][info][gc,phases] GC(464)   Evacuate Collection Set: 1.57ms
[15.880s][info][gc,phases] GC(464)   Post Evacuate Collection Set: 0.38ms
[15.880s][info][gc,phases] GC(464)   Other: 0.05ms
[15.880s][info][gc       ] GC(464) Pause Young (Normal) (G1 Evacuation Pause) 1944M->1476M(2048M) 2.734ms
[15.908s][info][gc,phases] GC(465)   Pre Evacuate Collection Set: 0.23ms
[15.908s][info][gc,phases] GC(465)   Merge Heap Roots: 0.12ms
[15.908s][info][gc,phases] GC(465)   Evacuate Collection Set: 1.59ms
[15.908s][info][gc,phases] GC(465)   Post Evacuate Collection Set: 0.38ms
[15.908s][info][gc,phases] GC(465)   Other: 0.04ms
[15.908s][info][gc       ] GC(465) Pause Young (Normal) (G1 Evacuation Pause) 1944M->1484M(2048M) 2.674ms
[15.953s][info][gc,phases] GC(466)   Pre Evacuate Collection Set: 0.22ms
[15.953s][info][gc,phases] GC(466)   Merge Heap Roots: 0.12ms
[15.953s][info][gc,phases] GC(466)   Evacuate Collection Set: 1.60ms
[15.953s][info][gc,phases] GC(466)   Post Evacuate Collection Set: 0.41ms
[15.953s][info][gc,phases] GC(466)   Other: 0.04ms
[15.953s][info][gc       ] GC(466) Pause Young (Normal) (G1 Evacuation Pause) 1944M->1491M(2048M) 2.738ms
[15.954s][info][gc       ] GC(460) Pause Cleanup 1492M->1492M(2048M) 0.329ms
[15.955s][info][gc       ] GC(460) Concurrent Mark Cycle 243.233ms
[15.997s][info][gc,phases] GC(467)   Pre Evacuate Collection Set: 0.24ms
[15.998s][info][gc,phases] GC(467)   Merge Heap Roots: 0.12ms
[15.998s][info][gc,phases] GC(467)   Evacuate Collection Set: 1.59ms
[15.998s][info][gc,phases] GC(467)   Post Evacuate Collection Set: 0.43ms
[15.998s][info][gc,phases] GC(467)   Other: 0.05ms
[15.998s][info][gc       ] GC(467) Pause Young (Prepare Mixed) (G1 Evacuation Pause) 1943M->1500M(2048M) 2.717ms
[16.041s][info][gc,phases] GC(468)   Pre Evacuate Collection Set: 0.21ms
[16.041s][info][gc,phases] GC(468)   Merge Heap Roots: 0.12ms
[16.041s][info][gc,phases] GC(468)   Evacuate Collection Set: 1.72ms
[16.041s][info][gc,phases] GC(468)   Post Evacuate Collection Set: 0.39ms
[16.041s][info][gc,phases] GC(468)   Other: 0.06ms
[16.041s][info][gc       ] GC(468) Pause Young (Mixed) (G1 Evacuation Pause) 1945M->1493M(2048M) 2.893ms
[16.084s][info][gc,phases] GC(469)   Pre Evacuate Collection Set: 0.28ms
[16.084s][info][gc,phases] GC(469)   Merge Heap Roots: 0.09ms
[16.085s][info][gc,phases] GC(469)   Evacuate Collection Set: 1.61ms
[16.085s][info][gc,phases] GC(469)   Post Evacuate Collection Set: 0.37ms
[16.085s][info][gc,phases] GC(469)   Other: 0.12ms
[16.085s][info][gc       ] GC(469) Pause Young (Concurrent Start) (G1 Evacuation Pause) 1944M->1502M(2048M) 2.744ms
[16.085s][info][gc       ] GC(470) Concurrent Mark Cycle
[16.112s][info][gc,phases] GC(471)   Pre Evacuate Collection Set: 0.21ms
[16.112s][info][gc,phases] GC(471)   Merge Heap Roots: 0.11ms
[16.112s][info][gc,phases] GC(471)   Evacuate Collection Set: 1.57ms
[16.112s][info][gc,phases] GC(471)   Post Evacuate Collection Set: 0.38ms
[16.112s][info][gc,phases] GC(471)   Other: 0.05ms
[16.112s][info][gc       ] GC(471) Pause Young (Normal) (G1 Evacuation Pause) 1944M->1508M(2048M) 2.630ms
[16.155s][info][gc,phases] GC(472)   Pre Evacuate Collection Set: 0.19ms
[16.155s][info][gc,phases] GC(472)   Merge Heap Roots: 0.11ms
[16.155s][info][gc,phases] GC(472)   Evacuate Collection Set: 1.57ms
[16.155s][info][gc,phases] GC(472)   Post Evacuate Collection Set: 0.38ms
[16.155s][info][gc,phases] GC(472)   Other: 0.05ms
[16.155s][info][gc       ] GC(472) Pause Young (Normal) (G1 Evacuation Pause) 1943M->1517M(2048M) 2.590ms
[16.162s][info][gc       ] GC(470) Pause Remark 1577M->1518M(2048M) 1.069ms
[16.185s][info][gc,phases] GC(473)   Pre Evacuate Collection Set: 0.21ms
[16.185s][info][gc,phases] GC(473)   Merge Heap Roots: 0.11ms
[16.185s][info][gc,phases] GC(473)   Evacuate Collection Set: 1.61ms
[16.185s][info][gc,phases] GC(473)   Post Evacuate Collection Set: 0.38ms
[16.185s][info][gc,phases] GC(473)   Other: 0.05ms
[16.185s][info][gc       ] GC(473) Pause Young (Normal) (G1 Evacuation Pause) 1885M->1466M(2048M) 2.618ms
[16.214s][info][gc,phases] GC(474)   Pre Evacuate Collection Set: 0.21ms
[16.214s][info][gc,phases] GC(474)   Merge Heap Roots: 0.12ms
[16.214s][info][gc,phases] GC(474)   Evacuate Collection Set: 1.50ms
[16.214s][info][gc,phases] GC(474)   Post Evacuate Collection Set: 0.37ms
[16.214s][info][gc,phases] GC(474)   Other: 0.05ms
[16.214s][info][gc       ] GC(474) Pause Young (Normal) (G1 Evacuation Pause) 1945M->1474M(2048M) 2.579ms
[16.261s][info][gc,phases] GC(475)   Pre Evacuate Collection Set: 0.21ms
[16.261s][info][gc,phases] GC(475)   Merge Heap Roots: 0.09ms
[16.261s][info][gc,phases] GC(475)   Evacuate Collection Set: 1.57ms
[16.261s][info][gc,phases] GC(475)   Post Evacuate Collection Set: 0.40ms
[16.261s][info][gc,phases] GC(475)   Other: 0.05ms
[16.261s][info][gc       ] GC(475) Pause Young (Normal) (G1 Evacuation Pause) 1944M->1483M(2048M) 2.696ms
[16.306s][info][gc,phases] GC(476)   Pre Evacuate Collection Set: 0.22ms
[16.306s][info][gc,phases] GC(476)   Merge Heap Roots: 0.12ms
[16.306s][info][gc,phases] GC(476)   Evacuate Collection Set: 1.53ms
[16.306s][info][gc,phases] GC(476)   Post Evacuate Collection Set: 0.41ms
[16.306s][info][gc,phases] GC(476)   Other: 0.05ms
[16.306s][info][gc       ] GC(476) Pause Young (Normal) (G1 Evacuation Pause) 1945M->1490M(2048M) 2.662ms
[16.328s][info][gc       ] GC(470) Pause Cleanup 1716M->1716M(2048M) 0.365ms
[16.328s][info][gc       ] GC(470) Concurrent Mark Cycle 243.737ms
[16.351s][info][gc,phases] GC(477)   Pre Evacuate Collection Set: 0.20ms
[16.351s][info][gc,phases] GC(477)   Merge Heap Roots: 0.12ms
[16.351s][info][gc,phases] GC(477)   Evacuate Collection Set: 1.59ms
[16.351s][info][gc,phases] GC(477)   Post Evacuate Collection Set: 0.40ms
[16.351s][info][gc,phases] GC(477)   Other: 0.05ms
[16.351s][info][gc       ] GC(477) Pause Young (Prepare Mixed) (G1 Evacuation Pause) 1944M->1498M(2048M) 2.646ms
[16.393s][info][gc,phases] GC(478)   Pre Evacuate Collection Set: 0.24ms
[16.393s][info][gc,phases] GC(478)   Merge Heap Roots: 0.12ms
[16.393s][info][gc,phases] GC(478)   Evacuate Collection Set: 1.79ms
[16.393s][info][gc,phases] GC(478)   Post Evacuate Collection Set: 0.40ms
[16.393s][info][gc,phases] GC(478)   Other: 0.06ms
[16.393s][info][gc       ] GC(478) Pause Young (Mixed) (G1 Evacuation Pause) 1943M->1492M(2048M) 2.946ms
[16.437s][info][gc,phases] GC(479)   Pre Evacuate Collection Set: 0.29ms
[16.437s][info][gc,phases] GC(479)   Merge Heap Roots: 0.12ms
[16.437s][info][gc,phases] GC(479)   Evacuate Collection Set: 1.62ms
[16.437s][info][gc,phases] GC(479)   Post Evacuate Collection Set: 0.38ms
[16.437s][info][gc,phases] GC(479)   Other: 0.11ms
[16.437s][info][gc       ] GC(479) Pause Young (Concurrent Start) (G1 Evacuation Pause) 1944M->1502M(2048M) 2.932ms
[16.437s][info][gc       ] GC(480) Concurrent Mark Cycle
[16.481s][info][gc,phases] GC(481)   Pre Evacuate Collection Set: 0.20ms
[16.481s][info][gc,phases] GC(481)   Merge Heap Roots: 0.12ms
[16.481s][info][gc,phases] GC(481)   Evacuate Collection Set: 1.59ms
[16.481s][info][gc,phases] GC(481)   Post Evacuate Collection Set: 0.38ms
[16.481s][info][gc,phases] GC(481)   Other: 0.05ms
[16.481s][info][gc       ] GC(481) Pause Young (Normal) (G1 Evacuation Pause) 1944M->1510M(2048M) 2.646ms
[16.511s][info][gc       ] GC(480) Pause Remark 1823M->1768M(2048M) 1.035ms
[16.523s][info][gc,phases] GC(482)   Pre Evacuate Collection Set: 0.20ms
[16.523s][info][gc,phases] GC(482)   Merge Heap Roots: 0.15ms
[16.523s][info][gc,phases] GC(482)   Evacuate Collection Set: 1.52ms
[16.523s][info][gc,phases] GC(482)   Post Evacuate Collection Set: 0.43ms
[16.523s][info][gc,phases] GC(482)   Other: 0.05ms
[16.523s][info][gc       ] GC(482) Pause Young (Normal) (G1 Evacuation Pause) 1889M->1463M(2048M) 2.701ms
[16.558s][info][gc,phases] GC(483)   Pre Evacuate Collection Set: 0.20ms
[16.558s][info][gc,phases] GC(483)   Merge Heap Roots: 0.12ms
[16.558s][info][gc,phases] GC(483)   Evacuate Collection Set: 1.51ms
[16.558s][info][gc,phases] GC(483)   Post Evacuate Collection Set: 0.40ms
[16.558s][info][gc,phases] GC(483)   Other: 0.05ms
[16.558s][info][gc       ] GC(483) Pause Young (Normal) (G1 Evacuation Pause) 1943M->1471M(2048M) 2.610ms
[16.604s][info][gc,phases] GC(484)   Pre Evacuate Collection Set: 0.22ms
[16.604s][info][gc,phases] GC(484)   Merge Heap Roots: 0.12ms
[16.604s][info][gc,phases] GC(484)   Evacuate Collection Set: 1.54ms
[16.604s][info][gc,phases] GC(484)   Post Evacuate Collection Set: 0.40ms
[16.604s][info][gc,phases] GC(484)   Other: 0.05ms
[16.604s][info][gc       ] GC(484) Pause Young (Normal) (G1 Evacuation Pause) 1943M->1479M(2048M) 2.620ms
[16.650s][info][gc,phases] GC(485)   Pre Evacuate Collection Set: 0.20ms
[16.650s][info][gc,phases] GC(485)   Merge Heap Roots: 0.11ms
[16.650s][info][gc,phases] GC(485)   Evacuate Collection Set: 1.55ms
[16.650s][info][gc,phases] GC(485)   Post Evacuate Collection Set: 0.38ms
[16.650s][info][gc,phases] GC(485)   Other: 0.06ms
[16.650s][info][gc       ] GC(485) Pause Young (Normal) (G1 Evacuation Pause) 1944M->1489M(2048M) 2.578ms
[16.675s][info][gc       ] GC(480) Pause Cleanup 1919M->1919M(2048M) 0.376ms
[16.676s][info][gc       ] GC(480) Concurrent Mark Cycle 238.086ms
[16.679s][info][gc,phases] GC(486)   Pre Evacuate Collection Set: 0.18ms
[16.679s][info][gc,phases] GC(486)   Merge Heap Roots: 0.08ms
[16.679s][info][gc,phases] GC(486)   Evacuate Collection Set: 1.56ms
[16.679s][info][gc,phases] GC(486)   Post Evacuate Collection Set: 0.41ms
[16.679s][info][gc,phases] GC(486)   Other: 0.05ms
[16.679s][info][gc       ] GC(486) Pause Young (Prepare Mixed) (G1 Evacuation Pause) 1944M->1497M(2048M) 2.589ms
[16.723s][info][gc,phases] GC(487)   Pre Evacuate Collection Set: 0.22ms
[16.723s][info][gc,phases] GC(487)   Merge Heap Roots: 0.11ms
[16.723s][info][gc,phases] GC(487)   Evacuate Collection Set: 1.74ms
[16.723s][info][gc,phases] GC(487)   Post Evacuate Collection Set: 0.41ms
[16.723s][info][gc,phases] GC(487)   Other: 0.06ms
[16.723s][info][gc       ] GC(487) Pause Young (Mixed) (G1 Evacuation Pause) 1945M->1488M(2048M) 2.824ms
[16.763s][info][gc,phases] GC(488)   Pre Evacuate Collection Set: 0.25ms
[16.763s][info][gc,phases] GC(488)   Merge Heap Roots: 0.07ms
[16.763s][info][gc,phases] GC(488)   Evacuate Collection Set: 1.63ms
[16.763s][info][gc,phases] GC(488)   Post Evacuate Collection Set: 0.38ms
[16.763s][info][gc,phases] GC(488)   Other: 0.12ms
[16.763s][info][gc       ] GC(488) Pause Young (Concurrent Start) (G1 Evacuation Pause) 1944M->1497M(2048M) 2.805ms
[16.764s][info][gc       ] GC(489) Concurrent Mark Cycle
[16.791s][info][gc,phases] GC(490)   Pre Evacuate Collection Set: 0.18ms
[16.791s][info][gc,phases] GC(490)   Merge Heap Roots: 0.09ms
[16.791s][info][gc,phases] GC(490)   Evacuate Collection Set: 1.73ms
[16.792s][info][gc,phases] GC(490)   Post Evacuate Collection Set: 0.42ms
[16.792s][info][gc,phases] GC(490)   Other: 0.05ms
[16.792s][info][gc       ] GC(490) Pause Young (Normal) (G1 Evacuation Pause) 1944M->1505M(2048M) 2.777ms
[16.835s][info][gc,phases] GC(491)   Pre Evacuate Collection Set: 0.20ms
[16.835s][info][gc,phases] GC(491)   Merge Heap Roots: 0.09ms
[16.835s][info][gc,phases] GC(491)   Evacuate Collection Set: 1.52ms
[16.835s][info][gc,phases] GC(491)   Post Evacuate Collection Set: 0.39ms
[16.835s][info][gc,phases] GC(491)   Other: 0.05ms
[16.835s][info][gc       ] GC(491) Pause Young (Normal) (G1 Evacuation Pause) 1944M->1513M(2048M) 2.605ms
[16.841s][info][gc       ] GC(489) Pause Remark 1569M->1514M(2048M) 1.089ms
[16.878s][info][gc,phases] GC(492)   Pre Evacuate Collection Set: 0.20ms
[16.879s][info][gc,phases] GC(492)   Merge Heap Roots: 0.15ms
[16.879s][info][gc,phases] GC(492)   Evacuate Collection Set: 1.51ms
[16.879s][info][gc,phases] GC(492)   Post Evacuate Collection Set: 0.42ms
[16.879s][info][gc,phases] GC(492)   Other: 0.05ms
[16.879s][info][gc       ] GC(492) Pause Young (Normal) (G1 Evacuation Pause) 1889M->1466M(2048M) 2.647ms
[16.908s][info][gc,phases] GC(493)   Pre Evacuate Collection Set: 0.23ms
[16.908s][info][gc,phases] GC(493)   Merge Heap Roots: 0.09ms
[16.908s][info][gc,phases] GC(493)   Evacuate Collection Set: 1.51ms
[16.908s][info][gc,phases] GC(493)   Post Evacuate Collection Set: 0.39ms
[16.908s][info][gc,phases] GC(493)   Other: 0.05ms
[16.908s][info][gc       ] GC(493) Pause Young (Normal) (G1 Evacuation Pause) 1944M->1474M(2048M) 2.596ms
[16.954s][info][gc,phases] GC(494)   Pre Evacuate Collection Set: 0.20ms
[16.954s][info][gc,phases] GC(494)   Merge Heap Roots: 0.12ms
[16.954s][info][gc,phases] GC(494)   Evacuate Collection Set: 1.57ms
[16.954s][info][gc,phases] GC(494)   Post Evacuate Collection Set: 0.38ms
[16.954s][info][gc,phases] GC(494)   Other: 0.05ms
[16.954s][info][gc       ] GC(494) Pause Young (Normal) (G1 Evacuation Pause) 1945M->1483M(2048M) 2.625ms
[16.982s][info][gc,phases] GC(495)   Pre Evacuate Collection Set: 0.21ms
[16.982s][info][gc,phases] GC(495)   Merge Heap Roots: 0.11ms
[16.982s][info][gc,phases] GC(495)   Evacuate Collection Set: 1.61ms
[16.982s][info][gc,phases] GC(495)   Post Evacuate Collection Set: 0.41ms
[16.983s][info][gc,phases] GC(495)   Other: 0.05ms
[16.983s][info][gc       ] GC(495) Pause Young (Normal) (G1 Evacuation Pause) 1945M->1490M(2048M) 2.811ms
[17.008s][info][gc       ] GC(489) Pause Cleanup 1935M->1935M(2048M) 0.338ms
[17.008s][info][gc       ] GC(489) Concurrent Mark Cycle 244.976ms
[17.011s][info][gc,phases] GC(496)   Pre Evacuate Collection Set: 0.20ms
[17.011s][info][gc,phases] GC(496)   Merge Heap Roots: 0.12ms
[17.011s][info][gc,phases] GC(496)   Evacuate Collection Set: 1.56ms
[17.011s][info][gc,phases] GC(496)   Post Evacuate Collection Set: 0.39ms
[17.011s][info][gc,phases] GC(496)   Other: 0.05ms
[17.011s][info][gc       ] GC(496) Pause Young (Prepare Mixed) (G1 Evacuation Pause) 1944M->1498M(2048M) 2.668ms
[17.055s][info][gc,phases] GC(497)   Pre Evacuate Collection Set: 0.20ms
[17.055s][info][gc,phases] GC(497)   Merge Heap Roots: 0.13ms
[17.055s][info][gc,phases] GC(497)   Evacuate Collection Set: 1.72ms
[17.055s][info][gc,phases] GC(497)   Post Evacuate Collection Set: 0.41ms
[17.055s][info][gc,phases] GC(497)   Other: 0.05ms
[17.055s][info][gc       ] GC(497) Pause Young (Mixed) (G1 Evacuation Pause) 1944M->1491M(2048M) 2.817ms
[17.099s][info][gc,phases] GC(498)   Pre Evacuate Collection Set: 0.25ms
[17.099s][info][gc,phases] GC(498)   Merge Heap Roots: 0.11ms
[17.099s][info][gc,phases] GC(498)   Evacuate Collection Set: 1.69ms
[17.099s][info][gc,phases] GC(498)   Post Evacuate Collection Set: 0.38ms
[17.099s][info][gc,phases] GC(498)   Other: 0.10ms
[17.099s][info][gc       ] GC(498) Pause Young (Concurrent Start) (G1 Evacuation Pause) 1944M->1500M(2048M) 2.824ms
[17.099s][info][gc       ] GC(499) Concurrent Mark Cycle
[17.143s][info][gc,phases] GC(500)   Pre Evacuate Collection Set: 0.23ms
[17.143s][info][gc,phases] GC(500)   Merge Heap Roots: 0.14ms
[17.143s][info][gc,phases] GC(500)   Evacuate Collection Set: 1.54ms
[17.143s][info][gc,phases] GC(500)   Post Evacuate Collection Set: 0.39ms
[17.143s][info][gc,phases] GC(500)   Other: 0.04ms
[17.143s][info][gc       ] GC(500) Pause Young (Normal) (G1 Evacuation Pause) 1944M->1507M(2048M) 2.668ms
[17.173s][info][gc       ] GC(499) Pause Remark 1818M->1758M(2048M) 1.067ms
[17.187s][info][gc,phases] GC(501)   Pre Evacuate Collection Set: 0.23ms
[17.187s][info][gc,phases] GC(501)   Merge Heap Roots: 0.13ms
[17.187s][info][gc,phases] GC(501)   Evacuate Collection Set: 1.72ms
[17.187s][info][gc,phases] GC(501)   Post Evacuate Collection Set: 0.42ms
[17.187s][info][gc,phases] GC(501)   Other: 0.05ms
[17.188s][info][gc       ] GC(501) Pause Young (Normal) (G1 Evacuation Pause) 1884M->1455M(2048M) 2.836ms
[17.234s][info][gc,phases] GC(502)   Pre Evacuate Collection Set: 0.23ms
[17.234s][info][gc,phases] GC(502)   Merge Heap Roots: 0.11ms
[17.234s][info][gc,phases] GC(502)   Evacuate Collection Set: 1.62ms
[17.235s][info][gc,phases] GC(502)   Post Evacuate Collection Set: 0.37ms
[17.235s][info][gc,phases] GC(502)   Other: 0.05ms
[17.235s][info][gc       ] GC(502) Pause Young (Normal) (G1 Evacuation Pause) 1944M->1464M(2048M) 2.702ms
[17.281s][info][gc,phases] GC(503)   Pre Evacuate Collection Set: 0.23ms
[17.282s][info][gc,phases] GC(503)   Merge Heap Roots: 0.12ms
[17.282s][info][gc,phases] GC(503)   Evacuate Collection Set: 1.62ms
[17.282s][info][gc,phases] GC(503)   Post Evacuate Collection Set: 0.39ms
[17.282s][info][gc,phases] GC(503)   Other: 0.05ms
[17.282s][info][gc       ] GC(503) Pause Young (Normal) (G1 Evacuation Pause) 1945M->1472M(2048M) 2.698ms
[17.319s][info][gc,phases] GC(504)   Pre Evacuate Collection Set: 0.19ms
[17.319s][info][gc,phases] GC(504)   Merge Heap Roots: 0.12ms
[17.319s][info][gc,phases] GC(504)   Evacuate Collection Set: 1.64ms
[17.319s][info][gc,phases] GC(504)   Post Evacuate Collection Set: 0.39ms
[17.319s][info][gc,phases] GC(504)   Other: 0.05ms
[17.319s][info][gc       ] GC(504) Pause Young (Normal) (G1 Evacuation Pause) 1944M->1481M(2048M) 2.705ms
[17.338s][info][gc       ] GC(499) Pause Cleanup 1804M->1804M(2048M) 0.375ms
[17.339s][info][gc       ] GC(499) Concurrent Mark Cycle 239.590ms
[17.353s][info][gc,phases] GC(505)   Pre Evacuate Collection Set: 0.26ms
[17.353s][info][gc,phases] GC(505)   Merge Heap Roots: 0.11ms
[17.353s][info][gc,phases] GC(505)   Evacuate Collection Set: 1.65ms
[17.353s][info][gc,phases] GC(505)   Post Evacuate Collection Set: 0.39ms
[17.353s][info][gc,phases] GC(505)   Other: 0.04ms
[17.354s][info][gc       ] GC(505) Pause Young (Prepare Mixed) (G1 Evacuation Pause) 1945M->1489M(2048M) 2.724ms
[17.397s][info][gc,phases] GC(506)   Pre Evacuate Collection Set: 0.21ms
[17.397s][info][gc,phases] GC(506)   Merge Heap Roots: 0.16ms
[17.397s][info][gc,phases] GC(506)   Evacuate Collection Set: 1.80ms
[17.398s][info][gc,phases] GC(506)   Post Evacuate Collection Set: 0.40ms
[17.398s][info][gc,phases] GC(506)   Other: 0.06ms
[17.398s][info][gc       ] GC(506) Pause Young (Mixed) (G1 Evacuation Pause) 1945M->1485M(2048M) 2.909ms
[17.439s][info][gc,phases] GC(507)   Pre Evacuate Collection Set: 0.26ms
[17.439s][info][gc,phases] GC(507)   Merge Heap Roots: 0.08ms
[17.439s][info][gc,phases] GC(507)   Evacuate Collection Set: 1.67ms
[17.439s][info][gc,phases] GC(507)   Post Evacuate Collection Set: 0.38ms
[17.439s][info][gc,phases] GC(507)   Other: 0.10ms
[17.439s][info][gc       ] GC(507) Pause Young (Concurrent Start) (G1 Evacuation Pause) 1944M->1492M(2048M) 2.815ms
[17.439s][info][gc       ] GC(508) Concurrent Mark Cycle
[17.467s][info][gc,phases] GC(509)   Pre Evacuate Collection Set: 0.22ms
[17.467s][info][gc,phases] GC(509)   Merge Heap Roots: 0.10ms
[17.467s][info][gc,phases] GC(509)   Evacuate Collection Set: 1.58ms
[17.467s][info][gc,phases] GC(509)   Post Evacuate Collection Set: 0.38ms
[17.467s][info][gc,phases] GC(509)   Other: 0.05ms
[17.467s][info][gc       ] GC(509) Pause Young (Normal) (G1 Evacuation Pause) 1944M->1500M(2048M) 2.611ms
[17.507s][info][gc,phases] GC(510)   Pre Evacuate Collection Set: 0.21ms
[17.507s][info][gc,phases] GC(510)   Merge Heap Roots: 0.12ms
[17.507s][info][gc,phases] GC(510)   Evacuate Collection Set: 1.57ms
[17.507s][info][gc,phases] GC(510)   Post Evacuate Collection Set: 0.40ms
[17.507s][info][gc,phases] GC(510)   Other: 0.05ms
[17.507s][info][gc       ] GC(510) Pause Young (Normal) (G1 Evacuation Pause) 1944M->1508M(2048M) 2.651ms
[17.515s][info][gc       ] GC(508) Pause Remark 1586M->1528M(2048M) 1.023ms
[17.549s][info][gc,phases] GC(511)   Pre Evacuate Collection Set: 0.21ms
[17.549s][info][gc,phases] GC(511)   Merge Heap Roots: 0.12ms
[17.549s][info][gc,phases] GC(511)   Evacuate Collection Set: 1.61ms
[17.549s][info][gc,phases] GC(511)   Post Evacuate Collection Set: 0.40ms
[17.549s][info][gc,phases] GC(511)   Other: 0.05ms
[17.549s][info][gc       ] GC(511) Pause Young (Normal) (G1 Evacuation Pause) 1886M->1458M(2048M) 2.695ms
[17.593s][info][gc,phases] GC(512)   Pre Evacuate Collection Set: 0.22ms
[17.594s][info][gc,phases] GC(512)   Merge Heap Roots: 0.11ms
[17.594s][info][gc,phases] GC(512)   Evacuate Collection Set: 1.61ms
[17.594s][info][gc,phases] GC(512)   Post Evacuate Collection Set: 0.39ms
[17.594s][info][gc,phases] GC(512)   Other: 0.06ms
[17.594s][info][gc       ] GC(512) Pause Young (Normal) (G1 Evacuation Pause) 1944M->1467M(2048M) 2.760ms
[17.637s][info][gc,phases] GC(513)   Pre Evacuate Collection Set: 0.23ms
[17.637s][info][gc,phases] GC(513)   Merge Heap Roots: 0.08ms
[17.638s][info][gc,phases] GC(513)   Evacuate Collection Set: 1.61ms
[17.638s][info][gc,phases] GC(513)   Post Evacuate Collection Set: 0.43ms
[17.638s][info][gc,phases] GC(513)   Other: 0.05ms
[17.638s][info][gc       ] GC(513) Pause Young (Normal) (G1 Evacuation Pause) 1944M->1475M(2048M) 2.744ms
[17.678s][info][gc,phases] GC(514)   Pre Evacuate Collection Set: 0.23ms
[17.678s][info][gc,phases] GC(514)   Merge Heap Roots: 0.13ms
[17.678s][info][gc,phases] GC(514)   Evacuate Collection Set: 1.63ms
[17.678s][info][gc,phases] GC(514)   Post Evacuate Collection Set: 0.39ms
[17.678s][info][gc,phases] GC(514)   Other: 0.05ms
[17.678s][info][gc       ] GC(514) Pause Young (Normal) (G1 Evacuation Pause) 1945M->1484M(2048M) 2.818ms
[17.682s][info][gc       ] GC(508) Pause Cleanup 1534M->1534M(2048M) 0.313ms
[17.682s][info][gc       ] GC(508) Concurrent Mark Cycle 243.425ms
[17.719s][info][gc,phases] GC(515)   Pre Evacuate Collection Set: 0.17ms
[17.719s][info][gc,phases] GC(515)   Merge Heap Roots: 0.10ms
[17.719s][info][gc,phases] GC(515)   Evacuate Collection Set: 1.66ms
[17.719s][info][gc,phases] GC(515)   Post Evacuate Collection Set: 0.38ms
[17.719s][info][gc,phases] GC(515)   Other: 0.05ms
[17.719s][info][gc       ] GC(515) Pause Young (Prepare Mixed) (G1 Evacuation Pause) 1944M->1492M(2048M) 2.765ms
[17.760s][info][gc,phases] GC(516)   Pre Evacuate Collection Set: 0.20ms
[17.761s][info][gc,phases] GC(516)   Merge Heap Roots: 0.12ms
[17.761s][info][gc,phases] GC(516)   Evacuate Collection Set: 1.87ms
[17.761s][info][gc,phases] GC(516)   Post Evacuate Collection Set: 0.41ms
[17.761s][info][gc,phases] GC(516)   Other: 0.05ms
[17.761s][info][gc       ] GC(516) Pause Young (Mixed) (G1 Evacuation Pause) 1944M->1489M(2048M) 2.992ms
[17.797s][info][gc,phases] GC(517)   Pre Evacuate Collection Set: 0.29ms
[17.797s][info][gc,phases] GC(517)   Merge Heap Roots: 0.11ms
[17.797s][info][gc,phases] GC(517)   Evacuate Collection Set: 1.54ms
[17.797s][info][gc,phases] GC(517)   Post Evacuate Collection Set: 0.39ms
[17.797s][info][gc,phases] GC(517)   Other: 0.11ms
[17.797s][info][gc       ] GC(517) Pause Young (Concurrent Start) (G1 Evacuation Pause) 1944M->1497M(2048M) 2.749ms
[17.797s][info][gc       ] GC(518) Concurrent Mark Cycle
[17.838s][info][gc,phases] GC(519)   Pre Evacuate Collection Set: 0.19ms
[17.838s][info][gc,phases] GC(519)   Merge Heap Roots: 0.13ms
[17.838s][info][gc,phases] GC(519)   Evacuate Collection Set: 1.50ms
[17.838s][info][gc,phases] GC(519)   Post Evacuate Collection Set: 0.38ms
[17.838s][info][gc,phases] GC(519)   Other: 0.05ms
[17.838s][info][gc       ] GC(519) Pause Young (Normal) (G1 Evacuation Pause) 1944M->1505M(2048M) 2.666ms
[17.871s][info][gc       ] GC(518) Pause Remark 1872M->1806M(2048M) 1.019ms
[17.878s][info][gc,phases] GC(520)   Pre Evacuate Collection Set: 0.18ms
[17.878s][info][gc,phases] GC(520)   Merge Heap Roots: 0.14ms
[17.878s][info][gc,phases] GC(520)   Evacuate Collection Set: 1.63ms
[17.878s][info][gc,phases] GC(520)   Post Evacuate Collection Set: 0.40ms
[17.878s][info][gc,phases] GC(520)   Other: 0.05ms
[17.878s][info][gc       ] GC(520) Pause Young (Normal) (G1 Evacuation Pause) 1878M->1447M(2048M) 2.795ms
[17.921s][info][gc,phases] GC(521)   Pre Evacuate Collection Set: 0.22ms
[17.921s][info][gc,phases] GC(521)   Merge Heap Roots: 0.12ms
[17.921s][info][gc,phases] GC(521)   Evacuate Collection Set: 1.55ms
[17.921s][info][gc,phases] GC(521)   Post Evacuate Collection Set: 0.41ms
[17.921s][info][gc,phases] GC(521)   Other: 0.05ms
[17.921s][info][gc       ] GC(521) Pause Young (Normal) (G1 Evacuation Pause) 1944M->1455M(2048M) 2.731ms
[17.950s][info][gc,phases] GC(522)   Pre Evacuate Collection Set: 0.22ms
[17.951s][info][gc,phases] GC(522)   Merge Heap Roots: 0.13ms
[17.951s][info][gc,phases] GC(522)   Evacuate Collection Set: 1.58ms
[17.951s][info][gc,phases] GC(522)   Post Evacuate Collection Set: 0.39ms
[17.951s][info][gc,phases] GC(522)   Other: 0.05ms
[17.951s][info][gc       ] GC(522) Pause Young (Normal) (G1 Evacuation Pause) 1944M->1464M(2048M) 2.648ms
[17.980s][info][gc,phases] GC(523)   Pre Evacuate Collection Set: 0.22ms
[17.980s][info][gc,phases] GC(523)   Merge Heap Roots: 0.12ms
[17.980s][info][gc,phases] GC(523)   Evacuate Collection Set: 1.60ms
[17.980s][info][gc,phases] GC(523)   Post Evacuate Collection Set: 0.39ms
[17.980s][info][gc,phases] GC(523)   Other: 0.05ms
[17.980s][info][gc       ] GC(523) Pause Young (Normal) (G1 Evacuation Pause) 1944M->1473M(2048M) 2.660ms
[18.023s][info][gc,phases] GC(524)   Pre Evacuate Collection Set: 0.23ms
[18.023s][info][gc,phases] GC(524)   Merge Heap Roots: 0.11ms
[18.023s][info][gc,phases] GC(524)   Evacuate Collection Set: 1.66ms
[18.023s][info][gc,phases] GC(524)   Post Evacuate Collection Set: 0.39ms
[18.023s][info][gc,phases] GC(524)   Other: 0.05ms
[18.023s][info][gc       ] GC(524) Pause Young (Normal) (G1 Evacuation Pause) 1944M->1481M(2048M) 2.789ms
[18.038s][info][gc       ] GC(518) Pause Cleanup 1747M->1747M(2048M) 0.350ms
[18.039s][info][gc       ] GC(518) Concurrent Mark Cycle 242.196ms
[18.058s][info][gc,phases] GC(525)   Pre Evacuate Collection Set: 0.22ms
[18.058s][info][gc,phases] GC(525)   Merge Heap Roots: 0.11ms
[18.058s][info][gc,phases] GC(525)   Evacuate Collection Set: 1.66ms
[18.058s][info][gc,phases] GC(525)   Post Evacuate Collection Set: 0.40ms
[18.058s][info][gc,phases] GC(525)   Other: 0.05ms
[18.058s][info][gc       ] GC(525) Pause Young (Prepare Mixed) (G1 Evacuation Pause) 1944M->1491M(2048M) 2.813ms
[18.096s][info][gc,phases] GC(526)   Pre Evacuate Collection Set: 0.21ms
[18.097s][info][gc,phases] GC(526)   Merge Heap Roots: 0.13ms
[18.097s][info][gc,phases] GC(526)   Evacuate Collection Set: 1.86ms
[18.097s][info][gc,phases] GC(526)   Post Evacuate Collection Set: 0.40ms
[18.097s][info][gc,phases] GC(526)   Other: 0.05ms
[18.097s][info][gc       ] GC(526) Pause Young (Mixed) (G1 Evacuation Pause) 1944M->1488M(2048M) 2.955ms
[18.138s][info][gc,phases] GC(527)   Pre Evacuate Collection Set: 0.24ms
[18.138s][info][gc,phases] GC(527)   Merge Heap Roots: 0.11ms
[18.138s][info][gc,phases] GC(527)   Evacuate Collection Set: 1.67ms
[18.138s][info][gc,phases] GC(527)   Post Evacuate Collection Set: 0.38ms
[18.138s][info][gc,phases] GC(527)   Other: 0.11ms
[18.138s][info][gc       ] GC(527) Pause Young (Concurrent Start) (G1 Evacuation Pause) 1944M->1496M(2048M) 2.868ms
[18.138s][info][gc       ] GC(528) Concurrent Mark Cycle
[18.180s][info][gc,phases] GC(529)   Pre Evacuate Collection Set: 0.21ms
[18.180s][info][gc,phases] GC(529)   Merge Heap Roots: 0.11ms
[18.180s][info][gc,phases] GC(529)   Evacuate Collection Set: 1.61ms
[18.180s][info][gc,phases] GC(529)   Post Evacuate Collection Set: 0.38ms
[18.180s][info][gc,phases] GC(529)   Other: 0.05ms
[18.180s][info][gc       ] GC(529) Pause Young (Normal) (G1 Evacuation Pause) 1944M->1504M(2048M) 2.708ms
[18.212s][info][gc       ] GC(528) Pause Remark 1867M->1804M(2048M) 0.994ms
[18.222s][info][gc,phases] GC(530)   Pre Evacuate Collection Set: 0.21ms
[18.222s][info][gc,phases] GC(530)   Merge Heap Roots: 0.13ms
[18.222s][info][gc,phases] GC(530)   Evacuate Collection Set: 1.59ms
[18.222s][info][gc,phases] GC(530)   Post Evacuate Collection Set: 0.46ms
[18.222s][info][gc,phases] GC(530)   Other: 0.05ms
[18.222s][info][gc       ] GC(530) Pause Young (Normal) (G1 Evacuation Pause) 1880M->1450M(2048M) 2.719ms
[18.267s][info][gc,phases] GC(531)   Pre Evacuate Collection Set: 0.20ms
[18.267s][info][gc,phases] GC(531)   Merge Heap Roots: 0.12ms
[18.267s][info][gc,phases] GC(531)   Evacuate Collection Set: 1.55ms
[18.267s][info][gc,phases] GC(531)   Post Evacuate Collection Set: 0.41ms
[18.267s][info][gc,phases] GC(531)   Other: 0.06ms
[18.267s][info][gc       ] GC(531) Pause Young (Normal) (G1 Evacuation Pause) 1945M->1458M(2048M) 2.637ms
[18.311s][info][gc,phases] GC(532)   Pre Evacuate Collection Set: 0.22ms
[18.312s][info][gc,phases] GC(532)   Merge Heap Roots: 0.12ms
[18.312s][info][gc,phases] GC(532)   Evacuate Collection Set: 1.54ms
[18.312s][info][gc,phases] GC(532)   Post Evacuate Collection Set: 0.41ms
[18.312s][info][gc,phases] GC(532)   Other: 0.05ms
[18.312s][info][gc       ] GC(532) Pause Young (Normal) (G1 Evacuation Pause) 1944M->1467M(2048M) 2.621ms
[18.340s][info][gc,phases] GC(533)   Pre Evacuate Collection Set: 0.21ms
[18.340s][info][gc,phases] GC(533)   Merge Heap Roots: 0.12ms
[18.340s][info][gc,phases] GC(533)   Evacuate Collection Set: 1.58ms
[18.341s][info][gc,phases] GC(533)   Post Evacuate Collection Set: 0.37ms
[18.341s][info][gc,phases] GC(533)   Other: 0.05ms
[18.341s][info][gc       ] GC(533) Pause Young (Normal) (G1 Evacuation Pause) 1945M->1475M(2048M) 2.637ms
[18.372s][info][gc,phases] GC(534)   Pre Evacuate Collection Set: 0.21ms
[18.372s][info][gc,phases] GC(534)   Merge Heap Roots: 0.11ms
[18.372s][info][gc,phases] GC(534)   Evacuate Collection Set: 1.58ms
[18.372s][info][gc,phases] GC(534)   Post Evacuate Collection Set: 0.42ms
[18.372s][info][gc,phases] GC(534)   Other: 0.05ms
[18.372s][info][gc       ] GC(534) Pause Young (Normal) (G1 Evacuation Pause) 1944M->1483M(2048M) 2.754ms
[18.380s][info][gc       ] GC(528) Pause Cleanup 1588M->1588M(2048M) 0.328ms
[18.380s][info][gc       ] GC(528) Concurrent Mark Cycle 242.092ms
[18.412s][info][gc,phases] GC(535)   Pre Evacuate Collection Set: 0.21ms
[18.412s][info][gc,phases] GC(535)   Merge Heap Roots: 0.12ms
[18.412s][info][gc,phases] GC(535)   Evacuate Collection Set: 1.61ms
[18.412s][info][gc,phases] GC(535)   Post Evacuate Collection Set: 0.42ms
[18.412s][info][gc,phases] GC(535)   Other: 0.05ms
[18.412s][info][gc       ] GC(535) Pause Young (Prepare Mixed) (G1 Evacuation Pause) 1943M->1492M(2048M) 2.697ms
[18.453s][info][gc,phases] GC(536)   Pre Evacuate Collection Set: 0.18ms
[18.453s][info][gc,phases] GC(536)   Merge Heap Roots: 0.12ms
[18.453s][info][gc,phases] GC(536)   Evacuate Collection Set: 1.92ms
[18.453s][info][gc,phases] GC(536)   Post Evacuate Collection Set: 0.39ms
[18.453s][info][gc,phases] GC(536)   Other: 0.06ms
[18.453s][info][gc       ] GC(536) Pause Young (Mixed) (G1 Evacuation Pause) 1945M->1487M(2048M) 3.015ms
[18.495s][info][gc,phases] GC(537)   Pre Evacuate Collection Set: 0.28ms
[18.495s][info][gc,phases] GC(537)   Merge Heap Roots: 0.10ms
[18.495s][info][gc,phases] GC(537)   Evacuate Collection Set: 1.44ms
[18.495s][info][gc,phases] GC(537)   Post Evacuate Collection Set: 0.38ms
[18.495s][info][gc,phases] GC(537)   Other: 0.10ms
[18.495s][info][gc       ] GC(537) Pause Young (Concurrent Start) (G1 Evacuation Pause) 1944M->1496M(2048M) 2.570ms
[18.495s][info][gc       ] GC(538) Concurrent Mark Cycle
[18.522s][info][gc,phases] GC(539)   Pre Evacuate Collection Set: 0.21ms
[18.522s][info][gc,phases] GC(539)   Merge Heap Roots: 0.11ms
[18.522s][info][gc,phases] GC(539)   Evacuate Collection Set: 1.52ms
[18.522s][info][gc,phases] GC(539)   Post Evacuate Collection Set: 0.39ms
[18.523s][info][gc,phases] GC(539)   Other: 0.05ms
[18.523s][info][gc       ] GC(539) Pause Young (Normal) (G1 Evacuation Pause) 1945M->1502M(2048M) 2.617ms
[18.563s][info][gc,phases] GC(540)   Pre Evacuate Collection Set: 0.21ms
[18.563s][info][gc,phases] GC(540)   Merge Heap Roots: 0.11ms
[18.563s][info][gc,phases] GC(540)   Evacuate Collection Set: 1.50ms
[18.563s][info][gc,phases] GC(540)   Post Evacuate Collection Set: 0.38ms
[18.564s][info][gc,phases] GC(540)   Other: 0.04ms
[18.564s][info][gc       ] GC(540) Pause Young (Normal) (G1 Evacuation Pause) 1944M->1510M(2048M) 2.608ms
[18.572s][info][gc       ] GC(538) Pause Remark 1598M->1536M(2048M) 1.022ms
[18.605s][info][gc,phases] GC(541)   Pre Evacuate Collection Set: 0.20ms
[18.605s][info][gc,phases] GC(541)   Merge Heap Roots: 0.12ms
[18.605s][info][gc,phases] GC(541)   Evacuate Collection Set: 1.53ms
[18.605s][info][gc,phases] GC(541)   Post Evacuate Collection Set: 0.39ms
[18.605s][info][gc,phases] GC(541)   Other: 0.05ms
[18.605s][info][gc       ] GC(541) Pause Young (Normal) (G1 Evacuation Pause) 1882M->1456M(2048M) 2.553ms
[18.649s][info][gc,phases] GC(542)   Pre Evacuate Collection Set: 0.20ms
[18.650s][info][gc,phases] GC(542)   Merge Heap Roots: 0.11ms
[18.650s][info][gc,phases] GC(542)   Evacuate Collection Set: 1.60ms
[18.650s][info][gc,phases] GC(542)   Post Evacuate Collection Set: 0.40ms
[18.650s][info][gc,phases] GC(542)   Other: 0.05ms
[18.650s][info][gc       ] GC(542) Pause Young (Normal) (G1 Evacuation Pause) 1944M->1464M(2048M) 2.661ms
[18.694s][info][gc,phases] GC(543)   Pre Evacuate Collection Set: 0.21ms
[18.694s][info][gc,phases] GC(543)   Merge Heap Roots: 0.12ms
[18.694s][info][gc,phases] GC(543)   Evacuate Collection Set: 1.60ms
[18.694s][info][gc,phases] GC(543)   Post Evacuate Collection Set: 0.43ms
[18.694s][info][gc,phases] GC(543)   Other: 0.05ms
[18.694s][info][gc       ] GC(543) Pause Young (Normal) (G1 Evacuation Pause) 1944M->1472M(2048M) 2.731ms
[18.722s][info][gc,phases] GC(544)   Pre Evacuate Collection Set: 0.23ms
[18.722s][info][gc,phases] GC(544)   Merge Heap Roots: 0.07ms
[18.722s][info][gc,phases] GC(544)   Evacuate Collection Set: 1.55ms
[18.722s][info][gc,phases] GC(544)   Post Evacuate Collection Set: 0.41ms
[18.722s][info][gc,phases] GC(544)   Other: 0.05ms
[18.723s][info][gc       ] GC(544) Pause Young (Normal) (G1 Evacuation Pause) 1944M->1481M(2048M) 2.655ms
[18.736s][info][gc       ] GC(538) Pause Cleanup 1725M->1725M(2048M) 0.359ms
[18.737s][info][gc       ] GC(538) Concurrent Mark Cycle 242.342ms
[18.758s][info][gc,phases] GC(545)   Pre Evacuate Collection Set: 0.23ms
[18.758s][info][gc,phases] GC(545)   Merge Heap Roots: 0.08ms
[18.758s][info][gc,phases] GC(545)   Evacuate Collection Set: 1.71ms
[18.758s][info][gc,phases] GC(545)   Post Evacuate Collection Set: 0.40ms
[18.758s][info][gc,phases] GC(545)   Other: 0.05ms
[18.758s][info][gc       ] GC(545) Pause Young (Prepare Mixed) (G1 Evacuation Pause) 1944M->1489M(2048M) 2.880ms
[18.798s][info][gc,phases] GC(546)   Pre Evacuate Collection Set: 0.21ms
[18.799s][info][gc,phases] GC(546)   Merge Heap Roots: 0.11ms
[18.799s][info][gc,phases] GC(546)   Evacuate Collection Set: 1.77ms
[18.799s][info][gc,phases] GC(546)   Post Evacuate Collection Set: 0.42ms
[18.799s][info][gc,phases] GC(546)   Other: 0.05ms
[18.799s][info][gc       ] GC(546) Pause Young (Mixed) (G1 Evacuation Pause) 1945M->1485M(2048M) 2.873ms
[18.840s][info][gc,phases] GC(547)   Pre Evacuate Collection Set: 0.25ms
[18.840s][info][gc,phases] GC(547)   Merge Heap Roots: 0.11ms
[18.841s][info][gc,phases] GC(547)   Evacuate Collection Set: 1.64ms
[18.841s][info][gc,phases] GC(547)   Post Evacuate Collection Set: 0.37ms
[18.841s][info][gc,phases] GC(547)   Other: 0.12ms
[18.841s][info][gc       ] GC(547) Pause Young (Concurrent Start) (G1 Evacuation Pause) 1944M->1492M(2048M) 2.896ms
[18.841s][info][gc       ] GC(548) Concurrent Mark Cycle
[18.880s][info][gc,phases] GC(549)   Pre Evacuate Collection Set: 0.22ms
[18.880s][info][gc,phases] GC(549)   Merge Heap Roots: 0.10ms
[18.880s][info][gc,phases] GC(549)   Evacuate Collection Set: 1.64ms
[18.880s][info][gc,phases] GC(549)   Post Evacuate Collection Set: 0.39ms
[18.880s][info][gc,phases] GC(549)   Other: 0.05ms
[18.880s][info][gc       ] GC(549) Pause Young (Normal) (G1 Evacuation Pause) 1944M->1501M(2048M) 2.774ms
[18.915s][info][gc       ] GC(548) Pause Remark 1899M->1839M(2048M) 1.020ms
[18.922s][info][gc,phases] GC(550)   Pre Evacuate Collection Set: 0.20ms
[18.922s][info][gc,phases] GC(550)   Merge Heap Roots: 0.14ms
[18.922s][info][gc,phases] GC(550)   Evacuate Collection Set: 1.63ms
[18.922s][info][gc,phases] GC(550)   Post Evacuate Collection Set: 0.43ms
[18.922s][info][gc,phases] GC(550)   Other: 0.05ms
[18.922s][info][gc       ] GC(550) Pause Young (Normal) (G1 Evacuation Pause) 1884M->1448M(2048M) 2.875ms
[18.965s][info][gc,phases] GC(551)   Pre Evacuate Collection Set: 0.21ms
[18.965s][info][gc,phases] GC(551)   Merge Heap Roots: 0.11ms
[18.966s][info][gc,phases] GC(551)   Evacuate Collection Set: 1.61ms
[18.966s][info][gc,phases] GC(551)   Post Evacuate Collection Set: 0.39ms
[18.966s][info][gc,phases] GC(551)   Other: 0.05ms
[18.966s][info][gc       ] GC(551) Pause Young (Normal) (G1 Evacuation Pause) 1944M->1457M(2048M) 2.772ms
[18.997s][info][gc,phases] GC(552)   Pre Evacuate Collection Set: 0.24ms
[18.997s][info][gc,phases] GC(552)   Merge Heap Roots: 0.10ms
[18.997s][info][gc,phases] GC(552)   Evacuate Collection Set: 1.56ms
[18.997s][info][gc,phases] GC(552)   Post Evacuate Collection Set: 0.40ms
[18.997s][info][gc,phases] GC(552)   Other: 0.05ms
[18.997s][info][gc       ] GC(552) Pause Young (Normal) (G1 Evacuation Pause) 1944M->1465M(2048M) 2.657ms
[19.026s][info][gc,phases] GC(553)   Pre Evacuate Collection Set: 0.21ms
[19.026s][info][gc,phases] GC(553)   Merge Heap Roots: 0.13ms
[19.026s][info][gc,phases] GC(553)   Evacuate Collection Set: 1.61ms
[19.026s][info][gc,phases] GC(553)   Post Evacuate Collection Set: 0.39ms
[19.026s][info][gc,phases] GC(553)   Other: 0.05ms
[19.026s][info][gc       ] GC(553) Pause Young (Normal) (G1 Evacuation Pause) 1944M->1473M(2048M) 2.756ms
[19.066s][info][gc,phases] GC(554)   Pre Evacuate Collection Set: 0.21ms
[19.066s][info][gc,phases] GC(554)   Merge Heap Roots: 0.12ms
[19.066s][info][gc,phases] GC(554)   Evacuate Collection Set: 1.57ms
[19.066s][info][gc,phases] GC(554)   Post Evacuate Collection Set: 0.39ms
[19.066s][info][gc,phases] GC(554)   Other: 0.05ms
[19.066s][info][gc       ] GC(554) Pause Young (Normal) (G1 Evacuation Pause) 1943M->1482M(2048M) 2.657ms
[19.082s][info][gc       ] GC(548) Pause Cleanup 1772M->1772M(2048M) 0.414ms
[19.083s][info][gc       ] GC(548) Concurrent Mark Cycle 242.580ms
[19.100s][info][gc,phases] GC(555)   Pre Evacuate Collection Set: 0.19ms
[19.100s][info][gc,phases] GC(555)   Merge Heap Roots: 0.12ms
[19.100s][info][gc,phases] GC(555)   Evacuate Collection Set: 1.62ms
[19.100s][info][gc,phases] GC(555)   Post Evacuate Collection Set: 0.39ms
[19.100s][info][gc,phases] GC(555)   Other: 0.05ms
[19.100s][info][gc       ] GC(555) Pause Young (Prepare Mixed) (G1 Evacuation Pause) 1944M->1490M(2048M) 2.665ms
[19.141s][info][gc,phases] GC(556)   Pre Evacuate Collection Set: 0.20ms
[19.141s][info][gc,phases] GC(556)   Merge Heap Roots: 0.12ms
[19.141s][info][gc,phases] GC(556)   Evacuate Collection Set: 1.78ms
[19.141s][info][gc,phases] GC(556)   Post Evacuate Collection Set: 0.39ms
[19.141s][info][gc,phases] GC(556)   Other: 0.05ms
[19.141s][info][gc       ] GC(556) Pause Young (Mixed) (G1 Evacuation Pause) 1944M->1486M(2048M) 2.876ms
[19.180s][info][gc,phases] GC(557)   Pre Evacuate Collection Set: 0.28ms
[19.180s][info][gc,phases] GC(557)   Merge Heap Roots: 0.09ms
[19.180s][info][gc,phases] GC(557)   Evacuate Collection Set: 1.64ms
[19.180s][info][gc,phases] GC(557)   Post Evacuate Collection Set: 0.37ms
[19.180s][info][gc,phases] GC(557)   Other: 0.11ms
[19.180s][info][gc       ] GC(557) Pause Young (Concurrent Start) (G1 Evacuation Pause) 1944M->1495M(2048M) 2.855ms
[19.180s][info][gc       ] GC(558) Concurrent Mark Cycle
[19.207s][info][gc,phases] GC(559)   Pre Evacuate Collection Set: 0.20ms
[19.208s][info][gc,phases] GC(559)   Merge Heap Roots: 0.11ms
[19.208s][info][gc,phases] GC(559)   Evacuate Collection Set: 1.56ms
[19.208s][info][gc,phases] GC(559)   Post Evacuate Collection Set: 0.36ms
[19.208s][info][gc,phases] GC(559)   Other: 0.05ms
[19.208s][info][gc       ] GC(559) Pause Young (Normal) (G1 Evacuation Pause) 1944M->1502M(2048M) 2.577ms
[19.239s][info][gc,phases] GC(560)   Pre Evacuate Collection Set: 0.22ms
[19.239s][info][gc,phases] GC(560)   Merge Heap Roots: 0.10ms
[19.239s][info][gc,phases] GC(560)   Evacuate Collection Set: 1.54ms
[19.239s][info][gc,phases] GC(560)   Post Evacuate Collection Set: 0.38ms
[19.239s][info][gc,phases] GC(560)   Other: 0.05ms
[19.240s][info][gc       ] GC(560) Pause Young (Normal) (G1 Evacuation Pause) 1943M->1510M(2048M) 2.617ms
[19.257s][info][gc       ] GC(558) Pause Remark 1702M->1637M(2048M) 1.098ms
[19.273s][info][gc,phases] GC(561)   Pre Evacuate Collection Set: 0.20ms
[19.274s][info][gc,phases] GC(561)   Merge Heap Roots: 0.14ms
[19.274s][info][gc,phases] GC(561)   Evacuate Collection Set: 1.54ms
[19.274s][info][gc,phases] GC(561)   Post Evacuate Collection Set: 0.41ms
[19.274s][info][gc,phases] GC(561)   Other: 0.05ms
[19.274s][info][gc       ] GC(561) Pause Young (Normal) (G1 Evacuation Pause) 1879M->1454M(2048M) 2.621ms
[19.318s][info][gc,phases] GC(562)   Pre Evacuate Collection Set: 0.20ms
[19.318s][info][gc,phases] GC(562)   Merge Heap Roots: 0.11ms
[19.319s][info][gc,phases] GC(562)   Evacuate Collection Set: 1.58ms
[19.319s][info][gc,phases] GC(562)   Post Evacuate Collection Set: 0.43ms
[19.319s][info][gc,phases] GC(562)   Other: 0.05ms
[19.319s][info][gc       ] GC(562) Pause Young (Normal) (G1 Evacuation Pause) 1944M->1462M(2048M) 2.714ms
[19.362s][info][gc,phases] GC(563)   Pre Evacuate Collection Set: 0.20ms
[19.363s][info][gc,phases] GC(563)   Merge Heap Roots: 0.12ms
[19.363s][info][gc,phases] GC(563)   Evacuate Collection Set: 1.55ms
[19.363s][info][gc,phases] GC(563)   Post Evacuate Collection Set: 0.38ms
[19.363s][info][gc,phases] GC(563)   Other: 0.05ms
[19.363s][info][gc       ] GC(563) Pause Young (Normal) (G1 Evacuation Pause) 1943M->1470M(2048M) 2.589ms
[19.391s][info][gc,phases] GC(564)   Pre Evacuate Collection Set: 0.22ms
[19.391s][info][gc,phases] GC(564)   Merge Heap Roots: 0.10ms
[19.391s][info][gc,phases] GC(564)   Evacuate Collection Set: 1.49ms
[19.391s][info][gc,phases] GC(564)   Post Evacuate Collection Set: 0.39ms
[19.391s][info][gc,phases] GC(564)   Other: 0.04ms
[19.391s][info][gc       ] GC(564) Pause Young (Normal) (G1 Evacuation Pause) 1944M->1479M(2048M) 2.629ms
[19.420s][info][gc       ] GC(558) Pause Cleanup 1835M->1835M(2048M) 0.369ms
[19.421s][info][gc       ] GC(558) Concurrent Mark Cycle 241.191ms
[19.432s][info][gc,phases] GC(565)   Pre Evacuate Collection Set: 0.23ms
[19.432s][info][gc,phases] GC(565)   Merge Heap Roots: 0.11ms
[19.433s][info][gc,phases] GC(565)   Evacuate Collection Set: 1.58ms
[19.433s][info][gc,phases] GC(565)   Post Evacuate Collection Set: 0.44ms
[19.433s][info][gc,phases] GC(565)   Other: 0.05ms
[19.433s][info][gc       ] GC(565) Pause Young (Prepare Mixed) (G1 Evacuation Pause) 1944M->1487M(2048M) 2.756ms
[19.471s][info][gc,phases] GC(566)   Pre Evacuate Collection Set: 0.23ms
[19.471s][info][gc,phases] GC(566)   Merge Heap Roots: 0.12ms
[19.471s][info][gc,phases] GC(566)   Evacuate Collection Set: 1.73ms
[19.471s][info][gc,phases] GC(566)   Post Evacuate Collection Set: 0.41ms
[19.471s][info][gc,phases] GC(566)   Other: 0.06ms
[19.471s][info][gc       ] GC(566) Pause Young (Mixed) (G1 Evacuation Pause) 1943M->1488M(2048M) 2.897ms
[19.511s][info][gc,phases] GC(567)   Pre Evacuate Collection Set: 0.23ms
[19.512s][info][gc,phases] GC(567)   Merge Heap Roots: 0.11ms
[19.512s][info][gc,phases] GC(567)   Evacuate Collection Set: 1.45ms
[19.512s][info][gc,phases] GC(567)   Post Evacuate Collection Set: 0.44ms
[19.512s][info][gc,phases] GC(567)   Other: 0.10ms
[19.512s][info][gc       ] GC(567) Pause Young (Concurrent Start) (G1 Evacuation Pause) 1944M->1495M(2048M) 2.599ms
[19.512s][info][gc       ] GC(568) Concurrent Mark Cycle
[19.553s][info][gc,phases] GC(569)   Pre Evacuate Collection Set: 0.22ms
[19.553s][info][gc,phases] GC(569)   Merge Heap Roots: 0.11ms
[19.553s][info][gc,phases] GC(569)   Evacuate Collection Set: 1.66ms
[19.553s][info][gc,phases] GC(569)   Post Evacuate Collection Set: 0.38ms
[19.553s][info][gc,phases] GC(569)   Other: 0.05ms
[19.553s][info][gc       ] GC(569) Pause Young (Normal) (G1 Evacuation Pause) 1944M->1503M(2048M) 2.843ms
[19.586s][info][gc       ] GC(568) Pause Remark 1867M->1806M(2048M) 1.078ms
[19.593s][info][gc,phases] GC(570)   Pre Evacuate Collection Set: 0.19ms
[19.593s][info][gc,phases] GC(570)   Merge Heap Roots: 0.14ms
[19.593s][info][gc,phases] GC(570)   Evacuate Collection Set: 1.64ms
[19.593s][info][gc,phases] GC(570)   Post Evacuate Collection Set: 0.37ms
[19.593s][info][gc,phases] GC(570)   Other: 0.05ms
[19.593s][info][gc       ] GC(570) Pause Young (Normal) (G1 Evacuation Pause) 1883M->1449M(2048M) 2.802ms
[19.639s][info][gc,phases] GC(571)   Pre Evacuate Collection Set: 0.21ms
[19.639s][info][gc,phases] GC(571)   Merge Heap Roots: 0.12ms
[19.639s][info][gc,phases] GC(571)   Evacuate Collection Set: 1.62ms
[19.639s][info][gc,phases] GC(571)   Post Evacuate Collection Set: 0.42ms
[19.639s][info][gc,phases] GC(571)   Other: 0.05ms
[19.639s][info][gc       ] GC(571) Pause Young (Normal) (G1 Evacuation Pause) 1944M->1458M(2048M) 2.808ms
[19.684s][info][gc,phases] GC(572)   Pre Evacuate Collection Set: 0.25ms
[19.684s][info][gc,phases] GC(572)   Merge Heap Roots: 0.12ms
[19.684s][info][gc,phases] GC(572)   Evacuate Collection Set: 1.68ms
[19.684s][info][gc,phases] GC(572)   Post Evacuate Collection Set: 0.39ms
[19.684s][info][gc,phases] GC(572)   Other: 0.04ms
[19.684s][info][gc       ] GC(572) Pause Young (Normal) (G1 Evacuation Pause) 1944M->1467M(2048M) 2.788ms
[19.713s][info][gc,phases] GC(573)   Pre Evacuate Collection Set: 0.21ms
[19.713s][info][gc,phases] GC(573)   Merge Heap Roots: 0.13ms
[19.713s][info][gc,phases] GC(573)   Evacuate Collection Set: 1.62ms
[19.713s][info][gc,phases] GC(573)   Post Evacuate Collection Set: 0.39ms
[19.713s][info][gc,phases] GC(573)   Other: 0.05ms
[19.713s][info][gc       ] GC(573) Pause Young (Normal) (G1 Evacuation Pause) 1944M->1475M(2048M) 2.679ms
[19.741s][info][gc,phases] GC(574)   Pre Evacuate Collection Set: 0.21ms
[19.741s][info][gc,phases] GC(574)   Merge Heap Roots: 0.15ms
[19.742s][info][gc,phases] GC(574)   Evacuate Collection Set: 1.63ms
[19.742s][info][gc,phases] GC(574)   Post Evacuate Collection Set: 0.41ms
[19.742s][info][gc,phases] GC(574)   Other: 0.05ms
[19.742s][info][gc       ] GC(574) Pause Young (Normal) (G1 Evacuation Pause) 1944M->1484M(2048M) 2.813ms
[19.753s][info][gc       ] GC(568) Pause Cleanup 1676M->1676M(2048M) 0.330ms
[19.754s][info][gc       ] GC(568) Concurrent Mark Cycle 241.889ms
[19.774s][info][gc,phases] GC(575)   Pre Evacuate Collection Set: 0.20ms
[19.775s][info][gc,phases] GC(575)   Merge Heap Roots: 0.09ms
[19.775s][info][gc,phases] GC(575)   Evacuate Collection Set: 1.65ms
[19.775s][info][gc,phases] GC(575)   Post Evacuate Collection Set: 0.41ms
[19.775s][info][gc,phases] GC(575)   Other: 0.05ms
[19.775s][info][gc       ] GC(575) Pause Young (Prepare Mixed) (G1 Evacuation Pause) 1944M->1492M(2048M) 2.745ms
[19.816s][info][gc,phases] GC(576)   Pre Evacuate Collection Set: 0.24ms
[19.816s][info][gc,phases] GC(576)   Merge Heap Roots: 0.14ms
[19.816s][info][gc,phases] GC(576)   Evacuate Collection Set: 1.77ms
[19.816s][info][gc,phases] GC(576)   Post Evacuate Collection Set: 0.39ms
[19.816s][info][gc,phases] GC(576)   Other: 0.06ms
[19.816s][info][gc       ] GC(576) Pause Young (Mixed) (G1 Evacuation Pause) 1944M->1490M(2048M) 2.926ms
[19.858s][info][gc,phases] GC(577)   Pre Evacuate Collection Set: 0.28ms
[19.858s][info][gc,phases] GC(577)   Merge Heap Roots: 0.08ms
[19.858s][info][gc,phases] GC(577)   Evacuate Collection Set: 1.62ms
[19.858s][info][gc,phases] GC(577)   Post Evacuate Collection Set: 0.39ms
[19.858s][info][gc,phases] GC(577)   Other: 0.11ms
[19.858s][info][gc       ] GC(577) Pause Young (Concurrent Start) (G1 Evacuation Pause) 1944M->1498M(2048M) 2.781ms
[19.858s][info][gc       ] GC(578) Concurrent Mark Cycle
[19.899s][info][gc,phases] GC(579)   Pre Evacuate Collection Set: 0.23ms
[19.899s][info][gc,phases] GC(579)   Merge Heap Roots: 0.10ms
[19.899s][info][gc,phases] GC(579)   Evacuate Collection Set: 1.58ms
[19.899s][info][gc,phases] GC(579)   Post Evacuate Collection Set: 0.38ms
[19.899s][info][gc,phases] GC(579)   Other: 0.05ms
[19.899s][info][gc       ] GC(579) Pause Young (Normal) (G1 Evacuation Pause) 1944M->1505M(2048M) 2.626ms
[19.931s][info][gc,phases] GC(580)   Pre Evacuate Collection Set: 0.21ms
[19.931s][info][gc,phases] GC(580)   Merge Heap Roots: 0.10ms
[19.931s][info][gc,phases] GC(580)   Evacuate Collection Set: 1.63ms
[19.931s][info][gc,phases] GC(580)   Post Evacuate Collection Set: 0.38ms
[19.931s][info][gc,phases] GC(580)   Other: 0.05ms
[19.931s][info][gc       ] GC(580) Pause Young (Normal) (G1 Evacuation Pause) 1944M->1513M(2048M) 2.634ms
[19.935s][info][gc       ] GC(578) Pause Remark 1544M->1485M(2048M) 1.009ms
[19.972s][info][gc,phases] GC(581)   Pre Evacuate Collection Set: 0.19ms
[19.972s][info][gc,phases] GC(581)   Merge Heap Roots: 0.12ms
[19.972s][info][gc,phases] GC(581)   Evacuate Collection Set: 1.53ms
[19.972s][info][gc,phases] GC(581)   Post Evacuate Collection Set: 0.39ms
[19.972s][info][gc,phases] GC(581)   Other: 0.05ms
[19.972s][info][gc       ] GC(581) Pause Young (Normal) (G1 Evacuation Pause) 1884M->1462M(2048M) 2.588ms
[20.009s][info][gc,phases] GC(582)   Pre Evacuate Collection Set: 0.20ms
[20.009s][info][gc,phases] GC(582)   Merge Heap Roots: 0.12ms
[20.009s][info][gc,phases] GC(582)   Evacuate Collection Set: 1.56ms
[20.009s][info][gc,phases] GC(582)   Post Evacuate Collection Set: 0.39ms
[20.009s][info][gc,phases] GC(582)   Other: 0.06ms
[20.009s][info][gc       ] GC(582) Pause Young (Normal) (G1 Evacuation Pause) 1944M->1472M(2048M) 2.685ms
[20.038s][info][gc,phases] GC(583)   Pre Evacuate Collection Set: 0.22ms
[20.038s][info][gc,phases] GC(583)   Merge Heap Roots: 0.12ms
[20.038s][info][gc,phases] GC(583)   Evacuate Collection Set: 1.62ms
[20.038s][info][gc,phases] GC(583)   Post Evacuate Collection Set: 0.42ms
[20.038s][info][gc,phases] GC(583)   Other: 0.05ms
[20.038s][info][gc       ] GC(583) Pause Young (Normal) (G1 Evacuation Pause) 1945M->1480M(2048M) 2.725ms
[20.076s][info][gc,phases] GC(584)   Pre Evacuate Collection Set: 0.21ms
[20.076s][info][gc,phases] GC(584)   Merge Heap Roots: 0.12ms
[20.077s][info][gc,phases] GC(584)   Evacuate Collection Set: 1.55ms
[20.077s][info][gc,phases] GC(584)   Post Evacuate Collection Set: 0.35ms
[20.077s][info][gc,phases] GC(584)   Other: 0.06ms
[20.077s][info][gc       ] GC(584) Pause Young (Normal) (G1 Evacuation Pause) 1945M->1487M(2048M) 2.682ms
[20.099s][info][gc       ] GC(578) Pause Cleanup 1741M->1741M(2048M) 0.339ms
[20.100s][info][gc       ] GC(578) Concurrent Mark Cycle 242.033ms
[20.119s][info][gc,phases] GC(585)   Pre Evacuate Collection Set: 0.24ms
[20.119s][info][gc,phases] GC(585)   Merge Heap Roots: 0.12ms
[20.119s][info][gc,phases] GC(585)   Evacuate Collection Set: 1.57ms
[20.119s][info][gc,phases] GC(585)   Post Evacuate Collection Set: 0.41ms
[20.119s][info][gc,phases] GC(585)   Other: 0.05ms
[20.119s][info][gc       ] GC(585) Pause Young (Prepare Mixed) (G1 Evacuation Pause) 1944M->1496M(2048M) 2.794ms
[20.160s][info][gc,phases] GC(586)   Pre Evacuate Collection Set: 0.19ms
[20.160s][info][gc,phases] GC(586)   Merge Heap Roots: 0.15ms
[20.160s][info][gc,phases] GC(586)   Evacuate Collection Set: 1.73ms
[20.160s][info][gc,phases] GC(586)   Post Evacuate Collection Set: 0.39ms
[20.160s][info][gc,phases] GC(586)   Other: 0.06ms
[20.160s][info][gc       ] GC(586) Pause Young (Mixed) (G1 Evacuation Pause) 1944M->1490M(2048M) 2.881ms
[20.200s][info][gc,phases] GC(587)   Pre Evacuate Collection Set: 0.27ms
[20.200s][info][gc,phases] GC(587)   Merge Heap Roots: 0.06ms
[20.200s][info][gc,phases] GC(587)   Evacuate Collection Set: 1.52ms
[20.200s][info][gc,phases] GC(587)   Post Evacuate Collection Set: 0.40ms
[20.200s][info][gc,phases] GC(587)   Other: 0.13ms
[20.200s][info][gc       ] GC(587) Pause Young (Concurrent Start) (G1 Evacuation Pause) 1944M->1497M(2048M) 2.709ms
[20.201s][info][gc       ] GC(588) Concurrent Mark Cycle
[20.242s][info][gc,phases] GC(589)   Pre Evacuate Collection Set: 0.20ms
[20.242s][info][gc,phases] GC(589)   Merge Heap Roots: 0.11ms
[20.242s][info][gc,phases] GC(589)   Evacuate Collection Set: 1.62ms
[20.242s][info][gc,phases] GC(589)   Post Evacuate Collection Set: 0.37ms
[20.242s][info][gc,phases] GC(589)   Other: 0.05ms
[20.242s][info][gc       ] GC(589) Pause Young (Normal) (G1 Evacuation Pause) 1944M->1506M(2048M) 2.648ms
[20.275s][info][gc       ] GC(588) Pause Remark 1879M->1818M(2048M) 1.107ms
[20.284s][info][gc,phases] GC(590)   Pre Evacuate Collection Set: 0.21ms
[20.284s][info][gc,phases] GC(590)   Merge Heap Roots: 0.14ms
[20.284s][info][gc,phases] GC(590)   Evacuate Collection Set: 1.51ms
[20.284s][info][gc,phases] GC(590)   Post Evacuate Collection Set: 0.43ms
[20.284s][info][gc,phases] GC(590)   Other: 0.04ms
[20.284s][info][gc       ] GC(590) Pause Young (Normal) (G1 Evacuation Pause) 1884M->1453M(2048M) 2.736ms
[20.332s][info][gc,phases] GC(591)   Pre Evacuate Collection Set: 0.20ms
[20.332s][info][gc,phases] GC(591)   Merge Heap Roots: 0.12ms
[20.332s][info][gc,phases] GC(591)   Evacuate Collection Set: 1.57ms
[20.332s][info][gc,phases] GC(591)   Post Evacuate Collection Set: 0.40ms
[20.332s][info][gc,phases] GC(591)   Other: 0.05ms
[20.332s][info][gc       ] GC(591) Pause Young (Normal) (G1 Evacuation Pause) 1944M->1461M(2048M) 2.662ms
[20.361s][info][gc,phases] GC(592)   Pre Evacuate Collection Set: 0.21ms
[20.361s][info][gc,phases] GC(592)   Merge Heap Roots: 0.11ms
[20.361s][info][gc,phases] GC(592)   Evacuate Collection Set: 1.50ms
[20.361s][info][gc,phases] GC(592)   Post Evacuate Collection Set: 0.40ms
[20.361s][info][gc,phases] GC(592)   Other: 0.04ms
[20.361s][info][gc       ] GC(592) Pause Young (Normal) (G1 Evacuation Pause) 1944M->1470M(2048M) 2.650ms
[20.398s][info][gc,phases] GC(593)   Pre Evacuate Collection Set: 0.21ms
[20.398s][info][gc,phases] GC(593)   Merge Heap Roots: 0.12ms
[20.398s][info][gc,phases] GC(593)   Evacuate Collection Set: 1.56ms
[20.398s][info][gc,phases] GC(593)   Post Evacuate Collection Set: 0.39ms
[20.398s][info][gc,phases] GC(593)   Other: 0.05ms
[20.398s][info][gc       ] GC(593) Pause Young (Normal) (G1 Evacuation Pause) 1944M->1478M(2048M) 2.610ms
[20.441s][info][gc,phases] GC(594)   Pre Evacuate Collection Set: 0.20ms
[20.441s][info][gc,phases] GC(594)   Merge Heap Roots: 0.12ms
[20.441s][info][gc,phases] GC(594)   Evacuate Collection Set: 1.63ms
[20.441s][info][gc,phases] GC(594)   Post Evacuate Collection Set: 0.39ms
[20.441s][info][gc,phases] GC(594)   Other: 0.05ms
[20.441s][info][gc       ] GC(594) Pause Young (Normal) (G1 Evacuation Pause) 1944M->1487M(2048M) 2.764ms
[20.442s][info][gc       ] GC(588) Pause Cleanup 1490M->1490M(2048M) 0.303ms
[20.442s][info][gc       ] GC(588) Concurrent Mark Cycle 241.972ms
[20.483s][info][gc,phases] GC(595)   Pre Evacuate Collection Set: 0.22ms
[20.483s][info][gc,phases] GC(595)   Merge Heap Roots: 0.12ms
[20.483s][info][gc,phases] GC(595)   Evacuate Collection Set: 1.66ms
[20.483s][info][gc,phases] GC(595)   Post Evacuate Collection Set: 0.41ms
[20.483s][info][gc,phases] GC(595)   Other: 0.04ms
[20.483s][info][gc       ] GC(595) Pause Young (Prepare Mixed) (G1 Evacuation Pause) 1944M->1495M(2048M) 2.710ms
[20.524s][info][gc,phases] GC(596)   Pre Evacuate Collection Set: 0.20ms
[20.524s][info][gc,phases] GC(596)   Merge Heap Roots: 0.12ms
[20.524s][info][gc,phases] GC(596)   Evacuate Collection Set: 1.77ms
[20.524s][info][gc,phases] GC(596)   Post Evacuate Collection Set: 0.40ms
[20.524s][info][gc,phases] GC(596)   Other: 0.05ms
[20.524s][info][gc       ] GC(596) Pause Young (Mixed) (G1 Evacuation Pause) 1944M->1492M(2048M) 2.857ms
[20.565s][info][gc,phases] GC(597)   Pre Evacuate Collection Set: 0.32ms
[20.565s][info][gc,phases] GC(597)   Merge Heap Roots: 0.12ms
[20.565s][info][gc,phases] GC(597)   Evacuate Collection Set: 1.57ms
[20.565s][info][gc,phases] GC(597)   Post Evacuate Collection Set: 0.39ms
[20.566s][info][gc,phases] GC(597)   Other: 0.11ms
[20.566s][info][gc       ] GC(597) Pause Young (Concurrent Start) (G1 Evacuation Pause) 1944M->1501M(2048M) 2.870ms
[20.566s][info][gc       ] GC(598) Concurrent Mark Cycle
[20.606s][info][gc,phases] GC(599)   Pre Evacuate Collection Set: 0.22ms
[20.607s][info][gc,phases] GC(599)   Merge Heap Roots: 0.12ms
[20.607s][info][gc,phases] GC(599)   Evacuate Collection Set: 1.62ms
[20.607s][info][gc,phases] GC(599)   Post Evacuate Collection Set: 0.38ms
[20.607s][info][gc,phases] GC(599)   Other: 0.05ms
[20.607s][info][gc       ] GC(599) Pause Young (Normal) (G1 Evacuation Pause) 1944M->1508M(2048M) 2.697ms
[20.633s][info][gc,phases] GC(600)   Pre Evacuate Collection Set: 0.22ms
[20.633s][info][gc,phases] GC(600)   Merge Heap Roots: 0.11ms
[20.633s][info][gc,phases] GC(600)   Evacuate Collection Set: 1.54ms
[20.633s][info][gc,phases] GC(600)   Post Evacuate Collection Set: 0.37ms
[20.633s][info][gc,phases] GC(600)   Other: 0.04ms
[20.634s][info][gc       ] GC(600) Pause Young (Normal) (G1 Evacuation Pause) 1944M->1515M(2048M) 2.570ms
[20.643s][info][gc       ] GC(598) Pause Remark 1614M->1552M(2048M) 0.978ms
[20.674s][info][gc,phases] GC(601)   Pre Evacuate Collection Set: 0.21ms
[20.674s][info][gc,phases] GC(601)   Merge Heap Roots: 0.12ms
[20.675s][info][gc,phases] GC(601)   Evacuate Collection Set: 1.58ms
[20.675s][info][gc,phases] GC(601)   Post Evacuate Collection Set: 0.50ms
[20.675s][info][gc,phases] GC(601)   Other: 0.05ms
[20.675s][info][gc       ] GC(601) Pause Young (Normal) (G1 Evacuation Pause) 1882M->1461M(2048M) 2.709ms
[20.704s][info][gc,phases] GC(602)   Pre Evacuate Collection Set: 0.20ms
[20.704s][info][gc,phases] GC(602)   Merge Heap Roots: 0.11ms
[20.704s][info][gc,phases] GC(602)   Evacuate Collection Set: 1.56ms
[20.704s][info][gc,phases] GC(602)   Post Evacuate Collection Set: 0.40ms
[20.704s][info][gc,phases] GC(602)   Other: 0.05ms
[20.704s][info][gc       ] GC(602) Pause Young (Normal) (G1 Evacuation Pause) 1944M->1470M(2048M) 2.615ms
[20.732s][info][gc,phases] GC(603)   Pre Evacuate Collection Set: 0.22ms
[20.733s][info][gc,phases] GC(603)   Merge Heap Roots: 0.11ms
[20.733s][info][gc,phases] GC(603)   Evacuate Collection Set: 1.61ms
[20.733s][info][gc,phases] GC(603)   Post Evacuate Collection Set: 0.40ms
[20.733s][info][gc,phases] GC(603)   Other: 0.06ms
[20.733s][info][gc       ] GC(603) Pause Young (Normal) (G1 Evacuation Pause) 1944M->1478M(2048M) 2.655ms
[20.763s][info][gc,phases] GC(604)   Pre Evacuate Collection Set: 0.21ms
[20.763s][info][gc,phases] GC(604)   Merge Heap Roots: 0.11ms
[20.763s][info][gc,phases] GC(604)   Evacuate Collection Set: 1.68ms
[20.763s][info][gc,phases] GC(604)   Post Evacuate Collection Set: 0.41ms
[20.764s][info][gc,phases] GC(604)   Other: 0.04ms
[20.764s][info][gc       ] GC(604) Pause Young (Normal) (G1 Evacuation Pause) 1944M->1487M(2048M) 2.848ms
[20.792s][info][gc,phases] GC(605)   Pre Evacuate Collection Set: 0.19ms
[20.792s][info][gc,phases] GC(605)   Merge Heap Roots: 0.12ms
[20.792s][info][gc,phases] GC(605)   Evacuate Collection Set: 1.78ms
[20.792s][info][gc,phases] GC(605)   Post Evacuate Collection Set: 0.41ms
[20.792s][info][gc,phases] GC(605)   Other: 0.05ms
[20.792s][info][gc       ] GC(605) Pause Young (Normal) (G1 Evacuation Pause) 1944M->1494M(2048M) 2.964ms
[20.810s][info][gc       ] GC(598) Pause Cleanup 1816M->1816M(2048M) 0.367ms
[20.811s][info][gc       ] GC(598) Concurrent Mark Cycle 245.509ms
[20.824s][info][gc,phases] GC(606)   Pre Evacuate Collection Set: 0.21ms
[20.824s][info][gc,phases] GC(606)   Merge Heap Roots: 0.11ms
[20.824s][info][gc,phases] GC(606)   Evacuate Collection Set: 1.65ms
[20.824s][info][gc,phases] GC(606)   Post Evacuate Collection Set: 0.40ms
[20.824s][info][gc,phases] GC(606)   Other: 0.05ms
[20.824s][info][gc       ] GC(606) Pause Young (Prepare Mixed) (G1 Evacuation Pause) 1944M->1502M(2048M) 2.732ms
[20.864s][info][gc,phases] GC(607)   Pre Evacuate Collection Set: 0.23ms
[20.864s][info][gc,phases] GC(607)   Merge Heap Roots: 0.12ms
[20.864s][info][gc,phases] GC(607)   Evacuate Collection Set: 1.78ms
[20.864s][info][gc,phases] GC(607)   Post Evacuate Collection Set: 0.38ms
[20.864s][info][gc,phases] GC(607)   Other: 0.05ms
[20.865s][info][gc       ] GC(607) Pause Young (Mixed) (G1 Evacuation Pause) 1944M->1496M(2048M) 2.901ms
[20.905s][info][gc,phases] GC(608)   Pre Evacuate Collection Set: 0.26ms
[20.905s][info][gc,phases] GC(608)   Merge Heap Roots: 0.07ms
[20.905s][info][gc,phases] GC(608)   Evacuate Collection Set: 1.56ms
[20.905s][info][gc,phases] GC(608)   Post Evacuate Collection Set: 0.37ms
[20.905s][info][gc,phases] GC(608)   Other: 0.11ms
[20.905s][info][gc       ] GC(608) Pause Young (Concurrent Start) (G1 Evacuation Pause) 1944M->1504M(2048M) 2.671ms
[20.905s][info][gc       ] GC(609) Concurrent Mark Cycle
[20.942s][info][gc,phases] GC(610)   Pre Evacuate Collection Set: 0.19ms
[20.943s][info][gc,phases] GC(610)   Merge Heap Roots: 0.12ms
[20.943s][info][gc,phases] GC(610)   Evacuate Collection Set: 1.54ms
[20.943s][info][gc,phases] GC(610)   Post Evacuate Collection Set: 0.43ms
[20.943s][info][gc,phases] GC(610)   Other: 0.05ms
[20.943s][info][gc       ] GC(610) Pause Young (Normal) (G1 Evacuation Pause) 1944M->1511M(2048M) 2.735ms
[20.978s][info][gc,phases] GC(611)   Pre Evacuate Collection Set: 0.20ms
[20.978s][info][gc,phases] GC(611)   Merge Heap Roots: 0.11ms
[20.978s][info][gc,phases] GC(611)   Evacuate Collection Set: 1.51ms
[20.978s][info][gc,phases] GC(611)   Post Evacuate Collection Set: 0.40ms
[20.978s][info][gc,phases] GC(611)   Other: 0.05ms
[20.978s][info][gc       ] GC(611) Pause Young (Normal) (G1 Evacuation Pause) 1944M->1520M(2048M) 2.547ms
[20.983s][info][gc       ] GC(609) Pause Remark 1568M->1504M(2048M) 1.050ms
[21.010s][info][gc,phases] GC(612)   Pre Evacuate Collection Set: 0.23ms
[21.011s][info][gc,phases] GC(612)   Merge Heap Roots: 0.12ms
[21.011s][info][gc,phases] GC(612)   Evacuate Collection Set: 1.68ms
[21.011s][info][gc,phases] GC(612)   Post Evacuate Collection Set: 0.40ms
[21.011s][info][gc,phases] GC(612)   Other: 0.04ms
[21.011s][info][gc       ] GC(612) Pause Young (Normal) (G1 Evacuation Pause) 1880M->1463M(2048M) 2.797ms
[21.048s][info][gc,phases] GC(613)   Pre Evacuate Collection Set: 0.21ms
[21.049s][info][gc,phases] GC(613)   Merge Heap Roots: 0.12ms
[21.049s][info][gc,phases] GC(613)   Evacuate Collection Set: 1.58ms
[21.049s][info][gc,phases] GC(613)   Post Evacuate Collection Set: 0.39ms
[21.049s][info][gc,phases] GC(613)   Other: 0.05ms
[21.049s][info][gc       ] GC(613) Pause Young (Normal) (G1 Evacuation Pause) 1944M->1471M(2048M) 2.715ms
[21.088s][info][gc,phases] GC(614)   Pre Evacuate Collection Set: 0.21ms
[21.089s][info][gc,phases] GC(614)   Merge Heap Roots: 0.11ms
[21.089s][info][gc,phases] GC(614)   Evacuate Collection Set: 1.58ms
[21.089s][info][gc,phases] GC(614)   Post Evacuate Collection Set: 0.40ms
[21.089s][info][gc,phases] GC(614)   Other: 0.05ms
[21.089s][info][gc       ] GC(614) Pause Young (Normal) (G1 Evacuation Pause) 1944M->1480M(2048M) 2.720ms
[21.128s][info][gc,phases] GC(615)   Pre Evacuate Collection Set: 0.23ms
[21.128s][info][gc,phases] GC(615)   Merge Heap Roots: 0.09ms
[21.129s][info][gc,phases] GC(615)   Evacuate Collection Set: 1.52ms
[21.129s][info][gc,phases] GC(615)   Post Evacuate Collection Set: 0.41ms
[21.129s][info][gc,phases] GC(615)   Other: 0.06ms
[21.129s][info][gc       ] GC(615) Pause Young (Normal) (G1 Evacuation Pause) 1944M->1488M(2048M) 2.590ms
[21.147s][info][gc       ] GC(609) Pause Cleanup 1818M->1818M(2048M) 0.361ms
[21.148s][info][gc       ] GC(609) Concurrent Mark Cycle 242.743ms
[21.161s][info][gc,phases] GC(616)   Pre Evacuate Collection Set: 0.22ms
[21.161s][info][gc,phases] GC(616)   Merge Heap Roots: 0.09ms
[21.161s][info][gc,phases] GC(616)   Evacuate Collection Set: 1.57ms
[21.161s][info][gc,phases] GC(616)   Post Evacuate Collection Set: 0.38ms
[21.161s][info][gc,phases] GC(616)   Other: 0.04ms
[21.161s][info][gc       ] GC(616) Pause Young (Prepare Mixed) (G1 Evacuation Pause) 1944M->1496M(2048M) 2.577ms
[21.201s][info][gc,phases] GC(617)   Pre Evacuate Collection Set: 0.22ms
[21.201s][info][gc,phases] GC(617)   Merge Heap Roots: 0.12ms
[21.201s][info][gc,phases] GC(617)   Evacuate Collection Set: 1.71ms
[21.201s][info][gc,phases] GC(617)   Post Evacuate Collection Set: 0.39ms
[21.201s][info][gc,phases] GC(617)   Other: 0.06ms
[21.201s][info][gc       ] GC(617) Pause Young (Mixed) (G1 Evacuation Pause) 1944M->1491M(2048M) 2.808ms
[21.242s][info][gc,phases] GC(618)   Pre Evacuate Collection Set: 0.27ms
[21.242s][info][gc,phases] GC(618)   Merge Heap Roots: 0.09ms
[21.242s][info][gc,phases] GC(618)   Evacuate Collection Set: 1.49ms
[21.242s][info][gc,phases] GC(618)   Post Evacuate Collection Set: 0.41ms
[21.242s][info][gc,phases] GC(618)   Other: 0.10ms
[21.243s][info][gc       ] GC(618) Pause Young (Concurrent Start) (G1 Evacuation Pause) 1944M->1499M(2048M) 2.752ms
[21.243s][info][gc       ] GC(619) Concurrent Mark Cycle
[21.284s][info][gc,phases] GC(620)   Pre Evacuate Collection Set: 0.21ms
[21.284s][info][gc,phases] GC(620)   Merge Heap Roots: 0.09ms
[21.284s][info][gc,phases] GC(620)   Evacuate Collection Set: 1.62ms
[21.284s][info][gc,phases] GC(620)   Post Evacuate Collection Set: 0.38ms
[21.284s][info][gc,phases] GC(620)   Other: 0.05ms
[21.284s][info][gc       ] GC(620) Pause Young (Normal) (G1 Evacuation Pause) 1944M->1506M(2048M) 2.618ms
[21.317s][info][gc       ] GC(619) Pause Remark 1873M->1815M(2048M) 1.026ms
[21.325s][info][gc,phases] GC(621)   Pre Evacuate Collection Set: 0.22ms
[21.326s][info][gc,phases] GC(621)   Merge Heap Roots: 0.13ms
[21.326s][info][gc,phases] GC(621)   Evacuate Collection Set: 1.53ms
[21.326s][info][gc,phases] GC(621)   Post Evacuate Collection Set: 0.42ms
[21.326s][info][gc,phases] GC(621)   Other: 0.04ms
[21.326s][info][gc       ] GC(621) Pause Young (Normal) (G1 Evacuation Pause) 1886M->1456M(2048M) 2.705ms
[21.370s][info][gc,phases] GC(622)   Pre Evacuate Collection Set: 0.21ms
[21.370s][info][gc,phases] GC(622)   Merge Heap Roots: 0.12ms
[21.371s][info][gc,phases] GC(622)   Evacuate Collection Set: 1.65ms
[21.371s][info][gc,phases] GC(622)   Post Evacuate Collection Set: 0.40ms
[21.371s][info][gc,phases] GC(622)   Other: 0.05ms
[21.371s][info][gc       ] GC(622) Pause Young (Normal) (G1 Evacuation Pause) 1944M->1466M(2048M) 2.769ms
[21.414s][info][gc,phases] GC(623)   Pre Evacuate Collection Set: 0.23ms
[21.415s][info][gc,phases] GC(623)   Merge Heap Roots: 0.12ms
[21.415s][info][gc,phases] GC(623)   Evacuate Collection Set: 1.59ms
[21.415s][info][gc,phases] GC(623)   Post Evacuate Collection Set: 0.42ms
[21.415s][info][gc,phases] GC(623)   Other: 0.05ms
[21.415s][info][gc       ] GC(623) Pause Young (Normal) (G1 Evacuation Pause) 1944M->1474M(2048M) 2.689ms
[21.447s][info][gc,phases] GC(624)   Pre Evacuate Collection Set: 0.19ms
[21.447s][info][gc,phases] GC(624)   Merge Heap Roots: 0.12ms
[21.447s][info][gc,phases] GC(624)   Evacuate Collection Set: 1.64ms
[21.447s][info][gc,phases] GC(624)   Post Evacuate Collection Set: 0.38ms
[21.447s][info][gc,phases] GC(624)   Other: 0.05ms
[21.448s][info][gc       ] GC(624) Pause Young (Normal) (G1 Evacuation Pause) 1944M->1482M(2048M) 2.727ms
[21.480s][info][gc       ] GC(619) Pause Cleanup 1860M->1860M(2048M) 0.377ms
[21.481s][info][gc       ] GC(619) Concurrent Mark Cycle 238.769ms
[21.490s][info][gc,phases] GC(625)   Pre Evacuate Collection Set: 0.22ms
[21.490s][info][gc,phases] GC(625)   Merge Heap Roots: 0.09ms
[21.490s][info][gc,phases] GC(625)   Evacuate Collection Set: 1.59ms
[21.490s][info][gc,phases] GC(625)   Post Evacuate Collection Set: 0.38ms
[21.491s][info][gc,phases] GC(625)   Other: 0.05ms
[21.491s][info][gc       ] GC(625) Pause Young (Prepare Mixed) (G1 Evacuation Pause) 1944M->1490M(2048M) 2.688ms
[21.532s][info][gc,phases] GC(626)   Pre Evacuate Collection Set: 0.21ms
[21.532s][info][gc,phases] GC(626)   Merge Heap Roots: 0.12ms
[21.532s][info][gc,phases] GC(626)   Evacuate Collection Set: 1.74ms
[21.532s][info][gc,phases] GC(626)   Post Evacuate Collection Set: 0.42ms
[21.532s][info][gc,phases] GC(626)   Other: 0.05ms
[21.532s][info][gc       ] GC(626) Pause Young (Mixed) (G1 Evacuation Pause) 1944M->1483M(2048M) 2.939ms
[21.576s][info][gc,phases] GC(627)   Pre Evacuate Collection Set: 0.24ms
[21.576s][info][gc,phases] GC(627)   Merge Heap Roots: 0.11ms
[21.576s][info][gc,phases] GC(627)   Evacuate Collection Set: 1.52ms
[21.576s][info][gc,phases] GC(627)   Post Evacuate Collection Set: 0.38ms
[21.576s][info][gc,phases] GC(627)   Other: 0.10ms
[21.576s][info][gc       ] GC(627) Pause Young (Concurrent Start) (G1 Evacuation Pause) 1944M->1492M(2048M) 2.673ms
[21.576s][info][gc       ] GC(628) Concurrent Mark Cycle
[21.620s][info][gc,phases] GC(629)   Pre Evacuate Collection Set: 0.21ms
[21.620s][info][gc,phases] GC(629)   Merge Heap Roots: 0.11ms
[21.620s][info][gc,phases] GC(629)   Evacuate Collection Set: 1.53ms
[21.620s][info][gc,phases] GC(629)   Post Evacuate Collection Set: 0.40ms
[21.620s][info][gc,phases] GC(629)   Other: 0.05ms
[21.620s][info][gc       ] GC(629) Pause Young (Normal) (G1 Evacuation Pause) 1944M->1498M(2048M) 2.583ms
[21.650s][info][gc       ] GC(628) Pause Remark 1812M->1759M(2048M) 1.075ms
[21.664s][info][gc,phases] GC(630)   Pre Evacuate Collection Set: 0.19ms
[21.664s][info][gc,phases] GC(630)   Merge Heap Roots: 0.14ms
[21.664s][info][gc,phases] GC(630)   Evacuate Collection Set: 1.46ms
[21.664s][info][gc,phases] GC(630)   Post Evacuate Collection Set: 0.40ms
[21.664s][info][gc,phases] GC(630)   Other: 0.04ms
[21.664s][info][gc       ] GC(630) Pause Young (Normal) (G1 Evacuation Pause) 1891M->1454M(2048M) 2.524ms
[21.711s][info][gc,phases] GC(631)   Pre Evacuate Collection Set: 0.22ms
[21.712s][info][gc,phases] GC(631)   Merge Heap Roots: 0.09ms
[21.712s][info][gc,phases] GC(631)   Evacuate Collection Set: 1.61ms
[21.712s][info][gc,phases] GC(631)   Post Evacuate Collection Set: 0.38ms
[21.712s][info][gc,phases] GC(631)   Other: 0.05ms
[21.712s][info][gc       ] GC(631) Pause Young (Normal) (G1 Evacuation Pause) 1944M->1462M(2048M) 2.735ms
[21.758s][info][gc,phases] GC(632)   Pre Evacuate Collection Set: 0.22ms
[21.758s][info][gc,phases] GC(632)   Merge Heap Roots: 0.07ms
[21.759s][info][gc,phases] GC(632)   Evacuate Collection Set: 1.72ms
[21.759s][info][gc,phases] GC(632)   Post Evacuate Collection Set: 0.39ms
[21.759s][info][gc,phases] GC(632)   Other: 0.05ms
[21.759s][info][gc       ] GC(632) Pause Young (Normal) (G1 Evacuation Pause) 1944M->1470M(2048M) 2.892ms
[21.800s][info][gc,phases] GC(633)   Pre Evacuate Collection Set: 0.21ms
[21.800s][info][gc,phases] GC(633)   Merge Heap Roots: 0.11ms
[21.800s][info][gc,phases] GC(633)   Evacuate Collection Set: 1.53ms
[21.800s][info][gc,phases] GC(633)   Post Evacuate Collection Set: 0.43ms
[21.800s][info][gc,phases] GC(633)   Other: 0.05ms
[21.800s][info][gc       ] GC(633) Pause Young (Normal) (G1 Evacuation Pause) 1944M->1479M(2048M) 2.629ms
[21.813s][info][gc       ] GC(628) Pause Cleanup 1692M->1692M(2048M) 0.347ms
[21.813s][info][gc       ] GC(628) Concurrent Mark Cycle 237.309ms
[21.838s][info][gc,phases] GC(634)   Pre Evacuate Collection Set: 0.23ms
[21.838s][info][gc,phases] GC(634)   Merge Heap Roots: 0.13ms
[21.838s][info][gc,phases] GC(634)   Evacuate Collection Set: 1.57ms
[21.838s][info][gc,phases] GC(634)   Post Evacuate Collection Set: 0.39ms
[21.838s][info][gc,phases] GC(634)   Other: 0.05ms
[21.838s][info][gc       ] GC(634) Pause Young (Prepare Mixed) (G1 Evacuation Pause) 1944M->1486M(2048M) 2.721ms
[21.881s][info][gc,phases] GC(635)   Pre Evacuate Collection Set: 0.21ms
[21.881s][info][gc,phases] GC(635)   Merge Heap Roots: 0.11ms
[21.881s][info][gc,phases] GC(635)   Evacuate Collection Set: 1.75ms
[21.881s][info][gc,phases] GC(635)   Post Evacuate Collection Set: 0.39ms
[21.881s][info][gc,phases] GC(635)   Other: 0.05ms
[21.882s][info][gc       ] GC(635) Pause Young (Mixed) (G1 Evacuation Pause) 1944M->1481M(2048M) 2.866ms
[21.926s][info][gc,phases] GC(636)   Pre Evacuate Collection Set: 0.27ms
[21.926s][info][gc,phases] GC(636)   Merge Heap Roots: 0.12ms
[21.926s][info][gc,phases] GC(636)   Evacuate Collection Set: 1.56ms
[21.926s][info][gc,phases] GC(636)   Post Evacuate Collection Set: 0.42ms
[21.926s][info][gc,phases] GC(636)   Other: 0.11ms
[21.926s][info][gc       ] GC(636) Pause Young (Concurrent Start) (G1 Evacuation Pause) 1944M->1490M(2048M) 2.780ms
[21.926s][info][gc       ] GC(637) Concurrent Mark Cycle
[21.971s][info][gc,phases] GC(638)   Pre Evacuate Collection Set: 0.21ms
[21.971s][info][gc,phases] GC(638)   Merge Heap Roots: 0.10ms
[21.971s][info][gc,phases] GC(638)   Evacuate Collection Set: 1.58ms
[21.971s][info][gc,phases] GC(638)   Post Evacuate Collection Set: 0.38ms
[21.971s][info][gc,phases] GC(638)   Other: 0.05ms
[21.971s][info][gc       ] GC(638) Pause Young (Normal) (G1 Evacuation Pause) 1944M->1497M(2048M) 2.724ms
[22.000s][info][gc       ] GC(637) Pause Remark 1798M->1749M(2048M) 0.999ms
[22.016s][info][gc,phases] GC(639)   Pre Evacuate Collection Set: 0.21ms
[22.017s][info][gc,phases] GC(639)   Merge Heap Roots: 0.15ms
[22.017s][info][gc,phases] GC(639)   Evacuate Collection Set: 1.64ms
[22.017s][info][gc,phases] GC(639)   Post Evacuate Collection Set: 0.41ms
[22.017s][info][gc,phases] GC(639)   Other: 0.04ms
[22.017s][info][gc       ] GC(639) Pause Young (Normal) (G1 Evacuation Pause) 1895M->1456M(2048M) 2.763ms
[22.064s][info][gc,phases] GC(640)   Pre Evacuate Collection Set: 0.21ms
[22.064s][info][gc,phases] GC(640)   Merge Heap Roots: 0.12ms
[22.064s][info][gc,phases] GC(640)   Evacuate Collection Set: 1.72ms
[22.064s][info][gc,phases] GC(640)   Post Evacuate Collection Set: 0.39ms
[22.064s][info][gc,phases] GC(640)   Other: 0.04ms
[22.065s][info][gc       ] GC(640) Pause Young (Normal) (G1 Evacuation Pause) 1944M->1464M(2048M) 2.781ms
[22.111s][info][gc,phases] GC(641)   Pre Evacuate Collection Set: 0.21ms
[22.111s][info][gc,phases] GC(641)   Merge Heap Roots: 0.15ms
[22.112s][info][gc,phases] GC(641)   Evacuate Collection Set: 1.59ms
[22.112s][info][gc,phases] GC(641)   Post Evacuate Collection Set: 0.38ms
[22.112s][info][gc,phases] GC(641)   Other: 0.05ms
[22.112s][info][gc       ] GC(641) Pause Young (Normal) (G1 Evacuation Pause) 1945M->1473M(2048M) 2.733ms
[22.157s][info][gc,phases] GC(642)   Pre Evacuate Collection Set: 0.21ms
[22.158s][info][gc,phases] GC(642)   Merge Heap Roots: 0.12ms
[22.158s][info][gc,phases] GC(642)   Evacuate Collection Set: 1.51ms
[22.158s][info][gc,phases] GC(642)   Post Evacuate Collection Set: 0.42ms
[22.158s][info][gc,phases] GC(642)   Other: 0.05ms
[22.158s][info][gc       ] GC(642) Pause Young (Normal) (G1 Evacuation Pause) 1944M->1480M(2048M) 2.680ms
[22.161s][info][gc       ] GC(637) Pause Cleanup 1524M->1524M(2048M) 0.376ms
[22.162s][info][gc       ] GC(637) Concurrent Mark Cycle 235.217ms
[22.201s][info][gc,phases] GC(643)   Pre Evacuate Collection Set: 0.21ms
[22.202s][info][gc,phases] GC(643)   Merge Heap Roots: 0.12ms
[22.202s][info][gc,phases] GC(643)   Evacuate Collection Set: 1.60ms
[22.202s][info][gc,phases] GC(643)   Post Evacuate Collection Set: 0.38ms
[22.202s][info][gc,phases] GC(643)   Other: 0.05ms
[22.202s][info][gc       ] GC(643) Pause Young (Prepare Mixed) (G1 Evacuation Pause) 1944M->1489M(2048M) 2.617ms
[22.245s][info][gc,phases] GC(644)   Pre Evacuate Collection Set: 0.20ms
[22.246s][info][gc,phases] GC(644)   Merge Heap Roots: 0.15ms
[22.246s][info][gc,phases] GC(644)   Evacuate Collection Set: 1.70ms
[22.246s][info][gc,phases] GC(644)   Post Evacuate Collection Set: 0.41ms
[22.246s][info][gc,phases] GC(644)   Other: 0.05ms
[22.246s][info][gc       ] GC(644) Pause Young (Mixed) (G1 Evacuation Pause) 1944M->1482M(2048M) 2.811ms
[22.290s][info][gc,phases] GC(645)   Pre Evacuate Collection Set: 0.26ms
[22.290s][info][gc,phases] GC(645)   Merge Heap Roots: 0.13ms
[22.290s][info][gc,phases] GC(645)   Evacuate Collection Set: 1.60ms
[22.290s][info][gc,phases] GC(645)   Post Evacuate Collection Set: 0.38ms
[22.290s][info][gc,phases] GC(645)   Other: 0.11ms
[22.290s][info][gc       ] GC(645) Pause Young (Concurrent Start) (G1 Evacuation Pause) 1943M->1490M(2048M) 2.819ms
[22.290s][info][gc       ] GC(646) Concurrent Mark Cycle
[22.318s][info][gc,phases] GC(647)   Pre Evacuate Collection Set: 0.20ms
[22.318s][info][gc,phases] GC(647)   Merge Heap Roots: 0.12ms
[22.318s][info][gc,phases] GC(647)   Evacuate Collection Set: 1.57ms
[22.319s][info][gc,phases] GC(647)   Post Evacuate Collection Set: 0.40ms
[22.319s][info][gc,phases] GC(647)   Other: 0.05ms
[22.319s][info][gc       ] GC(647) Pause Young (Normal) (G1 Evacuation Pause) 1944M->1499M(2048M) 2.706ms
[22.363s][info][gc,phases] GC(648)   Pre Evacuate Collection Set: 0.22ms
[22.363s][info][gc,phases] GC(648)   Merge Heap Roots: 0.13ms
[22.363s][info][gc,phases] GC(648)   Evacuate Collection Set: 1.66ms
[22.363s][info][gc,phases] GC(648)   Post Evacuate Collection Set: 0.40ms
[22.363s][info][gc,phases] GC(648)   Other: 0.05ms
[22.363s][info][gc       ] GC(648) Pause Young (Normal) (G1 Evacuation Pause) 1944M->1506M(2048M) 2.882ms
[22.367s][info][gc       ] GC(646) Pause Remark 1535M->1485M(2048M) 1.065ms
[22.408s][info][gc,phases] GC(649)   Pre Evacuate Collection Set: 0.19ms
[22.408s][info][gc,phases] GC(649)   Merge Heap Roots: 0.12ms
[22.408s][info][gc,phases] GC(649)   Evacuate Collection Set: 1.62ms
[22.408s][info][gc,phases] GC(649)   Post Evacuate Collection Set: 0.37ms
[22.408s][info][gc,phases] GC(649)   Other: 0.05ms
[22.408s][info][gc       ] GC(649) Pause Young (Normal) (G1 Evacuation Pause) 1894M->1464M(2048M) 2.824ms
[22.437s][info][gc,phases] GC(650)   Pre Evacuate Collection Set: 0.20ms
[22.438s][info][gc,phases] GC(650)   Merge Heap Roots: 0.12ms
[22.438s][info][gc,phases] GC(650)   Evacuate Collection Set: 1.59ms
[22.438s][info][gc,phases] GC(650)   Post Evacuate Collection Set: 0.41ms
[22.438s][info][gc,phases] GC(650)   Other: 0.05ms
[22.438s][info][gc       ] GC(650) Pause Young (Normal) (G1 Evacuation Pause) 1943M->1473M(2048M) 2.708ms
[22.466s][info][gc,phases] GC(651)   Pre Evacuate Collection Set: 0.23ms
[22.467s][info][gc,phases] GC(651)   Merge Heap Roots: 0.13ms
[22.467s][info][gc,phases] GC(651)   Evacuate Collection Set: 1.61ms
[22.467s][info][gc,phases] GC(651)   Post Evacuate Collection Set: 0.39ms
[22.467s][info][gc,phases] GC(651)   Other: 0.05ms
[22.467s][info][gc       ] GC(651) Pause Young (Normal) (G1 Evacuation Pause) 1944M->1482M(2048M) 2.700ms
[22.495s][info][gc,phases] GC(652)   Pre Evacuate Collection Set: 0.21ms
[22.495s][info][gc,phases] GC(652)   Merge Heap Roots: 0.12ms
[22.495s][info][gc,phases] GC(652)   Evacuate Collection Set: 1.58ms
[22.495s][info][gc,phases] GC(652)   Post Evacuate Collection Set: 0.43ms
[22.495s][info][gc,phases] GC(652)   Other: 0.04ms
[22.495s][info][gc       ] GC(652) Pause Young (Normal) (G1 Evacuation Pause) 1945M->1490M(2048M) 2.819ms
[22.523s][info][gc,phases] GC(653)   Pre Evacuate Collection Set: 0.21ms
[22.523s][info][gc,phases] GC(653)   Merge Heap Roots: 0.10ms
[22.523s][info][gc,phases] GC(653)   Evacuate Collection Set: 1.55ms
[22.523s][info][gc,phases] GC(653)   Post Evacuate Collection Set: 0.39ms
[22.523s][info][gc,phases] GC(653)   Other: 0.05ms
[22.523s][info][gc       ] GC(653) Pause Young (Normal) (G1 Evacuation Pause) 1944M->1498M(2048M) 2.704ms
[22.534s][info][gc       ] GC(646) Pause Cleanup 1678M->1678M(2048M) 0.334ms
[22.535s][info][gc       ] GC(646) Concurrent Mark Cycle 244.438ms
[22.561s][info][gc,phases] GC(654)   Pre Evacuate Collection Set: 0.20ms
[22.561s][info][gc,phases] GC(654)   Merge Heap Roots: 0.12ms
[22.561s][info][gc,phases] GC(654)   Evacuate Collection Set: 1.63ms
[22.561s][info][gc,phases] GC(654)   Post Evacuate Collection Set: 0.39ms
[22.561s][info][gc,phases] GC(654)   Other: 0.05ms
[22.561s][info][gc       ] GC(654) Pause Young (Prepare Mixed) (G1 Evacuation Pause) 1944M->1506M(2048M) 2.697ms
[22.603s][info][gc,phases] GC(655)   Pre Evacuate Collection Set: 0.23ms
[22.603s][info][gc,phases] GC(655)   Merge Heap Roots: 0.12ms
[22.603s][info][gc,phases] GC(655)   Evacuate Collection Set: 1.73ms
[22.603s][info][gc,phases] GC(655)   Post Evacuate Collection Set: 0.40ms
[22.603s][info][gc,phases] GC(655)   Other: 0.06ms
[22.604s][info][gc       ] GC(655) Pause Young (Mixed) (G1 Evacuation Pause) 1944M->1499M(2048M) 2.807ms
[22.646s][info][gc,phases] GC(656)   Pre Evacuate Collection Set: 0.27ms
[22.647s][info][gc,phases] GC(656)   Merge Heap Roots: 0.09ms
[22.647s][info][gc,phases] GC(656)   Evacuate Collection Set: 1.61ms
[22.647s][info][gc,phases] GC(656)   Post Evacuate Collection Set: 0.38ms
[22.647s][info][gc,phases] GC(656)   Other: 0.11ms
[22.647s][info][gc       ] GC(656) Pause Young (Concurrent Start) (G1 Evacuation Pause) 1945M->1507M(2048M) 2.747ms
[22.647s][info][gc       ] GC(657) Concurrent Mark Cycle
[22.674s][info][gc,phases] GC(658)   Pre Evacuate Collection Set: 0.19ms
[22.674s][info][gc,phases] GC(658)   Merge Heap Roots: 0.11ms
[22.674s][info][gc,phases] GC(658)   Evacuate Collection Set: 1.58ms
[22.674s][info][gc,phases] GC(658)   Post Evacuate Collection Set: 0.38ms
[22.674s][info][gc,phases] GC(658)   Other: 0.06ms
[22.674s][info][gc       ] GC(658) Pause Young (Normal) (G1 Evacuation Pause) 1944M->1515M(2048M) 2.645ms
[22.716s][info][gc,phases] GC(659)   Pre Evacuate Collection Set: 0.22ms
[22.717s][info][gc,phases] GC(659)   Merge Heap Roots: 0.12ms
[22.717s][info][gc,phases] GC(659)   Evacuate Collection Set: 1.55ms
[22.717s][info][gc,phases] GC(659)   Post Evacuate Collection Set: 0.39ms
[22.717s][info][gc,phases] GC(659)   Other: 0.05ms
[22.717s][info][gc       ] GC(659) Pause Young (Normal) (G1 Evacuation Pause) 1945M->1522M(2048M) 2.658ms
[22.723s][info][gc       ] GC(657) Pause Remark 1579M->1516M(2048M) 1.000ms
[22.746s][info][gc,phases] GC(660)   Pre Evacuate Collection Set: 0.21ms
[22.746s][info][gc,phases] GC(660)   Merge Heap Roots: 0.11ms
[22.746s][info][gc,phases] GC(660)   Evacuate Collection Set: 1.53ms
[22.746s][info][gc,phases] GC(660)   Post Evacuate Collection Set: 0.39ms
[22.746s][info][gc,phases] GC(660)   Other: 0.04ms
[22.746s][info][gc       ] GC(660) Pause Young (Normal) (G1 Evacuation Pause) 1881M->1467M(2048M) 2.554ms
[22.793s][info][gc,phases] GC(661)   Pre Evacuate Collection Set: 0.21ms
[22.793s][info][gc,phases] GC(661)   Merge Heap Roots: 0.12ms
[22.793s][info][gc,phases] GC(661)   Evacuate Collection Set: 1.51ms
[22.793s][info][gc,phases] GC(661)   Post Evacuate Collection Set: 0.40ms
[22.794s][info][gc,phases] GC(661)   Other: 0.05ms
[22.794s][info][gc       ] GC(661) Pause Young (Normal) (G1 Evacuation Pause) 1944M->1474M(2048M) 2.715ms
[22.822s][info][gc,phases] GC(662)   Pre Evacuate Collection Set: 0.21ms
[22.822s][info][gc,phases] GC(662)   Merge Heap Roots: 0.12ms
[22.822s][info][gc,phases] GC(662)   Evacuate Collection Set: 1.64ms
[22.822s][info][gc,phases] GC(662)   Post Evacuate Collection Set: 0.37ms
[22.822s][info][gc,phases] GC(662)   Other: 0.05ms
[22.823s][info][gc       ] GC(662) Pause Young (Normal) (G1 Evacuation Pause) 1943M->1484M(2048M) 2.727ms
[22.851s][info][gc,phases] GC(663)   Pre Evacuate Collection Set: 0.20ms
[22.851s][info][gc,phases] GC(663)   Merge Heap Roots: 0.11ms
[22.851s][info][gc,phases] GC(663)   Evacuate Collection Set: 1.62ms
[22.851s][info][gc,phases] GC(663)   Post Evacuate Collection Set: 0.41ms
[22.851s][info][gc,phases] GC(663)   Other: 0.05ms
[22.851s][info][gc       ] GC(663) Pause Young (Normal) (G1 Evacuation Pause) 1944M->1491M(2048M) 2.684ms
[22.879s][info][gc,phases] GC(664)   Pre Evacuate Collection Set: 0.19ms
[22.879s][info][gc,phases] GC(664)   Merge Heap Roots: 0.12ms
[22.879s][info][gc,phases] GC(664)   Evacuate Collection Set: 1.68ms
[22.879s][info][gc,phases] GC(664)   Post Evacuate Collection Set: 0.39ms
[22.879s][info][gc,phases] GC(664)   Other: 0.05ms
[22.879s][info][gc       ] GC(664) Pause Young (Normal) (G1 Evacuation Pause) 1944M->1500M(2048M) 2.751ms
[22.889s][info][gc       ] GC(657) Pause Cleanup 1669M->1669M(2048M) 0.362ms
[22.890s][info][gc       ] GC(657) Concurrent Mark Cycle 242.913ms
[22.916s][info][gc,phases] GC(665)   Pre Evacuate Collection Set: 0.22ms
[22.916s][info][gc,phases] GC(665)   Merge Heap Roots: 0.12ms
[22.916s][info][gc,phases] GC(665)   Evacuate Collection Set: 1.49ms
[22.916s][info][gc,phases] GC(665)   Post Evacuate Collection Set: 0.40ms
[22.916s][info][gc,phases] GC(665)   Other: 0.05ms
[22.917s][info][gc       ] GC(665) Pause Young (Prepare Mixed) (G1 Evacuation Pause) 1944M->1507M(2048M) 2.575ms
[22.959s][info][gc,phases] GC(666)   Pre Evacuate Collection Set: 0.23ms
[22.959s][info][gc,phases] GC(666)   Merge Heap Roots: 0.12ms
[22.959s][info][gc,phases] GC(666)   Evacuate Collection Set: 1.72ms
[22.959s][info][gc,phases] GC(666)   Post Evacuate Collection Set: 0.42ms
[22.959s][info][gc,phases] GC(666)   Other: 0.05ms
[22.959s][info][gc       ] GC(666) Pause Young (Mixed) (G1 Evacuation Pause) 1944M->1498M(2048M) 2.934ms
[23.002s][info][gc,phases] GC(667)   Pre Evacuate Collection Set: 0.28ms
[23.002s][info][gc,phases] GC(667)   Merge Heap Roots: 0.11ms
[23.002s][info][gc,phases] GC(667)   Evacuate Collection Set: 1.51ms
[23.002s][info][gc,phases] GC(667)   Post Evacuate Collection Set: 0.38ms
[23.002s][info][gc,phases] GC(667)   Other: 0.10ms
[23.002s][info][gc       ] GC(667) Pause Young (Concurrent Start) (G1 Evacuation Pause) 1944M->1506M(2048M) 2.676ms
[23.002s][info][gc       ] GC(668) Concurrent Mark Cycle
[23.029s][info][gc,phases] GC(669)   Pre Evacuate Collection Set: 0.21ms
[23.029s][info][gc,phases] GC(669)   Merge Heap Roots: 0.12ms
[23.029s][info][gc,phases] GC(669)   Evacuate Collection Set: 1.53ms
[23.029s][info][gc,phases] GC(669)   Post Evacuate Collection Set: 0.40ms
[23.029s][info][gc,phases] GC(669)   Other: 0.05ms
[23.029s][info][gc       ] GC(669) Pause Young (Normal) (G1 Evacuation Pause) 1944M->1513M(2048M) 2.604ms
[23.072s][info][gc,phases] GC(670)   Pre Evacuate Collection Set: 0.21ms
[23.072s][info][gc,phases] GC(670)   Merge Heap Roots: 0.11ms
[23.072s][info][gc,phases] GC(670)   Evacuate Collection Set: 1.63ms
[23.072s][info][gc,phases] GC(670)   Post Evacuate Collection Set: 0.37ms
[23.072s][info][gc,phases] GC(670)   Other: 0.05ms
[23.072s][info][gc       ] GC(670) Pause Young (Normal) (G1 Evacuation Pause) 1945M->1520M(2048M) 2.716ms
[23.078s][info][gc       ] GC(668) Pause Remark 1577M->1511M(2048M) 1.007ms
[23.115s][info][gc,phases] GC(671)   Pre Evacuate Collection Set: 0.18ms
[23.115s][info][gc,phases] GC(671)   Merge Heap Roots: 0.12ms
[23.115s][info][gc,phases] GC(671)   Evacuate Collection Set: 1.50ms
[23.115s][info][gc,phases] GC(671)   Post Evacuate Collection Set: 0.41ms
[23.115s][info][gc,phases] GC(671)   Other: 0.04ms
[23.115s][info][gc       ] GC(671) Pause Young (Normal) (G1 Evacuation Pause) 1877M->1463M(2048M) 2.526ms
[23.144s][info][gc,phases] GC(672)   Pre Evacuate Collection Set: 0.22ms
[23.144s][info][gc,phases] GC(672)   Merge Heap Roots: 0.13ms
[23.144s][info][gc,phases] GC(672)   Evacuate Collection Set: 1.57ms
[23.144s][info][gc,phases] GC(672)   Post Evacuate Collection Set: 0.38ms
[23.144s][info][gc,phases] GC(672)   Other: 0.05ms
[23.144s][info][gc       ] GC(672) Pause Young (Normal) (G1 Evacuation Pause) 1944M->1471M(2048M) 2.727ms
[23.190s][info][gc,phases] GC(673)   Pre Evacuate Collection Set: 0.25ms
[23.191s][info][gc,phases] GC(673)   Merge Heap Roots: 0.11ms
[23.191s][info][gc,phases] GC(673)   Evacuate Collection Set: 1.56ms
[23.191s][info][gc,phases] GC(673)   Post Evacuate Collection Set: 0.39ms
[23.191s][info][gc,phases] GC(673)   Other: 0.05ms
[23.191s][info][gc       ] GC(673) Pause Young (Normal) (G1 Evacuation Pause) 1943M->1479M(2048M) 2.702ms
[23.223s][info][gc,phases] GC(674)   Pre Evacuate Collection Set: 0.23ms
[23.224s][info][gc,phases] GC(674)   Merge Heap Roots: 0.12ms
[23.224s][info][gc,phases] GC(674)   Evacuate Collection Set: 1.55ms
[23.224s][info][gc,phases] GC(674)   Post Evacuate Collection Set: 0.39ms
[23.224s][info][gc,phases] GC(674)   Other: 0.04ms
[23.224s][info][gc       ] GC(674) Pause Young (Normal) (G1 Evacuation Pause) 1944M->1487M(2048M) 2.647ms
[23.241s][info][gc       ] GC(668) Pause Cleanup 1786M->1786M(2048M) 0.398ms
[23.242s][info][gc       ] GC(668) Concurrent Mark Cycle 239.643ms
[23.256s][info][gc,phases] GC(675)   Pre Evacuate Collection Set: 0.18ms
[23.256s][info][gc,phases] GC(675)   Merge Heap Roots: 0.13ms
[23.256s][info][gc,phases] GC(675)   Evacuate Collection Set: 1.63ms
[23.256s][info][gc,phases] GC(675)   Post Evacuate Collection Set: 0.39ms
[23.256s][info][gc,phases] GC(675)   Other: 0.05ms
[23.256s][info][gc       ] GC(675) Pause Young (Prepare Mixed) (G1 Evacuation Pause) 1944M->1496M(2048M) 2.733ms
[23.297s][info][gc,phases] GC(676)   Pre Evacuate Collection Set: 0.22ms
[23.297s][info][gc,phases] GC(676)   Merge Heap Roots: 0.12ms
[23.297s][info][gc,phases] GC(676)   Evacuate Collection Set: 1.74ms
[23.297s][info][gc,phases] GC(676)   Post Evacuate Collection Set: 0.40ms
[23.297s][info][gc,phases] GC(676)   Other: 0.05ms
[23.298s][info][gc       ] GC(676) Pause Young (Mixed) (G1 Evacuation Pause) 1944M->1488M(2048M) 2.826ms
[23.342s][info][gc,phases] GC(677)   Pre Evacuate Collection Set: 0.26ms
[23.342s][info][gc,phases] GC(677)   Merge Heap Roots: 0.08ms
[23.342s][info][gc,phases] GC(677)   Evacuate Collection Set: 1.63ms
[23.342s][info][gc,phases] GC(677)   Post Evacuate Collection Set: 0.41ms
[23.342s][info][gc,phases] GC(677)   Other: 0.11ms
[23.342s][info][gc       ] GC(677) Pause Young (Concurrent Start) (G1 Evacuation Pause) 1944M->1497M(2048M) 2.806ms
[23.342s][info][gc       ] GC(678) Concurrent Mark Cycle
[23.369s][info][gc,phases] GC(679)   Pre Evacuate Collection Set: 0.22ms
[23.370s][info][gc,phases] GC(679)   Merge Heap Roots: 0.11ms
[23.370s][info][gc,phases] GC(679)   Evacuate Collection Set: 1.60ms
[23.370s][info][gc,phases] GC(679)   Post Evacuate Collection Set: 0.39ms
[23.370s][info][gc,phases] GC(679)   Other: 0.05ms
[23.370s][info][gc       ] GC(679) Pause Young (Normal) (G1 Evacuation Pause) 1945M->1505M(2048M) 2.635ms
[23.413s][info][gc,phases] GC(680)   Pre Evacuate Collection Set: 0.20ms
[23.413s][info][gc,phases] GC(680)   Merge Heap Roots: 0.14ms
[23.413s][info][gc,phases] GC(680)   Evacuate Collection Set: 1.58ms
[23.413s][info][gc,phases] GC(680)   Post Evacuate Collection Set: 0.37ms
[23.413s][info][gc,phases] GC(680)   Other: 0.05ms
[23.413s][info][gc       ] GC(680) Pause Young (Normal) (G1 Evacuation Pause) 1944M->1513M(2048M) 2.683ms
[23.418s][info][gc       ] GC(678) Pause Remark 1558M->1500M(2048M) 1.048ms
[23.456s][info][gc,phases] GC(681)   Pre Evacuate Collection Set: 0.20ms
[23.456s][info][gc,phases] GC(681)   Merge Heap Roots: 0.12ms
[23.456s][info][gc,phases] GC(681)   Evacuate Collection Set: 1.58ms
[23.457s][info][gc,phases] GC(681)   Post Evacuate Collection Set: 0.38ms
[23.457s][info][gc,phases] GC(681)   Other: 0.04ms
[23.457s][info][gc       ] GC(681) Pause Young (Normal) (G1 Evacuation Pause) 1885M->1463M(2048M) 2.630ms
[23.500s][info][gc,phases] GC(682)   Pre Evacuate Collection Set: 0.23ms
[23.500s][info][gc,phases] GC(682)   Merge Heap Roots: 0.12ms
[23.500s][info][gc,phases] GC(682)   Evacuate Collection Set: 1.55ms
[23.500s][info][gc,phases] GC(682)   Post Evacuate Collection Set: 0.40ms
[23.500s][info][gc,phases] GC(682)   Other: 0.04ms
[23.500s][info][gc       ] GC(682) Pause Young (Normal) (G1 Evacuation Pause) 1944M->1472M(2048M) 2.742ms
[23.529s][info][gc,phases] GC(683)   Pre Evacuate Collection Set: 0.21ms
[23.529s][info][gc,phases] GC(683)   Merge Heap Roots: 0.11ms
[23.529s][info][gc,phases] GC(683)   Evacuate Collection Set: 1.60ms
[23.529s][info][gc,phases] GC(683)   Post Evacuate Collection Set: 0.38ms
[23.529s][info][gc,phases] GC(683)   Other: 0.05ms
[23.529s][info][gc       ] GC(683) Pause Young (Normal) (G1 Evacuation Pause) 1944M->1480M(2048M) 2.645ms
[23.540s][info][gc       ] GC(678) Concurrent Mark Cycle 198.538ms
