[0.281s][info][gc] Using The Z Garbage Collector
[0.618s][info][gc] GC(0) Major Collection (Warmup)
[0.619s][info][gc,phases] GC(0) Y: Young Generation
[0.622s][info][gc,phases] GC(0) Y: Pause Mark Start (Major) 0.007ms
[0.641s][info][gc,phases] GC(0) Y: Concurrent Mark 18.463ms
[0.641s][info][gc,phases] GC(0) Y: Pause Mark End 0.010ms
[0.641s][info][gc,phases] GC(0) Y: Concurrent Mark Free 0.001ms
[0.641s][info][gc,phases] GC(0) Y: Concurrent Reset Relocation Set 0.000ms
[0.643s][info][gc,phases] GC(0) Y: Concurrent Select Relocation Set 1.678ms
[0.643s][info][gc,phases] GC(0) Y: Pause Relocate Start 0.004ms
[0.647s][info][gc,phases] GC(0) Y: Concurrent Relocate 3.919ms
[0.647s][info][gc,phases] GC(0) Y: Young Generation 230M(11%)->312M(15%) 0.028s
[0.647s][info][gc,phases] GC(0) O: Old Generation
[0.648s][info][gc,phases] GC(0) O: Concurrent Mark 0.495ms
[0.648s][info][gc,phases] GC(0) O: Pause Mark End 0.008ms
[0.648s][info][gc,phases] GC(0) O: Concurrent Mark Free 0.017ms
[0.652s][info][gc,phases] GC(0) O: Concurrent Process Non-Strong 4.093ms
[0.652s][info][gc,phases] GC(0) O: Concurrent Reset Relocation Set 0.000ms
[0.654s][info][gc,phases] GC(0) O: Concurrent Select Relocation Set 1.376ms
[0.672s][info][gc,phases] GC(0) O: Concurrent Remap Roots 17.937ms
[0.672s][info][gc,phases] GC(0) O: Pause Relocate Start 0.010ms
[0.672s][info][gc,phases] GC(0) O: Concurrent Relocate 0.122ms
[0.673s][info][gc,phases] GC(0) O: Old Generation 312M(15%)->416M(20%) 0.025s
[0.673s][info][gc       ] GC(0) Major Collection (Warmup) 216M(11%)->416M(20%) 0.054s
[0.673s][info][gc       ] GC(1) Major Collection (Warmup)
[0.673s][info][gc,phases] GC(1) Y: Young Generation
[0.673s][info][gc,phases] GC(1) Y: Pause Mark Start (Major) 0.004ms
[0.705s][info][gc,phases] GC(1) Y: Concurrent Mark 31.756ms
[0.705s][info][gc,phases] GC(1) Y: Pause Mark End 0.009ms
[0.705s][info][gc,phases] GC(1) Y: Concurrent Mark Free 0.001ms
[0.705s][info][gc,phases] GC(1) Y: Concurrent Reset Relocation Set 0.001ms
[0.714s][info][gc,phases] GC(1) Y: Concurrent Select Relocation Set 8.629ms
[0.714s][info][gc,phases] GC(1) Y: Pause Relocate Start 0.007ms
[0.725s][info][gc,phases] GC(1) Y: Concurrent Relocate 10.762ms
[0.725s][info][gc,phases] GC(1) Y: Young Generation 418M(20%)->634M(31%) 0.052s
[0.725s][info][gc,phases] GC(1) O: Old Generation
[0.726s][info][gc,phases] GC(1) O: Concurrent Mark 0.510ms
[0.726s][info][gc,phases] GC(1) O: Pause Mark End 0.008ms
[0.726s][info][gc,phases] GC(1) O: Concurrent Mark Free 0.001ms
[0.729s][info][gc,phases] GC(1) O: Concurrent Process Non-Strong 3.110ms
[0.730s][info][gc,phases] GC(1) O: Concurrent Reset Relocation Set 0.000ms
[0.731s][info][gc,phases] GC(1) O: Concurrent Select Relocation Set 1.445ms
[0.750s][info][gc,phases] GC(1) O: Concurrent Remap Roots 18.960ms
[0.750s][info][gc,phases] GC(1) O: Pause Relocate Start 0.009ms
[0.751s][info][gc,phases] GC(1) O: Concurrent Relocate 0.128ms
[0.751s][info][gc,phases] GC(1) O: Old Generation 636M(31%)->738M(36%) 0.025s
[0.751s][info][gc       ] GC(1) Major Collection (Warmup) 418M(20%)->738M(36%) 0.078s
[0.754s][info][gc       ] GC(2) Major Collection (Warmup)
[0.754s][info][gc,phases] GC(2) Y: Young Generation
[0.754s][info][gc,phases] GC(2) Y: Pause Mark Start (Major) 0.005ms
[0.793s][info][gc,phases] GC(2) Y: Concurrent Mark 39.060ms
[0.795s][info][gc,phases] GC(2) Y: Pause Mark End 0.011ms
[0.795s][info][gc,phases] GC(2) Y: Concurrent Mark Free 0.001ms
[0.795s][info][gc,phases] GC(2) Y: Concurrent Reset Relocation Set 0.021ms
[0.802s][info][gc,phases] GC(2) Y: Concurrent Select Relocation Set 6.466ms
[0.802s][info][gc,phases] GC(2) Y: Pause Relocate Start 0.008ms
[0.807s][info][gc,phases] GC(2) Y: Concurrent Relocate 5.125ms
[0.807s][info][gc,phases] GC(2) Y: Young Generation 752M(37%)->988M(48%) 0.053s
[0.808s][info][gc,phases] GC(2) O: Old Generation
[0.825s][info][gc,phases] GC(2) O: Concurrent Mark 17.536ms
[0.825s][info][gc,phases] GC(2) O: Pause Mark End 0.014ms
[0.825s][info][gc,phases] GC(2) O: Concurrent Mark Free 0.000ms
[0.829s][info][gc,phases] GC(2) O: Concurrent Process Non-Strong 3.178ms
[0.829s][info][gc,phases] GC(2) O: Concurrent Reset Relocation Set 0.001ms
[0.830s][info][gc,phases] GC(2) O: Concurrent Select Relocation Set 1.465ms
[0.852s][info][gc,phases] GC(2) O: Concurrent Remap Roots 21.324ms
[0.852s][info][gc,phases] GC(2) O: Pause Relocate Start 0.008ms
[0.852s][info][gc       ] GC(3) Minor Collection (Allocation Rate)
[0.852s][info][gc,phases] GC(3) y: Young Generation
[0.853s][info][gc,phases] GC(3) y: Pause Mark Start 0.004ms
[0.853s][info][gc,phases] GC(2) O: Concurrent Relocate 0.816ms
[0.892s][info][gc,phases] GC(3) y: Concurrent Mark 39.426ms
[0.893s][info][gc,phases] GC(3) y: Pause Mark End 0.009ms
[0.893s][info][gc,phases] GC(3) y: Concurrent Mark Free 0.000ms
[0.893s][info][gc,phases] GC(3) y: Concurrent Reset Relocation Set 0.033ms
[0.902s][info][gc,phases] GC(3) y: Concurrent Select Relocation Set 9.127ms
[0.902s][info][gc,phases] GC(3) y: Pause Relocate Start 0.012ms
[0.914s][info][gc,phases] GC(3) y: Concurrent Relocate 11.442ms
[0.914s][info][gc,phases] GC(3) y: Young Generation 1276M(62%)->1388M(68%) 0.062s
[0.914s][info][gc       ] GC(3) Minor Collection (Allocation Rate) 1272M(62%)->1392M(68%) 0.062s
[0.914s][info][gc,phases] GC(2) O: Old Generation 992M(48%)->1280M(62%) 0.106s
[0.914s][info][gc       ] GC(2) Major Collection (Warmup) 752M(37%)->1396M(68%) 0.160s
[0.915s][info][gc       ] GC(4) Major Collection (Allocation Rate)
[0.915s][info][gc,phases] GC(4) Y: Young Generation
[0.915s][info][gc,phases] GC(4) Y: Pause Mark Start (Major) 0.011ms
[0.932s][info][gc,phases] GC(4) Y: Concurrent Mark 16.417ms
[0.932s][info][gc,phases] GC(4) Y: Pause Mark End 0.009ms
[0.932s][info][gc,phases] GC(4) Y: Concurrent Mark Free 0.000ms
[0.932s][info][gc,phases] GC(4) Y: Concurrent Reset Relocation Set 0.053ms
[0.936s][info][gc,phases] GC(4) Y: Concurrent Select Relocation Set 3.835ms
[0.936s][info][gc,phases] GC(4) Y: Pause Relocate Start 0.008ms
[0.943s][info][gc,phases] GC(4) Y: Concurrent Relocate 7.161ms
[0.944s][info][gc,phases] GC(4) Y: Young Generation 1408M(69%)->1256M(61%) 0.029s
[0.944s][info][gc,phases] GC(4) O: Old Generation
[0.944s][info][gc       ] GC(5) Minor Collection (Allocation Rate)
[0.944s][info][gc,phases] GC(5) y: Young Generation
[0.945s][info][gc,phases] GC(5) y: Pause Mark Start 0.006ms
[0.953s][info][gc,phases] GC(5) y: Concurrent Mark 8.329ms
[0.953s][info][gc,phases] GC(5) y: Pause Mark End 0.010ms
[0.953s][info][gc,phases] GC(5) y: Concurrent Mark Free 0.001ms
[0.954s][info][gc,phases] GC(5) y: Concurrent Reset Relocation Set 0.024ms
[0.955s][info][gc,phases] GC(5) y: Concurrent Select Relocation Set 1.772ms
[0.956s][info][gc,phases] GC(5) y: Pause Relocate Start 0.013ms
[0.959s][info][gc,phases] GC(5) y: Concurrent Relocate 3.509ms
[0.960s][info][gc,phases] GC(5) y: Young Generation 1274M(62%)->1132M(55%) 0.015s
[0.960s][info][gc       ] GC(5) Minor Collection (Allocation Rate) 1270M(62%)->1138M(56%) 0.015s
[0.960s][info][gc       ] GC(6) Minor Collection (Allocation Rate)
[0.960s][info][gc,phases] GC(6) y: Young Generation
[0.960s][info][gc,phases] GC(6) y: Pause Mark Start 0.007ms
[0.967s][info][gc,phases] GC(6) y: Concurrent Mark 7.269ms
[0.968s][info][gc,phases] GC(6) y: Pause Mark End 0.015ms
[0.968s][info][gc,phases] GC(6) y: Concurrent Mark Free 0.001ms
[0.968s][info][gc,phases] GC(6) y: Concurrent Reset Relocation Set 0.008ms
[0.970s][info][gc,phases] GC(6) y: Concurrent Select Relocation Set 1.896ms
[0.970s][info][gc,phases] GC(6) y: Pause Relocate Start 0.008ms
[0.973s][info][gc,phases] GC(6) y: Concurrent Relocate 2.707ms
[0.973s][info][gc,phases] GC(6) y: Young Generation 1142M(56%)->1104M(54%) 0.013s
[0.973s][info][gc       ] GC(6) Minor Collection (Allocation Rate) 1140M(56%)->1110M(54%) 0.014s
[0.973s][info][gc       ] GC(7) Minor Collection (Allocation Rate)
[0.974s][info][gc,phases] GC(7) y: Young Generation
[0.974s][info][gc,phases] GC(7) y: Pause Mark Start 0.007ms
[0.980s][info][gc,phases] GC(7) y: Concurrent Mark 6.422ms
[0.981s][info][gc,phases] GC(7) y: Pause Mark End 0.009ms
[0.981s][info][gc,phases] GC(7) y: Concurrent Mark Free 0.000ms
[0.981s][info][gc,phases] GC(7) y: Concurrent Reset Relocation Set 0.008ms
[0.983s][info][gc,phases] GC(7) y: Concurrent Select Relocation Set 1.710ms
[0.983s][info][gc,phases] GC(7) y: Pause Relocate Start 0.007ms
[0.985s][info][gc,phases] GC(7) y: Concurrent Relocate 2.330ms
[0.986s][info][gc,phases] GC(7) y: Young Generation 1114M(54%)->1084M(53%) 0.012s
[0.986s][info][gc       ] GC(7) Minor Collection (Allocation Rate) 1112M(54%)->1090M(53%) 0.012s
[0.986s][info][gc       ] GC(8) Minor Collection (Allocation Rate)
[0.986s][info][gc,phases] GC(8) y: Young Generation
[0.986s][info][gc,phases] GC(8) y: Pause Mark Start 0.006ms
[0.992s][info][gc,phases] GC(8) y: Concurrent Mark 5.634ms
[0.992s][info][gc,phases] GC(8) y: Pause Mark End 0.015ms
[0.992s][info][gc,phases] GC(8) y: Concurrent Mark Free 0.001ms
[0.992s][info][gc,phases] GC(8) y: Concurrent Reset Relocation Set 0.007ms
[0.994s][info][gc,phases] GC(8) y: Concurrent Select Relocation Set 1.833ms
[0.995s][info][gc,phases] GC(8) y: Pause Relocate Start 0.011ms
[0.997s][info][gc,phases] GC(8) y: Concurrent Relocate 2.031ms
[0.997s][info][gc,phases] GC(8) y: Young Generation 1094M(53%)->1072M(52%) 0.011s
[0.997s][info][gc       ] GC(8) Minor Collection (Allocation Rate) 1092M(53%)->1074M(52%) 0.011s
[0.997s][info][gc       ] GC(9) Minor Collection (Allocation Rate)
[0.997s][info][gc,phases] GC(9) y: Young Generation
[0.997s][info][gc,phases] GC(9) y: Pause Mark Start 0.010ms
[1.003s][info][gc,phases] GC(4) O: Concurrent Mark 59.712ms
[1.003s][info][gc,phases] GC(9) y: Concurrent Mark 5.936ms
[1.004s][info][gc,phases] GC(4) O: Pause Mark End 0.010ms
[1.004s][info][gc,phases] GC(4) O: Concurrent Mark Free 0.000ms
[1.004s][info][gc,phases] GC(9) y: Pause Mark End 0.008ms
[1.004s][info][gc,phases] GC(9) y: Concurrent Mark Free 0.000ms
[1.004s][info][gc,phases] GC(9) y: Concurrent Reset Relocation Set 0.005ms
[1.006s][info][gc,phases] GC(9) y: Concurrent Select Relocation Set 1.708ms
[1.008s][info][gc,phases] GC(9) y: Pause Relocate Start 0.012ms
[1.008s][info][gc,phases] GC(4) O: Concurrent Process Non-Strong 4.572ms
[1.008s][info][gc,phases] GC(4) O: Concurrent Reset Relocation Set 0.001ms
[1.010s][info][gc,phases] GC(9) y: Concurrent Relocate 1.935ms
[1.010s][info][gc,phases] GC(4) O: Concurrent Select Relocation Set 1.518ms
[1.010s][info][gc,phases] GC(9) y: Young Generation 1078M(53%)->1110M(54%) 0.013s
[1.010s][info][gc       ] GC(9) Minor Collection (Allocation Rate) 1076M(53%)->1114M(54%) 0.013s
[1.031s][info][gc,phases] GC(4) O: Concurrent Remap Roots 20.170ms
[1.031s][info][gc,phases] GC(4) O: Pause Relocate Start 0.013ms
[1.031s][info][gc       ] GC(10) Minor Collection (Allocation Rate)
[1.031s][info][gc,phases] GC(10) y: Young Generation
[1.032s][info][gc,phases] GC(10) y: Pause Mark Start 0.005ms
[1.033s][info][gc,phases] GC(4) O: Concurrent Relocate 1.514ms
[1.042s][info][gc,phases] GC(10) y: Concurrent Mark 10.252ms
[1.042s][info][gc,phases] GC(10) y: Pause Mark End 0.010ms
[1.043s][info][gc,phases] GC(10) y: Concurrent Mark Free 0.001ms
[1.043s][info][gc,phases] GC(10) y: Concurrent Reset Relocation Set 0.006ms
[1.044s][info][gc,phases] GC(10) y: Concurrent Select Relocation Set 1.593ms
[1.045s][info][gc,phases] GC(10) y: Pause Relocate Start 0.006ms
[1.050s][info][gc,phases] GC(10) y: Concurrent Relocate 5.319ms
[1.050s][info][gc,phases] GC(10) y: Young Generation 1490M(73%)->1194M(58%) 0.019s
[1.050s][info][gc       ] GC(10) Minor Collection (Allocation Rate) 1486M(73%)->1198M(58%) 0.019s
[1.050s][info][gc,phases] GC(4) O: Old Generation 1260M(62%)->1498M(73%) 0.107s
[1.050s][info][gc       ] GC(4) Major Collection (Allocation Rate) 1408M(69%)->1200M(59%) 0.135s
[1.051s][info][gc       ] GC(11) Minor Collection (Allocation Rate)
[1.051s][info][gc,phases] GC(11) y: Young Generation
[1.051s][info][gc,phases] GC(11) y: Pause Mark Start 0.006ms
[1.061s][info][gc,phases] GC(11) y: Concurrent Mark 10.060ms
[1.061s][info][gc,phases] GC(11) y: Pause Mark End 0.012ms
[1.061s][info][gc,phases] GC(11) y: Concurrent Mark Free 0.000ms
[1.061s][info][gc,phases] GC(11) y: Concurrent Reset Relocation Set 0.009ms
[1.063s][info][gc,phases] GC(11) y: Concurrent Select Relocation Set 1.647ms
[1.063s][info][gc,phases] GC(11) y: Pause Relocate Start 0.006ms
[1.066s][info][gc,phases] GC(11) y: Concurrent Relocate 2.690ms
[1.066s][info][gc,phases] GC(11) y: Young Generation 1206M(59%)->1174M(57%) 0.016s
[1.066s][info][gc       ] GC(11) Minor Collection (Allocation Rate) 1206M(59%)->1174M(57%) 0.016s
[1.066s][info][gc       ] GC(12) Minor Collection (Allocation Rate)
[1.066s][info][gc,phases] GC(12) y: Young Generation
[1.066s][info][gc,phases] GC(12) y: Pause Mark Start 0.010ms
[1.076s][info][gc,phases] GC(12) y: Concurrent Mark 9.472ms
[1.076s][info][gc,phases] GC(12) y: Pause Mark End 0.011ms
[1.076s][info][gc,phases] GC(12) y: Concurrent Mark Free 0.000ms
[1.076s][info][gc,phases] GC(12) y: Concurrent Reset Relocation Set 0.007ms
[1.078s][info][gc,phases] GC(12) y: Concurrent Select Relocation Set 1.978ms
[1.079s][info][gc,phases] GC(12) y: Pause Relocate Start 0.008ms
[1.082s][info][gc,phases] GC(12) y: Concurrent Relocate 2.652ms
[1.082s][info][gc,phases] GC(12) y: Young Generation 1178M(58%)->1180M(58%) 0.015s
[1.082s][info][gc       ] GC(12) Minor Collection (Allocation Rate) 1178M(58%)->1184M(58%) 0.016s
[1.082s][info][gc       ] GC(13) Minor Collection (Allocation Rate)
[1.082s][info][gc,phases] GC(13) y: Young Generation
[1.082s][info][gc,phases] GC(13) y: Pause Mark Start 0.010ms
[1.091s][info][gc,phases] GC(13) y: Concurrent Mark 8.762ms
[1.091s][info][gc,phases] GC(13) y: Pause Mark End 0.011ms
[1.092s][info][gc,phases] GC(13) y: Concurrent Mark Free 0.000ms
[1.092s][info][gc,phases] GC(13) y: Concurrent Reset Relocation Set 0.010ms
[1.093s][info][gc,phases] GC(13) y: Concurrent Select Relocation Set 1.674ms
[1.094s][info][gc,phases] GC(13) y: Pause Relocate Start 0.007ms
[1.096s][info][gc,phases] GC(13) y: Concurrent Relocate 2.454ms
[1.096s][info][gc,phases] GC(13) y: Young Generation 1188M(58%)->1154M(56%) 0.014s
[1.096s][info][gc       ] GC(13) Minor Collection (Allocation Rate) 1188M(58%)->1158M(57%) 0.014s
[1.105s][info][gc       ] GC(14) Minor Collection (Allocation Rate)
[1.105s][info][gc,phases] GC(14) y: Young Generation
[1.105s][info][gc,phases] GC(14) y: Pause Mark Start 0.010ms
[1.115s][info][gc,phases] GC(14) y: Concurrent Mark 9.708ms
[1.115s][info][gc,phases] GC(14) y: Pause Mark End 0.010ms
[1.115s][info][gc,phases] GC(14) y: Concurrent Mark Free 0.001ms
[1.116s][info][gc,phases] GC(14) y: Concurrent Reset Relocation Set 0.007ms
[1.117s][info][gc,phases] GC(14) y: Concurrent Select Relocation Set 1.552ms
[1.117s][info][gc,phases] GC(14) y: Pause Relocate Start 0.010ms
[1.121s][info][gc,phases] GC(14) y: Concurrent Relocate 3.554ms
[1.121s][info][gc,phases] GC(14) y: Young Generation 1328M(65%)->1202M(59%) 0.016s
[1.121s][info][gc       ] GC(14) Minor Collection (Allocation Rate) 1326M(65%)->1206M(59%) 0.016s
[1.127s][info][gc       ] GC(15) Minor Collection (Allocation Rate)
[1.127s][info][gc,phases] GC(15) y: Young Generation
[1.127s][info][gc,phases] GC(15) y: Pause Mark Start 0.006ms
[1.138s][info][gc,phases] GC(15) y: Concurrent Mark 10.288ms
[1.138s][info][gc,phases] GC(15) y: Pause Mark End 0.013ms
[1.138s][info][gc,phases] GC(15) y: Concurrent Mark Free 0.000ms
[1.138s][info][gc,phases] GC(15) y: Concurrent Reset Relocation Set 0.007ms
[1.140s][info][gc,phases] GC(15) y: Concurrent Select Relocation Set 1.675ms
[1.140s][info][gc,phases] GC(15) y: Pause Relocate Start 0.006ms
[1.143s][info][gc,phases] GC(15) y: Concurrent Relocate 3.342ms
[1.144s][info][gc,phases] GC(15) y: Young Generation 1320M(64%)->1212M(59%) 0.016s
[1.144s][info][gc       ] GC(15) Minor Collection (Allocation Rate) 1316M(64%)->1218M(59%) 0.017s
[1.148s][info][gc       ] GC(16) Minor Collection (Allocation Rate)
[1.148s][info][gc,phases] GC(16) y: Young Generation
[1.148s][info][gc,phases] GC(16) y: Pause Mark Start 0.007ms
[1.158s][info][gc,phases] GC(16) y: Concurrent Mark 9.696ms
[1.158s][info][gc,phases] GC(16) y: Pause Mark End 0.009ms
[1.158s][info][gc,phases] GC(16) y: Concurrent Mark Free 0.000ms
[1.158s][info][gc,phases] GC(16) y: Concurrent Reset Relocation Set 0.008ms
[1.160s][info][gc,phases] GC(16) y: Concurrent Select Relocation Set 1.887ms
[1.161s][info][gc,phases] GC(16) y: Pause Relocate Start 0.010ms
[1.164s][info][gc,phases] GC(16) y: Concurrent Relocate 3.333ms
[1.164s][info][gc,phases] GC(16) y: Young Generation 1296M(63%)->1214M(59%) 0.016s
[1.164s][info][gc       ] GC(16) Minor Collection (Allocation Rate) 1292M(63%)->1218M(59%) 0.016s
[1.170s][info][gc       ] GC(17) Minor Collection (Allocation Rate)
[1.170s][info][gc,phases] GC(17) y: Young Generation
[1.170s][info][gc,phases] GC(17) y: Pause Mark Start 0.011ms
[1.180s][info][gc,phases] GC(17) y: Concurrent Mark 9.704ms
[1.180s][info][gc,phases] GC(17) y: Pause Mark End 0.010ms
[1.181s][info][gc,phases] GC(17) y: Concurrent Mark Free 0.000ms
[1.181s][info][gc,phases] GC(17) y: Concurrent Reset Relocation Set 0.011ms
[1.182s][info][gc,phases] GC(17) y: Concurrent Select Relocation Set 1.715ms
[1.183s][info][gc,phases] GC(17) y: Pause Relocate Start 0.006ms
[1.186s][info][gc,phases] GC(17) y: Concurrent Relocate 3.464ms
[1.186s][info][gc,phases] GC(17) y: Young Generation 1332M(65%)->1220M(60%) 0.016s
[1.186s][info][gc       ] GC(17) Minor Collection (Allocation Rate) 1328M(65%)->1224M(60%) 0.016s
[1.194s][info][gc       ] GC(18) Minor Collection (Allocation Rate)
[1.194s][info][gc,phases] GC(18) y: Young Generation
[1.194s][info][gc,phases] GC(18) y: Pause Mark Start 0.010ms
[1.205s][info][gc,phases] GC(18) y: Concurrent Mark 10.024ms
[1.205s][info][gc,phases] GC(18) y: Pause Mark End 0.011ms
[1.205s][info][gc,phases] GC(18) y: Concurrent Mark Free 0.001ms
[1.205s][info][gc,phases] GC(18) y: Concurrent Reset Relocation Set 0.009ms
[1.207s][info][gc,phases] GC(18) y: Concurrent Select Relocation Set 1.546ms
[1.207s][info][gc,phases] GC(18) y: Pause Relocate Start 0.006ms
[1.210s][info][gc,phases] GC(18) y: Concurrent Relocate 3.518ms
[1.211s][info][gc,phases] GC(18) y: Young Generation 1376M(67%)->1232M(60%) 0.016s
[1.211s][info][gc       ] GC(18) Minor Collection (Allocation Rate) 1372M(67%)->1236M(60%) 0.016s
[1.219s][info][gc       ] GC(19) Minor Collection (Allocation Rate)
[1.219s][info][gc,phases] GC(19) y: Young Generation
[1.219s][info][gc,phases] GC(19) y: Pause Mark Start 0.007ms
[1.230s][info][gc,phases] GC(19) y: Concurrent Mark 10.724ms
[1.230s][info][gc,phases] GC(19) y: Pause Mark End 0.010ms
[1.230s][info][gc,phases] GC(19) y: Concurrent Mark Free 0.000ms
[1.230s][info][gc,phases] GC(19) y: Concurrent Reset Relocation Set 0.007ms
[1.232s][info][gc,phases] GC(19) y: Concurrent Select Relocation Set 1.881ms
[1.232s][info][gc,phases] GC(19) y: Pause Relocate Start 0.007ms
[1.236s][info][gc,phases] GC(19) y: Concurrent Relocate 3.906ms
[1.236s][info][gc,phases] GC(19) y: Young Generation 1378M(67%)->1268M(62%) 0.018s
[1.237s][info][gc       ] GC(19) Minor Collection (Allocation Rate) 1378M(67%)->1272M(62%) 0.018s
[1.237s][info][gc       ] GC(20) Major Collection (Allocation Rate)
[1.237s][info][gc,phases] GC(20) Y: Young Generation
[1.237s][info][gc,phases] GC(20) Y: Pause Mark Start (Major) 0.011ms
[1.244s][info][gc,phases] GC(20) Y: Concurrent Mark 7.253ms
[1.244s][info][gc,phases] GC(20) Y: Pause Mark End 0.009ms
[1.244s][info][gc,phases] GC(20) Y: Concurrent Mark Free 0.000ms
[1.245s][info][gc,phases] GC(20) Y: Concurrent Reset Relocation Set 0.011ms
[1.246s][info][gc,phases] GC(20) Y: Concurrent Select Relocation Set 1.712ms
[1.247s][info][gc,phases] GC(20) Y: Pause Relocate Start 0.006ms
[1.250s][info][gc,phases] GC(20) Y: Concurrent Relocate 2.897ms
[1.250s][info][gc,phases] GC(20) Y: Young Generation 1274M(62%)->1198M(58%) 0.013s
[1.250s][info][gc,phases] GC(20) O: Old Generation
[1.251s][info][gc       ] GC(21) Minor Collection (Allocation Rate)
[1.251s][info][gc,phases] GC(21) y: Young Generation
[1.251s][info][gc,phases] GC(21) y: Pause Mark Start 0.007ms
[1.258s][info][gc,phases] GC(21) y: Concurrent Mark 6.737ms
[1.258s][info][gc,phases] GC(21) y: Pause Mark End 0.010ms
[1.258s][info][gc,phases] GC(21) y: Concurrent Mark Free 0.000ms
[1.259s][info][gc,phases] GC(21) y: Concurrent Reset Relocation Set 0.009ms
[1.261s][info][gc,phases] GC(21) y: Concurrent Select Relocation Set 1.917ms
[1.261s][info][gc,phases] GC(21) y: Pause Relocate Start 0.008ms
[1.263s][info][gc,phases] GC(21) y: Concurrent Relocate 2.453ms
[1.264s][info][gc,phases] GC(21) y: Young Generation 1226M(60%)->1192M(58%) 0.013s
[1.264s][info][gc       ] GC(21) Minor Collection (Allocation Rate) 1222M(60%)->1198M(58%) 0.013s
[1.270s][info][gc       ] GC(22) Minor Collection (Allocation Rate)
[1.271s][info][gc,phases] GC(22) y: Young Generation
[1.271s][info][gc,phases] GC(22) y: Pause Mark Start 0.009ms
[1.278s][info][gc,phases] GC(22) y: Concurrent Mark 6.931ms
[1.278s][info][gc,phases] GC(22) y: Pause Mark End 0.013ms
[1.278s][info][gc,phases] GC(22) y: Concurrent Mark Free 0.001ms
[1.278s][info][gc,phases] GC(22) y: Concurrent Reset Relocation Set 0.007ms
[1.280s][info][gc,phases] GC(22) y: Concurrent Select Relocation Set 1.977ms
[1.281s][info][gc,phases] GC(22) y: Pause Relocate Start 0.007ms
[1.284s][info][gc,phases] GC(22) y: Concurrent Relocate 3.057ms
[1.284s][info][gc,phases] GC(22) y: Young Generation 1326M(65%)->1218M(59%) 0.013s
[1.284s][info][gc       ] GC(22) Minor Collection (Allocation Rate) 1322M(65%)->1222M(60%) 0.014s
[1.294s][info][gc       ] GC(23) Minor Collection (Allocation Rate)
[1.294s][info][gc,phases] GC(23) y: Young Generation
[1.295s][info][gc,phases] GC(23) y: Pause Mark Start 0.007ms
[1.302s][info][gc,phases] GC(23) y: Concurrent Mark 7.211ms
[1.302s][info][gc,phases] GC(23) y: Pause Mark End 0.013ms
[1.302s][info][gc,phases] GC(23) y: Concurrent Mark Free 0.001ms
[1.303s][info][gc,phases] GC(23) y: Concurrent Reset Relocation Set 0.007ms
[1.304s][info][gc,phases] GC(23) y: Concurrent Select Relocation Set 1.769ms
[1.305s][info][gc,phases] GC(23) y: Pause Relocate Start 0.008ms
[1.308s][info][gc,phases] GC(23) y: Concurrent Relocate 3.525ms
[1.308s][info][gc,phases] GC(23) y: Young Generation 1414M(69%)->1238M(60%) 0.014s
[1.309s][info][gc       ] GC(23) Minor Collection (Allocation Rate) 1410M(69%)->1242M(61%) 0.014s
[1.319s][info][gc       ] GC(24) Minor Collection (Allocation Rate)
[1.319s][info][gc,phases] GC(24) y: Young Generation
[1.319s][info][gc,phases] GC(24) y: Pause Mark Start 0.006ms
[1.327s][info][gc,phases] GC(24) y: Concurrent Mark 8.093ms
[1.327s][info][gc,phases] GC(20) O: Concurrent Mark 77.712ms
[1.328s][info][gc,phases] GC(24) y: Pause Mark End 0.011ms
[1.328s][info][gc,phases] GC(24) y: Concurrent Mark Free 0.000ms
[1.328s][info][gc,phases] GC(24) y: Concurrent Reset Relocation Set 0.007ms
[1.328s][info][gc,phases] GC(20) O: Pause Mark End 0.005ms
[1.329s][info][gc,phases] GC(20) O: Concurrent Mark Free 0.000ms
[1.330s][info][gc,phases] GC(24) y: Concurrent Select Relocation Set 1.958ms
[1.333s][info][gc,phases] GC(24) y: Pause Relocate Start 0.009ms
[1.333s][info][gc,phases] GC(20) O: Concurrent Process Non-Strong 3.724ms
[1.333s][info][gc,phases] GC(20) O: Concurrent Reset Relocation Set 0.001ms
[1.335s][info][gc,phases] GC(20) O: Concurrent Select Relocation Set 1.565ms
[1.337s][info][gc,phases] GC(24) y: Concurrent Relocate 3.809ms
[1.337s][info][gc,phases] GC(24) y: Young Generation 1422M(69%)->1282M(63%) 0.018s
[1.337s][info][gc       ] GC(24) Minor Collection (Allocation Rate) 1418M(69%)->1286M(63%) 0.018s
[1.357s][info][gc,phases] GC(20) O: Concurrent Remap Roots 20.026ms
[1.357s][info][gc,phases] GC(20) O: Pause Relocate Start 0.011ms
[1.357s][info][gc       ] GC(25) Minor Collection (Allocation Rate)
[1.358s][info][gc,phases] GC(25) y: Young Generation
[1.358s][info][gc,phases] GC(25) y: Pause Mark Start 0.005ms
[1.359s][info][gc,phases] GC(20) O: Concurrent Relocate 1.126ms
[1.370s][info][gc,phases] GC(25) y: Concurrent Mark 11.661ms
[1.370s][info][gc,phases] GC(25) y: Pause Mark End 0.009ms
[1.370s][info][gc,phases] GC(25) y: Concurrent Mark Free 0.001ms
[1.370s][info][gc,phases] GC(25) y: Concurrent Reset Relocation Set 0.010ms
[1.372s][info][gc,phases] GC(25) y: Concurrent Select Relocation Set 1.527ms
[1.372s][info][gc,phases] GC(25) y: Pause Relocate Start 0.007ms
[1.378s][info][gc,phases] GC(25) y: Concurrent Relocate 5.652ms
[1.378s][info][gc,phases] GC(25) y: Young Generation 1650M(81%)->1230M(60%) 0.020s
[1.378s][info][gc       ] GC(25) Minor Collection (Allocation Rate) 1654M(81%)->1236M(60%) 0.020s
[1.378s][info][gc,phases] GC(20) O: Old Generation 1202M(59%)->1644M(80%) 0.128s
[1.378s][info][gc       ] GC(20) Major Collection (Allocation Rate) 1272M(62%)->1238M(60%) 0.141s
[1.379s][info][gc       ] GC(26) Minor Collection (Allocation Rate)
[1.379s][info][gc,phases] GC(26) y: Young Generation
[1.379s][info][gc,phases] GC(26) y: Pause Mark Start 0.010ms
[1.390s][info][gc,phases] GC(26) y: Concurrent Mark 10.678ms
[1.390s][info][gc,phases] GC(26) y: Pause Mark End 0.009ms
[1.390s][info][gc,phases] GC(26) y: Concurrent Mark Free 0.000ms
[1.390s][info][gc,phases] GC(26) y: Concurrent Reset Relocation Set 0.010ms
[1.392s][info][gc,phases] GC(26) y: Concurrent Select Relocation Set 2.053ms
[1.392s][info][gc,phases] GC(26) y: Pause Relocate Start 0.008ms
[1.395s][info][gc,phases] GC(26) y: Concurrent Relocate 2.807ms
[1.396s][info][gc,phases] GC(26) y: Young Generation 1252M(61%)->1284M(63%) 0.017s
[1.396s][info][gc       ] GC(26) Minor Collection (Allocation Rate) 1250M(61%)->1288M(63%) 0.017s
[1.396s][info][gc       ] GC(27) Minor Collection (Allocation Rate)
[1.396s][info][gc,phases] GC(27) y: Young Generation
[1.396s][info][gc,phases] GC(27) y: Pause Mark Start 0.011ms
[1.405s][info][gc,phases] GC(27) y: Concurrent Mark 9.451ms
[1.406s][info][gc,phases] GC(27) y: Pause Mark End 0.010ms
[1.406s][info][gc,phases] GC(27) y: Concurrent Mark Free 0.000ms
[1.406s][info][gc,phases] GC(27) y: Concurrent Reset Relocation Set 0.013ms
[1.408s][info][gc,phases] GC(27) y: Concurrent Select Relocation Set 2.033ms
[1.408s][info][gc,phases] GC(27) y: Pause Relocate Start 0.010ms
[1.411s][info][gc,phases] GC(27) y: Concurrent Relocate 2.885ms
[1.411s][info][gc,phases] GC(27) y: Young Generation 1290M(63%)->1268M(62%) 0.016s
[1.411s][info][gc       ] GC(27) Minor Collection (Allocation Rate) 1288M(63%)->1272M(62%) 0.016s
[1.411s][info][gc       ] GC(28) Minor Collection (Allocation Rate)
[1.411s][info][gc,phases] GC(28) y: Young Generation
[1.412s][info][gc,phases] GC(28) y: Pause Mark Start 0.006ms
[1.420s][info][gc,phases] GC(28) y: Concurrent Mark 8.133ms
[1.420s][info][gc,phases] GC(28) y: Pause Mark End 0.012ms
[1.420s][info][gc,phases] GC(28) y: Concurrent Mark Free 0.000ms
[1.420s][info][gc,phases] GC(28) y: Concurrent Reset Relocation Set 0.012ms
[1.422s][info][gc,phases] GC(28) y: Concurrent Select Relocation Set 1.626ms
[1.422s][info][gc,phases] GC(28) y: Pause Relocate Start 0.010ms
[1.425s][info][gc,phases] GC(28) y: Concurrent Relocate 2.345ms
[1.425s][info][gc,phases] GC(28) y: Young Generation 1274M(62%)->1230M(60%) 0.013s
[1.425s][info][gc       ] GC(28) Minor Collection (Allocation Rate) 1272M(62%)->1234M(60%) 0.013s
[1.427s][info][gc       ] GC(29) Minor Collection (Allocation Rate)
[1.427s][info][gc,phases] GC(29) y: Young Generation
[1.427s][info][gc,phases] GC(29) y: Pause Mark Start 0.007ms
[1.436s][info][gc,phases] GC(29) y: Concurrent Mark 8.888ms
[1.436s][info][gc,phases] GC(29) y: Pause Mark End 0.010ms
[1.436s][info][gc,phases] GC(29) y: Concurrent Mark Free 0.000ms
[1.436s][info][gc,phases] GC(29) y: Concurrent Reset Relocation Set 0.005ms
[1.438s][info][gc,phases] GC(29) y: Concurrent Select Relocation Set 1.749ms
[1.438s][info][gc,phases] GC(29) y: Pause Relocate Start 0.009ms
[1.441s][info][gc,phases] GC(29) y: Concurrent Relocate 2.388ms
[1.441s][info][gc,phases] GC(29) y: Young Generation 1270M(62%)->1252M(61%) 0.014s
[1.441s][info][gc       ] GC(29) Minor Collection (Allocation Rate) 1270M(62%)->1256M(61%) 0.014s
[1.448s][info][gc       ] GC(30) Minor Collection (Allocation Rate)
[1.448s][info][gc,phases] GC(30) y: Young Generation
[1.448s][info][gc,phases] GC(30) y: Pause Mark Start 0.006ms
[1.457s][info][gc,phases] GC(30) y: Concurrent Mark 9.269ms
[1.458s][info][gc,phases] GC(30) y: Pause Mark End 0.011ms
[1.458s][info][gc,phases] GC(30) y: Concurrent Mark Free 0.000ms
[1.458s][info][gc,phases] GC(30) y: Concurrent Reset Relocation Set 0.007ms
[1.460s][info][gc,phases] GC(30) y: Concurrent Select Relocation Set 1.668ms
[1.460s][info][gc,phases] GC(30) y: Pause Relocate Start 0.010ms
[1.463s][info][gc,phases] GC(30) y: Concurrent Relocate 3.290ms
[1.463s][info][gc,phases] GC(30) y: Young Generation 1392M(68%)->1280M(62%) 0.016s
[1.463s][info][gc       ] GC(30) Minor Collection (Allocation Rate) 1388M(68%)->1284M(63%) 0.016s
[1.467s][info][gc       ] GC(31) Minor Collection (Allocation Rate)
[1.467s][info][gc,phases] GC(31) y: Young Generation
[1.467s][info][gc,phases] GC(31) y: Pause Mark Start 0.012ms
[1.477s][info][gc,phases] GC(31) y: Concurrent Mark 9.719ms
[1.477s][info][gc,phases] GC(31) y: Pause Mark End 0.012ms
[1.477s][info][gc,phases] GC(31) y: Concurrent Mark Free 0.000ms
[1.477s][info][gc,phases] GC(31) y: Concurrent Reset Relocation Set 0.008ms
[1.479s][info][gc,phases] GC(31) y: Concurrent Select Relocation Set 1.564ms
[1.479s][info][gc,phases] GC(31) y: Pause Relocate Start 0.005ms
[1.482s][info][gc,phases] GC(31) y: Concurrent Relocate 2.784ms
[1.482s][info][gc,phases] GC(31) y: Young Generation 1352M(66%)->1286M(63%) 0.015s
[1.482s][info][gc       ] GC(31) Minor Collection (Allocation Rate) 1348M(66%)->1290M(63%) 0.015s
[1.485s][info][gc       ] GC(32) Minor Collection (Allocation Rate)
[1.485s][info][gc,phases] GC(32) y: Young Generation
[1.485s][info][gc,phases] GC(32) y: Pause Mark Start 0.007ms
[1.495s][info][gc,phases] GC(32) y: Concurrent Mark 9.768ms
[1.495s][info][gc,phases] GC(32) y: Pause Mark End 0.010ms
[1.495s][info][gc,phases] GC(32) y: Concurrent Mark Free 0.000ms
[1.495s][info][gc,phases] GC(32) y: Concurrent Reset Relocation Set 0.006ms
[1.497s][info][gc,phases] GC(32) y: Concurrent Select Relocation Set 1.831ms
[1.497s][info][gc,phases] GC(32) y: Pause Relocate Start 0.010ms
[1.500s][info][gc,phases] GC(32) y: Concurrent Relocate 2.938ms
[1.501s][info][gc,phases] GC(32) y: Young Generation 1340M(65%)->1298M(63%) 0.016s
[1.501s][info][gc       ] GC(32) Minor Collection (Allocation Rate) 1338M(65%)->1302M(64%) 0.016s
[1.502s][info][gc       ] GC(33) Minor Collection (Allocation Rate)
[1.502s][info][gc,phases] GC(33) y: Young Generation
[1.502s][info][gc,phases] GC(33) y: Pause Mark Start 0.010ms
[1.511s][info][gc,phases] GC(33) y: Concurrent Mark 9.268ms
[1.512s][info][gc,phases] GC(33) y: Pause Mark End 0.012ms
[1.512s][info][gc,phases] GC(33) y: Concurrent Mark Free 0.000ms
[1.512s][info][gc,phases] GC(33) y: Concurrent Reset Relocation Set 0.009ms
[1.514s][info][gc,phases] GC(33) y: Concurrent Select Relocation Set 1.663ms
[1.514s][info][gc,phases] GC(33) y: Pause Relocate Start 0.006ms
[1.516s][info][gc,phases] GC(33) y: Concurrent Relocate 2.584ms
[1.517s][info][gc,phases] GC(33) y: Young Generation 1326M(65%)->1284M(63%) 0.015s
[1.517s][info][gc       ] GC(33) Minor Collection (Allocation Rate) 1324M(65%)->1288M(63%) 0.015s
[1.519s][info][gc       ] GC(34) Major Collection (Allocation Rate)
[1.519s][info][gc,phases] GC(34) Y: Young Generation
[1.519s][info][gc,phases] GC(34) Y: Pause Mark Start (Major) 0.011ms
[1.527s][info][gc,phases] GC(34) Y: Concurrent Mark 7.534ms
[1.527s][info][gc,phases] GC(34) Y: Pause Mark End 0.010ms
[1.528s][info][gc,phases] GC(34) Y: Concurrent Mark Free 0.001ms
[1.528s][info][gc,phases] GC(34) Y: Concurrent Reset Relocation Set 0.009ms
[1.529s][info][gc,phases] GC(34) Y: Concurrent Select Relocation Set 1.711ms
[1.530s][info][gc,phases] GC(34) Y: Pause Relocate Start 0.011ms
[1.532s][info][gc,phases] GC(34) Y: Concurrent Relocate 2.718ms
[1.533s][info][gc,phases] GC(34) Y: Young Generation 1334M(65%)->1268M(62%) 0.013s
[1.533s][info][gc,phases] GC(34) O: Old Generation
[1.537s][info][gc       ] GC(35) Minor Collection (Allocation Rate)
[1.537s][info][gc,phases] GC(35) y: Young Generation
[1.538s][info][gc,phases] GC(35) y: Pause Mark Start 0.007ms
[1.545s][info][gc,phases] GC(35) y: Concurrent Mark 7.322ms
[1.545s][info][gc,phases] GC(35) y: Pause Mark End 0.014ms
[1.546s][info][gc,phases] GC(35) y: Concurrent Mark Free 0.001ms
[1.546s][info][gc,phases] GC(35) y: Concurrent Reset Relocation Set 0.008ms
[1.548s][info][gc,phases] GC(35) y: Concurrent Select Relocation Set 1.797ms
[1.548s][info][gc,phases] GC(35) y: Pause Relocate Start 0.008ms
[1.551s][info][gc,phases] GC(35) y: Concurrent Relocate 2.826ms
[1.551s][info][gc,phases] GC(35) y: Young Generation 1362M(67%)->1284M(63%) 0.014s
[1.551s][info][gc       ] GC(35) Minor Collection (Allocation Rate) 1358M(66%)->1288M(63%) 0.014s
[1.558s][info][gc       ] GC(36) Minor Collection (Allocation Rate)
[1.558s][info][gc,phases] GC(36) y: Young Generation
[1.559s][info][gc,phases] GC(36) y: Pause Mark Start 0.007ms
[1.567s][info][gc,phases] GC(36) y: Concurrent Mark 8.043ms
[1.567s][info][gc,phases] GC(36) y: Pause Mark End 0.009ms
[1.567s][info][gc,phases] GC(36) y: Concurrent Mark Free 0.001ms
[1.567s][info][gc,phases] GC(36) y: Concurrent Reset Relocation Set 0.006ms
[1.569s][info][gc,phases] GC(36) y: Concurrent Select Relocation Set 1.818ms
[1.569s][info][gc,phases] GC(36) y: Pause Relocate Start 0.007ms
[1.573s][info][gc,phases] GC(36) y: Concurrent Relocate 3.489ms
[1.573s][info][gc,phases] GC(36) y: Young Generation 1428M(70%)->1312M(64%) 0.015s
[1.573s][info][gc       ] GC(36) Minor Collection (Allocation Rate) 1424M(70%)->1316M(64%) 0.015s
[1.577s][info][gc       ] GC(37) Minor Collection (Allocation Rate)
[1.577s][info][gc,phases] GC(37) y: Young Generation
[1.577s][info][gc,phases] GC(37) y: Pause Mark Start 0.010ms
[1.585s][info][gc,phases] GC(37) y: Concurrent Mark 7.439ms
[1.585s][info][gc,phases] GC(37) y: Pause Mark End 0.009ms
[1.585s][info][gc,phases] GC(37) y: Concurrent Mark Free 0.000ms
[1.585s][info][gc,phases] GC(37) y: Concurrent Reset Relocation Set 0.010ms
[1.587s][info][gc,phases] GC(37) y: Concurrent Select Relocation Set 1.719ms
[1.587s][info][gc,phases] GC(37) y: Pause Relocate Start 0.007ms
[1.590s][info][gc,phases] GC(37) y: Concurrent Relocate 2.713ms
[1.590s][info][gc,phases] GC(37) y: Young Generation 1382M(67%)->1294M(63%) 0.013s
[1.590s][info][gc       ] GC(37) Minor Collection (Allocation Rate) 1380M(67%)->1296M(63%) 0.013s
[1.597s][info][gc       ] GC(38) Minor Collection (Allocation Rate)
[1.597s][info][gc,phases] GC(38) y: Young Generation
[1.597s][info][gc,phases] GC(38) y: Pause Mark Start 0.011ms
[1.605s][info][gc,phases] GC(38) y: Concurrent Mark 7.705ms
[1.605s][info][gc,phases] GC(38) y: Pause Mark End 0.010ms
[1.605s][info][gc,phases] GC(38) y: Concurrent Mark Free 0.000ms
[1.605s][info][gc,phases] GC(38) y: Concurrent Reset Relocation Set 0.007ms
[1.607s][info][gc,phases] GC(38) y: Concurrent Select Relocation Set 2.129ms
[1.608s][info][gc,phases] GC(38) y: Pause Relocate Start 0.008ms
[1.611s][info][gc,phases] GC(38) y: Concurrent Relocate 3.245ms
[1.611s][info][gc,phases] GC(38) y: Young Generation 1408M(69%)->1314M(64%) 0.015s
[1.611s][info][gc       ] GC(38) Minor Collection (Allocation Rate) 1408M(69%)->1318M(64%) 0.015s
[1.616s][info][gc       ] GC(39) Minor Collection (Allocation Rate)
[1.616s][info][gc,phases] GC(39) y: Young Generation
[1.616s][info][gc,phases] GC(39) y: Pause Mark Start 0.006ms
[1.624s][info][gc,phases] GC(39) y: Concurrent Mark 7.489ms
[1.624s][info][gc,phases] GC(39) y: Pause Mark End 0.009ms
[1.624s][info][gc,phases] GC(39) y: Concurrent Mark Free 0.001ms
[1.624s][info][gc,phases] GC(39) y: Concurrent Reset Relocation Set 0.011ms
[1.625s][info][gc,phases] GC(34) O: Concurrent Mark 92.661ms
[1.626s][info][gc,phases] GC(34) O: Pause Mark End 0.012ms
[1.626s][info][gc,phases] GC(34) O: Concurrent Mark Free 0.000ms
[1.626s][info][gc,phases] GC(39) y: Concurrent Select Relocation Set 1.992ms
[1.629s][info][gc,phases] GC(39) y: Pause Relocate Start 0.015ms
[1.630s][info][gc,phases] GC(34) O: Concurrent Process Non-Strong 3.781ms
[1.630s][info][gc,phases] GC(34) O: Concurrent Reset Relocation Set 0.007ms
[1.632s][info][gc,phases] GC(34) O: Concurrent Select Relocation Set 2.105ms
[1.633s][info][gc,phases] GC(39) y: Concurrent Relocate 3.118ms
[1.633s][info][gc,phases] GC(39) y: Young Generation 1404M(69%)->1362M(67%) 0.017s
[1.633s][info][gc       ] GC(39) Minor Collection (Allocation Rate) 1402M(68%)->1366M(67%) 0.017s
[1.654s][info][gc,phases] GC(34) O: Concurrent Remap Roots 20.949ms
[1.654s][info][gc,phases] GC(34) O: Pause Relocate Start 0.009ms
[1.654s][info][gc       ] GC(40) Minor Collection (Allocation Rate)
[1.654s][info][gc,phases] GC(40) y: Young Generation
[1.655s][info][gc,phases] GC(40) y: Pause Mark Start 0.004ms
[1.668s][info][gc,phases] GC(40) y: Concurrent Mark 12.918ms
[1.668s][info][gc,phases] GC(40) y: Pause Mark End 0.011ms
[1.668s][info][gc,phases] GC(40) y: Concurrent Mark Free 0.000ms
[1.669s][info][gc,phases] GC(40) y: Concurrent Reset Relocation Set 0.007ms
[1.670s][info][gc,phases] GC(40) y: Concurrent Select Relocation Set 1.716ms
[1.671s][info][gc,phases] GC(40) y: Pause Relocate Start 0.006ms
[1.677s][info][gc,phases] GC(40) y: Concurrent Relocate 6.484ms
[1.677s][info][gc,phases] GC(40) y: Young Generation 1740M(85%)->1280M(62%) 0.023s
[1.678s][info][gc       ] GC(40) Minor Collection (Allocation Rate) 1752M(86%)->1280M(62%) 0.023s
[1.678s][info][gc       ] GC(41) Minor Collection (Allocation Rate)
[1.678s][info][gc,phases] GC(41) y: Young Generation
[1.678s][info][gc,phases] GC(41) y: Pause Mark Start 0.007ms
[1.689s][info][gc,phases] GC(41) y: Concurrent Mark 11.014ms
[1.689s][info][gc,phases] GC(41) y: Pause Mark End 0.013ms
[1.690s][info][gc,phases] GC(41) y: Concurrent Mark Free 0.000ms
[1.690s][info][gc,phases] GC(41) y: Concurrent Reset Relocation Set 0.014ms
[1.692s][info][gc,phases] GC(41) y: Concurrent Select Relocation Set 1.923ms
[1.692s][info][gc,phases] GC(41) y: Pause Relocate Start 0.010ms
[1.695s][info][gc,phases] GC(41) y: Concurrent Relocate 2.822ms
[1.695s][info][gc,phases] GC(41) y: Young Generation 1284M(63%)->1238M(60%) 0.017s
[1.695s][info][gc       ] GC(41) Minor Collection (Allocation Rate) 1284M(63%)->1238M(60%) 0.018s
[1.695s][info][gc       ] GC(42) Minor Collection (Allocation Rate)
[1.695s][info][gc,phases] GC(42) y: Young Generation
[1.696s][info][gc,phases] GC(42) y: Pause Mark Start 0.010ms
[1.706s][info][gc,phases] GC(42) y: Concurrent Mark 10.227ms
[1.706s][info][gc,phases] GC(42) y: Pause Mark End 0.010ms
[1.707s][info][gc,phases] GC(42) y: Concurrent Mark Free 0.000ms
[1.707s][info][gc,phases] GC(42) y: Concurrent Reset Relocation Set 0.011ms
[1.709s][info][gc,phases] GC(42) y: Concurrent Select Relocation Set 2.000ms
[1.709s][info][gc,phases] GC(42) y: Pause Relocate Start 0.010ms
[1.712s][info][gc,phases] GC(34) O: Concurrent Relocate 57.808ms
[1.712s][info][gc,phases] GC(42) y: Concurrent Relocate 3.078ms
[1.712s][info][gc,phases] GC(42) y: Young Generation 1242M(61%)->1172M(57%) 0.017s
[1.712s][info][gc       ] GC(42) Minor Collection (Allocation Rate) 1242M(61%)->1180M(58%) 0.017s
[1.712s][info][gc,phases] GC(34) O: Old Generation 1272M(62%)->1172M(57%) 0.180s
[1.712s][info][gc       ] GC(34) Major Collection (Allocation Rate) 1332M(65%)->1180M(58%) 0.193s
[1.713s][info][gc       ] GC(43) Minor Collection (Allocation Rate)
[1.713s][info][gc,phases] GC(43) y: Young Generation
[1.713s][info][gc,phases] GC(43) y: Pause Mark Start 0.006ms
[1.722s][info][gc,phases] GC(43) y: Concurrent Mark 8.602ms
[1.722s][info][gc,phases] GC(43) y: Pause Mark End 0.010ms
[1.722s][info][gc,phases] GC(43) y: Concurrent Mark Free 0.001ms
[1.722s][info][gc,phases] GC(43) y: Concurrent Reset Relocation Set 0.013ms
[1.724s][info][gc,phases] GC(43) y: Concurrent Select Relocation Set 1.681ms
[1.724s][info][gc,phases] GC(43) y: Pause Relocate Start 0.006ms
[1.727s][info][gc,phases] GC(43) y: Concurrent Relocate 2.671ms
[1.727s][info][gc,phases] GC(43) y: Young Generation 1188M(58%)->1154M(56%) 0.014s
[1.727s][info][gc       ] GC(43) Minor Collection (Allocation Rate) 1188M(58%)->1158M(57%) 0.014s
[1.729s][info][gc       ] GC(44) Minor Collection (Allocation Rate)
[1.729s][info][gc,phases] GC(44) y: Young Generation
[1.730s][info][gc,phases] GC(44) y: Pause Mark Start 0.007ms
[1.739s][info][gc,phases] GC(44) y: Concurrent Mark 9.021ms
[1.739s][info][gc,phases] GC(44) y: Pause Mark End 0.010ms
[1.739s][info][gc,phases] GC(44) y: Concurrent Mark Free 0.001ms
[1.739s][info][gc,phases] GC(44) y: Concurrent Reset Relocation Set 0.005ms
[1.741s][info][gc,phases] GC(44) y: Concurrent Select Relocation Set 1.845ms
[1.741s][info][gc,phases] GC(44) y: Pause Relocate Start 0.009ms
[1.744s][info][gc,phases] GC(44) y: Concurrent Relocate 2.677ms
[1.744s][info][gc,phases] GC(44) y: Young Generation 1198M(58%)->1166M(57%) 0.015s
[1.744s][info][gc       ] GC(44) Minor Collection (Allocation Rate) 1194M(58%)->1172M(57%) 0.015s
[1.755s][info][gc       ] GC(45) Minor Collection (Allocation Rate)
[1.755s][info][gc,phases] GC(45) y: Young Generation
[1.756s][info][gc,phases] GC(45) y: Pause Mark Start 0.008ms
[1.766s][info][gc,phases] GC(45) y: Concurrent Mark 10.425ms
[1.766s][info][gc,phases] GC(45) y: Pause Mark End 0.010ms
[1.767s][info][gc,phases] GC(45) y: Concurrent Mark Free 0.001ms
[1.767s][info][gc,phases] GC(45) y: Concurrent Reset Relocation Set 0.008ms
[1.768s][info][gc,phases] GC(45) y: Concurrent Select Relocation Set 1.786ms
[1.769s][info][gc,phases] GC(45) y: Pause Relocate Start 0.008ms
[1.773s][info][gc,phases] GC(45) y: Concurrent Relocate 4.127ms
[1.773s][info][gc,phases] GC(45) y: Young Generation 1376M(67%)->1232M(60%) 0.018s
[1.773s][info][gc       ] GC(45) Minor Collection (Allocation Rate) 1372M(67%)->1236M(60%) 0.018s
[1.773s][info][gc       ] GC(46) Minor Collection (Allocation Rate)
[1.773s][info][gc,phases] GC(46) y: Young Generation
[1.774s][info][gc,phases] GC(46) y: Pause Mark Start 0.006ms
[1.784s][info][gc,phases] GC(46) y: Concurrent Mark 10.426ms
[1.784s][info][gc,phases] GC(46) y: Pause Mark End 0.010ms
[1.785s][info][gc,phases] GC(46) y: Concurrent Mark Free 0.001ms
[1.785s][info][gc,phases] GC(46) y: Concurrent Reset Relocation Set 0.007ms
[1.787s][info][gc,phases] GC(46) y: Concurrent Select Relocation Set 1.967ms
[1.787s][info][gc,phases] GC(46) y: Pause Relocate Start 0.008ms
[1.790s][info][gc,phases] GC(46) y: Concurrent Relocate 3.019ms
[1.790s][info][gc,phases] GC(46) y: Young Generation 1240M(61%)->1212M(59%) 0.017s
[1.790s][info][gc       ] GC(46) Minor Collection (Allocation Rate) 1238M(60%)->1216M(59%) 0.017s
[1.792s][info][gc       ] GC(47) Minor Collection (Allocation Rate)
[1.792s][info][gc,phases] GC(47) y: Young Generation
[1.792s][info][gc,phases] GC(47) y: Pause Mark Start 0.007ms
[1.802s][info][gc,phases] GC(47) y: Concurrent Mark 9.752ms
[1.802s][info][gc,phases] GC(47) y: Pause Mark End 0.009ms
[1.802s][info][gc,phases] GC(47) y: Concurrent Mark Free 0.001ms
[1.802s][info][gc,phases] GC(47) y: Concurrent Reset Relocation Set 0.009ms
[1.804s][info][gc,phases] GC(47) y: Concurrent Select Relocation Set 1.915ms
[1.805s][info][gc,phases] GC(47) y: Pause Relocate Start 0.007ms
[1.808s][info][gc,phases] GC(47) y: Concurrent Relocate 2.961ms
[1.808s][info][gc,phases] GC(47) y: Young Generation 1244M(61%)->1206M(59%) 0.016s
[1.808s][info][gc       ] GC(47) Minor Collection (Allocation Rate) 1240M(61%)->1210M(59%) 0.016s
[1.811s][info][gc       ] GC(48) Minor Collection (Allocation Rate)
[1.811s][info][gc,phases] GC(48) y: Young Generation
[1.811s][info][gc,phases] GC(48) y: Pause Mark Start 0.007ms
[1.821s][info][gc,phases] GC(48) y: Concurrent Mark 9.920ms
[1.821s][info][gc,phases] GC(48) y: Pause Mark End 0.009ms
[1.821s][info][gc,phases] GC(48) y: Concurrent Mark Free 0.001ms
[1.822s][info][gc,phases] GC(48) y: Concurrent Reset Relocation Set 0.009ms
[1.823s][info][gc,phases] GC(48) y: Concurrent Select Relocation Set 1.872ms
[1.824s][info][gc,phases] GC(48) y: Pause Relocate Start 0.007ms
[1.827s][info][gc,phases] GC(48) y: Concurrent Relocate 2.913ms
[1.827s][info][gc,phases] GC(48) y: Young Generation 1266M(62%)->1212M(59%) 0.016s
[1.827s][info][gc       ] GC(48) Minor Collection (Allocation Rate) 1262M(62%)->1214M(59%) 0.016s
[1.832s][info][gc       ] GC(49) Minor Collection (Allocation Rate)
[1.832s][info][gc,phases] GC(49) y: Young Generation
[1.832s][info][gc,phases] GC(49) y: Pause Mark Start 0.010ms
[1.842s][info][gc,phases] GC(49) y: Concurrent Mark 9.946ms
[1.842s][info][gc,phases] GC(49) y: Pause Mark End 0.009ms
[1.843s][info][gc,phases] GC(49) y: Concurrent Mark Free 0.001ms
[1.843s][info][gc,phases] GC(49) y: Concurrent Reset Relocation Set 0.008ms
[1.845s][info][gc,phases] GC(49) y: Concurrent Select Relocation Set 1.944ms
[1.845s][info][gc,phases] GC(49) y: Pause Relocate Start 0.007ms
[1.848s][info][gc,phases] GC(49) y: Concurrent Relocate 3.373ms
[1.848s][info][gc,phases] GC(49) y: Young Generation 1300M(63%)->1230M(60%) 0.017s
[1.848s][info][gc       ] GC(49) Minor Collection (Allocation Rate) 1300M(63%)->1234M(60%) 0.017s
[1.855s][info][gc       ] GC(50) Minor Collection (Allocation Rate)
[1.855s][info][gc,phases] GC(50) y: Young Generation
[1.856s][info][gc,phases] GC(50) y: Pause Mark Start 0.007ms
[1.866s][info][gc,phases] GC(50) y: Concurrent Mark 10.302ms
[1.866s][info][gc,phases] GC(50) y: Pause Mark End 0.012ms
[1.866s][info][gc,phases] GC(50) y: Concurrent Mark Free 0.001ms
[1.866s][info][gc,phases] GC(50) y: Concurrent Reset Relocation Set 0.008ms
[1.868s][info][gc,phases] GC(50) y: Concurrent Select Relocation Set 1.744ms
[1.868s][info][gc,phases] GC(50) y: Pause Relocate Start 0.006ms
[1.872s][info][gc,phases] GC(50) y: Concurrent Relocate 3.724ms
[1.872s][info][gc,phases] GC(50) y: Young Generation 1362M(67%)->1248M(61%) 0.017s
[1.873s][info][gc       ] GC(50) Minor Collection (Allocation Rate) 1358M(66%)->1252M(61%) 0.017s
[1.878s][info][gc       ] GC(51) Minor Collection (Allocation Rate)
[1.878s][info][gc,phases] GC(51) y: Young Generation
[1.878s][info][gc,phases] GC(51) y: Pause Mark Start 0.007ms
[1.888s][info][gc,phases] GC(51) y: Concurrent Mark 9.984ms
[1.888s][info][gc,phases] GC(51) y: Pause Mark End 0.011ms
[1.889s][info][gc,phases] GC(51) y: Concurrent Mark Free 0.001ms
[1.889s][info][gc,phases] GC(51) y: Concurrent Reset Relocation Set 0.006ms
[1.891s][info][gc,phases] GC(51) y: Concurrent Select Relocation Set 2.044ms
[1.891s][info][gc,phases] GC(51) y: Pause Relocate Start 0.011ms
[1.895s][info][gc,phases] GC(51) y: Concurrent Relocate 3.845ms
[1.895s][info][gc,phases] GC(51) y: Young Generation 1350M(66%)->1254M(61%) 0.017s
[1.895s][info][gc       ] GC(51) Minor Collection (Allocation Rate) 1346M(66%)->1258M(61%) 0.018s
[1.899s][info][gc       ] GC(52) Minor Collection (Allocation Rate)
[1.900s][info][gc,phases] GC(52) y: Young Generation
[1.900s][info][gc,phases] GC(52) y: Pause Mark Start 0.007ms
[1.910s][info][gc,phases] GC(52) y: Concurrent Mark 10.402ms
[1.911s][info][gc,phases] GC(52) y: Pause Mark End 0.010ms
[1.911s][info][gc,phases] GC(52) y: Concurrent Mark Free 0.001ms
[1.911s][info][gc,phases] GC(52) y: Concurrent Reset Relocation Set 0.010ms
[1.913s][info][gc,phases] GC(52) y: Concurrent Select Relocation Set 1.937ms
[1.913s][info][gc,phases] GC(52) y: Pause Relocate Start 0.009ms
[1.917s][info][gc,phases] GC(52) y: Concurrent Relocate 3.522ms
[1.917s][info][gc,phases] GC(52) y: Young Generation 1342M(66%)->1266M(62%) 0.017s
[1.917s][info][gc       ] GC(52) Minor Collection (Allocation Rate) 1336M(65%)->1270M(62%) 0.018s
[1.922s][info][gc       ] GC(53) Minor Collection (Allocation Rate)
[1.922s][info][gc,phases] GC(53) y: Young Generation
[1.922s][info][gc,phases] GC(53) y: Pause Mark Start 0.010ms
[1.933s][info][gc,phases] GC(53) y: Concurrent Mark 10.422ms
[1.933s][info][gc,phases] GC(53) y: Pause Mark End 0.009ms
[1.933s][info][gc,phases] GC(53) y: Concurrent Mark Free 0.001ms
[1.933s][info][gc,phases] GC(53) y: Concurrent Reset Relocation Set 0.010ms
[1.935s][info][gc,phases] GC(53) y: Concurrent Select Relocation Set 1.932ms
[1.935s][info][gc,phases] GC(53) y: Pause Relocate Start 0.007ms
[1.939s][info][gc,phases] GC(53) y: Concurrent Relocate 3.687ms
[1.939s][info][gc,phases] GC(53) y: Young Generation 1364M(67%)->1274M(62%) 0.018s
[1.939s][info][gc       ] GC(53) Minor Collection (Allocation Rate) 1360M(66%)->1280M(62%) 0.018s
[1.943s][info][gc       ] GC(54) Minor Collection (Allocation Rate)
[1.943s][info][gc,phases] GC(54) y: Young Generation
[1.943s][info][gc,phases] GC(54) y: Pause Mark Start 0.007ms
[1.953s][info][gc,phases] GC(54) y: Concurrent Mark 10.113ms
[1.954s][info][gc,phases] GC(54) y: Pause Mark End 0.012ms
[1.954s][info][gc,phases] GC(54) y: Concurrent Mark Free 0.001ms
[1.954s][info][gc,phases] GC(54) y: Concurrent Reset Relocation Set 0.009ms
[1.956s][info][gc,phases] GC(54) y: Concurrent Select Relocation Set 1.960ms
[1.956s][info][gc,phases] GC(54) y: Pause Relocate Start 0.009ms
[1.960s][info][gc,phases] GC(54) y: Concurrent Relocate 3.432ms
[1.960s][info][gc,phases] GC(54) y: Young Generation 1342M(66%)->1272M(62%) 0.017s
[1.960s][info][gc       ] GC(54) Minor Collection (Allocation Rate) 1338M(65%)->1276M(62%) 0.017s
[1.963s][info][gc       ] GC(55) Minor Collection (Allocation Rate)
[1.963s][info][gc,phases] GC(55) y: Young Generation
[1.964s][info][gc,phases] GC(55) y: Pause Mark Start 0.007ms
[1.974s][info][gc,phases] GC(55) y: Concurrent Mark 10.269ms
[1.974s][info][gc,phases] GC(55) y: Pause Mark End 0.009ms
[1.975s][info][gc,phases] GC(55) y: Concurrent Mark Free 0.001ms
[1.975s][info][gc,phases] GC(55) y: Concurrent Reset Relocation Set 0.009ms
[1.977s][info][gc,phases] GC(55) y: Concurrent Select Relocation Set 2.000ms
[1.977s][info][gc,phases] GC(55) y: Pause Relocate Start 0.009ms
[1.981s][info][gc,phases] GC(55) y: Concurrent Relocate 3.487ms
[1.981s][info][gc,phases] GC(55) y: Young Generation 1346M(66%)->1278M(62%) 0.017s
[1.981s][info][gc       ] GC(55) Minor Collection (Allocation Rate) 1342M(66%)->1284M(63%) 0.017s
[1.984s][info][gc       ] GC(56) Minor Collection (Allocation Rate)
[1.984s][info][gc,phases] GC(56) y: Young Generation
[1.985s][info][gc,phases] GC(56) y: Pause Mark Start 0.007ms
[1.995s][info][gc,phases] GC(56) y: Concurrent Mark 10.105ms
[1.995s][info][gc,phases] GC(56) y: Pause Mark End 0.009ms
[1.995s][info][gc,phases] GC(56) y: Concurrent Mark Free 0.001ms
[1.995s][info][gc,phases] GC(56) y: Concurrent Reset Relocation Set 0.009ms
[1.997s][info][gc,phases] GC(56) y: Concurrent Select Relocation Set 1.827ms
[1.998s][info][gc,phases] GC(56) y: Pause Relocate Start 0.008ms
[2.001s][info][gc,phases] GC(56) y: Concurrent Relocate 3.454ms
[2.001s][info][gc,phases] GC(56) y: Young Generation 1352M(66%)->1280M(62%) 0.017s
[2.001s][info][gc       ] GC(56) Minor Collection (Allocation Rate) 1348M(66%)->1284M(63%) 0.017s
[2.005s][info][gc       ] GC(57) Minor Collection (Allocation Rate)
[2.005s][info][gc,phases] GC(57) y: Young Generation
[2.006s][info][gc,phases] GC(57) y: Pause Mark Start 0.007ms
[2.016s][info][gc,phases] GC(57) y: Concurrent Mark 10.227ms
[2.016s][info][gc,phases] GC(57) y: Pause Mark End 0.010ms
[2.017s][info][gc,phases] GC(57) y: Concurrent Mark Free 0.000ms
[2.017s][info][gc,phases] GC(57) y: Concurrent Reset Relocation Set 0.008ms
[2.019s][info][gc,phases] GC(57) y: Concurrent Select Relocation Set 1.925ms
[2.019s][info][gc,phases] GC(57) y: Pause Relocate Start 0.010ms
[2.022s][info][gc,phases] GC(57) y: Concurrent Relocate 3.424ms
[2.023s][info][gc,phases] GC(57) y: Young Generation 1360M(66%)->1290M(63%) 0.017s
[2.023s][info][gc       ] GC(57) Minor Collection (Allocation Rate) 1356M(66%)->1294M(63%) 0.017s
[2.026s][info][gc       ] GC(58) Minor Collection (Allocation Rate)
[2.026s][info][gc,phases] GC(58) y: Young Generation
[2.027s][info][gc,phases] GC(58) y: Pause Mark Start 0.008ms
[2.037s][info][gc,phases] GC(58) y: Concurrent Mark 10.124ms
[2.037s][info][gc,phases] GC(58) y: Pause Mark End 0.009ms
[2.037s][info][gc,phases] GC(58) y: Concurrent Mark Free 0.000ms
[2.037s][info][gc,phases] GC(58) y: Concurrent Reset Relocation Set 0.009ms
[2.039s][info][gc,phases] GC(58) y: Concurrent Select Relocation Set 1.947ms
[2.040s][info][gc,phases] GC(58) y: Pause Relocate Start 0.008ms
[2.043s][info][gc,phases] GC(58) y: Concurrent Relocate 3.342ms
[2.043s][info][gc,phases] GC(58) y: Young Generation 1366M(67%)->1294M(63%) 0.017s
[2.043s][info][gc       ] GC(58) Minor Collection (Allocation Rate) 1362M(67%)->1298M(63%) 0.017s
[2.047s][info][gc       ] GC(59) Minor Collection (Allocation Rate)
[2.047s][info][gc,phases] GC(59) y: Young Generation
[2.047s][info][gc,phases] GC(59) y: Pause Mark Start 0.007ms
[2.058s][info][gc,phases] GC(59) y: Concurrent Mark 10.072ms
[2.058s][info][gc,phases] GC(59) y: Pause Mark End 0.010ms
[2.058s][info][gc,phases] GC(59) y: Concurrent Mark Free 0.001ms
[2.058s][info][gc,phases] GC(59) y: Concurrent Reset Relocation Set 0.009ms
[2.060s][info][gc,phases] GC(59) y: Concurrent Select Relocation Set 1.954ms
[2.060s][info][gc,phases] GC(59) y: Pause Relocate Start 0.008ms
[2.064s][info][gc,phases] GC(59) y: Concurrent Relocate 3.214ms
[2.064s][info][gc,phases] GC(59) y: Young Generation 1374M(67%)->1296M(63%) 0.017s
[2.064s][info][gc       ] GC(59) Minor Collection (Allocation Rate) 1370M(67%)->1300M(63%) 0.017s
[2.069s][info][gc       ] GC(60) Minor Collection (Allocation Rate)
[2.069s][info][gc,phases] GC(60) y: Young Generation
[2.069s][info][gc,phases] GC(60) y: Pause Mark Start 0.010ms
[2.079s][info][gc,phases] GC(60) y: Concurrent Mark 10.238ms
[2.080s][info][gc,phases] GC(60) y: Pause Mark End 0.009ms
[2.080s][info][gc,phases] GC(60) y: Concurrent Mark Free 0.001ms
[2.080s][info][gc,phases] GC(60) y: Concurrent Reset Relocation Set 0.008ms
[2.082s][info][gc,phases] GC(60) y: Concurrent Select Relocation Set 1.816ms
[2.082s][info][gc,phases] GC(60) y: Pause Relocate Start 0.008ms
[2.086s][info][gc,phases] GC(60) y: Concurrent Relocate 3.485ms
[2.086s][info][gc,phases] GC(60) y: Young Generation 1390M(68%)->1314M(64%) 0.017s
[2.086s][info][gc       ] GC(60) Minor Collection (Allocation Rate) 1390M(68%)->1318M(64%) 0.017s
[2.089s][info][gc       ] GC(61) Minor Collection (Allocation Rate)
[2.089s][info][gc,phases] GC(61) y: Young Generation
[2.089s][info][gc,phases] GC(61) y: Pause Mark Start 0.010ms
[2.099s][info][gc,phases] GC(61) y: Concurrent Mark 10.020ms
[2.100s][info][gc,phases] GC(61) y: Pause Mark End 0.010ms
[2.100s][info][gc,phases] GC(61) y: Concurrent Mark Free 0.001ms
[2.100s][info][gc,phases] GC(61) y: Concurrent Reset Relocation Set 0.010ms
[2.102s][info][gc,phases] GC(61) y: Concurrent Select Relocation Set 1.905ms
[2.102s][info][gc,phases] GC(61) y: Pause Relocate Start 0.011ms
[2.105s][info][gc,phases] GC(61) y: Concurrent Relocate 3.247ms
[2.106s][info][gc,phases] GC(61) y: Young Generation 1374M(67%)->1308M(64%) 0.017s
[2.106s][info][gc       ] GC(61) Minor Collection (Allocation Rate) 1370M(67%)->1312M(64%) 0.017s
[2.110s][info][gc       ] GC(62) Major Collection (Allocation Rate)
[2.110s][info][gc,phases] GC(62) Y: Young Generation
[2.110s][info][gc,phases] GC(62) Y: Pause Mark Start (Major) 0.012ms
[2.118s][info][gc,phases] GC(62) Y: Concurrent Mark 7.626ms
[2.118s][info][gc,phases] GC(62) Y: Pause Mark End 0.009ms
[2.118s][info][gc,phases] GC(62) Y: Concurrent Mark Free 0.001ms
[2.118s][info][gc,phases] GC(62) Y: Concurrent Reset Relocation Set 0.010ms
[2.120s][info][gc,phases] GC(62) Y: Concurrent Select Relocation Set 1.748ms
[2.120s][info][gc,phases] GC(62) Y: Pause Relocate Start 0.008ms
[2.124s][info][gc,phases] GC(62) Y: Concurrent Relocate 3.221ms
[2.124s][info][gc,phases] GC(62) Y: Young Generation 1390M(68%)->1276M(62%) 0.014s
[2.124s][info][gc,phases] GC(62) O: Old Generation
[2.125s][info][gc       ] GC(63) Minor Collection (Allocation Rate)
[2.126s][info][gc,phases] GC(63) y: Young Generation
[2.126s][info][gc,phases] GC(63) y: Pause Mark Start 0.012ms
[2.133s][info][gc,phases] GC(63) y: Concurrent Mark 7.371ms
[2.134s][info][gc,phases] GC(63) y: Pause Mark End 0.010ms
[2.134s][info][gc,phases] GC(63) y: Concurrent Mark Free 0.001ms
[2.134s][info][gc,phases] GC(63) y: Concurrent Reset Relocation Set 0.006ms
[2.136s][info][gc,phases] GC(63) y: Concurrent Select Relocation Set 1.833ms
[2.136s][info][gc,phases] GC(63) y: Pause Relocate Start 0.009ms
[2.139s][info][gc,phases] GC(63) y: Concurrent Relocate 2.754ms
[2.139s][info][gc,phases] GC(63) y: Young Generation 1310M(64%)->1270M(62%) 0.014s
[2.139s][info][gc       ] GC(63) Minor Collection (Allocation Rate) 1308M(64%)->1272M(62%) 0.014s
[2.145s][info][gc       ] GC(64) Minor Collection (Allocation Rate)
[2.145s][info][gc,phases] GC(64) y: Young Generation
[2.146s][info][gc,phases] GC(64) y: Pause Mark Start 0.007ms
[2.153s][info][gc,phases] GC(64) y: Concurrent Mark 7.315ms
[2.153s][info][gc,phases] GC(64) y: Pause Mark End 0.010ms
[2.154s][info][gc,phases] GC(64) y: Concurrent Mark Free 0.000ms
[2.154s][info][gc,phases] GC(64) y: Concurrent Reset Relocation Set 0.013ms
[2.155s][info][gc,phases] GC(64) y: Concurrent Select Relocation Set 1.705ms
[2.156s][info][gc,phases] GC(64) y: Pause Relocate Start 0.007ms
[2.159s][info][gc,phases] GC(64) y: Concurrent Relocate 3.111ms
[2.159s][info][gc,phases] GC(64) y: Young Generation 1388M(68%)->1280M(62%) 0.014s
[2.159s][info][gc       ] GC(64) Minor Collection (Allocation Rate) 1386M(68%)->1284M(63%) 0.014s
[2.168s][info][gc       ] GC(65) Minor Collection (Allocation Rate)
[2.168s][info][gc,phases] GC(65) y: Young Generation
[2.168s][info][gc,phases] GC(65) y: Pause Mark Start 0.007ms
[2.175s][info][gc,phases] GC(65) y: Concurrent Mark 7.380ms
[2.176s][info][gc,phases] GC(65) y: Pause Mark End 0.010ms
[2.176s][info][gc,phases] GC(65) y: Concurrent Mark Free 0.000ms
[2.176s][info][gc,phases] GC(65) y: Concurrent Reset Relocation Set 0.008ms
[2.177s][info][gc,phases] GC(65) y: Concurrent Select Relocation Set 1.557ms
[2.178s][info][gc,phases] GC(65) y: Pause Relocate Start 0.006ms
[2.181s][info][gc,phases] GC(65) y: Concurrent Relocate 3.367ms
[2.181s][info][gc,phases] GC(65) y: Young Generation 1440M(70%)->1288M(63%) 0.013s
[2.181s][info][gc       ] GC(65) Minor Collection (Allocation Rate) 1438M(70%)->1292M(63%) 0.014s
[2.190s][info][gc       ] GC(66) Minor Collection (Allocation Rate)
[2.190s][info][gc,phases] GC(66) y: Young Generation
[2.190s][info][gc,phases] GC(66) y: Pause Mark Start 0.009ms
[2.198s][info][gc,phases] GC(66) y: Concurrent Mark 7.987ms
[2.199s][info][gc,phases] GC(66) y: Pause Mark End 0.009ms
[2.199s][info][gc,phases] GC(66) y: Concurrent Mark Free 0.001ms
[2.199s][info][gc,phases] GC(66) y: Concurrent Reset Relocation Set 0.007ms
[2.201s][info][gc,phases] GC(66) y: Concurrent Select Relocation Set 1.683ms
[2.201s][info][gc,phases] GC(66) y: Pause Relocate Start 0.008ms
[2.205s][info][gc,phases] GC(66) y: Concurrent Relocate 3.544ms
[2.205s][info][gc,phases] GC(66) y: Young Generation 1454M(71%)->1320M(64%) 0.015s
[2.205s][info][gc       ] GC(66) Minor Collection (Allocation Rate) 1452M(71%)->1324M(65%) 0.015s
[2.209s][info][gc       ] GC(67) Minor Collection (Allocation Rate)
[2.210s][info][gc,phases] GC(67) y: Young Generation
[2.210s][info][gc,phases] GC(67) y: Pause Mark Start 0.009ms
[2.218s][info][gc,phases] GC(67) y: Concurrent Mark 8.211ms
[2.218s][info][gc,phases] GC(67) y: Pause Mark End 0.012ms
[2.219s][info][gc,phases] GC(67) y: Concurrent Mark Free 0.000ms
[2.219s][info][gc,phases] GC(67) y: Concurrent Reset Relocation Set 0.011ms
[2.220s][info][gc,phases] GC(67) y: Concurrent Select Relocation Set 1.696ms
[2.221s][info][gc,phases] GC(67) y: Pause Relocate Start 0.007ms
[2.224s][info][gc,phases] GC(67) y: Concurrent Relocate 3.091ms
[2.224s][info][gc,phases] GC(67) y: Young Generation 1412M(69%)->1320M(64%) 0.014s
[2.224s][info][gc       ] GC(67) Minor Collection (Allocation Rate) 1408M(69%)->1324M(65%) 0.015s
[2.230s][info][gc       ] GC(68) Minor Collection (Allocation Rate)
[2.230s][info][gc,phases] GC(68) y: Young Generation
[2.230s][info][gc,phases] GC(68) y: Pause Mark Start 0.010ms
[2.238s][info][gc,phases] GC(68) y: Concurrent Mark 7.956ms
[2.239s][info][gc,phases] GC(68) y: Pause Mark End 0.010ms
[2.239s][info][gc,phases] GC(68) y: Concurrent Mark Free 0.000ms
[2.239s][info][gc,phases] GC(68) y: Concurrent Reset Relocation Set 0.008ms
[2.241s][info][gc,phases] GC(68) y: Concurrent Select Relocation Set 1.879ms
[2.241s][info][gc,phases] GC(68) y: Pause Relocate Start 0.008ms
[2.242s][info][gc,phases] GC(62) O: Concurrent Mark 118.145ms
[2.242s][info][gc,phases] GC(62) O: Pause Mark End 0.011ms
[2.243s][info][gc,phases] GC(62) O: Concurrent Mark Free 0.001ms
[2.245s][info][gc,phases] GC(68) y: Concurrent Relocate 3.805ms
[2.245s][info][gc,phases] GC(68) y: Young Generation 1438M(70%)->1332M(65%) 0.015s
[2.245s][info][gc       ] GC(68) Minor Collection (Allocation Rate) 1434M(70%)->1340M(65%) 0.015s
[2.247s][info][gc,phases] GC(62) O: Concurrent Process Non-Strong 3.860ms
[2.247s][info][gc,phases] GC(62) O: Concurrent Reset Relocation Set 0.018ms
[2.248s][info][gc,phases] GC(62) O: Concurrent Select Relocation Set 1.779ms
[2.269s][info][gc,phases] GC(62) O: Concurrent Remap Roots 20.479ms
[2.269s][info][gc,phases] GC(62) O: Pause Relocate Start 0.009ms
[2.269s][info][gc       ] GC(69) Minor Collection (Allocation Rate)
[2.270s][info][gc,phases] GC(69) y: Young Generation
[2.270s][info][gc,phases] GC(69) y: Pause Mark Start 0.007ms
[2.282s][info][gc,phases] GC(69) y: Concurrent Mark 12.481ms
[2.283s][info][gc,phases] GC(69) y: Pause Mark End 0.012ms
[2.283s][info][gc,phases] GC(69) y: Concurrent Mark Free 0.000ms
[2.283s][info][gc,phases] GC(69) y: Concurrent Reset Relocation Set 0.012ms
[2.285s][info][gc,phases] GC(69) y: Concurrent Select Relocation Set 1.585ms
[2.285s][info][gc,phases] GC(69) y: Pause Relocate Start 0.008ms
[2.291s][info][gc,phases] GC(69) y: Concurrent Relocate 6.126ms
[2.291s][info][gc,phases] GC(69) y: Young Generation 1766M(86%)->1302M(64%) 0.022s
[2.291s][info][gc       ] GC(69) Minor Collection (Allocation Rate) 1772M(87%)->1304M(64%) 0.022s
[2.291s][info][gc       ] GC(70) Minor Collection (Allocation Rate)
[2.291s][info][gc,phases] GC(70) y: Young Generation
[2.292s][info][gc,phases] GC(70) y: Pause Mark Start 0.009ms
[2.303s][info][gc,phases] GC(70) y: Concurrent Mark 11.307ms
[2.303s][info][gc,phases] GC(70) y: Pause Mark End 0.009ms
[2.303s][info][gc,phases] GC(70) y: Concurrent Mark Free 0.000ms
[2.304s][info][gc,phases] GC(70) y: Concurrent Reset Relocation Set 0.012ms
[2.305s][info][gc,phases] GC(70) y: Concurrent Select Relocation Set 1.849ms
[2.306s][info][gc,phases] GC(70) y: Pause Relocate Start 0.008ms
[2.309s][info][gc,phases] GC(70) y: Concurrent Relocate 3.130ms
[2.309s][info][gc,phases] GC(70) y: Young Generation 1306M(64%)->1234M(60%) 0.018s
[2.309s][info][gc       ] GC(70) Minor Collection (Allocation Rate) 1306M(64%)->1236M(60%) 0.018s
[2.309s][info][gc       ] GC(71) Minor Collection (Allocation Rate)
[2.309s][info][gc,phases] GC(71) y: Young Generation
[2.310s][info][gc,phases] GC(71) y: Pause Mark Start 0.006ms
[2.318s][info][gc,phases] GC(62) O: Concurrent Relocate 48.882ms
[2.320s][info][gc,phases] GC(71) y: Concurrent Mark 10.501ms
[2.320s][info][gc,phases] GC(71) y: Pause Mark End 0.009ms
[2.321s][info][gc,phases] GC(71) y: Concurrent Mark Free 0.000ms
[2.321s][info][gc,phases] GC(71) y: Concurrent Reset Relocation Set 0.011ms
[2.323s][info][gc,phases] GC(71) y: Concurrent Select Relocation Set 2.155ms
[2.323s][info][gc,phases] GC(71) y: Pause Relocate Start 0.007ms
[2.326s][info][gc,phases] GC(71) y: Concurrent Relocate 3.041ms
[2.326s][info][gc,phases] GC(71) y: Young Generation 1238M(60%)->1210M(59%) 0.017s
[2.326s][info][gc       ] GC(71) Minor Collection (Allocation Rate) 1240M(61%)->1212M(59%) 0.017s
[2.326s][info][gc,phases] GC(62) O: Old Generation 1282M(63%)->1364M(67%) 0.202s
[2.326s][info][gc       ] GC(62) Major Collection (Allocation Rate) 1386M(68%)->1214M(59%) 0.217s
[2.327s][info][gc       ] GC(72) Minor Collection (Allocation Rate)
[2.327s][info][gc,phases] GC(72) y: Young Generation
[2.327s][info][gc,phases] GC(72) y: Pause Mark Start 0.007ms
[2.337s][info][gc,phases] GC(72) y: Concurrent Mark 9.123ms
[2.337s][info][gc,phases] GC(72) y: Pause Mark End 0.009ms
[2.337s][info][gc,phases] GC(72) y: Concurrent Mark Free 0.001ms
[2.337s][info][gc,phases] GC(72) y: Concurrent Reset Relocation Set 0.011ms
[2.339s][info][gc,phases] GC(72) y: Concurrent Select Relocation Set 1.712ms
[2.339s][info][gc,phases] GC(72) y: Pause Relocate Start 0.006ms
[2.342s][info][gc,phases] GC(72) y: Concurrent Relocate 2.654ms
[2.342s][info][gc,phases] GC(72) y: Young Generation 1230M(60%)->1184M(58%) 0.015s
[2.342s][info][gc       ] GC(72) Minor Collection (Allocation Rate) 1226M(60%)->1190M(58%) 0.015s
[2.345s][info][gc       ] GC(73) Minor Collection (Allocation Rate)
[2.345s][info][gc,phases] GC(73) y: Young Generation
[2.346s][info][gc,phases] GC(73) y: Pause Mark Start 0.007ms
[2.355s][info][gc,phases] GC(73) y: Concurrent Mark 9.380ms
[2.355s][info][gc,phases] GC(73) y: Pause Mark End 0.009ms
[2.355s][info][gc,phases] GC(73) y: Concurrent Mark Free 0.001ms
[2.356s][info][gc,phases] GC(73) y: Concurrent Reset Relocation Set 0.006ms
[2.357s][info][gc,phases] GC(73) y: Concurrent Select Relocation Set 1.867ms
[2.358s][info][gc,phases] GC(73) y: Pause Relocate Start 0.008ms
[2.361s][info][gc,phases] GC(73) y: Concurrent Relocate 2.813ms
[2.361s][info][gc,phases] GC(73) y: Young Generation 1250M(61%)->1204M(59%) 0.016s
[2.361s][info][gc       ] GC(73) Minor Collection (Allocation Rate) 1246M(61%)->1208M(59%) 0.016s
[2.369s][info][gc       ] GC(74) Minor Collection (Allocation Rate)
[2.369s][info][gc,phases] GC(74) y: Young Generation
[2.369s][info][gc,phases] GC(74) y: Pause Mark Start 0.007ms
[2.379s][info][gc,phases] GC(74) y: Concurrent Mark 10.141ms
[2.380s][info][gc,phases] GC(74) y: Pause Mark End 0.009ms
[2.380s][info][gc,phases] GC(74) y: Concurrent Mark Free 0.000ms
[2.380s][info][gc,phases] GC(74) y: Concurrent Reset Relocation Set 0.007ms
[2.382s][info][gc,phases] GC(74) y: Concurrent Select Relocation Set 1.776ms
[2.382s][info][gc,phases] GC(74) y: Pause Relocate Start 0.006ms
[2.386s][info][gc,phases] GC(74) y: Concurrent Relocate 3.727ms
[2.386s][info][gc,phases] GC(74) y: Young Generation 1352M(66%)->1238M(60%) 0.017s
[2.386s][info][gc       ] GC(74) Minor Collection (Allocation Rate) 1348M(66%)->1244M(61%) 0.017s
[2.390s][info][gc       ] GC(75) Minor Collection (Allocation Rate)
[2.390s][info][gc,phases] GC(75) y: Young Generation
[2.390s][info][gc,phases] GC(75) y: Pause Mark Start 0.007ms
[2.400s][info][gc,phases] GC(75) y: Concurrent Mark 9.895ms
[2.400s][info][gc,phases] GC(75) y: Pause Mark End 0.011ms
[2.400s][info][gc,phases] GC(75) y: Concurrent Mark Free 0.001ms
[2.400s][info][gc,phases] GC(75) y: Concurrent Reset Relocation Set 0.006ms
[2.403s][info][gc,phases] GC(75) y: Concurrent Select Relocation Set 2.002ms
[2.403s][info][gc,phases] GC(75) y: Pause Relocate Start 0.008ms
[2.406s][info][gc,phases] GC(75) y: Concurrent Relocate 3.496ms
[2.407s][info][gc,phases] GC(75) y: Young Generation 1312M(64%)->1236M(60%) 0.017s
[2.407s][info][gc       ] GC(75) Minor Collection (Allocation Rate) 1308M(64%)->1240M(61%) 0.017s
[2.410s][info][gc       ] GC(76) Minor Collection (Allocation Rate)
[2.411s][info][gc,phases] GC(76) y: Young Generation
[2.411s][info][gc,phases] GC(76) y: Pause Mark Start 0.007ms
[2.420s][info][gc,phases] GC(76) y: Concurrent Mark 9.448ms
[2.421s][info][gc,phases] GC(76) y: Pause Mark End 0.009ms
[2.421s][info][gc,phases] GC(76) y: Concurrent Mark Free 0.001ms
[2.421s][info][gc,phases] GC(76) y: Concurrent Reset Relocation Set 0.009ms
[2.423s][info][gc,phases] GC(76) y: Concurrent Select Relocation Set 1.938ms
[2.423s][info][gc,phases] GC(76) y: Pause Relocate Start 0.008ms
[2.427s][info][gc,phases] GC(76) y: Concurrent Relocate 3.405ms
[2.427s][info][gc,phases] GC(76) y: Young Generation 1316M(64%)->1230M(60%) 0.016s
[2.427s][info][gc       ] GC(76) Minor Collection (Allocation Rate) 1312M(64%)->1234M(60%) 0.016s
[2.432s][info][gc       ] GC(77) Minor Collection (Allocation Rate)
[2.432s][info][gc,phases] GC(77) y: Young Generation
[2.433s][info][gc,phases] GC(77) y: Pause Mark Start 0.007ms
[2.443s][info][gc,phases] GC(77) y: Concurrent Mark 9.896ms
[2.443s][info][gc,phases] GC(77) y: Pause Mark End 0.011ms
[2.443s][info][gc,phases] GC(77) y: Concurrent Mark Free 0.001ms
[2.443s][info][gc,phases] GC(77) y: Concurrent Reset Relocation Set 0.008ms
[2.445s][info][gc,phases] GC(77) y: Concurrent Select Relocation Set 1.931ms
[2.445s][info][gc,phases] GC(77) y: Pause Relocate Start 0.008ms
[2.449s][info][gc,phases] GC(77) y: Concurrent Relocate 3.446ms
[2.449s][info][gc,phases] GC(77) y: Young Generation 1338M(65%)->1246M(61%) 0.017s
[2.449s][info][gc       ] GC(77) Minor Collection (Allocation Rate) 1334M(65%)->1254M(61%) 0.017s
[2.454s][info][gc       ] GC(78) Minor Collection (Allocation Rate)
[2.454s][info][gc,phases] GC(78) y: Young Generation
[2.454s][info][gc,phases] GC(78) y: Pause Mark Start 0.007ms
[2.465s][info][gc,phases] GC(78) y: Concurrent Mark 10.190ms
[2.465s][info][gc,phases] GC(78) y: Pause Mark End 0.009ms
[2.465s][info][gc,phases] GC(78) y: Concurrent Mark Free 0.001ms
[2.465s][info][gc,phases] GC(78) y: Concurrent Reset Relocation Set 0.010ms
[2.467s][info][gc,phases] GC(78) y: Concurrent Select Relocation Set 1.973ms
[2.467s][info][gc,phases] GC(78) y: Pause Relocate Start 0.011ms
[2.471s][info][gc,phases] GC(78) y: Concurrent Relocate 3.528ms
[2.471s][info][gc,phases] GC(78) y: Young Generation 1346M(66%)->1266M(62%) 0.017s
[2.471s][info][gc       ] GC(78) Minor Collection (Allocation Rate) 1340M(65%)->1270M(62%) 0.017s
[2.475s][info][gc       ] GC(79) Minor Collection (Allocation Rate)
[2.475s][info][gc,phases] GC(79) y: Young Generation
[2.476s][info][gc,phases] GC(79) y: Pause Mark Start 0.011ms
[2.489s][info][gc,phases] GC(79) y: Concurrent Mark 12.901ms
[2.489s][info][gc,phases] GC(79) y: Pause Mark End 0.010ms
[2.489s][info][gc,phases] GC(79) y: Concurrent Mark Free 0.001ms
[2.489s][info][gc,phases] GC(79) y: Concurrent Reset Relocation Set 0.009ms
[2.491s][info][gc,phases] GC(79) y: Concurrent Select Relocation Set 1.994ms
[2.492s][info][gc,phases] GC(79) y: Pause Relocate Start 0.008ms
[2.495s][info][gc,phases] GC(79) y: Concurrent Relocate 3.542ms
[2.495s][info][gc,phases] GC(79) y: Young Generation 1350M(66%)->1326M(65%) 0.020s
[2.496s][info][gc       ] GC(79) Minor Collection (Allocation Rate) 1348M(66%)->1328M(65%) 0.020s
[2.496s][info][gc       ] GC(80) Minor Collection (Allocation Rate)
[2.496s][info][gc,phases] GC(80) y: Young Generation
[2.496s][info][gc,phases] GC(80) y: Pause Mark Start 0.006ms
[2.506s][info][gc,phases] GC(80) y: Concurrent Mark 10.089ms
[2.506s][info][gc,phases] GC(80) y: Pause Mark End 0.009ms
[2.506s][info][gc,phases] GC(80) y: Concurrent Mark Free 0.001ms
[2.506s][info][gc,phases] GC(80) y: Concurrent Reset Relocation Set 0.009ms
[2.508s][info][gc,phases] GC(80) y: Concurrent Select Relocation Set 1.959ms
[2.509s][info][gc,phases] GC(80) y: Pause Relocate Start 0.008ms
[2.512s][info][gc,phases] GC(80) y: Concurrent Relocate 3.271ms
[2.512s][info][gc,phases] GC(80) y: Young Generation 1332M(65%)->1272M(62%) 0.017s
[2.513s][info][gc       ] GC(80) Minor Collection (Allocation Rate) 1330M(65%)->1276M(62%) 0.017s
[2.513s][info][gc       ] GC(81) Minor Collection (Allocation Rate)
[2.513s][info][gc,phases] GC(81) y: Young Generation
[2.513s][info][gc,phases] GC(81) y: Pause Mark Start 0.006ms
[2.523s][info][gc,phases] GC(81) y: Concurrent Mark 9.713ms
[2.523s][info][gc,phases] GC(81) y: Pause Mark End 0.011ms
[2.523s][info][gc,phases] GC(81) y: Concurrent Mark Free 0.001ms
[2.523s][info][gc,phases] GC(81) y: Concurrent Reset Relocation Set 0.008ms
[2.525s][info][gc,phases] GC(81) y: Concurrent Select Relocation Set 1.905ms
[2.525s][info][gc,phases] GC(81) y: Pause Relocate Start 0.013ms
[2.528s][info][gc,phases] GC(81) y: Concurrent Relocate 2.803ms
[2.529s][info][gc,phases] GC(81) y: Young Generation 1280M(62%)->1262M(62%) 0.016s
[2.529s][info][gc       ] GC(81) Minor Collection (Allocation Rate) 1278M(62%)->1266M(62%) 0.016s
[2.529s][info][gc       ] GC(82) Minor Collection (Allocation Rate)
[2.529s][info][gc,phases] GC(82) y: Young Generation
[2.530s][info][gc,phases] GC(82) y: Pause Mark Start 0.006ms
[2.539s][info][gc,phases] GC(82) y: Concurrent Mark 9.084ms
[2.539s][info][gc,phases] GC(82) y: Pause Mark End 0.009ms
[2.539s][info][gc,phases] GC(82) y: Concurrent Mark Free 0.000ms
[2.539s][info][gc,phases] GC(82) y: Concurrent Reset Relocation Set 0.008ms
[2.541s][info][gc,phases] GC(82) y: Concurrent Select Relocation Set 1.881ms
[2.541s][info][gc,phases] GC(82) y: Pause Relocate Start 0.006ms
[2.544s][info][gc,phases] GC(82) y: Concurrent Relocate 2.652ms
[2.544s][info][gc,phases] GC(82) y: Young Generation 1282M(63%)->1248M(61%) 0.015s
[2.544s][info][gc       ] GC(82) Minor Collection (Allocation Rate) 1278M(62%)->1252M(61%) 0.015s
[2.549s][info][gc       ] GC(83) Minor Collection (Allocation Rate)
[2.550s][info][gc,phases] GC(83) y: Young Generation
[2.550s][info][gc,phases] GC(83) y: Pause Mark Start 0.007ms
[2.560s][info][gc,phases] GC(83) y: Concurrent Mark 9.899ms
[2.560s][info][gc,phases] GC(83) y: Pause Mark End 0.009ms
[2.560s][info][gc,phases] GC(83) y: Concurrent Mark Free 0.001ms
[2.560s][info][gc,phases] GC(83) y: Concurrent Reset Relocation Set 0.008ms
[2.562s][info][gc,phases] GC(83) y: Concurrent Select Relocation Set 1.920ms
[2.563s][info][gc,phases] GC(83) y: Pause Relocate Start 0.007ms
[2.566s][info][gc,phases] GC(83) y: Concurrent Relocate 3.154ms
[2.566s][info][gc,phases] GC(83) y: Young Generation 1350M(66%)->1286M(63%) 0.016s
[2.566s][info][gc       ] GC(83) Minor Collection (Allocation Rate) 1344M(66%)->1294M(63%) 0.017s
[2.568s][info][gc       ] GC(84) Minor Collection (Allocation Rate)
[2.568s][info][gc,phases] GC(84) y: Young Generation
[2.569s][info][gc,phases] GC(84) y: Pause Mark Start 0.006ms
[2.579s][info][gc,phases] GC(84) y: Concurrent Mark 10.007ms
[2.579s][info][gc,phases] GC(84) y: Pause Mark End 0.009ms
[2.579s][info][gc,phases] GC(84) y: Concurrent Mark Free 0.001ms
[2.579s][info][gc,phases] GC(84) y: Concurrent Reset Relocation Set 0.009ms
[2.581s][info][gc,phases] GC(84) y: Concurrent Select Relocation Set 1.866ms
[2.582s][info][gc,phases] GC(84) y: Pause Relocate Start 0.007ms
[2.585s][info][gc,phases] GC(84) y: Concurrent Relocate 3.104ms
[2.585s][info][gc,phases] GC(84) y: Young Generation 1338M(65%)->1292M(63%) 0.016s
[2.585s][info][gc       ] GC(84) Minor Collection (Allocation Rate) 1334M(65%)->1296M(63%) 0.017s
[2.589s][info][gc       ] GC(85) Minor Collection (Allocation Rate)
[2.589s][info][gc,phases] GC(85) y: Young Generation
[2.589s][info][gc,phases] GC(85) y: Pause Mark Start 0.007ms
[2.600s][info][gc,phases] GC(85) y: Concurrent Mark 10.180ms
[2.600s][info][gc,phases] GC(85) y: Pause Mark End 0.010ms
[2.600s][info][gc,phases] GC(85) y: Concurrent Mark Free 0.000ms
[2.600s][info][gc,phases] GC(85) y: Concurrent Reset Relocation Set 0.008ms
[2.602s][info][gc,phases] GC(85) y: Concurrent Select Relocation Set 1.834ms
[2.602s][info][gc,phases] GC(85) y: Pause Relocate Start 0.008ms
[2.606s][info][gc,phases] GC(85) y: Concurrent Relocate 3.401ms
[2.606s][info][gc,phases] GC(85) y: Young Generation 1374M(67%)->1302M(64%) 0.017s
[2.606s][info][gc       ] GC(85) Minor Collection (Allocation Rate) 1372M(67%)->1306M(64%) 0.017s
[2.609s][info][gc       ] GC(86) Minor Collection (Allocation Rate)
[2.609s][info][gc,phases] GC(86) y: Young Generation
[2.609s][info][gc,phases] GC(86) y: Pause Mark Start 0.007ms
[2.620s][info][gc,phases] GC(86) y: Concurrent Mark 10.348ms
[2.620s][info][gc,phases] GC(86) y: Pause Mark End 0.011ms
[2.620s][info][gc,phases] GC(86) y: Concurrent Mark Free 0.001ms
[2.620s][info][gc,phases] GC(86) y: Concurrent Reset Relocation Set 0.009ms
[2.622s][info][gc,phases] GC(86) y: Concurrent Select Relocation Set 1.922ms
[2.622s][info][gc,phases] GC(86) y: Pause Relocate Start 0.006ms
[2.626s][info][gc,phases] GC(86) y: Concurrent Relocate 3.238ms
[2.626s][info][gc,phases] GC(86) y: Young Generation 1366M(67%)->1310M(64%) 0.017s
[2.626s][info][gc       ] GC(86) Minor Collection (Allocation Rate) 1362M(67%)->1314M(64%) 0.017s
[2.629s][info][gc       ] GC(87) Minor Collection (Allocation Rate)
[2.629s][info][gc,phases] GC(87) y: Young Generation
[2.629s][info][gc,phases] GC(87) y: Pause Mark Start 0.007ms
[2.640s][info][gc,phases] GC(87) y: Concurrent Mark 10.233ms
[2.640s][info][gc,phases] GC(87) y: Pause Mark End 0.010ms
[2.640s][info][gc,phases] GC(87) y: Concurrent Mark Free 0.001ms
[2.640s][info][gc,phases] GC(87) y: Concurrent Reset Relocation Set 0.008ms
[2.642s][info][gc,phases] GC(87) y: Concurrent Select Relocation Set 1.892ms
[2.642s][info][gc,phases] GC(87) y: Pause Relocate Start 0.010ms
[2.646s][info][gc,phases] GC(87) y: Concurrent Relocate 3.252ms
[2.646s][info][gc,phases] GC(87) y: Young Generation 1372M(67%)->1318M(64%) 0.017s
[2.646s][info][gc       ] GC(87) Minor Collection (Allocation Rate) 1366M(67%)->1322M(65%) 0.017s
[2.649s][info][gc       ] GC(88) Major Collection (Allocation Rate)
[2.649s][info][gc,phases] GC(88) Y: Young Generation
[2.649s][info][gc,phases] GC(88) Y: Pause Mark Start (Major) 0.012ms
[2.657s][info][gc,phases] GC(88) Y: Concurrent Mark 7.598ms
[2.657s][info][gc,phases] GC(88) Y: Pause Mark End 0.009ms
[2.657s][info][gc,phases] GC(88) Y: Concurrent Mark Free 0.001ms
[2.657s][info][gc,phases] GC(88) Y: Concurrent Reset Relocation Set 0.009ms
[2.659s][info][gc,phases] GC(88) Y: Concurrent Select Relocation Set 1.487ms
[2.659s][info][gc,phases] GC(88) Y: Pause Relocate Start 0.008ms
[2.662s][info][gc,phases] GC(88) Y: Concurrent Relocate 3.059ms
[2.662s][info][gc,phases] GC(88) Y: Young Generation 1378M(67%)->1264M(62%) 0.014s
[2.662s][info][gc,phases] GC(88) O: Old Generation
[2.663s][info][gc       ] GC(89) Minor Collection (Allocation Rate)
[2.663s][info][gc,phases] GC(89) y: Young Generation
[2.663s][info][gc,phases] GC(89) y: Pause Mark Start 0.006ms
[2.671s][info][gc,phases] GC(89) y: Concurrent Mark 7.061ms
[2.671s][info][gc,phases] GC(89) y: Pause Mark End 0.009ms
[2.671s][info][gc,phases] GC(89) y: Concurrent Mark Free 0.001ms
[2.671s][info][gc,phases] GC(89) y: Concurrent Reset Relocation Set 0.006ms
[2.673s][info][gc,phases] GC(89) y: Concurrent Select Relocation Set 1.856ms
[2.673s][info][gc,phases] GC(89) y: Pause Relocate Start 0.009ms
[2.676s][info][gc,phases] GC(89) y: Concurrent Relocate 2.411ms
[2.676s][info][gc,phases] GC(89) y: Young Generation 1282M(63%)->1256M(61%) 0.013s
[2.676s][info][gc       ] GC(89) Minor Collection (Allocation Rate) 1280M(62%)->1258M(61%) 0.013s
[2.683s][info][gc       ] GC(90) Minor Collection (Allocation Rate)
[2.683s][info][gc,phases] GC(90) y: Young Generation
[2.683s][info][gc,phases] GC(90) y: Pause Mark Start 0.006ms
[2.690s][info][gc,phases] GC(90) y: Concurrent Mark 7.162ms
[2.691s][info][gc,phases] GC(90) y: Pause Mark End 0.011ms
[2.691s][info][gc,phases] GC(90) y: Concurrent Mark Free 0.000ms
[2.691s][info][gc,phases] GC(90) y: Concurrent Reset Relocation Set 0.010ms
[2.693s][info][gc,phases] GC(90) y: Concurrent Select Relocation Set 1.691ms
[2.693s][info][gc,phases] GC(90) y: Pause Relocate Start 0.009ms
[2.696s][info][gc,phases] GC(90) y: Concurrent Relocate 3.118ms
[2.696s][info][gc,phases] GC(90) y: Young Generation 1390M(68%)->1274M(62%) 0.013s
[2.696s][info][gc       ] GC(90) Minor Collection (Allocation Rate) 1386M(68%)->1278M(62%) 0.014s
[2.705s][info][gc       ] GC(91) Minor Collection (Allocation Rate)
[2.705s][info][gc,phases] GC(91) y: Young Generation
[2.706s][info][gc,phases] GC(91) y: Pause Mark Start 0.007ms
[2.713s][info][gc,phases] GC(91) y: Concurrent Mark 7.224ms
[2.713s][info][gc,phases] GC(91) y: Pause Mark End 0.010ms
[2.713s][info][gc,phases] GC(91) y: Concurrent Mark Free 0.001ms
[2.713s][info][gc,phases] GC(91) y: Concurrent Reset Relocation Set 0.008ms
[2.715s][info][gc,phases] GC(91) y: Concurrent Select Relocation Set 1.527ms
[2.715s][info][gc,phases] GC(91) y: Pause Relocate Start 0.005ms
[2.719s][info][gc,phases] GC(91) y: Concurrent Relocate 3.350ms
[2.719s][info][gc,phases] GC(91) y: Young Generation 1442M(70%)->1284M(63%) 0.013s
[2.719s][info][gc       ] GC(91) Minor Collection (Allocation Rate) 1442M(70%)->1288M(63%) 0.014s
[2.728s][info][gc       ] GC(92) Minor Collection (Allocation Rate)
[2.728s][info][gc,phases] GC(92) y: Young Generation
[2.729s][info][gc,phases] GC(92) y: Pause Mark Start 0.010ms
[2.737s][info][gc,phases] GC(92) y: Concurrent Mark 8.090ms
[2.737s][info][gc,phases] GC(92) y: Pause Mark End 0.012ms
[2.737s][info][gc,phases] GC(92) y: Concurrent Mark Free 0.000ms
[2.737s][info][gc,phases] GC(92) y: Concurrent Reset Relocation Set 0.007ms
[2.739s][info][gc,phases] GC(92) y: Concurrent Select Relocation Set 1.699ms
[2.739s][info][gc,phases] GC(92) y: Pause Relocate Start 0.009ms
[2.743s][info][gc,phases] GC(92) y: Concurrent Relocate 3.590ms
[2.743s][info][gc,phases] GC(92) y: Young Generation 1468M(72%)->1322M(65%) 0.015s
[2.743s][info][gc       ] GC(92) Minor Collection (Allocation Rate) 1464M(71%)->1324M(65%) 0.015s
[2.747s][info][gc       ] GC(93) Minor Collection (Allocation Rate)
[2.747s][info][gc,phases] GC(93) y: Young Generation
[2.747s][info][gc,phases] GC(93) y: Pause Mark Start 0.006ms
[2.756s][info][gc,phases] GC(93) y: Concurrent Mark 8.159ms
[2.756s][info][gc,phases] GC(93) y: Pause Mark End 0.010ms
[2.756s][info][gc,phases] GC(93) y: Concurrent Mark Free 0.000ms
[2.756s][info][gc,phases] GC(93) y: Concurrent Reset Relocation Set 0.008ms
[2.758s][info][gc,phases] GC(93) y: Concurrent Select Relocation Set 1.877ms
[2.758s][info][gc,phases] GC(93) y: Pause Relocate Start 0.011ms
[2.762s][info][gc,phases] GC(93) y: Concurrent Relocate 3.115ms
[2.762s][info][gc,phases] GC(93) y: Young Generation 1400M(68%)->1324M(65%) 0.014s
[2.762s][info][gc       ] GC(93) Minor Collection (Allocation Rate) 1398M(68%)->1328M(65%) 0.015s
[2.766s][info][gc       ] GC(94) Minor Collection (Allocation Rate)
[2.767s][info][gc,phases] GC(94) y: Young Generation
[2.767s][info][gc,phases] GC(94) y: Pause Mark Start 0.007ms
[2.774s][info][gc,phases] GC(94) y: Concurrent Mark 7.181ms
[2.774s][info][gc,phases] GC(94) y: Pause Mark End 0.010ms
[2.774s][info][gc,phases] GC(94) y: Concurrent Mark Free 0.000ms
[2.774s][info][gc,phases] GC(94) y: Concurrent Reset Relocation Set 0.010ms
[2.776s][info][gc,phases] GC(94) y: Concurrent Select Relocation Set 1.691ms
[2.776s][info][gc,phases] GC(94) y: Pause Relocate Start 0.007ms
[2.780s][info][gc,phases] GC(94) y: Concurrent Relocate 3.003ms
[2.780s][info][gc,phases] GC(94) y: Young Generation 1416M(69%)->1306M(64%) 0.013s
[2.780s][info][gc       ] GC(94) Minor Collection (Allocation Rate) 1412M(69%)->1310M(64%) 0.013s
[2.786s][info][gc       ] GC(95) Minor Collection (Allocation Rate)
[2.786s][info][gc,phases] GC(95) y: Young Generation
[2.786s][info][gc,phases] GC(95) y: Pause Mark Start 0.006ms
[2.794s][info][gc,phases] GC(95) y: Concurrent Mark 7.342ms
[2.794s][info][gc,phases] GC(95) y: Pause Mark End 0.009ms
[2.794s][info][gc,phases] GC(95) y: Concurrent Mark Free 0.000ms
[2.794s][info][gc,phases] GC(95) y: Concurrent Reset Relocation Set 0.009ms
[2.796s][info][gc,phases] GC(95) y: Concurrent Select Relocation Set 1.528ms
[2.796s][info][gc,phases] GC(95) y: Pause Relocate Start 0.008ms
[2.799s][info][gc,phases] GC(95) y: Concurrent Relocate 2.991ms
[2.799s][info][gc,phases] GC(95) y: Young Generation 1428M(70%)->1318M(64%) 0.013s
[2.799s][info][gc       ] GC(95) Minor Collection (Allocation Rate) 1424M(70%)->1320M(64%) 0.013s
[2.807s][info][gc       ] GC(96) Minor Collection (Allocation Rate)
[2.807s][info][gc,phases] GC(96) y: Young Generation
[2.807s][info][gc,phases] GC(96) y: Pause Mark Start 0.010ms
[2.809s][info][gc,phases] GC(88) O: Concurrent Mark 146.012ms
[2.809s][info][gc,phases] GC(88) O: Pause Mark End 0.009ms
[2.809s][info][gc,phases] GC(88) O: Concurrent Mark Free 0.000ms
[2.813s][info][gc,phases] GC(88) O: Concurrent Process Non-Strong 3.653ms
[2.813s][info][gc,phases] GC(88) O: Concurrent Reset Relocation Set 0.015ms
[2.815s][info][gc,phases] GC(88) O: Concurrent Select Relocation Set 1.761ms
[2.817s][info][gc,phases] GC(96) y: Concurrent Mark 9.553ms
[2.817s][info][gc,phases] GC(96) y: Pause Mark End 0.014ms
[2.817s][info][gc,phases] GC(96) y: Concurrent Mark Free 0.001ms
[2.817s][info][gc,phases] GC(96) y: Concurrent Reset Relocation Set 0.006ms
[2.819s][info][gc,phases] GC(96) y: Concurrent Select Relocation Set 2.074ms
[2.820s][info][gc,phases] GC(96) y: Pause Relocate Start 0.011ms
[2.823s][info][gc,phases] GC(96) y: Concurrent Relocate 3.589ms
[2.824s][info][gc,phases] GC(96) y: Young Generation 1462M(71%)->1372M(67%) 0.017s
[2.824s][info][gc       ] GC(96) Minor Collection (Allocation Rate) 1462M(71%)->1378M(67%) 0.017s
[2.844s][info][gc,phases] GC(88) O: Concurrent Remap Roots 20.669ms
[2.845s][info][gc,phases] GC(88) O: Pause Relocate Start 0.017ms
[2.845s][info][gc       ] GC(97) Minor Collection (Allocation Rate)
[2.845s][info][gc,phases] GC(97) y: Young Generation
[2.845s][info][gc,phases] GC(97) y: Pause Mark Start 0.004ms
[2.858s][info][gc,phases] GC(97) y: Concurrent Mark 12.735ms
[2.858s][info][gc,phases] GC(97) y: Pause Mark End 0.013ms
[2.858s][info][gc,phases] GC(97) y: Concurrent Mark Free 0.000ms
[2.859s][info][gc,phases] GC(97) y: Concurrent Reset Relocation Set 0.010ms
[2.860s][info][gc,phases] GC(97) y: Concurrent Select Relocation Set 1.571ms
[2.860s][info][gc,phases] GC(97) y: Pause Relocate Start 0.006ms
[2.867s][info][gc,phases] GC(97) y: Concurrent Relocate 5.942ms
[2.867s][info][gc,phases] GC(97) y: Young Generation 1750M(85%)->1334M(65%) 0.022s
[2.867s][info][gc       ] GC(97) Minor Collection (Allocation Rate) 1764M(86%)->1334M(65%) 0.022s
[2.867s][info][gc       ] GC(98) Minor Collection (Allocation Rate)
[2.867s][info][gc,phases] GC(98) y: Young Generation
[2.867s][info][gc,phases] GC(98) y: Pause Mark Start 0.006ms
[2.879s][info][gc,phases] GC(98) y: Concurrent Mark 11.608ms
[2.879s][info][gc,phases] GC(98) y: Pause Mark End 0.010ms
[2.879s][info][gc,phases] GC(98) y: Concurrent Mark Free 0.000ms
[2.879s][info][gc,phases] GC(98) y: Concurrent Reset Relocation Set 0.011ms
[2.880s][info][gc,phases] GC(88) O: Concurrent Relocate 35.264ms
[2.881s][info][gc,phases] GC(98) y: Concurrent Select Relocation Set 2.063ms
[2.882s][info][gc,phases] GC(98) y: Pause Relocate Start 0.008ms
[2.885s][info][gc,phases] GC(98) y: Concurrent Relocate 3.441ms
[2.885s][info][gc,phases] GC(98) y: Young Generation 1340M(65%)->1262M(62%) 0.019s
[2.886s][info][gc       ] GC(98) Minor Collection (Allocation Rate) 1338M(65%)->1266M(62%) 0.019s
[2.886s][info][gc,phases] GC(88) O: Old Generation 1268M(62%)->1520M(74%) 0.223s
[2.886s][info][gc       ] GC(88) Major Collection (Allocation Rate) 1372M(67%)->1268M(62%) 0.237s
[2.887s][info][gc       ] GC(99) Minor Collection (Allocation Rate)
[2.887s][info][gc,phases] GC(99) y: Young Generation
[2.887s][info][gc,phases] GC(99) y: Pause Mark Start 0.007ms
[2.897s][info][gc,phases] GC(99) y: Concurrent Mark 10.180ms
[2.898s][info][gc,phases] GC(99) y: Pause Mark End 0.010ms
[2.898s][info][gc,phases] GC(99) y: Concurrent Mark Free 0.001ms
[2.898s][info][gc,phases] GC(99) y: Concurrent Reset Relocation Set 0.016ms
[2.900s][info][gc,phases] GC(99) y: Concurrent Select Relocation Set 2.147ms
[2.900s][info][gc,phases] GC(99) y: Pause Relocate Start 0.008ms
[2.904s][info][gc,phases] GC(99) y: Concurrent Relocate 3.418ms
[2.904s][info][gc,phases] GC(99) y: Young Generation 1290M(63%)->1260M(62%) 0.017s
[2.904s][info][gc       ] GC(99) Minor Collection (Allocation Rate) 1286M(63%)->1264M(62%) 0.018s
[2.904s][info][gc       ] GC(100) Minor Collection (Allocation Rate)
[2.904s][info][gc,phases] GC(100) y: Young Generation
[2.904s][info][gc,phases] GC(100) y: Pause Mark Start 0.007ms
[2.913s][info][gc,phases] GC(100) y: Concurrent Mark 8.872ms
[2.914s][info][gc,phases] GC(100) y: Pause Mark End 0.010ms
[2.914s][info][gc,phases] GC(100) y: Concurrent Mark Free 0.000ms
[2.914s][info][gc,phases] GC(100) y: Concurrent Reset Relocation Set 0.013ms
[2.916s][info][gc,phases] GC(100) y: Concurrent Select Relocation Set 1.731ms
[2.916s][info][gc,phases] GC(100) y: Pause Relocate Start 0.007ms
[2.919s][info][gc,phases] GC(100) y: Concurrent Relocate 2.666ms
[2.919s][info][gc,phases] GC(100) y: Young Generation 1268M(62%)->1216M(59%) 0.015s
[2.919s][info][gc       ] GC(100) Minor Collection (Allocation Rate) 1266M(62%)->1222M(60%) 0.015s
[2.919s][info][gc       ] GC(101) Minor Collection (Allocation Rate)
[2.919s][info][gc,phases] GC(101) y: Young Generation
[2.919s][info][gc,phases] GC(101) y: Pause Mark Start 0.006ms
[2.929s][info][gc,phases] GC(101) y: Concurrent Mark 9.205ms
[2.929s][info][gc,phases] GC(101) y: Pause Mark End 0.009ms
[2.929s][info][gc,phases] GC(101) y: Concurrent Mark Free 0.001ms
[2.929s][info][gc,phases] GC(101) y: Concurrent Reset Relocation Set 0.006ms
[2.931s][info][gc,phases] GC(101) y: Concurrent Select Relocation Set 1.836ms
[2.932s][info][gc,phases] GC(101) y: Pause Relocate Start 0.008ms
[2.934s][info][gc,phases] GC(101) y: Concurrent Relocate 2.483ms
[2.934s][info][gc,phases] GC(101) y: Young Generation 1226M(60%)->1230M(60%) 0.015s
[2.934s][info][gc       ] GC(101) Minor Collection (Allocation Rate) 1224M(60%)->1234M(60%) 0.015s
[2.939s][info][gc       ] GC(102) Minor Collection (Allocation Rate)
[2.939s][info][gc,phases] GC(102) y: Young Generation
[2.940s][info][gc,phases] GC(102) y: Pause Mark Start 0.006ms
[2.950s][info][gc,phases] GC(102) y: Concurrent Mark 9.973ms
[2.950s][info][gc,phases] GC(102) y: Pause Mark End 0.014ms
[2.950s][info][gc,phases] GC(102) y: Concurrent Mark Free 0.001ms
[2.950s][info][gc,phases] GC(102) y: Concurrent Reset Relocation Set 0.007ms
[2.952s][info][gc,phases] GC(102) y: Concurrent Select Relocation Set 1.852ms
[2.952s][info][gc,phases] GC(102) y: Pause Relocate Start 0.008ms
[2.956s][info][gc,phases] GC(102) y: Concurrent Relocate 3.386ms
[2.956s][info][gc,phases] GC(102) y: Young Generation 1332M(65%)->1266M(62%) 0.017s
[2.956s][info][gc       ] GC(102) Minor Collection (Allocation Rate) 1326M(65%)->1270M(62%) 0.017s
[2.959s][info][gc       ] GC(103) Minor Collection (Allocation Rate)
[2.959s][info][gc,phases] GC(103) y: Young Generation
[2.960s][info][gc,phases] GC(103) y: Pause Mark Start 0.011ms
[2.970s][info][gc,phases] GC(103) y: Concurrent Mark 9.957ms
[2.970s][info][gc,phases] GC(103) y: Pause Mark End 0.010ms
[2.970s][info][gc,phases] GC(103) y: Concurrent Mark Free 0.001ms
[2.970s][info][gc,phases] GC(103) y: Concurrent Reset Relocation Set 0.008ms
[2.972s][info][gc,phases] GC(103) y: Concurrent Select Relocation Set 1.660ms
[2.972s][info][gc,phases] GC(103) y: Pause Relocate Start 0.011ms
[2.975s][info][gc,phases] GC(103) y: Concurrent Relocate 3.138ms
[2.976s][info][gc,phases] GC(103) y: Young Generation 1330M(65%)->1258M(61%) 0.016s
[2.976s][info][gc       ] GC(103) Minor Collection (Allocation Rate) 1326M(65%)->1262M(62%) 0.016s
[2.981s][info][gc       ] GC(104) Minor Collection (Allocation Rate)
[2.981s][info][gc,phases] GC(104) y: Young Generation
[2.981s][info][gc,phases] GC(104) y: Pause Mark Start 0.007ms
[2.992s][info][gc,phases] GC(104) y: Concurrent Mark 10.647ms
[2.993s][info][gc,phases] GC(104) y: Pause Mark End 0.010ms
[2.993s][info][gc,phases] GC(104) y: Concurrent Mark Free 0.001ms
[2.993s][info][gc,phases] GC(104) y: Concurrent Reset Relocation Set 0.007ms
[2.995s][info][gc,phases] GC(104) y: Concurrent Select Relocation Set 2.020ms
[2.995s][info][gc,phases] GC(104) y: Pause Relocate Start 0.007ms
[2.999s][info][gc,phases] GC(104) y: Concurrent Relocate 3.566ms
[2.999s][info][gc,phases] GC(104) y: Young Generation 1368M(67%)->1296M(63%) 0.018s
[2.999s][info][gc       ] GC(104) Minor Collection (Allocation Rate) 1364M(67%)->1304M(64%) 0.018s
[2.999s][info][gc       ] GC(105) Minor Collection (Allocation Rate)
[2.999s][info][gc,phases] GC(105) y: Young Generation
[2.999s][info][gc,phases] GC(105) y: Pause Mark Start 0.006ms
[3.009s][info][gc,phases] GC(105) y: Concurrent Mark 9.737ms
[3.010s][info][gc,phases] GC(105) y: Pause Mark End 0.013ms
[3.010s][info][gc,phases] GC(105) y: Concurrent Mark Free 0.001ms
[3.010s][info][gc,phases] GC(105) y: Concurrent Reset Relocation Set 0.015ms
[3.012s][info][gc,phases] GC(105) y: Concurrent Select Relocation Set 1.880ms
[3.012s][info][gc,phases] GC(105) y: Pause Relocate Start 0.007ms
[3.015s][info][gc,phases] GC(105) y: Concurrent Relocate 2.882ms
[3.015s][info][gc,phases] GC(105) y: Young Generation 1308M(64%)->1272M(62%) 0.016s
[3.015s][info][gc       ] GC(105) Minor Collection (Allocation Rate) 1306M(64%)->1276M(62%) 0.016s
[3.017s][info][gc       ] GC(106) Minor Collection (Allocation Rate)
[3.017s][info][gc,phases] GC(106) y: Young Generation
[3.017s][info][gc,phases] GC(106) y: Pause Mark Start 0.006ms
[3.026s][info][gc,phases] GC(106) y: Concurrent Mark 9.252ms
[3.026s][info][gc,phases] GC(106) y: Pause Mark End 0.011ms
[3.027s][info][gc,phases] GC(106) y: Concurrent Mark Free 0.001ms
[3.027s][info][gc,phases] GC(106) y: Concurrent Reset Relocation Set 0.008ms
[3.029s][info][gc,phases] GC(106) y: Concurrent Select Relocation Set 1.902ms
[3.029s][info][gc,phases] GC(106) y: Pause Relocate Start 0.007ms
[3.032s][info][gc,phases] GC(106) y: Concurrent Relocate 2.820ms
[3.032s][info][gc,phases] GC(106) y: Young Generation 1302M(64%)->1266M(62%) 0.015s
[3.032s][info][gc       ] GC(106) Minor Collection (Allocation Rate) 1300M(63%)->1272M(62%) 0.016s
[3.037s][info][gc       ] GC(107) Minor Collection (Allocation Rate)
[3.037s][info][gc,phases] GC(107) y: Young Generation
[3.037s][info][gc,phases] GC(107) y: Pause Mark Start 0.007ms
[3.046s][info][gc,phases] GC(107) y: Concurrent Mark 9.220ms
[3.047s][info][gc,phases] GC(107) y: Pause Mark End 0.011ms
[3.047s][info][gc,phases] GC(107) y: Concurrent Mark Free 0.000ms
[3.047s][info][gc,phases] GC(107) y: Concurrent Reset Relocation Set 0.008ms
[3.049s][info][gc,phases] GC(107) y: Concurrent Select Relocation Set 1.615ms
[3.049s][info][gc,phases] GC(107) y: Pause Relocate Start 0.004ms
[3.052s][info][gc,phases] GC(107) y: Concurrent Relocate 3.111ms
[3.052s][info][gc,phases] GC(107) y: Young Generation 1360M(66%)->1266M(62%) 0.015s
[3.052s][info][gc       ] GC(107) Minor Collection (Allocation Rate) 1356M(66%)->1270M(62%) 0.015s
[3.060s][info][gc       ] GC(108) Minor Collection (Allocation Rate)
[3.060s][info][gc,phases] GC(108) y: Young Generation
[3.060s][info][gc,phases] GC(108) y: Pause Mark Start 0.012ms
[3.070s][info][gc,phases] GC(108) y: Concurrent Mark 10.120ms
[3.071s][info][gc,phases] GC(108) y: Pause Mark End 0.009ms
[3.071s][info][gc,phases] GC(108) y: Concurrent Mark Free 0.001ms
[3.071s][info][gc,phases] GC(108) y: Concurrent Reset Relocation Set 0.009ms
[3.073s][info][gc,phases] GC(108) y: Concurrent Select Relocation Set 1.742ms
[3.073s][info][gc,phases] GC(108) y: Pause Relocate Start 0.008ms
[3.076s][info][gc,phases] GC(108) y: Concurrent Relocate 3.507ms
[3.077s][info][gc,phases] GC(108) y: Young Generation 1406M(69%)->1306M(64%) 0.017s
[3.077s][info][gc       ] GC(108) Minor Collection (Allocation Rate) 1402M(68%)->1312M(64%) 0.017s
[3.077s][info][gc       ] GC(109) Minor Collection (Allocation Rate)
[3.077s][info][gc,phases] GC(109) y: Young Generation
[3.077s][info][gc,phases] GC(109) y: Pause Mark Start 0.006ms
[3.087s][info][gc,phases] GC(109) y: Concurrent Mark 9.575ms
[3.087s][info][gc,phases] GC(109) y: Pause Mark End 0.012ms
[3.087s][info][gc,phases] GC(109) y: Concurrent Mark Free 0.001ms
[3.088s][info][gc,phases] GC(109) y: Concurrent Reset Relocation Set 0.006ms
[3.090s][info][gc,phases] GC(109) y: Concurrent Select Relocation Set 2.036ms
[3.090s][info][gc,phases] GC(109) y: Pause Relocate Start 0.008ms
[3.093s][info][gc,phases] GC(109) y: Concurrent Relocate 2.966ms
[3.093s][info][gc,phases] GC(109) y: Young Generation 1320M(64%)->1294M(63%) 0.016s
[3.093s][info][gc       ] GC(109) Minor Collection (Allocation Rate) 1316M(64%)->1298M(63%) 0.016s
[3.097s][info][gc       ] GC(110) Minor Collection (Allocation Rate)
[3.097s][info][gc,phases] GC(110) y: Young Generation
[3.098s][info][gc,phases] GC(110) y: Pause Mark Start 0.007ms
[3.107s][info][gc,phases] GC(110) y: Concurrent Mark 9.746ms
[3.108s][info][gc,phases] GC(110) y: Pause Mark End 0.009ms
[3.108s][info][gc,phases] GC(110) y: Concurrent Mark Free 0.001ms
[3.108s][info][gc,phases] GC(110) y: Concurrent Reset Relocation Set 0.011ms
[3.110s][info][gc,phases] GC(110) y: Concurrent Select Relocation Set 1.913ms
[3.110s][info][gc,phases] GC(110) y: Pause Relocate Start 0.007ms
[3.114s][info][gc,phases] GC(110) y: Concurrent Relocate 3.340ms
[3.114s][info][gc,phases] GC(110) y: Young Generation 1378M(67%)->1314M(64%) 0.016s
[3.114s][info][gc       ] GC(110) Minor Collection (Allocation Rate) 1374M(67%)->1318M(64%) 0.017s
[3.117s][info][gc       ] GC(111) Minor Collection (Allocation Rate)
[3.117s][info][gc,phases] GC(111) y: Young Generation
[3.117s][info][gc,phases] GC(111) y: Pause Mark Start 0.007ms
[3.128s][info][gc,phases] GC(111) y: Concurrent Mark 10.168ms
[3.128s][info][gc,phases] GC(111) y: Pause Mark End 0.014ms
[3.128s][info][gc,phases] GC(111) y: Concurrent Mark Free 0.001ms
[3.128s][info][gc,phases] GC(111) y: Concurrent Reset Relocation Set 0.009ms
[3.130s][info][gc,phases] GC(111) y: Concurrent Select Relocation Set 1.609ms
[3.130s][info][gc,phases] GC(111) y: Pause Relocate Start 0.007ms
[3.133s][info][gc,phases] GC(111) y: Concurrent Relocate 3.250ms
[3.134s][info][gc,phases] GC(111) y: Young Generation 1382M(67%)->1318M(64%) 0.016s
[3.134s][info][gc       ] GC(111) Minor Collection (Allocation Rate) 1376M(67%)->1322M(65%) 0.017s
[3.138s][info][gc       ] GC(112) Minor Collection (Allocation Rate)
[3.138s][info][gc,phases] GC(112) y: Young Generation
[3.138s][info][gc,phases] GC(112) y: Pause Mark Start 0.009ms
[3.148s][info][gc,phases] GC(112) y: Concurrent Mark 9.918ms
[3.149s][info][gc,phases] GC(112) y: Pause Mark End 0.014ms
[3.149s][info][gc,phases] GC(112) y: Concurrent Mark Free 0.001ms
[3.149s][info][gc,phases] GC(112) y: Concurrent Reset Relocation Set 0.009ms
[3.151s][info][gc,phases] GC(112) y: Concurrent Select Relocation Set 1.858ms
[3.151s][info][gc,phases] GC(112) y: Pause Relocate Start 0.007ms
[3.154s][info][gc,phases] GC(112) y: Concurrent Relocate 3.288ms
[3.155s][info][gc,phases] GC(112) y: Young Generation 1402M(68%)->1328M(65%) 0.017s
[3.155s][info][gc       ] GC(112) Minor Collection (Allocation Rate) 1400M(68%)->1330M(65%) 0.017s
[3.158s][info][gc       ] GC(113) Minor Collection (Allocation Rate)
[3.158s][info][gc,phases] GC(113) y: Young Generation
[3.158s][info][gc,phases] GC(113) y: Pause Mark Start 0.007ms
[3.169s][info][gc,phases] GC(113) y: Concurrent Mark 10.394ms
[3.169s][info][gc,phases] GC(113) y: Pause Mark End 0.009ms
[3.169s][info][gc,phases] GC(113) y: Concurrent Mark Free 0.001ms
[3.169s][info][gc,phases] GC(113) y: Concurrent Reset Relocation Set 0.009ms
[3.171s][info][gc,phases] GC(113) y: Concurrent Select Relocation Set 1.905ms
[3.171s][info][gc,phases] GC(113) y: Pause Relocate Start 0.008ms
[3.175s][info][gc,phases] GC(113) y: Concurrent Relocate 3.303ms
[3.175s][info][gc,phases] GC(113) y: Young Generation 1394M(68%)->1342M(66%) 0.017s
[3.175s][info][gc       ] GC(113) Minor Collection (Allocation Rate) 1390M(68%)->1346M(66%) 0.017s
[3.175s][info][gc       ] GC(114) Major Collection (Allocation Rate)
[3.175s][info][gc,phases] GC(114) Y: Young Generation
[3.175s][info][gc,phases] GC(114) Y: Pause Mark Start (Major) 0.008ms
[3.182s][info][gc,phases] GC(114) Y: Concurrent Mark 6.659ms
[3.183s][info][gc,phases] GC(114) Y: Pause Mark End 0.011ms
[3.183s][info][gc,phases] GC(114) Y: Concurrent Mark Free 0.001ms
[3.183s][info][gc,phases] GC(114) Y: Concurrent Reset Relocation Set 0.008ms
[3.185s][info][gc,phases] GC(114) Y: Concurrent Select Relocation Set 1.745ms
[3.185s][info][gc,phases] GC(114) Y: Pause Relocate Start 0.007ms
[3.188s][info][gc,phases] GC(114) Y: Concurrent Relocate 2.734ms
[3.188s][info][gc,phases] GC(114) Y: Young Generation 1350M(66%)->1266M(62%) 0.013s
[3.188s][info][gc,phases] GC(114) O: Old Generation
[3.188s][info][gc       ] GC(115) Minor Collection (Allocation Rate)
[3.188s][info][gc,phases] GC(115) y: Young Generation
[3.188s][info][gc,phases] GC(115) y: Pause Mark Start 0.008ms
[3.195s][info][gc,phases] GC(115) y: Concurrent Mark 6.756ms
[3.196s][info][gc,phases] GC(115) y: Pause Mark End 0.012ms
[3.196s][info][gc,phases] GC(115) y: Concurrent Mark Free 0.000ms
[3.196s][info][gc,phases] GC(115) y: Concurrent Reset Relocation Set 0.006ms
[3.198s][info][gc,phases] GC(115) y: Concurrent Select Relocation Set 1.808ms
[3.198s][info][gc,phases] GC(115) y: Pause Relocate Start 0.007ms
[3.200s][info][gc,phases] GC(115) y: Concurrent Relocate 2.210ms
[3.200s][info][gc,phases] GC(115) y: Young Generation 1274M(62%)->1270M(62%) 0.012s
[3.200s][info][gc       ] GC(115) Minor Collection (Allocation Rate) 1274M(62%)->1274M(62%) 0.012s
[3.206s][info][gc       ] GC(116) Minor Collection (Allocation Rate)
[3.206s][info][gc,phases] GC(116) y: Young Generation
[3.206s][info][gc,phases] GC(116) y: Pause Mark Start 0.010ms
[3.213s][info][gc,phases] GC(116) y: Concurrent Mark 6.829ms
[3.213s][info][gc,phases] GC(116) y: Pause Mark End 0.009ms
[3.214s][info][gc,phases] GC(116) y: Concurrent Mark Free 0.000ms
[3.214s][info][gc,phases] GC(116) y: Concurrent Reset Relocation Set 0.010ms
[3.215s][info][gc,phases] GC(116) y: Concurrent Select Relocation Set 1.799ms
[3.216s][info][gc,phases] GC(116) y: Pause Relocate Start 0.007ms
[3.219s][info][gc,phases] GC(116) y: Concurrent Relocate 2.754ms
[3.219s][info][gc,phases] GC(116) y: Young Generation 1376M(67%)->1282M(63%) 0.013s
[3.219s][info][gc       ] GC(116) Minor Collection (Allocation Rate) 1374M(67%)->1286M(63%) 0.013s
[3.228s][info][gc       ] GC(117) Minor Collection (Allocation Rate)
[3.228s][info][gc,phases] GC(117) y: Young Generation
[3.229s][info][gc,phases] GC(117) y: Pause Mark Start 0.007ms
[3.236s][info][gc,phases] GC(117) y: Concurrent Mark 7.160ms
[3.236s][info][gc,phases] GC(117) y: Pause Mark End 0.010ms
[3.236s][info][gc,phases] GC(117) y: Concurrent Mark Free 0.000ms
[3.236s][info][gc,phases] GC(117) y: Concurrent Reset Relocation Set 0.010ms
[3.238s][info][gc,phases] GC(117) y: Concurrent Select Relocation Set 1.640ms
[3.238s][info][gc,phases] GC(117) y: Pause Relocate Start 0.011ms
[3.242s][info][gc,phases] GC(117) y: Concurrent Relocate 3.310ms
[3.242s][info][gc,phases] GC(117) y: Young Generation 1466M(72%)->1310M(64%) 0.013s
[3.242s][info][gc       ] GC(117) Minor Collection (Allocation Rate) 1462M(71%)->1314M(64%) 0.014s
[3.250s][info][gc       ] GC(118) Minor Collection (Allocation Rate)
[3.250s][info][gc,phases] GC(118) y: Young Generation
[3.250s][info][gc,phases] GC(118) y: Pause Mark Start 0.007ms
[3.258s][info][gc,phases] GC(118) y: Concurrent Mark 7.797ms
[3.258s][info][gc,phases] GC(118) y: Pause Mark End 0.010ms
[3.259s][info][gc,phases] GC(118) y: Concurrent Mark Free 0.001ms
[3.259s][info][gc,phases] GC(118) y: Concurrent Reset Relocation Set 0.007ms
[3.260s][info][gc,phases] GC(118) y: Concurrent Select Relocation Set 1.668ms
[3.261s][info][gc,phases] GC(118) y: Pause Relocate Start 0.007ms
[3.264s][info][gc,phases] GC(118) y: Concurrent Relocate 3.313ms
[3.264s][info][gc,phases] GC(118) y: Young Generation 1462M(71%)->1334M(65%) 0.014s
[3.264s][info][gc       ] GC(118) Minor Collection (Allocation Rate) 1458M(71%)->1336M(65%) 0.014s
[3.269s][info][gc       ] GC(119) Minor Collection (Allocation Rate)
[3.269s][info][gc,phases] GC(119) y: Young Generation
[3.269s][info][gc,phases] GC(119) y: Pause Mark Start 0.006ms
[3.277s][info][gc,phases] GC(119) y: Concurrent Mark 7.963ms
[3.278s][info][gc,phases] GC(119) y: Pause Mark End 0.009ms
[3.278s][info][gc,phases] GC(119) y: Concurrent Mark Free 0.000ms
[3.278s][info][gc,phases] GC(119) y: Concurrent Reset Relocation Set 0.009ms
[3.279s][info][gc,phases] GC(119) y: Concurrent Select Relocation Set 1.689ms
[3.280s][info][gc,phases] GC(119) y: Pause Relocate Start 0.006ms
[3.283s][info][gc,phases] GC(119) y: Concurrent Relocate 3.053ms
[3.283s][info][gc,phases] GC(119) y: Young Generation 1422M(69%)->1342M(66%) 0.015s
[3.283s][info][gc       ] GC(119) Minor Collection (Allocation Rate) 1420M(69%)->1354M(66%) 0.015s
[3.287s][info][gc       ] GC(120) Minor Collection (Allocation Rate)
[3.287s][info][gc,phases] GC(120) y: Young Generation
[3.288s][info][gc,phases] GC(120) y: Pause Mark Start 0.007ms
[3.295s][info][gc,phases] GC(120) y: Concurrent Mark 7.894ms
[3.296s][info][gc,phases] GC(120) y: Pause Mark End 0.009ms
[3.296s][info][gc,phases] GC(120) y: Concurrent Mark Free 0.001ms
[3.296s][info][gc,phases] GC(120) y: Concurrent Reset Relocation Set 0.009ms
[3.298s][info][gc,phases] GC(120) y: Concurrent Select Relocation Set 1.901ms
[3.298s][info][gc,phases] GC(120) y: Pause Relocate Start 0.009ms
[3.301s][info][gc,phases] GC(120) y: Concurrent Relocate 3.130ms
[3.302s][info][gc,phases] GC(120) y: Young Generation 1422M(69%)->1350M(66%) 0.014s
[3.302s][info][gc       ] GC(120) Minor Collection (Allocation Rate) 1422M(69%)->1354M(66%) 0.014s
[3.305s][info][gc       ] GC(121) Minor Collection (Allocation Rate)
[3.305s][info][gc,phases] GC(121) y: Young Generation
[3.305s][info][gc,phases] GC(121) y: Pause Mark Start 0.010ms
[3.313s][info][gc,phases] GC(121) y: Concurrent Mark 7.147ms
[3.313s][info][gc,phases] GC(121) y: Pause Mark End 0.010ms
[3.313s][info][gc,phases] GC(121) y: Concurrent Mark Free 0.000ms
[3.313s][info][gc,phases] GC(121) y: Concurrent Reset Relocation Set 0.012ms
[3.315s][info][gc,phases] GC(121) y: Concurrent Select Relocation Set 1.554ms
[3.315s][info][gc,phases] GC(121) y: Pause Relocate Start 0.006ms
[3.320s][info][gc,phases] GC(121) y: Concurrent Relocate 5.521ms
[3.321s][info][gc,phases] GC(121) y: Young Generation 1418M(69%)->1382M(67%) 0.016s
[3.321s][info][gc       ] GC(121) Minor Collection (Allocation Rate) 1414M(69%)->1386M(68%) 0.016s
[3.321s][info][gc       ] GC(122) Minor Collection (Allocation Rate)
[3.321s][info][gc,phases] GC(122) y: Young Generation
[3.321s][info][gc,phases] GC(122) y: Pause Mark Start 0.009ms
[3.328s][info][gc,phases] GC(122) y: Concurrent Mark 7.259ms
[3.329s][info][gc,phases] GC(122) y: Pause Mark End 0.010ms
[3.329s][info][gc,phases] GC(122) y: Concurrent Mark Free 0.000ms
[3.329s][info][gc,phases] GC(122) y: Concurrent Reset Relocation Set 0.006ms
[3.331s][info][gc,phases] GC(122) y: Concurrent Select Relocation Set 1.800ms
[3.331s][info][gc,phases] GC(122) y: Pause Relocate Start 0.007ms
[3.334s][info][gc,phases] GC(122) y: Concurrent Relocate 2.758ms
[3.334s][info][gc,phases] GC(122) y: Young Generation 1388M(68%)->1340M(65%) 0.013s
[3.334s][info][gc       ] GC(122) Minor Collection (Allocation Rate) 1386M(68%)->1344M(66%) 0.013s
[3.334s][info][gc       ] GC(123) Minor Collection (Allocation Rate)
[3.334s][info][gc,phases] GC(123) y: Young Generation
[3.334s][info][gc,phases] GC(123) y: Pause Mark Start 0.009ms
[3.341s][info][gc,phases] GC(123) y: Concurrent Mark 6.550ms
[3.342s][info][gc,phases] GC(123) y: Pause Mark End 0.013ms
[3.342s][info][gc,phases] GC(123) y: Concurrent Mark Free 0.000ms
[3.342s][info][gc,phases] GC(123) y: Concurrent Reset Relocation Set 0.010ms
[3.343s][info][gc,phases] GC(123) y: Concurrent Select Relocation Set 1.661ms
[3.344s][info][gc,phases] GC(123) y: Pause Relocate Start 0.007ms
[3.346s][info][gc,phases] GC(123) y: Concurrent Relocate 2.227ms
[3.346s][info][gc,phases] GC(123) y: Young Generation 1352M(66%)->1314M(64%) 0.012s
[3.346s][info][gc       ] GC(123) Minor Collection (Allocation Rate) 1352M(66%)->1318M(64%) 0.012s
[3.349s][info][gc,phases] GC(114) O: Concurrent Mark 160.594ms
[3.349s][info][gc,phases] GC(114) O: Pause Mark End 0.010ms
[3.349s][info][gc,phases] GC(114) O: Concurrent Mark Free 0.001ms
[3.352s][info][gc       ] GC(124) Minor Collection (Allocation Rate)
[3.352s][info][gc,phases] GC(124) y: Young Generation
[3.353s][info][gc,phases] GC(124) y: Pause Mark Start 0.006ms
[3.356s][info][gc,phases] GC(114) O: Concurrent Process Non-Strong 7.077ms
[3.356s][info][gc,phases] GC(114) O: Concurrent Reset Relocation Set 0.015ms
[3.358s][info][gc,phases] GC(114) O: Concurrent Select Relocation Set 2.129ms
[3.362s][info][gc,phases] GC(124) y: Concurrent Mark 9.617ms
[3.363s][info][gc,phases] GC(124) y: Pause Mark End 0.009ms
[3.363s][info][gc,phases] GC(124) y: Concurrent Mark Free 0.001ms
[3.363s][info][gc,phases] GC(124) y: Concurrent Reset Relocation Set 0.006ms
[3.365s][info][gc,phases] GC(124) y: Concurrent Select Relocation Set 1.833ms
[3.365s][info][gc,phases] GC(124) y: Pause Relocate Start 0.008ms
[3.368s][info][gc,phases] GC(124) y: Concurrent Relocate 2.938ms
[3.368s][info][gc,phases] GC(124) y: Young Generation 1420M(69%)->1396M(68%) 0.016s
[3.368s][info][gc       ] GC(124) Minor Collection (Allocation Rate) 1418M(69%)->1400M(68%) 0.016s
[3.389s][info][gc,phases] GC(114) O: Concurrent Remap Roots 20.744ms
[3.389s][info][gc,phases] GC(114) O: Pause Relocate Start 0.011ms
[3.389s][info][gc       ] GC(125) Minor Collection (Allocation Rate)
[3.390s][info][gc,phases] GC(125) y: Young Generation
[3.390s][info][gc,phases] GC(125) y: Pause Mark Start 0.005ms
[3.403s][info][gc,phases] GC(125) y: Concurrent Mark 13.332ms
[3.403s][info][gc,phases] GC(125) y: Pause Mark End 0.010ms
[3.404s][info][gc,phases] GC(125) y: Concurrent Mark Free 0.000ms
[3.404s][info][gc,phases] GC(125) y: Concurrent Reset Relocation Set 0.008ms
[3.405s][info][gc,phases] GC(125) y: Concurrent Select Relocation Set 1.573ms
[3.406s][info][gc,phases] GC(125) y: Pause Relocate Start 0.005ms
[3.412s][info][gc,phases] GC(125) y: Concurrent Relocate 5.932ms
[3.412s][info][gc,phases] GC(125) y: Young Generation 1776M(87%)->1356M(66%) 0.022s
[3.412s][info][gc       ] GC(125) Minor Collection (Allocation Rate) 1788M(87%)->1360M(66%) 0.022s
[3.412s][info][gc       ] GC(126) Minor Collection (Allocation Rate)
[3.412s][info][gc,phases] GC(126) y: Young Generation
[3.412s][info][gc,phases] GC(126) y: Pause Mark Start 0.006ms
[3.424s][info][gc,phases] GC(126) y: Concurrent Mark 11.260ms
[3.424s][info][gc,phases] GC(126) y: Pause Mark End 0.012ms
[3.424s][info][gc,phases] GC(126) y: Concurrent Mark Free 0.000ms
[3.424s][info][gc,phases] GC(126) y: Concurrent Reset Relocation Set 0.011ms
[3.426s][info][gc,phases] GC(126) y: Concurrent Select Relocation Set 2.026ms
[3.427s][info][gc,phases] GC(126) y: Pause Relocate Start 0.009ms
[3.430s][info][gc,phases] GC(126) y: Concurrent Relocate 3.542ms
[3.430s][info][gc,phases] GC(126) y: Young Generation 1364M(67%)->1260M(62%) 0.018s
[3.430s][info][gc       ] GC(126) Minor Collection (Allocation Rate) 1358M(66%)->1262M(62%) 0.019s
[3.431s][info][gc       ] GC(127) Minor Collection (Allocation Rate)
[3.431s][info][gc,phases] GC(127) y: Young Generation
[3.431s][info][gc,phases] GC(127) y: Pause Mark Start 0.007ms
[3.431s][info][gc,phases] GC(114) O: Concurrent Relocate 41.702ms
[3.441s][info][gc,phases] GC(127) y: Concurrent Mark 9.745ms
[3.441s][info][gc,phases] GC(127) y: Pause Mark End 0.011ms
[3.441s][info][gc,phases] GC(127) y: Concurrent Mark Free 0.000ms
[3.441s][info][gc,phases] GC(127) y: Concurrent Reset Relocation Set 0.009ms
[3.443s][info][gc,phases] GC(127) y: Concurrent Select Relocation Set 2.189ms
[3.444s][info][gc,phases] GC(127) y: Pause Relocate Start 0.007ms
[3.447s][info][gc,phases] GC(127) y: Concurrent Relocate 3.142ms
[3.447s][info][gc,phases] GC(127) y: Young Generation 1268M(62%)->1238M(60%) 0.017s
[3.447s][info][gc       ] GC(127) Minor Collection (Allocation Rate) 1262M(62%)->1242M(61%) 0.017s
[3.447s][info][gc,phases] GC(114) O: Old Generation 1272M(62%)->1268M(62%) 0.259s
[3.447s][info][gc       ] GC(114) Major Collection (Allocation Rate) 1350M(66%)->1244M(61%) 0.272s
[3.447s][info][gc       ] GC(128) Minor Collection (Allocation Rate)
[3.447s][info][gc,phases] GC(128) y: Young Generation
[3.448s][info][gc,phases] GC(128) y: Pause Mark Start 0.007ms
[3.457s][info][gc,phases] GC(128) y: Concurrent Mark 9.463ms
[3.457s][info][gc,phases] GC(128) y: Pause Mark End 0.009ms
[3.458s][info][gc,phases] GC(128) y: Concurrent Mark Free 0.001ms
[3.458s][info][gc,phases] GC(128) y: Concurrent Reset Relocation Set 0.013ms
[3.459s][info][gc,phases] GC(128) y: Concurrent Select Relocation Set 1.732ms
[3.460s][info][gc,phases] GC(128) y: Pause Relocate Start 0.011ms
[3.463s][info][gc,phases] GC(128) y: Concurrent Relocate 2.761ms
[3.463s][info][gc,phases] GC(128) y: Young Generation 1246M(61%)->1226M(60%) 0.015s
[3.463s][info][gc       ] GC(128) Minor Collection (Allocation Rate) 1246M(61%)->1230M(60%) 0.015s
[3.464s][info][gc       ] GC(129) Minor Collection (Allocation Rate)
[3.464s][info][gc,phases] GC(129) y: Young Generation
[3.464s][info][gc,phases] GC(129) y: Pause Mark Start 0.010ms
[3.474s][info][gc,phases] GC(129) y: Concurrent Mark 9.619ms
[3.474s][info][gc,phases] GC(129) y: Pause Mark End 0.010ms
[3.474s][info][gc,phases] GC(129) y: Concurrent Mark Free 0.001ms
[3.474s][info][gc,phases] GC(129) y: Concurrent Reset Relocation Set 0.008ms
[3.476s][info][gc,phases] GC(129) y: Concurrent Select Relocation Set 1.865ms
[3.476s][info][gc,phases] GC(129) y: Pause Relocate Start 0.007ms
[3.479s][info][gc,phases] GC(129) y: Concurrent Relocate 2.668ms
[3.479s][info][gc,phases] GC(129) y: Young Generation 1250M(61%)->1232M(60%) 0.015s
[3.479s][info][gc       ] GC(129) Minor Collection (Allocation Rate) 1250M(61%)->1236M(60%) 0.016s
[3.486s][info][gc       ] GC(130) Minor Collection (Allocation Rate)
[3.486s][info][gc,phases] GC(130) y: Young Generation
[3.486s][info][gc,phases] GC(130) y: Pause Mark Start 0.007ms
[3.495s][info][gc,phases] GC(130) y: Concurrent Mark 9.419ms
[3.496s][info][gc,phases] GC(130) y: Pause Mark End 0.012ms
[3.496s][info][gc,phases] GC(130) y: Concurrent Mark Free 0.000ms
[3.496s][info][gc,phases] GC(130) y: Concurrent Reset Relocation Set 0.009ms
[3.498s][info][gc,phases] GC(130) y: Concurrent Select Relocation Set 1.761ms
[3.498s][info][gc,phases] GC(130) y: Pause Relocate Start 0.006ms
[3.502s][info][gc,phases] GC(130) y: Concurrent Relocate 3.420ms
[3.502s][info][gc,phases] GC(130) y: Young Generation 1356M(66%)->1250M(61%) 0.016s
[3.502s][info][gc       ] GC(130) Minor Collection (Allocation Rate) 1352M(66%)->1254M(61%) 0.016s
[3.509s][info][gc       ] GC(131) Minor Collection (Allocation Rate)
[3.509s][info][gc,phases] GC(131) y: Young Generation
[3.509s][info][gc,phases] GC(131) y: Pause Mark Start 0.006ms
[3.519s][info][gc,phases] GC(131) y: Concurrent Mark 10.075ms
[3.520s][info][gc,phases] GC(131) y: Pause Mark End 0.011ms
[3.520s][info][gc,phases] GC(131) y: Concurrent Mark Free 0.001ms
[3.520s][info][gc,phases] GC(131) y: Concurrent Reset Relocation Set 0.006ms
[3.522s][info][gc,phases] GC(131) y: Concurrent Select Relocation Set 1.858ms
[3.522s][info][gc,phases] GC(131) y: Pause Relocate Start 0.006ms
[3.526s][info][gc,phases] GC(131) y: Concurrent Relocate 3.796ms
[3.526s][info][gc,phases] GC(131) y: Young Generation 1390M(68%)->1280M(62%) 0.017s
[3.526s][info][gc       ] GC(131) Minor Collection (Allocation Rate) 1386M(68%)->1284M(63%) 0.017s
[3.527s][info][gc       ] GC(132) Minor Collection (Allocation Rate)
[3.527s][info][gc,phases] GC(132) y: Young Generation
[3.527s][info][gc,phases] GC(132) y: Pause Mark Start 0.007ms
[3.538s][info][gc,phases] GC(132) y: Concurrent Mark 10.117ms
[3.538s][info][gc,phases] GC(132) y: Pause Mark End 0.009ms
[3.538s][info][gc,phases] GC(132) y: Concurrent Mark Free 0.000ms
[3.538s][info][gc,phases] GC(132) y: Concurrent Reset Relocation Set 0.009ms
[3.540s][info][gc,phases] GC(132) y: Concurrent Select Relocation Set 2.026ms
[3.541s][info][gc,phases] GC(132) y: Pause Relocate Start 0.009ms
[3.544s][info][gc,phases] GC(132) y: Concurrent Relocate 3.143ms
[3.544s][info][gc,phases] GC(132) y: Young Generation 1304M(64%)->1278M(62%) 0.017s
[3.544s][info][gc       ] GC(132) Minor Collection (Allocation Rate) 1300M(63%)->1280M(62%) 0.017s
[3.547s][info][gc       ] GC(133) Minor Collection (Allocation Rate)
[3.547s][info][gc,phases] GC(133) y: Young Generation
[3.547s][info][gc,phases] GC(133) y: Pause Mark Start 0.007ms
[3.557s][info][gc,phases] GC(133) y: Concurrent Mark 10.033ms
[3.558s][info][gc,phases] GC(133) y: Pause Mark End 0.009ms
[3.558s][info][gc,phases] GC(133) y: Concurrent Mark Free 0.001ms
[3.558s][info][gc,phases] GC(133) y: Concurrent Reset Relocation Set 0.011ms
[3.560s][info][gc,phases] GC(133) y: Concurrent Select Relocation Set 1.884ms
[3.560s][info][gc,phases] GC(133) y: Pause Relocate Start 0.008ms
[3.564s][info][gc,phases] GC(133) y: Concurrent Relocate 3.282ms
[3.564s][info][gc,phases] GC(133) y: Young Generation 1338M(65%)->1278M(62%) 0.017s
[3.564s][info][gc       ] GC(133) Minor Collection (Allocation Rate) 1334M(65%)->1280M(62%) 0.017s
[3.567s][info][gc       ] GC(134) Minor Collection (Allocation Rate)
[3.567s][info][gc,phases] GC(134) y: Young Generation
[3.567s][info][gc,phases] GC(134) y: Pause Mark Start 0.009ms
[3.577s][info][gc,phases] GC(134) y: Concurrent Mark 10.011ms
[3.578s][info][gc,phases] GC(134) y: Pause Mark End 0.010ms
[3.578s][info][gc,phases] GC(134) y: Concurrent Mark Free 0.001ms
[3.578s][info][gc,phases] GC(134) y: Concurrent Reset Relocation Set 0.008ms
[3.580s][info][gc,phases] GC(134) y: Concurrent Select Relocation Set 1.896ms
[3.580s][info][gc,phases] GC(134) y: Pause Relocate Start 0.010ms
[3.584s][info][gc,phases] GC(134) y: Concurrent Relocate 3.270ms
[3.584s][info][gc,phases] GC(134) y: Young Generation 1346M(66%)->1288M(63%) 0.017s
[3.584s][info][gc       ] GC(134) Minor Collection (Allocation Rate) 1342M(66%)->1292M(63%) 0.017s
[3.588s][info][gc       ] GC(135) Minor Collection (Allocation Rate)
[3.589s][info][gc,phases] GC(135) y: Young Generation
[3.589s][info][gc,phases] GC(135) y: Pause Mark Start 0.010ms
[3.599s][info][gc,phases] GC(135) y: Concurrent Mark 10.130ms
[3.599s][info][gc,phases] GC(135) y: Pause Mark End 0.010ms
[3.599s][info][gc,phases] GC(135) y: Concurrent Mark Free 0.001ms
[3.599s][info][gc,phases] GC(135) y: Concurrent Reset Relocation Set 0.008ms
[3.602s][info][gc,phases] GC(135) y: Concurrent Select Relocation Set 1.950ms
[3.602s][info][gc,phases] GC(135) y: Pause Relocate Start 0.008ms
[3.605s][info][gc,phases] GC(135) y: Concurrent Relocate 3.546ms
[3.606s][info][gc,phases] GC(135) y: Young Generation 1382M(67%)->1302M(64%) 0.017s
[3.606s][info][gc       ] GC(135) Minor Collection (Allocation Rate) 1376M(67%)->1306M(64%) 0.017s
[3.608s][info][gc       ] GC(136) Minor Collection (Allocation Rate)
[3.608s][info][gc,phases] GC(136) y: Young Generation
[3.609s][info][gc,phases] GC(136) y: Pause Mark Start 0.010ms
[3.619s][info][gc,phases] GC(136) y: Concurrent Mark 10.370ms
[3.619s][info][gc,phases] GC(136) y: Pause Mark End 0.015ms
[3.620s][info][gc,phases] GC(136) y: Concurrent Mark Free 0.001ms
[3.620s][info][gc,phases] GC(136) y: Concurrent Reset Relocation Set 0.010ms
[3.622s][info][gc,phases] GC(136) y: Concurrent Select Relocation Set 1.889ms
[3.622s][info][gc,phases] GC(136) y: Pause Relocate Start 0.007ms
[3.625s][info][gc,phases] GC(136) y: Concurrent Relocate 3.241ms
[3.625s][info][gc,phases] GC(136) y: Young Generation 1358M(66%)->1308M(64%) 0.017s
[3.625s][info][gc       ] GC(136) Minor Collection (Allocation Rate) 1354M(66%)->1312M(64%) 0.017s
[3.629s][info][gc       ] GC(137) Minor Collection (Allocation Rate)
[3.629s][info][gc,phases] GC(137) y: Young Generation
[3.629s][info][gc,phases] GC(137) y: Pause Mark Start 0.007ms
[3.640s][info][gc,phases] GC(137) y: Concurrent Mark 10.111ms
[3.640s][info][gc,phases] GC(137) y: Pause Mark End 0.010ms
[3.640s][info][gc,phases] GC(137) y: Concurrent Mark Free 0.001ms
[3.640s][info][gc,phases] GC(137) y: Concurrent Reset Relocation Set 0.009ms
[3.642s][info][gc,phases] GC(137) y: Concurrent Select Relocation Set 1.941ms
[3.642s][info][gc,phases] GC(137) y: Pause Relocate Start 0.008ms
[3.646s][info][gc,phases] GC(137) y: Concurrent Relocate 3.396ms
[3.646s][info][gc,phases] GC(137) y: Young Generation 1382M(67%)->1312M(64%) 0.017s
[3.646s][info][gc       ] GC(137) Minor Collection (Allocation Rate) 1376M(67%)->1314M(64%) 0.017s
[3.650s][info][gc       ] GC(138) Minor Collection (Allocation Rate)
[3.650s][info][gc,phases] GC(138) y: Young Generation
[3.650s][info][gc,phases] GC(138) y: Pause Mark Start 0.011ms
[3.660s][info][gc,phases] GC(138) y: Concurrent Mark 9.412ms
[3.660s][info][gc,phases] GC(138) y: Pause Mark End 0.010ms
[3.660s][info][gc,phases] GC(138) y: Concurrent Mark Free 0.001ms
[3.660s][info][gc,phases] GC(138) y: Concurrent Reset Relocation Set 0.010ms
[3.662s][info][gc,phases] GC(138) y: Concurrent Select Relocation Set 1.917ms
[3.662s][info][gc,phases] GC(138) y: Pause Relocate Start 0.007ms
[3.666s][info][gc,phases] GC(138) y: Concurrent Relocate 3.340ms
[3.666s][info][gc,phases] GC(138) y: Young Generation 1388M(68%)->1302M(64%) 0.016s
[3.666s][info][gc       ] GC(138) Minor Collection (Allocation Rate) 1384M(68%)->1306M(64%) 0.016s
[3.669s][info][gc       ] GC(139) Minor Collection (Allocation Rate)
[3.669s][info][gc,phases] GC(139) y: Young Generation
[3.669s][info][gc,phases] GC(139) y: Pause Mark Start 0.007ms
[3.679s][info][gc,phases] GC(139) y: Concurrent Mark 9.488ms
[3.679s][info][gc,phases] GC(139) y: Pause Mark End 0.011ms
[3.679s][info][gc,phases] GC(139) y: Concurrent Mark Free 0.001ms
[3.679s][info][gc,phases] GC(139) y: Concurrent Reset Relocation Set 0.009ms
[3.681s][info][gc,phases] GC(139) y: Concurrent Select Relocation Set 1.872ms
[3.682s][info][gc,phases] GC(139) y: Pause Relocate Start 0.010ms
[3.685s][info][gc,phases] GC(139) y: Concurrent Relocate 3.120ms
[3.685s][info][gc,phases] GC(139) y: Young Generation 1362M(67%)->1306M(64%) 0.016s
[3.685s][info][gc       ] GC(139) Minor Collection (Allocation Rate) 1358M(66%)->1310M(64%) 0.016s
[3.690s][info][gc       ] GC(140) Minor Collection (Allocation Rate)
[3.690s][info][gc,phases] GC(140) y: Young Generation
[3.690s][info][gc,phases] GC(140) y: Pause Mark Start 0.007ms
[3.700s][info][gc,phases] GC(140) y: Concurrent Mark 10.203ms
[3.701s][info][gc,phases] GC(140) y: Pause Mark End 0.009ms
[3.701s][info][gc,phases] GC(140) y: Concurrent Mark Free 0.001ms
[3.701s][info][gc,phases] GC(140) y: Concurrent Reset Relocation Set 0.009ms
[3.703s][info][gc,phases] GC(140) y: Concurrent Select Relocation Set 1.916ms
[3.703s][info][gc,phases] GC(140) y: Pause Relocate Start 0.010ms
[3.706s][info][gc,phases] GC(140) y: Concurrent Relocate 3.381ms
[3.707s][info][gc,phases] GC(140) y: Young Generation 1398M(68%)->1330M(65%) 0.017s
[3.707s][info][gc       ] GC(140) Minor Collection (Allocation Rate) 1394M(68%)->1334M(65%) 0.017s
[3.708s][info][gc       ] GC(141) Major Collection (Allocation Rate)
[3.708s][info][gc,phases] GC(141) Y: Young Generation
[3.708s][info][gc,phases] GC(141) Y: Pause Mark Start (Major) 0.008ms
[3.716s][info][gc,phases] GC(141) Y: Concurrent Mark 7.344ms
[3.716s][info][gc,phases] GC(141) Y: Pause Mark End 0.009ms
[3.716s][info][gc,phases] GC(141) Y: Concurrent Mark Free 0.001ms
[3.716s][info][gc,phases] GC(141) Y: Concurrent Reset Relocation Set 0.008ms
[3.717s][info][gc,phases] GC(141) Y: Concurrent Select Relocation Set 1.455ms
[3.718s][info][gc,phases] GC(141) Y: Pause Relocate Start 0.009ms
[3.720s][info][gc,phases] GC(141) Y: Concurrent Relocate 2.642ms
[3.721s][info][gc,phases] GC(141) Y: Young Generation 1358M(66%)->1260M(62%) 0.013s
[3.721s][info][gc,phases] GC(141) O: Old Generation
[3.721s][info][gc       ] GC(142) Minor Collection (Allocation Rate)
[3.721s][info][gc,phases] GC(142) y: Young Generation
[3.722s][info][gc,phases] GC(142) y: Pause Mark Start 0.005ms
[3.729s][info][gc,phases] GC(142) y: Concurrent Mark 6.867ms
[3.729s][info][gc,phases] GC(142) y: Pause Mark End 0.009ms
[3.729s][info][gc,phases] GC(142) y: Concurrent Mark Free 0.000ms
[3.729s][info][gc,phases] GC(142) y: Concurrent Reset Relocation Set 0.006ms
[3.731s][info][gc,phases] GC(142) y: Concurrent Select Relocation Set 1.808ms
[3.731s][info][gc,phases] GC(142) y: Pause Relocate Start 0.010ms
[3.734s][info][gc,phases] GC(142) y: Concurrent Relocate 2.352ms
[3.734s][info][gc,phases] GC(142) y: Young Generation 1280M(62%)->1266M(62%) 0.012s
[3.734s][info][gc       ] GC(142) Minor Collection (Allocation Rate) 1280M(62%)->1270M(62%) 0.012s
[3.741s][info][gc       ] GC(143) Minor Collection (Allocation Rate)
[3.741s][info][gc,phases] GC(143) y: Young Generation
[3.741s][info][gc,phases] GC(143) y: Pause Mark Start 0.006ms
[3.748s][info][gc,phases] GC(143) y: Concurrent Mark 7.002ms
[3.749s][info][gc,phases] GC(143) y: Pause Mark End 0.009ms
[3.749s][info][gc,phases] GC(143) y: Concurrent Mark Free 0.000ms
[3.749s][info][gc,phases] GC(143) y: Concurrent Reset Relocation Set 0.010ms
[3.750s][info][gc,phases] GC(143) y: Concurrent Select Relocation Set 1.707ms
[3.751s][info][gc,phases] GC(143) y: Pause Relocate Start 0.007ms
[3.754s][info][gc,phases] GC(143) y: Concurrent Relocate 3.107ms
[3.754s][info][gc,phases] GC(143) y: Young Generation 1400M(68%)->1284M(63%) 0.013s
[3.754s][info][gc       ] GC(143) Minor Collection (Allocation Rate) 1398M(68%)->1290M(63%) 0.013s
[3.763s][info][gc       ] GC(144) Minor Collection (Allocation Rate)
[3.763s][info][gc,phases] GC(144) y: Young Generation
[3.763s][info][gc,phases] GC(144) y: Pause Mark Start 0.007ms
[3.771s][info][gc,phases] GC(144) y: Concurrent Mark 7.281ms
[3.771s][info][gc,phases] GC(144) y: Pause Mark End 0.009ms
[3.771s][info][gc,phases] GC(144) y: Concurrent Mark Free 0.000ms
[3.771s][info][gc,phases] GC(144) y: Concurrent Reset Relocation Set 0.010ms
[3.773s][info][gc,phases] GC(144) y: Concurrent Select Relocation Set 1.559ms
[3.773s][info][gc,phases] GC(144) y: Pause Relocate Start 0.009ms
[3.777s][info][gc,phases] GC(144) y: Concurrent Relocate 3.337ms
[3.777s][info][gc,phases] GC(144) y: Young Generation 1454M(71%)->1304M(64%) 0.014s
[3.777s][info][gc       ] GC(144) Minor Collection (Allocation Rate) 1454M(71%)->1310M(64%) 0.014s
[3.786s][info][gc       ] GC(145) Minor Collection (Allocation Rate)
[3.786s][info][gc,phases] GC(145) y: Young Generation
[3.786s][info][gc,phases] GC(145) y: Pause Mark Start 0.007ms
[3.801s][info][gc,phases] GC(145) y: Concurrent Mark 14.523ms
[3.801s][info][gc,phases] GC(145) y: Pause Mark End 0.011ms
[3.801s][info][gc,phases] GC(145) y: Concurrent Mark Free 0.001ms
[3.801s][info][gc,phases] GC(145) y: Concurrent Reset Relocation Set 0.006ms
[3.805s][info][gc,phases] GC(145) y: Concurrent Select Relocation Set 4.028ms
[3.805s][info][gc,phases] GC(145) y: Pause Relocate Start 0.005ms
[3.809s][info][gc,phases] GC(145) y: Concurrent Relocate 3.171ms
[3.809s][info][gc,phases] GC(145) y: Young Generation 1470M(72%)->1162M(57%) 0.023s
[3.809s][info][gc       ] GC(145) Minor Collection (Allocation Rate) 1466M(72%)->1162M(57%) 0.023s
[3.809s][info][gc       ] GC(146) Minor Collection (Allocation Rate)
[3.809s][info][gc,phases] GC(146) y: Young Generation
[3.809s][info][gc,phases] GC(146) y: Pause Mark Start 0.009ms
[3.816s][info][gc,phases] GC(146) y: Concurrent Mark 7.211ms
[3.817s][info][gc,phases] GC(146) y: Pause Mark End 0.009ms
[3.817s][info][gc,phases] GC(146) y: Concurrent Mark Free 0.001ms
[3.817s][info][gc,phases] GC(146) y: Concurrent Reset Relocation Set 0.006ms
[3.819s][info][gc,phases] GC(146) y: Concurrent Select Relocation Set 1.838ms
[3.819s][info][gc,phases] GC(146) y: Pause Relocate Start 0.009ms
[3.820s][info][gc,phases] GC(146) y: Concurrent Relocate 0.985ms
[3.820s][info][gc,phases] GC(146) y: Young Generation 1162M(57%)->1186M(58%) 0.011s
[3.820s][info][gc       ] GC(146) Minor Collection (Allocation Rate) 1162M(57%)->1186M(58%) 0.012s
[3.820s][info][gc       ] GC(147) Minor Collection (Allocation Rate)
[3.821s][info][gc,phases] GC(147) y: Young Generation
[3.821s][info][gc,phases] GC(147) y: Pause Mark Start 0.005ms
[3.828s][info][gc,phases] GC(147) y: Concurrent Mark 6.587ms
[3.828s][info][gc,phases] GC(147) y: Pause Mark End 0.012ms
[3.828s][info][gc,phases] GC(147) y: Concurrent Mark Free 0.000ms
[3.828s][info][gc,phases] GC(147) y: Concurrent Reset Relocation Set 0.005ms
[3.830s][info][gc,phases] GC(147) y: Concurrent Select Relocation Set 1.873ms
[3.830s][info][gc,phases] GC(147) y: Pause Relocate Start 0.006ms
[3.832s][info][gc,phases] GC(147) y: Concurrent Relocate 1.298ms
[3.832s][info][gc,phases] GC(147) y: Young Generation 1188M(58%)->1174M(57%) 0.011s
[3.832s][info][gc       ] GC(147) Minor Collection (Allocation Rate) 1188M(58%)->1174M(57%) 0.011s
[3.834s][info][gc       ] GC(148) Minor Collection (Allocation Rate)
[3.834s][info][gc,phases] GC(148) y: Young Generation
[3.834s][info][gc,phases] GC(148) y: Pause Mark Start 0.007ms
[3.840s][info][gc,phases] GC(148) y: Concurrent Mark 5.630ms
[3.840s][info][gc,phases] GC(148) y: Pause Mark End 0.010ms
[3.840s][info][gc,phases] GC(148) y: Concurrent Mark Free 0.000ms
[3.841s][info][gc,phases] GC(148) y: Concurrent Reset Relocation Set 0.007ms
[3.842s][info][gc,phases] GC(148) y: Concurrent Select Relocation Set 1.508ms
[3.842s][info][gc,phases] GC(148) y: Pause Relocate Start 0.010ms
[3.843s][info][gc,phases] GC(148) y: Concurrent Relocate 1.024ms
[3.844s][info][gc,phases] GC(148) y: Young Generation 1194M(58%)->1204M(59%) 0.010s
[3.844s][info][gc       ] GC(148) Minor Collection (Allocation Rate) 1194M(58%)->1204M(59%) 0.010s
[3.849s][info][gc       ] GC(149) Minor Collection (Allocation Rate)
[3.849s][info][gc,phases] GC(149) y: Young Generation
[3.850s][info][gc,phases] GC(149) y: Pause Mark Start 0.009ms
[3.856s][info][gc,phases] GC(149) y: Concurrent Mark 5.987ms
[3.856s][info][gc,phases] GC(149) y: Pause Mark End 0.009ms
[3.856s][info][gc,phases] GC(149) y: Concurrent Mark Free 0.000ms
[3.856s][info][gc,phases] GC(149) y: Concurrent Reset Relocation Set 0.002ms
[3.858s][info][gc,phases] GC(149) y: Concurrent Select Relocation Set 1.510ms
[3.858s][info][gc,phases] GC(149) y: Pause Relocate Start 0.005ms
[3.859s][info][gc,phases] GC(149) y: Concurrent Relocate 1.523ms
[3.860s][info][gc,phases] GC(149) y: Young Generation 1258M(61%)->1186M(58%) 0.010s
[3.860s][info][gc       ] GC(149) Minor Collection (Allocation Rate) 1258M(61%)->1188M(58%) 0.010s
[3.870s][info][gc       ] GC(150) Minor Collection (Allocation Rate)
[3.870s][info][gc,phases] GC(150) y: Young Generation
[3.870s][info][gc,phases] GC(150) y: Pause Mark Start 0.007ms
[3.877s][info][gc,phases] GC(150) y: Concurrent Mark 6.742ms
[3.877s][info][gc,phases] GC(150) y: Pause Mark End 0.009ms
[3.877s][info][gc,phases] GC(150) y: Concurrent Mark Free 0.000ms
[3.877s][info][gc,phases] GC(150) y: Concurrent Reset Relocation Set 0.003ms
[3.879s][info][gc,phases] GC(150) y: Concurrent Select Relocation Set 1.527ms
[3.879s][info][gc,phases] GC(150) y: Pause Relocate Start 0.005ms
[3.881s][info][gc,phases] GC(150) y: Concurrent Relocate 2.291ms
[3.882s][info][gc,phases] GC(150) y: Young Generation 1360M(66%)->1194M(58%) 0.012s
[3.882s][info][gc       ] GC(150) Minor Collection (Allocation Rate) 1360M(66%)->1194M(58%) 0.012s
[3.884s][info][gc,phases] GC(141) O: Concurrent Mark 163.228ms
[3.884s][info][gc,phases] GC(141) O: Pause Mark End 0.009ms
[3.884s][info][gc,phases] GC(141) O: Concurrent Mark Free 0.000ms
[3.888s][info][gc,phases] GC(141) O: Concurrent Process Non-Strong 3.620ms
[3.888s][info][gc,phases] GC(141) O: Concurrent Reset Relocation Set 0.015ms
[3.890s][info][gc,phases] GC(141) O: Concurrent Select Relocation Set 1.797ms
[3.911s][info][gc,phases] GC(141) O: Concurrent Remap Roots 20.796ms
[3.911s][info][gc,phases] GC(141) O: Pause Relocate Start 0.009ms
[3.911s][info][gc       ] GC(151) Minor Collection (Allocation Rate)
[3.911s][info][gc,phases] GC(151) y: Young Generation
[3.911s][info][gc,phases] GC(151) y: Pause Mark Start 0.004ms
[3.923s][info][gc,phases] GC(151) y: Concurrent Mark 11.852ms
[3.924s][info][gc,phases] GC(151) y: Pause Mark End 0.009ms
[3.924s][info][gc,phases] GC(151) y: Concurrent Mark Free 0.000ms
[3.924s][info][gc,phases] GC(151) y: Concurrent Reset Relocation Set 0.012ms
[3.925s][info][gc,phases] GC(151) y: Concurrent Select Relocation Set 1.608ms
[3.926s][info][gc,phases] GC(151) y: Pause Relocate Start 0.009ms
[3.929s][info][gc,phases] GC(151) y: Concurrent Relocate 3.320ms
[3.929s][info][gc,phases] GC(151) y: Young Generation 1450M(71%)->1148M(56%) 0.018s
[3.929s][info][gc       ] GC(151) Minor Collection (Allocation Rate) 1458M(71%)->1150M(56%) 0.018s
[3.929s][info][gc       ] GC(152) Minor Collection (Allocation Rate)
[3.930s][info][gc,phases] GC(152) y: Young Generation
[3.930s][info][gc,phases] GC(152) y: Pause Mark Start 0.011ms
[3.940s][info][gc,phases] GC(152) y: Concurrent Mark 10.014ms
[3.940s][info][gc,phases] GC(152) y: Pause Mark End 0.009ms
[3.941s][info][gc,phases] GC(152) y: Concurrent Mark Free 0.001ms
[3.941s][info][gc,phases] GC(152) y: Concurrent Reset Relocation Set 0.008ms
[3.942s][info][gc,phases] GC(152) y: Concurrent Select Relocation Set 1.644ms
[3.943s][info][gc,phases] GC(152) y: Pause Relocate Start 0.010ms
[3.944s][info][gc,phases] GC(152) y: Concurrent Relocate 1.639ms
[3.944s][info][gc,phases] GC(152) y: Young Generation 1152M(56%)->1088M(53%) 0.015s
[3.945s][info][gc       ] GC(152) Minor Collection (Allocation Rate) 1148M(56%)->1090M(53%) 0.015s
[3.945s][info][gc,phases] GC(141) O: Concurrent Relocate 34.095ms
[3.945s][info][gc,phases] GC(141) O: Old Generation 1264M(62%)->1092M(53%) 0.225s
[3.945s][info][gc       ] GC(141) Major Collection (Allocation Rate) 1354M(66%)->1092M(53%) 0.238s
[3.949s][info][gc       ] GC(153) Minor Collection (Allocation Rate)
[3.949s][info][gc,phases] GC(153) y: Young Generation
[3.949s][info][gc,phases] GC(153) y: Pause Mark Start 0.009ms
[3.958s][info][gc,phases] GC(153) y: Concurrent Mark 8.308ms
[3.958s][info][gc,phases] GC(153) y: Pause Mark End 0.016ms
[3.958s][info][gc,phases] GC(153) y: Concurrent Mark Free 0.001ms
[3.958s][info][gc,phases] GC(153) y: Concurrent Reset Relocation Set 0.006ms
[3.960s][info][gc,phases] GC(153) y: Concurrent Select Relocation Set 2.030ms
[3.960s][info][gc,phases] GC(153) y: Pause Relocate Start 0.006ms
[3.962s][info][gc,phases] GC(153) y: Concurrent Relocate 1.935ms
[3.963s][info][gc,phases] GC(153) y: Young Generation 1128M(55%)->1124M(55%) 0.014s
[3.963s][info][gc       ] GC(153) Minor Collection (Allocation Rate) 1126M(55%)->1128M(55%) 0.014s
[3.998s][info][gc       ] GC(154) Minor Collection (Allocation Rate)
[3.998s][info][gc,phases] GC(154) y: Young Generation
[3.998s][info][gc,phases] GC(154) y: Pause Mark Start 0.008ms
[4.009s][info][gc,phases] GC(154) y: Concurrent Mark 10.081ms
[4.009s][info][gc,phases] GC(154) y: Pause Mark End 0.010ms
[4.009s][info][gc,phases] GC(154) y: Concurrent Mark Free 0.001ms
[4.009s][info][gc,phases] GC(154) y: Concurrent Reset Relocation Set 0.008ms
[4.010s][info][gc,phases] GC(154) y: Concurrent Select Relocation Set 1.494ms
[4.011s][info][gc,phases] GC(154) y: Pause Relocate Start 0.008ms
[4.015s][info][gc,phases] GC(154) y: Concurrent Relocate 4.371ms
[4.015s][info][gc,phases] GC(154) y: Young Generation 1476M(72%)->1160M(57%) 0.017s
[4.015s][info][gc       ] GC(154) Minor Collection (Allocation Rate) 1474M(72%)->1162M(57%) 0.017s
[4.046s][info][gc       ] GC(155) Minor Collection (Allocation Rate)
[4.046s][info][gc,phases] GC(155) y: Young Generation
[4.046s][info][gc,phases] GC(155) y: Pause Mark Start 0.007ms
[4.058s][info][gc,phases] GC(155) y: Concurrent Mark 11.336ms
[4.058s][info][gc,phases] GC(155) y: Pause Mark End 0.010ms
[4.058s][info][gc,phases] GC(155) y: Concurrent Mark Free 0.001ms
[4.058s][info][gc,phases] GC(155) y: Concurrent Reset Relocation Set 0.009ms
[4.060s][info][gc,phases] GC(155) y: Concurrent Select Relocation Set 1.666ms
[4.060s][info][gc,phases] GC(155) y: Pause Relocate Start 0.004ms
[4.065s][info][gc,phases] GC(155) y: Concurrent Relocate 4.619ms
[4.065s][info][gc,phases] GC(155) y: Young Generation 1502M(73%)->1148M(56%) 0.019s
[4.065s][info][gc       ] GC(155) Minor Collection (Allocation Rate) 1502M(73%)->1150M(56%) 0.019s
[4.095s][info][gc       ] GC(156) Minor Collection (Allocation Rate)
[4.095s][info][gc,phases] GC(156) y: Young Generation
[4.096s][info][gc,phases] GC(156) y: Pause Mark Start 0.007ms
[4.108s][info][gc,phases] GC(156) y: Concurrent Mark 11.777ms
[4.108s][info][gc,phases] GC(156) y: Pause Mark End 0.010ms
[4.108s][info][gc,phases] GC(156) y: Concurrent Mark Free 0.001ms
[4.108s][info][gc,phases] GC(156) y: Concurrent Reset Relocation Set 0.009ms
[4.110s][info][gc,phases] GC(156) y: Concurrent Select Relocation Set 1.681ms
[4.110s][info][gc,phases] GC(156) y: Pause Relocate Start 0.008ms
[4.114s][info][gc,phases] GC(156) y: Concurrent Relocate 4.078ms
[4.114s][info][gc,phases] GC(156) y: Young Generation 1448M(71%)->1150M(56%) 0.019s
[4.115s][info][gc       ] GC(156) Minor Collection (Allocation Rate) 1446M(71%)->1152M(56%) 0.019s
[4.153s][info][gc       ] GC(157) Minor Collection (Allocation Rate)
[4.153s][info][gc,phases] GC(157) y: Young Generation
[4.153s][info][gc,phases] GC(157) y: Pause Mark Start 0.007ms
[4.166s][info][gc,phases] GC(157) y: Concurrent Mark 12.787ms
[4.167s][info][gc,phases] GC(157) y: Pause Mark End 0.010ms
[4.167s][info][gc,phases] GC(157) y: Concurrent Mark Free 0.000ms
[4.167s][info][gc,phases] GC(157) y: Concurrent Reset Relocation Set 0.009ms
[4.169s][info][gc,phases] GC(157) y: Concurrent Select Relocation Set 2.035ms
[4.169s][info][gc,phases] GC(157) y: Pause Relocate Start 0.005ms
[4.174s][info][gc,phases] GC(157) y: Concurrent Relocate 4.946ms
[4.174s][info][gc,phases] GC(157) y: Young Generation 1536M(75%)->1180M(58%) 0.021s
[4.174s][info][gc       ] GC(157) Minor Collection (Allocation Rate) 1534M(75%)->1182M(58%) 0.021s
[4.202s][info][gc       ] GC(158) Minor Collection (Allocation Rate)
[4.203s][info][gc,phases] GC(158) y: Young Generation
[4.203s][info][gc,phases] GC(158) y: Pause Mark Start 0.007ms
[4.216s][info][gc,phases] GC(158) y: Concurrent Mark 12.640ms
[4.216s][info][gc,phases] GC(158) y: Pause Mark End 0.010ms
[4.216s][info][gc,phases] GC(158) y: Concurrent Mark Free 0.001ms
[4.216s][info][gc,phases] GC(158) y: Concurrent Reset Relocation Set 0.014ms
[4.218s][info][gc,phases] GC(158) y: Concurrent Select Relocation Set 1.978ms
[4.218s][info][gc,phases] GC(158) y: Pause Relocate Start 0.005ms
[4.223s][info][gc,phases] GC(158) y: Concurrent Relocate 4.228ms
[4.223s][info][gc,phases] GC(158) y: Young Generation 1464M(71%)->1180M(58%) 0.020s
[4.223s][info][gc       ] GC(158) Minor Collection (Allocation Rate) 1462M(71%)->1184M(58%) 0.020s
[4.255s][info][gc       ] GC(159) Minor Collection (Allocation Rate)
[4.256s][info][gc,phases] GC(159) y: Young Generation
[4.256s][info][gc,phases] GC(159) y: Pause Mark Start 0.009ms
[4.268s][info][gc,phases] GC(159) y: Concurrent Mark 12.416ms
[4.269s][info][gc,phases] GC(159) y: Pause Mark End 0.009ms
[4.269s][info][gc,phases] GC(159) y: Concurrent Mark Free 0.001ms
[4.269s][info][gc,phases] GC(159) y: Concurrent Reset Relocation Set 0.012ms
[4.271s][info][gc,phases] GC(159) y: Concurrent Select Relocation Set 1.933ms
[4.271s][info][gc,phases] GC(159) y: Pause Relocate Start 0.006ms
[4.276s][info][gc,phases] GC(159) y: Concurrent Relocate 4.459ms
[4.276s][info][gc,phases] GC(159) y: Young Generation 1506M(74%)->1188M(58%) 0.020s
[4.276s][info][gc       ] GC(159) Minor Collection (Allocation Rate) 1506M(74%)->1190M(58%) 0.020s
[4.313s][info][gc       ] GC(160) Minor Collection (Allocation Rate)
[4.313s][info][gc,phases] GC(160) y: Young Generation
[4.313s][info][gc,phases] GC(160) y: Pause Mark Start 0.007ms
[4.325s][info][gc,phases] GC(160) y: Concurrent Mark 11.815ms
[4.325s][info][gc,phases] GC(160) y: Pause Mark End 0.015ms
[4.326s][info][gc,phases] GC(160) y: Concurrent Mark Free 0.000ms
[4.326s][info][gc,phases] GC(160) y: Concurrent Reset Relocation Set 0.012ms
[4.328s][info][gc,phases] GC(160) y: Concurrent Select Relocation Set 2.113ms
[4.328s][info][gc,phases] GC(160) y: Pause Relocate Start 0.010ms
[4.333s][info][gc,phases] GC(160) y: Concurrent Relocate 5.025ms
[4.333s][info][gc,phases] GC(160) y: Young Generation 1562M(76%)->1284M(63%) 0.020s
[4.333s][info][gc       ] GC(160) Minor Collection (Allocation Rate) 1560M(76%)->1286M(63%) 0.021s
[4.359s][info][gc       ] GC(161) Minor Collection (Allocation Rate)
[4.359s][info][gc,phases] GC(161) y: Young Generation
[4.359s][info][gc,phases] GC(161) y: Pause Mark Start 0.011ms
[4.371s][info][gc,phases] GC(161) y: Concurrent Mark 12.042ms
[4.372s][info][gc,phases] GC(161) y: Pause Mark End 0.009ms
[4.372s][info][gc,phases] GC(161) y: Concurrent Mark Free 0.001ms
[4.372s][info][gc,phases] GC(161) y: Concurrent Reset Relocation Set 0.015ms
[4.374s][info][gc,phases] GC(161) y: Concurrent Select Relocation Set 1.759ms
[4.374s][info][gc,phases] GC(161) y: Pause Relocate Start 0.006ms
[4.378s][info][gc,phases] GC(161) y: Concurrent Relocate 4.433ms
[4.379s][info][gc,phases] GC(161) y: Young Generation 1540M(75%)->1204M(59%) 0.020s
[4.379s][info][gc       ] GC(161) Minor Collection (Allocation Rate) 1538M(75%)->1206M(59%) 0.020s
[4.412s][info][gc       ] GC(162) Minor Collection (Allocation Rate)
[4.412s][info][gc,phases] GC(162) y: Young Generation
[4.412s][info][gc,phases] GC(162) y: Pause Mark Start 0.006ms
[4.425s][info][gc,phases] GC(162) y: Concurrent Mark 12.493ms
[4.425s][info][gc,phases] GC(162) y: Pause Mark End 0.009ms
[4.425s][info][gc,phases] GC(162) y: Concurrent Mark Free 0.001ms
[4.425s][info][gc,phases] GC(162) y: Concurrent Reset Relocation Set 0.009ms
[4.427s][info][gc,phases] GC(162) y: Concurrent Select Relocation Set 1.982ms
[4.427s][info][gc,phases] GC(162) y: Pause Relocate Start 0.006ms
[4.432s][info][gc,phases] GC(162) y: Concurrent Relocate 4.489ms
[4.432s][info][gc,phases] GC(162) y: Young Generation 1534M(75%)->1226M(60%) 0.020s
[4.432s][info][gc       ] GC(162) Minor Collection (Allocation Rate) 1532M(75%)->1226M(60%) 0.021s
[4.464s][info][gc       ] GC(163) Minor Collection (Allocation Rate)
[4.465s][info][gc,phases] GC(163) y: Young Generation
[4.465s][info][gc,phases] GC(163) y: Pause Mark Start 0.007ms
[4.478s][info][gc,phases] GC(163) y: Concurrent Mark 12.640ms
[4.478s][info][gc,phases] GC(163) y: Pause Mark End 0.010ms
[4.478s][info][gc,phases] GC(163) y: Concurrent Mark Free 0.001ms
[4.478s][info][gc,phases] GC(163) y: Concurrent Reset Relocation Set 0.012ms
[4.480s][info][gc,phases] GC(163) y: Concurrent Select Relocation Set 1.889ms
[4.480s][info][gc,phases] GC(163) y: Pause Relocate Start 0.006ms
[4.485s][info][gc,phases] GC(163) y: Concurrent Relocate 4.516ms
[4.485s][info][gc,phases] GC(163) y: Young Generation 1546M(75%)->1232M(60%) 0.020s
[4.485s][info][gc       ] GC(163) Minor Collection (Allocation Rate) 1546M(75%)->1236M(60%) 0.021s
[4.517s][info][gc       ] GC(164) Minor Collection (Allocation Rate)
[4.517s][info][gc,phases] GC(164) y: Young Generation
[4.517s][info][gc,phases] GC(164) y: Pause Mark Start 0.007ms
[4.529s][info][gc,phases] GC(164) y: Concurrent Mark 11.674ms
[4.529s][info][gc,phases] GC(164) y: Pause Mark End 0.011ms
[4.530s][info][gc,phases] GC(164) y: Concurrent Mark Free 0.001ms
[4.530s][info][gc,phases] GC(164) y: Concurrent Reset Relocation Set 0.011ms
[4.532s][info][gc,phases] GC(164) y: Concurrent Select Relocation Set 2.043ms
[4.532s][info][gc,phases] GC(164) y: Pause Relocate Start 0.006ms
[4.537s][info][gc,phases] GC(164) y: Concurrent Relocate 4.658ms
[4.537s][info][gc,phases] GC(164) y: Young Generation 1554M(76%)->1318M(64%) 0.020s
[4.537s][info][gc       ] GC(164) Minor Collection (Allocation Rate) 1554M(76%)->1320M(64%) 0.020s
[4.560s][info][gc       ] GC(165) Minor Collection (Allocation Rate)
[4.560s][info][gc,phases] GC(165) y: Young Generation
[4.560s][info][gc,phases] GC(165) y: Pause Mark Start 0.007ms
[4.572s][info][gc,phases] GC(165) y: Concurrent Mark 11.807ms
[4.572s][info][gc,phases] GC(165) y: Pause Mark End 0.009ms
[4.573s][info][gc,phases] GC(165) y: Concurrent Mark Free 0.000ms
[4.573s][info][gc,phases] GC(165) y: Concurrent Reset Relocation Set 0.014ms
[4.574s][info][gc,phases] GC(165) y: Concurrent Select Relocation Set 1.752ms
[4.575s][info][gc,phases] GC(165) y: Pause Relocate Start 0.005ms
[4.579s][info][gc,phases] GC(165) y: Concurrent Relocate 4.094ms
[4.579s][info][gc,phases] GC(165) y: Young Generation 1546M(75%)->1234M(60%) 0.019s
[4.579s][info][gc       ] GC(165) Minor Collection (Allocation Rate) 1546M(75%)->1238M(60%) 0.019s
[4.609s][info][gc       ] GC(166) Minor Collection (Allocation Rate)
[4.610s][info][gc,phases] GC(166) y: Young Generation
[4.610s][info][gc,phases] GC(166) y: Pause Mark Start 0.007ms
[4.622s][info][gc,phases] GC(166) y: Concurrent Mark 12.046ms
[4.622s][info][gc,phases] GC(166) y: Pause Mark End 0.009ms
[4.622s][info][gc,phases] GC(166) y: Concurrent Mark Free 0.001ms
[4.622s][info][gc,phases] GC(166) y: Concurrent Reset Relocation Set 0.009ms
[4.625s][info][gc,phases] GC(166) y: Concurrent Select Relocation Set 1.968ms
[4.625s][info][gc,phases] GC(166) y: Pause Relocate Start 0.006ms
[4.629s][info][gc,phases] GC(166) y: Concurrent Relocate 4.110ms
[4.629s][info][gc,phases] GC(166) y: Young Generation 1542M(75%)->1280M(62%) 0.019s
[4.629s][info][gc       ] GC(166) Minor Collection (Allocation Rate) 1540M(75%)->1282M(63%) 0.020s
[4.651s][info][gc       ] GC(167) Minor Collection (Allocation Rate)
[4.651s][info][gc,phases] GC(167) y: Young Generation
[4.651s][info][gc,phases] GC(167) y: Pause Mark Start 0.007ms
[4.663s][info][gc,phases] GC(167) y: Concurrent Mark 12.185ms
[4.664s][info][gc,phases] GC(167) y: Pause Mark End 0.009ms
[4.664s][info][gc,phases] GC(167) y: Concurrent Mark Free 0.001ms
[4.664s][info][gc,phases] GC(167) y: Concurrent Reset Relocation Set 0.011ms
[4.666s][info][gc,phases] GC(167) y: Concurrent Select Relocation Set 1.858ms
[4.666s][info][gc,phases] GC(167) y: Pause Relocate Start 0.008ms
[4.670s][info][gc,phases] GC(167) y: Concurrent Relocate 4.137ms
[4.671s][info][gc,phases] GC(167) y: Young Generation 1534M(75%)->1258M(61%) 0.020s
[4.671s][info][gc       ] GC(167) Minor Collection (Allocation Rate) 1534M(75%)->1262M(62%) 0.020s
[4.700s][info][gc       ] GC(168) Major Collection (Allocation Rate)
[4.701s][info][gc,phases] GC(168) Y: Young Generation
[4.701s][info][gc,phases] GC(168) Y: Pause Mark Start (Major) 0.008ms
[4.710s][info][gc,phases] GC(168) Y: Concurrent Mark 9.378ms
[4.711s][info][gc,phases] GC(168) Y: Pause Mark End 0.008ms
[4.711s][info][gc,phases] GC(168) Y: Concurrent Mark Free 0.001ms
[4.711s][info][gc,phases] GC(168) Y: Concurrent Reset Relocation Set 0.014ms
[4.713s][info][gc,phases] GC(168) Y: Concurrent Select Relocation Set 1.741ms
[4.713s][info][gc,phases] GC(168) Y: Pause Relocate Start 0.005ms
[4.717s][info][gc,phases] GC(168) Y: Concurrent Relocate 3.966ms
[4.717s][info][gc,phases] GC(168) Y: Young Generation 1558M(76%)->1242M(61%) 0.016s
[4.717s][info][gc,phases] GC(168) O: Old Generation
[4.745s][info][gc       ] GC(169) Minor Collection (Allocation Rate)
[4.745s][info][gc,phases] GC(169) y: Young Generation
[4.745s][info][gc,phases] GC(169) y: Pause Mark Start 0.011ms
[4.755s][info][gc,phases] GC(169) y: Concurrent Mark 9.543ms
[4.755s][info][gc,phases] GC(169) y: Pause Mark End 0.012ms
[4.755s][info][gc,phases] GC(169) y: Concurrent Mark Free 0.001ms
[4.756s][info][gc,phases] GC(169) y: Concurrent Reset Relocation Set 0.009ms
[4.758s][info][gc,phases] GC(169) y: Concurrent Select Relocation Set 1.916ms
[4.758s][info][gc,phases] GC(169) y: Pause Relocate Start 0.007ms
[4.762s][info][gc,phases] GC(169) y: Concurrent Relocate 3.861ms
[4.762s][info][gc,phases] GC(169) y: Young Generation 1518M(74%)->1252M(61%) 0.017s
[4.762s][info][gc       ] GC(169) Minor Collection (Allocation Rate) 1516M(74%)->1256M(61%) 0.017s
[4.794s][info][gc       ] GC(170) Minor Collection (Allocation Rate)
[4.794s][info][gc,phases] GC(170) y: Young Generation
[4.795s][info][gc,phases] GC(170) y: Pause Mark Start 0.010ms
[4.804s][info][gc,phases] GC(170) y: Concurrent Mark 9.129ms
[4.804s][info][gc,phases] GC(170) y: Pause Mark End 0.009ms
[4.804s][info][gc,phases] GC(170) y: Concurrent Mark Free 0.000ms
[4.804s][info][gc,phases] GC(170) y: Concurrent Reset Relocation Set 0.015ms
[4.806s][info][gc,phases] GC(170) y: Concurrent Select Relocation Set 1.902ms
[4.807s][info][gc,phases] GC(170) y: Pause Relocate Start 0.006ms
[4.811s][info][gc,phases] GC(170) y: Concurrent Relocate 4.238ms
[4.811s][info][gc,phases] GC(170) y: Young Generation 1572M(77%)->1330M(65%) 0.017s
[4.811s][info][gc       ] GC(170) Minor Collection (Allocation Rate) 1572M(77%)->1330M(65%) 0.017s
[4.842s][info][gc       ] GC(171) Minor Collection (Allocation Rate)
[4.842s][info][gc,phases] GC(171) y: Young Generation
[4.842s][info][gc,phases] GC(171) y: Pause Mark Start 0.006ms
[4.851s][info][gc,phases] GC(171) y: Concurrent Mark 8.676ms
[4.851s][info][gc,phases] GC(171) y: Pause Mark End 0.014ms
[4.851s][info][gc,phases] GC(171) y: Concurrent Mark Free 0.000ms
[4.851s][info][gc,phases] GC(171) y: Concurrent Reset Relocation Set 0.016ms
[4.853s][info][gc,phases] GC(171) y: Concurrent Select Relocation Set 1.538ms
[4.853s][info][gc,phases] GC(171) y: Pause Relocate Start 0.009ms
[4.857s][info][gc,phases] GC(171) y: Concurrent Relocate 4.211ms
[4.857s][info][gc,phases] GC(171) y: Young Generation 1628M(79%)->1264M(62%) 0.016s
[4.857s][info][gc       ] GC(171) Minor Collection (Allocation Rate) 1628M(79%)->1268M(62%) 0.016s
[4.868s][info][gc,phases] GC(168) O: Concurrent Mark 151.267ms
[4.869s][info][gc,phases] GC(168) O: Pause Mark End 0.010ms
[4.869s][info][gc,phases] GC(168) O: Concurrent Mark Free 0.001ms
[4.873s][info][gc,phases] GC(168) O: Concurrent Process Non-Strong 3.756ms
[4.873s][info][gc,phases] GC(168) O: Concurrent Reset Relocation Set 0.012ms
[4.875s][info][gc,phases] GC(168) O: Concurrent Select Relocation Set 2.106ms
[4.896s][info][gc,phases] GC(168) O: Concurrent Remap Roots 20.873ms
[4.896s][info][gc,phases] GC(168) O: Pause Relocate Start 0.009ms
[4.896s][info][gc       ] GC(172) Minor Collection (Allocation Rate)
[4.897s][info][gc,phases] GC(172) y: Young Generation
[4.897s][info][gc,phases] GC(172) y: Pause Mark Start 0.008ms
[4.909s][info][gc,phases] GC(172) y: Concurrent Mark 12.508ms
[4.910s][info][gc,phases] GC(172) y: Pause Mark End 0.009ms
[4.910s][info][gc,phases] GC(172) y: Concurrent Mark Free 0.001ms
[4.910s][info][gc,phases] GC(172) y: Concurrent Reset Relocation Set 0.009ms
[4.912s][info][gc,phases] GC(172) y: Concurrent Select Relocation Set 1.609ms
[4.912s][info][gc,phases] GC(172) y: Pause Relocate Start 0.010ms
[4.917s][info][gc,phases] GC(172) y: Concurrent Relocate 4.442ms
[4.917s][info][gc,phases] GC(172) y: Young Generation 1622M(79%)->1154M(56%) 0.020s
[4.917s][info][gc       ] GC(172) Minor Collection (Allocation Rate) 1640M(80%)->1152M(56%) 0.020s
[4.942s][info][gc,phases] GC(168) O: Concurrent Relocate 45.119ms
[4.942s][info][gc,phases] GC(168) O: Old Generation 1244M(61%)->1288M(63%) 0.225s
[4.942s][info][gc       ] GC(168) Major Collection (Allocation Rate) 1556M(76%)->1290M(63%) 0.241s
[4.961s][info][gc       ] GC(173) Minor Collection (Allocation Rate)
[4.961s][info][gc,phases] GC(173) y: Young Generation
[4.961s][info][gc,phases] GC(173) y: Pause Mark Start 0.011ms
[4.975s][info][gc,phases] GC(173) y: Concurrent Mark 13.365ms
[4.975s][info][gc,phases] GC(173) y: Pause Mark End 0.010ms
[4.975s][info][gc,phases] GC(173) y: Concurrent Mark Free 0.001ms
[4.975s][info][gc,phases] GC(173) y: Concurrent Reset Relocation Set 0.009ms
[4.977s][info][gc,phases] GC(173) y: Concurrent Select Relocation Set 2.110ms
[4.978s][info][gc,phases] GC(173) y: Pause Relocate Start 0.006ms
[4.983s][info][gc,phases] GC(173) y: Concurrent Relocate 5.229ms
[4.983s][info][gc,phases] GC(173) y: Young Generation 1474M(72%)->1106M(54%) 0.022s
[4.983s][info][gc       ] GC(173) Minor Collection (Allocation Rate) 1472M(72%)->1106M(54%) 0.022s
[5.016s][info][gc       ] GC(174) Minor Collection (Allocation Rate)
[5.016s][info][gc,phases] GC(174) y: Young Generation
[5.016s][info][gc,phases] GC(174) y: Pause Mark Start 0.007ms
[5.029s][info][gc,phases] GC(174) y: Concurrent Mark 12.747ms
[5.029s][info][gc,phases] GC(174) y: Pause Mark End 0.010ms
[5.029s][info][gc,phases] GC(174) y: Concurrent Mark Free 0.001ms
[5.030s][info][gc,phases] GC(174) y: Concurrent Reset Relocation Set 0.015ms
[5.031s][info][gc,phases] GC(174) y: Concurrent Select Relocation Set 1.757ms
[5.032s][info][gc,phases] GC(174) y: Pause Relocate Start 0.006ms
[5.036s][info][gc,phases] GC(174) y: Concurrent Relocate 4.503ms
[5.036s][info][gc,phases] GC(174) y: Young Generation 1420M(69%)->1086M(53%) 0.020s
[5.036s][info][gc       ] GC(174) Minor Collection (Allocation Rate) 1418M(69%)->1088M(53%) 0.021s
[5.080s][info][gc       ] GC(175) Minor Collection (Allocation Rate)
[5.081s][info][gc,phases] GC(175) y: Young Generation
[5.081s][info][gc,phases] GC(175) y: Pause Mark Start 0.008ms
[5.095s][info][gc,phases] GC(175) y: Concurrent Mark 13.916ms
[5.095s][info][gc,phases] GC(175) y: Pause Mark End 0.009ms
[5.095s][info][gc,phases] GC(175) y: Concurrent Mark Free 0.001ms
[5.095s][info][gc,phases] GC(175) y: Concurrent Reset Relocation Set 0.008ms
[5.098s][info][gc,phases] GC(175) y: Concurrent Select Relocation Set 2.177ms
[5.098s][info][gc,phases] GC(175) y: Pause Relocate Start 0.005ms
[5.104s][info][gc,phases] GC(175) y: Concurrent Relocate 5.551ms
[5.104s][info][gc,phases] GC(175) y: Young Generation 1510M(74%)->1120M(55%) 0.023s
[5.104s][info][gc       ] GC(175) Minor Collection (Allocation Rate) 1508M(74%)->1122M(55%) 0.023s
[5.141s][info][gc       ] GC(176) Minor Collection (Allocation Rate)
[5.142s][info][gc,phases] GC(176) y: Young Generation
[5.142s][info][gc,phases] GC(176) y: Pause Mark Start 0.010ms
[5.154s][info][gc,phases] GC(176) y: Concurrent Mark 12.465ms
[5.155s][info][gc,phases] GC(176) y: Pause Mark End 0.011ms
[5.155s][info][gc,phases] GC(176) y: Concurrent Mark Free 0.001ms
[5.155s][info][gc,phases] GC(176) y: Concurrent Reset Relocation Set 0.019ms
[5.157s][info][gc,phases] GC(176) y: Concurrent Select Relocation Set 2.189ms
[5.157s][info][gc,phases] GC(176) y: Pause Relocate Start 0.006ms
[5.163s][info][gc,phases] GC(176) y: Concurrent Relocate 5.214ms
[5.163s][info][gc,phases] GC(176) y: Young Generation 1484M(72%)->1198M(58%) 0.021s
[5.163s][info][gc       ] GC(176) Minor Collection (Allocation Rate) 1482M(72%)->1200M(59%) 0.022s
[5.192s][info][gc       ] GC(177) Minor Collection (Allocation Rate)
[5.192s][info][gc,phases] GC(177) y: Young Generation
[5.192s][info][gc,phases] GC(177) y: Pause Mark Start 0.007ms
[5.205s][info][gc,phases] GC(177) y: Concurrent Mark 12.470ms
[5.205s][info][gc,phases] GC(177) y: Pause Mark End 0.009ms
[5.205s][info][gc,phases] GC(177) y: Concurrent Mark Free 0.000ms
[5.205s][info][gc,phases] GC(177) y: Concurrent Reset Relocation Set 0.015ms
[5.207s][info][gc,phases] GC(177) y: Concurrent Select Relocation Set 1.720ms
[5.207s][info][gc,phases] GC(177) y: Pause Relocate Start 0.006ms
[5.212s][info][gc,phases] GC(177) y: Concurrent Relocate 4.728ms
[5.212s][info][gc,phases] GC(177) y: Young Generation 1478M(72%)->1112M(54%) 0.020s
[5.212s][info][gc       ] GC(177) Minor Collection (Allocation Rate) 1478M(72%)->1114M(54%) 0.021s
[5.251s][info][gc       ] GC(178) Minor Collection (Allocation Rate)
[5.251s][info][gc,phases] GC(178) y: Young Generation
[5.252s][info][gc,phases] GC(178) y: Pause Mark Start 0.006ms
[5.264s][info][gc,phases] GC(178) y: Concurrent Mark 11.912ms
[5.264s][info][gc,phases] GC(178) y: Pause Mark End 0.010ms
[5.264s][info][gc,phases] GC(178) y: Concurrent Mark Free 0.000ms
[5.264s][info][gc,phases] GC(178) y: Concurrent Reset Relocation Set 0.009ms
[5.266s][info][gc,phases] GC(178) y: Concurrent Select Relocation Set 2.206ms
[5.267s][info][gc,phases] GC(178) y: Pause Relocate Start 0.005ms
[5.272s][info][gc,phases] GC(178) y: Concurrent Relocate 5.126ms
[5.272s][info][gc,phases] GC(178) y: Young Generation 1490M(73%)->1210M(59%) 0.021s
[5.272s][info][gc       ] GC(178) Minor Collection (Allocation Rate) 1488M(73%)->1210M(59%) 0.021s
[5.302s][info][gc       ] GC(179) Minor Collection (Allocation Rate)
[5.302s][info][gc,phases] GC(179) y: Young Generation
[5.302s][info][gc,phases] GC(179) y: Pause Mark Start 0.007ms
[5.315s][info][gc,phases] GC(179) y: Concurrent Mark 12.288ms
[5.315s][info][gc,phases] GC(179) y: Pause Mark End 0.009ms
[5.315s][info][gc,phases] GC(179) y: Concurrent Mark Free 0.001ms
[5.315s][info][gc,phases] GC(179) y: Concurrent Reset Relocation Set 0.016ms
[5.317s][info][gc,phases] GC(179) y: Concurrent Select Relocation Set 1.725ms
[5.317s][info][gc,phases] GC(179) y: Pause Relocate Start 0.007ms
[5.322s][info][gc,phases] GC(179) y: Concurrent Relocate 4.791ms
[5.322s][info][gc,phases] GC(179) y: Young Generation 1500M(73%)->1130M(55%) 0.020s
[5.323s][info][gc       ] GC(179) Minor Collection (Allocation Rate) 1498M(73%)->1132M(55%) 0.021s
[5.363s][info][gc       ] GC(180) Minor Collection (Allocation Rate)
[5.363s][info][gc,phases] GC(180) y: Young Generation
[5.364s][info][gc,phases] GC(180) y: Pause Mark Start 0.012ms
[5.376s][info][gc,phases] GC(180) y: Concurrent Mark 11.845ms
[5.376s][info][gc,phases] GC(180) y: Pause Mark End 0.011ms
[5.376s][info][gc,phases] GC(180) y: Concurrent Mark Free 0.000ms
[5.376s][info][gc,phases] GC(180) y: Concurrent Reset Relocation Set 0.010ms
[5.378s][info][gc,phases] GC(180) y: Concurrent Select Relocation Set 2.143ms
[5.379s][info][gc,phases] GC(180) y: Pause Relocate Start 0.006ms
[5.384s][info][gc,phases] GC(180) y: Concurrent Relocate 5.224ms
[5.384s][info][gc,phases] GC(180) y: Young Generation 1526M(75%)->1226M(60%) 0.021s
[5.384s][info][gc       ] GC(180) Minor Collection (Allocation Rate) 1524M(74%)->1230M(60%) 0.021s
[5.409s][info][gc       ] GC(181) Minor Collection (Allocation Rate)
[5.410s][info][gc,phases] GC(181) y: Young Generation
[5.410s][info][gc,phases] GC(181) y: Pause Mark Start 0.007ms
[5.423s][info][gc,phases] GC(181) y: Concurrent Mark 12.519ms
[5.423s][info][gc,phases] GC(181) y: Pause Mark End 0.011ms
[5.423s][info][gc,phases] GC(181) y: Concurrent Mark Free 0.000ms
[5.423s][info][gc,phases] GC(181) y: Concurrent Reset Relocation Set 0.016ms
[5.425s][info][gc,phases] GC(181) y: Concurrent Select Relocation Set 1.713ms
[5.425s][info][gc,phases] GC(181) y: Pause Relocate Start 0.006ms
[5.430s][info][gc,phases] GC(181) y: Concurrent Relocate 4.712ms
[5.430s][info][gc,phases] GC(181) y: Young Generation 1518M(74%)->1152M(56%) 0.020s
[5.430s][info][gc       ] GC(181) Minor Collection (Allocation Rate) 1516M(74%)->1156M(56%) 0.021s
[5.469s][info][gc       ] GC(182) Minor Collection (Allocation Rate)
[5.469s][info][gc,phases] GC(182) y: Young Generation
[5.469s][info][gc,phases] GC(182) y: Pause Mark Start 0.006ms
[5.482s][info][gc,phases] GC(182) y: Concurrent Mark 12.847ms
[5.482s][info][gc,phases] GC(182) y: Pause Mark End 0.013ms
[5.482s][info][gc,phases] GC(182) y: Concurrent Mark Free 0.001ms
[5.483s][info][gc,phases] GC(182) y: Concurrent Reset Relocation Set 0.009ms
[5.485s][info][gc,phases] GC(182) y: Concurrent Select Relocation Set 1.979ms
[5.485s][info][gc,phases] GC(182) y: Pause Relocate Start 0.008ms
[5.490s][info][gc,phases] GC(182) y: Concurrent Relocate 4.843ms
[5.490s][info][gc,phases] GC(182) y: Young Generation 1526M(75%)->1202M(59%) 0.021s
[5.490s][info][gc       ] GC(182) Minor Collection (Allocation Rate) 1524M(74%)->1206M(59%) 0.021s
[5.509s][info][gc       ] GC(183) Minor Collection (Allocation Rate)
[5.509s][info][gc,phases] GC(183) y: Young Generation
[5.509s][info][gc,phases] GC(183) y: Pause Mark Start 0.007ms
[5.521s][info][gc,phases] GC(183) y: Concurrent Mark 11.924ms
[5.521s][info][gc,phases] GC(183) y: Pause Mark End 0.011ms
[5.522s][info][gc,phases] GC(183) y: Concurrent Mark Free 0.001ms
[5.522s][info][gc,phases] GC(183) y: Concurrent Reset Relocation Set 0.012ms
[5.524s][info][gc,phases] GC(183) y: Concurrent Select Relocation Set 2.171ms
[5.524s][info][gc,phases] GC(183) y: Pause Relocate Start 0.006ms
[5.529s][info][gc,phases] GC(183) y: Concurrent Relocate 4.773ms
[5.529s][info][gc,phases] GC(183) y: Young Generation 1490M(73%)->1254M(61%) 0.020s
[5.529s][info][gc       ] GC(183) Minor Collection (Allocation Rate) 1490M(73%)->1254M(61%) 0.021s
[5.551s][info][gc       ] GC(184) Minor Collection (Allocation Rate)
[5.551s][info][gc,phases] GC(184) y: Young Generation
[5.552s][info][gc,phases] GC(184) y: Pause Mark Start 0.007ms
[5.563s][info][gc,phases] GC(184) y: Concurrent Mark 11.741ms
[5.564s][info][gc,phases] GC(184) y: Pause Mark End 0.011ms
[5.564s][info][gc,phases] GC(184) y: Concurrent Mark Free 0.001ms
[5.564s][info][gc,phases] GC(184) y: Concurrent Reset Relocation Set 0.014ms
[5.566s][info][gc,phases] GC(184) y: Concurrent Select Relocation Set 1.709ms
[5.566s][info][gc,phases] GC(184) y: Pause Relocate Start 0.005ms
[5.570s][info][gc,phases] GC(184) y: Concurrent Relocate 4.114ms
[5.570s][info][gc,phases] GC(184) y: Young Generation 1468M(72%)->1164M(57%) 0.019s
[5.570s][info][gc       ] GC(184) Minor Collection (Allocation Rate) 1466M(72%)->1166M(57%) 0.019s
[5.598s][info][gc       ] GC(185) Minor Collection (Allocation Rate)
[5.598s][info][gc,phases] GC(185) y: Young Generation
[5.598s][info][gc,phases] GC(185) y: Pause Mark Start 0.007ms
[5.610s][info][gc,phases] GC(185) y: Concurrent Mark 11.731ms
[5.610s][info][gc,phases] GC(185) y: Pause Mark End 0.012ms
[5.610s][info][gc,phases] GC(185) y: Concurrent Mark Free 0.001ms
[5.610s][info][gc,phases] GC(185) y: Concurrent Reset Relocation Set 0.008ms
[5.612s][info][gc,phases] GC(185) y: Concurrent Select Relocation Set 1.974ms
[5.613s][info][gc,phases] GC(185) y: Pause Relocate Start 0.007ms
[5.617s][info][gc,phases] GC(185) y: Concurrent Relocate 4.066ms
[5.617s][info][gc,phases] GC(185) y: Young Generation 1460M(71%)->1182M(58%) 0.019s
[5.617s][info][gc       ] GC(185) Minor Collection (Allocation Rate) 1458M(71%)->1184M(58%) 0.019s
[5.653s][info][gc       ] GC(186) Minor Collection (Allocation Rate)
[5.653s][info][gc,phases] GC(186) y: Young Generation
[5.653s][info][gc,phases] GC(186) y: Pause Mark Start 0.007ms
[5.666s][info][gc,phases] GC(186) y: Concurrent Mark 12.505ms
[5.666s][info][gc,phases] GC(186) y: Pause Mark End 0.010ms
[5.666s][info][gc,phases] GC(186) y: Concurrent Mark Free 0.001ms
[5.666s][info][gc,phases] GC(186) y: Concurrent Reset Relocation Set 0.010ms
[5.668s][info][gc,phases] GC(186) y: Concurrent Select Relocation Set 1.965ms
[5.669s][info][gc,phases] GC(186) y: Pause Relocate Start 0.005ms
[5.673s][info][gc,phases] GC(186) y: Concurrent Relocate 4.558ms
[5.674s][info][gc,phases] GC(186) y: Young Generation 1530M(75%)->1198M(58%) 0.021s
[5.674s][info][gc       ] GC(186) Minor Collection (Allocation Rate) 1528M(75%)->1200M(59%) 0.021s
[5.701s][info][gc       ] GC(187) Minor Collection (Allocation Rate)
[5.701s][info][gc,phases] GC(187) y: Young Generation
[5.701s][info][gc,phases] GC(187) y: Pause Mark Start 0.007ms
[5.713s][info][gc,phases] GC(187) y: Concurrent Mark 12.008ms
[5.713s][info][gc,phases] GC(187) y: Pause Mark End 0.009ms
[5.713s][info][gc,phases] GC(187) y: Concurrent Mark Free 0.001ms
[5.714s][info][gc,phases] GC(187) y: Concurrent Reset Relocation Set 0.011ms
[5.716s][info][gc,phases] GC(187) y: Concurrent Select Relocation Set 1.933ms
[5.716s][info][gc,phases] GC(187) y: Pause Relocate Start 0.005ms
[5.720s][info][gc,phases] GC(187) y: Concurrent Relocate 3.927ms
[5.720s][info][gc,phases] GC(187) y: Young Generation 1458M(71%)->1192M(58%) 0.019s
[5.720s][info][gc       ] GC(187) Minor Collection (Allocation Rate) 1458M(71%)->1196M(58%) 0.020s
[5.750s][info][gc       ] GC(188) Minor Collection (Allocation Rate)
[5.750s][info][gc,phases] GC(188) y: Young Generation
[5.751s][info][gc,phases] GC(188) y: Pause Mark Start 0.006ms
[5.762s][info][gc,phases] GC(188) y: Concurrent Mark 11.049ms
[5.762s][info][gc,phases] GC(188) y: Pause Mark End 0.012ms
[5.762s][info][gc,phases] GC(188) y: Concurrent Mark Free 0.000ms
[5.762s][info][gc,phases] GC(188) y: Concurrent Reset Relocation Set 0.010ms
[5.764s][info][gc,phases] GC(188) y: Concurrent Select Relocation Set 2.127ms
[5.764s][info][gc,phases] GC(188) y: Pause Relocate Start 0.005ms
[5.769s][info][gc,phases] GC(188) y: Concurrent Relocate 4.390ms
[5.769s][info][gc,phases] GC(188) y: Young Generation 1484M(72%)->1276M(62%) 0.019s
[5.769s][info][gc       ] GC(188) Minor Collection (Allocation Rate) 1484M(72%)->1280M(62%) 0.019s
[5.798s][info][gc       ] GC(189) Minor Collection (Allocation Rate)
[5.798s][info][gc,phases] GC(189) y: Young Generation
[5.798s][info][gc,phases] GC(189) y: Pause Mark Start 0.006ms
[5.809s][info][gc,phases] GC(189) y: Concurrent Mark 10.811ms
[5.809s][info][gc,phases] GC(189) y: Pause Mark End 0.011ms
[5.810s][info][gc,phases] GC(189) y: Concurrent Mark Free 0.000ms
[5.810s][info][gc,phases] GC(189) y: Concurrent Reset Relocation Set 0.013ms
[5.811s][info][gc,phases] GC(189) y: Concurrent Select Relocation Set 1.732ms
[5.812s][info][gc,phases] GC(189) y: Pause Relocate Start 0.006ms
[5.816s][info][gc,phases] GC(189) y: Concurrent Relocate 4.354ms
[5.816s][info][gc,phases] GC(189) y: Young Generation 1556M(76%)->1274M(62%) 0.018s
[5.816s][info][gc       ] GC(189) Minor Collection (Allocation Rate) 1554M(76%)->1278M(62%) 0.018s
[5.845s][info][gc       ] GC(190) Minor Collection (Allocation Rate)
[5.845s][info][gc,phases] GC(190) y: Young Generation
[5.845s][info][gc,phases] GC(190) y: Pause Mark Start 0.010ms
[5.856s][info][gc,phases] GC(190) y: Concurrent Mark 11.192ms
[5.857s][info][gc,phases] GC(190) y: Pause Mark End 0.011ms
[5.857s][info][gc,phases] GC(190) y: Concurrent Mark Free 0.001ms
[5.857s][info][gc,phases] GC(190) y: Concurrent Reset Relocation Set 0.009ms
[5.859s][info][gc,phases] GC(190) y: Concurrent Select Relocation Set 1.913ms
[5.859s][info][gc,phases] GC(190) y: Pause Relocate Start 0.006ms
[5.864s][info][gc,phases] GC(190) y: Concurrent Relocate 4.469ms
[5.864s][info][gc,phases] GC(190) y: Young Generation 1550M(76%)->1298M(63%) 0.019s
[5.864s][info][gc       ] GC(190) Minor Collection (Allocation Rate) 1550M(76%)->1300M(63%) 0.019s
[5.886s][info][gc       ] GC(191) Minor Collection (Allocation Rate)
[5.886s][info][gc,phases] GC(191) y: Young Generation
[5.886s][info][gc,phases] GC(191) y: Pause Mark Start 0.006ms
[5.898s][info][gc,phases] GC(191) y: Concurrent Mark 12.113ms
[5.899s][info][gc,phases] GC(191) y: Pause Mark End 0.009ms
[5.899s][info][gc,phases] GC(191) y: Concurrent Mark Free 0.001ms
[5.899s][info][gc,phases] GC(191) y: Concurrent Reset Relocation Set 0.013ms
[5.901s][info][gc,phases] GC(191) y: Concurrent Select Relocation Set 1.890ms
[5.901s][info][gc,phases] GC(191) y: Pause Relocate Start 0.007ms
[5.905s][info][gc,phases] GC(191) y: Concurrent Relocate 4.026ms
[5.905s][info][gc,phases] GC(191) y: Young Generation 1512M(74%)->1260M(62%) 0.020s
[5.905s][info][gc       ] GC(191) Minor Collection (Allocation Rate) 1510M(74%)->1264M(62%) 0.020s
[5.927s][info][gc       ] GC(192) Major Collection (Allocation Rate)
[5.927s][info][gc,phases] GC(192) Y: Young Generation
[5.927s][info][gc,phases] GC(192) Y: Pause Mark Start (Major) 0.008ms
[5.936s][info][gc,phases] GC(192) Y: Concurrent Mark 9.200ms
[5.937s][info][gc,phases] GC(192) Y: Pause Mark End 0.009ms
[5.937s][info][gc,phases] GC(192) Y: Concurrent Mark Free 0.001ms
[5.937s][info][gc,phases] GC(192) Y: Concurrent Reset Relocation Set 0.011ms
[5.939s][info][gc,phases] GC(192) Y: Concurrent Select Relocation Set 1.749ms
[5.939s][info][gc,phases] GC(192) Y: Pause Relocate Start 0.006ms
[5.943s][info][gc,phases] GC(192) Y: Concurrent Relocate 3.731ms
[5.943s][info][gc,phases] GC(192) Y: Young Generation 1504M(73%)->1214M(59%) 0.016s
[5.943s][info][gc,phases] GC(192) O: Old Generation
[5.973s][info][gc       ] GC(193) Minor Collection (Allocation Rate)
[5.973s][info][gc,phases] GC(193) y: Young Generation
[5.973s][info][gc,phases] GC(193) y: Pause Mark Start 0.007ms
[5.983s][info][gc,phases] GC(193) y: Concurrent Mark 9.967ms
[5.983s][info][gc,phases] GC(193) y: Pause Mark End 0.010ms
[5.984s][info][gc,phases] GC(193) y: Concurrent Mark Free 0.000ms
[5.984s][info][gc,phases] GC(193) y: Concurrent Reset Relocation Set 0.007ms
[5.986s][info][gc,phases] GC(193) y: Concurrent Select Relocation Set 1.988ms
[5.986s][info][gc,phases] GC(193) y: Pause Relocate Start 0.008ms
[5.990s][info][gc,phases] GC(193) y: Concurrent Relocate 4.034ms
[5.990s][info][gc,phases] GC(193) y: Young Generation 1496M(73%)->1234M(60%) 0.018s
[5.990s][info][gc       ] GC(193) Minor Collection (Allocation Rate) 1496M(73%)->1238M(60%) 0.018s
[6.022s][info][gc       ] GC(194) Minor Collection (Allocation Rate)
[6.022s][info][gc,phases] GC(194) y: Young Generation
[6.022s][info][gc,phases] GC(194) y: Pause Mark Start 0.010ms
[6.031s][info][gc,phases] GC(194) y: Concurrent Mark 9.406ms
[6.032s][info][gc,phases] GC(194) y: Pause Mark End 0.010ms
[6.032s][info][gc,phases] GC(194) y: Concurrent Mark Free 0.001ms
[6.032s][info][gc,phases] GC(194) y: Concurrent Reset Relocation Set 0.013ms
[6.034s][info][gc,phases] GC(194) y: Concurrent Select Relocation Set 1.566ms
[6.034s][info][gc,phases] GC(194) y: Pause Relocate Start 0.008ms
[6.038s][info][gc,phases] GC(194) y: Concurrent Relocate 3.745ms
[6.038s][info][gc,phases] GC(194) y: Young Generation 1534M(75%)->1248M(61%) 0.016s
[6.038s][info][gc       ] GC(194) Minor Collection (Allocation Rate) 1532M(75%)->1252M(61%) 0.016s
[6.071s][info][gc       ] GC(195) Minor Collection (Allocation Rate)
[6.071s][info][gc,phases] GC(195) y: Young Generation
[6.071s][info][gc,phases] GC(195) y: Pause Mark Start 0.006ms
[6.081s][info][gc,phases] GC(195) y: Concurrent Mark 9.560ms
[6.081s][info][gc,phases] GC(195) y: Pause Mark End 0.012ms
[6.082s][info][gc,phases] GC(195) y: Concurrent Mark Free 0.000ms
[6.082s][info][gc,phases] GC(195) y: Concurrent Reset Relocation Set 0.008ms
[6.083s][info][gc,phases] GC(195) y: Concurrent Select Relocation Set 1.745ms
[6.084s][info][gc,phases] GC(195) y: Pause Relocate Start 0.005ms
[6.088s][info][gc,phases] GC(195) y: Concurrent Relocate 4.239ms
[6.088s][info][gc,phases] GC(195) y: Young Generation 1564M(76%)->1286M(63%) 0.017s
[6.088s][info][gc       ] GC(195) Minor Collection (Allocation Rate) 1564M(76%)->1288M(63%) 0.017s
[6.107s][info][gc       ] GC(196) Minor Collection (Allocation Rate)
[6.107s][info][gc,phases] GC(196) y: Young Generation
[6.107s][info][gc,phases] GC(196) y: Pause Mark Start 0.006ms
[6.112s][info][gc,phases] GC(192) O: Concurrent Mark 168.727ms
[6.113s][info][gc,phases] GC(192) O: Pause Mark End 0.015ms
[6.113s][info][gc,phases] GC(192) O: Concurrent Mark Free 0.000ms
[6.117s][info][gc,phases] GC(192) O: Concurrent Process Non-Strong 3.593ms
[6.117s][info][gc,phases] GC(192) O: Concurrent Reset Relocation Set 0.018ms
[6.118s][info][gc,phases] GC(196) y: Concurrent Mark 10.724ms
[6.118s][info][gc,phases] GC(196) y: Pause Mark End 0.014ms
[6.119s][info][gc,phases] GC(196) y: Concurrent Mark Free 0.000ms
[6.119s][info][gc,phases] GC(196) y: Concurrent Reset Relocation Set 0.011ms
[6.119s][info][gc,phases] GC(192) O: Concurrent Select Relocation Set 2.059ms
[6.121s][info][gc,phases] GC(196) y: Concurrent Select Relocation Set 1.984ms
[6.121s][info][gc,phases] GC(196) y: Pause Relocate Start 0.006ms
[6.125s][info][gc,phases] GC(196) y: Concurrent Relocate 4.414ms
[6.126s][info][gc,phases] GC(196) y: Young Generation 1604M(78%)->1272M(62%) 0.019s
[6.126s][info][gc       ] GC(196) Minor Collection (Allocation Rate) 1602M(78%)->1272M(62%) 0.019s
[6.147s][info][gc,phases] GC(192) O: Concurrent Remap Roots 20.913ms
[6.147s][info][gc,phases] GC(192) O: Pause Relocate Start 0.010ms
[6.161s][info][gc       ] GC(197) Minor Collection (Allocation Rate)
[6.161s][info][gc,phases] GC(197) y: Young Generation
[6.161s][info][gc,phases] GC(197) y: Pause Mark Start 0.012ms
[6.175s][info][gc,phases] GC(197) y: Concurrent Mark 13.280ms
[6.175s][info][gc,phases] GC(197) y: Pause Mark End 0.012ms
[6.175s][info][gc,phases] GC(197) y: Concurrent Mark Free 0.000ms
[6.176s][info][gc,phases] GC(197) y: Concurrent Reset Relocation Set 0.013ms
[6.178s][info][gc,phases] GC(197) y: Concurrent Select Relocation Set 2.048ms
[6.178s][info][gc,phases] GC(197) y: Pause Relocate Start 0.009ms
[6.183s][info][gc,phases] GC(197) y: Concurrent Relocate 4.757ms
[6.183s][info][gc,phases] GC(197) y: Young Generation 1500M(73%)->1114M(54%) 0.022s
[6.183s][info][gc       ] GC(197) Minor Collection (Allocation Rate) 1498M(73%)->1112M(54%) 0.022s
[6.191s][info][gc,phases] GC(192) O: Concurrent Relocate 44.163ms
[6.192s][info][gc,phases] GC(192) O: Old Generation 1216M(59%)->1154M(56%) 0.249s
[6.192s][info][gc       ] GC(192) Major Collection (Allocation Rate) 1502M(73%)->1158M(57%) 0.265s
[6.214s][info][gc       ] GC(198) Minor Collection (Allocation Rate)
[6.214s][info][gc,phases] GC(198) y: Young Generation
[6.214s][info][gc,phases] GC(198) y: Pause Mark Start 0.007ms
[6.226s][info][gc,phases] GC(198) y: Concurrent Mark 12.172ms
[6.227s][info][gc,phases] GC(198) y: Pause Mark End 0.009ms
[6.227s][info][gc,phases] GC(198) y: Concurrent Mark Free 0.001ms
[6.227s][info][gc,phases] GC(198) y: Concurrent Reset Relocation Set 0.013ms
[6.229s][info][gc,phases] GC(198) y: Concurrent Select Relocation Set 1.856ms
[6.229s][info][gc,phases] GC(198) y: Pause Relocate Start 0.006ms
[6.233s][info][gc,phases] GC(198) y: Concurrent Relocate 4.198ms
[6.234s][info][gc,phases] GC(198) y: Young Generation 1370M(67%)->1076M(53%) 0.020s
[6.234s][info][gc       ] GC(198) Minor Collection (Allocation Rate) 1368M(67%)->1076M(53%) 0.020s
[6.274s][info][gc       ] GC(199) Minor Collection (Allocation Rate)
[6.274s][info][gc,phases] GC(199) y: Young Generation
[6.274s][info][gc,phases] GC(199) y: Pause Mark Start 0.007ms
[6.287s][info][gc,phases] GC(199) y: Concurrent Mark 12.513ms
[6.287s][info][gc,phases] GC(199) y: Pause Mark End 0.009ms
[6.287s][info][gc,phases] GC(199) y: Concurrent Mark Free 0.001ms
[6.287s][info][gc,phases] GC(199) y: Concurrent Reset Relocation Set 0.012ms
[6.289s][info][gc,phases] GC(199) y: Concurrent Select Relocation Set 1.788ms
[6.289s][info][gc,phases] GC(199) y: Pause Relocate Start 0.008ms
[6.294s][info][gc,phases] GC(199) y: Concurrent Relocate 4.888ms
[6.295s][info][gc,phases] GC(199) y: Young Generation 1460M(71%)->1108M(54%) 0.021s
[6.295s][info][gc       ] GC(199) Minor Collection (Allocation Rate) 1460M(71%)->1110M(54%) 0.021s
[6.334s][info][gc       ] GC(200) Minor Collection (Allocation Rate)
[6.334s][info][gc,phases] GC(200) y: Young Generation
[6.334s][info][gc,phases] GC(200) y: Pause Mark Start 0.011ms
[6.347s][info][gc,phases] GC(200) y: Concurrent Mark 12.635ms
[6.347s][info][gc,phases] GC(200) y: Pause Mark End 0.009ms
[6.348s][info][gc,phases] GC(200) y: Concurrent Mark Free 0.001ms
[6.348s][info][gc,phases] GC(200) y: Concurrent Reset Relocation Set 0.013ms
[6.349s][info][gc,phases] GC(200) y: Concurrent Select Relocation Set 1.763ms
[6.350s][info][gc,phases] GC(200) y: Pause Relocate Start 0.005ms
[6.355s][info][gc,phases] GC(200) y: Concurrent Relocate 4.801ms
[6.355s][info][gc,phases] GC(200) y: Young Generation 1486M(73%)->1106M(54%) 0.021s
[6.355s][info][gc       ] GC(200) Minor Collection (Allocation Rate) 1484M(72%)->1106M(54%) 0.021s
[6.402s][info][gc       ] GC(201) Minor Collection (Allocation Rate)
[6.403s][info][gc,phases] GC(201) y: Young Generation
[6.403s][info][gc,phases] GC(201) y: Pause Mark Start 0.010ms
[6.416s][info][gc,phases] GC(201) y: Concurrent Mark 12.998ms
[6.416s][info][gc,phases] GC(201) y: Pause Mark End 0.011ms
[6.416s][info][gc,phases] GC(201) y: Concurrent Mark Free 0.000ms
[6.416s][info][gc,phases] GC(201) y: Concurrent Reset Relocation Set 0.009ms
[6.419s][info][gc,phases] GC(201) y: Concurrent Select Relocation Set 2.318ms
[6.419s][info][gc,phases] GC(201) y: Pause Relocate Start 0.006ms
[6.425s][info][gc,phases] GC(201) y: Concurrent Relocate 5.852ms
[6.425s][info][gc,phases] GC(201) y: Young Generation 1560M(76%)->1228M(60%) 0.023s
[6.425s][info][gc       ] GC(201) Minor Collection (Allocation Rate) 1558M(76%)->1230M(60%) 0.023s
[6.449s][info][gc       ] GC(202) Minor Collection (Allocation Rate)
[6.449s][info][gc,phases] GC(202) y: Young Generation
[6.450s][info][gc,phases] GC(202) y: Pause Mark Start 0.007ms
[6.462s][info][gc,phases] GC(202) y: Concurrent Mark 12.422ms
[6.463s][info][gc,phases] GC(202) y: Pause Mark End 0.010ms
[6.463s][info][gc,phases] GC(202) y: Concurrent Mark Free 0.001ms
[6.463s][info][gc,phases] GC(202) y: Concurrent Reset Relocation Set 0.021ms
[6.465s][info][gc,phases] GC(202) y: Concurrent Select Relocation Set 1.768ms
[6.465s][info][gc,phases] GC(202) y: Pause Relocate Start 0.005ms
[6.469s][info][gc,phases] GC(202) y: Concurrent Relocate 4.458ms
[6.470s][info][gc,phases] GC(202) y: Young Generation 1460M(71%)->1120M(55%) 0.020s
[6.470s][info][gc       ] GC(202) Minor Collection (Allocation Rate) 1460M(71%)->1124M(55%) 0.020s
[6.506s][info][gc       ] GC(203) Minor Collection (Allocation Rate)
[6.506s][info][gc,phases] GC(203) y: Young Generation
[6.506s][info][gc,phases] GC(203) y: Pause Mark Start 0.007ms
[6.519s][info][gc,phases] GC(203) y: Concurrent Mark 12.496ms
[6.519s][info][gc,phases] GC(203) y: Pause Mark End 0.008ms
[6.519s][info][gc,phases] GC(203) y: Concurrent Mark Free 0.001ms
[6.519s][info][gc,phases] GC(203) y: Concurrent Reset Relocation Set 0.008ms
[6.521s][info][gc,phases] GC(203) y: Concurrent Select Relocation Set 1.944ms
[6.522s][info][gc,phases] GC(203) y: Pause Relocate Start 0.008ms
[6.526s][info][gc,phases] GC(203) y: Concurrent Relocate 4.591ms
[6.526s][info][gc,phases] GC(203) y: Young Generation 1468M(72%)->1136M(55%) 0.020s
[6.527s][info][gc       ] GC(203) Minor Collection (Allocation Rate) 1468M(72%)->1136M(55%) 0.021s
[6.569s][info][gc       ] GC(204) Minor Collection (Allocation Rate)
[6.569s][info][gc,phases] GC(204) y: Young Generation
[6.570s][info][gc,phases] GC(204) y: Pause Mark Start 0.006ms
[6.583s][info][gc,phases] GC(204) y: Concurrent Mark 13.354ms
[6.583s][info][gc,phases] GC(204) y: Pause Mark End 0.010ms
[6.583s][info][gc,phases] GC(204) y: Concurrent Mark Free 0.000ms
[6.584s][info][gc,phases] GC(204) y: Concurrent Reset Relocation Set 0.013ms
[6.586s][info][gc,phases] GC(204) y: Concurrent Select Relocation Set 2.028ms
[6.586s][info][gc,phases] GC(204) y: Pause Relocate Start 0.006ms
[6.591s][info][gc,phases] GC(204) y: Concurrent Relocate 5.070ms
[6.591s][info][gc,phases] GC(204) y: Young Generation 1544M(75%)->1196M(58%) 0.022s
[6.591s][info][gc       ] GC(204) Minor Collection (Allocation Rate) 1544M(75%)->1200M(59%) 0.022s
[6.620s][info][gc       ] GC(205) Minor Collection (Allocation Rate)
[6.620s][info][gc,phases] GC(205) y: Young Generation
[6.621s][info][gc,phases] GC(205) y: Pause Mark Start 0.006ms
[6.634s][info][gc,phases] GC(205) y: Concurrent Mark 12.970ms
[6.634s][info][gc,phases] GC(205) y: Pause Mark End 0.009ms
[6.634s][info][gc,phases] GC(205) y: Concurrent Mark Free 0.001ms
[6.634s][info][gc,phases] GC(205) y: Concurrent Reset Relocation Set 0.015ms
[6.636s][info][gc,phases] GC(205) y: Concurrent Select Relocation Set 1.704ms
[6.636s][info][gc,phases] GC(205) y: Pause Relocate Start 0.005ms
[6.641s][info][gc,phases] GC(205) y: Concurrent Relocate 4.556ms
[6.641s][info][gc,phases] GC(205) y: Young Generation 1506M(74%)->1158M(57%) 0.021s
[6.641s][info][gc       ] GC(205) Minor Collection (Allocation Rate) 1506M(74%)->1160M(57%) 0.021s
[6.681s][info][gc       ] GC(206) Minor Collection (Allocation Rate)
[6.681s][info][gc,phases] GC(206) y: Young Generation
[6.682s][info][gc,phases] GC(206) y: Pause Mark Start 0.010ms
[6.695s][info][gc,phases] GC(206) y: Concurrent Mark 13.766ms
[6.696s][info][gc,phases] GC(206) y: Pause Mark End 0.009ms
[6.696s][info][gc,phases] GC(206) y: Concurrent Mark Free 0.001ms
[6.696s][info][gc,phases] GC(206) y: Concurrent Reset Relocation Set 0.008ms
[6.698s][info][gc,phases] GC(206) y: Concurrent Select Relocation Set 2.182ms
[6.698s][info][gc,phases] GC(206) y: Pause Relocate Start 0.006ms
[6.704s][info][gc,phases] GC(206) y: Concurrent Relocate 5.187ms
[6.704s][info][gc,phases] GC(206) y: Young Generation 1546M(75%)->1184M(58%) 0.023s
[6.704s][info][gc       ] GC(206) Minor Collection (Allocation Rate) 1542M(75%)->1186M(58%) 0.023s
[6.736s][info][gc       ] GC(207) Minor Collection (Allocation Rate)
[6.736s][info][gc,phases] GC(207) y: Young Generation
[6.736s][info][gc,phases] GC(207) y: Pause Mark Start 0.007ms
[6.748s][info][gc,phases] GC(207) y: Concurrent Mark 12.060ms
[6.749s][info][gc,phases] GC(207) y: Pause Mark End 0.015ms
[6.749s][info][gc,phases] GC(207) y: Concurrent Mark Free 0.001ms
[6.749s][info][gc,phases] GC(207) y: Concurrent Reset Relocation Set 0.016ms
[6.751s][info][gc,phases] GC(207) y: Concurrent Select Relocation Set 2.138ms
[6.751s][info][gc,phases] GC(207) y: Pause Relocate Start 0.005ms
[6.756s][info][gc,phases] GC(207) y: Concurrent Relocate 4.718ms
[6.756s][info][gc,phases] GC(207) y: Young Generation 1490M(73%)->1260M(62%) 0.020s
[6.757s][info][gc       ] GC(207) Minor Collection (Allocation Rate) 1490M(73%)->1264M(62%) 0.021s
[6.781s][info][gc       ] GC(208) Minor Collection (Allocation Rate)
[6.781s][info][gc,phases] GC(208) y: Young Generation
[6.782s][info][gc,phases] GC(208) y: Pause Mark Start 0.006ms
[6.794s][info][gc,phases] GC(208) y: Concurrent Mark 11.974ms
[6.794s][info][gc,phases] GC(208) y: Pause Mark End 0.009ms
[6.794s][info][gc,phases] GC(208) y: Concurrent Mark Free 0.000ms
[6.794s][info][gc,phases] GC(208) y: Concurrent Reset Relocation Set 0.016ms
[6.796s][info][gc,phases] GC(208) y: Concurrent Select Relocation Set 1.711ms
[6.796s][info][gc,phases] GC(208) y: Pause Relocate Start 0.007ms
[6.801s][info][gc,phases] GC(208) y: Concurrent Relocate 4.281ms
[6.801s][info][gc,phases] GC(208) y: Young Generation 1502M(73%)->1172M(57%) 0.019s
[6.801s][info][gc       ] GC(208) Minor Collection (Allocation Rate) 1500M(73%)->1174M(57%) 0.020s
[6.840s][info][gc       ] GC(209) Minor Collection (Allocation Rate)
[6.840s][info][gc,phases] GC(209) y: Young Generation
[6.840s][info][gc,phases] GC(209) y: Pause Mark Start 0.007ms
[6.853s][info][gc,phases] GC(209) y: Concurrent Mark 12.479ms
[6.853s][info][gc,phases] GC(209) y: Pause Mark End 0.009ms
[6.853s][info][gc,phases] GC(209) y: Concurrent Mark Free 0.001ms
[6.853s][info][gc,phases] GC(209) y: Concurrent Reset Relocation Set 0.010ms
[6.855s][info][gc,phases] GC(209) y: Concurrent Select Relocation Set 1.991ms
[6.855s][info][gc,phases] GC(209) y: Pause Relocate Start 0.006ms
[6.860s][info][gc,phases] GC(209) y: Concurrent Relocate 4.671ms
[6.860s][info][gc,phases] GC(209) y: Young Generation 1544M(75%)->1196M(58%) 0.021s
[6.860s][info][gc       ] GC(209) Minor Collection (Allocation Rate) 1542M(75%)->1200M(59%) 0.021s
[6.898s][info][gc       ] GC(210) Minor Collection (Allocation Rate)
[6.898s][info][gc,phases] GC(210) y: Young Generation
[6.898s][info][gc,phases] GC(210) y: Pause Mark Start 0.007ms
[6.911s][info][gc,phases] GC(210) y: Concurrent Mark 12.851ms
[6.911s][info][gc,phases] GC(210) y: Pause Mark End 0.010ms
[6.911s][info][gc,phases] GC(210) y: Concurrent Mark Free 0.000ms
[6.911s][info][gc,phases] GC(210) y: Concurrent Reset Relocation Set 0.011ms
[6.913s][info][gc,phases] GC(210) y: Concurrent Select Relocation Set 2.003ms
[6.914s][info][gc,phases] GC(210) y: Pause Relocate Start 0.006ms
[6.918s][info][gc,phases] GC(210) y: Concurrent Relocate 4.685ms
[6.919s][info][gc,phases] GC(210) y: Young Generation 1554M(76%)->1208M(59%) 0.021s
[6.919s][info][gc       ] GC(210) Minor Collection (Allocation Rate) 1552M(76%)->1210M(59%) 0.021s
[6.954s][info][gc       ] GC(211) Minor Collection (Allocation Rate)
[6.954s][info][gc,phases] GC(211) y: Young Generation
[6.955s][info][gc,phases] GC(211) y: Pause Mark Start 0.007ms
[6.968s][info][gc,phases] GC(211) y: Concurrent Mark 12.936ms
[6.968s][info][gc,phases] GC(211) y: Pause Mark End 0.011ms
[6.968s][info][gc,phases] GC(211) y: Concurrent Mark Free 0.000ms
[6.968s][info][gc,phases] GC(211) y: Concurrent Reset Relocation Set 0.013ms
[6.970s][info][gc,phases] GC(211) y: Concurrent Select Relocation Set 2.016ms
[6.970s][info][gc,phases] GC(211) y: Pause Relocate Start 0.007ms
[6.975s][info][gc,phases] GC(211) y: Concurrent Relocate 4.592ms
[6.975s][info][gc,phases] GC(211) y: Young Generation 1550M(76%)->1218M(59%) 0.021s
[6.975s][info][gc       ] GC(211) Minor Collection (Allocation Rate) 1548M(76%)->1220M(60%) 0.021s
[7.011s][info][gc       ] GC(212) Minor Collection (Allocation Rate)
[7.011s][info][gc,phases] GC(212) y: Young Generation
[7.011s][info][gc,phases] GC(212) y: Pause Mark Start 0.008ms
[7.024s][info][gc,phases] GC(212) y: Concurrent Mark 12.784ms
[7.025s][info][gc,phases] GC(212) y: Pause Mark End 0.009ms
[7.025s][info][gc,phases] GC(212) y: Concurrent Mark Free 0.000ms
[7.025s][info][gc,phases] GC(212) y: Concurrent Reset Relocation Set 0.015ms
[7.027s][info][gc,phases] GC(212) y: Concurrent Select Relocation Set 2.012ms
[7.027s][info][gc,phases] GC(212) y: Pause Relocate Start 0.006ms
[7.032s][info][gc,phases] GC(212) y: Concurrent Relocate 4.679ms
[7.032s][info][gc,phases] GC(212) y: Young Generation 1560M(76%)->1232M(60%) 0.021s
[7.032s][info][gc       ] GC(212) Minor Collection (Allocation Rate) 1558M(76%)->1236M(60%) 0.021s
[7.069s][info][gc       ] GC(213) Minor Collection (Allocation Rate)
[7.069s][info][gc,phases] GC(213) y: Young Generation
[7.070s][info][gc,phases] GC(213) y: Pause Mark Start 0.008ms
[7.083s][info][gc,phases] GC(213) y: Concurrent Mark 12.964ms
[7.083s][info][gc,phases] GC(213) y: Pause Mark End 0.009ms
[7.083s][info][gc,phases] GC(213) y: Concurrent Mark Free 0.001ms
[7.083s][info][gc,phases] GC(213) y: Concurrent Reset Relocation Set 0.011ms
[7.085s][info][gc,phases] GC(213) y: Concurrent Select Relocation Set 1.957ms
[7.085s][info][gc,phases] GC(213) y: Pause Relocate Start 0.007ms
[7.090s][info][gc,phases] GC(213) y: Concurrent Relocate 4.756ms
[7.090s][info][gc,phases] GC(213) y: Young Generation 1586M(77%)->1242M(61%) 0.021s
[7.091s][info][gc       ] GC(213) Minor Collection (Allocation Rate) 1586M(77%)->1242M(61%) 0.021s
[7.128s][info][gc       ] GC(214) Minor Collection (Allocation Rate)
[7.128s][info][gc,phases] GC(214) y: Young Generation
[7.128s][info][gc,phases] GC(214) y: Pause Mark Start 0.006ms
[7.141s][info][gc,phases] GC(214) y: Concurrent Mark 12.897ms
[7.141s][info][gc,phases] GC(214) y: Pause Mark End 0.010ms
[7.141s][info][gc,phases] GC(214) y: Concurrent Mark Free 0.001ms
[7.142s][info][gc,phases] GC(214) y: Concurrent Reset Relocation Set 0.012ms
[7.144s][info][gc,phases] GC(214) y: Concurrent Select Relocation Set 1.975ms
[7.144s][info][gc,phases] GC(214) y: Pause Relocate Start 0.006ms
[7.149s][info][gc,phases] GC(214) y: Concurrent Relocate 4.773ms
[7.149s][info][gc,phases] GC(214) y: Young Generation 1596M(78%)->1254M(61%) 0.021s
[7.149s][info][gc       ] GC(214) Minor Collection (Allocation Rate) 1594M(78%)->1256M(61%) 0.021s
[7.186s][info][gc       ] GC(215) Minor Collection (Allocation Rate)
[7.186s][info][gc,phases] GC(215) y: Young Generation
[7.186s][info][gc,phases] GC(215) y: Pause Mark Start 0.008ms
[7.199s][info][gc,phases] GC(215) y: Concurrent Mark 12.854ms
[7.199s][info][gc,phases] GC(215) y: Pause Mark End 0.009ms
[7.199s][info][gc,phases] GC(215) y: Concurrent Mark Free 0.001ms
[7.199s][info][gc,phases] GC(215) y: Concurrent Reset Relocation Set 0.010ms
[7.202s][info][gc,phases] GC(215) y: Concurrent Select Relocation Set 2.021ms
[7.202s][info][gc,phases] GC(215) y: Pause Relocate Start 0.010ms
[7.207s][info][gc,phases] GC(215) y: Concurrent Relocate 4.763ms
[7.207s][info][gc,phases] GC(215) y: Young Generation 1606M(78%)->1262M(62%) 0.021s
[7.207s][info][gc       ] GC(215) Minor Collection (Allocation Rate) 1604M(78%)->1264M(62%) 0.021s
[7.242s][info][gc       ] GC(216) Minor Collection (Allocation Rate)
[7.242s][info][gc,phases] GC(216) y: Young Generation
[7.243s][info][gc,phases] GC(216) y: Pause Mark Start 0.007ms
[7.256s][info][gc,phases] GC(216) y: Concurrent Mark 12.899ms
[7.256s][info][gc,phases] GC(216) y: Pause Mark End 0.009ms
[7.256s][info][gc,phases] GC(216) y: Concurrent Mark Free 0.001ms
[7.256s][info][gc,phases] GC(216) y: Concurrent Reset Relocation Set 0.012ms
[7.258s][info][gc,phases] GC(216) y: Concurrent Select Relocation Set 2.023ms
[7.258s][info][gc,phases] GC(216) y: Pause Relocate Start 0.006ms
[7.263s][info][gc,phases] GC(216) y: Concurrent Relocate 4.684ms
[7.263s][info][gc,phases] GC(216) y: Young Generation 1600M(78%)->1266M(62%) 0.021s
[7.263s][info][gc       ] GC(216) Minor Collection (Allocation Rate) 1598M(78%)->1270M(62%) 0.021s
[7.299s][info][gc       ] GC(217) Minor Collection (Allocation Rate)
[7.299s][info][gc,phases] GC(217) y: Young Generation
[7.299s][info][gc,phases] GC(217) y: Pause Mark Start 0.006ms
[7.312s][info][gc,phases] GC(217) y: Concurrent Mark 12.963ms
[7.313s][info][gc,phases] GC(217) y: Pause Mark End 0.009ms
[7.313s][info][gc,phases] GC(217) y: Concurrent Mark Free 0.001ms
[7.313s][info][gc,phases] GC(217) y: Concurrent Reset Relocation Set 0.011ms
[7.315s][info][gc,phases] GC(217) y: Concurrent Select Relocation Set 1.888ms
[7.315s][info][gc,phases] GC(217) y: Pause Relocate Start 0.007ms
[7.320s][info][gc,phases] GC(217) y: Concurrent Relocate 4.705ms
[7.320s][info][gc,phases] GC(217) y: Young Generation 1608M(79%)->1278M(62%) 0.021s
[7.320s][info][gc       ] GC(217) Minor Collection (Allocation Rate) 1608M(79%)->1278M(62%) 0.021s
[7.354s][info][gc       ] GC(218) Major Collection (Allocation Rate)
[7.354s][info][gc,phases] GC(218) Y: Young Generation
[7.355s][info][gc,phases] GC(218) Y: Pause Mark Start (Major) 0.008ms
[7.365s][info][gc,phases] GC(218) Y: Concurrent Mark 9.934ms
[7.365s][info][gc,phases] GC(218) Y: Pause Mark End 0.010ms
[7.365s][info][gc,phases] GC(218) Y: Concurrent Mark Free 0.001ms
[7.365s][info][gc,phases] GC(218) Y: Concurrent Reset Relocation Set 0.011ms
[7.367s][info][gc,phases] GC(218) Y: Concurrent Select Relocation Set 1.725ms
[7.367s][info][gc,phases] GC(218) Y: Pause Relocate Start 0.007ms
[7.372s][info][gc,phases] GC(218) Y: Concurrent Relocate 4.367ms
[7.372s][info][gc,phases] GC(218) Y: Young Generation 1604M(78%)->1260M(62%) 0.018s
[7.372s][info][gc,phases] GC(218) O: Old Generation
[7.402s][info][gc       ] GC(219) Minor Collection (Allocation Rate)
[7.402s][info][gc,phases] GC(219) y: Young Generation
[7.403s][info][gc,phases] GC(219) y: Pause Mark Start 0.010ms
[7.413s][info][gc,phases] GC(219) y: Concurrent Mark 10.214ms
[7.413s][info][gc,phases] GC(219) y: Pause Mark End 0.010ms
[7.413s][info][gc,phases] GC(219) y: Concurrent Mark Free 0.000ms
[7.414s][info][gc,phases] GC(219) y: Concurrent Reset Relocation Set 0.008ms
[7.416s][info][gc,phases] GC(219) y: Concurrent Select Relocation Set 2.007ms
[7.416s][info][gc,phases] GC(219) y: Pause Relocate Start 0.010ms
[7.420s][info][gc,phases] GC(219) y: Concurrent Relocate 4.196ms
[7.420s][info][gc,phases] GC(219) y: Young Generation 1548M(76%)->1280M(62%) 0.018s
[7.420s][info][gc       ] GC(219) Minor Collection (Allocation Rate) 1546M(75%)->1282M(63%) 0.018s
[7.455s][info][gc       ] GC(220) Minor Collection (Allocation Rate)
[7.455s][info][gc,phases] GC(220) y: Young Generation
[7.455s][info][gc,phases] GC(220) y: Pause Mark Start 0.007ms
[7.465s][info][gc,phases] GC(220) y: Concurrent Mark 9.471ms
[7.465s][info][gc,phases] GC(220) y: Pause Mark End 0.014ms
[7.465s][info][gc,phases] GC(220) y: Concurrent Mark Free 0.000ms
[7.465s][info][gc,phases] GC(220) y: Concurrent Reset Relocation Set 0.014ms
[7.467s][info][gc,phases] GC(220) y: Concurrent Select Relocation Set 1.970ms
[7.467s][info][gc,phases] GC(220) y: Pause Relocate Start 0.006ms
[7.472s][info][gc,phases] GC(220) y: Concurrent Relocate 4.372ms
[7.472s][info][gc,phases] GC(220) y: Young Generation 1604M(78%)->1350M(66%) 0.017s
[7.472s][info][gc       ] GC(220) Minor Collection (Allocation Rate) 1604M(78%)->1350M(66%) 0.017s
[7.499s][info][gc       ] GC(221) Minor Collection (Allocation Rate)
[7.499s][info][gc,phases] GC(221) y: Young Generation
[7.499s][info][gc,phases] GC(221) y: Pause Mark Start 0.007ms
[7.508s][info][gc,phases] GC(221) y: Concurrent Mark 8.552ms
[7.508s][info][gc,phases] GC(221) y: Pause Mark End 0.009ms
[7.508s][info][gc,phases] GC(221) y: Concurrent Mark Free 0.000ms
[7.508s][info][gc,phases] GC(221) y: Concurrent Reset Relocation Set 0.015ms
[7.510s][info][gc,phases] GC(221) y: Concurrent Select Relocation Set 1.547ms
[7.510s][info][gc,phases] GC(221) y: Pause Relocate Start 0.005ms
[7.514s][info][gc,phases] GC(221) y: Concurrent Relocate 3.918ms
[7.514s][info][gc,phases] GC(221) y: Young Generation 1602M(78%)->1270M(62%) 0.015s
[7.514s][info][gc       ] GC(221) Minor Collection (Allocation Rate) 1600M(78%)->1270M(62%) 0.015s
[7.543s][info][gc,phases] GC(218) O: Concurrent Mark 171.437ms
[7.544s][info][gc,phases] GC(218) O: Pause Mark End 0.010ms
[7.544s][info][gc,phases] GC(218) O: Concurrent Mark Free 0.000ms
[7.547s][info][gc       ] GC(222) Minor Collection (Allocation Rate)
[7.547s][info][gc,phases] GC(222) y: Young Generation
[7.547s][info][gc,phases] GC(222) y: Pause Mark Start 0.004ms
[7.551s][info][gc,phases] GC(218) O: Concurrent Process Non-Strong 6.857ms
[7.551s][info][gc,phases] GC(218) O: Concurrent Reset Relocation Set 0.017ms
[7.553s][info][gc,phases] GC(218) O: Concurrent Select Relocation Set 1.870ms
[7.559s][info][gc,phases] GC(222) y: Concurrent Mark 11.774ms
[7.559s][info][gc,phases] GC(222) y: Pause Mark End 0.010ms
[7.559s][info][gc,phases] GC(222) y: Concurrent Mark Free 0.000ms
[7.559s][info][gc,phases] GC(222) y: Concurrent Reset Relocation Set 0.008ms
[7.561s][info][gc,phases] GC(222) y: Concurrent Select Relocation Set 1.929ms
[7.561s][info][gc,phases] GC(222) y: Pause Relocate Start 0.006ms
[7.566s][info][gc,phases] GC(222) y: Concurrent Relocate 4.032ms
[7.566s][info][gc,phases] GC(222) y: Young Generation 1592M(78%)->1304M(64%) 0.019s
[7.566s][info][gc       ] GC(222) Minor Collection (Allocation Rate) 1592M(78%)->1304M(64%) 0.019s
[7.587s][info][gc,phases] GC(218) O: Concurrent Remap Roots 20.861ms
[7.587s][info][gc,phases] GC(218) O: Pause Relocate Start 0.010ms
[7.600s][info][gc       ] GC(223) Minor Collection (Allocation Rate)
[7.601s][info][gc,phases] GC(223) y: Young Generation
[7.601s][info][gc,phases] GC(223) y: Pause Mark Start 0.010ms
[7.614s][info][gc,phases] GC(223) y: Concurrent Mark 12.500ms
[7.614s][info][gc,phases] GC(223) y: Pause Mark End 0.009ms
[7.614s][info][gc,phases] GC(223) y: Concurrent Mark Free 0.000ms
[7.614s][info][gc,phases] GC(223) y: Concurrent Reset Relocation Set 0.010ms
[7.616s][info][gc,phases] GC(223) y: Concurrent Select Relocation Set 1.793ms
[7.616s][info][gc,phases] GC(223) y: Pause Relocate Start 0.006ms
[7.621s][info][gc,phases] GC(223) y: Concurrent Relocate 4.489ms
[7.621s][info][gc,phases] GC(223) y: Young Generation 1516M(74%)->1124M(55%) 0.020s
[7.621s][info][gc       ] GC(223) Minor Collection (Allocation Rate) 1518M(74%)->1126M(55%) 0.020s
[7.631s][info][gc,phases] GC(218) O: Concurrent Relocate 43.897ms
[7.631s][info][gc,phases] GC(218) O: Old Generation 1262M(62%)->1174M(57%) 0.259s
[7.631s][info][gc       ] GC(218) Major Collection (Allocation Rate) 1602M(78%)->1178M(58%) 0.277s
[7.665s][info][gc       ] GC(224) Minor Collection (Allocation Rate)
[7.665s][info][gc,phases] GC(224) y: Young Generation
[7.666s][info][gc,phases] GC(224) y: Pause Mark Start 0.007ms
[7.679s][info][gc,phases] GC(224) y: Concurrent Mark 12.944ms
[7.679s][info][gc,phases] GC(224) y: Pause Mark End 0.008ms
[7.679s][info][gc,phases] GC(224) y: Concurrent Mark Free 0.000ms
[7.679s][info][gc,phases] GC(224) y: Concurrent Reset Relocation Set 0.012ms
[7.681s][info][gc,phases] GC(224) y: Concurrent Select Relocation Set 1.992ms
[7.682s][info][gc,phases] GC(224) y: Pause Relocate Start 0.008ms
[7.687s][info][gc,phases] GC(224) y: Concurrent Relocate 5.313ms
[7.687s][info][gc,phases] GC(224) y: Young Generation 1518M(74%)->1108M(54%) 0.022s
[7.687s][info][gc       ] GC(224) Minor Collection (Allocation Rate) 1516M(74%)->1110M(54%) 0.022s
[7.726s][info][gc       ] GC(225) Minor Collection (Allocation Rate)
[7.726s][info][gc,phases] GC(225) y: Young Generation
[7.726s][info][gc,phases] GC(225) y: Pause Mark Start 0.007ms
[7.739s][info][gc,phases] GC(225) y: Concurrent Mark 13.015ms
[7.740s][info][gc,phases] GC(225) y: Pause Mark End 0.009ms
[7.740s][info][gc,phases] GC(225) y: Concurrent Mark Free 0.001ms
[7.740s][info][gc,phases] GC(225) y: Concurrent Reset Relocation Set 0.014ms
[7.742s][info][gc,phases] GC(225) y: Concurrent Select Relocation Set 1.755ms
[7.742s][info][gc,phases] GC(225) y: Pause Relocate Start 0.007ms
[7.747s][info][gc,phases] GC(225) y: Concurrent Relocate 4.830ms
[7.747s][info][gc,phases] GC(225) y: Young Generation 1496M(73%)->1110M(54%) 0.021s
[7.747s][info][gc       ] GC(225) Minor Collection (Allocation Rate) 1494M(73%)->1112M(54%) 0.021s
[7.790s][info][gc       ] GC(226) Minor Collection (Allocation Rate)
[7.790s][info][gc,phases] GC(226) y: Young Generation
[7.790s][info][gc,phases] GC(226) y: Pause Mark Start 0.007ms
[7.805s][info][gc,phases] GC(226) y: Concurrent Mark 14.217ms
[7.805s][info][gc,phases] GC(226) y: Pause Mark End 0.009ms
[7.805s][info][gc,phases] GC(226) y: Concurrent Mark Free 0.001ms
[7.805s][info][gc,phases] GC(226) y: Concurrent Reset Relocation Set 0.009ms
[7.807s][info][gc,phases] GC(226) y: Concurrent Select Relocation Set 2.111ms
[7.807s][info][gc,phases] GC(226) y: Pause Relocate Start 0.006ms
[7.813s][info][gc,phases] GC(226) y: Concurrent Relocate 5.502ms
[7.813s][info][gc,phases] GC(226) y: Young Generation 1540M(75%)->1142M(56%) 0.023s
[7.813s][info][gc       ] GC(226) Minor Collection (Allocation Rate) 1538M(75%)->1144M(56%) 0.023s
[7.846s][info][gc       ] GC(227) Minor Collection (Allocation Rate)
[7.846s][info][gc,phases] GC(227) y: Young Generation
[7.846s][info][gc,phases] GC(227) y: Pause Mark Start 0.007ms
[7.860s][info][gc,phases] GC(227) y: Concurrent Mark 13.417ms
[7.860s][info][gc,phases] GC(227) y: Pause Mark End 0.009ms
[7.860s][info][gc,phases] GC(227) y: Concurrent Mark Free 0.001ms
[7.860s][info][gc,phases] GC(227) y: Concurrent Reset Relocation Set 0.016ms
[7.862s][info][gc,phases] GC(227) y: Concurrent Select Relocation Set 1.960ms
[7.863s][info][gc,phases] GC(227) y: Pause Relocate Start 0.007ms
[7.867s][info][gc,phases] GC(227) y: Concurrent Relocate 4.650ms
[7.868s][info][gc,phases] GC(227) y: Young Generation 1470M(72%)->1168M(57%) 0.022s
[7.868s][info][gc       ] GC(227) Minor Collection (Allocation Rate) 1470M(72%)->1172M(57%) 0.022s
[7.895s][info][gc       ] GC(228) Minor Collection (Allocation Rate)
[7.895s][info][gc,phases] GC(228) y: Young Generation
[7.896s][info][gc,phases] GC(228) y: Pause Mark Start 0.008ms
[7.909s][info][gc,phases] GC(228) y: Concurrent Mark 12.999ms
[7.909s][info][gc,phases] GC(228) y: Pause Mark End 0.009ms
[7.909s][info][gc,phases] GC(228) y: Concurrent Mark Free 0.001ms
[7.909s][info][gc,phases] GC(228) y: Concurrent Reset Relocation Set 0.013ms
[7.911s][info][gc,phases] GC(228) y: Concurrent Select Relocation Set 1.976ms
[7.912s][info][gc,phases] GC(228) y: Pause Relocate Start 0.007ms
[7.916s][info][gc,phases] GC(228) y: Concurrent Relocate 4.732ms
[7.917s][info][gc,phases] GC(228) y: Young Generation 1480M(72%)->1144M(56%) 0.021s
[7.917s][info][gc       ] GC(228) Minor Collection (Allocation Rate) 1478M(72%)->1146M(56%) 0.021s
[7.952s][info][gc       ] GC(229) Minor Collection (Allocation Rate)
[7.953s][info][gc,phases] GC(229) y: Young Generation
[7.953s][info][gc,phases] GC(229) y: Pause Mark Start 0.009ms
[7.966s][info][gc,phases] GC(229) y: Concurrent Mark 13.172ms
[7.966s][info][gc,phases] GC(229) y: Pause Mark End 0.009ms
[7.967s][info][gc,phases] GC(229) y: Concurrent Mark Free 0.000ms
[7.967s][info][gc,phases] GC(229) y: Concurrent Reset Relocation Set 0.012ms
[7.969s][info][gc,phases] GC(229) y: Concurrent Select Relocation Set 1.983ms
[7.969s][info][gc,phases] GC(229) y: Pause Relocate Start 0.008ms
[7.974s][info][gc,phases] GC(229) y: Concurrent Relocate 4.920ms
[7.974s][info][gc,phases] GC(229) y: Young Generation 1502M(73%)->1156M(56%) 0.021s
[7.974s][info][gc       ] GC(229) Minor Collection (Allocation Rate) 1502M(73%)->1158M(57%) 0.022s
[8.012s][info][gc       ] GC(230) Minor Collection (Allocation Rate)
[8.012s][info][gc,phases] GC(230) y: Young Generation
[8.012s][info][gc,phases] GC(230) y: Pause Mark Start 0.008ms
[8.025s][info][gc,phases] GC(230) y: Concurrent Mark 13.173ms
[8.026s][info][gc,phases] GC(230) y: Pause Mark End 0.009ms
[8.026s][info][gc,phases] GC(230) y: Concurrent Mark Free 0.001ms
[8.026s][info][gc,phases] GC(230) y: Concurrent Reset Relocation Set 0.014ms
[8.028s][info][gc,phases] GC(230) y: Concurrent Select Relocation Set 1.710ms
[8.028s][info][gc,phases] GC(230) y: Pause Relocate Start 0.006ms
[8.033s][info][gc,phases] GC(230) y: Concurrent Relocate 5.104ms
[8.033s][info][gc,phases] GC(230) y: Young Generation 1532M(75%)->1178M(58%) 0.021s
[8.033s][info][gc       ] GC(230) Minor Collection (Allocation Rate) 1530M(75%)->1182M(58%) 0.022s
[8.069s][info][gc       ] GC(231) Minor Collection (Allocation Rate)
[8.069s][info][gc,phases] GC(231) y: Young Generation
[8.070s][info][gc,phases] GC(231) y: Pause Mark Start 0.006ms
[8.083s][info][gc,phases] GC(231) y: Concurrent Mark 13.102ms
[8.083s][info][gc,phases] GC(231) y: Pause Mark End 0.011ms
[8.083s][info][gc,phases] GC(231) y: Concurrent Mark Free 0.001ms
[8.083s][info][gc,phases] GC(231) y: Concurrent Reset Relocation Set 0.013ms
[8.085s][info][gc,phases] GC(231) y: Concurrent Select Relocation Set 2.004ms
[8.086s][info][gc,phases] GC(231) y: Pause Relocate Start 0.005ms
[8.091s][info][gc,phases] GC(231) y: Concurrent Relocate 5.073ms
[8.091s][info][gc,phases] GC(231) y: Young Generation 1540M(75%)->1178M(58%) 0.022s
[8.091s][info][gc       ] GC(231) Minor Collection (Allocation Rate) 1540M(75%)->1182M(58%) 0.022s
[8.128s][info][gc       ] GC(232) Minor Collection (Allocation Rate)
[8.128s][info][gc,phases] GC(232) y: Young Generation
[8.129s][info][gc,phases] GC(232) y: Pause Mark Start 0.007ms
[8.142s][info][gc,phases] GC(232) y: Concurrent Mark 13.136ms
[8.142s][info][gc,phases] GC(232) y: Pause Mark End 0.013ms
[8.142s][info][gc,phases] GC(232) y: Concurrent Mark Free 0.001ms
[8.142s][info][gc,phases] GC(232) y: Concurrent Reset Relocation Set 0.012ms
[8.144s][info][gc,phases] GC(232) y: Concurrent Select Relocation Set 1.952ms
[8.145s][info][gc,phases] GC(232) y: Pause Relocate Start 0.006ms
[8.150s][info][gc,phases] GC(232) y: Concurrent Relocate 5.010ms
[8.150s][info][gc,phases] GC(232) y: Young Generation 1552M(76%)->1186M(58%) 0.022s
[8.150s][info][gc       ] GC(232) Minor Collection (Allocation Rate) 1550M(76%)->1188M(58%) 0.022s
[8.187s][info][gc       ] GC(233) Minor Collection (Allocation Rate)
[8.187s][info][gc,phases] GC(233) y: Young Generation
[8.187s][info][gc,phases] GC(233) y: Pause Mark Start 0.011ms
[8.201s][info][gc,phases] GC(233) y: Concurrent Mark 13.196ms
[8.201s][info][gc,phases] GC(233) y: Pause Mark End 0.010ms
[8.201s][info][gc,phases] GC(233) y: Concurrent Mark Free 0.001ms
[8.201s][info][gc,phases] GC(233) y: Concurrent Reset Relocation Set 0.013ms
[8.203s][info][gc,phases] GC(233) y: Concurrent Select Relocation Set 1.952ms
[8.204s][info][gc,phases] GC(233) y: Pause Relocate Start 0.007ms
[8.209s][info][gc,phases] GC(233) y: Concurrent Relocate 5.055ms
[8.209s][info][gc,phases] GC(233) y: Young Generation 1558M(76%)->1198M(58%) 0.022s
[8.209s][info][gc       ] GC(233) Minor Collection (Allocation Rate) 1558M(76%)->1200M(59%) 0.022s
[8.246s][info][gc       ] GC(234) Minor Collection (Allocation Rate)
[8.246s][info][gc,phases] GC(234) y: Young Generation
[8.247s][info][gc,phases] GC(234) y: Pause Mark Start 0.007ms
[8.259s][info][gc,phases] GC(234) y: Concurrent Mark 12.511ms
[8.259s][info][gc,phases] GC(234) y: Pause Mark End 0.009ms
[8.259s][info][gc,phases] GC(234) y: Concurrent Mark Free 0.001ms
[8.260s][info][gc,phases] GC(234) y: Concurrent Reset Relocation Set 0.014ms
[8.262s][info][gc,phases] GC(234) y: Concurrent Select Relocation Set 2.176ms
[8.262s][info][gc,phases] GC(234) y: Pause Relocate Start 0.008ms
[8.267s][info][gc,phases] GC(234) y: Concurrent Relocate 5.177ms
[8.268s][info][gc,phases] GC(234) y: Young Generation 1572M(77%)->1288M(63%) 0.021s
[8.268s][info][gc       ] GC(234) Minor Collection (Allocation Rate) 1570M(77%)->1292M(63%) 0.022s
[8.292s][info][gc       ] GC(235) Minor Collection (Allocation Rate)
[8.292s][info][gc,phases] GC(235) y: Young Generation
[8.292s][info][gc,phases] GC(235) y: Pause Mark Start 0.006ms
[8.304s][info][gc,phases] GC(235) y: Concurrent Mark 12.265ms
[8.305s][info][gc,phases] GC(235) y: Pause Mark End 0.009ms
[8.305s][info][gc,phases] GC(235) y: Concurrent Mark Free 0.000ms
[8.305s][info][gc,phases] GC(235) y: Concurrent Reset Relocation Set 0.016ms
[8.306s][info][gc,phases] GC(235) y: Concurrent Select Relocation Set 1.510ms
[8.307s][info][gc,phases] GC(235) y: Pause Relocate Start 0.004ms
[8.311s][info][gc,phases] GC(235) y: Concurrent Relocate 4.378ms
[8.311s][info][gc,phases] GC(235) y: Young Generation 1532M(75%)->1206M(59%) 0.019s
[8.311s][info][gc       ] GC(235) Minor Collection (Allocation Rate) 1530M(75%)->1208M(59%) 0.020s
[8.338s][info][gc       ] GC(236) Minor Collection (Allocation Rate)
[8.338s][info][gc,phases] GC(236) y: Young Generation
[8.339s][info][gc,phases] GC(236) y: Pause Mark Start 0.007ms
[8.351s][info][gc,phases] GC(236) y: Concurrent Mark 12.112ms
[8.351s][info][gc,phases] GC(236) y: Pause Mark End 0.010ms
[8.351s][info][gc,phases] GC(236) y: Concurrent Mark Free 0.001ms
[8.351s][info][gc,phases] GC(236) y: Concurrent Reset Relocation Set 0.008ms
[8.353s][info][gc,phases] GC(236) y: Concurrent Select Relocation Set 1.811ms
[8.354s][info][gc,phases] GC(236) y: Pause Relocate Start 0.006ms
[8.358s][info][gc,phases] GC(236) y: Concurrent Relocate 4.255ms
[8.358s][info][gc,phases] GC(236) y: Young Generation 1480M(72%)->1240M(61%) 0.020s
[8.358s][info][gc       ] GC(236) Minor Collection (Allocation Rate) 1478M(72%)->1244M(61%) 0.020s
[8.379s][info][gc       ] GC(237) Minor Collection (Allocation Rate)
[8.379s][info][gc,phases] GC(237) y: Young Generation
[8.379s][info][gc,phases] GC(237) y: Pause Mark Start 0.007ms
[8.392s][info][gc,phases] GC(237) y: Concurrent Mark 12.277ms
[8.392s][info][gc,phases] GC(237) y: Pause Mark End 0.009ms
[8.392s][info][gc,phases] GC(237) y: Concurrent Mark Free 0.001ms
[8.392s][info][gc,phases] GC(237) y: Concurrent Reset Relocation Set 0.010ms
[8.394s][info][gc,phases] GC(237) y: Concurrent Select Relocation Set 1.980ms
[8.395s][info][gc,phases] GC(237) y: Pause Relocate Start 0.011ms
[8.399s][info][gc,phases] GC(237) y: Concurrent Relocate 4.241ms
[8.399s][info][gc,phases] GC(237) y: Young Generation 1488M(73%)->1218M(59%) 0.020s
[8.399s][info][gc       ] GC(237) Minor Collection (Allocation Rate) 1488M(73%)->1218M(59%) 0.020s
[8.429s][info][gc       ] GC(238) Minor Collection (Allocation Rate)
[8.429s][info][gc,phases] GC(238) y: Young Generation
[8.429s][info][gc,phases] GC(238) y: Pause Mark Start 0.007ms
[8.441s][info][gc,phases] GC(238) y: Concurrent Mark 12.238ms
[8.441s][info][gc,phases] GC(238) y: Pause Mark End 0.010ms
[8.442s][info][gc,phases] GC(238) y: Concurrent Mark Free 0.001ms
[8.442s][info][gc,phases] GC(238) y: Concurrent Reset Relocation Set 0.012ms
[8.444s][info][gc,phases] GC(238) y: Concurrent Select Relocation Set 1.982ms
[8.444s][info][gc,phases] GC(238) y: Pause Relocate Start 0.006ms
[8.448s][info][gc,phases] GC(238) y: Concurrent Relocate 4.319ms
[8.449s][info][gc,phases] GC(238) y: Young Generation 1526M(75%)->1226M(60%) 0.020s
[8.449s][info][gc       ] GC(238) Minor Collection (Allocation Rate) 1526M(75%)->1226M(60%) 0.020s
[8.481s][info][gc       ] GC(239) Minor Collection (Allocation Rate)
[8.481s][info][gc,phases] GC(239) y: Young Generation
[8.481s][info][gc,phases] GC(239) y: Pause Mark Start 0.007ms
[8.494s][info][gc,phases] GC(239) y: Concurrent Mark 12.305ms
[8.494s][info][gc,phases] GC(239) y: Pause Mark End 0.009ms
[8.494s][info][gc,phases] GC(239) y: Concurrent Mark Free 0.001ms
[8.494s][info][gc,phases] GC(239) y: Concurrent Reset Relocation Set 0.011ms
[8.496s][info][gc,phases] GC(239) y: Concurrent Select Relocation Set 1.951ms
[8.497s][info][gc,phases] GC(239) y: Pause Relocate Start 0.005ms
[8.501s][info][gc,phases] GC(239) y: Concurrent Relocate 4.392ms
[8.501s][info][gc,phases] GC(239) y: Young Generation 1552M(76%)->1234M(60%) 0.020s
[8.501s][info][gc       ] GC(239) Minor Collection (Allocation Rate) 1550M(76%)->1238M(60%) 0.020s
[8.532s][info][gc       ] GC(240) Minor Collection (Allocation Rate)
[8.532s][info][gc,phases] GC(240) y: Young Generation
[8.533s][info][gc,phases] GC(240) y: Pause Mark Start 0.007ms
[8.544s][info][gc,phases] GC(240) y: Concurrent Mark 11.294ms
[8.544s][info][gc,phases] GC(240) y: Pause Mark End 0.011ms
[8.544s][info][gc,phases] GC(240) y: Concurrent Mark Free 0.001ms
[8.544s][info][gc,phases] GC(240) y: Concurrent Reset Relocation Set 0.011ms
[8.547s][info][gc,phases] GC(240) y: Concurrent Select Relocation Set 2.130ms
[8.547s][info][gc,phases] GC(240) y: Pause Relocate Start 0.007ms
[8.552s][info][gc,phases] GC(240) y: Concurrent Relocate 4.454ms
[8.552s][info][gc,phases] GC(240) y: Young Generation 1546M(75%)->1310M(64%) 0.019s
[8.552s][info][gc       ] GC(240) Minor Collection (Allocation Rate) 1544M(75%)->1314M(64%) 0.020s
[8.577s][info][gc       ] GC(241) Minor Collection (Allocation Rate)
[8.578s][info][gc,phases] GC(241) y: Young Generation
[8.578s][info][gc,phases] GC(241) y: Pause Mark Start 0.007ms
[8.589s][info][gc,phases] GC(241) y: Concurrent Mark 10.724ms
[8.589s][info][gc,phases] GC(241) y: Pause Mark End 0.011ms
[8.589s][info][gc,phases] GC(241) y: Concurrent Mark Free 0.001ms
[8.589s][info][gc,phases] GC(241) y: Concurrent Reset Relocation Set 0.014ms
[8.591s][info][gc,phases] GC(241) y: Concurrent Select Relocation Set 1.603ms
[8.591s][info][gc,phases] GC(241) y: Pause Relocate Start 0.010ms
[8.596s][info][gc,phases] GC(241) y: Concurrent Relocate 4.263ms
[8.596s][info][gc,phases] GC(241) y: Young Generation 1570M(77%)->1306M(64%) 0.018s
[8.596s][info][gc       ] GC(241) Minor Collection (Allocation Rate) 1568M(77%)->1310M(64%) 0.018s
[8.618s][info][gc       ] GC(242) Minor Collection (Allocation Rate)
[8.618s][info][gc,phases] GC(242) y: Young Generation
[8.619s][info][gc,phases] GC(242) y: Pause Mark Start 0.006ms
[8.631s][info][gc,phases] GC(242) y: Concurrent Mark 12.077ms
[8.631s][info][gc,phases] GC(242) y: Pause Mark End 0.009ms
[8.631s][info][gc,phases] GC(242) y: Concurrent Mark Free 0.001ms
[8.631s][info][gc,phases] GC(242) y: Concurrent Reset Relocation Set 0.008ms
[8.633s][info][gc,phases] GC(242) y: Concurrent Select Relocation Set 1.941ms
[8.633s][info][gc,phases] GC(242) y: Pause Relocate Start 0.006ms
[8.638s][info][gc,phases] GC(242) y: Concurrent Relocate 4.159ms
[8.638s][info][gc,phases] GC(242) y: Young Generation 1532M(75%)->1256M(61%) 0.020s
[8.638s][info][gc       ] GC(242) Minor Collection (Allocation Rate) 1530M(75%)->1260M(62%) 0.020s
[8.662s][info][gc       ] GC(243) Major Collection (Allocation Rate)
[8.663s][info][gc,phases] GC(243) Y: Young Generation
[8.663s][info][gc,phases] GC(243) Y: Pause Mark Start (Major) 0.007ms
[8.672s][info][gc,phases] GC(243) Y: Concurrent Mark 8.490ms
[8.672s][info][gc,phases] GC(243) Y: Pause Mark End 0.012ms
[8.672s][info][gc,phases] GC(243) Y: Concurrent Mark Free 0.000ms
[8.672s][info][gc,phases] GC(243) Y: Concurrent Reset Relocation Set 0.011ms
[8.674s][info][gc,phases] GC(243) Y: Concurrent Select Relocation Set 1.690ms
[8.674s][info][gc,phases] GC(243) Y: Pause Relocate Start 0.004ms
[8.678s][info][gc,phases] GC(243) Y: Concurrent Relocate 3.964ms
[8.678s][info][gc,phases] GC(243) Y: Young Generation 1506M(74%)->1300M(63%) 0.015s
[8.678s][info][gc,phases] GC(243) O: Old Generation
[8.695s][info][gc       ] GC(244) Minor Collection (Allocation Rate)
[8.695s][info][gc,phases] GC(244) y: Young Generation
[8.695s][info][gc,phases] GC(244) y: Pause Mark Start 0.010ms
[8.704s][info][gc,phases] GC(244) y: Concurrent Mark 8.574ms
[8.704s][info][gc,phases] GC(244) y: Pause Mark End 0.009ms
[8.704s][info][gc,phases] GC(244) y: Concurrent Mark Free 0.000ms
[8.704s][info][gc,phases] GC(244) y: Concurrent Reset Relocation Set 0.010ms
[8.706s][info][gc,phases] GC(244) y: Concurrent Select Relocation Set 1.768ms
[8.706s][info][gc,phases] GC(244) y: Pause Relocate Start 0.011ms
[8.710s][info][gc,phases] GC(244) y: Concurrent Relocate 3.468ms
[8.710s][info][gc,phases] GC(244) y: Young Generation 1466M(72%)->1244M(61%) 0.015s
[8.710s][info][gc       ] GC(244) Minor Collection (Allocation Rate) 1464M(71%)->1246M(61%) 0.015s
[8.743s][info][gc       ] GC(245) Minor Collection (Allocation Rate)
[8.743s][info][gc,phases] GC(245) y: Young Generation
[8.743s][info][gc,phases] GC(245) y: Pause Mark Start 0.010ms
[8.752s][info][gc,phases] GC(245) y: Concurrent Mark 8.819ms
[8.753s][info][gc,phases] GC(245) y: Pause Mark End 0.013ms
[8.753s][info][gc,phases] GC(245) y: Concurrent Mark Free 0.000ms
[8.753s][info][gc,phases] GC(245) y: Concurrent Reset Relocation Set 0.010ms
[8.755s][info][gc,phases] GC(245) y: Concurrent Select Relocation Set 1.771ms
[8.755s][info][gc,phases] GC(245) y: Pause Relocate Start 0.006ms
[8.759s][info][gc,phases] GC(245) y: Concurrent Relocate 4.020ms
[8.759s][info][gc,phases] GC(245) y: Young Generation 1570M(77%)->1256M(61%) 0.016s
[8.759s][info][gc       ] GC(245) Minor Collection (Allocation Rate) 1570M(77%)->1260M(62%) 0.016s
[8.794s][info][gc       ] GC(246) Minor Collection (Allocation Rate)
[8.794s][info][gc,phases] GC(246) y: Young Generation
[8.794s][info][gc,phases] GC(246) y: Pause Mark Start 0.006ms
[8.803s][info][gc,phases] GC(246) y: Concurrent Mark 9.116ms
[8.804s][info][gc,phases] GC(246) y: Pause Mark End 0.011ms
[8.804s][info][gc,phases] GC(246) y: Concurrent Mark Free 0.000ms
[8.804s][info][gc,phases] GC(246) y: Concurrent Reset Relocation Set 0.010ms
[8.806s][info][gc,phases] GC(246) y: Concurrent Select Relocation Set 1.540ms
[8.806s][info][gc,phases] GC(246) y: Pause Relocate Start 0.004ms
[8.810s][info][gc,phases] GC(246) y: Concurrent Relocate 4.147ms
[8.810s][info][gc,phases] GC(246) y: Young Generation 1600M(78%)->1318M(64%) 0.016s
[8.810s][info][gc       ] GC(246) Minor Collection (Allocation Rate) 1598M(78%)->1322M(65%) 0.016s
[8.827s][info][gc       ] GC(247) Minor Collection (Allocation Rate)
[8.828s][info][gc,phases] GC(247) y: Young Generation
[8.828s][info][gc,phases] GC(247) y: Pause Mark Start 0.010ms
[8.838s][info][gc,phases] GC(247) y: Concurrent Mark 9.681ms
[8.838s][info][gc,phases] GC(247) y: Pause Mark End 0.012ms
[8.838s][info][gc,phases] GC(247) y: Concurrent Mark Free 0.001ms
[8.838s][info][gc,phases] GC(247) y: Concurrent Reset Relocation Set 0.008ms
[8.840s][info][gc,phases] GC(247) y: Concurrent Select Relocation Set 1.729ms
[8.840s][info][gc,phases] GC(247) y: Pause Relocate Start 0.008ms
[8.845s][info][gc,phases] GC(247) y: Concurrent Relocate 4.193ms
[8.845s][info][gc,phases] GC(247) y: Young Generation 1608M(79%)->1292M(63%) 0.017s
[8.845s][info][gc       ] GC(247) Minor Collection (Allocation Rate) 1606M(78%)->1294M(63%) 0.018s
[8.856s][info][gc,phases] GC(243) O: Concurrent Mark 177.216ms
[8.856s][info][gc,phases] GC(243) O: Pause Mark End 0.010ms
[8.856s][info][gc,phases] GC(243) O: Concurrent Mark Free 0.001ms
[8.860s][info][gc,phases] GC(243) O: Concurrent Process Non-Strong 3.596ms
[8.860s][info][gc,phases] GC(243) O: Concurrent Reset Relocation Set 0.022ms
[8.862s][info][gc,phases] GC(243) O: Concurrent Select Relocation Set 1.893ms
[8.883s][info][gc,phases] GC(243) O: Concurrent Remap Roots 20.845ms
[8.883s][info][gc,phases] GC(243) O: Pause Relocate Start 0.009ms
[8.883s][info][gc       ] GC(248) Minor Collection (Allocation Rate)
[8.883s][info][gc,phases] GC(248) y: Young Generation
[8.883s][info][gc,phases] GC(248) y: Pause Mark Start 0.006ms
[8.897s][info][gc,phases] GC(248) y: Concurrent Mark 13.968ms
[8.898s][info][gc,phases] GC(248) y: Pause Mark End 0.013ms
[8.898s][info][gc,phases] GC(248) y: Concurrent Mark Free 0.000ms
[8.898s][info][gc,phases] GC(248) y: Concurrent Reset Relocation Set 0.011ms
[8.900s][info][gc,phases] GC(248) y: Concurrent Select Relocation Set 1.996ms
[8.900s][info][gc,phases] GC(248) y: Pause Relocate Start 0.009ms
[8.905s][info][gc,phases] GC(248) y: Concurrent Relocate 4.906ms
[8.906s][info][gc,phases] GC(248) y: Young Generation 1646M(80%)->1198M(58%) 0.022s
[8.906s][info][gc       ] GC(248) Minor Collection (Allocation Rate) 1658M(81%)->1202M(59%) 0.023s
[8.926s][info][gc       ] GC(249) Minor Collection (Allocation Rate)
[8.926s][info][gc,phases] GC(249) y: Young Generation
[8.927s][info][gc,phases] GC(249) y: Pause Mark Start 0.010ms
[8.930s][info][gc,phases] GC(243) O: Concurrent Relocate 47.288ms
[8.939s][info][gc,phases] GC(249) y: Concurrent Mark 12.328ms
[8.940s][info][gc,phases] GC(249) y: Pause Mark End 0.009ms
[8.940s][info][gc,phases] GC(249) y: Concurrent Mark Free 0.001ms
[8.940s][info][gc,phases] GC(249) y: Concurrent Reset Relocation Set 0.015ms
[8.942s][info][gc,phases] GC(249) y: Concurrent Select Relocation Set 1.930ms
[8.942s][info][gc,phases] GC(249) y: Pause Relocate Start 0.011ms
[8.946s][info][gc,phases] GC(249) y: Concurrent Relocate 3.595ms
[8.946s][info][gc,phases] GC(249) y: Young Generation 1302M(64%)->1076M(53%) 0.019s
[8.946s][info][gc       ] GC(249) Minor Collection (Allocation Rate) 1300M(63%)->1078M(53%) 0.020s
[8.946s][info][gc,phases] GC(243) O: Old Generation 1304M(64%)->1326M(65%) 0.268s
[8.946s][info][gc       ] GC(243) Major Collection (Allocation Rate) 1504M(73%)->1080M(53%) 0.284s
[8.981s][info][gc       ] GC(250) Minor Collection (Allocation Rate)
[8.981s][info][gc,phases] GC(250) y: Young Generation
[8.981s][info][gc,phases] GC(250) y: Pause Mark Start 0.007ms
[8.994s][info][gc,phases] GC(250) y: Concurrent Mark 11.947ms
[8.994s][info][gc,phases] GC(250) y: Pause Mark End 0.010ms
[8.994s][info][gc,phases] GC(250) y: Concurrent Mark Free 0.001ms
[8.994s][info][gc,phases] GC(250) y: Concurrent Reset Relocation Set 0.009ms
[8.996s][info][gc,phases] GC(250) y: Concurrent Select Relocation Set 2.153ms
[8.997s][info][gc,phases] GC(250) y: Pause Relocate Start 0.006ms
[9.001s][info][gc,phases] GC(250) y: Concurrent Relocate 4.725ms
[9.001s][info][gc,phases] GC(250) y: Young Generation 1428M(70%)->1168M(57%) 0.020s
[9.002s][info][gc       ] GC(250) Minor Collection (Allocation Rate) 1426M(70%)->1170M(57%) 0.021s
[9.030s][info][gc       ] GC(251) Minor Collection (Allocation Rate)
[9.030s][info][gc,phases] GC(251) y: Young Generation
[9.030s][info][gc,phases] GC(251) y: Pause Mark Start 0.006ms
[9.042s][info][gc,phases] GC(251) y: Concurrent Mark 11.679ms
[9.042s][info][gc,phases] GC(251) y: Pause Mark End 0.009ms
[9.042s][info][gc,phases] GC(251) y: Concurrent Mark Free 0.001ms
[9.042s][info][gc,phases] GC(251) y: Concurrent Reset Relocation Set 0.015ms
[9.044s][info][gc,phases] GC(251) y: Concurrent Select Relocation Set 1.768ms
[9.044s][info][gc,phases] GC(251) y: Pause Relocate Start 0.006ms
[9.049s][info][gc,phases] GC(251) y: Concurrent Relocate 4.548ms
[9.049s][info][gc,phases] GC(251) y: Young Generation 1452M(71%)->1098M(54%) 0.019s
[9.049s][info][gc       ] GC(251) Minor Collection (Allocation Rate) 1450M(71%)->1102M(54%) 0.020s
[9.092s][info][gc       ] GC(252) Minor Collection (Allocation Rate)
[9.092s][info][gc,phases] GC(252) y: Young Generation
[9.092s][info][gc,phases] GC(252) y: Pause Mark Start 0.010ms
[9.104s][info][gc,phases] GC(252) y: Concurrent Mark 11.717ms
[9.104s][info][gc,phases] GC(252) y: Pause Mark End 0.011ms
[9.105s][info][gc,phases] GC(252) y: Concurrent Mark Free 0.001ms
[9.105s][info][gc,phases] GC(252) y: Concurrent Reset Relocation Set 0.009ms
[9.107s][info][gc,phases] GC(252) y: Concurrent Select Relocation Set 1.870ms
[9.107s][info][gc,phases] GC(252) y: Pause Relocate Start 0.006ms
[9.112s][info][gc,phases] GC(252) y: Concurrent Relocate 5.115ms
[9.112s][info][gc,phases] GC(252) y: Young Generation 1524M(74%)->1200M(59%) 0.020s
[9.112s][info][gc       ] GC(252) Minor Collection (Allocation Rate) 1524M(74%)->1202M(59%) 0.020s
[9.143s][info][gc       ] GC(253) Minor Collection (Allocation Rate)
[9.143s][info][gc,phases] GC(253) y: Young Generation
[9.144s][info][gc,phases] GC(253) y: Pause Mark Start 0.007ms
[9.157s][info][gc,phases] GC(253) y: Concurrent Mark 13.153ms
[9.157s][info][gc,phases] GC(253) y: Pause Mark End 0.009ms
[9.157s][info][gc,phases] GC(253) y: Concurrent Mark Free 0.000ms
[9.157s][info][gc,phases] GC(253) y: Concurrent Reset Relocation Set 0.012ms
[9.159s][info][gc,phases] GC(253) y: Concurrent Select Relocation Set 1.954ms
[9.160s][info][gc,phases] GC(253) y: Pause Relocate Start 0.007ms
[9.165s][info][gc,phases] GC(253) y: Concurrent Relocate 4.922ms
[9.165s][info][gc,phases] GC(253) y: Young Generation 1508M(74%)->1174M(57%) 0.021s
[9.165s][info][gc       ] GC(253) Minor Collection (Allocation Rate) 1508M(74%)->1176M(57%) 0.022s
[9.191s][info][gc       ] GC(254) Minor Collection (Allocation Rate)
[9.191s][info][gc,phases] GC(254) y: Young Generation
[9.191s][info][gc,phases] GC(254) y: Pause Mark Start 0.007ms
[9.204s][info][gc,phases] GC(254) y: Concurrent Mark 12.929ms
[9.204s][info][gc,phases] GC(254) y: Pause Mark End 0.009ms
[9.205s][info][gc,phases] GC(254) y: Concurrent Mark Free 0.000ms
[9.205s][info][gc,phases] GC(254) y: Concurrent Reset Relocation Set 0.014ms
[9.207s][info][gc,phases] GC(254) y: Concurrent Select Relocation Set 1.990ms
[9.207s][info][gc,phases] GC(254) y: Pause Relocate Start 0.005ms
[9.212s][info][gc,phases] GC(254) y: Concurrent Relocate 4.511ms
[9.212s][info][gc,phases] GC(254) y: Young Generation 1464M(71%)->1176M(57%) 0.021s
[9.212s][info][gc       ] GC(254) Minor Collection (Allocation Rate) 1464M(71%)->1178M(58%) 0.021s
[9.238s][info][gc       ] GC(255) Minor Collection (Allocation Rate)
[9.238s][info][gc,phases] GC(255) y: Young Generation
[9.239s][info][gc,phases] GC(255) y: Pause Mark Start 0.007ms
[9.251s][info][gc,phases] GC(255) y: Concurrent Mark 12.746ms
[9.252s][info][gc,phases] GC(255) y: Pause Mark End 0.009ms
[9.252s][info][gc,phases] GC(255) y: Concurrent Mark Free 0.001ms
[9.252s][info][gc,phases] GC(255) y: Concurrent Reset Relocation Set 0.013ms
[9.254s][info][gc,phases] GC(255) y: Concurrent Select Relocation Set 1.970ms
[9.254s][info][gc,phases] GC(255) y: Pause Relocate Start 0.007ms
[9.259s][info][gc,phases] GC(255) y: Concurrent Relocate 4.718ms
[9.259s][info][gc,phases] GC(255) y: Young Generation 1476M(72%)->1156M(56%) 0.021s
[9.259s][info][gc       ] GC(255) Minor Collection (Allocation Rate) 1476M(72%)->1158M(57%) 0.021s
[9.292s][info][gc       ] GC(256) Minor Collection (Allocation Rate)
[9.293s][info][gc,phases] GC(256) y: Young Generation
[9.293s][info][gc,phases] GC(256) y: Pause Mark Start 0.007ms
[9.306s][info][gc,phases] GC(256) y: Concurrent Mark 12.863ms
[9.306s][info][gc,phases] GC(256) y: Pause Mark End 0.013ms
[9.306s][info][gc,phases] GC(256) y: Concurrent Mark Free 0.001ms
[9.306s][info][gc,phases] GC(256) y: Concurrent Reset Relocation Set 0.013ms
[9.308s][info][gc,phases] GC(256) y: Concurrent Select Relocation Set 1.904ms
[9.308s][info][gc,phases] GC(256) y: Pause Relocate Start 0.006ms
[9.313s][info][gc,phases] GC(256) y: Concurrent Relocate 4.679ms
[9.313s][info][gc,phases] GC(256) y: Young Generation 1488M(73%)->1162M(57%) 0.021s
[9.313s][info][gc       ] GC(256) Minor Collection (Allocation Rate) 1486M(73%)->1164M(57%) 0.021s
[9.349s][info][gc       ] GC(257) Minor Collection (Allocation Rate)
[9.349s][info][gc,phases] GC(257) y: Young Generation
[9.349s][info][gc,phases] GC(257) y: Pause Mark Start 0.006ms
[9.362s][info][gc,phases] GC(257) y: Concurrent Mark 12.820ms
[9.362s][info][gc,phases] GC(257) y: Pause Mark End 0.010ms
[9.362s][info][gc,phases] GC(257) y: Concurrent Mark Free 0.000ms
[9.362s][info][gc,phases] GC(257) y: Concurrent Reset Relocation Set 0.011ms
[9.364s][info][gc,phases] GC(257) y: Concurrent Select Relocation Set 1.946ms
[9.365s][info][gc,phases] GC(257) y: Pause Relocate Start 0.007ms
[9.369s][info][gc,phases] GC(257) y: Concurrent Relocate 4.734ms
[9.370s][info][gc,phases] GC(257) y: Young Generation 1514M(74%)->1174M(57%) 0.021s
[9.370s][info][gc       ] GC(257) Minor Collection (Allocation Rate) 1514M(74%)->1176M(57%) 0.021s
[9.405s][info][gc       ] GC(258) Minor Collection (Allocation Rate)
[9.405s][info][gc,phases] GC(258) y: Young Generation
[9.405s][info][gc,phases] GC(258) y: Pause Mark Start 0.007ms
[9.418s][info][gc,phases] GC(258) y: Concurrent Mark 12.856ms
[9.418s][info][gc,phases] GC(258) y: Pause Mark End 0.010ms
[9.419s][info][gc,phases] GC(258) y: Concurrent Mark Free 0.001ms
[9.419s][info][gc,phases] GC(258) y: Concurrent Reset Relocation Set 0.013ms
[9.420s][info][gc,phases] GC(258) y: Concurrent Select Relocation Set 1.727ms
[9.421s][info][gc,phases] GC(258) y: Pause Relocate Start 0.009ms
[9.425s][info][gc,phases] GC(258) y: Concurrent Relocate 4.742ms
[9.426s][info][gc,phases] GC(258) y: Young Generation 1524M(74%)->1196M(58%) 0.021s
[9.426s][info][gc       ] GC(258) Minor Collection (Allocation Rate) 1524M(74%)->1198M(58%) 0.021s
[9.461s][info][gc       ] GC(259) Minor Collection (Allocation Rate)
[9.461s][info][gc,phases] GC(259) y: Young Generation
[9.461s][info][gc,phases] GC(259) y: Pause Mark Start 0.007ms
[9.473s][info][gc,phases] GC(259) y: Concurrent Mark 11.891ms
[9.474s][info][gc,phases] GC(259) y: Pause Mark End 0.011ms
[9.474s][info][gc,phases] GC(259) y: Concurrent Mark Free 0.001ms
[9.474s][info][gc,phases] GC(259) y: Concurrent Reset Relocation Set 0.012ms
[9.476s][info][gc,phases] GC(259) y: Concurrent Select Relocation Set 2.165ms
[9.476s][info][gc,phases] GC(259) y: Pause Relocate Start 0.007ms
[9.482s][info][gc,phases] GC(259) y: Concurrent Relocate 5.052ms
[9.482s][info][gc,phases] GC(259) y: Young Generation 1548M(76%)->1268M(62%) 0.021s
[9.482s][info][gc       ] GC(259) Minor Collection (Allocation Rate) 1548M(76%)->1270M(62%) 0.021s
[9.509s][info][gc       ] GC(260) Minor Collection (Allocation Rate)
[9.509s][info][gc,phases] GC(260) y: Young Generation
[9.509s][info][gc,phases] GC(260) y: Pause Mark Start 0.006ms
[9.522s][info][gc,phases] GC(260) y: Concurrent Mark 12.260ms
[9.522s][info][gc,phases] GC(260) y: Pause Mark End 0.010ms
[9.522s][info][gc,phases] GC(260) y: Concurrent Mark Free 0.000ms
[9.522s][info][gc,phases] GC(260) y: Concurrent Reset Relocation Set 0.014ms
[9.524s][info][gc,phases] GC(260) y: Concurrent Select Relocation Set 1.734ms
[9.524s][info][gc,phases] GC(260) y: Pause Relocate Start 0.006ms
[9.529s][info][gc,phases] GC(260) y: Concurrent Relocate 4.662ms
[9.529s][info][gc,phases] GC(260) y: Young Generation 1540M(75%)->1192M(58%) 0.020s
[9.529s][info][gc       ] GC(260) Minor Collection (Allocation Rate) 1540M(75%)->1196M(58%) 0.020s
[9.561s][info][gc       ] GC(261) Minor Collection (Allocation Rate)
[9.562s][info][gc,phases] GC(261) y: Young Generation
[9.562s][info][gc,phases] GC(261) y: Pause Mark Start 0.009ms
[9.574s][info][gc,phases] GC(261) y: Concurrent Mark 12.555ms
[9.575s][info][gc,phases] GC(261) y: Pause Mark End 0.009ms
[9.575s][info][gc,phases] GC(261) y: Concurrent Mark Free 0.001ms
[9.575s][info][gc,phases] GC(261) y: Concurrent Reset Relocation Set 0.010ms
[9.577s][info][gc,phases] GC(261) y: Concurrent Select Relocation Set 1.986ms
[9.577s][info][gc,phases] GC(261) y: Pause Relocate Start 0.006ms
[9.582s][info][gc,phases] GC(261) y: Concurrent Relocate 4.577ms
[9.582s][info][gc,phases] GC(261) y: Young Generation 1518M(74%)->1208M(59%) 0.021s
[9.582s][info][gc       ] GC(261) Minor Collection (Allocation Rate) 1518M(74%)->1212M(59%) 0.021s
[9.616s][info][gc       ] GC(262) Minor Collection (Allocation Rate)
[9.616s][info][gc,phases] GC(262) y: Young Generation
[9.616s][info][gc,phases] GC(262) y: Pause Mark Start 0.007ms
[9.629s][info][gc,phases] GC(262) y: Concurrent Mark 12.850ms
[9.629s][info][gc,phases] GC(262) y: Pause Mark End 0.010ms
[9.630s][info][gc,phases] GC(262) y: Concurrent Mark Free 0.001ms
[9.630s][info][gc,phases] GC(262) y: Concurrent Reset Relocation Set 0.011ms
[9.632s][info][gc,phases] GC(262) y: Concurrent Select Relocation Set 1.944ms
[9.632s][info][gc,phases] GC(262) y: Pause Relocate Start 0.006ms
[9.637s][info][gc,phases] GC(262) y: Concurrent Relocate 4.690ms
[9.637s][info][gc,phases] GC(262) y: Young Generation 1546M(75%)->1220M(60%) 0.021s
[9.637s][info][gc       ] GC(262) Minor Collection (Allocation Rate) 1544M(75%)->1224M(60%) 0.021s
[9.668s][info][gc       ] GC(263) Minor Collection (Allocation Rate)
[9.669s][info][gc,phases] GC(263) y: Young Generation
[9.669s][info][gc,phases] GC(263) y: Pause Mark Start 0.008ms
[9.682s][info][gc,phases] GC(263) y: Concurrent Mark 12.602ms
[9.682s][info][gc,phases] GC(263) y: Pause Mark End 0.010ms
[9.682s][info][gc,phases] GC(263) y: Concurrent Mark Free 0.000ms
[9.682s][info][gc,phases] GC(263) y: Concurrent Reset Relocation Set 0.013ms
[9.684s][info][gc,phases] GC(263) y: Concurrent Select Relocation Set 1.930ms
[9.684s][info][gc,phases] GC(263) y: Pause Relocate Start 0.007ms
[9.689s][info][gc,phases] GC(263) y: Concurrent Relocate 4.577ms
[9.689s][info][gc,phases] GC(263) y: Young Generation 1538M(75%)->1226M(60%) 0.021s
[9.689s][info][gc       ] GC(263) Minor Collection (Allocation Rate) 1536M(75%)->1228M(60%) 0.021s
[9.721s][info][gc       ] GC(264) Minor Collection (Allocation Rate)
[9.722s][info][gc,phases] GC(264) y: Young Generation
[9.722s][info][gc,phases] GC(264) y: Pause Mark Start 0.007ms
[9.735s][info][gc,phases] GC(264) y: Concurrent Mark 12.687ms
[9.735s][info][gc,phases] GC(264) y: Pause Mark End 0.009ms
[9.735s][info][gc,phases] GC(264) y: Concurrent Mark Free 0.001ms
[9.735s][info][gc,phases] GC(264) y: Concurrent Reset Relocation Set 0.011ms
[9.737s][info][gc,phases] GC(264) y: Concurrent Select Relocation Set 1.914ms
[9.737s][info][gc,phases] GC(264) y: Pause Relocate Start 0.008ms
[9.742s][info][gc,phases] GC(264) y: Concurrent Relocate 4.455ms
[9.742s][info][gc,phases] GC(264) y: Young Generation 1550M(76%)->1236M(60%) 0.020s
[9.742s][info][gc       ] GC(264) Minor Collection (Allocation Rate) 1548M(76%)->1240M(61%) 0.021s
[9.776s][info][gc       ] GC(265) Minor Collection (Allocation Rate)
[9.776s][info][gc,phases] GC(265) y: Young Generation
[9.776s][info][gc,phases] GC(265) y: Pause Mark Start 0.007ms
[9.789s][info][gc,phases] GC(265) y: Concurrent Mark 12.578ms
[9.789s][info][gc,phases] GC(265) y: Pause Mark End 0.009ms
[9.789s][info][gc,phases] GC(265) y: Concurrent Mark Free 0.001ms
[9.789s][info][gc,phases] GC(265) y: Concurrent Reset Relocation Set 0.011ms
[9.791s][info][gc,phases] GC(265) y: Concurrent Select Relocation Set 1.975ms
[9.792s][info][gc,phases] GC(265) y: Pause Relocate Start 0.011ms
[9.796s][info][gc,phases] GC(265) y: Concurrent Relocate 4.600ms
[9.796s][info][gc,phases] GC(265) y: Young Generation 1574M(77%)->1250M(61%) 0.021s
[9.797s][info][gc       ] GC(265) Minor Collection (Allocation Rate) 1574M(77%)->1254M(61%) 0.021s
[9.832s][info][gc       ] GC(266) Minor Collection (Allocation Rate)
[9.832s][info][gc,phases] GC(266) y: Young Generation
[9.832s][info][gc,phases] GC(266) y: Pause Mark Start 0.006ms
[9.845s][info][gc,phases] GC(266) y: Concurrent Mark 12.715ms
[9.845s][info][gc,phases] GC(266) y: Pause Mark End 0.009ms
[9.845s][info][gc,phases] GC(266) y: Concurrent Mark Free 0.001ms
[9.845s][info][gc,phases] GC(266) y: Concurrent Reset Relocation Set 0.011ms
[9.847s][info][gc,phases] GC(266) y: Concurrent Select Relocation Set 1.981ms
[9.848s][info][gc,phases] GC(266) y: Pause Relocate Start 0.006ms
[9.852s][info][gc,phases] GC(266) y: Concurrent Relocate 4.721ms
[9.853s][info][gc,phases] GC(266) y: Young Generation 1602M(78%)->1262M(62%) 0.021s
[9.853s][info][gc       ] GC(266) Minor Collection (Allocation Rate) 1600M(78%)->1262M(62%) 0.021s
[9.886s][info][gc       ] GC(267) Minor Collection (Allocation Rate)
[9.886s][info][gc,phases] GC(267) y: Young Generation
[9.886s][info][gc,phases] GC(267) y: Pause Mark Start 0.007ms
[9.899s][info][gc,phases] GC(267) y: Concurrent Mark 13.006ms
[9.900s][info][gc,phases] GC(267) y: Pause Mark End 0.009ms
[9.900s][info][gc,phases] GC(267) y: Concurrent Mark Free 0.001ms
[9.900s][info][gc,phases] GC(267) y: Concurrent Reset Relocation Set 0.012ms
[9.902s][info][gc,phases] GC(267) y: Concurrent Select Relocation Set 1.943ms
[9.902s][info][gc,phases] GC(267) y: Pause Relocate Start 0.006ms
[9.907s][info][gc,phases] GC(267) y: Concurrent Relocate 4.690ms
[9.907s][info][gc,phases] GC(267) y: Young Generation 1594M(78%)->1272M(62%) 0.021s
[9.907s][info][gc       ] GC(267) Minor Collection (Allocation Rate) 1592M(78%)->1274M(62%) 0.021s
[9.939s][info][gc       ] GC(268) Minor Collection (Allocation Rate)
[9.939s][info][gc,phases] GC(268) y: Young Generation
[9.939s][info][gc,phases] GC(268) y: Pause Mark Start 0.010ms
[9.951s][info][gc,phases] GC(268) y: Concurrent Mark 11.671ms
[9.951s][info][gc,phases] GC(268) y: Pause Mark End 0.011ms
[9.951s][info][gc,phases] GC(268) y: Concurrent Mark Free 0.001ms
[9.951s][info][gc,phases] GC(268) y: Concurrent Reset Relocation Set 0.011ms
[9.954s][info][gc,phases] GC(268) y: Concurrent Select Relocation Set 2.210ms
[9.954s][info][gc,phases] GC(268) y: Pause Relocate Start 0.006ms
[9.959s][info][gc,phases] GC(268) y: Concurrent Relocate 4.803ms
[9.959s][info][gc,phases] GC(268) y: Young Generation 1590M(78%)->1352M(66%) 0.020s
[9.959s][info][gc       ] GC(268) Minor Collection (Allocation Rate) 1588M(78%)->1354M(66%) 0.020s
[9.979s][info][gc       ] GC(269) Major Collection (Allocation Rate)
[9.979s][info][gc,phases] GC(269) Y: Young Generation
[9.979s][info][gc,phases] GC(269) Y: Pause Mark Start (Major) 0.009ms
[9.988s][info][gc,phases] GC(269) Y: Concurrent Mark 8.940ms
[9.988s][info][gc,phases] GC(269) Y: Pause Mark End 0.010ms
[9.989s][info][gc,phases] GC(269) Y: Concurrent Mark Free 0.001ms
[9.989s][info][gc,phases] GC(269) Y: Concurrent Reset Relocation Set 0.015ms
[9.990s][info][gc,phases] GC(269) Y: Concurrent Select Relocation Set 1.751ms
[9.991s][info][gc,phases] GC(269) Y: Pause Relocate Start 0.006ms
[9.995s][info][gc,phases] GC(269) Y: Concurrent Relocate 3.926ms
[9.995s][info][gc,phases] GC(269) Y: Young Generation 1548M(76%)->1244M(61%) 0.016s
[9.995s][info][gc,phases] GC(269) O: Old Generation
[10.018s][info][gc       ] GC(270) Minor Collection (Allocation Rate)
[10.019s][info][gc,phases] GC(270) y: Young Generation
[10.019s][info][gc,phases] GC(270) y: Pause Mark Start 0.006ms
[10.027s][info][gc,phases] GC(270) y: Concurrent Mark 8.533ms
[10.028s][info][gc,phases] GC(270) y: Pause Mark End 0.009ms
[10.028s][info][gc,phases] GC(270) y: Concurrent Mark Free 0.001ms
[10.028s][info][gc,phases] GC(270) y: Concurrent Reset Relocation Set 0.007ms
[10.030s][info][gc,phases] GC(270) y: Concurrent Select Relocation Set 1.579ms
[10.030s][info][gc,phases] GC(270) y: Pause Relocate Start 0.008ms
[10.033s][info][gc,phases] GC(270) y: Concurrent Relocate 3.174ms
[10.033s][info][gc,phases] GC(270) y: Young Generation 1476M(72%)->1242M(61%) 0.015s
[10.033s][info][gc       ] GC(270) Minor Collection (Allocation Rate) 1474M(72%)->1246M(61%) 0.015s
[10.063s][info][gc       ] GC(271) Minor Collection (Allocation Rate)
[10.063s][info][gc,phases] GC(271) y: Young Generation
[10.063s][info][gc,phases] GC(271) y: Pause Mark Start 0.007ms
[10.073s][info][gc,phases] GC(271) y: Concurrent Mark 9.132ms
[10.073s][info][gc,phases] GC(271) y: Pause Mark End 0.012ms
[10.073s][info][gc,phases] GC(271) y: Concurrent Mark Free 0.000ms
[10.073s][info][gc,phases] GC(271) y: Concurrent Reset Relocation Set 0.006ms
[10.075s][info][gc,phases] GC(271) y: Concurrent Select Relocation Set 2.180ms
[10.076s][info][gc,phases] GC(271) y: Pause Relocate Start 0.006ms
[10.080s][info][gc,phases] GC(271) y: Concurrent Relocate 4.085ms
[10.080s][info][gc,phases] GC(271) y: Young Generation 1534M(75%)->1336M(65%) 0.017s
[10.080s][info][gc       ] GC(271) Minor Collection (Allocation Rate) 1534M(75%)->1338M(65%) 0.017s
[10.102s][info][gc       ] GC(272) Minor Collection (Allocation Rate)
[10.102s][info][gc,phases] GC(272) y: Young Generation
[10.102s][info][gc,phases] GC(272) y: Pause Mark Start 0.010ms
[10.111s][info][gc,phases] GC(272) y: Concurrent Mark 8.239ms
[10.111s][info][gc,phases] GC(272) y: Pause Mark End 0.009ms
[10.111s][info][gc,phases] GC(272) y: Concurrent Mark Free 0.000ms
[10.111s][info][gc,phases] GC(272) y: Concurrent Reset Relocation Set 0.016ms
[10.113s][info][gc,phases] GC(272) y: Concurrent Select Relocation Set 1.561ms
[10.113s][info][gc,phases] GC(272) y: Pause Relocate Start 0.009ms
[10.117s][info][gc,phases] GC(272) y: Concurrent Relocate 3.647ms
[10.117s][info][gc,phases] GC(272) y: Young Generation 1554M(76%)->1262M(62%) 0.015s
[10.117s][info][gc       ] GC(272) Minor Collection (Allocation Rate) 1554M(76%)->1262M(62%) 0.015s
[10.152s][info][gc       ] GC(273) Minor Collection (Allocation Rate)
[10.152s][info][gc,phases] GC(273) y: Young Generation
[10.152s][info][gc,phases] GC(273) y: Pause Mark Start 0.006ms
[10.161s][info][gc,phases] GC(273) y: Concurrent Mark 8.807ms
[10.161s][info][gc,phases] GC(273) y: Pause Mark End 0.011ms
[10.162s][info][gc,phases] GC(273) y: Concurrent Mark Free 0.000ms
[10.162s][info][gc,phases] GC(273) y: Concurrent Reset Relocation Set 0.008ms
[10.163s][info][gc,phases] GC(273) y: Concurrent Select Relocation Set 1.543ms
[10.164s][info][gc,phases] GC(273) y: Pause Relocate Start 0.005ms
[10.168s][info][gc,phases] GC(273) y: Concurrent Relocate 3.880ms
[10.168s][info][gc,phases] GC(273) y: Young Generation 1602M(78%)->1284M(63%) 0.016s
[10.168s][info][gc       ] GC(273) Minor Collection (Allocation Rate) 1602M(78%)->1286M(63%) 0.016s
[10.181s][info][gc,phases] GC(269) O: Concurrent Mark 185.673ms
[10.181s][info][gc,phases] GC(269) O: Pause Mark End 0.010ms
[10.181s][info][gc,phases] GC(269) O: Concurrent Mark Free 0.001ms
[10.185s][info][gc,phases] GC(269) O: Concurrent Process Non-Strong 3.610ms
[10.185s][info][gc,phases] GC(269) O: Concurrent Reset Relocation Set 0.020ms
[10.187s][info][gc,phases] GC(269) O: Concurrent Select Relocation Set 1.791ms
[10.208s][info][gc,phases] GC(269) O: Concurrent Remap Roots 20.751ms
[10.208s][info][gc,phases] GC(269) O: Pause Relocate Start 0.009ms
[10.208s][info][gc       ] GC(274) Minor Collection (Allocation Rate)
[10.208s][info][gc,phases] GC(274) y: Young Generation
[10.208s][info][gc,phases] GC(274) y: Pause Mark Start 0.009ms
[10.222s][info][gc,phases] GC(274) y: Concurrent Mark 13.367ms
[10.222s][info][gc,phases] GC(274) y: Pause Mark End 0.013ms
[10.222s][info][gc,phases] GC(274) y: Concurrent Mark Free 0.000ms
[10.222s][info][gc,phases] GC(274) y: Concurrent Reset Relocation Set 0.009ms
[10.224s][info][gc,phases] GC(274) y: Concurrent Select Relocation Set 1.915ms
[10.225s][info][gc,phases] GC(274) y: Pause Relocate Start 0.007ms
[10.230s][info][gc,phases] GC(274) y: Concurrent Relocate 4.999ms
[10.230s][info][gc,phases] GC(274) y: Young Generation 1650M(81%)->1188M(58%) 0.022s
[10.230s][info][gc       ] GC(274) Minor Collection (Allocation Rate) 1668M(81%)->1188M(58%) 0.022s
[10.254s][info][gc,phases] GC(269) O: Concurrent Relocate 45.821ms
[10.254s][info][gc,phases] GC(269) O: Old Generation 1244M(61%)->1300M(63%) 0.259s
[10.254s][info][gc       ] GC(269) Major Collection (Allocation Rate) 1546M(75%)->1302M(64%) 0.275s
[10.262s][info][gc       ] GC(275) Minor Collection (Allocation Rate)
[10.262s][info][gc,phases] GC(275) y: Young Generation
[10.262s][info][gc,phases] GC(275) y: Pause Mark Start 0.007ms
[10.275s][info][gc,phases] GC(275) y: Concurrent Mark 12.217ms
[10.275s][info][gc,phases] GC(275) y: Pause Mark End 0.009ms
[10.275s][info][gc,phases] GC(275) y: Concurrent Mark Free 0.001ms
[10.275s][info][gc,phases] GC(275) y: Concurrent Reset Relocation Set 0.013ms
[10.277s][info][gc,phases] GC(275) y: Concurrent Select Relocation Set 1.716ms
[10.277s][info][gc,phases] GC(275) y: Pause Relocate Start 0.005ms
[10.282s][info][gc,phases] GC(275) y: Concurrent Relocate 4.101ms
[10.282s][info][gc,phases] GC(275) y: Young Generation 1380M(67%)->1068M(52%) 0.020s
[10.282s][info][gc       ] GC(275) Minor Collection (Allocation Rate) 1378M(67%)->1068M(52%) 0.020s
[10.323s][info][gc       ] GC(276) Minor Collection (Allocation Rate)
[10.324s][info][gc,phases] GC(276) y: Young Generation
[10.324s][info][gc,phases] GC(276) y: Pause Mark Start 0.009ms
[10.337s][info][gc,phases] GC(276) y: Concurrent Mark 13.343ms
[10.338s][info][gc,phases] GC(276) y: Pause Mark End 0.009ms
[10.338s][info][gc,phases] GC(276) y: Concurrent Mark Free 0.001ms
[10.338s][info][gc,phases] GC(276) y: Concurrent Reset Relocation Set 0.008ms
[10.340s][info][gc,phases] GC(276) y: Concurrent Select Relocation Set 2.081ms
[10.340s][info][gc,phases] GC(276) y: Pause Relocate Start 0.008ms
[10.346s][info][gc,phases] GC(276) y: Concurrent Relocate 5.197ms
[10.346s][info][gc,phases] GC(276) y: Young Generation 1470M(72%)->1100M(54%) 0.022s
[10.346s][info][gc       ] GC(276) Minor Collection (Allocation Rate) 1470M(72%)->1104M(54%) 0.022s
[10.385s][info][gc       ] GC(277) Minor Collection (Allocation Rate)
[10.385s][info][gc,phases] GC(277) y: Young Generation
[10.385s][info][gc,phases] GC(277) y: Pause Mark Start 0.009ms
[10.398s][info][gc,phases] GC(277) y: Concurrent Mark 13.080ms
[10.398s][info][gc,phases] GC(277) y: Pause Mark End 0.011ms
[10.399s][info][gc,phases] GC(277) y: Concurrent Mark Free 0.001ms
[10.399s][info][gc,phases] GC(277) y: Concurrent Reset Relocation Set 0.014ms
[10.401s][info][gc,phases] GC(277) y: Concurrent Select Relocation Set 1.968ms
[10.401s][info][gc,phases] GC(277) y: Pause Relocate Start 0.005ms
[10.406s][info][gc,phases] GC(277) y: Concurrent Relocate 4.947ms
[10.406s][info][gc,phases] GC(277) y: Young Generation 1478M(72%)->1118M(55%) 0.021s
[10.406s][info][gc       ] GC(277) Minor Collection (Allocation Rate) 1476M(72%)->1120M(55%) 0.022s
[10.450s][info][gc       ] GC(278) Minor Collection (Allocation Rate)
[10.450s][info][gc,phases] GC(278) y: Young Generation
[10.450s][info][gc,phases] GC(278) y: Pause Mark Start 0.008ms
[10.464s][info][gc,phases] GC(278) y: Concurrent Mark 13.470ms
[10.464s][info][gc,phases] GC(278) y: Pause Mark End 0.009ms
[10.464s][info][gc,phases] GC(278) y: Concurrent Mark Free 0.001ms
[10.464s][info][gc,phases] GC(278) y: Concurrent Reset Relocation Set 0.012ms
[10.466s][info][gc,phases] GC(278) y: Concurrent Select Relocation Set 1.683ms
[10.466s][info][gc,phases] GC(278) y: Pause Relocate Start 0.005ms
[10.471s][info][gc,phases] GC(278) y: Concurrent Relocate 5.057ms
[10.472s][info][gc,phases] GC(278) y: Young Generation 1536M(75%)->1114M(54%) 0.022s
[10.472s][info][gc       ] GC(278) Minor Collection (Allocation Rate) 1534M(75%)->1116M(54%) 0.022s
[10.518s][info][gc       ] GC(279) Minor Collection (Allocation Rate)
[10.518s][info][gc,phases] GC(279) y: Young Generation
[10.518s][info][gc,phases] GC(279) y: Pause Mark Start 0.007ms
[10.533s][info][gc,phases] GC(279) y: Concurrent Mark 14.492ms
[10.533s][info][gc,phases] GC(279) y: Pause Mark End 0.010ms
[10.533s][info][gc,phases] GC(279) y: Concurrent Mark Free 0.001ms
[10.533s][info][gc,phases] GC(279) y: Concurrent Reset Relocation Set 0.009ms
[10.536s][info][gc,phases] GC(279) y: Concurrent Select Relocation Set 2.169ms
[10.536s][info][gc,phases] GC(279) y: Pause Relocate Start 0.006ms
[10.542s][info][gc,phases] GC(279) y: Concurrent Relocate 5.642ms
[10.542s][info][gc,phases] GC(279) y: Young Generation 1562M(76%)->1148M(56%) 0.024s
[10.542s][info][gc       ] GC(279) Minor Collection (Allocation Rate) 1560M(76%)->1152M(56%) 0.024s
[10.577s][info][gc       ] GC(280) Minor Collection (Allocation Rate)
[10.578s][info][gc,phases] GC(280) y: Young Generation
[10.578s][info][gc,phases] GC(280) y: Pause Mark Start 0.008ms
[10.591s][info][gc,phases] GC(280) y: Concurrent Mark 12.578ms
[10.591s][info][gc,phases] GC(280) y: Pause Mark End 0.011ms
[10.591s][info][gc,phases] GC(280) y: Concurrent Mark Free 0.001ms
[10.591s][info][gc,phases] GC(280) y: Concurrent Reset Relocation Set 0.016ms
[10.593s][info][gc,phases] GC(280) y: Concurrent Select Relocation Set 1.984ms
[10.593s][info][gc,phases] GC(280) y: Pause Relocate Start 0.009ms
[10.599s][info][gc,phases] GC(280) y: Concurrent Relocate 5.126ms
[10.599s][info][gc,phases] GC(280) y: Young Generation 1494M(73%)->1242M(61%) 0.021s
[10.599s][info][gc       ] GC(280) Minor Collection (Allocation Rate) 1492M(73%)->1244M(61%) 0.021s
[10.621s][info][gc       ] GC(281) Minor Collection (Allocation Rate)
[10.621s][info][gc,phases] GC(281) y: Young Generation
[10.621s][info][gc,phases] GC(281) y: Pause Mark Start 0.006ms
[10.634s][info][gc,phases] GC(281) y: Concurrent Mark 12.230ms
[10.634s][info][gc,phases] GC(281) y: Pause Mark End 0.009ms
[10.634s][info][gc,phases] GC(281) y: Concurrent Mark Free 0.001ms
[10.634s][info][gc,phases] GC(281) y: Concurrent Reset Relocation Set 0.015ms
[10.636s][info][gc,phases] GC(281) y: Concurrent Select Relocation Set 1.737ms
[10.636s][info][gc,phases] GC(281) y: Pause Relocate Start 0.012ms
[10.641s][info][gc,phases] GC(281) y: Concurrent Relocate 4.277ms
[10.641s][info][gc,phases] GC(281) y: Young Generation 1454M(71%)->1130M(55%) 0.020s
[10.641s][info][gc       ] GC(281) Minor Collection (Allocation Rate) 1454M(71%)->1132M(55%) 0.020s
[10.676s][info][gc       ] GC(282) Minor Collection (Allocation Rate)
[10.676s][info][gc,phases] GC(282) y: Young Generation
[10.676s][info][gc,phases] GC(282) y: Pause Mark Start 0.006ms
[10.687s][info][gc,phases] GC(282) y: Concurrent Mark 11.418ms
[10.688s][info][gc,phases] GC(282) y: Pause Mark End 0.011ms
[10.688s][info][gc,phases] GC(282) y: Concurrent Mark Free 0.000ms
[10.688s][info][gc,phases] GC(282) y: Concurrent Reset Relocation Set 0.008ms
[10.690s][info][gc,phases] GC(282) y: Concurrent Select Relocation Set 2.245ms
[10.691s][info][gc,phases] GC(282) y: Pause Relocate Start 0.007ms
[10.695s][info][gc,phases] GC(282) y: Concurrent Relocate 4.621ms
[10.695s][info][gc,phases] GC(282) y: Young Generation 1466M(72%)->1224M(60%) 0.020s
[10.696s][info][gc       ] GC(282) Minor Collection (Allocation Rate) 1466M(72%)->1226M(60%) 0.020s
[10.722s][info][gc       ] GC(283) Minor Collection (Allocation Rate)
[10.722s][info][gc,phases] GC(283) y: Young Generation
[10.722s][info][gc,phases] GC(283) y: Pause Mark Start 0.006ms
[10.734s][info][gc,phases] GC(283) y: Concurrent Mark 11.797ms
[10.734s][info][gc,phases] GC(283) y: Pause Mark End 0.009ms
[10.734s][info][gc,phases] GC(283) y: Concurrent Mark Free 0.001ms
[10.734s][info][gc,phases] GC(283) y: Concurrent Reset Relocation Set 0.015ms
[10.736s][info][gc,phases] GC(283) y: Concurrent Select Relocation Set 1.756ms
[10.736s][info][gc,phases] GC(283) y: Pause Relocate Start 0.006ms
[10.741s][info][gc,phases] GC(283) y: Concurrent Relocate 4.365ms
[10.741s][info][gc,phases] GC(283) y: Young Generation 1476M(72%)->1146M(56%) 0.019s
[10.741s][info][gc       ] GC(283) Minor Collection (Allocation Rate) 1476M(72%)->1150M(56%) 0.020s
[10.781s][info][gc       ] GC(284) Minor Collection (Allocation Rate)
[10.781s][info][gc,phases] GC(284) y: Young Generation
[10.781s][info][gc,phases] GC(284) y: Pause Mark Start 0.011ms
[10.793s][info][gc,phases] GC(284) y: Concurrent Mark 11.546ms
[10.793s][info][gc,phases] GC(284) y: Pause Mark End 0.012ms
[10.793s][info][gc,phases] GC(284) y: Concurrent Mark Free 0.001ms
[10.793s][info][gc,phases] GC(284) y: Concurrent Reset Relocation Set 0.007ms
[10.796s][info][gc,phases] GC(284) y: Concurrent Select Relocation Set 2.158ms
[10.796s][info][gc,phases] GC(284) y: Pause Relocate Start 0.006ms
[10.801s][info][gc,phases] GC(284) y: Concurrent Relocate 5.053ms
[10.801s][info][gc,phases] GC(284) y: Young Generation 1534M(75%)->1246M(61%) 0.020s
[10.801s][info][gc       ] GC(284) Minor Collection (Allocation Rate) 1532M(75%)->1246M(61%) 0.020s
[10.830s][info][gc       ] GC(285) Minor Collection (Allocation Rate)
[10.830s][info][gc,phases] GC(285) y: Young Generation
[10.831s][info][gc,phases] GC(285) y: Pause Mark Start 0.007ms
[10.843s][info][gc,phases] GC(285) y: Concurrent Mark 12.133ms
[10.843s][info][gc,phases] GC(285) y: Pause Mark End 0.009ms
[10.843s][info][gc,phases] GC(285) y: Concurrent Mark Free 0.000ms
[10.843s][info][gc,phases] GC(285) y: Concurrent Reset Relocation Set 0.015ms
[10.845s][info][gc,phases] GC(285) y: Concurrent Select Relocation Set 1.711ms
[10.845s][info][gc,phases] GC(285) y: Pause Relocate Start 0.005ms
[10.850s][info][gc,phases] GC(285) y: Concurrent Relocate 4.533ms
[10.850s][info][gc,phases] GC(285) y: Young Generation 1526M(75%)->1168M(57%) 0.020s
[10.850s][info][gc       ] GC(285) Minor Collection (Allocation Rate) 1524M(74%)->1172M(57%) 0.020s
[10.890s][info][gc       ] GC(286) Minor Collection (Allocation Rate)
[10.890s][info][gc,phases] GC(286) y: Young Generation
[10.890s][info][gc,phases] GC(286) y: Pause Mark Start 0.007ms
[10.903s][info][gc,phases] GC(286) y: Concurrent Mark 12.667ms
[10.903s][info][gc,phases] GC(286) y: Pause Mark End 0.009ms
[10.903s][info][gc,phases] GC(286) y: Concurrent Mark Free 0.001ms
[10.903s][info][gc,phases] GC(286) y: Concurrent Reset Relocation Set 0.008ms
[10.906s][info][gc,phases] GC(286) y: Concurrent Select Relocation Set 1.978ms
[10.906s][info][gc,phases] GC(286) y: Pause Relocate Start 0.006ms
[10.911s][info][gc,phases] GC(286) y: Concurrent Relocate 4.860ms
[10.911s][info][gc,phases] GC(286) y: Young Generation 1552M(76%)->1190M(58%) 0.021s
[10.911s][info][gc       ] GC(286) Minor Collection (Allocation Rate) 1552M(76%)->1194M(58%) 0.021s
[10.946s][info][gc       ] GC(287) Minor Collection (Allocation Rate)
[10.946s][info][gc,phases] GC(287) y: Young Generation
[10.946s][info][gc,phases] GC(287) y: Pause Mark Start 0.011ms
[10.960s][info][gc,phases] GC(287) y: Concurrent Mark 13.087ms
[10.960s][info][gc,phases] GC(287) y: Pause Mark End 0.010ms
[10.960s][info][gc,phases] GC(287) y: Concurrent Mark Free 0.001ms
[10.960s][info][gc,phases] GC(287) y: Concurrent Reset Relocation Set 0.013ms
[10.962s][info][gc,phases] GC(287) y: Concurrent Select Relocation Set 2.081ms
[10.962s][info][gc,phases] GC(287) y: Pause Relocate Start 0.007ms
[10.967s][info][gc,phases] GC(287) y: Concurrent Relocate 4.716ms
[10.968s][info][gc,phases] GC(287) y: Young Generation 1530M(75%)->1204M(59%) 0.021s
[10.968s][info][gc       ] GC(287) Minor Collection (Allocation Rate) 1528M(75%)->1206M(59%) 0.022s
[11.001s][info][gc       ] GC(288) Minor Collection (Allocation Rate)
[11.001s][info][gc,phases] GC(288) y: Young Generation
[11.001s][info][gc,phases] GC(288) y: Pause Mark Start 0.008ms
[11.013s][info][gc,phases] GC(288) y: Concurrent Mark 11.761ms
[11.013s][info][gc,phases] GC(288) y: Pause Mark End 0.010ms
[11.013s][info][gc,phases] GC(288) y: Concurrent Mark Free 0.001ms
[11.013s][info][gc,phases] GC(288) y: Concurrent Reset Relocation Set 0.012ms
[11.016s][info][gc,phases] GC(288) y: Concurrent Select Relocation Set 2.184ms
[11.016s][info][gc,phases] GC(288) y: Pause Relocate Start 0.006ms
[11.021s][info][gc,phases] GC(288) y: Concurrent Relocate 4.705ms
[11.021s][info][gc,phases] GC(288) y: Young Generation 1524M(74%)->1282M(63%) 0.020s
[11.021s][info][gc       ] GC(288) Minor Collection (Allocation Rate) 1522M(74%)->1284M(63%) 0.020s
[11.048s][info][gc       ] GC(289) Minor Collection (Allocation Rate)
[11.048s][info][gc,phases] GC(289) y: Young Generation
[11.049s][info][gc,phases] GC(289) y: Pause Mark Start 0.007ms
[11.061s][info][gc,phases] GC(289) y: Concurrent Mark 12.106ms
[11.061s][info][gc,phases] GC(289) y: Pause Mark End 0.009ms
[11.061s][info][gc,phases] GC(289) y: Concurrent Mark Free 0.001ms
[11.061s][info][gc,phases] GC(289) y: Concurrent Reset Relocation Set 0.013ms
[11.063s][info][gc,phases] GC(289) y: Concurrent Select Relocation Set 1.747ms
[11.063s][info][gc,phases] GC(289) y: Pause Relocate Start 0.006ms
[11.068s][info][gc,phases] GC(289) y: Concurrent Relocate 4.319ms
[11.068s][info][gc,phases] GC(289) y: Young Generation 1546M(75%)->1206M(59%) 0.020s
[11.068s][info][gc       ] GC(289) Minor Collection (Allocation Rate) 1546M(75%)->1208M(59%) 0.020s
[11.103s][info][gc       ] GC(290) Minor Collection (Allocation Rate)
[11.103s][info][gc,phases] GC(290) y: Young Generation
[11.103s][info][gc,phases] GC(290) y: Pause Mark Start 0.007ms
[11.116s][info][gc,phases] GC(290) y: Concurrent Mark 12.464ms
[11.116s][info][gc,phases] GC(290) y: Pause Mark End 0.009ms
[11.116s][info][gc,phases] GC(290) y: Concurrent Mark Free 0.001ms
[11.116s][info][gc,phases] GC(290) y: Concurrent Reset Relocation Set 0.008ms
[11.118s][info][gc,phases] GC(290) y: Concurrent Select Relocation Set 1.950ms
[11.119s][info][gc,phases] GC(290) y: Pause Relocate Start 0.006ms
[11.123s][info][gc,phases] GC(290) y: Concurrent Relocate 4.525ms
[11.123s][info][gc,phases] GC(290) y: Young Generation 1542M(75%)->1226M(60%) 0.020s
[11.123s][info][gc       ] GC(290) Minor Collection (Allocation Rate) 1542M(75%)->1226M(60%) 0.021s
[11.159s][info][gc       ] GC(291) Minor Collection (Allocation Rate)
[11.159s][info][gc,phases] GC(291) y: Young Generation
[11.159s][info][gc,phases] GC(291) y: Pause Mark Start 0.006ms
[11.172s][info][gc,phases] GC(291) y: Concurrent Mark 12.873ms
[11.173s][info][gc,phases] GC(291) y: Pause Mark End 0.009ms
[11.173s][info][gc,phases] GC(291) y: Concurrent Mark Free 0.001ms
[11.173s][info][gc,phases] GC(291) y: Concurrent Reset Relocation Set 0.011ms
[11.175s][info][gc,phases] GC(291) y: Concurrent Select Relocation Set 1.978ms
[11.175s][info][gc,phases] GC(291) y: Pause Relocate Start 0.005ms
[11.180s][info][gc,phases] GC(291) y: Concurrent Relocate 4.642ms
[11.180s][info][gc,phases] GC(291) y: Young Generation 1568M(77%)->1240M(61%) 0.021s
[11.180s][info][gc       ] GC(291) Minor Collection (Allocation Rate) 1568M(77%)->1244M(61%) 0.021s
[11.211s][info][gc       ] GC(292) Minor Collection (Allocation Rate)
[11.211s][info][gc,phases] GC(292) y: Young Generation
[11.211s][info][gc,phases] GC(292) y: Pause Mark Start 0.006ms
[11.224s][info][gc,phases] GC(292) y: Concurrent Mark 12.571ms
[11.224s][info][gc,phases] GC(292) y: Pause Mark End 0.009ms
[11.224s][info][gc,phases] GC(292) y: Concurrent Mark Free 0.001ms
[11.225s][info][gc,phases] GC(292) y: Concurrent Reset Relocation Set 0.011ms
[11.227s][info][gc,phases] GC(292) y: Concurrent Select Relocation Set 1.937ms
[11.227s][info][gc,phases] GC(292) y: Pause Relocate Start 0.009ms
[11.231s][info][gc,phases] GC(292) y: Concurrent Relocate 4.260ms
[11.231s][info][gc,phases] GC(292) y: Young Generation 1540M(75%)->1242M(61%) 0.020s
[11.232s][info][gc       ] GC(292) Minor Collection (Allocation Rate) 1540M(75%)->1242M(61%) 0.020s
[11.264s][info][gc       ] GC(293) Minor Collection (Allocation Rate)
[11.264s][info][gc,phases] GC(293) y: Young Generation
[11.264s][info][gc,phases] GC(293) y: Pause Mark Start 0.006ms
[11.277s][info][gc,phases] GC(293) y: Concurrent Mark 12.378ms
[11.277s][info][gc,phases] GC(293) y: Pause Mark End 0.009ms
[11.277s][info][gc,phases] GC(293) y: Concurrent Mark Free 0.001ms
[11.277s][info][gc,phases] GC(293) y: Concurrent Reset Relocation Set 0.013ms
[11.279s][info][gc,phases] GC(293) y: Concurrent Select Relocation Set 1.932ms
[11.280s][info][gc,phases] GC(293) y: Pause Relocate Start 0.007ms
[11.284s][info][gc,phases] GC(293) y: Concurrent Relocate 4.229ms
[11.284s][info][gc,phases] GC(293) y: Young Generation 1554M(76%)->1242M(61%) 0.020s
[11.284s][info][gc       ] GC(293) Minor Collection (Allocation Rate) 1554M(76%)->1246M(61%) 0.020s
[11.320s][info][gc       ] GC(294) Minor Collection (Allocation Rate)
[11.321s][info][gc,phases] GC(294) y: Young Generation
[11.321s][info][gc,phases] GC(294) y: Pause Mark Start 0.011ms
[11.333s][info][gc,phases] GC(294) y: Concurrent Mark 12.059ms
[11.333s][info][gc,phases] GC(294) y: Pause Mark End 0.009ms
[11.333s][info][gc,phases] GC(294) y: Concurrent Mark Free 0.001ms
[11.333s][info][gc,phases] GC(294) y: Concurrent Reset Relocation Set 0.011ms
[11.336s][info][gc,phases] GC(294) y: Concurrent Select Relocation Set 2.145ms
[11.336s][info][gc,phases] GC(294) y: Pause Relocate Start 0.006ms
[11.341s][info][gc,phases] GC(294) y: Concurrent Relocate 4.821ms
[11.341s][info][gc,phases] GC(294) y: Young Generation 1594M(78%)->1348M(66%) 0.020s
[11.341s][info][gc       ] GC(294) Minor Collection (Allocation Rate) 1594M(78%)->1350M(66%) 0.021s
[11.362s][info][gc       ] GC(295) Major Collection (Allocation Rate)
[11.363s][info][gc,phases] GC(295) Y: Young Generation
[11.363s][info][gc,phases] GC(295) Y: Pause Mark Start (Major) 0.009ms
[11.372s][info][gc,phases] GC(295) Y: Concurrent Mark 8.939ms
[11.372s][info][gc,phases] GC(295) Y: Pause Mark End 0.011ms
[11.372s][info][gc,phases] GC(295) Y: Concurrent Mark Free 0.000ms
[11.373s][info][gc,phases] GC(295) Y: Concurrent Reset Relocation Set 0.015ms
[11.374s][info][gc,phases] GC(295) Y: Concurrent Select Relocation Set 1.772ms
[11.375s][info][gc,phases] GC(295) Y: Pause Relocate Start 0.008ms
[11.379s][info][gc,phases] GC(295) Y: Concurrent Relocate 4.059ms
[11.379s][info][gc,phases] GC(295) Y: Young Generation 1558M(76%)->1232M(60%) 0.016s
[11.379s][info][gc,phases] GC(295) O: Old Generation
[11.405s][info][gc       ] GC(296) Minor Collection (Allocation Rate)
[11.405s][info][gc,phases] GC(296) y: Young Generation
[11.405s][info][gc,phases] GC(296) y: Pause Mark Start 0.010ms
[11.414s][info][gc,phases] GC(296) y: Concurrent Mark 8.584ms
[11.414s][info][gc,phases] GC(296) y: Pause Mark End 0.009ms
[11.414s][info][gc,phases] GC(296) y: Concurrent Mark Free 0.000ms
[11.414s][info][gc,phases] GC(296) y: Concurrent Reset Relocation Set 0.008ms
[11.416s][info][gc,phases] GC(296) y: Concurrent Select Relocation Set 1.585ms
[11.416s][info][gc,phases] GC(296) y: Pause Relocate Start 0.006ms
[11.420s][info][gc,phases] GC(296) y: Concurrent Relocate 3.209ms
[11.420s][info][gc,phases] GC(296) y: Young Generation 1478M(72%)->1252M(61%) 0.015s
[11.420s][info][gc       ] GC(296) Minor Collection (Allocation Rate) 1478M(72%)->1256M(61%) 0.015s
[11.435s][info][gc       ] GC(297) Minor Collection (Allocation Rate)
[11.435s][info][gc,phases] GC(297) y: Young Generation
[11.435s][info][gc,phases] GC(297) y: Pause Mark Start 0.010ms
[11.445s][info][gc,phases] GC(297) y: Concurrent Mark 9.369ms
[11.445s][info][gc,phases] GC(297) y: Pause Mark End 0.011ms
[11.445s][info][gc,phases] GC(297) y: Concurrent Mark Free 0.000ms
[11.445s][info][gc,phases] GC(297) y: Concurrent Reset Relocation Set 0.006ms
[11.447s][info][gc,phases] GC(297) y: Concurrent Select Relocation Set 1.928ms
[11.448s][info][gc,phases] GC(297) y: Pause Relocate Start 0.005ms
[11.451s][info][gc,phases] GC(297) y: Concurrent Relocate 3.781ms
[11.452s][info][gc,phases] GC(297) y: Young Generation 1508M(74%)->1280M(62%) 0.016s
[11.452s][info][gc       ] GC(297) Minor Collection (Allocation Rate) 1508M(74%)->1282M(63%) 0.017s
[11.464s][info][gc       ] GC(298) Minor Collection (Allocation Rate)
[11.465s][info][gc,phases] GC(298) y: Young Generation
[11.465s][info][gc,phases] GC(298) y: Pause Mark Start 0.010ms
[11.473s][info][gc,phases] GC(298) y: Concurrent Mark 8.529ms
[11.474s][info][gc,phases] GC(298) y: Pause Mark End 0.015ms
[11.474s][info][gc,phases] GC(298) y: Concurrent Mark Free 0.000ms
[11.474s][info][gc,phases] GC(298) y: Concurrent Reset Relocation Set 0.014ms
[11.476s][info][gc,phases] GC(298) y: Concurrent Select Relocation Set 1.955ms
[11.476s][info][gc,phases] GC(298) y: Pause Relocate Start 0.006ms
[11.480s][info][gc,phases] GC(298) y: Concurrent Relocate 3.577ms
[11.480s][info][gc,phases] GC(298) y: Young Generation 1500M(73%)->1334M(65%) 0.015s
[11.480s][info][gc       ] GC(298) Minor Collection (Allocation Rate) 1496M(73%)->1334M(65%) 0.016s
[11.495s][info][gc       ] GC(299) Minor Collection (Allocation Rate)
[11.495s][info][gc,phases] GC(299) y: Young Generation
[11.495s][info][gc,phases] GC(299) y: Pause Mark Start 0.010ms
[11.503s][info][gc,phases] GC(299) y: Concurrent Mark 7.484ms
[11.503s][info][gc,phases] GC(299) y: Pause Mark End 0.010ms
[11.503s][info][gc,phases] GC(299) y: Concurrent Mark Free 0.000ms
[11.503s][info][gc,phases] GC(299) y: Concurrent Reset Relocation Set 0.011ms
[11.505s][info][gc,phases] GC(299) y: Concurrent Select Relocation Set 1.556ms
[11.505s][info][gc,phases] GC(299) y: Pause Relocate Start 0.005ms
[11.508s][info][gc,phases] GC(299) y: Concurrent Relocate 3.092ms
[11.509s][info][gc,phases] GC(299) y: Young Generation 1478M(72%)->1244M(61%) 0.013s
[11.509s][info][gc       ] GC(299) Minor Collection (Allocation Rate) 1478M(72%)->1246M(61%) 0.014s
[11.534s][info][gc       ] GC(300) Minor Collection (Allocation Rate)
[11.534s][info][gc,phases] GC(300) y: Young Generation
[11.534s][info][gc,phases] GC(300) y: Pause Mark Start 0.010ms
[11.542s][info][gc,phases] GC(300) y: Concurrent Mark 7.790ms
[11.543s][info][gc,phases] GC(300) y: Pause Mark End 0.009ms
[11.543s][info][gc,phases] GC(300) y: Concurrent Mark Free 0.000ms
[11.543s][info][gc,phases] GC(300) y: Concurrent Reset Relocation Set 0.006ms
[11.544s][info][gc,phases] GC(300) y: Concurrent Select Relocation Set 1.544ms
[11.545s][info][gc,phases] GC(300) y: Pause Relocate Start 0.005ms
[11.548s][info][gc,phases] GC(300) y: Concurrent Relocate 3.004ms
[11.548s][info][gc,phases] GC(300) y: Young Generation 1486M(73%)->1256M(61%) 0.014s
[11.548s][info][gc       ] GC(300) Minor Collection (Allocation Rate) 1486M(73%)->1258M(61%) 0.014s
[11.562s][info][gc,phases] GC(295) O: Concurrent Mark 183.334ms
[11.563s][info][gc,phases] GC(295) O: Pause Mark End 0.010ms
[11.563s][info][gc,phases] GC(295) O: Concurrent Mark Free 0.001ms
[11.566s][info][gc,phases] GC(295) O: Concurrent Process Non-Strong 3.624ms
[11.567s][info][gc,phases] GC(295) O: Concurrent Reset Relocation Set 0.016ms
[11.568s][info][gc,phases] GC(295) O: Concurrent Select Relocation Set 1.830ms
[11.589s][info][gc,phases] GC(295) O: Concurrent Remap Roots 20.705ms
[11.590s][info][gc,phases] GC(295) O: Pause Relocate Start 0.009ms
[11.590s][info][gc       ] GC(301) Minor Collection (Allocation Rate)
[11.590s][info][gc,phases] GC(301) y: Young Generation
[11.590s][info][gc,phases] GC(301) y: Pause Mark Start 0.004ms
[11.603s][info][gc,phases] GC(301) y: Concurrent Mark 13.209ms
[11.603s][info][gc,phases] GC(301) y: Pause Mark End 0.013ms
[11.604s][info][gc,phases] GC(301) y: Concurrent Mark Free 0.000ms
[11.604s][info][gc,phases] GC(301) y: Concurrent Reset Relocation Set 0.006ms
[11.606s][info][gc,phases] GC(301) y: Concurrent Select Relocation Set 1.964ms
[11.606s][info][gc,phases] GC(301) y: Pause Relocate Start 0.011ms
[11.611s][info][gc,phases] GC(301) y: Concurrent Relocate 4.715ms
[11.611s][info][gc,phases] GC(301) y: Young Generation 1648M(80%)->1192M(58%) 0.021s
[11.611s][info][gc       ] GC(301) Minor Collection (Allocation Rate) 1644M(80%)->1194M(58%) 0.021s
[11.611s][info][gc       ] GC(302) Minor Collection (Allocation Rate)
[11.611s][info][gc,phases] GC(302) y: Young Generation
[11.611s][info][gc,phases] GC(302) y: Pause Mark Start 0.006ms
[11.622s][info][gc,phases] GC(302) y: Concurrent Mark 10.205ms
[11.622s][info][gc,phases] GC(302) y: Pause Mark End 0.015ms
[11.622s][info][gc,phases] GC(302) y: Concurrent Mark Free 0.000ms
[11.622s][info][gc,phases] GC(302) y: Concurrent Reset Relocation Set 0.016ms
[11.624s][info][gc,phases] GC(302) y: Concurrent Select Relocation Set 1.708ms
[11.624s][info][gc,phases] GC(302) y: Pause Relocate Start 0.010ms
[11.626s][info][gc,phases] GC(302) y: Concurrent Relocate 1.806ms
[11.626s][info][gc,phases] GC(302) y: Young Generation 1194M(58%)->1078M(53%) 0.015s
[11.626s][info][gc       ] GC(302) Minor Collection (Allocation Rate) 1196M(58%)->1080M(53%) 0.015s
[11.638s][info][gc,phases] GC(295) O: Concurrent Relocate 48.781ms
[11.639s][info][gc,phases] GC(295) O: Old Generation 1232M(60%)->1140M(56%) 0.260s
[11.639s][info][gc       ] GC(295) Major Collection (Allocation Rate) 1556M(76%)->1142M(56%) 0.276s
[11.655s][info][gc       ] GC(303) Minor Collection (Allocation Rate)
[11.655s][info][gc,phases] GC(303) y: Young Generation
[11.655s][info][gc,phases] GC(303) y: Pause Mark Start 0.007ms
[11.666s][info][gc,phases] GC(303) y: Concurrent Mark 10.554ms
[11.666s][info][gc,phases] GC(303) y: Pause Mark End 0.010ms
[11.666s][info][gc,phases] GC(303) y: Concurrent Mark Free 0.001ms
[11.666s][info][gc,phases] GC(303) y: Concurrent Reset Relocation Set 0.006ms
[11.668s][info][gc,phases] GC(303) y: Concurrent Select Relocation Set 2.015ms
[11.669s][info][gc,phases] GC(303) y: Pause Relocate Start 0.006ms
[11.672s][info][gc,phases] GC(303) y: Concurrent Relocate 3.703ms
[11.673s][info][gc,phases] GC(303) y: Young Generation 1296M(63%)->1064M(52%) 0.018s
[11.673s][info][gc       ] GC(303) Minor Collection (Allocation Rate) 1296M(63%)->1064M(52%) 0.018s
[11.710s][info][gc       ] GC(304) Minor Collection (Allocation Rate)
[11.710s][info][gc,phases] GC(304) y: Young Generation
[11.710s][info][gc,phases] GC(304) y: Pause Mark Start 0.007ms
[11.720s][info][gc,phases] GC(304) y: Concurrent Mark 9.816ms
[11.720s][info][gc,phases] GC(304) y: Pause Mark End 0.011ms
[11.720s][info][gc,phases] GC(304) y: Concurrent Mark Free 0.001ms
[11.720s][info][gc,phases] GC(304) y: Concurrent Reset Relocation Set 0.013ms
[11.722s][info][gc,phases] GC(304) y: Concurrent Select Relocation Set 1.746ms
[11.722s][info][gc,phases] GC(304) y: Pause Relocate Start 0.008ms
[11.727s][info][gc,phases] GC(304) y: Concurrent Relocate 4.331ms
[11.727s][info][gc,phases] GC(304) y: Young Generation 1418M(69%)->1144M(56%) 0.017s
[11.727s][info][gc       ] GC(304) Minor Collection (Allocation Rate) 1416M(69%)->1146M(56%) 0.018s
[11.773s][info][gc       ] GC(305) Minor Collection (Allocation Rate)
[11.773s][info][gc,phases] GC(305) y: Young Generation
[11.774s][info][gc,phases] GC(305) y: Pause Mark Start 0.007ms
[11.786s][info][gc,phases] GC(305) y: Concurrent Mark 12.349ms
[11.786s][info][gc,phases] GC(305) y: Pause Mark End 0.014ms
[11.786s][info][gc,phases] GC(305) y: Concurrent Mark Free 0.001ms
[11.786s][info][gc,phases] GC(305) y: Concurrent Reset Relocation Set 0.007ms
[11.788s][info][gc,phases] GC(305) y: Concurrent Select Relocation Set 1.777ms
[11.789s][info][gc,phases] GC(305) y: Pause Relocate Start 0.006ms
[11.794s][info][gc,phases] GC(305) y: Concurrent Relocate 5.569ms
[11.794s][info][gc,phases] GC(305) y: Young Generation 1586M(77%)->1118M(55%) 0.021s
[11.795s][info][gc       ] GC(305) Minor Collection (Allocation Rate) 1586M(77%)->1122M(55%) 0.021s
[11.828s][info][gc       ] GC(306) Minor Collection (Allocation Rate)
[11.828s][info][gc,phases] GC(306) y: Young Generation
[11.828s][info][gc,phases] GC(306) y: Pause Mark Start 0.008ms
[11.841s][info][gc,phases] GC(306) y: Concurrent Mark 12.629ms
[11.841s][info][gc,phases] GC(306) y: Pause Mark End 0.009ms
[11.841s][info][gc,phases] GC(306) y: Concurrent Mark Free 0.001ms
[11.841s][info][gc,phases] GC(306) y: Concurrent Reset Relocation Set 0.012ms
[11.843s][info][gc,phases] GC(306) y: Concurrent Select Relocation Set 1.706ms
[11.843s][info][gc,phases] GC(306) y: Pause Relocate Start 0.007ms
[11.848s][info][gc,phases] GC(306) y: Concurrent Relocate 4.352ms
[11.848s][info][gc,phases] GC(306) y: Young Generation 1440M(70%)->1124M(55%) 0.020s
[11.848s][info][gc       ] GC(306) Minor Collection (Allocation Rate) 1438M(70%)->1126M(55%) 0.020s
[11.890s][info][gc       ] GC(307) Minor Collection (Allocation Rate)
[11.890s][info][gc,phases] GC(307) y: Young Generation
[11.891s][info][gc,phases] GC(307) y: Pause Mark Start 0.010ms
[11.904s][info][gc,phases] GC(307) y: Concurrent Mark 12.926ms
[11.904s][info][gc,phases] GC(307) y: Pause Mark End 0.012ms
[11.904s][info][gc,phases] GC(307) y: Concurrent Mark Free 0.001ms
[11.904s][info][gc,phases] GC(307) y: Concurrent Reset Relocation Set 0.008ms
[11.907s][info][gc,phases] GC(307) y: Concurrent Select Relocation Set 2.416ms
[11.907s][info][gc,phases] GC(307) y: Pause Relocate Start 0.005ms
[11.913s][info][gc,phases] GC(307) y: Concurrent Relocate 5.535ms
[11.913s][info][gc,phases] GC(307) y: Young Generation 1530M(75%)->1240M(61%) 0.022s
[11.913s][info][gc       ] GC(307) Minor Collection (Allocation Rate) 1528M(75%)->1242M(61%) 0.023s
[11.937s][info][gc       ] GC(308) Minor Collection (Allocation Rate)
[11.937s][info][gc,phases] GC(308) y: Young Generation
[11.937s][info][gc,phases] GC(308) y: Pause Mark Start 0.006ms
[11.950s][info][gc,phases] GC(308) y: Concurrent Mark 12.295ms
[11.950s][info][gc,phases] GC(308) y: Pause Mark End 0.010ms
[11.950s][info][gc,phases] GC(308) y: Concurrent Mark Free 0.001ms
[11.950s][info][gc,phases] GC(308) y: Concurrent Reset Relocation Set 0.018ms
[11.952s][info][gc,phases] GC(308) y: Concurrent Select Relocation Set 1.706ms
[11.952s][info][gc,phases] GC(308) y: Pause Relocate Start 0.008ms
[11.957s][info][gc,phases] GC(308) y: Concurrent Relocate 4.470ms
[11.957s][info][gc,phases] GC(308) y: Young Generation 1472M(72%)->1132M(55%) 0.020s
[11.957s][info][gc       ] GC(308) Minor Collection (Allocation Rate) 1472M(72%)->1134M(55%) 0.020s
[11.995s][info][gc       ] GC(309) Minor Collection (Allocation Rate)
[11.995s][info][gc,phases] GC(309) y: Young Generation
[11.995s][info][gc,phases] GC(309) y: Pause Mark Start 0.007ms
[12.008s][info][gc,phases] GC(309) y: Concurrent Mark 12.545ms
[12.008s][info][gc,phases] GC(309) y: Pause Mark End 0.010ms
[12.008s][info][gc,phases] GC(309) y: Concurrent Mark Free 0.001ms
[12.008s][info][gc,phases] GC(309) y: Concurrent Reset Relocation Set 0.009ms
[12.010s][info][gc,phases] GC(309) y: Concurrent Select Relocation Set 1.979ms
[12.010s][info][gc,phases] GC(309) y: Pause Relocate Start 0.006ms
[12.015s][info][gc,phases] GC(309) y: Concurrent Relocate 4.722ms
[12.015s][info][gc,phases] GC(309) y: Young Generation 1498M(73%)->1148M(56%) 0.021s
[12.015s][info][gc       ] GC(309) Minor Collection (Allocation Rate) 1496M(73%)->1150M(56%) 0.021s
[12.056s][info][gc       ] GC(310) Minor Collection (Allocation Rate)
[12.056s][info][gc,phases] GC(310) y: Young Generation
[12.056s][info][gc,phases] GC(310) y: Pause Mark Start 0.007ms
[12.070s][info][gc,phases] GC(310) y: Concurrent Mark 13.123ms
[12.070s][info][gc,phases] GC(310) y: Pause Mark End 0.010ms
[12.070s][info][gc,phases] GC(310) y: Concurrent Mark Free 0.000ms
[12.070s][info][gc,phases] GC(310) y: Concurrent Reset Relocation Set 0.012ms
[12.072s][info][gc,phases] GC(310) y: Concurrent Select Relocation Set 2.026ms
[12.072s][info][gc,phases] GC(310) y: Pause Relocate Start 0.007ms
[12.078s][info][gc,phases] GC(310) y: Concurrent Relocate 5.030ms
[12.078s][info][gc,phases] GC(310) y: Young Generation 1538M(75%)->1170M(57%) 0.022s
[12.078s][info][gc       ] GC(310) Minor Collection (Allocation Rate) 1538M(75%)->1174M(57%) 0.022s
[12.114s][info][gc       ] GC(311) Minor Collection (Allocation Rate)
[12.114s][info][gc,phases] GC(311) y: Young Generation
[12.114s][info][gc,phases] GC(311) y: Pause Mark Start 0.008ms
[12.126s][info][gc,phases] GC(311) y: Concurrent Mark 11.909ms
[12.127s][info][gc,phases] GC(311) y: Pause Mark End 0.013ms
[12.127s][info][gc,phases] GC(311) y: Concurrent Mark Free 0.001ms
[12.127s][info][gc,phases] GC(311) y: Concurrent Reset Relocation Set 0.015ms
[12.129s][info][gc,phases] GC(311) y: Concurrent Select Relocation Set 2.217ms
[12.129s][info][gc,phases] GC(311) y: Pause Relocate Start 0.007ms
[12.134s][info][gc,phases] GC(311) y: Concurrent Relocate 4.914ms
[12.134s][info][gc,phases] GC(311) y: Young Generation 1516M(74%)->1258M(61%) 0.020s
[12.135s][info][gc       ] GC(311) Minor Collection (Allocation Rate) 1516M(74%)->1258M(61%) 0.021s
[12.164s][info][gc       ] GC(312) Minor Collection (Allocation Rate)
[12.164s][info][gc,phases] GC(312) y: Young Generation
[12.164s][info][gc,phases] GC(312) y: Pause Mark Start 0.010ms
[12.177s][info][gc,phases] GC(312) y: Concurrent Mark 12.287ms
[12.177s][info][gc,phases] GC(312) y: Pause Mark End 0.009ms
[12.177s][info][gc,phases] GC(312) y: Concurrent Mark Free 0.001ms
[12.177s][info][gc,phases] GC(312) y: Concurrent Reset Relocation Set 0.014ms
[12.179s][info][gc,phases] GC(312) y: Concurrent Select Relocation Set 1.754ms
[12.179s][info][gc,phases] GC(312) y: Pause Relocate Start 0.009ms
[12.184s][info][gc,phases] GC(312) y: Concurrent Relocate 4.701ms
[12.184s][info][gc,phases] GC(312) y: Young Generation 1542M(75%)->1176M(57%) 0.020s
[12.184s][info][gc       ] GC(312) Minor Collection (Allocation Rate) 1540M(75%)->1176M(57%) 0.021s
[12.222s][info][gc       ] GC(313) Minor Collection (Allocation Rate)
[12.222s][info][gc,phases] GC(313) y: Young Generation
[12.222s][info][gc,phases] GC(313) y: Pause Mark Start 0.008ms
[12.235s][info][gc,phases] GC(313) y: Concurrent Mark 12.792ms
[12.235s][info][gc,phases] GC(313) y: Pause Mark End 0.009ms
[12.235s][info][gc,phases] GC(313) y: Concurrent Mark Free 0.000ms
[12.236s][info][gc,phases] GC(313) y: Concurrent Reset Relocation Set 0.008ms
[12.238s][info][gc,phases] GC(313) y: Concurrent Select Relocation Set 1.994ms
[12.238s][info][gc,phases] GC(313) y: Pause Relocate Start 0.006ms
[12.243s][info][gc,phases] GC(313) y: Concurrent Relocate 4.739ms
[12.243s][info][gc,phases] GC(313) y: Young Generation 1536M(75%)->1188M(58%) 0.021s
[12.243s][info][gc       ] GC(313) Minor Collection (Allocation Rate) 1534M(75%)->1190M(58%) 0.021s
[12.282s][info][gc       ] GC(314) Minor Collection (Allocation Rate)
[12.282s][info][gc,phases] GC(314) y: Young Generation
[12.282s][info][gc,phases] GC(314) y: Pause Mark Start 0.007ms
[12.295s][info][gc,phases] GC(314) y: Concurrent Mark 13.100ms
[12.296s][info][gc,phases] GC(314) y: Pause Mark End 0.010ms
[12.296s][info][gc,phases] GC(314) y: Concurrent Mark Free 0.000ms
[12.296s][info][gc,phases] GC(314) y: Concurrent Reset Relocation Set 0.013ms
[12.298s][info][gc,phases] GC(314) y: Concurrent Select Relocation Set 1.937ms
[12.298s][info][gc,phases] GC(314) y: Pause Relocate Start 0.005ms
[12.303s][info][gc,phases] GC(314) y: Concurrent Relocate 4.873ms
[12.303s][info][gc,phases] GC(314) y: Young Generation 1562M(76%)->1208M(59%) 0.021s
[12.303s][info][gc       ] GC(314) Minor Collection (Allocation Rate) 1560M(76%)->1208M(59%) 0.021s
[12.338s][info][gc       ] GC(315) Minor Collection (Allocation Rate)
[12.338s][info][gc,phases] GC(315) y: Young Generation
[12.338s][info][gc,phases] GC(315) y: Pause Mark Start 0.010ms
[12.350s][info][gc,phases] GC(315) y: Concurrent Mark 11.940ms
[12.351s][info][gc,phases] GC(315) y: Pause Mark End 0.011ms
[12.351s][info][gc,phases] GC(315) y: Concurrent Mark Free 0.001ms
[12.351s][info][gc,phases] GC(315) y: Concurrent Reset Relocation Set 0.012ms
[12.353s][info][gc,phases] GC(315) y: Concurrent Select Relocation Set 2.164ms
[12.353s][info][gc,phases] GC(315) y: Pause Relocate Start 0.007ms
[12.358s][info][gc,phases] GC(315) y: Concurrent Relocate 4.847ms
[12.359s][info][gc,phases] GC(315) y: Young Generation 1540M(75%)->1294M(63%) 0.020s
[12.359s][info][gc       ] GC(315) Minor Collection (Allocation Rate) 1540M(75%)->1296M(63%) 0.021s
[12.385s][info][gc       ] GC(316) Minor Collection (Allocation Rate)
[12.385s][info][gc,phases] GC(316) y: Young Generation
[12.385s][info][gc,phases] GC(316) y: Pause Mark Start 0.010ms
[12.398s][info][gc,phases] GC(316) y: Concurrent Mark 12.178ms
[12.398s][info][gc,phases] GC(316) y: Pause Mark End 0.012ms
[12.398s][info][gc,phases] GC(316) y: Concurrent Mark Free 0.001ms
[12.398s][info][gc,phases] GC(316) y: Concurrent Reset Relocation Set 0.014ms
[12.400s][info][gc,phases] GC(316) y: Concurrent Select Relocation Set 1.714ms
[12.400s][info][gc,phases] GC(316) y: Pause Relocate Start 0.007ms
[12.405s][info][gc,phases] GC(316) y: Concurrent Relocate 4.401ms
[12.405s][info][gc,phases] GC(316) y: Young Generation 1548M(76%)->1252M(61%) 0.020s
[12.405s][info][gc       ] GC(316) Minor Collection (Allocation Rate) 1546M(75%)->1252M(61%) 0.020s
[12.433s][info][gc       ] GC(317) Minor Collection (Allocation Rate)
[12.433s][info][gc,phases] GC(317) y: Young Generation
[12.434s][info][gc,phases] GC(317) y: Pause Mark Start 0.008ms
[12.446s][info][gc,phases] GC(317) y: Concurrent Mark 12.443ms
[12.447s][info][gc,phases] GC(317) y: Pause Mark End 0.009ms
[12.447s][info][gc,phases] GC(317) y: Concurrent Mark Free 0.001ms
[12.447s][info][gc,phases] GC(317) y: Concurrent Reset Relocation Set 0.008ms
[12.449s][info][gc,phases] GC(317) y: Concurrent Select Relocation Set 1.999ms
[12.449s][info][gc,phases] GC(317) y: Pause Relocate Start 0.005ms
[12.454s][info][gc,phases] GC(317) y: Concurrent Relocate 4.364ms
[12.454s][info][gc,phases] GC(317) y: Young Generation 1524M(74%)->1220M(60%) 0.020s
[12.454s][info][gc       ] GC(317) Minor Collection (Allocation Rate) 1522M(74%)->1222M(60%) 0.020s
[12.486s][info][gc       ] GC(318) Minor Collection (Allocation Rate)
[12.486s][info][gc,phases] GC(318) y: Young Generation
[12.486s][info][gc,phases] GC(318) y: Pause Mark Start 0.008ms
[12.499s][info][gc,phases] GC(318) y: Concurrent Mark 12.467ms
[12.499s][info][gc,phases] GC(318) y: Pause Mark End 0.009ms
[12.500s][info][gc,phases] GC(318) y: Concurrent Mark Free 0.001ms
[12.500s][info][gc,phases] GC(318) y: Concurrent Reset Relocation Set 0.011ms
[12.502s][info][gc,phases] GC(318) y: Concurrent Select Relocation Set 1.969ms
[12.502s][info][gc,phases] GC(318) y: Pause Relocate Start 0.007ms
[12.506s][info][gc,phases] GC(318) y: Concurrent Relocate 4.318ms
[12.506s][info][gc,phases] GC(318) y: Young Generation 1532M(75%)->1226M(60%) 0.020s
[12.507s][info][gc       ] GC(318) Minor Collection (Allocation Rate) 1530M(75%)->1228M(60%) 0.021s
[12.541s][info][gc       ] GC(319) Minor Collection (Allocation Rate)
[12.541s][info][gc,phases] GC(319) y: Young Generation
[12.541s][info][gc,phases] GC(319) y: Pause Mark Start 0.008ms
[12.554s][info][gc,phases] GC(319) y: Concurrent Mark 12.516ms
[12.554s][info][gc,phases] GC(319) y: Pause Mark End 0.009ms
[12.554s][info][gc,phases] GC(319) y: Concurrent Mark Free 0.001ms
[12.554s][info][gc,phases] GC(319) y: Concurrent Reset Relocation Set 0.011ms
[12.556s][info][gc,phases] GC(319) y: Concurrent Select Relocation Set 1.973ms
[12.556s][info][gc,phases] GC(319) y: Pause Relocate Start 0.006ms
[12.561s][info][gc,phases] GC(319) y: Concurrent Relocate 4.432ms
[12.561s][info][gc,phases] GC(319) y: Young Generation 1556M(76%)->1236M(60%) 0.020s
[12.561s][info][gc       ] GC(319) Minor Collection (Allocation Rate) 1554M(76%)->1238M(60%) 0.021s
[12.594s][info][gc       ] GC(320) Minor Collection (Allocation Rate)
[12.594s][info][gc,phases] GC(320) y: Young Generation
[12.594s][info][gc,phases] GC(320) y: Pause Mark Start 0.007ms
[12.607s][info][gc,phases] GC(320) y: Concurrent Mark 12.437ms
[12.607s][info][gc,phases] GC(320) y: Pause Mark End 0.009ms
[12.607s][info][gc,phases] GC(320) y: Concurrent Mark Free 0.001ms
[12.607s][info][gc,phases] GC(320) y: Concurrent Reset Relocation Set 0.011ms
[12.609s][info][gc,phases] GC(320) y: Concurrent Select Relocation Set 1.959ms
[12.610s][info][gc,phases] GC(320) y: Pause Relocate Start 0.006ms
[12.614s][info][gc,phases] GC(320) y: Concurrent Relocate 4.297ms
[12.614s][info][gc,phases] GC(320) y: Young Generation 1552M(76%)->1244M(61%) 0.020s
[12.614s][info][gc       ] GC(320) Minor Collection (Allocation Rate) 1550M(76%)->1244M(61%) 0.020s
[12.649s][info][gc       ] GC(321) Minor Collection (Allocation Rate)
[12.649s][info][gc,phases] GC(321) y: Young Generation
[12.649s][info][gc,phases] GC(321) y: Pause Mark Start 0.008ms
[12.662s][info][gc,phases] GC(321) y: Concurrent Mark 12.485ms
[12.662s][info][gc,phases] GC(321) y: Pause Mark End 0.014ms
[12.663s][info][gc,phases] GC(321) y: Concurrent Mark Free 0.001ms
[12.663s][info][gc,phases] GC(321) y: Concurrent Reset Relocation Set 0.011ms
[12.665s][info][gc,phases] GC(321) y: Concurrent Select Relocation Set 1.968ms
[12.665s][info][gc,phases] GC(321) y: Pause Relocate Start 0.006ms
[12.669s][info][gc,phases] GC(321) y: Concurrent Relocate 4.409ms
[12.669s][info][gc,phases] GC(321) y: Young Generation 1576M(77%)->1254M(61%) 0.020s
[12.670s][info][gc       ] GC(321) Minor Collection (Allocation Rate) 1576M(77%)->1256M(61%) 0.020s
[12.706s][info][gc       ] GC(322) Major Collection (Allocation Rate)
[12.706s][info][gc,phases] GC(322) Y: Young Generation
[12.706s][info][gc,phases] GC(322) Y: Pause Mark Start (Major) 0.008ms
[12.716s][info][gc,phases] GC(322) Y: Concurrent Mark 9.753ms
[12.716s][info][gc,phases] GC(322) Y: Pause Mark End 0.009ms
[12.717s][info][gc,phases] GC(322) Y: Concurrent Mark Free 0.001ms
[12.717s][info][gc,phases] GC(322) Y: Concurrent Reset Relocation Set 0.011ms
[12.718s][info][gc,phases] GC(322) Y: Concurrent Select Relocation Set 1.654ms
[12.719s][info][gc,phases] GC(322) Y: Pause Relocate Start 0.006ms
[12.723s][info][gc,phases] GC(322) Y: Concurrent Relocate 4.414ms
[12.723s][info][gc,phases] GC(322) Y: Young Generation 1602M(78%)->1242M(61%) 0.017s
[12.723s][info][gc,phases] GC(322) O: Old Generation
[12.759s][info][gc       ] GC(323) Minor Collection (Allocation Rate)
[12.759s][info][gc,phases] GC(323) y: Young Generation
[12.759s][info][gc,phases] GC(323) y: Pause Mark Start 0.007ms
[12.770s][info][gc,phases] GC(323) y: Concurrent Mark 10.209ms
[12.770s][info][gc,phases] GC(323) y: Pause Mark End 0.009ms
[12.770s][info][gc,phases] GC(323) y: Concurrent Mark Free 0.000ms
[12.770s][info][gc,phases] GC(323) y: Concurrent Reset Relocation Set 0.008ms
[12.772s][info][gc,phases] GC(323) y: Concurrent Select Relocation Set 1.752ms
[12.772s][info][gc,phases] GC(323) y: Pause Relocate Start 0.008ms
[12.777s][info][gc,phases] GC(323) y: Concurrent Relocate 4.262ms
[12.777s][info][gc,phases] GC(323) y: Young Generation 1580M(77%)->1260M(62%) 0.018s
[12.777s][info][gc       ] GC(323) Minor Collection (Allocation Rate) 1578M(77%)->1260M(62%) 0.018s
[12.815s][info][gc       ] GC(324) Minor Collection (Allocation Rate)
[12.815s][info][gc,phases] GC(324) y: Young Generation
[12.815s][info][gc,phases] GC(324) y: Pause Mark Start 0.010ms
[12.826s][info][gc,phases] GC(324) y: Concurrent Mark 10.532ms
[12.826s][info][gc,phases] GC(324) y: Pause Mark End 0.008ms
[12.827s][info][gc,phases] GC(324) y: Concurrent Mark Free 0.000ms
[12.827s][info][gc,phases] GC(324) y: Concurrent Reset Relocation Set 0.012ms
[12.829s][info][gc,phases] GC(324) y: Concurrent Select Relocation Set 1.951ms
[12.829s][info][gc,phases] GC(324) y: Pause Relocate Start 0.006ms
[12.834s][info][gc,phases] GC(324) y: Concurrent Relocate 4.605ms
[12.834s][info][gc,phases] GC(324) y: Young Generation 1620M(79%)->1276M(62%) 0.019s
[12.834s][info][gc       ] GC(324) Minor Collection (Allocation Rate) 1618M(79%)->1278M(62%) 0.019s
[12.870s][info][gc       ] GC(325) Minor Collection (Allocation Rate)
[12.870s][info][gc,phases] GC(325) y: Young Generation
[12.870s][info][gc,phases] GC(325) y: Pause Mark Start 0.009ms
[12.880s][info][gc,phases] GC(325) y: Concurrent Mark 9.856ms
[12.881s][info][gc,phases] GC(325) y: Pause Mark End 0.008ms
[12.881s][info][gc,phases] GC(325) y: Concurrent Mark Free 0.000ms
[12.881s][info][gc,phases] GC(325) y: Concurrent Reset Relocation Set 0.014ms
[12.882s][info][gc,phases] GC(325) y: Concurrent Select Relocation Set 1.548ms
[12.883s][info][gc,phases] GC(325) y: Pause Relocate Start 0.005ms
[12.887s][info][gc,phases] GC(325) y: Concurrent Relocate 4.184ms
[12.887s][info][gc,phases] GC(325) y: Young Generation 1618M(79%)->1308M(64%) 0.017s
[12.887s][info][gc       ] GC(325) Minor Collection (Allocation Rate) 1618M(79%)->1312M(64%) 0.017s
[12.903s][info][gc       ] GC(326) Minor Collection (Allocation Rate)
[12.903s][info][gc,phases] GC(326) y: Young Generation
[12.903s][info][gc,phases] GC(326) y: Pause Mark Start 0.010ms
[12.906s][info][gc,phases] GC(322) O: Concurrent Mark 182.395ms
[12.908s][info][gc,phases] GC(322) O: Pause Mark End 0.012ms
[12.908s][info][gc,phases] GC(322) O: Concurrent Mark Free 0.001ms
[12.912s][info][gc,phases] GC(322) O: Concurrent Process Non-Strong 3.345ms
[12.912s][info][gc,phases] GC(322) O: Concurrent Reset Relocation Set 0.017ms
[12.914s][info][gc,phases] GC(322) O: Concurrent Select Relocation Set 1.726ms
[12.914s][info][gc,phases] GC(326) y: Concurrent Mark 10.877ms
[12.914s][info][gc,phases] GC(326) y: Pause Mark End 0.017ms
[12.914s][info][gc,phases] GC(326) y: Concurrent Mark Free 0.000ms
[12.914s][info][gc,phases] GC(326) y: Concurrent Reset Relocation Set 0.007ms
[12.917s][info][gc,phases] GC(326) y: Concurrent Select Relocation Set 2.164ms
[12.917s][info][gc,phases] GC(326) y: Pause Relocate Start 0.005ms
[12.921s][info][gc,phases] GC(326) y: Concurrent Relocate 4.257ms
[12.921s][info][gc,phases] GC(326) y: Young Generation 1586M(77%)->1330M(65%) 0.019s
[12.922s][info][gc       ] GC(326) Minor Collection (Allocation Rate) 1582M(77%)->1332M(65%) 0.019s
[12.943s][info][gc,phases] GC(322) O: Concurrent Remap Roots 20.914ms
[12.943s][info][gc,phases] GC(322) O: Pause Relocate Start 0.019ms
[12.943s][info][gc       ] GC(327) Minor Collection (Allocation Rate)
[12.943s][info][gc,phases] GC(327) y: Young Generation
[12.943s][info][gc,phases] GC(327) y: Pause Mark Start 0.005ms
[12.956s][info][gc,phases] GC(327) y: Concurrent Mark 12.446ms
[12.956s][info][gc,phases] GC(327) y: Pause Mark End 0.010ms
[12.956s][info][gc,phases] GC(327) y: Concurrent Mark Free 0.000ms
[12.957s][info][gc,phases] GC(327) y: Concurrent Reset Relocation Set 0.015ms
[12.959s][info][gc,phases] GC(327) y: Concurrent Select Relocation Set 1.870ms
[12.959s][info][gc,phases] GC(327) y: Pause Relocate Start 0.008ms
[12.963s][info][gc,phases] GC(327) y: Concurrent Relocate 3.821ms
[12.963s][info][gc,phases] GC(327) y: Young Generation 1512M(74%)->1180M(58%) 0.020s
[12.963s][info][gc       ] GC(327) Minor Collection (Allocation Rate) 1530M(75%)->1182M(58%) 0.020s
[12.989s][info][gc,phases] GC(322) O: Concurrent Relocate 45.850ms
[12.989s][info][gc,phases] GC(322) O: Old Generation 1242M(61%)->1414M(69%) 0.266s
[12.989s][info][gc       ] GC(322) Major Collection (Allocation Rate) 1602M(78%)->1418M(69%) 0.283s
[12.989s][info][gc       ] GC(328) Minor Collection (Allocation Rate)
[12.989s][info][gc,phases] GC(328) y: Young Generation
[12.989s][info][gc,phases] GC(328) y: Pause Mark Start 0.010ms
[13.001s][info][gc,phases] GC(328) y: Concurrent Mark 11.488ms
[13.001s][info][gc,phases] GC(328) y: Pause Mark End 0.009ms
[13.001s][info][gc,phases] GC(328) y: Concurrent Mark Free 0.000ms
[13.001s][info][gc,phases] GC(328) y: Concurrent Reset Relocation Set 0.011ms
[13.004s][info][gc,phases] GC(328) y: Concurrent Select Relocation Set 2.143ms
[13.004s][info][gc,phases] GC(328) y: Pause Relocate Start 0.007ms
[13.009s][info][gc,phases] GC(328) y: Concurrent Relocate 4.767ms
[13.009s][info][gc,phases] GC(328) y: Young Generation 1422M(69%)->1150M(56%) 0.020s
[13.009s][info][gc       ] GC(328) Minor Collection (Allocation Rate) 1422M(69%)->1154M(56%) 0.020s
[13.032s][info][gc       ] GC(329) Minor Collection (Allocation Rate)
[13.032s][info][gc,phases] GC(329) y: Young Generation
[13.032s][info][gc,phases] GC(329) y: Pause Mark Start 0.007ms
[13.042s][info][gc,phases] GC(329) y: Concurrent Mark 10.300ms
[13.043s][info][gc,phases] GC(329) y: Pause Mark End 0.013ms
[13.043s][info][gc,phases] GC(329) y: Concurrent Mark Free 0.001ms
[13.043s][info][gc,phases] GC(329) y: Concurrent Reset Relocation Set 0.016ms
[13.045s][info][gc,phases] GC(329) y: Concurrent Select Relocation Set 1.756ms
[13.045s][info][gc,phases] GC(329) y: Pause Relocate Start 0.006ms
[13.049s][info][gc,phases] GC(329) y: Concurrent Relocate 4.049ms
[13.049s][info][gc,phases] GC(329) y: Young Generation 1380M(67%)->1140M(56%) 0.018s
[13.049s][info][gc       ] GC(329) Minor Collection (Allocation Rate) 1380M(67%)->1140M(56%) 0.018s
[13.074s][info][gc       ] GC(330) Minor Collection (Allocation Rate)
[13.074s][info][gc,phases] GC(330) y: Young Generation
[13.074s][info][gc,phases] GC(330) y: Pause Mark Start 0.007ms
[13.086s][info][gc,phases] GC(330) y: Concurrent Mark 11.930ms
[13.086s][info][gc,phases] GC(330) y: Pause Mark End 0.009ms
[13.086s][info][gc,phases] GC(330) y: Concurrent Mark Free 0.000ms
[13.086s][info][gc,phases] GC(330) y: Concurrent Reset Relocation Set 0.008ms
[13.088s][info][gc,phases] GC(330) y: Concurrent Select Relocation Set 1.967ms
[13.089s][info][gc,phases] GC(330) y: Pause Relocate Start 0.011ms
[13.093s][info][gc,phases] GC(330) y: Concurrent Relocate 4.324ms
[13.093s][info][gc,phases] GC(330) y: Young Generation 1420M(69%)->1096M(54%) 0.020s
[13.093s][info][gc       ] GC(330) Minor Collection (Allocation Rate) 1418M(69%)->1098M(54%) 0.020s
[13.129s][info][gc       ] GC(331) Minor Collection (Allocation Rate)
[13.130s][info][gc,phases] GC(331) y: Young Generation
[13.130s][info][gc,phases] GC(331) y: Pause Mark Start 0.007ms
[13.142s][info][gc,phases] GC(331) y: Concurrent Mark 12.494ms
[13.143s][info][gc,phases] GC(331) y: Pause Mark End 0.010ms
[13.143s][info][gc,phases] GC(331) y: Concurrent Mark Free 0.001ms
[13.143s][info][gc,phases] GC(331) y: Concurrent Reset Relocation Set 0.011ms
[13.145s][info][gc,phases] GC(331) y: Concurrent Select Relocation Set 1.903ms
[13.145s][info][gc,phases] GC(331) y: Pause Relocate Start 0.006ms
[13.150s][info][gc,phases] GC(331) y: Concurrent Relocate 4.714ms
[13.150s][info][gc,phases] GC(331) y: Young Generation 1460M(71%)->1116M(54%) 0.021s
[13.150s][info][gc       ] GC(331) Minor Collection (Allocation Rate) 1458M(71%)->1120M(55%) 0.021s
[13.180s][info][gc       ] GC(332) Minor Collection (Allocation Rate)
[13.181s][info][gc,phases] GC(332) y: Young Generation
[13.181s][info][gc,phases] GC(332) y: Pause Mark Start 0.007ms
[13.192s][info][gc,phases] GC(332) y: Concurrent Mark 11.290ms
[13.192s][info][gc,phases] GC(332) y: Pause Mark End 0.012ms
[13.193s][info][gc,phases] GC(332) y: Concurrent Mark Free 0.001ms
[13.193s][info][gc,phases] GC(332) y: Concurrent Reset Relocation Set 0.012ms
[13.195s][info][gc,phases] GC(332) y: Concurrent Select Relocation Set 2.118ms
[13.195s][info][gc,phases] GC(332) y: Pause Relocate Start 0.007ms
[13.200s][info][gc,phases] GC(332) y: Concurrent Relocate 4.447ms
[13.200s][info][gc,phases] GC(332) y: Young Generation 1422M(69%)->1190M(58%) 0.019s
[13.200s][info][gc       ] GC(332) Minor Collection (Allocation Rate) 1420M(69%)->1194M(58%) 0.020s
[13.228s][info][gc       ] GC(333) Minor Collection (Allocation Rate)
[13.229s][info][gc,phases] GC(333) y: Young Generation
[13.229s][info][gc,phases] GC(333) y: Pause Mark Start 0.007ms
[13.241s][info][gc,phases] GC(333) y: Concurrent Mark 11.850ms
[13.241s][info][gc,phases] GC(333) y: Pause Mark End 0.009ms
[13.241s][info][gc,phases] GC(333) y: Concurrent Mark Free 0.001ms
[13.241s][info][gc,phases] GC(333) y: Concurrent Reset Relocation Set 0.014ms
[13.243s][info][gc,phases] GC(333) y: Concurrent Select Relocation Set 1.651ms
[13.243s][info][gc,phases] GC(333) y: Pause Relocate Start 0.010ms
[13.248s][info][gc,phases] GC(333) y: Concurrent Relocate 4.497ms
[13.248s][info][gc,phases] GC(333) y: Young Generation 1478M(72%)->1126M(55%) 0.019s
[13.248s][info][gc       ] GC(333) Minor Collection (Allocation Rate) 1476M(72%)->1128M(55%) 0.020s
[13.290s][info][gc       ] GC(334) Minor Collection (Allocation Rate)
[13.291s][info][gc,phases] GC(334) y: Young Generation
[13.291s][info][gc,phases] GC(334) y: Pause Mark Start 0.007ms
[13.304s][info][gc,phases] GC(334) y: Concurrent Mark 12.931ms
[13.304s][info][gc,phases] GC(334) y: Pause Mark End 0.010ms
[13.304s][info][gc,phases] GC(334) y: Concurrent Mark Free 0.001ms
[13.304s][info][gc,phases] GC(334) y: Concurrent Reset Relocation Set 0.008ms
[13.306s][info][gc,phases] GC(334) y: Concurrent Select Relocation Set 1.947ms
[13.307s][info][gc,phases] GC(334) y: Pause Relocate Start 0.005ms
[13.312s][info][gc,phases] GC(334) y: Concurrent Relocate 5.190ms
[13.312s][info][gc,phases] GC(334) y: Young Generation 1552M(76%)->1162M(57%) 0.021s
[13.312s][info][gc       ] GC(334) Minor Collection (Allocation Rate) 1552M(76%)->1162M(57%) 0.022s
[13.344s][info][gc       ] GC(335) Minor Collection (Allocation Rate)
[13.344s][info][gc,phases] GC(335) y: Young Generation
[13.345s][info][gc,phases] GC(335) y: Pause Mark Start 0.007ms
[13.357s][info][gc,phases] GC(335) y: Concurrent Mark 12.756ms
[13.358s][info][gc,phases] GC(335) y: Pause Mark End 0.009ms
[13.358s][info][gc,phases] GC(335) y: Concurrent Mark Free 0.001ms
[13.358s][info][gc,phases] GC(335) y: Concurrent Reset Relocation Set 0.012ms
[13.360s][info][gc,phases] GC(335) y: Concurrent Select Relocation Set 1.756ms
[13.360s][info][gc,phases] GC(335) y: Pause Relocate Start 0.006ms
[13.364s][info][gc,phases] GC(335) y: Concurrent Relocate 4.352ms
[13.365s][info][gc,phases] GC(335) y: Young Generation 1484M(72%)->1156M(56%) 0.020s
[13.365s][info][gc       ] GC(335) Minor Collection (Allocation Rate) 1482M(72%)->1158M(57%) 0.021s
[13.401s][info][gc       ] GC(336) Minor Collection (Allocation Rate)
[13.402s][info][gc,phases] GC(336) y: Young Generation
[13.402s][info][gc,phases] GC(336) y: Pause Mark Start 0.007ms
[13.415s][info][gc,phases] GC(336) y: Concurrent Mark 13.572ms
[13.416s][info][gc,phases] GC(336) y: Pause Mark End 0.010ms
[13.416s][info][gc,phases] GC(336) y: Concurrent Mark Free 0.000ms
[13.416s][info][gc,phases] GC(336) y: Concurrent Reset Relocation Set 0.008ms
[13.418s][info][gc,phases] GC(336) y: Concurrent Select Relocation Set 2.107ms
[13.418s][info][gc,phases] GC(336) y: Pause Relocate Start 0.007ms
[13.424s][info][gc,phases] GC(336) y: Concurrent Relocate 5.126ms
[13.424s][info][gc,phases] GC(336) y: Young Generation 1526M(75%)->1184M(58%) 0.022s
[13.424s][info][gc       ] GC(336) Minor Collection (Allocation Rate) 1524M(74%)->1184M(58%) 0.022s
[13.454s][info][gc       ] GC(337) Minor Collection (Allocation Rate)
[13.454s][info][gc,phases] GC(337) y: Young Generation
[13.454s][info][gc,phases] GC(337) y: Pause Mark Start 0.007ms
[13.467s][info][gc,phases] GC(337) y: Concurrent Mark 13.039ms
[13.468s][info][gc,phases] GC(337) y: Pause Mark End 0.009ms
[13.468s][info][gc,phases] GC(337) y: Concurrent Mark Free 0.000ms
[13.468s][info][gc,phases] GC(337) y: Concurrent Reset Relocation Set 0.015ms
[13.470s][info][gc,phases] GC(337) y: Concurrent Select Relocation Set 1.994ms
[13.470s][info][gc,phases] GC(337) y: Pause Relocate Start 0.006ms
[13.475s][info][gc,phases] GC(337) y: Concurrent Relocate 4.548ms
[13.475s][info][gc,phases] GC(337) y: Young Generation 1488M(73%)->1182M(58%) 0.021s
[13.475s][info][gc       ] GC(337) Minor Collection (Allocation Rate) 1486M(73%)->1184M(58%) 0.021s
[13.511s][info][gc       ] GC(338) Minor Collection (Allocation Rate)
[13.511s][info][gc,phases] GC(338) y: Young Generation
[13.512s][info][gc,phases] GC(338) y: Pause Mark Start 0.007ms
[13.525s][info][gc,phases] GC(338) y: Concurrent Mark 12.961ms
[13.525s][info][gc,phases] GC(338) y: Pause Mark End 0.009ms
[13.525s][info][gc,phases] GC(338) y: Concurrent Mark Free 0.001ms
[13.525s][info][gc,phases] GC(338) y: Concurrent Reset Relocation Set 0.012ms
[13.527s][info][gc,phases] GC(338) y: Concurrent Select Relocation Set 1.888ms
[13.527s][info][gc,phases] GC(338) y: Pause Relocate Start 0.005ms
[13.532s][info][gc,phases] GC(338) y: Concurrent Relocate 4.889ms
[13.533s][info][gc,phases] GC(338) y: Young Generation 1546M(75%)->1196M(58%) 0.021s
[13.533s][info][gc       ] GC(338) Minor Collection (Allocation Rate) 1546M(75%)->1198M(58%) 0.021s
[13.570s][info][gc       ] GC(339) Minor Collection (Allocation Rate)
[13.570s][info][gc,phases] GC(339) y: Young Generation
[13.570s][info][gc,phases] GC(339) y: Pause Mark Start 0.007ms
[13.583s][info][gc,phases] GC(339) y: Concurrent Mark 13.054ms
[13.584s][info][gc,phases] GC(339) y: Pause Mark End 0.009ms
[13.584s][info][gc,phases] GC(339) y: Concurrent Mark Free 0.001ms
[13.584s][info][gc,phases] GC(339) y: Concurrent Reset Relocation Set 0.013ms
[13.586s][info][gc,phases] GC(339) y: Concurrent Select Relocation Set 1.939ms
[13.586s][info][gc,phases] GC(339) y: Pause Relocate Start 0.009ms
[13.591s][info][gc,phases] GC(339) y: Concurrent Relocate 4.931ms
[13.591s][info][gc,phases] GC(339) y: Young Generation 1570M(77%)->1204M(59%) 0.021s
[13.591s][info][gc       ] GC(339) Minor Collection (Allocation Rate) 1568M(77%)->1208M(59%) 0.022s
[13.627s][info][gc       ] GC(340) Minor Collection (Allocation Rate)
[13.627s][info][gc,phases] GC(340) y: Young Generation
[13.628s][info][gc,phases] GC(340) y: Pause Mark Start 0.010ms
[13.641s][info][gc,phases] GC(340) y: Concurrent Mark 13.105ms
[13.641s][info][gc,phases] GC(340) y: Pause Mark End 0.009ms
[13.641s][info][gc,phases] GC(340) y: Concurrent Mark Free 0.001ms
[13.641s][info][gc,phases] GC(340) y: Concurrent Reset Relocation Set 0.012ms
[13.643s][info][gc,phases] GC(340) y: Concurrent Select Relocation Set 1.935ms
[13.643s][info][gc,phases] GC(340) y: Pause Relocate Start 0.007ms
[13.649s][info][gc,phases] GC(340) y: Concurrent Relocate 4.904ms
[13.649s][info][gc,phases] GC(340) y: Young Generation 1566M(76%)->1216M(59%) 0.021s
[13.649s][info][gc       ] GC(340) Minor Collection (Allocation Rate) 1564M(76%)->1218M(59%) 0.022s
[13.684s][info][gc       ] GC(341) Minor Collection (Allocation Rate)
[13.685s][info][gc,phases] GC(341) y: Young Generation
[13.685s][info][gc,phases] GC(341) y: Pause Mark Start 0.007ms
[13.698s][info][gc,phases] GC(341) y: Concurrent Mark 13.213ms
[13.699s][info][gc,phases] GC(341) y: Pause Mark End 0.009ms
[13.699s][info][gc,phases] GC(341) y: Concurrent Mark Free 0.001ms
[13.699s][info][gc,phases] GC(341) y: Concurrent Reset Relocation Set 0.012ms
[13.701s][info][gc,phases] GC(341) y: Concurrent Select Relocation Set 2.012ms
[13.701s][info][gc,phases] GC(341) y: Pause Relocate Start 0.006ms
[13.706s][info][gc,phases] GC(341) y: Concurrent Relocate 5.030ms
[13.706s][info][gc,phases] GC(341) y: Young Generation 1576M(77%)->1232M(60%) 0.022s
[13.706s][info][gc       ] GC(341) Minor Collection (Allocation Rate) 1576M(77%)->1234M(60%) 0.022s
[13.740s][info][gc       ] GC(342) Minor Collection (Allocation Rate)
[13.740s][info][gc,phases] GC(342) y: Young Generation
[13.740s][info][gc,phases] GC(342) y: Pause Mark Start 0.006ms
[13.753s][info][gc,phases] GC(342) y: Concurrent Mark 13.103ms
[13.754s][info][gc,phases] GC(342) y: Pause Mark End 0.010ms
[13.754s][info][gc,phases] GC(342) y: Concurrent Mark Free 0.000ms
[13.754s][info][gc,phases] GC(342) y: Concurrent Reset Relocation Set 0.013ms
[13.756s][info][gc,phases] GC(342) y: Concurrent Select Relocation Set 1.738ms
[13.756s][info][gc,phases] GC(342) y: Pause Relocate Start 0.010ms
[13.761s][info][gc,phases] GC(342) y: Concurrent Relocate 4.789ms
[13.761s][info][gc,phases] GC(342) y: Young Generation 1570M(77%)->1246M(61%) 0.021s
[13.761s][info][gc       ] GC(342) Minor Collection (Allocation Rate) 1568M(77%)->1248M(61%) 0.021s
[13.792s][info][gc       ] GC(343) Minor Collection (Allocation Rate)
[13.793s][info][gc,phases] GC(343) y: Young Generation
[13.793s][info][gc,phases] GC(343) y: Pause Mark Start 0.007ms
[13.806s][info][gc,phases] GC(343) y: Concurrent Mark 13.183ms
[13.806s][info][gc,phases] GC(343) y: Pause Mark End 0.009ms
[13.807s][info][gc,phases] GC(343) y: Concurrent Mark Free 0.001ms
[13.807s][info][gc,phases] GC(343) y: Concurrent Reset Relocation Set 0.011ms
[13.809s][info][gc,phases] GC(343) y: Concurrent Select Relocation Set 2.020ms
[13.809s][info][gc,phases] GC(343) y: Pause Relocate Start 0.006ms
[13.814s][info][gc,phases] GC(343) y: Concurrent Relocate 4.670ms
[13.814s][info][gc,phases] GC(343) y: Young Generation 1564M(76%)->1242M(61%) 0.021s
[13.814s][info][gc       ] GC(343) Minor Collection (Allocation Rate) 1564M(76%)->1244M(61%) 0.022s
[13.845s][info][gc       ] GC(344) Minor Collection (Allocation Rate)
[13.846s][info][gc,phases] GC(344) y: Young Generation
[13.846s][info][gc,phases] GC(344) y: Pause Mark Start 0.007ms
[13.859s][info][gc,phases] GC(344) y: Concurrent Mark 12.781ms
[13.859s][info][gc,phases] GC(344) y: Pause Mark End 0.009ms
[13.859s][info][gc,phases] GC(344) y: Concurrent Mark Free 0.000ms
[13.859s][info][gc,phases] GC(344) y: Concurrent Reset Relocation Set 0.012ms
[13.861s][info][gc,phases] GC(344) y: Concurrent Select Relocation Set 1.991ms
[13.862s][info][gc,phases] GC(344) y: Pause Relocate Start 0.006ms
[13.866s][info][gc,phases] GC(344) y: Concurrent Relocate 4.429ms
[13.866s][info][gc,phases] GC(344) y: Young Generation 1558M(76%)->1248M(61%) 0.021s
[13.866s][info][gc       ] GC(344) Minor Collection (Allocation Rate) 1558M(76%)->1250M(61%) 0.021s
[13.898s][info][gc       ] GC(345) Minor Collection (Allocation Rate)
[13.898s][info][gc,phases] GC(345) y: Young Generation
[13.898s][info][gc,phases] GC(345) y: Pause Mark Start 0.006ms
[13.911s][info][gc,phases] GC(345) y: Concurrent Mark 12.636ms
[13.911s][info][gc,phases] GC(345) y: Pause Mark End 0.009ms
[13.911s][info][gc,phases] GC(345) y: Concurrent Mark Free 0.001ms
[13.911s][info][gc,phases] GC(345) y: Concurrent Reset Relocation Set 0.011ms
[13.913s][info][gc,phases] GC(345) y: Concurrent Select Relocation Set 2.013ms
[13.914s][info][gc,phases] GC(345) y: Pause Relocate Start 0.008ms
[13.918s][info][gc,phases] GC(345) y: Concurrent Relocate 4.552ms
[13.919s][info][gc,phases] GC(345) y: Young Generation 1564M(76%)->1258M(61%) 0.021s
[13.919s][info][gc       ] GC(345) Minor Collection (Allocation Rate) 1564M(76%)->1262M(62%) 0.021s
[13.950s][info][gc       ] GC(346) Minor Collection (Allocation Rate)
[13.950s][info][gc,phases] GC(346) y: Young Generation
[13.950s][info][gc,phases] GC(346) y: Pause Mark Start 0.006ms
[13.963s][info][gc,phases] GC(346) y: Concurrent Mark 12.629ms
[13.963s][info][gc,phases] GC(346) y: Pause Mark End 0.010ms
[13.964s][info][gc,phases] GC(346) y: Concurrent Mark Free 0.001ms
[13.964s][info][gc,phases] GC(346) y: Concurrent Reset Relocation Set 0.011ms
[13.966s][info][gc,phases] GC(346) y: Concurrent Select Relocation Set 1.963ms
[13.966s][info][gc,phases] GC(346) y: Pause Relocate Start 0.006ms
[13.970s][info][gc,phases] GC(346) y: Concurrent Relocate 4.525ms
[13.971s][info][gc,phases] GC(346) y: Young Generation 1576M(77%)->1268M(62%) 0.020s
[13.971s][info][gc       ] GC(346) Minor Collection (Allocation Rate) 1574M(77%)->1270M(62%) 0.021s
[13.994s][info][gc       ] GC(347) Minor Collection (Allocation Rate)
[13.994s][info][gc,phases] GC(347) y: Young Generation
[13.994s][info][gc,phases] GC(347) y: Pause Mark Start 0.007ms
[14.007s][info][gc,phases] GC(347) y: Concurrent Mark 12.469ms
[14.007s][info][gc,phases] GC(347) y: Pause Mark End 0.010ms
[14.007s][info][gc,phases] GC(347) y: Concurrent Mark Free 0.001ms
[14.007s][info][gc,phases] GC(347) y: Concurrent Reset Relocation Set 0.013ms
[14.010s][info][gc,phases] GC(347) y: Concurrent Select Relocation Set 1.955ms
[14.010s][info][gc,phases] GC(347) y: Pause Relocate Start 0.010ms
[14.014s][info][gc,phases] GC(347) y: Concurrent Relocate 4.366ms
[14.015s][info][gc,phases] GC(347) y: Young Generation 1570M(77%)->1278M(62%) 0.020s
[14.015s][info][gc       ] GC(347) Minor Collection (Allocation Rate) 1570M(77%)->1280M(62%) 0.021s
[14.041s][info][gc       ] GC(348) Major Collection (Allocation Rate)
[14.042s][info][gc,phases] GC(348) Y: Young Generation
[14.042s][info][gc,phases] GC(348) Y: Pause Mark Start (Major) 0.010ms
[14.051s][info][gc,phases] GC(348) Y: Concurrent Mark 9.294ms
[14.052s][info][gc,phases] GC(348) Y: Pause Mark End 0.010ms
[14.052s][info][gc,phases] GC(348) Y: Concurrent Mark Free 0.001ms
[14.052s][info][gc,phases] GC(348) Y: Concurrent Reset Relocation Set 0.012ms
[14.054s][info][gc,phases] GC(348) Y: Concurrent Select Relocation Set 1.751ms
[14.054s][info][gc,phases] GC(348) Y: Pause Relocate Start 0.009ms
[14.058s][info][gc,phases] GC(348) Y: Concurrent Relocate 3.926ms
[14.058s][info][gc,phases] GC(348) Y: Young Generation 1548M(76%)->1248M(61%) 0.016s
[14.058s][info][gc,phases] GC(348) O: Old Generation
[14.081s][info][gc       ] GC(349) Minor Collection (Allocation Rate)
[14.081s][info][gc,phases] GC(349) y: Young Generation
[14.081s][info][gc,phases] GC(349) y: Pause Mark Start 0.007ms
[14.090s][info][gc,phases] GC(349) y: Concurrent Mark 9.254ms
[14.091s][info][gc,phases] GC(349) y: Pause Mark End 0.014ms
[14.091s][info][gc,phases] GC(349) y: Concurrent Mark Free 0.001ms
[14.091s][info][gc,phases] GC(349) y: Concurrent Reset Relocation Set 0.008ms
[14.093s][info][gc,phases] GC(349) y: Concurrent Select Relocation Set 1.970ms
[14.093s][info][gc,phases] GC(349) y: Pause Relocate Start 0.009ms
[14.097s][info][gc,phases] GC(349) y: Concurrent Relocate 3.517ms
[14.097s][info][gc,phases] GC(349) y: Young Generation 1474M(72%)->1266M(62%) 0.016s
[14.097s][info][gc       ] GC(349) Minor Collection (Allocation Rate) 1472M(72%)->1268M(62%) 0.016s
[14.127s][info][gc       ] GC(350) Minor Collection (Allocation Rate)
[14.127s][info][gc,phases] GC(350) y: Young Generation
[14.127s][info][gc,phases] GC(350) y: Pause Mark Start 0.010ms
[14.137s][info][gc,phases] GC(350) y: Concurrent Mark 9.248ms
[14.137s][info][gc,phases] GC(350) y: Pause Mark End 0.012ms
[14.137s][info][gc,phases] GC(350) y: Concurrent Mark Free 0.000ms
[14.137s][info][gc,phases] GC(350) y: Concurrent Reset Relocation Set 0.012ms
[14.139s][info][gc,phases] GC(350) y: Concurrent Select Relocation Set 1.827ms
[14.139s][info][gc,phases] GC(350) y: Pause Relocate Start 0.006ms
[14.143s][info][gc,phases] GC(350) y: Concurrent Relocate 3.891ms
[14.144s][info][gc,phases] GC(350) y: Young Generation 1562M(76%)->1264M(62%) 0.017s
[14.144s][info][gc       ] GC(350) Minor Collection (Allocation Rate) 1560M(76%)->1266M(62%) 0.017s
[14.178s][info][gc       ] GC(351) Minor Collection (Allocation Rate)
[14.178s][info][gc,phases] GC(351) y: Young Generation
[14.178s][info][gc,phases] GC(351) y: Pause Mark Start 0.006ms
[14.188s][info][gc,phases] GC(351) y: Concurrent Mark 9.108ms
[14.188s][info][gc,phases] GC(351) y: Pause Mark End 0.010ms
[14.188s][info][gc,phases] GC(351) y: Concurrent Mark Free 0.000ms
[14.188s][info][gc,phases] GC(351) y: Concurrent Reset Relocation Set 0.011ms
[14.190s][info][gc,phases] GC(351) y: Concurrent Select Relocation Set 1.540ms
[14.190s][info][gc,phases] GC(351) y: Pause Relocate Start 0.009ms
[14.194s][info][gc,phases] GC(351) y: Concurrent Relocate 3.994ms
[14.194s][info][gc,phases] GC(351) y: Young Generation 1604M(78%)->1270M(62%) 0.016s
[14.194s][info][gc       ] GC(351) Minor Collection (Allocation Rate) 1604M(78%)->1270M(62%) 0.016s
[14.231s][info][gc       ] GC(352) Minor Collection (Allocation Rate)
[14.231s][info][gc,phases] GC(352) y: Young Generation
[14.231s][info][gc,phases] GC(352) y: Pause Mark Start 0.007ms
[14.241s][info][gc,phases] GC(352) y: Concurrent Mark 9.838ms
[14.242s][info][gc,phases] GC(352) y: Pause Mark End 0.011ms
[14.242s][info][gc,phases] GC(352) y: Concurrent Mark Free 0.000ms
[14.242s][info][gc,phases] GC(352) y: Concurrent Reset Relocation Set 0.007ms
[14.243s][info][gc,phases] GC(348) O: Concurrent Mark 184.335ms
[14.243s][info][gc,phases] GC(348) O: Pause Mark End 0.008ms
[14.243s][info][gc,phases] GC(348) O: Concurrent Mark Free 0.000ms
[14.244s][info][gc,phases] GC(352) y: Concurrent Select Relocation Set 2.076ms
[14.247s][info][gc,phases] GC(352) y: Pause Relocate Start 0.008ms
[14.247s][info][gc,phases] GC(348) O: Concurrent Process Non-Strong 3.721ms
[14.247s][info][gc,phases] GC(348) O: Concurrent Reset Relocation Set 0.015ms
[14.249s][info][gc,phases] GC(348) O: Concurrent Select Relocation Set 1.775ms
[14.252s][info][gc,phases] GC(352) y: Concurrent Relocate 4.508ms
[14.252s][info][gc,phases] GC(352) y: Young Generation 1630M(80%)->1320M(64%) 0.021s
[14.252s][info][gc       ] GC(352) Minor Collection (Allocation Rate) 1630M(80%)->1322M(65%) 0.021s
[14.273s][info][gc,phases] GC(348) O: Concurrent Remap Roots 20.827ms
[14.273s][info][gc,phases] GC(348) O: Pause Relocate Start 0.010ms
[14.273s][info][gc       ] GC(353) Minor Collection (Allocation Rate)
[14.273s][info][gc,phases] GC(353) y: Young Generation
[14.274s][info][gc,phases] GC(353) y: Pause Mark Start 0.004ms
[14.286s][info][gc,phases] GC(353) y: Concurrent Mark 12.693ms
[14.287s][info][gc,phases] GC(353) y: Pause Mark End 0.012ms
[14.287s][info][gc,phases] GC(353) y: Concurrent Mark Free 0.001ms
[14.287s][info][gc,phases] GC(353) y: Concurrent Reset Relocation Set 0.013ms
[14.289s][info][gc,phases] GC(353) y: Concurrent Select Relocation Set 2.083ms
[14.290s][info][gc,phases] GC(353) y: Pause Relocate Start 0.014ms
[14.294s][info][gc,phases] GC(353) y: Concurrent Relocate 4.106ms
[14.294s][info][gc,phases] GC(353) y: Young Generation 1518M(74%)->1188M(58%) 0.021s
[14.294s][info][gc       ] GC(353) Minor Collection (Allocation Rate) 1530M(75%)->1188M(58%) 0.021s
[14.318s][info][gc,phases] GC(348) O: Concurrent Relocate 44.471ms
[14.318s][info][gc,phases] GC(348) O: Old Generation 1250M(61%)->1302M(64%) 0.260s
[14.318s][info][gc       ] GC(348) Major Collection (Allocation Rate) 1548M(76%)->1306M(64%) 0.277s
[14.331s][info][gc       ] GC(354) Minor Collection (Allocation Rate)
[14.331s][info][gc,phases] GC(354) y: Young Generation
[14.331s][info][gc,phases] GC(354) y: Pause Mark Start 0.007ms
[14.344s][info][gc,phases] GC(354) y: Concurrent Mark 12.294ms
[14.344s][info][gc,phases] GC(354) y: Pause Mark End 0.009ms
[14.344s][info][gc,phases] GC(354) y: Concurrent Mark Free 0.001ms
[14.344s][info][gc,phases] GC(354) y: Concurrent Reset Relocation Set 0.012ms
[14.346s][info][gc,phases] GC(354) y: Concurrent Select Relocation Set 1.936ms
[14.347s][info][gc,phases] GC(354) y: Pause Relocate Start 0.009ms
[14.352s][info][gc,phases] GC(354) y: Concurrent Relocate 4.772ms
[14.352s][info][gc,phases] GC(354) y: Young Generation 1434M(70%)->1090M(53%) 0.021s
[14.352s][info][gc       ] GC(354) Minor Collection (Allocation Rate) 1434M(70%)->1094M(53%) 0.021s
[14.391s][info][gc       ] GC(355) Minor Collection (Allocation Rate)
[14.392s][info][gc,phases] GC(355) y: Young Generation
[14.392s][info][gc,phases] GC(355) y: Pause Mark Start 0.007ms
[14.405s][info][gc,phases] GC(355) y: Concurrent Mark 12.849ms
[14.405s][info][gc,phases] GC(355) y: Pause Mark End 0.009ms
[14.405s][info][gc,phases] GC(355) y: Concurrent Mark Free 0.001ms
[14.405s][info][gc,phases] GC(355) y: Concurrent Reset Relocation Set 0.011ms
[14.407s][info][gc,phases] GC(355) y: Concurrent Select Relocation Set 1.925ms
[14.408s][info][gc,phases] GC(355) y: Pause Relocate Start 0.005ms
[14.413s][info][gc,phases] GC(355) y: Concurrent Relocate 5.109ms
[14.413s][info][gc,phases] GC(355) y: Young Generation 1490M(73%)->1108M(54%) 0.021s
[14.413s][info][gc       ] GC(355) Minor Collection (Allocation Rate) 1488M(73%)->1110M(54%) 0.022s
[14.446s][info][gc       ] GC(356) Minor Collection (Allocation Rate)
[14.447s][info][gc,phases] GC(356) y: Young Generation
[14.447s][info][gc,phases] GC(356) y: Pause Mark Start 0.011ms
[14.460s][info][gc,phases] GC(356) y: Concurrent Mark 12.910ms
[14.460s][info][gc,phases] GC(356) y: Pause Mark End 0.010ms
[14.460s][info][gc,phases] GC(356) y: Concurrent Mark Free 0.000ms
[14.460s][info][gc,phases] GC(356) y: Concurrent Reset Relocation Set 0.013ms
[14.462s][info][gc,phases] GC(356) y: Concurrent Select Relocation Set 1.724ms
[14.462s][info][gc,phases] GC(356) y: Pause Relocate Start 0.006ms
[14.467s][info][gc,phases] GC(356) y: Concurrent Relocate 4.944ms
[14.467s][info][gc,phases] GC(356) y: Young Generation 1502M(73%)->1112M(54%) 0.021s
[14.468s][info][gc       ] GC(356) Minor Collection (Allocation Rate) 1500M(73%)->1116M(54%) 0.021s
[14.505s][info][gc       ] GC(357) Minor Collection (Allocation Rate)
[14.505s][info][gc,phases] GC(357) y: Young Generation
[14.506s][info][gc,phases] GC(357) y: Pause Mark Start 0.007ms
[14.520s][info][gc,phases] GC(357) y: Concurrent Mark 13.767ms
[14.520s][info][gc,phases] GC(357) y: Pause Mark End 0.009ms
[14.520s][info][gc,phases] GC(357) y: Concurrent Mark Free 0.001ms
[14.520s][info][gc,phases] GC(357) y: Concurrent Reset Relocation Set 0.011ms
[14.522s][info][gc,phases] GC(357) y: Concurrent Select Relocation Set 2.145ms
[14.523s][info][gc,phases] GC(357) y: Pause Relocate Start 0.006ms
[14.528s][info][gc,phases] GC(357) y: Concurrent Relocate 5.129ms
[14.528s][info][gc,phases] GC(357) y: Young Generation 1492M(73%)->1138M(56%) 0.022s
[14.528s][info][gc       ] GC(357) Minor Collection (Allocation Rate) 1492M(73%)->1140M(56%) 0.023s
[14.559s][info][gc       ] GC(358) Minor Collection (Allocation Rate)
[14.560s][info][gc,phases] GC(358) y: Young Generation
[14.560s][info][gc,phases] GC(358) y: Pause Mark Start 0.007ms
[14.573s][info][gc,phases] GC(358) y: Concurrent Mark 13.182ms
[14.573s][info][gc,phases] GC(358) y: Pause Mark End 0.009ms
[14.574s][info][gc,phases] GC(358) y: Concurrent Mark Free 0.001ms
[14.574s][info][gc,phases] GC(358) y: Concurrent Reset Relocation Set 0.015ms
[14.576s][info][gc,phases] GC(358) y: Concurrent Select Relocation Set 1.976ms
[14.576s][info][gc,phases] GC(358) y: Pause Relocate Start 0.006ms
[14.581s][info][gc,phases] GC(358) y: Concurrent Relocate 4.596ms
[14.581s][info][gc,phases] GC(358) y: Young Generation 1454M(71%)->1136M(55%) 0.021s
[14.581s][info][gc       ] GC(358) Minor Collection (Allocation Rate) 1454M(71%)->1138M(56%) 0.021s
[14.618s][info][gc       ] GC(359) Minor Collection (Allocation Rate)
[14.618s][info][gc,phases] GC(359) y: Young Generation
[14.619s][info][gc,phases] GC(359) y: Pause Mark Start 0.007ms
[14.632s][info][gc,phases] GC(359) y: Concurrent Mark 13.082ms
[14.632s][info][gc,phases] GC(359) y: Pause Mark End 0.009ms
[14.632s][info][gc,phases] GC(359) y: Concurrent Mark Free 0.000ms
[14.632s][info][gc,phases] GC(359) y: Concurrent Reset Relocation Set 0.012ms
[14.634s][info][gc,phases] GC(359) y: Concurrent Select Relocation Set 2.003ms
[14.635s][info][gc,phases] GC(359) y: Pause Relocate Start 0.006ms
[14.640s][info][gc,phases] GC(359) y: Concurrent Relocate 5.084ms
[14.640s][info][gc,phases] GC(359) y: Young Generation 1510M(74%)->1148M(56%) 0.022s
[14.640s][info][gc       ] GC(359) Minor Collection (Allocation Rate) 1510M(74%)->1150M(56%) 0.022s
[14.677s][info][gc       ] GC(360) Minor Collection (Allocation Rate)
[14.677s][info][gc,phases] GC(360) y: Young Generation
[14.678s][info][gc,phases] GC(360) y: Pause Mark Start 0.007ms
[14.691s][info][gc,phases] GC(360) y: Concurrent Mark 13.210ms
[14.691s][info][gc,phases] GC(360) y: Pause Mark End 0.010ms
[14.691s][info][gc,phases] GC(360) y: Concurrent Mark Free 0.001ms
[14.691s][info][gc,phases] GC(360) y: Concurrent Reset Relocation Set 0.014ms
[14.693s][info][gc,phases] GC(360) y: Concurrent Select Relocation Set 2.007ms
[14.694s][info][gc,phases] GC(360) y: Pause Relocate Start 0.006ms
[14.699s][info][gc,phases] GC(360) y: Concurrent Relocate 5.138ms
[14.699s][info][gc,phases] GC(360) y: Young Generation 1522M(74%)->1162M(57%) 0.022s
[14.699s][info][gc       ] GC(360) Minor Collection (Allocation Rate) 1522M(74%)->1162M(57%) 0.022s
[14.737s][info][gc       ] GC(361) Minor Collection (Allocation Rate)
[14.738s][info][gc,phases] GC(361) y: Young Generation
[14.738s][info][gc,phases] GC(361) y: Pause Mark Start 0.007ms
[14.751s][info][gc,phases] GC(361) y: Concurrent Mark 13.225ms
[14.752s][info][gc,phases] GC(361) y: Pause Mark End 0.009ms
[14.752s][info][gc,phases] GC(361) y: Concurrent Mark Free 0.000ms
[14.752s][info][gc,phases] GC(361) y: Concurrent Reset Relocation Set 0.013ms
[14.754s][info][gc,phases] GC(361) y: Concurrent Select Relocation Set 1.980ms
[14.754s][info][gc,phases] GC(361) y: Pause Relocate Start 0.006ms
[14.759s][info][gc,phases] GC(361) y: Concurrent Relocate 5.080ms
[14.759s][info][gc,phases] GC(361) y: Young Generation 1546M(75%)->1214M(59%) 0.022s
[14.759s][info][gc       ] GC(361) Minor Collection (Allocation Rate) 1546M(75%)->1216M(59%) 0.022s
[14.788s][info][gc       ] GC(362) Minor Collection (Allocation Rate)
[14.788s][info][gc,phases] GC(362) y: Young Generation
[14.788s][info][gc,phases] GC(362) y: Pause Mark Start 0.008ms
[14.801s][info][gc,phases] GC(362) y: Concurrent Mark 13.202ms
[14.802s][info][gc,phases] GC(362) y: Pause Mark End 0.009ms
[14.802s][info][gc,phases] GC(362) y: Concurrent Mark Free 0.001ms
[14.802s][info][gc,phases] GC(362) y: Concurrent Reset Relocation Set 0.014ms
[14.804s][info][gc,phases] GC(362) y: Concurrent Select Relocation Set 1.984ms
[14.804s][info][gc,phases] GC(362) y: Pause Relocate Start 0.007ms
[14.809s][info][gc,phases] GC(362) y: Concurrent Relocate 4.794ms
[14.809s][info][gc,phases] GC(362) y: Young Generation 1528M(75%)->1176M(57%) 0.022s
[14.809s][info][gc       ] GC(362) Minor Collection (Allocation Rate) 1526M(75%)->1178M(58%) 0.022s
[14.843s][info][gc       ] GC(363) Minor Collection (Allocation Rate)
[14.844s][info][gc,phases] GC(363) y: Young Generation
[14.844s][info][gc,phases] GC(363) y: Pause Mark Start 0.010ms
[14.856s][info][gc,phases] GC(363) y: Concurrent Mark 12.009ms
[14.856s][info][gc,phases] GC(363) y: Pause Mark End 0.011ms
[14.856s][info][gc,phases] GC(363) y: Concurrent Mark Free 0.001ms
[14.856s][info][gc,phases] GC(363) y: Concurrent Reset Relocation Set 0.012ms
[14.859s][info][gc,phases] GC(363) y: Concurrent Select Relocation Set 2.179ms
[14.859s][info][gc,phases] GC(363) y: Pause Relocate Start 0.007ms
[14.864s][info][gc,phases] GC(363) y: Concurrent Relocate 4.920ms
[14.864s][info][gc,phases] GC(363) y: Young Generation 1520M(74%)->1294M(63%) 0.021s
[14.864s][info][gc       ] GC(363) Minor Collection (Allocation Rate) 1518M(74%)->1298M(63%) 0.021s
[14.876s][info][gc       ] GC(364) Minor Collection (Allocation Rate)
[14.876s][info][gc,phases] GC(364) y: Young Generation
[14.877s][info][gc,phases] GC(364) y: Pause Mark Start 0.007ms
[14.889s][info][gc,phases] GC(364) y: Concurrent Mark 11.799ms
[14.889s][info][gc,phases] GC(364) y: Pause Mark End 0.009ms
[14.889s][info][gc,phases] GC(364) y: Concurrent Mark Free 0.001ms
[14.889s][info][gc,phases] GC(364) y: Concurrent Reset Relocation Set 0.016ms
[14.891s][info][gc,phases] GC(364) y: Concurrent Select Relocation Set 1.671ms
[14.891s][info][gc,phases] GC(364) y: Pause Relocate Start 0.005ms
[14.895s][info][gc,phases] GC(364) y: Concurrent Relocate 3.939ms
[14.895s][info][gc,phases] GC(364) y: Young Generation 1452M(71%)->1170M(57%) 0.019s
[14.895s][info][gc       ] GC(364) Minor Collection (Allocation Rate) 1450M(71%)->1174M(57%) 0.019s
[14.921s][info][gc       ] GC(365) Minor Collection (Allocation Rate)
[14.921s][info][gc,phases] GC(365) y: Young Generation
[14.921s][info][gc,phases] GC(365) y: Pause Mark Start 0.007ms
[14.933s][info][gc,phases] GC(365) y: Concurrent Mark 11.654ms
[14.933s][info][gc,phases] GC(365) y: Pause Mark End 0.009ms
[14.933s][info][gc,phases] GC(365) y: Concurrent Mark Free 0.000ms
[14.933s][info][gc,phases] GC(365) y: Concurrent Reset Relocation Set 0.007ms
[14.935s][info][gc,phases] GC(365) y: Concurrent Select Relocation Set 1.958ms
[14.936s][info][gc,phases] GC(365) y: Pause Relocate Start 0.009ms
[14.940s][info][gc,phases] GC(365) y: Concurrent Relocate 3.739ms
[14.940s][info][gc,phases] GC(365) y: Young Generation 1426M(70%)->1202M(59%) 0.019s
[14.940s][info][gc       ] GC(365) Minor Collection (Allocation Rate) 1426M(70%)->1206M(59%) 0.019s
[14.956s][info][gc       ] GC(366) Minor Collection (Allocation Rate)
[14.956s][info][gc,phases] GC(366) y: Young Generation
[14.956s][info][gc,phases] GC(366) y: Pause Mark Start 0.009ms
[14.968s][info][gc,phases] GC(366) y: Concurrent Mark 12.114ms
[14.968s][info][gc,phases] GC(366) y: Pause Mark End 0.010ms
[14.969s][info][gc,phases] GC(366) y: Concurrent Mark Free 0.001ms
[14.969s][info][gc,phases] GC(366) y: Concurrent Reset Relocation Set 0.010ms
[14.971s][info][gc,phases] GC(366) y: Concurrent Select Relocation Set 1.958ms
[14.971s][info][gc,phases] GC(366) y: Pause Relocate Start 0.007ms
[14.975s][info][gc,phases] GC(366) y: Concurrent Relocate 4.178ms
[14.975s][info][gc,phases] GC(366) y: Young Generation 1468M(72%)->1194M(58%) 0.020s
[14.975s][info][gc       ] GC(366) Minor Collection (Allocation Rate) 1466M(72%)->1198M(58%) 0.020s
[14.999s][info][gc       ] GC(367) Minor Collection (Allocation Rate)
[14.999s][info][gc,phases] GC(367) y: Young Generation
[14.999s][info][gc,phases] GC(367) y: Pause Mark Start 0.006ms
[15.011s][info][gc,phases] GC(367) y: Concurrent Mark 11.991ms
[15.012s][info][gc,phases] GC(367) y: Pause Mark End 0.010ms
[15.012s][info][gc,phases] GC(367) y: Concurrent Mark Free 0.001ms
[15.012s][info][gc,phases] GC(367) y: Concurrent Reset Relocation Set 0.015ms
[15.014s][info][gc,phases] GC(367) y: Concurrent Select Relocation Set 1.947ms
[15.014s][info][gc,phases] GC(367) y: Pause Relocate Start 0.008ms
[15.018s][info][gc,phases] GC(367) y: Concurrent Relocate 3.948ms
[15.018s][info][gc,phases] GC(367) y: Young Generation 1476M(72%)->1228M(60%) 0.019s
[15.018s][info][gc       ] GC(367) Minor Collection (Allocation Rate) 1474M(72%)->1232M(60%) 0.020s
[15.040s][info][gc       ] GC(368) Minor Collection (Allocation Rate)
[15.040s][info][gc,phases] GC(368) y: Young Generation
[15.040s][info][gc,phases] GC(368) y: Pause Mark Start 0.007ms
[15.052s][info][gc,phases] GC(368) y: Concurrent Mark 11.866ms
[15.053s][info][gc,phases] GC(368) y: Pause Mark End 0.009ms
[15.053s][info][gc,phases] GC(368) y: Concurrent Mark Free 0.001ms
[15.053s][info][gc,phases] GC(368) y: Concurrent Reset Relocation Set 0.011ms
[15.055s][info][gc,phases] GC(368) y: Concurrent Select Relocation Set 1.681ms
[15.055s][info][gc,phases] GC(368) y: Pause Relocate Start 0.006ms
[15.059s][info][gc,phases] GC(368) y: Concurrent Relocate 4.285ms
[15.059s][info][gc,phases] GC(368) y: Young Generation 1482M(72%)->1218M(59%) 0.019s
[15.059s][info][gc       ] GC(368) Minor Collection (Allocation Rate) 1482M(72%)->1218M(59%) 0.019s
[15.090s][info][gc       ] GC(369) Minor Collection (Allocation Rate)
[15.090s][info][gc,phases] GC(369) y: Young Generation
[15.090s][info][gc,phases] GC(369) y: Pause Mark Start 0.007ms
[15.103s][info][gc,phases] GC(369) y: Concurrent Mark 12.061ms
[15.103s][info][gc,phases] GC(369) y: Pause Mark End 0.010ms
[15.103s][info][gc,phases] GC(369) y: Concurrent Mark Free 0.001ms
[15.103s][info][gc,phases] GC(369) y: Concurrent Reset Relocation Set 0.010ms
[15.105s][info][gc,phases] GC(369) y: Concurrent Select Relocation Set 1.938ms
[15.105s][info][gc,phases] GC(369) y: Pause Relocate Start 0.005ms
[15.110s][info][gc,phases] GC(369) y: Concurrent Relocate 4.540ms
[15.110s][info][gc,phases] GC(369) y: Young Generation 1524M(74%)->1224M(60%) 0.020s
[15.110s][info][gc       ] GC(369) Minor Collection (Allocation Rate) 1524M(74%)->1228M(60%) 0.020s
[15.136s][info][gc       ] GC(370) Minor Collection (Allocation Rate)
[15.136s][info][gc,phases] GC(370) y: Young Generation
[15.136s][info][gc,phases] GC(370) y: Pause Mark Start 0.006ms
[15.148s][info][gc,phases] GC(370) y: Concurrent Mark 12.071ms
[15.149s][info][gc,phases] GC(370) y: Pause Mark End 0.010ms
[15.149s][info][gc,phases] GC(370) y: Concurrent Mark Free 0.000ms
[15.149s][info][gc,phases] GC(370) y: Concurrent Reset Relocation Set 0.011ms
[15.151s][info][gc,phases] GC(370) y: Concurrent Select Relocation Set 1.859ms
[15.151s][info][gc,phases] GC(370) y: Pause Relocate Start 0.006ms
[15.155s][info][gc,phases] GC(370) y: Concurrent Relocate 3.921ms
[15.155s][info][gc,phases] GC(370) y: Young Generation 1484M(72%)->1220M(60%) 0.019s
[15.155s][info][gc       ] GC(370) Minor Collection (Allocation Rate) 1484M(72%)->1224M(60%) 0.020s
[15.182s][info][gc       ] GC(371) Minor Collection (Allocation Rate)
[15.182s][info][gc,phases] GC(371) y: Young Generation
[15.182s][info][gc,phases] GC(371) y: Pause Mark Start 0.007ms
[15.193s][info][gc,phases] GC(371) y: Concurrent Mark 10.769ms
[15.193s][info][gc,phases] GC(371) y: Pause Mark End 0.015ms
[15.194s][info][gc,phases] GC(371) y: Concurrent Mark Free 0.001ms
[15.194s][info][gc,phases] GC(371) y: Concurrent Reset Relocation Set 0.009ms
[15.196s][info][gc,phases] GC(371) y: Concurrent Select Relocation Set 2.101ms
[15.196s][info][gc,phases] GC(371) y: Pause Relocate Start 0.006ms
[15.200s][info][gc,phases] GC(371) y: Concurrent Relocate 4.146ms
[15.200s][info][gc,phases] GC(371) y: Young Generation 1490M(73%)->1292M(63%) 0.018s
[15.201s][info][gc       ] GC(371) Minor Collection (Allocation Rate) 1488M(73%)->1296M(63%) 0.019s
[15.224s][info][gc       ] GC(372) Major Collection (Allocation Rate)
[15.224s][info][gc,phases] GC(372) Y: Young Generation
[15.225s][info][gc,phases] GC(372) Y: Pause Mark Start (Major) 0.008ms
[15.233s][info][gc,phases] GC(372) Y: Concurrent Mark 8.599ms
[15.234s][info][gc,phases] GC(372) Y: Pause Mark End 0.009ms
[15.234s][info][gc,phases] GC(372) Y: Concurrent Mark Free 0.001ms
[15.234s][info][gc,phases] GC(372) Y: Concurrent Reset Relocation Set 0.014ms
[15.236s][info][gc,phases] GC(372) Y: Concurrent Select Relocation Set 1.733ms
[15.236s][info][gc,phases] GC(372) Y: Pause Relocate Start 0.005ms
[15.240s][info][gc,phases] GC(372) Y: Concurrent Relocate 4.043ms
[15.240s][info][gc,phases] GC(372) Y: Young Generation 1532M(75%)->1238M(60%) 0.016s
[15.240s][info][gc,phases] GC(372) O: Old Generation
[15.257s][info][gc       ] GC(373) Minor Collection (Allocation Rate)
[15.257s][info][gc,phases] GC(373) y: Young Generation
[15.258s][info][gc,phases] GC(373) y: Pause Mark Start 0.010ms
[15.267s][info][gc,phases] GC(373) y: Concurrent Mark 8.871ms
[15.267s][info][gc,phases] GC(373) y: Pause Mark End 0.009ms
[15.267s][info][gc,phases] GC(373) y: Concurrent Mark Free 0.000ms
[15.267s][info][gc,phases] GC(373) y: Concurrent Reset Relocation Set 0.007ms
[15.269s][info][gc,phases] GC(373) y: Concurrent Select Relocation Set 1.541ms
[15.269s][info][gc,phases] GC(373) y: Pause Relocate Start 0.005ms
[15.273s][info][gc,phases] GC(373) y: Concurrent Relocate 3.846ms
[15.273s][info][gc,phases] GC(373) y: Young Generation 1524M(74%)->1218M(59%) 0.016s
[15.273s][info][gc       ] GC(373) Minor Collection (Allocation Rate) 1524M(74%)->1220M(60%) 0.016s
[15.303s][info][gc       ] GC(374) Minor Collection (Allocation Rate)
[15.303s][info][gc,phases] GC(374) y: Young Generation
[15.303s][info][gc,phases] GC(374) y: Pause Mark Start 0.007ms
[15.313s][info][gc,phases] GC(374) y: Concurrent Mark 9.403ms
[15.313s][info][gc,phases] GC(374) y: Pause Mark End 0.009ms
[15.313s][info][gc,phases] GC(374) y: Concurrent Mark Free 0.000ms
[15.313s][info][gc,phases] GC(374) y: Concurrent Reset Relocation Set 0.007ms
[15.315s][info][gc,phases] GC(374) y: Concurrent Select Relocation Set 1.722ms
[15.315s][info][gc,phases] GC(374) y: Pause Relocate Start 0.011ms
[15.319s][info][gc,phases] GC(374) y: Concurrent Relocate 3.759ms
[15.319s][info][gc,phases] GC(374) y: Young Generation 1512M(74%)->1236M(60%) 0.016s
[15.319s][info][gc       ] GC(374) Minor Collection (Allocation Rate) 1512M(74%)->1238M(60%) 0.016s
[15.346s][info][gc       ] GC(375) Minor Collection (Allocation Rate)
[15.347s][info][gc,phases] GC(375) y: Young Generation
[15.347s][info][gc,phases] GC(375) y: Pause Mark Start 0.009ms
[15.356s][info][gc,phases] GC(375) y: Concurrent Mark 9.624ms
[15.357s][info][gc,phases] GC(375) y: Pause Mark End 0.010ms
[15.357s][info][gc,phases] GC(375) y: Concurrent Mark Free 0.001ms
[15.357s][info][gc,phases] GC(375) y: Concurrent Reset Relocation Set 0.010ms
[15.359s][info][gc,phases] GC(375) y: Concurrent Select Relocation Set 1.931ms
[15.359s][info][gc,phases] GC(375) y: Pause Relocate Start 0.006ms
[15.363s][info][gc,phases] GC(375) y: Concurrent Relocate 4.101ms
[15.364s][info][gc,phases] GC(375) y: Young Generation 1542M(75%)->1256M(61%) 0.017s
[15.364s][info][gc       ] GC(375) Minor Collection (Allocation Rate) 1542M(75%)->1256M(61%) 0.017s
[15.395s][info][gc       ] GC(376) Minor Collection (Allocation Rate)
[15.396s][info][gc,phases] GC(376) y: Young Generation
[15.396s][info][gc,phases] GC(376) y: Pause Mark Start 0.007ms
[15.405s][info][gc,phases] GC(376) y: Concurrent Mark 9.263ms
[15.405s][info][gc,phases] GC(376) y: Pause Mark End 0.011ms
[15.406s][info][gc,phases] GC(376) y: Concurrent Mark Free 0.000ms
[15.406s][info][gc,phases] GC(376) y: Concurrent Reset Relocation Set 0.014ms
[15.407s][info][gc,phases] GC(376) y: Concurrent Select Relocation Set 1.550ms
[15.407s][info][gc,phases] GC(376) y: Pause Relocate Start 0.006ms
[15.412s][info][gc,phases] GC(376) y: Concurrent Relocate 3.912ms
[15.412s][info][gc,phases] GC(376) y: Young Generation 1570M(77%)->1254M(61%) 0.016s
[15.412s][info][gc       ] GC(376) Minor Collection (Allocation Rate) 1570M(77%)->1256M(61%) 0.016s
[15.426s][info][gc,phases] GC(372) O: Concurrent Mark 185.707ms
[15.426s][info][gc,phases] GC(372) O: Pause Mark End 0.010ms
[15.426s][info][gc,phases] GC(372) O: Concurrent Mark Free 0.001ms
[15.430s][info][gc,phases] GC(372) O: Concurrent Process Non-Strong 3.597ms
[15.430s][info][gc,phases] GC(372) O: Concurrent Reset Relocation Set 0.015ms
[15.432s][info][gc,phases] GC(372) O: Concurrent Select Relocation Set 1.765ms
[15.453s][info][gc,phases] GC(372) O: Concurrent Remap Roots 20.869ms
[15.453s][info][gc,phases] GC(372) O: Pause Relocate Start 0.011ms
[15.453s][info][gc       ] GC(377) Minor Collection (Allocation Rate)
[15.453s][info][gc,phases] GC(377) y: Young Generation
[15.454s][info][gc,phases] GC(377) y: Pause Mark Start 0.004ms
[15.469s][info][gc,phases] GC(377) y: Concurrent Mark 14.862ms
[15.469s][info][gc,phases] GC(377) y: Pause Mark End 0.009ms
[15.469s][info][gc,phases] GC(377) y: Concurrent Mark Free 0.000ms
[15.469s][info][gc,phases] GC(377) y: Concurrent Reset Relocation Set 0.008ms
[15.471s][info][gc,phases] GC(377) y: Concurrent Select Relocation Set 2.212ms
[15.472s][info][gc,phases] GC(377) y: Pause Relocate Start 0.007ms
[15.478s][info][gc,phases] GC(377) y: Concurrent Relocate 5.765ms
[15.478s][info][gc,phases] GC(377) y: Young Generation 1642M(80%)->1324M(65%) 0.024s
[15.478s][info][gc       ] GC(377) Minor Collection (Allocation Rate) 1654M(81%)->1326M(65%) 0.025s
[15.478s][info][gc       ] GC(378) Minor Collection (Allocation Rate)
[15.478s][info][gc,phases] GC(378) y: Young Generation
[15.478s][info][gc,phases] GC(378) y: Pause Mark Start 0.007ms
[15.490s][info][gc,phases] GC(378) y: Concurrent Mark 11.401ms
[15.490s][info][gc,phases] GC(378) y: Pause Mark End 0.009ms
[15.490s][info][gc,phases] GC(378) y: Concurrent Mark Free 0.000ms
[15.490s][info][gc,phases] GC(378) y: Concurrent Reset Relocation Set 0.015ms
[15.492s][info][gc,phases] GC(378) y: Concurrent Select Relocation Set 1.548ms
[15.492s][info][gc,phases] GC(378) y: Pause Relocate Start 0.006ms
[15.496s][info][gc,phases] GC(378) y: Concurrent Relocate 3.153ms
[15.496s][info][gc,phases] GC(378) y: Young Generation 1330M(65%)->1064M(52%) 0.018s
[15.496s][info][gc       ] GC(378) Minor Collection (Allocation Rate) 1326M(65%)->1066M(52%) 0.018s
[15.500s][info][gc,phases] GC(372) O: Concurrent Relocate 46.800ms
[15.500s][info][gc,phases] GC(372) O: Old Generation 1242M(61%)->1092M(53%) 0.260s
[15.500s][info][gc       ] GC(372) Major Collection (Allocation Rate) 1530M(75%)->1094M(53%) 0.276s
[15.526s][info][gc       ] GC(379) Minor Collection (Allocation Rate)
[15.526s][info][gc,phases] GC(379) y: Young Generation
[15.526s][info][gc,phases] GC(379) y: Pause Mark Start 0.006ms
[15.538s][info][gc,phases] GC(379) y: Concurrent Mark 11.441ms
[15.538s][info][gc,phases] GC(379) y: Pause Mark End 0.011ms
[15.538s][info][gc,phases] GC(379) y: Concurrent Mark Free 0.001ms
[15.538s][info][gc,phases] GC(379) y: Concurrent Reset Relocation Set 0.006ms
[15.540s][info][gc,phases] GC(379) y: Concurrent Select Relocation Set 1.877ms
[15.541s][info][gc,phases] GC(379) y: Pause Relocate Start 0.005ms
[15.545s][info][gc,phases] GC(379) y: Concurrent Relocate 4.067ms
[15.545s][info][gc,phases] GC(379) y: Young Generation 1350M(66%)->1070M(52%) 0.019s
[15.545s][info][gc       ] GC(379) Minor Collection (Allocation Rate) 1348M(66%)->1072M(52%) 0.019s
[15.586s][info][gc       ] GC(380) Minor Collection (Allocation Rate)
[15.586s][info][gc,phases] GC(380) y: Young Generation
[15.586s][info][gc,phases] GC(380) y: Pause Mark Start 0.007ms
[15.599s][info][gc,phases] GC(380) y: Concurrent Mark 12.580ms
[15.599s][info][gc,phases] GC(380) y: Pause Mark End 0.013ms
[15.599s][info][gc,phases] GC(380) y: Concurrent Mark Free 0.001ms
[15.599s][info][gc,phases] GC(380) y: Concurrent Reset Relocation Set 0.012ms
[15.601s][info][gc,phases] GC(380) y: Concurrent Select Relocation Set 1.990ms
[15.602s][info][gc,phases] GC(380) y: Pause Relocate Start 0.007ms
[15.607s][info][gc,phases] GC(380) y: Concurrent Relocate 5.075ms
[15.607s][info][gc,phases] GC(380) y: Young Generation 1476M(72%)->1106M(54%) 0.021s
[15.607s][info][gc       ] GC(380) Minor Collection (Allocation Rate) 1474M(72%)->1108M(54%) 0.021s
[15.641s][info][gc       ] GC(381) Minor Collection (Allocation Rate)
[15.642s][info][gc,phases] GC(381) y: Young Generation
[15.642s][info][gc,phases] GC(381) y: Pause Mark Start 0.007ms
[15.654s][info][gc,phases] GC(381) y: Concurrent Mark 12.149ms
[15.654s][info][gc,phases] GC(381) y: Pause Mark End 0.009ms
[15.654s][info][gc,phases] GC(381) y: Concurrent Mark Free 0.001ms
[15.655s][info][gc,phases] GC(381) y: Concurrent Reset Relocation Set 0.014ms
[15.656s][info][gc,phases] GC(381) y: Concurrent Select Relocation Set 1.757ms
[15.657s][info][gc,phases] GC(381) y: Pause Relocate Start 0.007ms
[15.661s][info][gc,phases] GC(381) y: Concurrent Relocate 4.519ms
[15.661s][info][gc,phases] GC(381) y: Young Generation 1452M(71%)->1106M(54%) 0.020s
[15.662s][info][gc       ] GC(381) Minor Collection (Allocation Rate) 1452M(71%)->1108M(54%) 0.020s
[15.702s][info][gc       ] GC(382) Minor Collection (Allocation Rate)
[15.702s][info][gc,phases] GC(382) y: Young Generation
[15.702s][info][gc,phases] GC(382) y: Pause Mark Start 0.007ms
[15.716s][info][gc,phases] GC(382) y: Concurrent Mark 13.271ms
[15.716s][info][gc,phases] GC(382) y: Pause Mark End 0.009ms
[15.716s][info][gc,phases] GC(382) y: Concurrent Mark Free 0.000ms
[15.716s][info][gc,phases] GC(382) y: Concurrent Reset Relocation Set 0.010ms
[15.718s][info][gc,phases] GC(382) y: Concurrent Select Relocation Set 2.073ms
[15.718s][info][gc,phases] GC(382) y: Pause Relocate Start 0.007ms
[15.724s][info][gc,phases] GC(382) y: Concurrent Relocate 5.279ms
[15.724s][info][gc,phases] GC(382) y: Young Generation 1510M(74%)->1136M(55%) 0.022s
[15.724s][info][gc       ] GC(382) Minor Collection (Allocation Rate) 1510M(74%)->1138M(56%) 0.022s
[15.758s][info][gc       ] GC(383) Minor Collection (Allocation Rate)
[15.758s][info][gc,phases] GC(383) y: Young Generation
[15.758s][info][gc,phases] GC(383) y: Pause Mark Start 0.008ms
[15.771s][info][gc,phases] GC(383) y: Concurrent Mark 13.202ms
[15.772s][info][gc,phases] GC(383) y: Pause Mark End 0.015ms
[15.772s][info][gc,phases] GC(383) y: Concurrent Mark Free 0.000ms
[15.772s][info][gc,phases] GC(383) y: Concurrent Reset Relocation Set 0.015ms
[15.774s][info][gc,phases] GC(383) y: Concurrent Select Relocation Set 1.723ms
[15.774s][info][gc,phases] GC(383) y: Pause Relocate Start 0.008ms
[15.779s][info][gc,phases] GC(383) y: Concurrent Relocate 4.914ms
[15.779s][info][gc,phases] GC(383) y: Young Generation 1474M(72%)->1152M(56%) 0.021s
[15.779s][info][gc       ] GC(383) Minor Collection (Allocation Rate) 1474M(72%)->1156M(56%) 0.021s
[15.817s][info][gc       ] GC(384) Minor Collection (Allocation Rate)
[15.817s][info][gc,phases] GC(384) y: Young Generation
[15.818s][info][gc,phases] GC(384) y: Pause Mark Start 0.006ms
[15.831s][info][gc,phases] GC(384) y: Concurrent Mark 13.171ms
[15.831s][info][gc,phases] GC(384) y: Pause Mark End 0.009ms
[15.831s][info][gc,phases] GC(384) y: Concurrent Mark Free 0.001ms
[15.832s][info][gc,phases] GC(384) y: Concurrent Reset Relocation Set 0.011ms
[15.834s][info][gc,phases] GC(384) y: Concurrent Select Relocation Set 2.003ms
[15.834s][info][gc,phases] GC(384) y: Pause Relocate Start 0.006ms
[15.839s][info][gc,phases] GC(384) y: Concurrent Relocate 5.235ms
[15.839s][info][gc,phases] GC(384) y: Young Generation 1532M(75%)->1156M(56%) 0.022s
[15.839s][info][gc       ] GC(384) Minor Collection (Allocation Rate) 1532M(75%)->1160M(57%) 0.022s
[15.878s][info][gc       ] GC(385) Minor Collection (Allocation Rate)
[15.878s][info][gc,phases] GC(385) y: Young Generation
[15.878s][info][gc,phases] GC(385) y: Pause Mark Start 0.007ms
[15.892s][info][gc,phases] GC(385) y: Concurrent Mark 13.327ms
[15.892s][info][gc,phases] GC(385) y: Pause Mark End 0.009ms
[15.892s][info][gc,phases] GC(385) y: Concurrent Mark Free 0.000ms
[15.892s][info][gc,phases] GC(385) y: Concurrent Reset Relocation Set 0.013ms
[15.894s][info][gc,phases] GC(385) y: Concurrent Select Relocation Set 2.033ms
[15.894s][info][gc,phases] GC(385) y: Pause Relocate Start 0.010ms
[15.900s][info][gc,phases] GC(385) y: Concurrent Relocate 5.137ms
[15.900s][info][gc,phases] GC(385) y: Young Generation 1540M(75%)->1164M(57%) 0.022s
[15.900s][info][gc       ] GC(385) Minor Collection (Allocation Rate) 1540M(75%)->1166M(57%) 0.022s
[15.938s][info][gc       ] GC(386) Minor Collection (Allocation Rate)
[15.939s][info][gc,phases] GC(386) y: Young Generation
[15.939s][info][gc,phases] GC(386) y: Pause Mark Start 0.011ms
[15.952s][info][gc,phases] GC(386) y: Concurrent Mark 13.186ms
[15.952s][info][gc,phases] GC(386) y: Pause Mark End 0.010ms
[15.953s][info][gc,phases] GC(386) y: Concurrent Mark Free 0.001ms
[15.953s][info][gc,phases] GC(386) y: Concurrent Reset Relocation Set 0.013ms
[15.955s][info][gc,phases] GC(386) y: Concurrent Select Relocation Set 1.961ms
[15.955s][info][gc,phases] GC(386) y: Pause Relocate Start 0.006ms
[15.960s][info][gc,phases] GC(386) y: Concurrent Relocate 5.100ms
[15.960s][info][gc,phases] GC(386) y: Young Generation 1550M(76%)->1170M(57%) 0.022s
[15.960s][info][gc       ] GC(386) Minor Collection (Allocation Rate) 1548M(76%)->1174M(57%) 0.022s
[15.998s][info][gc       ] GC(387) Minor Collection (Allocation Rate)
[15.998s][info][gc,phases] GC(387) y: Young Generation
[15.998s][info][gc,phases] GC(387) y: Pause Mark Start 0.007ms
[16.012s][info][gc,phases] GC(387) y: Concurrent Mark 13.703ms
[16.012s][info][gc,phases] GC(387) y: Pause Mark End 0.009ms
[16.012s][info][gc,phases] GC(387) y: Concurrent Mark Free 0.001ms
[16.013s][info][gc,phases] GC(387) y: Concurrent Reset Relocation Set 0.013ms
[16.015s][info][gc,phases] GC(387) y: Concurrent Select Relocation Set 2.005ms
[16.015s][info][gc,phases] GC(387) y: Pause Relocate Start 0.006ms
[16.020s][info][gc,phases] GC(387) y: Concurrent Relocate 5.146ms
[16.020s][info][gc,phases] GC(387) y: Young Generation 1560M(76%)->1188M(58%) 0.022s
[16.020s][info][gc       ] GC(387) Minor Collection (Allocation Rate) 1560M(76%)->1188M(58%) 0.022s
[16.055s][info][gc       ] GC(388) Minor Collection (Allocation Rate)
[16.056s][info][gc,phases] GC(388) y: Young Generation
[16.056s][info][gc,phases] GC(388) y: Pause Mark Start 0.008ms
[16.069s][info][gc,phases] GC(388) y: Concurrent Mark 13.183ms
[16.069s][info][gc,phases] GC(388) y: Pause Mark End 0.009ms
[16.070s][info][gc,phases] GC(388) y: Concurrent Mark Free 0.001ms
[16.070s][info][gc,phases] GC(388) y: Concurrent Reset Relocation Set 0.012ms
[16.072s][info][gc,phases] GC(388) y: Concurrent Select Relocation Set 1.984ms
[16.072s][info][gc,phases] GC(388) y: Pause Relocate Start 0.006ms
[16.077s][info][gc,phases] GC(388) y: Concurrent Relocate 4.909ms
[16.077s][info][gc,phases] GC(388) y: Young Generation 1540M(75%)->1188M(58%) 0.021s
[16.077s][info][gc       ] GC(388) Minor Collection (Allocation Rate) 1538M(75%)->1190M(58%) 0.022s
[16.113s][info][gc       ] GC(389) Minor Collection (Allocation Rate)
[16.113s][info][gc,phases] GC(389) y: Young Generation
[16.114s][info][gc,phases] GC(389) y: Pause Mark Start 0.007ms
[16.127s][info][gc,phases] GC(389) y: Concurrent Mark 13.119ms
[16.127s][info][gc,phases] GC(389) y: Pause Mark End 0.010ms
[16.127s][info][gc,phases] GC(389) y: Concurrent Mark Free 0.001ms
[16.127s][info][gc,phases] GC(389) y: Concurrent Reset Relocation Set 0.013ms
[16.129s][info][gc,phases] GC(389) y: Concurrent Select Relocation Set 1.872ms
[16.130s][info][gc,phases] GC(389) y: Pause Relocate Start 0.006ms
[16.135s][info][gc,phases] GC(389) y: Concurrent Relocate 4.887ms
[16.135s][info][gc,phases] GC(389) y: Young Generation 1548M(76%)->1198M(58%) 0.021s
[16.135s][info][gc       ] GC(389) Minor Collection (Allocation Rate) 1548M(76%)->1202M(59%) 0.022s
[16.170s][info][gc       ] GC(390) Minor Collection (Allocation Rate)
[16.170s][info][gc,phases] GC(390) y: Young Generation
[16.171s][info][gc,phases] GC(390) y: Pause Mark Start 0.007ms
[16.184s][info][gc,phases] GC(390) y: Concurrent Mark 13.087ms
[16.184s][info][gc,phases] GC(390) y: Pause Mark End 0.009ms
[16.184s][info][gc,phases] GC(390) y: Concurrent Mark Free 0.001ms
[16.184s][info][gc,phases] GC(390) y: Concurrent Reset Relocation Set 0.013ms
[16.186s][info][gc,phases] GC(390) y: Concurrent Select Relocation Set 1.999ms
[16.187s][info][gc,phases] GC(390) y: Pause Relocate Start 0.008ms
[16.192s][info][gc,phases] GC(390) y: Concurrent Relocate 4.989ms
[16.192s][info][gc,phases] GC(390) y: Young Generation 1556M(76%)->1216M(59%) 0.022s
[16.192s][info][gc       ] GC(390) Minor Collection (Allocation Rate) 1554M(76%)->1218M(59%) 0.022s
[16.227s][info][gc       ] GC(391) Minor Collection (Allocation Rate)
[16.227s][info][gc,phases] GC(391) y: Young Generation
[16.228s][info][gc,phases] GC(391) y: Pause Mark Start 0.007ms
[16.241s][info][gc,phases] GC(391) y: Concurrent Mark 13.069ms
[16.241s][info][gc,phases] GC(391) y: Pause Mark End 0.013ms
[16.241s][info][gc,phases] GC(391) y: Concurrent Mark Free 0.001ms
[16.241s][info][gc,phases] GC(391) y: Concurrent Reset Relocation Set 0.011ms
[16.243s][info][gc,phases] GC(391) y: Concurrent Select Relocation Set 1.932ms
[16.244s][info][gc,phases] GC(391) y: Pause Relocate Start 0.008ms
[16.249s][info][gc,phases] GC(391) y: Concurrent Relocate 4.774ms
[16.249s][info][gc,phases] GC(391) y: Young Generation 1570M(77%)->1252M(61%) 0.021s
[16.249s][info][gc       ] GC(391) Minor Collection (Allocation Rate) 1568M(77%)->1256M(61%) 0.022s
[16.275s][info][gc       ] GC(392) Minor Collection (Allocation Rate)
[16.275s][info][gc,phases] GC(392) y: Young Generation
[16.275s][info][gc,phases] GC(392) y: Pause Mark Start 0.006ms
[16.288s][info][gc,phases] GC(392) y: Concurrent Mark 12.881ms
[16.288s][info][gc,phases] GC(392) y: Pause Mark End 0.010ms
[16.288s][info][gc,phases] GC(392) y: Concurrent Mark Free 0.001ms
[16.288s][info][gc,phases] GC(392) y: Concurrent Reset Relocation Set 0.012ms
[16.290s][info][gc,phases] GC(392) y: Concurrent Select Relocation Set 1.893ms
[16.291s][info][gc,phases] GC(392) y: Pause Relocate Start 0.006ms
[16.295s][info][gc,phases] GC(392) y: Concurrent Relocate 4.667ms
[16.296s][info][gc,phases] GC(392) y: Young Generation 1546M(75%)->1224M(60%) 0.021s
[16.296s][info][gc       ] GC(392) Minor Collection (Allocation Rate) 1544M(75%)->1226M(60%) 0.021s
[16.326s][info][gc       ] GC(393) Minor Collection (Allocation Rate)
[16.326s][info][gc,phases] GC(393) y: Young Generation
[16.326s][info][gc,phases] GC(393) y: Pause Mark Start 0.007ms
[16.339s][info][gc,phases] GC(393) y: Concurrent Mark 12.696ms
[16.339s][info][gc,phases] GC(393) y: Pause Mark End 0.010ms
[16.339s][info][gc,phases] GC(393) y: Concurrent Mark Free 0.001ms
[16.339s][info][gc,phases] GC(393) y: Concurrent Reset Relocation Set 0.012ms
[16.341s][info][gc,phases] GC(393) y: Concurrent Select Relocation Set 1.943ms
[16.342s][info][gc,phases] GC(393) y: Pause Relocate Start 0.005ms
[16.346s][info][gc,phases] GC(393) y: Concurrent Relocate 4.387ms
[16.346s][info][gc,phases] GC(393) y: Young Generation 1526M(75%)->1230M(60%) 0.020s
[16.346s][info][gc       ] GC(393) Minor Collection (Allocation Rate) 1526M(75%)->1230M(60%) 0.021s
[16.377s][info][gc       ] GC(394) Minor Collection (Allocation Rate)
[16.377s][info][gc,phases] GC(394) y: Young Generation
[16.377s][info][gc,phases] GC(394) y: Pause Mark Start 0.006ms
[16.390s][info][gc,phases] GC(394) y: Concurrent Mark 12.619ms
[16.390s][info][gc,phases] GC(394) y: Pause Mark End 0.009ms
[16.390s][info][gc,phases] GC(394) y: Concurrent Mark Free 0.001ms
[16.390s][info][gc,phases] GC(394) y: Concurrent Reset Relocation Set 0.011ms
[16.392s][info][gc,phases] GC(394) y: Concurrent Select Relocation Set 1.940ms
[16.393s][info][gc,phases] GC(394) y: Pause Relocate Start 0.006ms
[16.397s][info][gc,phases] GC(394) y: Concurrent Relocate 4.375ms
[16.397s][info][gc,phases] GC(394) y: Young Generation 1534M(75%)->1234M(60%) 0.020s
[16.397s][info][gc       ] GC(394) Minor Collection (Allocation Rate) 1532M(75%)->1238M(60%) 0.021s
[16.429s][info][gc       ] GC(395) Minor Collection (Allocation Rate)
[16.429s][info][gc,phases] GC(395) y: Young Generation
[16.430s][info][gc,phases] GC(395) y: Pause Mark Start 0.007ms
[16.442s][info][gc,phases] GC(395) y: Concurrent Mark 12.178ms
[16.442s][info][gc,phases] GC(395) y: Pause Mark End 0.009ms
[16.442s][info][gc,phases] GC(395) y: Concurrent Mark Free 0.000ms
[16.442s][info][gc,phases] GC(395) y: Concurrent Reset Relocation Set 0.012ms
[16.444s][info][gc,phases] GC(395) y: Concurrent Select Relocation Set 1.979ms
[16.445s][info][gc,phases] GC(395) y: Pause Relocate Start 0.006ms
[16.449s][info][gc,phases] GC(395) y: Concurrent Relocate 4.411ms
[16.449s][info][gc,phases] GC(395) y: Young Generation 1556M(76%)->1256M(61%) 0.020s
[16.449s][info][gc       ] GC(395) Minor Collection (Allocation Rate) 1556M(76%)->1258M(61%) 0.020s
[16.480s][info][gc       ] GC(396) Minor Collection (Allocation Rate)
[16.481s][info][gc,phases] GC(396) y: Young Generation
[16.481s][info][gc,phases] GC(396) y: Pause Mark Start 0.007ms
[16.493s][info][gc,phases] GC(396) y: Concurrent Mark 12.419ms
[16.494s][info][gc,phases] GC(396) y: Pause Mark End 0.010ms
[16.494s][info][gc,phases] GC(396) y: Concurrent Mark Free 0.001ms
[16.494s][info][gc,phases] GC(396) y: Concurrent Reset Relocation Set 0.011ms
[16.496s][info][gc,phases] GC(396) y: Concurrent Select Relocation Set 1.935ms
[16.496s][info][gc,phases] GC(396) y: Pause Relocate Start 0.006ms
[16.501s][info][gc,phases] GC(396) y: Concurrent Relocate 4.485ms
[16.501s][info][gc,phases] GC(396) y: Young Generation 1568M(77%)->1250M(61%) 0.020s
[16.501s][info][gc       ] GC(396) Minor Collection (Allocation Rate) 1566M(76%)->1254M(61%) 0.021s
[16.533s][info][gc       ] GC(397) Minor Collection (Allocation Rate)
[16.534s][info][gc,phases] GC(397) y: Young Generation
[16.534s][info][gc,phases] GC(397) y: Pause Mark Start 0.007ms
[16.546s][info][gc,phases] GC(397) y: Concurrent Mark 12.494ms
[16.547s][info][gc,phases] GC(397) y: Pause Mark End 0.010ms
[16.547s][info][gc,phases] GC(397) y: Concurrent Mark Free 0.001ms
[16.547s][info][gc,phases] GC(397) y: Concurrent Reset Relocation Set 0.012ms
[16.549s][info][gc,phases] GC(397) y: Concurrent Select Relocation Set 1.899ms
[16.549s][info][gc,phases] GC(397) y: Pause Relocate Start 0.007ms
[16.554s][info][gc,phases] GC(397) y: Concurrent Relocate 4.498ms
[16.554s][info][gc,phases] GC(397) y: Young Generation 1578M(77%)->1266M(62%) 0.020s
[16.554s][info][gc       ] GC(397) Minor Collection (Allocation Rate) 1578M(77%)->1270M(62%) 0.021s
[16.586s][info][gc       ] GC(398) Major Collection (Allocation Rate)
[16.586s][info][gc,phases] GC(398) Y: Young Generation
[16.587s][info][gc,phases] GC(398) Y: Pause Mark Start (Major) 0.008ms
[16.597s][info][gc,phases] GC(398) Y: Concurrent Mark 9.977ms
[16.597s][info][gc,phases] GC(398) Y: Pause Mark End 0.010ms
[16.597s][info][gc,phases] GC(398) Y: Concurrent Mark Free 0.001ms
[16.597s][info][gc,phases] GC(398) Y: Concurrent Reset Relocation Set 0.011ms
[16.599s][info][gc,phases] GC(398) Y: Concurrent Select Relocation Set 1.673ms
[16.599s][info][gc,phases] GC(398) Y: Pause Relocate Start 0.008ms
[16.604s][info][gc,phases] GC(398) Y: Concurrent Relocate 4.280ms
[16.604s][info][gc,phases] GC(398) Y: Young Generation 1586M(77%)->1250M(61%) 0.017s
[16.604s][info][gc,phases] GC(398) O: Old Generation
[16.634s][info][gc       ] GC(399) Minor Collection (Allocation Rate)
[16.634s][info][gc,phases] GC(399) y: Young Generation
[16.635s][info][gc,phases] GC(399) y: Pause Mark Start 0.007ms
[16.645s][info][gc,phases] GC(399) y: Concurrent Mark 10.636ms
[16.646s][info][gc,phases] GC(399) y: Pause Mark End 0.014ms
[16.646s][info][gc,phases] GC(399) y: Concurrent Mark Free 0.000ms
[16.646s][info][gc,phases] GC(399) y: Concurrent Reset Relocation Set 0.008ms
[16.648s][info][gc,phases] GC(399) y: Concurrent Select Relocation Set 1.992ms
[16.648s][info][gc,phases] GC(399) y: Pause Relocate Start 0.007ms
[16.653s][info][gc,phases] GC(399) y: Concurrent Relocate 4.143ms
[16.653s][info][gc,phases] GC(399) y: Young Generation 1550M(76%)->1302M(64%) 0.018s
[16.653s][info][gc       ] GC(399) Minor Collection (Allocation Rate) 1550M(76%)->1302M(64%) 0.019s
[16.682s][info][gc       ] GC(400) Minor Collection (Allocation Rate)
[16.682s][info][gc,phases] GC(400) y: Young Generation
[16.682s][info][gc,phases] GC(400) y: Pause Mark Start 0.010ms
[16.692s][info][gc,phases] GC(400) y: Concurrent Mark 9.479ms
[16.692s][info][gc,phases] GC(400) y: Pause Mark End 0.009ms
[16.692s][info][gc,phases] GC(400) y: Concurrent Mark Free 0.000ms
[16.692s][info][gc,phases] GC(400) y: Concurrent Reset Relocation Set 0.013ms
[16.694s][info][gc,phases] GC(400) y: Concurrent Select Relocation Set 1.553ms
[16.694s][info][gc,phases] GC(400) y: Pause Relocate Start 0.009ms
[16.698s][info][gc,phases] GC(400) y: Concurrent Relocate 3.940ms
[16.698s][info][gc,phases] GC(400) y: Young Generation 1588M(78%)->1260M(62%) 0.016s
[16.699s][info][gc       ] GC(400) Minor Collection (Allocation Rate) 1586M(77%)->1262M(62%) 0.017s
[16.731s][info][gc       ] GC(401) Minor Collection (Allocation Rate)
[16.732s][info][gc,phases] GC(401) y: Young Generation
[16.732s][info][gc,phases] GC(401) y: Pause Mark Start 0.011ms
[16.742s][info][gc,phases] GC(401) y: Concurrent Mark 10.075ms
[16.742s][info][gc,phases] GC(401) y: Pause Mark End 0.010ms
[16.742s][info][gc,phases] GC(401) y: Concurrent Mark Free 0.001ms
[16.742s][info][gc,phases] GC(401) y: Concurrent Reset Relocation Set 0.009ms
[16.744s][info][gc,phases] GC(401) y: Concurrent Select Relocation Set 1.978ms
[16.745s][info][gc,phases] GC(401) y: Pause Relocate Start 0.008ms
[16.749s][info][gc,phases] GC(401) y: Concurrent Relocate 4.203ms
[16.749s][info][gc,phases] GC(401) y: Young Generation 1584M(77%)->1280M(62%) 0.018s
[16.749s][info][gc       ] GC(401) Minor Collection (Allocation Rate) 1582M(77%)->1280M(62%) 0.018s
[16.783s][info][gc       ] GC(402) Minor Collection (Allocation Rate)
[16.783s][info][gc,phases] GC(402) y: Young Generation
[16.783s][info][gc,phases] GC(402) y: Pause Mark Start 0.006ms
[16.793s][info][gc,phases] GC(398) O: Concurrent Mark 188.564ms
[16.793s][info][gc,phases] GC(398) O: Pause Mark End 0.010ms
[16.793s][info][gc,phases] GC(398) O: Concurrent Mark Free 0.000ms
[16.793s][info][gc,phases] GC(402) y: Concurrent Mark 9.779ms
[16.793s][info][gc,phases] GC(402) y: Pause Mark End 0.007ms
[16.793s][info][gc,phases] GC(402) y: Concurrent Mark Free 0.000ms
[16.793s][info][gc,phases] GC(402) y: Concurrent Reset Relocation Set 0.014ms
[16.795s][info][gc,phases] GC(402) y: Concurrent Select Relocation Set 1.611ms
[16.797s][info][gc,phases] GC(402) y: Pause Relocate Start 0.006ms
[16.800s][info][gc,phases] GC(398) O: Concurrent Process Non-Strong 6.842ms
[16.801s][info][gc,phases] GC(398) O: Concurrent Reset Relocation Set 0.018ms
[16.801s][info][gc,phases] GC(402) y: Concurrent Relocate 4.151ms
[16.802s][info][gc,phases] GC(402) y: Young Generation 1608M(79%)->1290M(63%) 0.020s
[16.803s][info][gc       ] GC(402) Minor Collection (Allocation Rate) 1608M(79%)->1306M(64%) 0.020s
[16.803s][info][gc,phases] GC(398) O: Concurrent Select Relocation Set 1.990ms
[16.824s][info][gc,phases] GC(398) O: Concurrent Remap Roots 20.814ms
[16.824s][info][gc,phases] GC(398) O: Pause Relocate Start 0.009ms
[16.824s][info][gc       ] GC(403) Minor Collection (Allocation Rate)
[16.824s][info][gc,phases] GC(403) y: Young Generation
[16.825s][info][gc,phases] GC(403) y: Pause Mark Start 0.007ms
[16.839s][info][gc,phases] GC(403) y: Concurrent Mark 13.682ms
[16.839s][info][gc,phases] GC(403) y: Pause Mark End 0.011ms
[16.839s][info][gc,phases] GC(403) y: Concurrent Mark Free 0.001ms
[16.839s][info][gc,phases] GC(403) y: Concurrent Reset Relocation Set 0.009ms
[16.842s][info][gc,phases] GC(403) y: Concurrent Select Relocation Set 2.250ms
[16.842s][info][gc,phases] GC(403) y: Pause Relocate Start 0.008ms
[16.846s][info][gc,phases] GC(403) y: Concurrent Relocate 4.025ms
[16.846s][info][gc,phases] GC(403) y: Young Generation 1510M(74%)->1276M(62%) 0.022s
[16.846s][info][gc       ] GC(403) Minor Collection (Allocation Rate) 1514M(74%)->1276M(62%) 0.022s
[16.864s][info][gc       ] GC(404) Minor Collection (Allocation Rate)
[16.864s][info][gc,phases] GC(404) y: Young Generation
[16.865s][info][gc,phases] GC(404) y: Pause Mark Start 0.007ms
[16.872s][info][gc,phases] GC(398) O: Concurrent Relocate 47.305ms
[16.876s][info][gc,phases] GC(404) y: Concurrent Mark 11.446ms
[16.876s][info][gc,phases] GC(404) y: Pause Mark End 0.013ms
[16.877s][info][gc,phases] GC(404) y: Concurrent Mark Free 0.000ms
[16.877s][info][gc,phases] GC(404) y: Concurrent Reset Relocation Set 0.016ms
[16.878s][info][gc,phases] GC(404) y: Concurrent Select Relocation Set 1.754ms
[16.879s][info][gc,phases] GC(404) y: Pause Relocate Start 0.006ms
[16.883s][info][gc,phases] GC(404) y: Concurrent Relocate 3.806ms
[16.883s][info][gc,phases] GC(404) y: Young Generation 1360M(66%)->1060M(52%) 0.018s
[16.883s][info][gc       ] GC(404) Minor Collection (Allocation Rate) 1358M(66%)->1062M(52%) 0.019s
[16.883s][info][gc,phases] GC(398) O: Old Generation 1254M(61%)->1396M(68%) 0.279s
[16.883s][info][gc       ] GC(398) Major Collection (Allocation Rate) 1584M(77%)->1064M(52%) 0.297s
[16.922s][info][gc       ] GC(405) Minor Collection (Allocation Rate)
[16.922s][info][gc,phases] GC(405) y: Young Generation
[16.923s][info][gc,phases] GC(405) y: Pause Mark Start 0.010ms
[16.934s][info][gc,phases] GC(405) y: Concurrent Mark 11.041ms
[16.934s][info][gc,phases] GC(405) y: Pause Mark End 0.009ms
[16.934s][info][gc,phases] GC(405) y: Concurrent Mark Free 0.001ms
[16.934s][info][gc,phases] GC(405) y: Concurrent Reset Relocation Set 0.007ms
[16.936s][info][gc,phases] GC(405) y: Concurrent Select Relocation Set 2.078ms
[16.937s][info][gc,phases] GC(405) y: Pause Relocate Start 0.006ms
[16.942s][info][gc,phases] GC(405) y: Concurrent Relocate 5.100ms
[16.942s][info][gc,phases] GC(405) y: Young Generation 1454M(71%)->1160M(57%) 0.020s
[16.942s][info][gc       ] GC(405) Minor Collection (Allocation Rate) 1454M(71%)->1164M(57%) 0.020s
[16.972s][info][gc       ] GC(406) Minor Collection (Allocation Rate)
[16.972s][info][gc,phases] GC(406) y: Young Generation
[16.972s][info][gc,phases] GC(406) y: Pause Mark Start 0.007ms
[16.984s][info][gc,phases] GC(406) y: Concurrent Mark 11.784ms
[16.984s][info][gc,phases] GC(406) y: Pause Mark End 0.009ms
[16.984s][info][gc,phases] GC(406) y: Concurrent Mark Free 0.001ms
[16.984s][info][gc,phases] GC(406) y: Concurrent Reset Relocation Set 0.015ms
[16.986s][info][gc,phases] GC(406) y: Concurrent Select Relocation Set 1.718ms
[16.986s][info][gc,phases] GC(406) y: Pause Relocate Start 0.005ms
[16.991s][info][gc,phases] GC(406) y: Concurrent Relocate 4.675ms
[16.991s][info][gc,phases] GC(406) y: Young Generation 1462M(71%)->1102M(54%) 0.019s
[16.992s][info][gc       ] GC(406) Minor Collection (Allocation Rate) 1462M(71%)->1104M(54%) 0.020s
[17.033s][info][gc       ] GC(407) Minor Collection (Allocation Rate)
[17.034s][info][gc,phases] GC(407) y: Young Generation
[17.034s][info][gc,phases] GC(407) y: Pause Mark Start 0.007ms
[17.047s][info][gc,phases] GC(407) y: Concurrent Mark 12.828ms
[17.047s][info][gc,phases] GC(407) y: Pause Mark End 0.009ms
[17.047s][info][gc,phases] GC(407) y: Concurrent Mark Free 0.001ms
[17.047s][info][gc,phases] GC(407) y: Concurrent Reset Relocation Set 0.008ms
[17.049s][info][gc,phases] GC(407) y: Concurrent Select Relocation Set 1.760ms
[17.049s][info][gc,phases] GC(407) y: Pause Relocate Start 0.007ms
[17.055s][info][gc,phases] GC(407) y: Concurrent Relocate 5.128ms
[17.055s][info][gc,phases] GC(407) y: Young Generation 1522M(74%)->1126M(55%) 0.021s
[17.055s][info][gc       ] GC(407) Minor Collection (Allocation Rate) 1520M(74%)->1128M(55%) 0.022s
[17.090s][info][gc       ] GC(408) Minor Collection (Allocation Rate)
[17.090s][info][gc,phases] GC(408) y: Young Generation
[17.091s][info][gc,phases] GC(408) y: Pause Mark Start 0.007ms
[17.104s][info][gc,phases] GC(408) y: Concurrent Mark 12.620ms
[17.104s][info][gc,phases] GC(408) y: Pause Mark End 0.012ms
[17.104s][info][gc,phases] GC(408) y: Concurrent Mark Free 0.001ms
[17.104s][info][gc,phases] GC(408) y: Concurrent Reset Relocation Set 0.009ms
[17.106s][info][gc,phases] GC(408) y: Concurrent Select Relocation Set 2.424ms
[17.107s][info][gc,phases] GC(408) y: Pause Relocate Start 0.006ms
[17.112s][info][gc,phases] GC(408) y: Concurrent Relocate 5.302ms
[17.112s][info][gc,phases] GC(408) y: Young Generation 1482M(72%)->1218M(59%) 0.022s
[17.112s][info][gc       ] GC(408) Minor Collection (Allocation Rate) 1480M(72%)->1222M(60%) 0.022s
[17.139s][info][gc       ] GC(409) Minor Collection (Allocation Rate)
[17.140s][info][gc,phases] GC(409) y: Young Generation
[17.140s][info][gc,phases] GC(409) y: Pause Mark Start 0.008ms
[17.153s][info][gc,phases] GC(409) y: Concurrent Mark 12.636ms
[17.153s][info][gc,phases] GC(409) y: Pause Mark End 0.010ms
[17.153s][info][gc,phases] GC(409) y: Concurrent Mark Free 0.001ms
[17.153s][info][gc,phases] GC(409) y: Concurrent Reset Relocation Set 0.018ms
[17.155s][info][gc,phases] GC(409) y: Concurrent Select Relocation Set 1.741ms
[17.155s][info][gc,phases] GC(409) y: Pause Relocate Start 0.007ms
[17.160s][info][gc,phases] GC(409) y: Concurrent Relocate 4.623ms
[17.160s][info][gc,phases] GC(409) y: Young Generation 1492M(73%)->1164M(57%) 0.020s
[17.160s][info][gc       ] GC(409) Minor Collection (Allocation Rate) 1490M(73%)->1168M(57%) 0.021s
[17.188s][info][gc       ] GC(410) Minor Collection (Allocation Rate)
[17.189s][info][gc,phases] GC(410) y: Young Generation
[17.189s][info][gc,phases] GC(410) y: Pause Mark Start 0.007ms
[17.202s][info][gc,phases] GC(410) y: Concurrent Mark 12.701ms
[17.202s][info][gc,phases] GC(410) y: Pause Mark End 0.010ms
[17.202s][info][gc,phases] GC(410) y: Concurrent Mark Free 0.000ms
[17.202s][info][gc,phases] GC(410) y: Concurrent Reset Relocation Set 0.009ms
[17.204s][info][gc,phases] GC(410) y: Concurrent Select Relocation Set 2.000ms
[17.204s][info][gc,phases] GC(410) y: Pause Relocate Start 0.006ms
[17.209s][info][gc,phases] GC(410) y: Concurrent Relocate 4.738ms
[17.209s][info][gc,phases] GC(410) y: Young Generation 1484M(72%)->1150M(56%) 0.021s
[17.209s][info][gc       ] GC(410) Minor Collection (Allocation Rate) 1484M(72%)->1152M(56%) 0.021s
[17.244s][info][gc       ] GC(411) Minor Collection (Allocation Rate)
[17.244s][info][gc,phases] GC(411) y: Young Generation
[17.244s][info][gc,phases] GC(411) y: Pause Mark Start 0.011ms
[17.257s][info][gc,phases] GC(411) y: Concurrent Mark 12.887ms
[17.257s][info][gc,phases] GC(411) y: Pause Mark End 0.009ms
[17.257s][info][gc,phases] GC(411) y: Concurrent Mark Free 0.000ms
[17.258s][info][gc,phases] GC(411) y: Concurrent Reset Relocation Set 0.013ms
[17.259s][info][gc,phases] GC(411) y: Concurrent Select Relocation Set 1.946ms
[17.260s][info][gc,phases] GC(411) y: Pause Relocate Start 0.005ms
[17.265s][info][gc,phases] GC(411) y: Concurrent Relocate 4.776ms
[17.265s][info][gc,phases] GC(411) y: Young Generation 1494M(73%)->1158M(57%) 0.021s
[17.265s][info][gc       ] GC(411) Minor Collection (Allocation Rate) 1492M(73%)->1160M(57%) 0.021s
[17.300s][info][gc       ] GC(412) Minor Collection (Allocation Rate)
[17.300s][info][gc,phases] GC(412) y: Young Generation
[17.300s][info][gc,phases] GC(412) y: Pause Mark Start 0.007ms
[17.313s][info][gc,phases] GC(412) y: Concurrent Mark 12.755ms
[17.313s][info][gc,phases] GC(412) y: Pause Mark End 0.009ms
[17.313s][info][gc,phases] GC(412) y: Concurrent Mark Free 0.001ms
[17.313s][info][gc,phases] GC(412) y: Concurrent Reset Relocation Set 0.011ms
[17.315s][info][gc,phases] GC(412) y: Concurrent Select Relocation Set 1.976ms
[17.316s][info][gc,phases] GC(412) y: Pause Relocate Start 0.006ms
[17.321s][info][gc,phases] GC(412) y: Concurrent Relocate 4.749ms
[17.321s][info][gc,phases] GC(412) y: Young Generation 1506M(74%)->1170M(57%) 0.021s
[17.321s][info][gc       ] GC(412) Minor Collection (Allocation Rate) 1506M(74%)->1170M(57%) 0.021s
[17.355s][info][gc       ] GC(413) Minor Collection (Allocation Rate)
[17.355s][info][gc,phases] GC(413) y: Young Generation
[17.355s][info][gc,phases] GC(413) y: Pause Mark Start 0.006ms
[17.368s][info][gc,phases] GC(413) y: Concurrent Mark 12.618ms
[17.368s][info][gc,phases] GC(413) y: Pause Mark End 0.009ms
[17.368s][info][gc,phases] GC(413) y: Concurrent Mark Free 0.001ms
[17.369s][info][gc,phases] GC(413) y: Concurrent Reset Relocation Set 0.014ms
[17.371s][info][gc,phases] GC(413) y: Concurrent Select Relocation Set 1.928ms
[17.371s][info][gc,phases] GC(413) y: Pause Relocate Start 0.006ms
[17.376s][info][gc,phases] GC(413) y: Concurrent Relocate 4.782ms
[17.376s][info][gc,phases] GC(413) y: Young Generation 1514M(74%)->1178M(58%) 0.021s
[17.376s][info][gc       ] GC(413) Minor Collection (Allocation Rate) 1512M(74%)->1180M(58%) 0.021s
[17.414s][info][gc       ] GC(414) Minor Collection (Allocation Rate)
[17.414s][info][gc,phases] GC(414) y: Young Generation
[17.414s][info][gc,phases] GC(414) y: Pause Mark Start 0.010ms
[17.428s][info][gc,phases] GC(414) y: Concurrent Mark 13.079ms
[17.428s][info][gc,phases] GC(414) y: Pause Mark End 0.011ms
[17.428s][info][gc,phases] GC(414) y: Concurrent Mark Free 0.001ms
[17.428s][info][gc,phases] GC(414) y: Concurrent Reset Relocation Set 0.011ms
[17.430s][info][gc,phases] GC(414) y: Concurrent Select Relocation Set 1.996ms
[17.430s][info][gc,phases] GC(414) y: Pause Relocate Start 0.007ms
[17.436s][info][gc,phases] GC(414) y: Concurrent Relocate 4.967ms
[17.436s][info][gc,phases] GC(414) y: Young Generation 1558M(76%)->1194M(58%) 0.022s
[17.436s][info][gc       ] GC(414) Minor Collection (Allocation Rate) 1556M(76%)->1198M(58%) 0.022s
[17.471s][info][gc       ] GC(415) Minor Collection (Allocation Rate)
[17.471s][info][gc,phases] GC(415) y: Young Generation
[17.472s][info][gc,phases] GC(415) y: Pause Mark Start 0.007ms
[17.484s][info][gc,phases] GC(415) y: Concurrent Mark 12.013ms
[17.484s][info][gc,phases] GC(415) y: Pause Mark End 0.011ms
[17.484s][info][gc,phases] GC(415) y: Concurrent Mark Free 0.001ms
[17.484s][info][gc,phases] GC(415) y: Concurrent Reset Relocation Set 0.011ms
[17.486s][info][gc,phases] GC(415) y: Concurrent Select Relocation Set 2.129ms
[17.487s][info][gc,phases] GC(415) y: Pause Relocate Start 0.005ms
[17.492s][info][gc,phases] GC(415) y: Concurrent Relocate 5.003ms
[17.492s][info][gc,phases] GC(415) y: Young Generation 1552M(76%)->1272M(62%) 0.021s
[17.492s][info][gc       ] GC(415) Minor Collection (Allocation Rate) 1550M(76%)->1272M(62%) 0.021s
[17.517s][info][gc       ] GC(416) Minor Collection (Allocation Rate)
[17.517s][info][gc,phases] GC(416) y: Young Generation
[17.518s][info][gc,phases] GC(416) y: Pause Mark Start 0.008ms
[17.529s][info][gc,phases] GC(416) y: Concurrent Mark 11.167ms
[17.529s][info][gc,phases] GC(416) y: Pause Mark End 0.012ms
[17.529s][info][gc,phases] GC(416) y: Concurrent Mark Free 0.001ms
[17.529s][info][gc,phases] GC(416) y: Concurrent Reset Relocation Set 0.016ms
[17.531s][info][gc,phases] GC(416) y: Concurrent Select Relocation Set 1.682ms
[17.531s][info][gc,phases] GC(416) y: Pause Relocate Start 0.006ms
[17.536s][info][gc,phases] GC(416) y: Concurrent Relocate 4.486ms
[17.536s][info][gc,phases] GC(416) y: Young Generation 1526M(75%)->1260M(62%) 0.019s
[17.536s][info][gc       ] GC(416) Minor Collection (Allocation Rate) 1524M(74%)->1262M(62%) 0.019s
[17.556s][info][gc       ] GC(417) Minor Collection (Allocation Rate)
[17.556s][info][gc,phases] GC(417) y: Young Generation
[17.556s][info][gc,phases] GC(417) y: Pause Mark Start 0.007ms
[17.568s][info][gc,phases] GC(417) y: Concurrent Mark 11.999ms
[17.568s][info][gc,phases] GC(417) y: Pause Mark End 0.009ms
[17.569s][info][gc,phases] GC(417) y: Concurrent Mark Free 0.001ms
[17.569s][info][gc,phases] GC(417) y: Concurrent Reset Relocation Set 0.009ms
[17.571s][info][gc,phases] GC(417) y: Concurrent Select Relocation Set 1.968ms
[17.571s][info][gc,phases] GC(417) y: Pause Relocate Start 0.007ms
[17.575s][info][gc,phases] GC(417) y: Concurrent Relocate 4.060ms
[17.575s][info][gc,phases] GC(417) y: Young Generation 1456M(71%)->1196M(58%) 0.019s
[17.575s][info][gc       ] GC(417) Minor Collection (Allocation Rate) 1456M(71%)->1200M(59%) 0.020s
[17.603s][info][gc       ] GC(418) Minor Collection (Allocation Rate)
[17.604s][info][gc,phases] GC(418) y: Young Generation
[17.604s][info][gc,phases] GC(418) y: Pause Mark Start 0.010ms
[17.616s][info][gc,phases] GC(418) y: Concurrent Mark 12.011ms
[17.616s][info][gc,phases] GC(418) y: Pause Mark End 0.009ms
[17.616s][info][gc,phases] GC(418) y: Concurrent Mark Free 0.000ms
[17.616s][info][gc,phases] GC(418) y: Concurrent Reset Relocation Set 0.011ms
[17.618s][info][gc,phases] GC(418) y: Concurrent Select Relocation Set 2.002ms
[17.619s][info][gc,phases] GC(418) y: Pause Relocate Start 0.006ms
[17.623s][info][gc,phases] GC(418) y: Concurrent Relocate 4.049ms
[17.623s][info][gc,phases] GC(418) y: Young Generation 1482M(72%)->1234M(60%) 0.019s
[17.623s][info][gc       ] GC(418) Minor Collection (Allocation Rate) 1480M(72%)->1238M(60%) 0.020s
[17.649s][info][gc       ] GC(419) Minor Collection (Allocation Rate)
[17.650s][info][gc,phases] GC(419) y: Young Generation
[17.650s][info][gc,phases] GC(419) y: Pause Mark Start 0.007ms
[17.662s][info][gc,phases] GC(419) y: Concurrent Mark 12.232ms
[17.662s][info][gc,phases] GC(419) y: Pause Mark End 0.009ms
[17.663s][info][gc,phases] GC(419) y: Concurrent Mark Free 0.001ms
[17.663s][info][gc,phases] GC(419) y: Concurrent Reset Relocation Set 0.011ms
[17.665s][info][gc,phases] GC(419) y: Concurrent Select Relocation Set 2.016ms
[17.665s][info][gc,phases] GC(419) y: Pause Relocate Start 0.010ms
[17.670s][info][gc,phases] GC(419) y: Concurrent Relocate 4.450ms
[17.670s][info][gc,phases] GC(419) y: Young Generation 1536M(75%)->1224M(60%) 0.020s
[17.670s][info][gc       ] GC(419) Minor Collection (Allocation Rate) 1536M(75%)->1226M(60%) 0.020s
[17.699s][info][gc       ] GC(420) Minor Collection (Allocation Rate)
[17.699s][info][gc,phases] GC(420) y: Young Generation
[17.699s][info][gc,phases] GC(420) y: Pause Mark Start 0.006ms
[17.711s][info][gc,phases] GC(420) y: Concurrent Mark 12.090ms
[17.712s][info][gc,phases] GC(420) y: Pause Mark End 0.010ms
[17.712s][info][gc,phases] GC(420) y: Concurrent Mark Free 0.001ms
[17.712s][info][gc,phases] GC(420) y: Concurrent Reset Relocation Set 0.011ms
[17.714s][info][gc,phases] GC(420) y: Concurrent Select Relocation Set 1.926ms
[17.714s][info][gc,phases] GC(420) y: Pause Relocate Start 0.005ms
[17.719s][info][gc,phases] GC(420) y: Concurrent Relocate 4.294ms
[17.719s][info][gc,phases] GC(420) y: Young Generation 1516M(74%)->1228M(60%) 0.020s
[17.719s][info][gc       ] GC(420) Minor Collection (Allocation Rate) 1516M(74%)->1232M(60%) 0.020s
[17.750s][info][gc       ] GC(421) Minor Collection (Allocation Rate)
[17.750s][info][gc,phases] GC(421) y: Young Generation
[17.750s][info][gc,phases] GC(421) y: Pause Mark Start 0.007ms
[17.762s][info][gc,phases] GC(421) y: Concurrent Mark 12.260ms
[17.763s][info][gc,phases] GC(421) y: Pause Mark End 0.009ms
[17.763s][info][gc,phases] GC(421) y: Concurrent Mark Free 0.001ms
[17.763s][info][gc,phases] GC(421) y: Concurrent Reset Relocation Set 0.011ms
[17.765s][info][gc,phases] GC(421) y: Concurrent Select Relocation Set 1.974ms
[17.765s][info][gc,phases] GC(421) y: Pause Relocate Start 0.006ms
[17.770s][info][gc,phases] GC(421) y: Concurrent Relocate 4.282ms
[17.770s][info][gc,phases] GC(421) y: Young Generation 1542M(75%)->1238M(60%) 0.020s
[17.770s][info][gc       ] GC(421) Minor Collection (Allocation Rate) 1540M(75%)->1240M(61%) 0.020s
[17.802s][info][gc       ] GC(422) Minor Collection (Allocation Rate)
[17.802s][info][gc,phases] GC(422) y: Young Generation
[17.803s][info][gc,phases] GC(422) y: Pause Mark Start 0.007ms
[17.815s][info][gc,phases] GC(422) y: Concurrent Mark 12.420ms
[17.815s][info][gc,phases] GC(422) y: Pause Mark End 0.009ms
[17.816s][info][gc,phases] GC(422) y: Concurrent Mark Free 0.001ms
[17.816s][info][gc,phases] GC(422) y: Concurrent Reset Relocation Set 0.012ms
[17.818s][info][gc,phases] GC(422) y: Concurrent Select Relocation Set 1.954ms
[17.818s][info][gc,phases] GC(422) y: Pause Relocate Start 0.010ms
[17.823s][info][gc,phases] GC(422) y: Concurrent Relocate 4.475ms
[17.823s][info][gc,phases] GC(422) y: Young Generation 1562M(76%)->1250M(61%) 0.020s
[17.823s][info][gc       ] GC(422) Minor Collection (Allocation Rate) 1560M(76%)->1252M(61%) 0.020s
[17.855s][info][gc       ] GC(423) Minor Collection (Allocation Rate)
[17.855s][info][gc,phases] GC(423) y: Young Generation
[17.855s][info][gc,phases] GC(423) y: Pause Mark Start 0.007ms
[17.868s][info][gc,phases] GC(423) y: Concurrent Mark 12.278ms
[17.868s][info][gc,phases] GC(423) y: Pause Mark End 0.010ms
[17.868s][info][gc,phases] GC(423) y: Concurrent Mark Free 0.001ms
[17.868s][info][gc,phases] GC(423) y: Concurrent Reset Relocation Set 0.011ms
[17.870s][info][gc,phases] GC(423) y: Concurrent Select Relocation Set 1.871ms
[17.870s][info][gc,phases] GC(423) y: Pause Relocate Start 0.005ms
[17.875s][info][gc,phases] GC(423) y: Concurrent Relocate 4.466ms
[17.875s][info][gc,phases] GC(423) y: Young Generation 1572M(77%)->1260M(62%) 0.020s
[17.875s][info][gc       ] GC(423) Minor Collection (Allocation Rate) 1572M(77%)->1262M(62%) 0.020s
[17.907s][info][gc       ] GC(424) Minor Collection (Allocation Rate)
[17.907s][info][gc,phases] GC(424) y: Young Generation
[17.907s][info][gc,phases] GC(424) y: Pause Mark Start 0.006ms
[17.920s][info][gc,phases] GC(424) y: Concurrent Mark 12.375ms
[17.920s][info][gc,phases] GC(424) y: Pause Mark End 0.009ms
[17.920s][info][gc,phases] GC(424) y: Concurrent Mark Free 0.001ms
[17.920s][info][gc,phases] GC(424) y: Concurrent Reset Relocation Set 0.012ms
[17.922s][info][gc,phases] GC(424) y: Concurrent Select Relocation Set 1.957ms
[17.922s][info][gc,phases] GC(424) y: Pause Relocate Start 0.006ms
[17.927s][info][gc,phases] GC(424) y: Concurrent Relocate 4.421ms
[17.927s][info][gc,phases] GC(424) y: Young Generation 1580M(77%)->1268M(62%) 0.020s
[17.927s][info][gc       ] GC(424) Minor Collection (Allocation Rate) 1580M(77%)->1272M(62%) 0.020s
[17.960s][info][gc       ] GC(425) Major Collection (Allocation Rate)
[17.960s][info][gc,phases] GC(425) Y: Young Generation
[17.960s][info][gc,phases] GC(425) Y: Pause Mark Start (Major) 0.008ms
[17.970s][info][gc,phases] GC(425) Y: Concurrent Mark 9.643ms
[17.970s][info][gc,phases] GC(425) Y: Pause Mark End 0.011ms
[17.970s][info][gc,phases] GC(425) Y: Concurrent Mark Free 0.000ms
[17.970s][info][gc,phases] GC(425) Y: Concurrent Reset Relocation Set 0.012ms
[17.972s][info][gc,phases] GC(425) Y: Concurrent Select Relocation Set 1.726ms
[17.972s][info][gc,phases] GC(425) Y: Pause Relocate Start 0.007ms
[17.977s][info][gc,phases] GC(425) Y: Concurrent Relocate 4.484ms
[17.977s][info][gc,phases] GC(425) Y: Young Generation 1596M(78%)->1276M(62%) 0.017s
[17.977s][info][gc,phases] GC(425) O: Old Generation
[17.992s][info][gc       ] GC(426) Minor Collection (Allocation Rate)
[17.992s][info][gc,phases] GC(426) y: Young Generation
[17.992s][info][gc,phases] GC(426) y: Pause Mark Start 0.011ms
[18.002s][info][gc,phases] GC(426) y: Concurrent Mark 9.825ms
[18.002s][info][gc,phases] GC(426) y: Pause Mark End 0.010ms
[18.002s][info][gc,phases] GC(426) y: Concurrent Mark Free 0.000ms
[18.003s][info][gc,phases] GC(426) y: Concurrent Reset Relocation Set 0.009ms
[18.005s][info][gc,phases] GC(426) y: Concurrent Select Relocation Set 1.967ms
[18.005s][info][gc,phases] GC(426) y: Pause Relocate Start 0.009ms
[18.009s][info][gc,phases] GC(426) y: Concurrent Relocate 3.952ms
[18.009s][info][gc,phases] GC(426) y: Young Generation 1526M(75%)->1266M(62%) 0.017s
[18.009s][info][gc       ] GC(426) Minor Collection (Allocation Rate) 1524M(74%)->1268M(62%) 0.017s
[18.036s][info][gc       ] GC(427) Minor Collection (Allocation Rate)
[18.036s][info][gc,phases] GC(427) y: Young Generation
[18.036s][info][gc,phases] GC(427) y: Pause Mark Start 0.007ms
[18.045s][info][gc,phases] GC(427) y: Concurrent Mark 9.205ms
[18.046s][info][gc,phases] GC(427) y: Pause Mark End 0.014ms
[18.046s][info][gc,phases] GC(427) y: Concurrent Mark Free 0.000ms
[18.046s][info][gc,phases] GC(427) y: Concurrent Reset Relocation Set 0.014ms
[18.048s][info][gc,phases] GC(427) y: Concurrent Select Relocation Set 1.737ms
[18.048s][info][gc,phases] GC(427) y: Pause Relocate Start 0.009ms
[18.052s][info][gc,phases] GC(427) y: Concurrent Relocate 3.688ms
[18.052s][info][gc,phases] GC(427) y: Young Generation 1528M(75%)->1264M(62%) 0.016s
[18.052s][info][gc       ] GC(427) Minor Collection (Allocation Rate) 1528M(75%)->1268M(62%) 0.016s
[18.081s][info][gc       ] GC(428) Minor Collection (Allocation Rate)
[18.082s][info][gc,phases] GC(428) y: Young Generation
[18.082s][info][gc,phases] GC(428) y: Pause Mark Start 0.006ms
[18.091s][info][gc,phases] GC(428) y: Concurrent Mark 8.842ms
[18.091s][info][gc,phases] GC(428) y: Pause Mark End 0.011ms
[18.091s][info][gc,phases] GC(428) y: Concurrent Mark Free 0.000ms
[18.091s][info][gc,phases] GC(428) y: Concurrent Reset Relocation Set 0.012ms
[18.093s][info][gc,phases] GC(428) y: Concurrent Select Relocation Set 1.762ms
[18.093s][info][gc,phases] GC(428) y: Pause Relocate Start 0.009ms
[18.097s][info][gc,phases] GC(428) y: Concurrent Relocate 3.843ms
[18.097s][info][gc,phases] GC(428) y: Young Generation 1556M(76%)->1270M(62%) 0.016s
[18.097s][info][gc       ] GC(428) Minor Collection (Allocation Rate) 1554M(76%)->1270M(62%) 0.016s
[18.132s][info][gc       ] GC(429) Minor Collection (Allocation Rate)
[18.132s][info][gc,phases] GC(429) y: Young Generation
[18.133s][info][gc,phases] GC(429) y: Pause Mark Start 0.010ms
[18.142s][info][gc,phases] GC(429) y: Concurrent Mark 9.097ms
[18.142s][info][gc,phases] GC(429) y: Pause Mark End 0.009ms
[18.142s][info][gc,phases] GC(429) y: Concurrent Mark Free 0.000ms
[18.142s][info][gc,phases] GC(429) y: Concurrent Reset Relocation Set 0.010ms
[18.144s][info][gc,phases] GC(429) y: Concurrent Select Relocation Set 1.547ms
[18.144s][info][gc,phases] GC(429) y: Pause Relocate Start 0.006ms
[18.148s][info][gc,phases] GC(429) y: Concurrent Relocate 4.126ms
[18.148s][info][gc,phases] GC(429) y: Young Generation 1614M(79%)->1282M(63%) 0.016s
[18.149s][info][gc       ] GC(429) Minor Collection (Allocation Rate) 1612M(79%)->1286M(63%) 0.016s
[18.163s][info][gc,phases] GC(425) O: Concurrent Mark 186.088ms
[18.164s][info][gc,phases] GC(425) O: Pause Mark End 0.011ms
[18.164s][info][gc,phases] GC(425) O: Concurrent Mark Free 0.000ms
[18.167s][info][gc,phases] GC(425) O: Concurrent Process Non-Strong 3.518ms
[18.167s][info][gc,phases] GC(425) O: Concurrent Reset Relocation Set 0.016ms
[18.169s][info][gc,phases] GC(425) O: Concurrent Select Relocation Set 1.770ms
[18.190s][info][gc,phases] GC(425) O: Concurrent Remap Roots 20.737ms
[18.191s][info][gc,phases] GC(425) O: Pause Relocate Start 0.010ms
[18.191s][info][gc       ] GC(430) Minor Collection (Allocation Rate)
[18.191s][info][gc,phases] GC(430) y: Young Generation
[18.191s][info][gc,phases] GC(430) y: Pause Mark Start 0.004ms
[18.205s][info][gc,phases] GC(430) y: Concurrent Mark 13.742ms
[18.205s][info][gc,phases] GC(430) y: Pause Mark End 0.009ms
[18.205s][info][gc,phases] GC(430) y: Concurrent Mark Free 0.000ms
[18.205s][info][gc,phases] GC(430) y: Concurrent Reset Relocation Set 0.009ms
[18.207s][info][gc,phases] GC(430) y: Concurrent Select Relocation Set 1.974ms
[18.208s][info][gc,phases] GC(430) y: Pause Relocate Start 0.009ms
[18.213s][info][gc,phases] GC(430) y: Concurrent Relocate 5.252ms
[18.213s][info][gc,phases] GC(430) y: Young Generation 1684M(82%)->1198M(58%) 0.022s
[18.213s][info][gc       ] GC(430) Minor Collection (Allocation Rate) 1690M(83%)->1198M(58%) 0.022s
[18.236s][info][gc,phases] GC(425) O: Concurrent Relocate 45.362ms
[18.236s][info][gc,phases] GC(425) O: Old Generation 1280M(62%)->1302M(64%) 0.259s
[18.236s][info][gc       ] GC(425) Major Collection (Allocation Rate) 1596M(78%)->1304M(64%) 0.276s
[18.239s][info][gc       ] GC(431) Minor Collection (Allocation Rate)
[18.239s][info][gc,phases] GC(431) y: Young Generation
[18.239s][info][gc,phases] GC(431) y: Pause Mark Start 0.007ms
[18.250s][info][gc,phases] GC(431) y: Concurrent Mark 10.919ms
[18.250s][info][gc,phases] GC(431) y: Pause Mark End 0.011ms
[18.251s][info][gc,phases] GC(431) y: Concurrent Mark Free 0.001ms
[18.251s][info][gc,phases] GC(431) y: Concurrent Reset Relocation Set 0.012ms
[18.253s][info][gc,phases] GC(431) y: Concurrent Select Relocation Set 1.930ms
[18.253s][info][gc,phases] GC(431) y: Pause Relocate Start 0.006ms
[18.257s][info][gc,phases] GC(431) y: Concurrent Relocate 3.796ms
[18.257s][info][gc,phases] GC(431) y: Young Generation 1328M(65%)->1138M(56%) 0.018s
[18.257s][info][gc       ] GC(431) Minor Collection (Allocation Rate) 1328M(65%)->1140M(56%) 0.018s
[18.292s][info][gc       ] GC(432) Minor Collection (Allocation Rate)
[18.292s][info][gc,phases] GC(432) y: Young Generation
[18.292s][info][gc,phases] GC(432) y: Pause Mark Start 0.008ms
[18.305s][info][gc,phases] GC(432) y: Concurrent Mark 12.582ms
[18.305s][info][gc,phases] GC(432) y: Pause Mark End 0.009ms
[18.305s][info][gc,phases] GC(432) y: Concurrent Mark Free 0.001ms
[18.305s][info][gc,phases] GC(432) y: Concurrent Reset Relocation Set 0.011ms
[18.307s][info][gc,phases] GC(432) y: Concurrent Select Relocation Set 1.948ms
[18.308s][info][gc,phases] GC(432) y: Pause Relocate Start 0.006ms
[18.313s][info][gc,phases] GC(432) y: Concurrent Relocate 4.966ms
[18.313s][info][gc,phases] GC(432) y: Young Generation 1476M(72%)->1100M(54%) 0.021s
[18.313s][info][gc       ] GC(432) Minor Collection (Allocation Rate) 1474M(72%)->1102M(54%) 0.021s
[18.353s][info][gc       ] GC(433) Minor Collection (Allocation Rate)
[18.353s][info][gc,phases] GC(433) y: Young Generation
[18.353s][info][gc,phases] GC(433) y: Pause Mark Start 0.007ms
[18.366s][info][gc,phases] GC(433) y: Concurrent Mark 12.745ms
[18.366s][info][gc,phases] GC(433) y: Pause Mark End 0.009ms
[18.366s][info][gc,phases] GC(433) y: Concurrent Mark Free 0.001ms
[18.366s][info][gc,phases] GC(433) y: Concurrent Reset Relocation Set 0.013ms
[18.368s][info][gc,phases] GC(433) y: Concurrent Select Relocation Set 1.941ms
[18.369s][info][gc,phases] GC(433) y: Pause Relocate Start 0.006ms
[18.374s][info][gc,phases] GC(433) y: Concurrent Relocate 4.994ms
[18.374s][info][gc,phases] GC(433) y: Young Generation 1486M(73%)->1114M(54%) 0.021s
[18.374s][info][gc       ] GC(433) Minor Collection (Allocation Rate) 1484M(72%)->1116M(54%) 0.021s
[18.417s][info][gc       ] GC(434) Minor Collection (Allocation Rate)
[18.417s][info][gc,phases] GC(434) y: Young Generation
[18.418s][info][gc,phases] GC(434) y: Pause Mark Start 0.006ms
[18.434s][info][gc,phases] GC(434) y: Concurrent Mark 16.387ms
[18.434s][info][gc,phases] GC(434) y: Pause Mark End 0.010ms
[18.435s][info][gc,phases] GC(434) y: Concurrent Mark Free 0.001ms
[18.435s][info][gc,phases] GC(434) y: Concurrent Reset Relocation Set 0.012ms
[18.437s][info][gc,phases] GC(434) y: Concurrent Select Relocation Set 1.970ms
[18.437s][info][gc,phases] GC(434) y: Pause Relocate Start 0.006ms
[18.442s][info][gc,phases] GC(434) y: Concurrent Relocate 5.231ms
[18.442s][info][gc,phases] GC(434) y: Young Generation 1528M(75%)->1216M(59%) 0.025s
[18.443s][info][gc       ] GC(434) Minor Collection (Allocation Rate) 1528M(75%)->1218M(59%) 0.025s
[18.459s][info][gc       ] GC(435) Minor Collection (Allocation Rate)
[18.459s][info][gc,phases] GC(435) y: Young Generation
[18.459s][info][gc,phases] GC(435) y: Pause Mark Start 0.007ms
[18.472s][info][gc,phases] GC(435) y: Concurrent Mark 12.352ms
[18.472s][info][gc,phases] GC(435) y: Pause Mark End 0.015ms
[18.472s][info][gc,phases] GC(435) y: Concurrent Mark Free 0.001ms
[18.472s][info][gc,phases] GC(435) y: Concurrent Reset Relocation Set 0.011ms
[18.474s][info][gc,phases] GC(435) y: Concurrent Select Relocation Set 1.916ms
[18.475s][info][gc,phases] GC(435) y: Pause Relocate Start 0.007ms
[18.479s][info][gc,phases] GC(435) y: Concurrent Relocate 4.046ms
[18.479s][info][gc,phases] GC(435) y: Young Generation 1376M(67%)->1114M(54%) 0.020s
[18.479s][info][gc       ] GC(435) Minor Collection (Allocation Rate) 1376M(67%)->1116M(54%) 0.020s
[18.512s][info][gc       ] GC(436) Minor Collection (Allocation Rate)
[18.512s][info][gc,phases] GC(436) y: Young Generation
[18.512s][info][gc,phases] GC(436) y: Pause Mark Start 0.007ms
[18.525s][info][gc,phases] GC(436) y: Concurrent Mark 12.391ms
[18.525s][info][gc,phases] GC(436) y: Pause Mark End 0.009ms
[18.525s][info][gc,phases] GC(436) y: Concurrent Mark Free 0.001ms
[18.525s][info][gc,phases] GC(436) y: Concurrent Reset Relocation Set 0.011ms
[18.527s][info][gc,phases] GC(436) y: Concurrent Select Relocation Set 1.981ms
[18.528s][info][gc,phases] GC(436) y: Pause Relocate Start 0.005ms
[18.532s][info][gc,phases] GC(436) y: Concurrent Relocate 4.371ms
[18.532s][info][gc,phases] GC(436) y: Young Generation 1432M(70%)->1126M(55%) 0.020s
[18.532s][info][gc       ] GC(436) Minor Collection (Allocation Rate) 1432M(70%)->1130M(55%) 0.020s
[18.572s][info][gc       ] GC(437) Minor Collection (Allocation Rate)
[18.572s][info][gc,phases] GC(437) y: Young Generation
[18.572s][info][gc,phases] GC(437) y: Pause Mark Start 0.007ms
[18.585s][info][gc,phases] GC(437) y: Concurrent Mark 12.799ms
[18.585s][info][gc,phases] GC(437) y: Pause Mark End 0.009ms
[18.585s][info][gc,phases] GC(437) y: Concurrent Mark Free 0.001ms
[18.585s][info][gc,phases] GC(437) y: Concurrent Reset Relocation Set 0.011ms
[18.587s][info][gc,phases] GC(437) y: Concurrent Select Relocation Set 1.965ms
[18.588s][info][gc,phases] GC(437) y: Pause Relocate Start 0.006ms
[18.593s][info][gc,phases] GC(437) y: Concurrent Relocate 4.915ms
[18.593s][info][gc,phases] GC(437) y: Young Generation 1508M(74%)->1148M(56%) 0.021s
[18.593s][info][gc       ] GC(437) Minor Collection (Allocation Rate) 1506M(74%)->1150M(56%) 0.021s
[18.632s][info][gc       ] GC(438) Minor Collection (Allocation Rate)
[18.633s][info][gc,phases] GC(438) y: Young Generation
[18.633s][info][gc,phases] GC(438) y: Pause Mark Start 0.007ms
[18.646s][info][gc,phases] GC(438) y: Concurrent Mark 12.769ms
[18.646s][info][gc,phases] GC(438) y: Pause Mark End 0.009ms
[18.646s][info][gc,phases] GC(438) y: Concurrent Mark Free 0.001ms
[18.646s][info][gc,phases] GC(438) y: Concurrent Reset Relocation Set 0.014ms
[18.648s][info][gc,phases] GC(438) y: Concurrent Select Relocation Set 1.707ms
[18.648s][info][gc,phases] GC(438) y: Pause Relocate Start 0.007ms
[18.653s][info][gc,phases] GC(438) y: Concurrent Relocate 4.782ms
[18.653s][info][gc,phases] GC(438) y: Young Generation 1530M(75%)->1152M(56%) 0.021s
[18.653s][info][gc       ] GC(438) Minor Collection (Allocation Rate) 1528M(75%)->1154M(56%) 0.021s
[18.695s][info][gc       ] GC(439) Minor Collection (Allocation Rate)
[18.695s][info][gc,phases] GC(439) y: Young Generation
[18.696s][info][gc,phases] GC(439) y: Pause Mark Start 0.007ms
[18.709s][info][gc,phases] GC(439) y: Concurrent Mark 13.755ms
[18.710s][info][gc,phases] GC(439) y: Pause Mark End 0.014ms
[18.710s][info][gc,phases] GC(439) y: Concurrent Mark Free 0.000ms
[18.710s][info][gc,phases] GC(439) y: Concurrent Reset Relocation Set 0.009ms
[18.712s][info][gc,phases] GC(439) y: Concurrent Select Relocation Set 2.123ms
[18.712s][info][gc,phases] GC(439) y: Pause Relocate Start 0.006ms
[18.718s][info][gc,phases] GC(439) y: Concurrent Relocate 5.288ms
[18.718s][info][gc,phases] GC(439) y: Young Generation 1558M(76%)->1180M(58%) 0.023s
[18.718s][info][gc       ] GC(439) Minor Collection (Allocation Rate) 1556M(76%)->1180M(58%) 0.023s
[18.753s][info][gc       ] GC(440) Minor Collection (Allocation Rate)
[18.753s][info][gc,phases] GC(440) y: Young Generation
[18.754s][info][gc,phases] GC(440) y: Pause Mark Start 0.007ms
[18.766s][info][gc,phases] GC(440) y: Concurrent Mark 12.123ms
[18.766s][info][gc,phases] GC(440) y: Pause Mark End 0.011ms
[18.766s][info][gc,phases] GC(440) y: Concurrent Mark Free 0.001ms
[18.766s][info][gc,phases] GC(440) y: Concurrent Reset Relocation Set 0.015ms
[18.769s][info][gc,phases] GC(440) y: Concurrent Select Relocation Set 2.181ms
[18.769s][info][gc,phases] GC(440) y: Pause Relocate Start 0.006ms
[18.774s][info][gc,phases] GC(440) y: Concurrent Relocate 5.102ms
[18.774s][info][gc,phases] GC(440) y: Young Generation 1520M(74%)->1258M(61%) 0.021s
[18.774s][info][gc       ] GC(440) Minor Collection (Allocation Rate) 1520M(74%)->1260M(62%) 0.021s
[18.801s][info][gc       ] GC(441) Minor Collection (Allocation Rate)
[18.801s][info][gc,phases] GC(441) y: Young Generation
[18.801s][info][gc,phases] GC(441) y: Pause Mark Start 0.009ms
[18.813s][info][gc,phases] GC(441) y: Concurrent Mark 12.186ms
[18.814s][info][gc,phases] GC(441) y: Pause Mark End 0.009ms
[18.814s][info][gc,phases] GC(441) y: Concurrent Mark Free 0.000ms
[18.814s][info][gc,phases] GC(441) y: Concurrent Reset Relocation Set 0.016ms
[18.816s][info][gc,phases] GC(441) y: Concurrent Select Relocation Set 1.787ms
[18.816s][info][gc,phases] GC(441) y: Pause Relocate Start 0.005ms
[18.820s][info][gc,phases] GC(441) y: Concurrent Relocate 4.375ms
[18.820s][info][gc,phases] GC(441) y: Young Generation 1514M(74%)->1210M(59%) 0.020s
[18.821s][info][gc       ] GC(441) Minor Collection (Allocation Rate) 1512M(74%)->1214M(59%) 0.020s
[18.849s][info][gc       ] GC(442) Minor Collection (Allocation Rate)
[18.849s][info][gc,phases] GC(442) y: Young Generation
[18.850s][info][gc,phases] GC(442) y: Pause Mark Start 0.006ms
[18.862s][info][gc,phases] GC(442) y: Concurrent Mark 12.318ms
[18.863s][info][gc,phases] GC(442) y: Pause Mark End 0.010ms
[18.863s][info][gc,phases] GC(442) y: Concurrent Mark Free 0.001ms
[18.863s][info][gc,phases] GC(442) y: Concurrent Reset Relocation Set 0.008ms
[18.865s][info][gc,phases] GC(442) y: Concurrent Select Relocation Set 1.949ms
[18.865s][info][gc,phases] GC(442) y: Pause Relocate Start 0.005ms
[18.870s][info][gc,phases] GC(442) y: Concurrent Relocate 4.484ms
[18.870s][info][gc,phases] GC(442) y: Young Generation 1492M(73%)->1184M(58%) 0.020s
[18.870s][info][gc       ] GC(442) Minor Collection (Allocation Rate) 1490M(73%)->1186M(58%) 0.021s
[18.904s][info][gc       ] GC(443) Minor Collection (Allocation Rate)
[18.904s][info][gc,phases] GC(443) y: Young Generation
[18.904s][info][gc,phases] GC(443) y: Pause Mark Start 0.007ms
[18.917s][info][gc,phases] GC(443) y: Concurrent Mark 12.559ms
[18.917s][info][gc,phases] GC(443) y: Pause Mark End 0.010ms
[18.917s][info][gc,phases] GC(443) y: Concurrent Mark Free 0.001ms
[18.918s][info][gc,phases] GC(443) y: Concurrent Reset Relocation Set 0.012ms
[18.920s][info][gc,phases] GC(443) y: Concurrent Select Relocation Set 1.938ms
[18.920s][info][gc,phases] GC(443) y: Pause Relocate Start 0.010ms
[18.924s][info][gc,phases] GC(443) y: Concurrent Relocate 4.505ms
[18.925s][info][gc,phases] GC(443) y: Young Generation 1514M(74%)->1198M(58%) 0.020s
[18.925s][info][gc       ] GC(443) Minor Collection (Allocation Rate) 1512M(74%)->1200M(59%) 0.021s
[18.962s][info][gc       ] GC(444) Minor Collection (Allocation Rate)
[18.962s][info][gc,phases] GC(444) y: Young Generation
[18.962s][info][gc,phases] GC(444) y: Pause Mark Start 0.006ms
[18.975s][info][gc,phases] GC(444) y: Concurrent Mark 12.632ms
[18.975s][info][gc,phases] GC(444) y: Pause Mark End 0.010ms
[18.975s][info][gc,phases] GC(444) y: Concurrent Mark Free 0.000ms
[18.975s][info][gc,phases] GC(444) y: Concurrent Reset Relocation Set 0.013ms
[18.977s][info][gc,phases] GC(444) y: Concurrent Select Relocation Set 1.815ms
[18.977s][info][gc,phases] GC(444) y: Pause Relocate Start 0.006ms
[18.982s][info][gc,phases] GC(444) y: Concurrent Relocate 4.684ms
[18.982s][info][gc,phases] GC(444) y: Young Generation 1556M(76%)->1204M(59%) 0.021s
[18.982s][info][gc       ] GC(444) Minor Collection (Allocation Rate) 1554M(76%)->1208M(59%) 0.021s
[19.018s][info][gc       ] GC(445) Minor Collection (Allocation Rate)
[19.018s][info][gc,phases] GC(445) y: Young Generation
[19.019s][info][gc,phases] GC(445) y: Pause Mark Start 0.007ms
[19.031s][info][gc,phases] GC(445) y: Concurrent Mark 12.658ms
[19.032s][info][gc,phases] GC(445) y: Pause Mark End 0.009ms
[19.032s][info][gc,phases] GC(445) y: Concurrent Mark Free 0.001ms
[19.032s][info][gc,phases] GC(445) y: Concurrent Reset Relocation Set 0.013ms
[19.034s][info][gc,phases] GC(445) y: Concurrent Select Relocation Set 1.943ms
[19.034s][info][gc,phases] GC(445) y: Pause Relocate Start 0.006ms
[19.039s][info][gc,phases] GC(445) y: Concurrent Relocate 4.659ms
[19.039s][info][gc,phases] GC(445) y: Young Generation 1552M(76%)->1218M(59%) 0.021s
[19.039s][info][gc       ] GC(445) Minor Collection (Allocation Rate) 1552M(76%)->1220M(60%) 0.021s
[19.076s][info][gc       ] GC(446) Minor Collection (Allocation Rate)
[19.076s][info][gc,phases] GC(446) y: Young Generation
[19.077s][info][gc,phases] GC(446) y: Pause Mark Start 0.007ms
[19.089s][info][gc,phases] GC(446) y: Concurrent Mark 12.690ms
[19.090s][info][gc,phases] GC(446) y: Pause Mark End 0.014ms
[19.090s][info][gc,phases] GC(446) y: Concurrent Mark Free 0.000ms
[19.090s][info][gc,phases] GC(446) y: Concurrent Reset Relocation Set 0.012ms
[19.092s][info][gc,phases] GC(446) y: Concurrent Select Relocation Set 1.929ms
[19.092s][info][gc,phases] GC(446) y: Pause Relocate Start 0.010ms
[19.097s][info][gc,phases] GC(446) y: Concurrent Relocate 4.756ms
[19.097s][info][gc,phases] GC(446) y: Young Generation 1576M(77%)->1232M(60%) 0.021s
[19.097s][info][gc       ] GC(446) Minor Collection (Allocation Rate) 1576M(77%)->1236M(60%) 0.021s
[19.135s][info][gc       ] GC(447) Minor Collection (Allocation Rate)
[19.136s][info][gc,phases] GC(447) y: Young Generation
[19.136s][info][gc,phases] GC(447) y: Pause Mark Start 0.007ms
[19.149s][info][gc,phases] GC(447) y: Concurrent Mark 12.922ms
[19.149s][info][gc,phases] GC(447) y: Pause Mark End 0.014ms
[19.149s][info][gc,phases] GC(447) y: Concurrent Mark Free 0.001ms
[19.149s][info][gc,phases] GC(447) y: Concurrent Reset Relocation Set 0.011ms
[19.151s][info][gc,phases] GC(447) y: Concurrent Select Relocation Set 1.970ms
[19.152s][info][gc,phases] GC(447) y: Pause Relocate Start 0.006ms
[19.157s][info][gc,phases] GC(447) y: Concurrent Relocate 4.851ms
[19.157s][info][gc,phases] GC(447) y: Young Generation 1602M(78%)->1246M(61%) 0.021s
[19.157s][info][gc       ] GC(447) Minor Collection (Allocation Rate) 1602M(78%)->1246M(61%) 0.021s
[19.192s][info][gc       ] GC(448) Minor Collection (Allocation Rate)
[19.192s][info][gc,phases] GC(448) y: Young Generation
[19.192s][info][gc,phases] GC(448) y: Pause Mark Start 0.007ms
[19.205s][info][gc,phases] GC(448) y: Concurrent Mark 12.802ms
[19.205s][info][gc,phases] GC(448) y: Pause Mark End 0.010ms
[19.205s][info][gc,phases] GC(448) y: Concurrent Mark Free 0.000ms
[19.205s][info][gc,phases] GC(448) y: Concurrent Reset Relocation Set 0.012ms
[19.207s][info][gc,phases] GC(448) y: Concurrent Select Relocation Set 1.925ms
[19.208s][info][gc,phases] GC(448) y: Pause Relocate Start 0.013ms
[19.213s][info][gc,phases] GC(448) y: Concurrent Relocate 4.728ms
[19.213s][info][gc,phases] GC(448) y: Young Generation 1582M(77%)->1252M(61%) 0.021s
[19.213s][info][gc       ] GC(448) Minor Collection (Allocation Rate) 1580M(77%)->1256M(61%) 0.021s
[19.248s][info][gc       ] GC(449) Minor Collection (Allocation Rate)
[19.248s][info][gc,phases] GC(449) y: Young Generation
[19.248s][info][gc,phases] GC(449) y: Pause Mark Start 0.009ms
[19.261s][info][gc,phases] GC(449) y: Concurrent Mark 12.675ms
[19.261s][info][gc,phases] GC(449) y: Pause Mark End 0.009ms
[19.261s][info][gc,phases] GC(449) y: Concurrent Mark Free 0.001ms
[19.262s][info][gc,phases] GC(449) y: Concurrent Reset Relocation Set 0.013ms
[19.264s][info][gc,phases] GC(449) y: Concurrent Select Relocation Set 1.968ms
[19.264s][info][gc,phases] GC(449) y: Pause Relocate Start 0.006ms
[19.269s][info][gc,phases] GC(449) y: Concurrent Relocate 4.671ms
[19.269s][info][gc,phases] GC(449) y: Young Generation 1592M(78%)->1266M(62%) 0.021s
[19.269s][info][gc       ] GC(449) Minor Collection (Allocation Rate) 1592M(78%)->1266M(62%) 0.021s
[19.296s][info][gc       ] GC(450) Minor Collection (Allocation Rate)
[19.297s][info][gc,phases] GC(450) y: Young Generation
[19.297s][info][gc,phases] GC(450) y: Pause Mark Start 0.015ms
[19.310s][info][gc,phases] GC(450) y: Concurrent Mark 12.572ms
[19.310s][info][gc,phases] GC(450) y: Pause Mark End 0.010ms
[19.310s][info][gc,phases] GC(450) y: Concurrent Mark Free 0.000ms
[19.310s][info][gc,phases] GC(450) y: Concurrent Reset Relocation Set 0.012ms
[19.312s][info][gc,phases] GC(450) y: Concurrent Select Relocation Set 1.897ms
[19.312s][info][gc,phases] GC(450) y: Pause Relocate Start 0.006ms
[19.317s][info][gc,phases] GC(450) y: Concurrent Relocate 4.486ms
[19.317s][info][gc,phases] GC(450) y: Young Generation 1584M(77%)->1264M(62%) 0.020s
[19.317s][info][gc       ] GC(450) Minor Collection (Allocation Rate) 1582M(77%)->1266M(62%) 0.021s
[19.348s][info][gc       ] GC(451) Major Collection (Allocation Rate)
[19.348s][info][gc,phases] GC(451) Y: Young Generation
[19.348s][info][gc,phases] GC(451) Y: Pause Mark Start (Major) 0.007ms
[19.357s][info][gc,phases] GC(451) Y: Concurrent Mark 8.956ms
[19.357s][info][gc,phases] GC(451) Y: Pause Mark End 0.011ms
[19.357s][info][gc,phases] GC(451) Y: Concurrent Mark Free 0.001ms
[19.358s][info][gc,phases] GC(451) Y: Concurrent Reset Relocation Set 0.011ms
[19.360s][info][gc,phases] GC(451) Y: Concurrent Select Relocation Set 1.914ms
[19.360s][info][gc,phases] GC(451) Y: Pause Relocate Start 0.005ms
[19.364s][info][gc,phases] GC(451) Y: Concurrent Relocate 4.180ms
[19.364s][info][gc,phases] GC(451) Y: Young Generation 1562M(76%)->1304M(64%) 0.016s
[19.364s][info][gc,phases] GC(451) O: Old Generation
[19.383s][info][gc       ] GC(452) Minor Collection (Allocation Rate)
[19.384s][info][gc,phases] GC(452) y: Young Generation
[19.384s][info][gc,phases] GC(452) y: Pause Mark Start 0.010ms
[19.393s][info][gc,phases] GC(452) y: Concurrent Mark 8.961ms
[19.393s][info][gc,phases] GC(452) y: Pause Mark End 0.010ms
[19.393s][info][gc,phases] GC(452) y: Concurrent Mark Free 0.000ms
[19.393s][info][gc,phases] GC(452) y: Concurrent Reset Relocation Set 0.012ms
[19.395s][info][gc,phases] GC(452) y: Concurrent Select Relocation Set 1.535ms
[19.395s][info][gc,phases] GC(452) y: Pause Relocate Start 0.005ms
[19.399s][info][gc,phases] GC(452) y: Concurrent Relocate 3.297ms
[19.399s][info][gc,phases] GC(452) y: Young Generation 1490M(73%)->1238M(60%) 0.015s
[19.399s][info][gc       ] GC(452) Minor Collection (Allocation Rate) 1488M(73%)->1242M(61%) 0.016s
[19.430s][info][gc       ] GC(453) Minor Collection (Allocation Rate)
[19.430s][info][gc,phases] GC(453) y: Young Generation
[19.430s][info][gc,phases] GC(453) y: Pause Mark Start 0.007ms
[19.441s][info][gc,phases] GC(453) y: Concurrent Mark 10.611ms
[19.441s][info][gc,phases] GC(453) y: Pause Mark End 0.011ms
[19.441s][info][gc,phases] GC(453) y: Concurrent Mark Free 0.000ms
[19.441s][info][gc,phases] GC(453) y: Concurrent Reset Relocation Set 0.007ms
[19.443s][info][gc,phases] GC(453) y: Concurrent Select Relocation Set 1.936ms
[19.444s][info][gc,phases] GC(453) y: Pause Relocate Start 0.005ms
[19.448s][info][gc,phases] GC(453) y: Concurrent Relocate 3.891ms
[19.448s][info][gc,phases] GC(453) y: Young Generation 1532M(75%)->1300M(63%) 0.018s
[19.448s][info][gc       ] GC(453) Minor Collection (Allocation Rate) 1530M(75%)->1304M(64%) 0.018s
[19.462s][info][gc       ] GC(454) Minor Collection (Allocation Rate)
[19.462s][info][gc,phases] GC(454) y: Young Generation
[19.463s][info][gc,phases] GC(454) y: Pause Mark Start 0.011ms
[19.472s][info][gc,phases] GC(454) y: Concurrent Mark 8.719ms
[19.472s][info][gc,phases] GC(454) y: Pause Mark End 0.010ms
[19.472s][info][gc,phases] GC(454) y: Concurrent Mark Free 0.001ms
[19.472s][info][gc,phases] GC(454) y: Concurrent Reset Relocation Set 0.013ms
[19.474s][info][gc,phases] GC(454) y: Concurrent Select Relocation Set 1.895ms
[19.474s][info][gc,phases] GC(454) y: Pause Relocate Start 0.005ms
[19.478s][info][gc,phases] GC(454) y: Concurrent Relocate 3.807ms
[19.478s][info][gc,phases] GC(454) y: Young Generation 1538M(75%)->1330M(65%) 0.016s
[19.478s][info][gc       ] GC(454) Minor Collection (Allocation Rate) 1536M(75%)->1332M(65%) 0.016s
[19.498s][info][gc       ] GC(455) Minor Collection (Allocation Rate)
[19.498s][info][gc,phases] GC(455) y: Young Generation
[19.498s][info][gc,phases] GC(455) y: Pause Mark Start 0.009ms
[19.506s][info][gc,phases] GC(455) y: Concurrent Mark 7.727ms
[19.506s][info][gc,phases] GC(455) y: Pause Mark End 0.011ms
[19.506s][info][gc,phases] GC(455) y: Concurrent Mark Free 0.000ms
[19.506s][info][gc,phases] GC(455) y: Concurrent Reset Relocation Set 0.012ms
[19.508s][info][gc,phases] GC(455) y: Concurrent Select Relocation Set 1.536ms
[19.508s][info][gc,phases] GC(455) y: Pause Relocate Start 0.008ms
[19.512s][info][gc,phases] GC(455) y: Concurrent Relocate 3.292ms
[19.512s][info][gc,phases] GC(455) y: Young Generation 1518M(74%)->1262M(62%) 0.014s
[19.512s][info][gc       ] GC(455) Minor Collection (Allocation Rate) 1518M(74%)->1262M(62%) 0.014s
[19.542s][info][gc       ] GC(456) Minor Collection (Allocation Rate)
[19.542s][info][gc,phases] GC(456) y: Young Generation
[19.542s][info][gc,phases] GC(456) y: Pause Mark Start 0.007ms
[19.550s][info][gc,phases] GC(456) y: Concurrent Mark 8.218ms
[19.551s][info][gc,phases] GC(456) y: Pause Mark End 0.011ms
[19.551s][info][gc,phases] GC(456) y: Concurrent Mark Free 0.000ms
[19.551s][info][gc,phases] GC(456) y: Concurrent Reset Relocation Set 0.007ms
[19.552s][info][gc,phases] GC(456) y: Concurrent Select Relocation Set 1.565ms
[19.553s][info][gc,phases] GC(456) y: Pause Relocate Start 0.005ms
[19.556s][info][gc,phases] GC(456) y: Concurrent Relocate 3.527ms
[19.556s][info][gc,phases] GC(456) y: Young Generation 1544M(75%)->1270M(62%) 0.015s
[19.556s][info][gc       ] GC(456) Minor Collection (Allocation Rate) 1544M(75%)->1272M(62%) 0.015s
[19.557s][info][gc,phases] GC(451) O: Concurrent Mark 192.224ms
[19.557s][info][gc,phases] GC(451) O: Pause Mark End 0.009ms
[19.557s][info][gc,phases] GC(451) O: Concurrent Mark Free 0.001ms
[19.560s][info][gc,phases] GC(451) O: Concurrent Process Non-Strong 3.546ms
[19.561s][info][gc,phases] GC(451) O: Concurrent Reset Relocation Set 0.017ms
[19.562s][info][gc,phases] GC(451) O: Concurrent Select Relocation Set 1.770ms
[19.583s][info][gc,phases] GC(451) O: Concurrent Remap Roots 20.685ms
[19.584s][info][gc,phases] GC(451) O: Pause Relocate Start 0.009ms
[19.616s][info][gc       ] GC(457) Minor Collection (Allocation Rate)
[19.616s][info][gc,phases] GC(457) y: Young Generation
[19.617s][info][gc,phases] GC(457) y: Pause Mark Start 0.010ms
[19.628s][info][gc,phases] GC(451) O: Concurrent Relocate 44.147ms
[19.631s][info][gc,phases] GC(457) y: Concurrent Mark 14.245ms
[19.631s][info][gc,phases] GC(457) y: Pause Mark End 0.009ms
[19.632s][info][gc,phases] GC(457) y: Concurrent Mark Free 0.001ms
[19.632s][info][gc,phases] GC(457) y: Concurrent Reset Relocation Set 0.007ms
[19.634s][info][gc,phases] GC(457) y: Concurrent Select Relocation Set 2.128ms
[19.634s][info][gc,phases] GC(457) y: Pause Relocate Start 0.007ms
[19.640s][info][gc,phases] GC(457) y: Concurrent Relocate 5.976ms
[19.640s][info][gc,phases] GC(457) y: Young Generation 1614M(79%)->1110M(54%) 0.024s
[19.640s][info][gc       ] GC(457) Minor Collection (Allocation Rate) 1612M(79%)->1110M(54%) 0.024s
[19.640s][info][gc,phases] GC(451) O: Old Generation 1308M(64%)->1668M(81%) 0.276s
[19.641s][info][gc       ] GC(451) Major Collection (Allocation Rate) 1560M(76%)->1114M(54%) 0.293s
[19.644s][info][gc       ] GC(458) Minor Collection (Allocation Rate)
[19.644s][info][gc,phases] GC(458) y: Young Generation
[19.645s][info][gc,phases] GC(458) y: Pause Mark Start 0.006ms
[19.655s][info][gc,phases] GC(458) y: Concurrent Mark 9.934ms
[19.655s][info][gc,phases] GC(458) y: Pause Mark End 0.011ms
[19.655s][info][gc,phases] GC(458) y: Concurrent Mark Free 0.001ms
[19.655s][info][gc,phases] GC(458) y: Concurrent Reset Relocation Set 0.016ms
[19.657s][info][gc,phases] GC(458) y: Concurrent Select Relocation Set 2.025ms
[19.658s][info][gc,phases] GC(458) y: Pause Relocate Start 0.008ms
[19.660s][info][gc,phases] GC(458) y: Concurrent Relocate 2.386ms
[19.660s][info][gc,phases] GC(458) y: Young Generation 1150M(56%)->1106M(54%) 0.016s
[19.660s][info][gc       ] GC(458) Minor Collection (Allocation Rate) 1148M(56%)->1108M(54%) 0.016s
[19.684s][info][gc       ] GC(459) Minor Collection (Allocation Rate)
[19.684s][info][gc,phases] GC(459) y: Young Generation
[19.684s][info][gc,phases] GC(459) y: Pause Mark Start 0.007ms
[19.695s][info][gc,phases] GC(459) y: Concurrent Mark 10.778ms
[19.695s][info][gc,phases] GC(459) y: Pause Mark End 0.011ms
[19.695s][info][gc,phases] GC(459) y: Concurrent Mark Free 0.001ms
[19.696s][info][gc,phases] GC(459) y: Concurrent Reset Relocation Set 0.008ms
[19.698s][info][gc,phases] GC(459) y: Concurrent Select Relocation Set 2.005ms
[19.698s][info][gc,phases] GC(459) y: Pause Relocate Start 0.010ms
[19.702s][info][gc,phases] GC(459) y: Concurrent Relocate 3.896ms
[19.702s][info][gc,phases] GC(459) y: Young Generation 1332M(65%)->1070M(52%) 0.018s
[19.702s][info][gc       ] GC(459) Minor Collection (Allocation Rate) 1330M(65%)->1072M(52%) 0.018s
[19.745s][info][gc       ] GC(460) Minor Collection (Allocation Rate)
[19.745s][info][gc,phases] GC(460) y: Young Generation
[19.745s][info][gc,phases] GC(460) y: Pause Mark Start 0.008ms
[19.756s][info][gc,phases] GC(460) y: Concurrent Mark 10.247ms
[19.756s][info][gc,phases] GC(460) y: Pause Mark End 0.018ms
[19.756s][info][gc,phases] GC(460) y: Concurrent Mark Free 0.001ms
[19.756s][info][gc,phases] GC(460) y: Concurrent Reset Relocation Set 0.011ms
[19.758s][info][gc,phases] GC(460) y: Concurrent Select Relocation Set 1.735ms
[19.758s][info][gc,phases] GC(460) y: Pause Relocate Start 0.005ms
[19.763s][info][gc,phases] GC(460) y: Concurrent Relocate 4.821ms
[19.763s][info][gc,phases] GC(460) y: Young Generation 1484M(72%)->1158M(57%) 0.018s
[19.763s][info][gc       ] GC(460) Minor Collection (Allocation Rate) 1484M(72%)->1162M(57%) 0.019s
[19.801s][info][gc       ] GC(461) Minor Collection (Allocation Rate)
[19.801s][info][gc,phases] GC(461) y: Young Generation
[19.801s][info][gc,phases] GC(461) y: Pause Mark Start 0.007ms
[19.814s][info][gc,phases] GC(461) y: Concurrent Mark 12.426ms
[19.814s][info][gc,phases] GC(461) y: Pause Mark End 0.009ms
[19.814s][info][gc,phases] GC(461) y: Concurrent Mark Free 0.000ms
[19.814s][info][gc,phases] GC(461) y: Concurrent Reset Relocation Set 0.009ms
[19.816s][info][gc,phases] GC(461) y: Concurrent Select Relocation Set 1.770ms
[19.817s][info][gc,phases] GC(461) y: Pause Relocate Start 0.005ms
[19.822s][info][gc,phases] GC(461) y: Concurrent Relocate 5.127ms
[19.822s][info][gc,phases] GC(461) y: Young Generation 1526M(75%)->1116M(54%) 0.021s
[19.822s][info][gc       ] GC(461) Minor Collection (Allocation Rate) 1524M(74%)->1118M(55%) 0.021s
[19.859s][info][gc       ] GC(462) Minor Collection (Allocation Rate)
[19.859s][info][gc,phases] GC(462) y: Young Generation
[19.859s][info][gc,phases] GC(462) y: Pause Mark Start 0.007ms
[19.872s][info][gc,phases] GC(462) y: Concurrent Mark 13.137ms
[19.873s][info][gc,phases] GC(462) y: Pause Mark End 0.010ms
[19.873s][info][gc,phases] GC(462) y: Concurrent Mark Free 0.001ms
[19.873s][info][gc,phases] GC(462) y: Concurrent Reset Relocation Set 0.012ms
[19.875s][info][gc,phases] GC(462) y: Concurrent Select Relocation Set 1.867ms
[19.875s][info][gc,phases] GC(462) y: Pause Relocate Start 0.005ms
[19.880s][info][gc,phases] GC(462) y: Concurrent Relocate 4.466ms
[19.880s][info][gc,phases] GC(462) y: Young Generation 1472M(72%)->1158M(57%) 0.021s
[19.880s][info][gc       ] GC(462) Minor Collection (Allocation Rate) 1472M(72%)->1162M(57%) 0.021s
[19.911s][info][gc       ] GC(463) Minor Collection (Allocation Rate)
[19.911s][info][gc,phases] GC(463) y: Young Generation
[19.911s][info][gc,phases] GC(463) y: Pause Mark Start 0.007ms
[19.925s][info][gc,phases] GC(463) y: Concurrent Mark 13.760ms
[19.926s][info][gc,phases] GC(463) y: Pause Mark End 0.009ms
[19.926s][info][gc,phases] GC(463) y: Concurrent Mark Free 0.001ms
[19.926s][info][gc,phases] GC(463) y: Concurrent Reset Relocation Set 0.011ms
[19.928s][info][gc,phases] GC(463) y: Concurrent Select Relocation Set 2.109ms
[19.928s][info][gc,phases] GC(463) y: Pause Relocate Start 0.008ms
[19.933s][info][gc,phases] GC(463) y: Concurrent Relocate 5.063ms
[19.934s][info][gc,phases] GC(463) y: Young Generation 1498M(73%)->1150M(56%) 0.022s
[19.934s][info][gc       ] GC(463) Minor Collection (Allocation Rate) 1498M(73%)->1152M(56%) 0.023s
[19.967s][info][gc       ] GC(464) Minor Collection (Allocation Rate)
[19.967s][info][gc,phases] GC(464) y: Young Generation
[19.968s][info][gc,phases] GC(464) y: Pause Mark Start 0.007ms
[19.981s][info][gc,phases] GC(464) y: Concurrent Mark 13.286ms
[19.981s][info][gc,phases] GC(464) y: Pause Mark End 0.009ms
[19.981s][info][gc,phases] GC(464) y: Concurrent Mark Free 0.001ms
[19.981s][info][gc,phases] GC(464) y: Concurrent Reset Relocation Set 0.015ms
[19.983s][info][gc,phases] GC(464) y: Concurrent Select Relocation Set 1.993ms
[19.984s][info][gc,phases] GC(464) y: Pause Relocate Start 0.005ms
[19.988s][info][gc,phases] GC(464) y: Concurrent Relocate 4.604ms
[19.989s][info][gc,phases] GC(464) y: Young Generation 1476M(72%)->1150M(56%) 0.021s
[19.989s][info][gc       ] GC(464) Minor Collection (Allocation Rate) 1474M(72%)->1150M(56%) 0.021s
[20.027s][info][gc       ] GC(465) Minor Collection (Allocation Rate)
[20.027s][info][gc,phases] GC(465) y: Young Generation
[20.027s][info][gc,phases] GC(465) y: Pause Mark Start 0.011ms
[20.040s][info][gc,phases] GC(465) y: Concurrent Mark 13.115ms
[20.041s][info][gc,phases] GC(465) y: Pause Mark End 0.009ms
[20.041s][info][gc,phases] GC(465) y: Concurrent Mark Free 0.001ms
[20.041s][info][gc,phases] GC(465) y: Concurrent Reset Relocation Set 0.012ms
[20.043s][info][gc,phases] GC(465) y: Concurrent Select Relocation Set 1.982ms
[20.043s][info][gc,phases] GC(465) y: Pause Relocate Start 0.006ms
[20.048s][info][gc,phases] GC(465) y: Concurrent Relocate 4.799ms
[20.048s][info][gc,phases] GC(465) y: Young Generation 1518M(74%)->1158M(57%) 0.021s
[20.048s][info][gc       ] GC(465) Minor Collection (Allocation Rate) 1516M(74%)->1160M(57%) 0.022s
[20.088s][info][gc       ] GC(466) Minor Collection (Allocation Rate)
[20.088s][info][gc,phases] GC(466) y: Young Generation
[20.088s][info][gc,phases] GC(466) y: Pause Mark Start 0.006ms
[20.101s][info][gc,phases] GC(466) y: Concurrent Mark 13.104ms
[20.102s][info][gc,phases] GC(466) y: Pause Mark End 0.013ms
[20.102s][info][gc,phases] GC(466) y: Concurrent Mark Free 0.001ms
[20.102s][info][gc,phases] GC(466) y: Concurrent Reset Relocation Set 0.013ms
[20.104s][info][gc,phases] GC(466) y: Concurrent Select Relocation Set 1.970ms
[20.104s][info][gc,phases] GC(466) y: Pause Relocate Start 0.005ms
[20.110s][info][gc,phases] GC(466) y: Concurrent Relocate 5.129ms
[20.110s][info][gc,phases] GC(466) y: Young Generation 1542M(75%)->1178M(58%) 0.022s
[20.110s][info][gc       ] GC(466) Minor Collection (Allocation Rate) 1542M(75%)->1182M(58%) 0.022s
[20.148s][info][gc       ] GC(467) Minor Collection (Allocation Rate)
[20.149s][info][gc,phases] GC(467) y: Young Generation
[20.149s][info][gc,phases] GC(467) y: Pause Mark Start 0.007ms
[20.162s][info][gc,phases] GC(467) y: Concurrent Mark 13.120ms
[20.162s][info][gc,phases] GC(467) y: Pause Mark End 0.011ms
[20.162s][info][gc,phases] GC(467) y: Concurrent Mark Free 0.000ms
[20.162s][info][gc,phases] GC(467) y: Concurrent Reset Relocation Set 0.012ms
[20.164s][info][gc,phases] GC(467) y: Concurrent Select Relocation Set 1.957ms
[20.165s][info][gc,phases] GC(467) y: Pause Relocate Start 0.008ms
[20.170s][info][gc,phases] GC(467) y: Concurrent Relocate 4.891ms
[20.170s][info][gc,phases] GC(467) y: Young Generation 1554M(76%)->1192M(58%) 0.021s
[20.170s][info][gc       ] GC(467) Minor Collection (Allocation Rate) 1552M(76%)->1196M(58%) 0.021s
[20.208s][info][gc       ] GC(468) Minor Collection (Allocation Rate)
[20.208s][info][gc,phases] GC(468) y: Young Generation
[20.208s][info][gc,phases] GC(468) y: Pause Mark Start 0.007ms
[20.222s][info][gc,phases] GC(468) y: Concurrent Mark 13.382ms
[20.222s][info][gc,phases] GC(468) y: Pause Mark End 0.011ms
[20.222s][info][gc,phases] GC(468) y: Concurrent Mark Free 0.000ms
[20.222s][info][gc,phases] GC(468) y: Concurrent Reset Relocation Set 0.012ms
[20.224s][info][gc,phases] GC(468) y: Concurrent Select Relocation Set 1.979ms
[20.225s][info][gc,phases] GC(468) y: Pause Relocate Start 0.007ms
[20.230s][info][gc,phases] GC(468) y: Concurrent Relocate 4.999ms
[20.230s][info][gc,phases] GC(468) y: Young Generation 1564M(76%)->1194M(58%) 0.022s
[20.230s][info][gc       ] GC(468) Minor Collection (Allocation Rate) 1564M(76%)->1198M(58%) 0.022s
[20.267s][info][gc       ] GC(469) Minor Collection (Allocation Rate)
[20.268s][info][gc,phases] GC(469) y: Young Generation
[20.268s][info][gc,phases] GC(469) y: Pause Mark Start 0.008ms
[20.281s][info][gc,phases] GC(469) y: Concurrent Mark 13.204ms
[20.281s][info][gc,phases] GC(469) y: Pause Mark End 0.010ms
[20.282s][info][gc,phases] GC(469) y: Concurrent Mark Free 0.000ms
[20.282s][info][gc,phases] GC(469) y: Concurrent Reset Relocation Set 0.013ms
[20.284s][info][gc,phases] GC(469) y: Concurrent Select Relocation Set 1.964ms
[20.284s][info][gc,phases] GC(469) y: Pause Relocate Start 0.005ms
[20.289s][info][gc,phases] GC(469) y: Concurrent Relocate 4.786ms
[20.289s][info][gc,phases] GC(469) y: Young Generation 1558M(76%)->1238M(60%) 0.021s
[20.289s][info][gc       ] GC(469) Minor Collection (Allocation Rate) 1558M(76%)->1242M(61%) 0.022s
[20.316s][info][gc       ] GC(470) Minor Collection (Allocation Rate)
[20.316s][info][gc,phases] GC(470) y: Young Generation
[20.317s][info][gc,phases] GC(470) y: Pause Mark Start 0.007ms
[20.330s][info][gc,phases] GC(470) y: Concurrent Mark 12.998ms
[20.330s][info][gc,phases] GC(470) y: Pause Mark End 0.008ms
[20.330s][info][gc,phases] GC(470) y: Concurrent Mark Free 0.001ms
[20.330s][info][gc,phases] GC(470) y: Concurrent Reset Relocation Set 0.013ms
[20.332s][info][gc,phases] GC(470) y: Concurrent Select Relocation Set 1.969ms
[20.332s][info][gc,phases] GC(470) y: Pause Relocate Start 0.006ms
[20.337s][info][gc,phases] GC(470) y: Concurrent Relocate 4.717ms
[20.337s][info][gc,phases] GC(470) y: Young Generation 1536M(75%)->1208M(59%) 0.021s
[20.338s][info][gc       ] GC(470) Minor Collection (Allocation Rate) 1536M(75%)->1210M(59%) 0.021s
[20.372s][info][gc       ] GC(471) Minor Collection (Allocation Rate)
[20.372s][info][gc,phases] GC(471) y: Young Generation
[20.372s][info][gc,phases] GC(471) y: Pause Mark Start 0.007ms
[20.384s][info][gc,phases] GC(471) y: Concurrent Mark 11.933ms
[20.385s][info][gc,phases] GC(471) y: Pause Mark End 0.011ms
[20.385s][info][gc,phases] GC(471) y: Concurrent Mark Free 0.001ms
[20.385s][info][gc,phases] GC(471) y: Concurrent Reset Relocation Set 0.012ms
[20.387s][info][gc,phases] GC(471) y: Concurrent Select Relocation Set 2.107ms
[20.387s][info][gc,phases] GC(471) y: Pause Relocate Start 0.007ms
[20.392s][info][gc,phases] GC(471) y: Concurrent Relocate 4.862ms
[20.392s][info][gc,phases] GC(471) y: Young Generation 1542M(75%)->1296M(63%) 0.020s
[20.392s][info][gc       ] GC(471) Minor Collection (Allocation Rate) 1540M(75%)->1296M(63%) 0.021s
[20.414s][info][gc       ] GC(472) Minor Collection (Allocation Rate)
[20.414s][info][gc,phases] GC(472) y: Young Generation
[20.415s][info][gc,phases] GC(472) y: Pause Mark Start 0.011ms
[20.427s][info][gc,phases] GC(472) y: Concurrent Mark 12.024ms
[20.427s][info][gc,phases] GC(472) y: Pause Mark End 0.009ms
[20.427s][info][gc,phases] GC(472) y: Concurrent Mark Free 0.000ms
[20.427s][info][gc,phases] GC(472) y: Concurrent Reset Relocation Set 0.015ms
[20.429s][info][gc,phases] GC(472) y: Concurrent Select Relocation Set 1.738ms
[20.429s][info][gc,phases] GC(472) y: Pause Relocate Start 0.005ms
[20.434s][info][gc,phases] GC(472) y: Concurrent Relocate 4.104ms
[20.434s][info][gc,phases] GC(472) y: Young Generation 1508M(74%)->1204M(59%) 0.019s
[20.434s][info][gc       ] GC(472) Minor Collection (Allocation Rate) 1506M(74%)->1208M(59%) 0.020s
[20.465s][info][gc       ] GC(473) Minor Collection (Allocation Rate)
[20.466s][info][gc,phases] GC(473) y: Young Generation
[20.466s][info][gc,phases] GC(473) y: Pause Mark Start 0.007ms
[20.478s][info][gc,phases] GC(473) y: Concurrent Mark 12.044ms
[20.478s][info][gc,phases] GC(473) y: Pause Mark End 0.009ms
[20.479s][info][gc,phases] GC(473) y: Concurrent Mark Free 0.001ms
[20.479s][info][gc,phases] GC(473) y: Concurrent Reset Relocation Set 0.007ms
[20.481s][info][gc,phases] GC(473) y: Concurrent Select Relocation Set 1.987ms
[20.481s][info][gc,phases] GC(473) y: Pause Relocate Start 0.006ms
[20.485s][info][gc,phases] GC(473) y: Concurrent Relocate 4.192ms
[20.485s][info][gc,phases] GC(473) y: Young Generation 1514M(74%)->1222M(60%) 0.020s
[20.485s][info][gc       ] GC(473) Minor Collection (Allocation Rate) 1512M(74%)->1224M(60%) 0.020s
[20.520s][info][gc       ] GC(474) Minor Collection (Allocation Rate)
[20.520s][info][gc,phases] GC(474) y: Young Generation
[20.520s][info][gc,phases] GC(474) y: Pause Mark Start 0.006ms
[20.532s][info][gc,phases] GC(474) y: Concurrent Mark 12.408ms
[20.533s][info][gc,phases] GC(474) y: Pause Mark End 0.009ms
[20.533s][info][gc,phases] GC(474) y: Concurrent Mark Free 0.001ms
[20.533s][info][gc,phases] GC(474) y: Concurrent Reset Relocation Set 0.011ms
[20.535s][info][gc,phases] GC(474) y: Concurrent Select Relocation Set 1.957ms
[20.535s][info][gc,phases] GC(474) y: Pause Relocate Start 0.006ms
[20.540s][info][gc,phases] GC(474) y: Concurrent Relocate 4.494ms
[20.540s][info][gc,phases] GC(474) y: Young Generation 1554M(76%)->1234M(60%) 0.020s
[20.540s][info][gc       ] GC(474) Minor Collection (Allocation Rate) 1554M(76%)->1238M(60%) 0.021s
[20.571s][info][gc       ] GC(475) Minor Collection (Allocation Rate)
[20.571s][info][gc,phases] GC(475) y: Young Generation
[20.571s][info][gc,phases] GC(475) y: Pause Mark Start 0.007ms
[20.583s][info][gc,phases] GC(475) y: Concurrent Mark 12.238ms
[20.584s][info][gc,phases] GC(475) y: Pause Mark End 0.010ms
[20.584s][info][gc,phases] GC(475) y: Concurrent Mark Free 0.001ms
[20.584s][info][gc,phases] GC(475) y: Concurrent Reset Relocation Set 0.012ms
[20.586s][info][gc,phases] GC(475) y: Concurrent Select Relocation Set 1.866ms
[20.586s][info][gc,phases] GC(475) y: Pause Relocate Start 0.010ms
[20.591s][info][gc,phases] GC(475) y: Concurrent Relocate 4.242ms
[20.591s][info][gc,phases] GC(475) y: Young Generation 1534M(75%)->1238M(60%) 0.020s
[20.591s][info][gc       ] GC(475) Minor Collection (Allocation Rate) 1534M(75%)->1240M(61%) 0.020s
[20.625s][info][gc       ] GC(476) Major Collection (Allocation Rate)
[20.625s][info][gc,phases] GC(476) Y: Young Generation
[20.626s][info][gc,phases] GC(476) Y: Pause Mark Start (Major) 0.008ms
[20.635s][info][gc,phases] GC(476) Y: Concurrent Mark 9.584ms
[20.636s][info][gc,phases] GC(476) Y: Pause Mark End 0.009ms
[20.636s][info][gc,phases] GC(476) Y: Concurrent Mark Free 0.001ms
[20.636s][info][gc,phases] GC(476) Y: Concurrent Reset Relocation Set 0.012ms
[20.638s][info][gc,phases] GC(476) Y: Concurrent Select Relocation Set 1.744ms
[20.638s][info][gc,phases] GC(476) Y: Pause Relocate Start 0.005ms
[20.642s][info][gc,phases] GC(476) Y: Concurrent Relocate 4.275ms
[20.642s][info][gc,phases] GC(476) Y: Young Generation 1574M(77%)->1228M(60%) 0.017s
[20.643s][info][gc,phases] GC(476) O: Old Generation
[20.677s][info][gc       ] GC(477) Minor Collection (Allocation Rate)
[20.677s][info][gc,phases] GC(477) y: Young Generation
[20.677s][info][gc,phases] GC(477) y: Pause Mark Start 0.009ms
[20.687s][info][gc,phases] GC(477) y: Concurrent Mark 10.007ms
[20.687s][info][gc,phases] GC(477) y: Pause Mark End 0.027ms
[20.688s][info][gc,phases] GC(477) y: Concurrent Mark Free 0.000ms
[20.688s][info][gc,phases] GC(477) y: Concurrent Reset Relocation Set 0.009ms
[20.689s][info][gc,phases] GC(477) y: Concurrent Select Relocation Set 1.766ms
[20.690s][info][gc,phases] GC(477) y: Pause Relocate Start 0.006ms
[20.694s][info][gc,phases] GC(477) y: Concurrent Relocate 4.079ms
[20.694s][info][gc,phases] GC(477) y: Young Generation 1552M(76%)->1242M(61%) 0.017s
[20.694s][info][gc       ] GC(477) Minor Collection (Allocation Rate) 1550M(76%)->1244M(61%) 0.018s
[20.734s][info][gc       ] GC(478) Minor Collection (Allocation Rate)
[20.734s][info][gc,phases] GC(478) y: Young Generation
[20.735s][info][gc,phases] GC(478) y: Pause Mark Start 0.010ms
[20.745s][info][gc,phases] GC(478) y: Concurrent Mark 10.501ms
[20.745s][info][gc,phases] GC(478) y: Pause Mark End 0.011ms
[20.746s][info][gc,phases] GC(478) y: Concurrent Mark Free 0.000ms
[20.746s][info][gc,phases] GC(478) y: Concurrent Reset Relocation Set 0.012ms
[20.748s][info][gc,phases] GC(478) y: Concurrent Select Relocation Set 1.944ms
[20.748s][info][gc,phases] GC(478) y: Pause Relocate Start 0.008ms
[20.753s][info][gc,phases] GC(478) y: Concurrent Relocate 4.800ms
[20.753s][info][gc,phases] GC(478) y: Young Generation 1624M(79%)->1266M(62%) 0.019s
[20.753s][info][gc       ] GC(478) Minor Collection (Allocation Rate) 1624M(79%)->1270M(62%) 0.019s
[20.788s][info][gc       ] GC(479) Minor Collection (Allocation Rate)
[20.789s][info][gc,phases] GC(479) y: Young Generation
[20.789s][info][gc,phases] GC(479) y: Pause Mark Start 0.015ms
[20.799s][info][gc,phases] GC(479) y: Concurrent Mark 9.802ms
[20.799s][info][gc,phases] GC(479) y: Pause Mark End 0.009ms
[20.799s][info][gc,phases] GC(479) y: Concurrent Mark Free 0.000ms
[20.799s][info][gc,phases] GC(479) y: Concurrent Reset Relocation Set 0.015ms
[20.801s][info][gc,phases] GC(479) y: Concurrent Select Relocation Set 1.548ms
[20.801s][info][gc,phases] GC(479) y: Pause Relocate Start 0.005ms
[20.805s][info][gc,phases] GC(479) y: Concurrent Relocate 4.073ms
[20.805s][info][gc,phases] GC(479) y: Young Generation 1604M(78%)->1258M(61%) 0.017s
[20.805s][info][gc       ] GC(479) Minor Collection (Allocation Rate) 1604M(78%)->1260M(62%) 0.017s
[20.826s][info][gc,phases] GC(476) O: Concurrent Mark 183.886ms
[20.827s][info][gc,phases] GC(476) O: Pause Mark End 0.010ms
[20.827s][info][gc,phases] GC(476) O: Concurrent Mark Free 0.001ms
[20.831s][info][gc,phases] GC(476) O: Concurrent Process Non-Strong 3.646ms
[20.831s][info][gc,phases] GC(476) O: Concurrent Reset Relocation Set 0.019ms
[20.833s][info][gc,phases] GC(476) O: Concurrent Select Relocation Set 1.829ms
[20.854s][info][gc,phases] GC(476) O: Concurrent Remap Roots 20.758ms
[20.854s][info][gc,phases] GC(476) O: Pause Relocate Start 0.009ms
[20.854s][info][gc       ] GC(480) Minor Collection (Allocation Rate)
[20.854s][info][gc,phases] GC(480) y: Young Generation
[20.854s][info][gc,phases] GC(480) y: Pause Mark Start 0.006ms
[20.869s][info][gc,phases] GC(480) y: Concurrent Mark 14.416ms
[20.869s][info][gc,phases] GC(480) y: Pause Mark End 0.012ms
[20.869s][info][gc,phases] GC(480) y: Concurrent Mark Free 0.000ms
[20.870s][info][gc,phases] GC(480) y: Concurrent Reset Relocation Set 0.010ms
[20.872s][info][gc,phases] GC(480) y: Concurrent Select Relocation Set 1.993ms
[20.872s][info][gc,phases] GC(480) y: Pause Relocate Start 0.008ms
[20.878s][info][gc,phases] GC(480) y: Concurrent Relocate 5.629ms
[20.878s][info][gc,phases] GC(480) y: Young Generation 1696M(83%)->1184M(58%) 0.024s
[20.878s][info][gc       ] GC(480) Minor Collection (Allocation Rate) 1708M(83%)->1184M(58%) 0.024s
[20.898s][info][gc,phases] GC(476) O: Concurrent Relocate 43.797ms
[20.898s][info][gc,phases] GC(476) O: Old Generation 1232M(60%)->1282M(63%) 0.255s
[20.898s][info][gc       ] GC(476) Major Collection (Allocation Rate) 1572M(77%)->1282M(63%) 0.273s
[20.910s][info][gc       ] GC(481) Minor Collection (Allocation Rate)
[20.910s][info][gc,phases] GC(481) y: Young Generation
[20.910s][info][gc,phases] GC(481) y: Pause Mark Start 0.007ms
[20.923s][info][gc,phases] GC(481) y: Concurrent Mark 12.999ms
[20.924s][info][gc,phases] GC(481) y: Pause Mark End 0.010ms
[20.924s][info][gc,phases] GC(481) y: Concurrent Mark Free 0.001ms
[20.924s][info][gc,phases] GC(481) y: Concurrent Reset Relocation Set 0.017ms
[20.926s][info][gc,phases] GC(481) y: Concurrent Select Relocation Set 1.752ms
[20.926s][info][gc,phases] GC(481) y: Pause Relocate Start 0.006ms
[20.930s][info][gc,phases] GC(481) y: Concurrent Relocate 4.263ms
[20.930s][info][gc,phases] GC(481) y: Young Generation 1398M(68%)->1084M(53%) 0.020s
[20.931s][info][gc       ] GC(481) Minor Collection (Allocation Rate) 1396M(68%)->1086M(53%) 0.021s
[20.973s][info][gc       ] GC(482) Minor Collection (Allocation Rate)
[20.973s][info][gc,phases] GC(482) y: Young Generation
[20.973s][info][gc,phases] GC(482) y: Pause Mark Start 0.007ms
[20.987s][info][gc,phases] GC(482) y: Concurrent Mark 13.735ms
[20.987s][info][gc,phases] GC(482) y: Pause Mark End 0.010ms
[20.987s][info][gc,phases] GC(482) y: Concurrent Mark Free 0.001ms
[20.987s][info][gc,phases] GC(482) y: Concurrent Reset Relocation Set 0.008ms
[20.989s][info][gc,phases] GC(482) y: Concurrent Select Relocation Set 2.145ms
[20.990s][info][gc,phases] GC(482) y: Pause Relocate Start 0.008ms
[20.995s][info][gc,phases] GC(482) y: Concurrent Relocate 5.288ms
[20.995s][info][gc,phases] GC(482) y: Young Generation 1492M(73%)->1110M(54%) 0.023s
[20.995s][info][gc       ] GC(482) Minor Collection (Allocation Rate) 1492M(73%)->1114M(54%) 0.023s
[21.037s][info][gc       ] GC(483) Minor Collection (Allocation Rate)
[21.037s][info][gc,phases] GC(483) y: Young Generation
[21.037s][info][gc,phases] GC(483) y: Pause Mark Start 0.007ms
[21.051s][info][gc,phases] GC(483) y: Concurrent Mark 13.636ms
[21.051s][info][gc,phases] GC(483) y: Pause Mark End 0.009ms
[21.051s][info][gc,phases] GC(483) y: Concurrent Mark Free 0.001ms
[21.052s][info][gc,phases] GC(483) y: Concurrent Reset Relocation Set 0.015ms
[21.054s][info][gc,phases] GC(483) y: Concurrent Select Relocation Set 2.014ms
[21.054s][info][gc,phases] GC(483) y: Pause Relocate Start 0.006ms
[21.059s][info][gc,phases] GC(483) y: Concurrent Relocate 5.254ms
[21.059s][info][gc,phases] GC(483) y: Young Generation 1510M(74%)->1116M(54%) 0.022s
[21.059s][info][gc       ] GC(483) Minor Collection (Allocation Rate) 1510M(74%)->1118M(55%) 0.023s
[21.101s][info][gc       ] GC(484) Minor Collection (Allocation Rate)
[21.102s][info][gc,phases] GC(484) y: Young Generation
[21.102s][info][gc,phases] GC(484) y: Pause Mark Start 0.007ms
[21.115s][info][gc,phases] GC(484) y: Concurrent Mark 13.451ms
[21.116s][info][gc,phases] GC(484) y: Pause Mark End 0.009ms
[21.116s][info][gc,phases] GC(484) y: Concurrent Mark Free 0.001ms
[21.116s][info][gc,phases] GC(484) y: Concurrent Reset Relocation Set 0.014ms
[21.118s][info][gc,phases] GC(484) y: Concurrent Select Relocation Set 1.719ms
[21.118s][info][gc,phases] GC(484) y: Pause Relocate Start 0.005ms
[21.123s][info][gc,phases] GC(484) y: Concurrent Relocate 5.007ms
[21.123s][info][gc,phases] GC(484) y: Young Generation 1522M(74%)->1118M(55%) 0.022s
[21.123s][info][gc       ] GC(484) Minor Collection (Allocation Rate) 1520M(74%)->1120M(55%) 0.022s
[21.168s][info][gc       ] GC(485) Minor Collection (Allocation Rate)
[21.168s][info][gc,phases] GC(485) y: Young Generation
[21.168s][info][gc,phases] GC(485) y: Pause Mark Start 0.007ms
[21.183s][info][gc,phases] GC(485) y: Concurrent Mark 14.289ms
[21.183s][info][gc,phases] GC(485) y: Pause Mark End 0.010ms
[21.183s][info][gc,phases] GC(485) y: Concurrent Mark Free 0.001ms
[21.183s][info][gc,phases] GC(485) y: Concurrent Reset Relocation Set 0.010ms
[21.185s][info][gc,phases] GC(485) y: Concurrent Select Relocation Set 2.236ms
[21.186s][info][gc,phases] GC(485) y: Pause Relocate Start 0.006ms
[21.191s][info][gc,phases] GC(485) y: Concurrent Relocate 5.447ms
[21.191s][info][gc,phases] GC(485) y: Young Generation 1550M(76%)->1188M(58%) 0.023s
[21.191s][info][gc       ] GC(485) Minor Collection (Allocation Rate) 1550M(76%)->1192M(58%) 0.024s
[21.219s][info][gc       ] GC(486) Minor Collection (Allocation Rate)
[21.219s][info][gc,phases] GC(486) y: Young Generation
[21.219s][info][gc,phases] GC(486) y: Pause Mark Start 0.007ms
[21.233s][info][gc,phases] GC(486) y: Concurrent Mark 13.569ms
[21.233s][info][gc,phases] GC(486) y: Pause Mark End 0.010ms
[21.233s][info][gc,phases] GC(486) y: Concurrent Mark Free 0.000ms
[21.233s][info][gc,phases] GC(486) y: Concurrent Reset Relocation Set 0.017ms
[21.235s][info][gc,phases] GC(486) y: Concurrent Select Relocation Set 1.955ms
[21.235s][info][gc,phases] GC(486) y: Pause Relocate Start 0.005ms
[21.240s][info][gc,phases] GC(486) y: Concurrent Relocate 4.798ms
[21.241s][info][gc,phases] GC(486) y: Young Generation 1482M(72%)->1142M(56%) 0.022s
[21.241s][info][gc       ] GC(486) Minor Collection (Allocation Rate) 1482M(72%)->1144M(56%) 0.022s
[21.277s][info][gc       ] GC(487) Minor Collection (Allocation Rate)
[21.277s][info][gc,phases] GC(487) y: Young Generation
[21.277s][info][gc,phases] GC(487) y: Pause Mark Start 0.007ms
[21.290s][info][gc,phases] GC(487) y: Concurrent Mark 13.044ms
[21.291s][info][gc,phases] GC(487) y: Pause Mark End 0.010ms
[21.291s][info][gc,phases] GC(487) y: Concurrent Mark Free 0.001ms
[21.291s][info][gc,phases] GC(487) y: Concurrent Reset Relocation Set 0.013ms
[21.293s][info][gc,phases] GC(487) y: Concurrent Select Relocation Set 1.938ms
[21.293s][info][gc,phases] GC(487) y: Pause Relocate Start 0.008ms
[21.298s][info][gc,phases] GC(487) y: Concurrent Relocate 4.699ms
[21.298s][info][gc,phases] GC(487) y: Young Generation 1492M(73%)->1148M(56%) 0.021s
[21.298s][info][gc       ] GC(487) Minor Collection (Allocation Rate) 1490M(73%)->1152M(56%) 0.021s
[21.336s][info][gc       ] GC(488) Minor Collection (Allocation Rate)
[21.336s][info][gc,phases] GC(488) y: Young Generation
[21.336s][info][gc,phases] GC(488) y: Pause Mark Start 0.006ms
[21.350s][info][gc,phases] GC(488) y: Concurrent Mark 13.119ms
[21.350s][info][gc,phases] GC(488) y: Pause Mark End 0.010ms
[21.350s][info][gc,phases] GC(488) y: Concurrent Mark Free 0.000ms
[21.350s][info][gc,phases] GC(488) y: Concurrent Reset Relocation Set 0.013ms
[21.352s][info][gc,phases] GC(488) y: Concurrent Select Relocation Set 2.023ms
[21.352s][info][gc,phases] GC(488) y: Pause Relocate Start 0.010ms
[21.358s][info][gc,phases] GC(488) y: Concurrent Relocate 4.960ms
[21.358s][info][gc,phases] GC(488) y: Young Generation 1516M(74%)->1166M(57%) 0.022s
[21.358s][info][gc       ] GC(488) Minor Collection (Allocation Rate) 1516M(74%)->1168M(57%) 0.022s
[21.397s][info][gc       ] GC(489) Minor Collection (Allocation Rate)
[21.397s][info][gc,phases] GC(489) y: Young Generation
[21.397s][info][gc,phases] GC(489) y: Pause Mark Start 0.010ms
[21.410s][info][gc,phases] GC(489) y: Concurrent Mark 13.100ms
[21.411s][info][gc,phases] GC(489) y: Pause Mark End 0.009ms
[21.411s][info][gc,phases] GC(489) y: Concurrent Mark Free 0.001ms
[21.411s][info][gc,phases] GC(489) y: Concurrent Reset Relocation Set 0.013ms
[21.413s][info][gc,phases] GC(489) y: Concurrent Select Relocation Set 2.004ms
[21.413s][info][gc,phases] GC(489) y: Pause Relocate Start 0.006ms
[21.418s][info][gc,phases] GC(489) y: Concurrent Relocate 5.000ms
[21.418s][info][gc,phases] GC(489) y: Young Generation 1544M(75%)->1176M(57%) 0.022s
[21.418s][info][gc       ] GC(489) Minor Collection (Allocation Rate) 1542M(75%)->1178M(58%) 0.022s
[21.458s][info][gc       ] GC(490) Minor Collection (Allocation Rate)
[21.458s][info][gc,phases] GC(490) y: Young Generation
[21.458s][info][gc,phases] GC(490) y: Pause Mark Start 0.007ms
[21.471s][info][gc,phases] GC(490) y: Concurrent Mark 13.201ms
[21.472s][info][gc,phases] GC(490) y: Pause Mark End 0.009ms
[21.472s][info][gc,phases] GC(490) y: Concurrent Mark Free 0.001ms
[21.472s][info][gc,phases] GC(490) y: Concurrent Reset Relocation Set 0.015ms
[21.474s][info][gc,phases] GC(490) y: Concurrent Select Relocation Set 1.952ms
[21.474s][info][gc,phases] GC(490) y: Pause Relocate Start 0.010ms
[21.479s][info][gc,phases] GC(490) y: Concurrent Relocate 5.061ms
[21.479s][info][gc,phases] GC(490) y: Young Generation 1554M(76%)->1182M(58%) 0.022s
[21.479s][info][gc       ] GC(490) Minor Collection (Allocation Rate) 1554M(76%)->1186M(58%) 0.022s
[21.520s][info][gc       ] GC(491) Minor Collection (Allocation Rate)
[21.521s][info][gc,phases] GC(491) y: Young Generation
[21.521s][info][gc,phases] GC(491) y: Pause Mark Start 0.011ms
[21.533s][info][gc,phases] GC(491) y: Concurrent Mark 12.354ms
[21.534s][info][gc,phases] GC(491) y: Pause Mark End 0.011ms
[21.534s][info][gc,phases] GC(491) y: Concurrent Mark Free 0.001ms
[21.534s][info][gc,phases] GC(491) y: Concurrent Reset Relocation Set 0.011ms
[21.536s][info][gc,phases] GC(491) y: Concurrent Select Relocation Set 2.174ms
[21.536s][info][gc,phases] GC(491) y: Pause Relocate Start 0.007ms
[21.542s][info][gc,phases] GC(491) y: Concurrent Relocate 5.349ms
[21.542s][info][gc,phases] GC(491) y: Young Generation 1580M(77%)->1278M(62%) 0.021s
[21.542s][info][gc       ] GC(491) Minor Collection (Allocation Rate) 1578M(77%)->1278M(62%) 0.022s
[21.569s][info][gc       ] GC(492) Minor Collection (Allocation Rate)
[21.569s][info][gc,phases] GC(492) y: Young Generation
[21.570s][info][gc,phases] GC(492) y: Pause Mark Start 0.007ms
[21.582s][info][gc,phases] GC(492) y: Concurrent Mark 12.531ms
[21.582s][info][gc,phases] GC(492) y: Pause Mark End 0.009ms
[21.583s][info][gc,phases] GC(492) y: Concurrent Mark Free 0.001ms
[21.583s][info][gc,phases] GC(492) y: Concurrent Reset Relocation Set 0.016ms
[21.585s][info][gc,phases] GC(492) y: Concurrent Select Relocation Set 1.774ms
[21.585s][info][gc,phases] GC(492) y: Pause Relocate Start 0.005ms
[21.589s][info][gc,phases] GC(492) y: Concurrent Relocate 4.431ms
[21.589s][info][gc,phases] GC(492) y: Young Generation 1542M(75%)->1222M(60%) 0.020s
[21.589s][info][gc       ] GC(492) Minor Collection (Allocation Rate) 1540M(75%)->1222M(60%) 0.020s
[21.605s][info][gc       ] GC(493) Minor Collection (Allocation Rate)
[21.605s][info][gc,phases] GC(493) y: Young Generation
[21.605s][info][gc,phases] GC(493) y: Pause Mark Start 0.006ms
[21.617s][info][gc,phases] GC(493) y: Concurrent Mark 12.107ms
[21.617s][info][gc,phases] GC(493) y: Pause Mark End 0.009ms
[21.617s][info][gc,phases] GC(493) y: Concurrent Mark Free 0.001ms
[21.617s][info][gc,phases] GC(493) y: Concurrent Reset Relocation Set 0.008ms
[21.619s][info][gc,phases] GC(493) y: Concurrent Select Relocation Set 1.973ms
[21.620s][info][gc,phases] GC(493) y: Pause Relocate Start 0.005ms
[21.624s][info][gc,phases] GC(493) y: Concurrent Relocate 4.157ms
[21.624s][info][gc,phases] GC(493) y: Young Generation 1470M(72%)->1190M(58%) 0.020s
[21.624s][info][gc       ] GC(493) Minor Collection (Allocation Rate) 1470M(72%)->1194M(58%) 0.020s
[21.652s][info][gc       ] GC(494) Minor Collection (Allocation Rate)
[21.652s][info][gc,phases] GC(494) y: Young Generation
[21.653s][info][gc,phases] GC(494) y: Pause Mark Start 0.007ms
[21.664s][info][gc,phases] GC(494) y: Concurrent Mark 11.212ms
[21.664s][info][gc,phases] GC(494) y: Pause Mark End 0.011ms
[21.664s][info][gc,phases] GC(494) y: Concurrent Mark Free 0.001ms
[21.664s][info][gc,phases] GC(494) y: Concurrent Reset Relocation Set 0.011ms
[21.667s][info][gc,phases] GC(494) y: Concurrent Select Relocation Set 2.139ms
[21.667s][info][gc,phases] GC(494) y: Pause Relocate Start 0.010ms
[21.671s][info][gc,phases] GC(494) y: Concurrent Relocate 4.082ms
[21.671s][info][gc,phases] GC(494) y: Young Generation 1462M(71%)->1300M(63%) 0.019s
[21.671s][info][gc       ] GC(494) Minor Collection (Allocation Rate) 1462M(71%)->1304M(64%) 0.019s
[21.683s][info][gc       ] GC(495) Minor Collection (Allocation Rate)
[21.684s][info][gc,phases] GC(495) y: Young Generation
[21.684s][info][gc,phases] GC(495) y: Pause Mark Start 0.009ms
[21.695s][info][gc,phases] GC(495) y: Concurrent Mark 11.130ms
[21.695s][info][gc,phases] GC(495) y: Pause Mark End 0.009ms
[21.695s][info][gc,phases] GC(495) y: Concurrent Mark Free 0.001ms
[21.696s][info][gc,phases] GC(495) y: Concurrent Reset Relocation Set 0.015ms
[21.697s][info][gc,phases] GC(495) y: Concurrent Select Relocation Set 1.745ms
[21.698s][info][gc,phases] GC(495) y: Pause Relocate Start 0.005ms
[21.701s][info][gc,phases] GC(495) y: Concurrent Relocate 3.665ms
[21.702s][info][gc,phases] GC(495) y: Young Generation 1456M(71%)->1188M(58%) 0.018s
[21.702s][info][gc       ] GC(495) Minor Collection (Allocation Rate) 1456M(71%)->1190M(58%) 0.018s
[21.732s][info][gc       ] GC(496) Minor Collection (Allocation Rate)
[21.732s][info][gc,phases] GC(496) y: Young Generation
[21.732s][info][gc,phases] GC(496) y: Pause Mark Start 0.007ms
[21.744s][info][gc,phases] GC(496) y: Concurrent Mark 11.554ms
[21.744s][info][gc,phases] GC(496) y: Pause Mark End 0.009ms
[21.744s][info][gc,phases] GC(496) y: Concurrent Mark Free 0.001ms
[21.744s][info][gc,phases] GC(496) y: Concurrent Reset Relocation Set 0.006ms
[21.746s][info][gc,phases] GC(496) y: Concurrent Select Relocation Set 1.966ms
[21.746s][info][gc,phases] GC(496) y: Pause Relocate Start 0.006ms
[21.750s][info][gc,phases] GC(496) y: Concurrent Relocate 4.006ms
[21.751s][info][gc,phases] GC(496) y: Young Generation 1478M(72%)->1204M(59%) 0.019s
[21.751s][info][gc       ] GC(496) Minor Collection (Allocation Rate) 1478M(72%)->1208M(59%) 0.019s
[21.781s][info][gc       ] GC(497) Minor Collection (Allocation Rate)
[21.782s][info][gc,phases] GC(497) y: Young Generation
[21.782s][info][gc,phases] GC(497) y: Pause Mark Start 0.007ms
[21.794s][info][gc,phases] GC(497) y: Concurrent Mark 11.833ms
[21.794s][info][gc,phases] GC(497) y: Pause Mark End 0.009ms
[21.794s][info][gc,phases] GC(497) y: Concurrent Mark Free 0.000ms
[21.794s][info][gc,phases] GC(497) y: Concurrent Reset Relocation Set 0.012ms
[21.796s][info][gc,phases] GC(497) y: Concurrent Select Relocation Set 1.900ms
[21.796s][info][gc,phases] GC(497) y: Pause Relocate Start 0.007ms
[21.801s][info][gc,phases] GC(497) y: Concurrent Relocate 4.103ms
[21.801s][info][gc,phases] GC(497) y: Young Generation 1504M(73%)->1220M(60%) 0.019s
[21.801s][info][gc       ] GC(497) Minor Collection (Allocation Rate) 1502M(73%)->1222M(60%) 0.020s
[21.829s][info][gc       ] GC(498) Minor Collection (Allocation Rate)
[21.829s][info][gc,phases] GC(498) y: Young Generation
[21.830s][info][gc,phases] GC(498) y: Pause Mark Start 0.006ms
[21.842s][info][gc,phases] GC(498) y: Concurrent Mark 11.816ms
[21.842s][info][gc,phases] GC(498) y: Pause Mark End 0.009ms
[21.842s][info][gc,phases] GC(498) y: Concurrent Mark Free 0.000ms
[21.842s][info][gc,phases] GC(498) y: Concurrent Reset Relocation Set 0.012ms
[21.844s][info][gc,phases] GC(498) y: Concurrent Select Relocation Set 1.894ms
[21.844s][info][gc,phases] GC(498) y: Pause Relocate Start 0.006ms
[21.848s][info][gc,phases] GC(498) y: Concurrent Relocate 3.953ms
[21.849s][info][gc,phases] GC(498) y: Young Generation 1496M(73%)->1226M(60%) 0.019s
[21.849s][info][gc       ] GC(498) Minor Collection (Allocation Rate) 1496M(73%)->1228M(60%) 0.019s
[21.880s][info][gc       ] GC(499) Minor Collection (Allocation Rate)
[21.881s][info][gc,phases] GC(499) y: Young Generation
[21.881s][info][gc,phases] GC(499) y: Pause Mark Start 0.006ms
[21.893s][info][gc,phases] GC(499) y: Concurrent Mark 11.926ms
[21.893s][info][gc,phases] GC(499) y: Pause Mark End 0.009ms
[21.893s][info][gc,phases] GC(499) y: Concurrent Mark Free 0.001ms
[21.893s][info][gc,phases] GC(499) y: Concurrent Reset Relocation Set 0.010ms
[21.895s][info][gc,phases] GC(499) y: Concurrent Select Relocation Set 1.971ms
[21.896s][info][gc,phases] GC(499) y: Pause Relocate Start 0.006ms
[21.900s][info][gc,phases] GC(499) y: Concurrent Relocate 4.162ms
[21.900s][info][gc,phases] GC(499) y: Young Generation 1536M(75%)->1268M(62%) 0.019s
[21.900s][info][gc       ] GC(499) Minor Collection (Allocation Rate) 1534M(75%)->1272M(62%) 0.020s
[21.918s][info][gc       ] GC(500) Major Collection (Allocation Rate)
[21.918s][info][gc,phases] GC(500) Y: Young Generation
[21.918s][info][gc,phases] GC(500) Y: Pause Mark Start (Major) 0.011ms
[21.927s][info][gc,phases] GC(500) Y: Concurrent Mark 9.353ms
[21.928s][info][gc,phases] GC(500) Y: Pause Mark End 0.010ms
[21.928s][info][gc,phases] GC(500) Y: Concurrent Mark Free 0.001ms
[21.928s][info][gc,phases] GC(500) Y: Concurrent Reset Relocation Set 0.012ms
[21.930s][info][gc,phases] GC(500) Y: Concurrent Select Relocation Set 1.751ms
[21.930s][info][gc,phases] GC(500) Y: Pause Relocate Start 0.005ms
[21.934s][info][gc,phases] GC(500) Y: Concurrent Relocate 4.089ms
[21.934s][info][gc,phases] GC(500) Y: Young Generation 1558M(76%)->1260M(62%) 0.017s
[21.934s][info][gc,phases] GC(500) O: Old Generation
[21.947s][info][gc       ] GC(501) Minor Collection (Allocation Rate)
[21.947s][info][gc,phases] GC(501) y: Young Generation
[21.947s][info][gc,phases] GC(501) y: Pause Mark Start 0.010ms
[21.957s][info][gc,phases] GC(501) y: Concurrent Mark 9.279ms
[21.957s][info][gc,phases] GC(501) y: Pause Mark End 0.012ms
[21.957s][info][gc,phases] GC(501) y: Concurrent Mark Free 0.000ms
[21.957s][info][gc,phases] GC(501) y: Concurrent Reset Relocation Set 0.008ms
[21.959s][info][gc,phases] GC(501) y: Concurrent Select Relocation Set 1.873ms
[21.959s][info][gc,phases] GC(501) y: Pause Relocate Start 0.006ms
[21.963s][info][gc,phases] GC(501) y: Concurrent Relocate 3.617ms
[21.963s][info][gc,phases] GC(501) y: Young Generation 1474M(72%)->1252M(61%) 0.016s
[21.964s][info][gc       ] GC(501) Minor Collection (Allocation Rate) 1472M(72%)->1258M(61%) 0.017s
[21.973s][info][gc       ] GC(502) Minor Collection (Allocation Rate)
[21.973s][info][gc,phases] GC(502) y: Young Generation
[21.973s][info][gc,phases] GC(502) y: Pause Mark Start 0.006ms
[21.982s][info][gc,phases] GC(502) y: Concurrent Mark 8.828ms
[21.982s][info][gc,phases] GC(502) y: Pause Mark End 0.010ms
[21.983s][info][gc,phases] GC(502) y: Concurrent Mark Free 0.001ms
[21.983s][info][gc,phases] GC(502) y: Concurrent Reset Relocation Set 0.010ms
[21.985s][info][gc,phases] GC(502) y: Concurrent Select Relocation Set 1.886ms
[21.985s][info][gc,phases] GC(502) y: Pause Relocate Start 0.008ms
[21.988s][info][gc,phases] GC(502) y: Concurrent Relocate 3.158ms
[21.988s][info][gc,phases] GC(502) y: Young Generation 1414M(69%)->1228M(60%) 0.016s
[21.989s][info][gc       ] GC(502) Minor Collection (Allocation Rate) 1410M(69%)->1230M(60%) 0.016s
[22.008s][info][gc       ] GC(503) Minor Collection (Allocation Rate)
[22.009s][info][gc,phases] GC(503) y: Young Generation
[22.009s][info][gc,phases] GC(503) y: Pause Mark Start 0.007ms
[22.017s][info][gc,phases] GC(503) y: Concurrent Mark 7.964ms
[22.017s][info][gc,phases] GC(503) y: Pause Mark End 0.009ms
[22.017s][info][gc,phases] GC(503) y: Concurrent Mark Free 0.000ms
[22.017s][info][gc,phases] GC(503) y: Concurrent Reset Relocation Set 0.011ms
[22.019s][info][gc,phases] GC(503) y: Concurrent Select Relocation Set 1.736ms
[22.020s][info][gc,phases] GC(503) y: Pause Relocate Start 0.009ms
[22.023s][info][gc,phases] GC(503) y: Concurrent Relocate 3.003ms
[22.023s][info][gc,phases] GC(503) y: Young Generation 1420M(69%)->1226M(60%) 0.014s
[22.023s][info][gc       ] GC(503) Minor Collection (Allocation Rate) 1418M(69%)->1230M(60%) 0.014s
[22.049s][info][gc       ] GC(504) Minor Collection (Allocation Rate)
[22.049s][info][gc,phases] GC(504) y: Young Generation
[22.050s][info][gc,phases] GC(504) y: Pause Mark Start 0.010ms
[22.057s][info][gc,phases] GC(504) y: Concurrent Mark 7.866ms
[22.058s][info][gc,phases] GC(504) y: Pause Mark End 0.009ms
[22.058s][info][gc,phases] GC(504) y: Concurrent Mark Free 0.000ms
[22.058s][info][gc,phases] GC(504) y: Concurrent Reset Relocation Set 0.010ms
[22.060s][info][gc,phases] GC(504) y: Concurrent Select Relocation Set 1.703ms
[22.060s][info][gc,phases] GC(504) y: Pause Relocate Start 0.008ms
[22.063s][info][gc,phases] GC(504) y: Concurrent Relocate 3.284ms
[22.064s][info][gc,phases] GC(504) y: Young Generation 1478M(72%)->1236M(60%) 0.014s
[22.064s][info][gc       ] GC(504) Minor Collection (Allocation Rate) 1476M(72%)->1238M(60%) 0.015s
[22.098s][info][gc       ] GC(505) Minor Collection (Allocation Rate)
[22.099s][info][gc,phases] GC(505) y: Young Generation
[22.099s][info][gc,phases] GC(505) y: Pause Mark Start 0.007ms
[22.107s][info][gc,phases] GC(505) y: Concurrent Mark 8.211ms
[22.107s][info][gc,phases] GC(505) y: Pause Mark End 0.009ms
[22.107s][info][gc,phases] GC(505) y: Concurrent Mark Free 0.000ms
[22.108s][info][gc,phases] GC(505) y: Concurrent Reset Relocation Set 0.009ms
[22.109s][info][gc,phases] GC(505) y: Concurrent Select Relocation Set 1.544ms
[22.109s][info][gc,phases] GC(505) y: Pause Relocate Start 0.005ms
[22.113s][info][gc,phases] GC(505) y: Concurrent Relocate 3.768ms
[22.113s][info][gc,phases] GC(505) y: Young Generation 1568M(77%)->1254M(61%) 0.015s
[22.113s][info][gc       ] GC(505) Minor Collection (Allocation Rate) 1568M(77%)->1254M(61%) 0.015s
[22.121s][info][gc,phases] GC(500) O: Concurrent Mark 186.483ms
[22.121s][info][gc,phases] GC(500) O: Pause Mark End 0.013ms
[22.121s][info][gc,phases] GC(500) O: Concurrent Mark Free 0.001ms
[22.125s][info][gc,phases] GC(500) O: Concurrent Process Non-Strong 3.600ms
[22.125s][info][gc,phases] GC(500) O: Concurrent Reset Relocation Set 0.015ms
[22.127s][info][gc,phases] GC(500) O: Concurrent Select Relocation Set 1.794ms
[22.148s][info][gc,phases] GC(500) O: Concurrent Remap Roots 20.706ms
[22.148s][info][gc,phases] GC(500) O: Pause Relocate Start 0.009ms
[22.148s][info][gc       ] GC(506) Minor Collection (Allocation Rate)
[22.148s][info][gc,phases] GC(506) y: Young Generation
[22.148s][info][gc,phases] GC(506) y: Pause Mark Start 0.004ms
[22.161s][info][gc,phases] GC(506) y: Concurrent Mark 12.453ms
[22.161s][info][gc,phases] GC(506) y: Pause Mark End 0.012ms
[22.161s][info][gc,phases] GC(506) y: Concurrent Mark Free 0.000ms
[22.161s][info][gc,phases] GC(506) y: Concurrent Reset Relocation Set 0.008ms
[22.163s][info][gc,phases] GC(506) y: Concurrent Select Relocation Set 1.865ms
[22.164s][info][gc,phases] GC(506) y: Pause Relocate Start 0.007ms
[22.168s][info][gc,phases] GC(506) y: Concurrent Relocate 4.248ms
[22.168s][info][gc,phases] GC(506) y: Young Generation 1560M(76%)->1182M(58%) 0.020s
[22.168s][info][gc       ] GC(506) Minor Collection (Allocation Rate) 1574M(77%)->1182M(58%) 0.020s
[22.190s][info][gc       ] GC(507) Minor Collection (Allocation Rate)
[22.190s][info][gc,phases] GC(507) y: Young Generation
[22.190s][info][gc,phases] GC(507) y: Pause Mark Start 0.011ms
[22.193s][info][gc,phases] GC(500) O: Concurrent Relocate 44.872ms
[22.202s][info][gc,phases] GC(507) y: Concurrent Mark 11.696ms
[22.202s][info][gc,phases] GC(507) y: Pause Mark End 0.009ms
[22.202s][info][gc,phases] GC(507) y: Concurrent Mark Free 0.000ms
[22.202s][info][gc,phases] GC(507) y: Concurrent Reset Relocation Set 0.013ms
[22.204s][info][gc,phases] GC(507) y: Concurrent Select Relocation Set 1.857ms
[22.205s][info][gc,phases] GC(507) y: Pause Relocate Start 0.007ms
[22.208s][info][gc,phases] GC(507) y: Concurrent Relocate 3.479ms
[22.208s][info][gc,phases] GC(507) y: Young Generation 1290M(63%)->1070M(52%) 0.018s
[22.208s][info][gc       ] GC(507) Minor Collection (Allocation Rate) 1290M(63%)->1072M(52%) 0.019s
[22.208s][info][gc,phases] GC(500) O: Old Generation 1264M(62%)->1304M(64%) 0.274s
[22.208s][info][gc       ] GC(500) Major Collection (Allocation Rate) 1558M(76%)->1072M(52%) 0.291s
[22.253s][info][gc       ] GC(508) Minor Collection (Allocation Rate)
[22.253s][info][gc,phases] GC(508) y: Young Generation
[22.253s][info][gc,phases] GC(508) y: Pause Mark Start 0.007ms
[22.266s][info][gc,phases] GC(508) y: Concurrent Mark 12.545ms
[22.266s][info][gc,phases] GC(508) y: Pause Mark End 0.009ms
[22.266s][info][gc,phases] GC(508) y: Concurrent Mark Free 0.001ms
[22.266s][info][gc,phases] GC(508) y: Concurrent Reset Relocation Set 0.009ms
[22.268s][info][gc,phases] GC(508) y: Concurrent Select Relocation Set 1.967ms
[22.268s][info][gc,phases] GC(508) y: Pause Relocate Start 0.006ms
[22.274s][info][gc,phases] GC(508) y: Concurrent Relocate 5.268ms
[22.274s][info][gc,phases] GC(508) y: Young Generation 1510M(74%)->1112M(54%) 0.021s
[22.274s][info][gc       ] GC(508) Minor Collection (Allocation Rate) 1510M(74%)->1112M(54%) 0.021s
[22.313s][info][gc       ] GC(509) Minor Collection (Allocation Rate)
[22.313s][info][gc,phases] GC(509) y: Young Generation
[22.314s][info][gc,phases] GC(509) y: Pause Mark Start 0.007ms
[22.327s][info][gc,phases] GC(509) y: Concurrent Mark 12.868ms
[22.327s][info][gc,phases] GC(509) y: Pause Mark End 0.009ms
[22.327s][info][gc,phases] GC(509) y: Concurrent Mark Free 0.000ms
[22.327s][info][gc,phases] GC(509) y: Concurrent Reset Relocation Set 0.013ms
[22.329s][info][gc,phases] GC(509) y: Concurrent Select Relocation Set 1.731ms
[22.329s][info][gc,phases] GC(509) y: Pause Relocate Start 0.008ms
[22.334s][info][gc,phases] GC(509) y: Concurrent Relocate 4.935ms
[22.334s][info][gc,phases] GC(509) y: Young Generation 1504M(73%)->1116M(54%) 0.021s
[22.334s][info][gc       ] GC(509) Minor Collection (Allocation Rate) 1504M(73%)->1118M(55%) 0.021s
[22.376s][info][gc       ] GC(510) Minor Collection (Allocation Rate)
[22.376s][info][gc,phases] GC(510) y: Young Generation
[22.376s][info][gc,phases] GC(510) y: Pause Mark Start 0.008ms
[22.390s][info][gc,phases] GC(510) y: Concurrent Mark 13.765ms
[22.390s][info][gc,phases] GC(510) y: Pause Mark End 0.010ms
[22.390s][info][gc,phases] GC(510) y: Concurrent Mark Free 0.000ms
[22.390s][info][gc,phases] GC(510) y: Concurrent Reset Relocation Set 0.009ms
[22.392s][info][gc,phases] GC(510) y: Concurrent Select Relocation Set 2.053ms
[22.393s][info][gc,phases] GC(510) y: Pause Relocate Start 0.008ms
[22.398s][info][gc,phases] GC(510) y: Concurrent Relocate 5.321ms
[22.398s][info][gc,phases] GC(510) y: Young Generation 1528M(75%)->1140M(56%) 0.023s
[22.398s][info][gc       ] GC(510) Minor Collection (Allocation Rate) 1528M(75%)->1144M(56%) 0.023s
[22.433s][info][gc       ] GC(511) Minor Collection (Allocation Rate)
[22.433s][info][gc,phases] GC(511) y: Young Generation
[22.433s][info][gc,phases] GC(511) y: Pause Mark Start 0.007ms
[22.447s][info][gc,phases] GC(511) y: Concurrent Mark 13.426ms
[22.447s][info][gc,phases] GC(511) y: Pause Mark End 0.010ms
[22.447s][info][gc,phases] GC(511) y: Concurrent Mark Free 0.001ms
[22.447s][info][gc,phases] GC(511) y: Concurrent Reset Relocation Set 0.017ms
[22.450s][info][gc,phases] GC(511) y: Concurrent Select Relocation Set 2.053ms
[22.450s][info][gc,phases] GC(511) y: Pause Relocate Start 0.008ms
[22.455s][info][gc,phases] GC(511) y: Concurrent Relocate 4.912ms
[22.455s][info][gc,phases] GC(511) y: Young Generation 1488M(73%)->1146M(56%) 0.022s
[22.455s][info][gc       ] GC(511) Minor Collection (Allocation Rate) 1488M(73%)->1150M(56%) 0.022s
[22.494s][info][gc       ] GC(512) Minor Collection (Allocation Rate)
[22.494s][info][gc,phases] GC(512) y: Young Generation
[22.494s][info][gc,phases] GC(512) y: Pause Mark Start 0.007ms
[22.508s][info][gc,phases] GC(512) y: Concurrent Mark 13.455ms
[22.508s][info][gc,phases] GC(512) y: Pause Mark End 0.009ms
[22.508s][info][gc,phases] GC(512) y: Concurrent Mark Free 0.001ms
[22.508s][info][gc,phases] GC(512) y: Concurrent Reset Relocation Set 0.013ms
[22.510s][info][gc,phases] GC(512) y: Concurrent Select Relocation Set 2.001ms
[22.511s][info][gc,phases] GC(512) y: Pause Relocate Start 0.006ms
[22.516s][info][gc,phases] GC(512) y: Concurrent Relocate 5.131ms
[22.516s][info][gc,phases] GC(512) y: Young Generation 1534M(75%)->1156M(56%) 0.022s
[22.516s][info][gc       ] GC(512) Minor Collection (Allocation Rate) 1532M(75%)->1158M(57%) 0.022s
[22.555s][info][gc       ] GC(513) Minor Collection (Allocation Rate)
[22.555s][info][gc,phases] GC(513) y: Young Generation
[22.555s][info][gc,phases] GC(513) y: Pause Mark Start 0.006ms
[22.569s][info][gc,phases] GC(513) y: Concurrent Mark 13.454ms
[22.569s][info][gc,phases] GC(513) y: Pause Mark End 0.009ms
[22.569s][info][gc,phases] GC(513) y: Concurrent Mark Free 0.001ms
[22.569s][info][gc,phases] GC(513) y: Concurrent Reset Relocation Set 0.013ms
[22.571s][info][gc,phases] GC(513) y: Concurrent Select Relocation Set 2.050ms
[22.571s][info][gc,phases] GC(513) y: Pause Relocate Start 0.006ms
[22.577s][info][gc,phases] GC(513) y: Concurrent Relocate 5.118ms
[22.577s][info][gc,phases] GC(513) y: Young Generation 1542M(75%)->1170M(57%) 0.022s
[22.577s][info][gc       ] GC(513) Minor Collection (Allocation Rate) 1542M(75%)->1170M(57%) 0.022s
[22.615s][info][gc       ] GC(514) Minor Collection (Allocation Rate)
[22.615s][info][gc,phases] GC(514) y: Young Generation
[22.616s][info][gc,phases] GC(514) y: Pause Mark Start 0.010ms
[22.629s][info][gc,phases] GC(514) y: Concurrent Mark 13.388ms
[22.629s][info][gc,phases] GC(514) y: Pause Mark End 0.009ms
[22.630s][info][gc,phases] GC(514) y: Concurrent Mark Free 0.000ms
[22.630s][info][gc,phases] GC(514) y: Concurrent Reset Relocation Set 0.016ms
[22.632s][info][gc,phases] GC(514) y: Concurrent Select Relocation Set 1.969ms
[22.632s][info][gc,phases] GC(514) y: Pause Relocate Start 0.006ms
[22.637s][info][gc,phases] GC(514) y: Concurrent Relocate 5.033ms
[22.637s][info][gc,phases] GC(514) y: Young Generation 1552M(76%)->1172M(57%) 0.022s
[22.637s][info][gc       ] GC(514) Minor Collection (Allocation Rate) 1552M(76%)->1174M(57%) 0.022s
[22.676s][info][gc       ] GC(515) Minor Collection (Allocation Rate)
[22.676s][info][gc,phases] GC(515) y: Young Generation
[22.677s][info][gc,phases] GC(515) y: Pause Mark Start 0.007ms
[22.690s][info][gc,phases] GC(515) y: Concurrent Mark 13.603ms
[22.691s][info][gc,phases] GC(515) y: Pause Mark End 0.009ms
[22.691s][info][gc,phases] GC(515) y: Concurrent Mark Free 0.001ms
[22.691s][info][gc,phases] GC(515) y: Concurrent Reset Relocation Set 0.012ms
[22.693s][info][gc,phases] GC(515) y: Concurrent Select Relocation Set 1.939ms
[22.693s][info][gc,phases] GC(515) y: Pause Relocate Start 0.006ms
[22.699s][info][gc,phases] GC(515) y: Concurrent Relocate 5.308ms
[22.699s][info][gc,phases] GC(515) y: Young Generation 1564M(76%)->1194M(58%) 0.022s
[22.699s][info][gc       ] GC(515) Minor Collection (Allocation Rate) 1562M(76%)->1196M(58%) 0.023s
[22.735s][info][gc       ] GC(516) Minor Collection (Allocation Rate)
[22.735s][info][gc,phases] GC(516) y: Young Generation
[22.735s][info][gc,phases] GC(516) y: Pause Mark Start 0.007ms
[22.749s][info][gc,phases] GC(516) y: Concurrent Mark 13.518ms
[22.749s][info][gc,phases] GC(516) y: Pause Mark End 0.010ms
[22.750s][info][gc,phases] GC(516) y: Concurrent Mark Free 0.001ms
[22.750s][info][gc,phases] GC(516) y: Concurrent Reset Relocation Set 0.012ms
[22.752s][info][gc,phases] GC(516) y: Concurrent Select Relocation Set 2.004ms
[22.752s][info][gc,phases] GC(516) y: Pause Relocate Start 0.006ms
[22.757s][info][gc,phases] GC(516) y: Concurrent Relocate 5.094ms
[22.757s][info][gc,phases] GC(516) y: Young Generation 1556M(76%)->1198M(58%) 0.022s
[22.757s][info][gc       ] GC(516) Minor Collection (Allocation Rate) 1554M(76%)->1198M(58%) 0.022s
[22.794s][info][gc       ] GC(517) Minor Collection (Allocation Rate)
[22.794s][info][gc,phases] GC(517) y: Young Generation
[22.795s][info][gc,phases] GC(517) y: Pause Mark Start 0.007ms
[22.808s][info][gc,phases] GC(517) y: Concurrent Mark 13.094ms
[22.808s][info][gc,phases] GC(517) y: Pause Mark End 0.010ms
[22.808s][info][gc,phases] GC(517) y: Concurrent Mark Free 0.000ms
[22.808s][info][gc,phases] GC(517) y: Concurrent Reset Relocation Set 0.013ms
[22.810s][info][gc,phases] GC(517) y: Concurrent Select Relocation Set 2.024ms
[22.811s][info][gc,phases] GC(517) y: Pause Relocate Start 0.011ms
[22.816s][info][gc,phases] GC(517) y: Concurrent Relocate 4.932ms
[22.816s][info][gc,phases] GC(517) y: Young Generation 1566M(76%)->1232M(60%) 0.021s
[22.816s][info][gc       ] GC(517) Minor Collection (Allocation Rate) 1566M(76%)->1234M(60%) 0.022s
[22.846s][info][gc       ] GC(518) Minor Collection (Allocation Rate)
[22.846s][info][gc,phases] GC(518) y: Young Generation
[22.846s][info][gc,phases] GC(518) y: Pause Mark Start 0.007ms
[22.859s][info][gc,phases] GC(518) y: Concurrent Mark 13.100ms
[22.860s][info][gc,phases] GC(518) y: Pause Mark End 0.009ms
[22.860s][info][gc,phases] GC(518) y: Concurrent Mark Free 0.001ms
[22.860s][info][gc,phases] GC(518) y: Concurrent Reset Relocation Set 0.013ms
[22.862s][info][gc,phases] GC(518) y: Concurrent Select Relocation Set 2.000ms
[22.862s][info][gc,phases] GC(518) y: Pause Relocate Start 0.006ms
[22.867s][info][gc,phases] GC(518) y: Concurrent Relocate 4.844ms
[22.867s][info][gc,phases] GC(518) y: Young Generation 1530M(75%)->1212M(59%) 0.021s
[22.867s][info][gc       ] GC(518) Minor Collection (Allocation Rate) 1530M(75%)->1214M(59%) 0.022s
[22.901s][info][gc       ] GC(519) Minor Collection (Allocation Rate)
[22.901s][info][gc,phases] GC(519) y: Young Generation
[22.902s][info][gc,phases] GC(519) y: Pause Mark Start 0.007ms
[22.915s][info][gc,phases] GC(519) y: Concurrent Mark 13.079ms
[22.915s][info][gc,phases] GC(519) y: Pause Mark End 0.015ms
[22.915s][info][gc,phases] GC(519) y: Concurrent Mark Free 0.001ms
[22.915s][info][gc,phases] GC(519) y: Concurrent Reset Relocation Set 0.013ms
[22.917s][info][gc,phases] GC(519) y: Concurrent Select Relocation Set 1.962ms
[22.918s][info][gc,phases] GC(519) y: Pause Relocate Start 0.006ms
[22.922s][info][gc,phases] GC(519) y: Concurrent Relocate 4.761ms
[22.923s][info][gc,phases] GC(519) y: Young Generation 1552M(76%)->1218M(59%) 0.021s
[22.923s][info][gc       ] GC(519) Minor Collection (Allocation Rate) 1550M(76%)->1220M(60%) 0.022s
[22.957s][info][gc       ] GC(520) Minor Collection (Allocation Rate)
[22.957s][info][gc,phases] GC(520) y: Young Generation
[22.958s][info][gc,phases] GC(520) y: Pause Mark Start 0.006ms
[22.971s][info][gc,phases] GC(520) y: Concurrent Mark 12.730ms
[22.971s][info][gc,phases] GC(520) y: Pause Mark End 0.016ms
[22.971s][info][gc,phases] GC(520) y: Concurrent Mark Free 0.001ms
[22.971s][info][gc,phases] GC(520) y: Concurrent Reset Relocation Set 0.013ms
[22.973s][info][gc,phases] GC(520) y: Concurrent Select Relocation Set 2.104ms
[22.973s][info][gc,phases] GC(520) y: Pause Relocate Start 0.012ms
[22.978s][info][gc,phases] GC(520) y: Concurrent Relocate 4.997ms
[22.979s][info][gc,phases] GC(520) y: Young Generation 1566M(76%)->1334M(65%) 0.021s
[22.979s][info][gc       ] GC(520) Minor Collection (Allocation Rate) 1564M(76%)->1336M(65%) 0.021s
[22.998s][info][gc       ] GC(521) Minor Collection (Allocation Rate)
[22.998s][info][gc,phases] GC(521) y: Young Generation
[22.998s][info][gc,phases] GC(521) y: Pause Mark Start 0.007ms
[23.010s][info][gc,phases] GC(521) y: Concurrent Mark 11.904ms
[23.011s][info][gc,phases] GC(521) y: Pause Mark End 0.011ms
[23.011s][info][gc,phases] GC(521) y: Concurrent Mark Free 0.000ms
[23.011s][info][gc,phases] GC(521) y: Concurrent Reset Relocation Set 0.017ms
[23.013s][info][gc,phases] GC(521) y: Concurrent Select Relocation Set 1.754ms
[23.013s][info][gc,phases] GC(521) y: Pause Relocate Start 0.012ms
[23.017s][info][gc,phases] GC(521) y: Concurrent Relocate 4.179ms
[23.018s][info][gc,phases] GC(521) y: Young Generation 1528M(75%)->1218M(59%) 0.019s
[23.018s][info][gc       ] GC(521) Minor Collection (Allocation Rate) 1528M(75%)->1220M(60%) 0.020s
[23.044s][info][gc       ] GC(522) Minor Collection (Allocation Rate)
[23.045s][info][gc,phases] GC(522) y: Young Generation
[23.045s][info][gc,phases] GC(522) y: Pause Mark Start 0.007ms
[23.057s][info][gc,phases] GC(522) y: Concurrent Mark 11.681ms
[23.057s][info][gc,phases] GC(522) y: Pause Mark End 0.012ms
[23.057s][info][gc,phases] GC(522) y: Concurrent Mark Free 0.000ms
[23.057s][info][gc,phases] GC(522) y: Concurrent Reset Relocation Set 0.008ms
[23.059s][info][gc,phases] GC(522) y: Concurrent Select Relocation Set 1.953ms
[23.059s][info][gc,phases] GC(522) y: Pause Relocate Start 0.007ms
[23.064s][info][gc,phases] GC(522) y: Concurrent Relocate 4.029ms
[23.064s][info][gc,phases] GC(522) y: Young Generation 1486M(73%)->1238M(60%) 0.019s
[23.064s][info][gc       ] GC(522) Minor Collection (Allocation Rate) 1486M(73%)->1238M(60%) 0.019s
[23.093s][info][gc       ] GC(523) Minor Collection (Allocation Rate)
[23.093s][info][gc,phases] GC(523) y: Young Generation
[23.093s][info][gc,phases] GC(523) y: Pause Mark Start 0.010ms
[23.105s][info][gc,phases] GC(523) y: Concurrent Mark 12.303ms
[23.106s][info][gc,phases] GC(523) y: Pause Mark End 0.013ms
[23.106s][info][gc,phases] GC(523) y: Concurrent Mark Free 0.001ms
[23.106s][info][gc,phases] GC(523) y: Concurrent Reset Relocation Set 0.012ms
[23.108s][info][gc,phases] GC(523) y: Concurrent Select Relocation Set 2.022ms
[23.108s][info][gc,phases] GC(523) y: Pause Relocate Start 0.005ms
[23.113s][info][gc,phases] GC(523) y: Concurrent Relocate 4.261ms
[23.113s][info][gc,phases] GC(523) y: Young Generation 1526M(75%)->1240M(61%) 0.020s
[23.113s][info][gc       ] GC(523) Minor Collection (Allocation Rate) 1526M(75%)->1244M(61%) 0.020s
[23.144s][info][gc       ] GC(524) Major Collection (Allocation Rate)
[23.144s][info][gc,phases] GC(524) Y: Young Generation
[23.144s][info][gc,phases] GC(524) Y: Pause Mark Start (Major) 0.008ms
[23.154s][info][gc,phases] GC(524) Y: Concurrent Mark 9.468ms
[23.154s][info][gc,phases] GC(524) Y: Pause Mark End 0.009ms
[23.154s][info][gc,phases] GC(524) Y: Concurrent Mark Free 0.001ms
[23.154s][info][gc,phases] GC(524) Y: Concurrent Reset Relocation Set 0.011ms
[23.156s][info][gc,phases] GC(524) Y: Concurrent Select Relocation Set 1.667ms
[23.156s][info][gc,phases] GC(524) Y: Pause Relocate Start 0.007ms
[23.161s][info][gc,phases] GC(524) Y: Concurrent Relocate 4.186ms
[23.161s][info][gc,phases] GC(524) Y: Young Generation 1550M(76%)->1222M(60%) 0.017s
[23.161s][info][gc,phases] GC(524) O: Old Generation
[23.190s][info][gc       ] GC(525) Minor Collection (Allocation Rate)
[23.190s][info][gc,phases] GC(525) y: Young Generation
[23.190s][info][gc,phases] GC(525) y: Pause Mark Start 0.009ms
[23.200s][info][gc,phases] GC(525) y: Concurrent Mark 9.734ms
[23.200s][info][gc,phases] GC(525) y: Pause Mark End 0.009ms
[23.201s][info][gc,phases] GC(525) y: Concurrent Mark Free 0.000ms
[23.201s][info][gc,phases] GC(525) y: Concurrent Reset Relocation Set 0.008ms
[23.203s][info][gc,phases] GC(525) y: Concurrent Select Relocation Set 2.102ms
[23.203s][info][gc,phases] GC(525) y: Pause Relocate Start 0.008ms
[23.208s][info][gc,phases] GC(525) y: Concurrent Relocate 4.241ms
[23.208s][info][gc,phases] GC(525) y: Young Generation 1512M(74%)->1312M(64%) 0.018s
[23.208s][info][gc       ] GC(525) Minor Collection (Allocation Rate) 1512M(74%)->1312M(64%) 0.018s
[23.234s][info][gc       ] GC(526) Minor Collection (Allocation Rate)
[23.234s][info][gc,phases] GC(526) y: Young Generation
[23.234s][info][gc,phases] GC(526) y: Pause Mark Start 0.009ms
[23.243s][info][gc,phases] GC(526) y: Concurrent Mark 8.705ms
[23.244s][info][gc,phases] GC(526) y: Pause Mark End 0.010ms
[23.244s][info][gc,phases] GC(526) y: Concurrent Mark Free 0.001ms
[23.244s][info][gc,phases] GC(526) y: Concurrent Reset Relocation Set 0.017ms
[23.246s][info][gc,phases] GC(526) y: Concurrent Select Relocation Set 1.588ms
[23.246s][info][gc,phases] GC(526) y: Pause Relocate Start 0.007ms
[23.250s][info][gc,phases] GC(526) y: Concurrent Relocate 3.962ms
[23.250s][info][gc,phases] GC(526) y: Young Generation 1568M(77%)->1234M(60%) 0.016s
[23.250s][info][gc       ] GC(526) Minor Collection (Allocation Rate) 1566M(76%)->1234M(60%) 0.016s
[23.284s][info][gc       ] GC(527) Minor Collection (Allocation Rate)
[23.284s][info][gc,phases] GC(527) y: Young Generation
[23.284s][info][gc,phases] GC(527) y: Pause Mark Start 0.007ms
[23.293s][info][gc,phases] GC(527) y: Concurrent Mark 9.118ms
[23.294s][info][gc,phases] GC(527) y: Pause Mark End 0.010ms
[23.294s][info][gc,phases] GC(527) y: Concurrent Mark Free 0.000ms
[23.294s][info][gc,phases] GC(527) y: Concurrent Reset Relocation Set 0.008ms
[23.296s][info][gc,phases] GC(527) y: Concurrent Select Relocation Set 1.542ms
[23.296s][info][gc,phases] GC(527) y: Pause Relocate Start 0.008ms
[23.300s][info][gc,phases] GC(527) y: Concurrent Relocate 3.896ms
[23.300s][info][gc,phases] GC(527) y: Young Generation 1566M(76%)->1248M(61%) 0.016s
[23.300s][info][gc       ] GC(527) Minor Collection (Allocation Rate) 1564M(76%)->1250M(61%) 0.016s
[23.338s][info][gc       ] GC(528) Minor Collection (Allocation Rate)
[23.338s][info][gc,phases] GC(528) y: Young Generation
[23.339s][info][gc,phases] GC(528) y: Pause Mark Start 0.010ms
[23.345s][info][gc,phases] GC(524) O: Concurrent Mark 184.506ms
[23.346s][info][gc,phases] GC(524) O: Pause Mark End 0.011ms
[23.346s][info][gc,phases] GC(524) O: Concurrent Mark Free 0.001ms
[23.349s][info][gc,phases] GC(528) y: Concurrent Mark 10.478ms
[23.349s][info][gc,phases] GC(524) O: Concurrent Process Non-Strong 3.548ms
[23.349s][info][gc,phases] GC(524) O: Concurrent Reset Relocation Set 0.015ms
[23.350s][info][gc,phases] GC(528) y: Pause Mark End 0.007ms
[23.350s][info][gc,phases] GC(528) y: Concurrent Mark Free 0.000ms
[23.351s][info][gc,phases] GC(528) y: Concurrent Reset Relocation Set 0.008ms
[23.351s][info][gc,phases] GC(524) O: Concurrent Select Relocation Set 1.760ms
[23.353s][info][gc,phases] GC(528) y: Concurrent Select Relocation Set 1.901ms
[23.353s][info][gc,phases] GC(528) y: Pause Relocate Start 0.007ms
[23.358s][info][gc,phases] GC(528) y: Concurrent Relocate 4.790ms
[23.358s][info][gc,phases] GC(528) y: Young Generation 1624M(79%)->1312M(64%) 0.020s
[23.358s][info][gc       ] GC(528) Minor Collection (Allocation Rate) 1624M(79%)->1316M(64%) 0.020s
[23.379s][info][gc,phases] GC(524) O: Concurrent Remap Roots 20.974ms
[23.380s][info][gc,phases] GC(524) O: Pause Relocate Start 0.011ms
[23.380s][info][gc       ] GC(529) Minor Collection (Allocation Rate)
[23.380s][info][gc,phases] GC(529) y: Young Generation
[23.380s][info][gc,phases] GC(529) y: Pause Mark Start 0.004ms
[23.393s][info][gc,phases] GC(529) y: Concurrent Mark 13.283ms
[23.394s][info][gc,phases] GC(529) y: Pause Mark End 0.010ms
[23.394s][info][gc,phases] GC(529) y: Concurrent Mark Free 0.001ms
[23.394s][info][gc,phases] GC(529) y: Concurrent Reset Relocation Set 0.018ms
[23.396s][info][gc,phases] GC(529) y: Concurrent Select Relocation Set 1.760ms
[23.396s][info][gc,phases] GC(529) y: Pause Relocate Start 0.009ms
[23.400s][info][gc,phases] GC(529) y: Concurrent Relocate 3.845ms
[23.400s][info][gc,phases] GC(529) y: Young Generation 1506M(74%)->1182M(58%) 0.021s
[23.400s][info][gc       ] GC(529) Minor Collection (Allocation Rate) 1520M(74%)->1182M(58%) 0.021s
[23.426s][info][gc,phases] GC(524) O: Concurrent Relocate 45.850ms
[23.426s][info][gc,phases] GC(524) O: Old Generation 1226M(60%)->1312M(64%) 0.265s
[23.426s][info][gc       ] GC(524) Major Collection (Allocation Rate) 1548M(76%)->1314M(64%) 0.282s
[23.442s][info][gc       ] GC(530) Minor Collection (Allocation Rate)
[23.442s][info][gc,phases] GC(530) y: Young Generation
[23.442s][info][gc,phases] GC(530) y: Pause Mark Start 0.007ms
[23.455s][info][gc,phases] GC(530) y: Concurrent Mark 12.520ms
[23.455s][info][gc,phases] GC(530) y: Pause Mark End 0.014ms
[23.455s][info][gc,phases] GC(530) y: Concurrent Mark Free 0.001ms
[23.455s][info][gc,phases] GC(530) y: Concurrent Reset Relocation Set 0.009ms
[23.457s][info][gc,phases] GC(530) y: Concurrent Select Relocation Set 1.958ms
[23.458s][info][gc,phases] GC(530) y: Pause Relocate Start 0.006ms
[23.463s][info][gc,phases] GC(530) y: Concurrent Relocate 4.992ms
[23.463s][info][gc,phases] GC(530) y: Young Generation 1470M(72%)->1092M(53%) 0.021s
[23.463s][info][gc       ] GC(530) Minor Collection (Allocation Rate) 1470M(72%)->1096M(54%) 0.021s
[23.501s][info][gc       ] GC(531) Minor Collection (Allocation Rate)
[23.501s][info][gc,phases] GC(531) y: Young Generation
[23.502s][info][gc,phases] GC(531) y: Pause Mark Start 0.007ms
[23.514s][info][gc,phases] GC(531) y: Concurrent Mark 11.976ms
[23.514s][info][gc,phases] GC(531) y: Pause Mark End 0.012ms
[23.514s][info][gc,phases] GC(531) y: Concurrent Mark Free 0.000ms
[23.514s][info][gc,phases] GC(531) y: Concurrent Reset Relocation Set 0.013ms
[23.516s][info][gc,phases] GC(531) y: Concurrent Select Relocation Set 2.102ms
[23.517s][info][gc,phases] GC(531) y: Pause Relocate Start 0.006ms
[23.522s][info][gc,phases] GC(531) y: Concurrent Relocate 5.395ms
[23.522s][info][gc,phases] GC(531) y: Young Generation 1506M(74%)->1190M(58%) 0.021s
[23.522s][info][gc       ] GC(531) Minor Collection (Allocation Rate) 1506M(74%)->1192M(58%) 0.021s
[23.552s][info][gc       ] GC(532) Minor Collection (Allocation Rate)
[23.552s][info][gc,phases] GC(532) y: Young Generation
[23.553s][info][gc,phases] GC(532) y: Pause Mark Start 0.007ms
[23.565s][info][gc,phases] GC(532) y: Concurrent Mark 12.435ms
[23.565s][info][gc,phases] GC(532) y: Pause Mark End 0.009ms
[23.566s][info][gc,phases] GC(532) y: Concurrent Mark Free 0.001ms
[23.566s][info][gc,phases] GC(532) y: Concurrent Reset Relocation Set 0.015ms
[23.567s][info][gc,phases] GC(532) y: Concurrent Select Relocation Set 1.782ms
[23.568s][info][gc,phases] GC(532) y: Pause Relocate Start 0.006ms
[23.573s][info][gc,phases] GC(532) y: Concurrent Relocate 4.785ms
[23.573s][info][gc,phases] GC(532) y: Young Generation 1486M(73%)->1110M(54%) 0.020s
[23.573s][info][gc       ] GC(532) Minor Collection (Allocation Rate) 1484M(72%)->1110M(54%) 0.021s
[23.612s][info][gc       ] GC(533) Minor Collection (Allocation Rate)
[23.612s][info][gc,phases] GC(533) y: Young Generation
[23.612s][info][gc,phases] GC(533) y: Pause Mark Start 0.008ms
[23.625s][info][gc,phases] GC(533) y: Concurrent Mark 12.995ms
[23.626s][info][gc,phases] GC(533) y: Pause Mark End 0.011ms
[23.626s][info][gc,phases] GC(533) y: Concurrent Mark Free 0.001ms
[23.626s][info][gc,phases] GC(533) y: Concurrent Reset Relocation Set 0.008ms
[23.628s][info][gc,phases] GC(533) y: Concurrent Select Relocation Set 1.980ms
[23.628s][info][gc,phases] GC(533) y: Pause Relocate Start 0.008ms
[23.633s][info][gc,phases] GC(533) y: Concurrent Relocate 5.018ms
[23.634s][info][gc,phases] GC(533) y: Young Generation 1496M(73%)->1126M(55%) 0.022s
[23.634s][info][gc       ] GC(533) Minor Collection (Allocation Rate) 1496M(73%)->1130M(55%) 0.022s
[23.672s][info][gc       ] GC(534) Minor Collection (Allocation Rate)
[23.672s][info][gc,phases] GC(534) y: Young Generation
[23.672s][info][gc,phases] GC(534) y: Pause Mark Start 0.007ms
[23.685s][info][gc,phases] GC(534) y: Concurrent Mark 12.308ms
[23.685s][info][gc,phases] GC(534) y: Pause Mark End 0.012ms
[23.685s][info][gc,phases] GC(534) y: Concurrent Mark Free 0.000ms
[23.685s][info][gc,phases] GC(534) y: Concurrent Reset Relocation Set 0.012ms
[23.687s][info][gc,phases] GC(534) y: Concurrent Select Relocation Set 2.258ms
[23.688s][info][gc,phases] GC(534) y: Pause Relocate Start 0.008ms
[23.693s][info][gc,phases] GC(534) y: Concurrent Relocate 5.289ms
[23.693s][info][gc,phases] GC(534) y: Young Generation 1504M(73%)->1224M(60%) 0.021s
[23.693s][info][gc       ] GC(534) Minor Collection (Allocation Rate) 1504M(73%)->1228M(60%) 0.022s
[23.723s][info][gc       ] GC(535) Minor Collection (Allocation Rate)
[23.723s][info][gc,phases] GC(535) y: Young Generation
[23.723s][info][gc,phases] GC(535) y: Pause Mark Start 0.007ms
[23.736s][info][gc,phases] GC(535) y: Concurrent Mark 12.492ms
[23.736s][info][gc,phases] GC(535) y: Pause Mark End 0.009ms
[23.736s][info][gc,phases] GC(535) y: Concurrent Mark Free 0.000ms
[23.736s][info][gc,phases] GC(535) y: Concurrent Reset Relocation Set 0.016ms
[23.738s][info][gc,phases] GC(535) y: Concurrent Select Relocation Set 1.708ms
[23.738s][info][gc,phases] GC(535) y: Pause Relocate Start 0.005ms
[23.743s][info][gc,phases] GC(535) y: Concurrent Relocate 4.820ms
[23.743s][info][gc,phases] GC(535) y: Young Generation 1516M(74%)->1140M(56%) 0.020s
[23.743s][info][gc       ] GC(535) Minor Collection (Allocation Rate) 1516M(74%)->1140M(56%) 0.021s
[23.784s][info][gc       ] GC(536) Minor Collection (Allocation Rate)
[23.784s][info][gc,phases] GC(536) y: Young Generation
[23.784s][info][gc,phases] GC(536) y: Pause Mark Start 0.006ms
[23.797s][info][gc,phases] GC(536) y: Concurrent Mark 13.001ms
[23.798s][info][gc,phases] GC(536) y: Pause Mark End 0.008ms
[23.798s][info][gc,phases] GC(536) y: Concurrent Mark Free 0.001ms
[23.799s][info][gc,phases] GC(536) y: Concurrent Reset Relocation Set 0.008ms
[23.800s][info][gc,phases] GC(536) y: Concurrent Select Relocation Set 1.711ms
[23.801s][info][gc,phases] GC(536) y: Pause Relocate Start 0.004ms
[23.806s][info][gc,phases] GC(536) y: Young Generation Aborted
[23.806s][info][gc       ] GC(536) Minor Collection (Allocation Rate) Aborted
