[0.278s][info][gc] Using The Z Garbage Collector
[0.625s][info][gc] GC(0) Major Collection (Warmup)
[0.626s][info][gc,phases] GC(0) Y: Young Generation
[0.628s][info][gc,phases] GC(0) Y: Pause Mark Start (Major) 0.009ms
[0.644s][info][gc,phases] GC(0) Y: Concurrent Mark 15.944ms
[0.644s][info][gc,phases] GC(0) Y: Pause Mark End 0.010ms
[0.644s][info][gc,phases] GC(0) Y: Concurrent Mark Free 0.001ms
[0.644s][info][gc,phases] GC(0) Y: Concurrent Reset Relocation Set 0.000ms
[0.645s][info][gc,phases] GC(0) Y: Concurrent Select Relocation Set 0.185ms
[0.645s][info][gc,phases] GC(0) Y: Pause Relocate Start 0.004ms
[0.647s][info][gc,phases] GC(0) Y: Concurrent Relocate 2.497ms
[0.647s][info][gc,phases] GC(0) Y: Young Generation 230M(11%)->234M(11%) 0.021s
[0.648s][info][gc,phases] GC(0) O: Old Generation
[0.648s][info][gc,phases] GC(0) O: Concurrent Mark 0.259ms
[0.648s][info][gc,phases] GC(0) O: Pause Mark End 0.006ms
[0.648s][info][gc,phases] GC(0) O: Concurrent Mark Free 0.000ms
[0.652s][info][gc,phases] GC(0) O: Concurrent Process Non-Strong 4.011ms
[0.652s][info][gc,phases] GC(0) O: Concurrent Reset Relocation Set 0.000ms
[0.652s][info][gc,phases] GC(0) O: Concurrent Select Relocation Set 0.172ms
[0.657s][info][gc,phases] GC(0) O: Concurrent Remap Roots 4.902ms
[0.658s][info][gc,phases] GC(0) O: Pause Relocate Start 0.005ms
[0.658s][info][gc,phases] GC(0) O: Concurrent Relocate 0.054ms
[0.658s][info][gc,phases] GC(0) O: Old Generation 236M(12%)->290M(14%) 0.010s
[0.658s][info][gc       ] GC(0) Major Collection (Warmup) 218M(11%)->290M(14%) 0.033s
[0.686s][info][gc       ] GC(1) Major Collection (Warmup)
[0.686s][info][gc,phases] GC(1) Y: Young Generation
[0.686s][info][gc,phases] GC(1) Y: Pause Mark Start (Major) 0.014ms
[0.716s][info][gc,phases] GC(1) Y: Concurrent Mark 30.483ms
[0.717s][info][gc,phases] GC(1) Y: Pause Mark End 0.010ms
[0.717s][info][gc,phases] GC(1) Y: Concurrent Mark Free 0.001ms
[0.717s][info][gc,phases] GC(1) Y: Concurrent Reset Relocation Set 0.001ms
[0.723s][info][gc,phases] GC(1) Y: Concurrent Select Relocation Set 6.313ms
[0.723s][info][gc,phases] GC(1) Y: Pause Relocate Start 0.009ms
[0.734s][info][gc,phases] GC(1) Y: Concurrent Relocate 10.007ms
[0.734s][info][gc,phases] GC(1) Y: Young Generation 414M(20%)->618M(30%) 0.048s
[0.734s][info][gc,phases] GC(1) O: Old Generation
[0.734s][info][gc,phases] GC(1) O: Concurrent Mark 0.276ms
[0.734s][info][gc,phases] GC(1) O: Pause Mark End 0.013ms
[0.734s][info][gc,phases] GC(1) O: Concurrent Mark Free 0.000ms
[0.738s][info][gc,phases] GC(1) O: Concurrent Process Non-Strong 3.637ms
[0.738s][info][gc,phases] GC(1) O: Concurrent Reset Relocation Set 0.001ms
[0.738s][info][gc,phases] GC(1) O: Concurrent Select Relocation Set 0.045ms
[0.743s][info][gc,phases] GC(1) O: Concurrent Remap Roots 4.537ms
[0.743s][info][gc,phases] GC(1) O: Pause Relocate Start 0.006ms
[0.743s][info][gc,phases] GC(1) O: Concurrent Relocate 0.059ms
[0.743s][info][gc,phases] GC(1) O: Old Generation 618M(30%)->654M(32%) 0.009s
[0.743s][info][gc       ] GC(1) Major Collection (Warmup) 414M(20%)->654M(32%) 0.057s
[0.746s][info][gc       ] GC(2) Major Collection (Warmup)
[0.746s][info][gc,phases] GC(2) Y: Young Generation
[0.746s][info][gc,phases] GC(2) Y: Pause Mark Start (Major) 0.005ms
[0.782s][info][gc,phases] GC(2) Y: Concurrent Mark 35.566ms
[0.782s][info][gc,phases] GC(2) Y: Pause Mark End 0.008ms
[0.782s][info][gc,phases] GC(2) Y: Concurrent Mark Free 0.001ms
[0.782s][info][gc,phases] GC(2) Y: Concurrent Reset Relocation Set 0.014ms
[0.787s][info][gc,phases] GC(2) Y: Concurrent Select Relocation Set 4.884ms
[0.787s][info][gc,phases] GC(2) Y: Pause Relocate Start 0.005ms
[0.792s][info][gc,phases] GC(2) Y: Concurrent Relocate 5.007ms
[0.793s][info][gc,phases] GC(2) Y: Young Generation 668M(33%)->830M(41%) 0.047s
[0.793s][info][gc,phases] GC(2) O: Old Generation
[0.811s][info][gc,phases] GC(2) O: Concurrent Mark 18.356ms
[0.811s][info][gc,phases] GC(2) O: Pause Mark End 0.011ms
[0.811s][info][gc,phases] GC(2) O: Concurrent Mark Free 0.001ms
[0.816s][info][gc,phases] GC(2) O: Concurrent Process Non-Strong 4.252ms
[0.816s][info][gc,phases] GC(2) O: Concurrent Reset Relocation Set 0.000ms
[0.816s][info][gc,phases] GC(2) O: Concurrent Select Relocation Set 0.048ms
[0.822s][info][gc,phases] GC(2) O: Concurrent Remap Roots 6.200ms
[0.822s][info][gc,phases] GC(2) O: Pause Relocate Start 0.009ms
[0.823s][info][gc,phases] GC(2) O: Concurrent Relocate 0.873ms
[0.824s][info][gc,phases] GC(2) O: Old Generation 830M(41%)->896M(44%) 0.031s
[0.824s][info][gc       ] GC(2) Major Collection (Warmup) 668M(33%)->896M(44%) 0.078s
[0.887s][info][gc       ] GC(3) Minor Collection (Allocation Rate)
[0.888s][info][gc,phases] GC(3) y: Young Generation
[0.888s][info][gc,phases] GC(3) y: Pause Mark Start 0.007ms
[0.926s][info][gc,phases] GC(3) y: Concurrent Mark 37.902ms
[0.926s][info][gc,phases] GC(3) y: Pause Mark End 0.012ms
[0.926s][info][gc,phases] GC(3) y: Concurrent Mark Free 0.000ms
[0.926s][info][gc,phases] GC(3) y: Concurrent Reset Relocation Set 0.026ms
[0.932s][info][gc,phases] GC(3) y: Concurrent Select Relocation Set 5.353ms
[0.932s][info][gc,phases] GC(3) y: Pause Relocate Start 0.010ms
[0.942s][info][gc,phases] GC(3) y: Concurrent Relocate 9.768ms
[0.942s][info][gc,phases] GC(3) y: Young Generation 1324M(65%)->1276M(62%) 0.054s
[0.942s][info][gc       ] GC(3) Minor Collection (Allocation Rate) 1322M(65%)->1284M(63%) 0.055s
[0.942s][info][gc       ] GC(4) Major Collection (Allocation Rate)
[0.942s][info][gc,phases] GC(4) Y: Young Generation
[0.942s][info][gc,phases] GC(4) Y: Pause Mark Start (Major) 0.013ms
[0.960s][info][gc,phases] GC(4) Y: Concurrent Mark 17.590ms
[0.960s][info][gc,phases] GC(4) Y: Pause Mark End 0.010ms
[0.960s][info][gc,phases] GC(4) Y: Concurrent Mark Free 0.001ms
[0.960s][info][gc,phases] GC(4) Y: Concurrent Reset Relocation Set 0.029ms
[0.964s][info][gc,phases] GC(4) Y: Concurrent Select Relocation Set 3.235ms
[0.964s][info][gc,phases] GC(4) Y: Pause Relocate Start 0.009ms
[0.971s][info][gc,phases] GC(4) Y: Concurrent Relocate 7.307ms
[0.972s][info][gc,phases] GC(4) Y: Young Generation 1286M(63%)->1316M(64%) 0.029s
[0.972s][info][gc,phases] GC(4) O: Old Generation
[0.972s][info][gc       ] GC(5) Minor Collection (Allocation Rate)
[0.972s][info][gc,phases] GC(5) y: Young Generation
[0.972s][info][gc,phases] GC(5) y: Pause Mark Start 0.007ms
[0.979s][info][gc,phases] GC(5) y: Concurrent Mark 6.691ms
[0.979s][info][gc,phases] GC(5) y: Pause Mark End 0.014ms
[0.979s][info][gc,phases] GC(5) y: Concurrent Mark Free 0.001ms
[0.980s][info][gc,phases] GC(5) y: Concurrent Reset Relocation Set 0.023ms
[0.980s][info][gc,phases] GC(5) y: Concurrent Select Relocation Set 0.164ms
[0.980s][info][gc,phases] GC(5) y: Pause Relocate Start 0.004ms
[0.984s][info][gc,phases] GC(5) y: Concurrent Relocate 4.110ms
[0.984s][info][gc,phases] GC(5) y: Young Generation 1328M(65%)->1034M(50%) 0.012s
[0.984s][info][gc       ] GC(5) Minor Collection (Allocation Rate) 1328M(65%)->1036M(51%) 0.012s
[0.984s][info][gc       ] GC(6) Minor Collection (Allocation Rate)
[0.984s][info][gc,phases] GC(6) y: Young Generation
[0.985s][info][gc,phases] GC(6) y: Pause Mark Start 0.008ms
[0.990s][info][gc,phases] GC(6) y: Concurrent Mark 5.395ms
[0.990s][info][gc,phases] GC(6) y: Pause Mark End 0.015ms
[0.991s][info][gc,phases] GC(6) y: Concurrent Mark Free 0.001ms
[0.991s][info][gc,phases] GC(6) y: Concurrent Reset Relocation Set 0.007ms
[0.991s][info][gc,phases] GC(6) y: Concurrent Select Relocation Set 0.322ms
[0.991s][info][gc,phases] GC(6) y: Pause Relocate Start 0.008ms
[0.993s][info][gc,phases] GC(6) y: Concurrent Relocate 2.021ms
[0.994s][info][gc,phases] GC(6) y: Young Generation 1040M(51%)->990M(48%) 0.009s
[0.994s][info][gc       ] GC(6) Minor Collection (Allocation Rate) 1040M(51%)->994M(49%) 0.009s
[0.994s][info][gc       ] GC(7) Minor Collection (Allocation Rate)
[0.994s][info][gc,phases] GC(7) y: Young Generation
[0.994s][info][gc,phases] GC(7) y: Pause Mark Start 0.009ms
[0.999s][info][gc,phases] GC(7) y: Concurrent Mark 5.006ms
[0.999s][info][gc,phases] GC(7) y: Pause Mark End 0.010ms
[1.000s][info][gc,phases] GC(7) y: Concurrent Mark Free 0.002ms
[1.000s][info][gc,phases] GC(7) y: Concurrent Reset Relocation Set 0.006ms
[1.000s][info][gc,phases] GC(7) y: Concurrent Select Relocation Set 0.473ms
[1.000s][info][gc,phases] GC(7) y: Pause Relocate Start 0.007ms
[1.002s][info][gc,phases] GC(7) y: Concurrent Relocate 1.661ms
[1.002s][info][gc,phases] GC(7) y: Young Generation 998M(49%)->986M(48%) 0.009s
[1.003s][info][gc       ] GC(7) Minor Collection (Allocation Rate) 994M(49%)->990M(48%) 0.009s
[1.003s][info][gc       ] GC(8) Minor Collection (Allocation Rate)
[1.003s][info][gc,phases] GC(8) y: Young Generation
[1.003s][info][gc,phases] GC(8) y: Pause Mark Start 0.008ms
[1.008s][info][gc,phases] GC(8) y: Concurrent Mark 4.586ms
[1.008s][info][gc,phases] GC(8) y: Pause Mark End 0.012ms
[1.008s][info][gc,phases] GC(8) y: Concurrent Mark Free 0.001ms
[1.008s][info][gc,phases] GC(8) y: Concurrent Reset Relocation Set 0.006ms
[1.009s][info][gc,phases] GC(8) y: Concurrent Select Relocation Set 0.311ms
[1.009s][info][gc,phases] GC(8) y: Pause Relocate Start 0.005ms
[1.011s][info][gc,phases] GC(8) y: Concurrent Relocate 1.485ms
[1.011s][info][gc,phases] GC(8) y: Young Generation 994M(49%)->978M(48%) 0.008s
[1.011s][info][gc       ] GC(8) Minor Collection (Allocation Rate) 994M(49%)->982M(48%) 0.008s
[1.014s][info][gc       ] GC(9) Minor Collection (Allocation Rate)
[1.014s][info][gc,phases] GC(9) y: Young Generation
[1.014s][info][gc,phases] GC(9) y: Pause Mark Start 0.008ms
[1.019s][info][gc,phases] GC(9) y: Concurrent Mark 4.490ms
[1.019s][info][gc,phases] GC(9) y: Pause Mark End 0.013ms
[1.019s][info][gc,phases] GC(9) y: Concurrent Mark Free 0.001ms
[1.019s][info][gc,phases] GC(9) y: Concurrent Reset Relocation Set 0.003ms
[1.019s][info][gc,phases] GC(9) y: Concurrent Select Relocation Set 0.146ms
[1.019s][info][gc,phases] GC(9) y: Pause Relocate Start 0.005ms
[1.021s][info][gc,phases] GC(9) y: Concurrent Relocate 1.656ms
[1.021s][info][gc,phases] GC(9) y: Young Generation 1038M(51%)->980M(48%) 0.008s
[1.021s][info][gc       ] GC(9) Minor Collection (Allocation Rate) 1034M(50%)->984M(48%) 0.008s
[1.030s][info][gc       ] GC(10) Minor Collection (Allocation Rate)
[1.031s][info][gc,phases] GC(10) y: Young Generation
[1.031s][info][gc,phases] GC(10) y: Pause Mark Start 0.012ms
[1.037s][info][gc,phases] GC(10) y: Concurrent Mark 5.550ms
[1.037s][info][gc,phases] GC(10) y: Pause Mark End 0.012ms
[1.037s][info][gc,phases] GC(10) y: Concurrent Mark Free 0.002ms
[1.037s][info][gc,phases] GC(10) y: Concurrent Reset Relocation Set 0.003ms
[1.037s][info][gc,phases] GC(10) y: Concurrent Select Relocation Set 0.367ms
[1.038s][info][gc,phases] GC(4) O: Concurrent Mark 65.755ms
[1.038s][info][gc,phases] GC(10) y: Pause Relocate Start 0.004ms
[1.038s][info][gc,phases] GC(4) O: Pause Mark End 0.005ms
[1.038s][info][gc,phases] GC(4) O: Concurrent Mark Free 0.001ms
[1.041s][info][gc,phases] GC(10) y: Concurrent Relocate 3.152ms
[1.041s][info][gc,phases] GC(10) y: Young Generation 1156M(56%)->1032M(50%) 0.011s
[1.041s][info][gc       ] GC(10) Minor Collection (Allocation Rate) 1150M(56%)->1040M(51%) 0.011s
[1.041s][info][gc       ] GC(11) Minor Collection (Allocation Rate)
[1.041s][info][gc,phases] GC(11) y: Young Generation
[1.043s][info][gc,phases] GC(11) y: Pause Mark Start 0.010ms
[1.047s][info][gc,phases] GC(4) O: Concurrent Process Non-Strong 8.618ms
[1.047s][info][gc,phases] GC(4) O: Concurrent Reset Relocation Set 0.001ms
[1.047s][info][gc,phases] GC(4) O: Concurrent Select Relocation Set 0.085ms
[1.050s][info][gc,phases] GC(11) y: Concurrent Mark 7.653ms
[1.051s][info][gc,phases] GC(11) y: Pause Mark End 0.015ms
[1.051s][info][gc,phases] GC(11) y: Concurrent Mark Free 0.001ms
[1.051s][info][gc,phases] GC(11) y: Concurrent Reset Relocation Set 0.006ms
[1.051s][info][gc,phases] GC(11) y: Concurrent Select Relocation Set 0.406ms
[1.051s][info][gc,phases] GC(11) y: Pause Relocate Start 0.009ms
[1.053s][info][gc,phases] GC(11) y: Concurrent Relocate 1.769ms
[1.053s][info][gc,phases] GC(11) y: Young Generation 1040M(51%)->1028M(50%) 0.012s
[1.053s][info][gc       ] GC(11) Minor Collection (Allocation Rate) 1040M(51%)->1032M(50%) 0.012s
[1.058s][info][gc,phases] GC(4) O: Concurrent Remap Roots 4.936ms
[1.059s][info][gc,phases] GC(4) O: Pause Relocate Start 0.011ms
[1.059s][info][gc       ] GC(12) Minor Collection (Allocation Rate)
[1.059s][info][gc,phases] GC(12) y: Young Generation
[1.059s][info][gc,phases] GC(12) y: Pause Mark Start 0.005ms
[1.062s][info][gc,phases] GC(4) O: Concurrent Relocate 2.716ms
[1.068s][info][gc,phases] GC(12) y: Concurrent Mark 8.879ms
[1.069s][info][gc,phases] GC(12) y: Pause Mark End 0.013ms
[1.069s][info][gc,phases] GC(12) y: Concurrent Mark Free 0.001ms
[1.069s][info][gc,phases] GC(12) y: Concurrent Reset Relocation Set 0.008ms
[1.069s][info][gc,phases] GC(12) y: Concurrent Select Relocation Set 0.549ms
[1.070s][info][gc,phases] GC(12) y: Pause Relocate Start 0.005ms
[1.072s][info][gc,phases] GC(12) y: Concurrent Relocate 2.473ms
[1.072s][info][gc,phases] GC(12) y: Young Generation 1122M(55%)->1066M(52%) 0.013s
[1.072s][info][gc       ] GC(12) Minor Collection (Allocation Rate) 1122M(55%)->1070M(52%) 0.013s
[1.073s][info][gc,phases] GC(4) O: Old Generation 1324M(65%)->1160M(57%) 0.101s
[1.073s][info][gc       ] GC(4) Major Collection (Allocation Rate) 1284M(63%)->1074M(52%) 0.131s
[1.073s][info][gc       ] GC(13) Minor Collection (Allocation Rate)
[1.073s][info][gc,phases] GC(13) y: Young Generation
[1.073s][info][gc,phases] GC(13) y: Pause Mark Start 0.007ms
[1.081s][info][gc,phases] GC(13) y: Concurrent Mark 7.693ms
[1.082s][info][gc,phases] GC(13) y: Pause Mark End 0.010ms
[1.082s][info][gc,phases] GC(13) y: Concurrent Mark Free 0.001ms
[1.082s][info][gc,phases] GC(13) y: Concurrent Reset Relocation Set 0.007ms
[1.082s][info][gc,phases] GC(13) y: Concurrent Select Relocation Set 0.341ms
[1.082s][info][gc,phases] GC(13) y: Pause Relocate Start 0.004ms
[1.084s][info][gc,phases] GC(13) y: Concurrent Relocate 2.042ms
[1.085s][info][gc,phases] GC(13) y: Young Generation 1088M(53%)->1042M(51%) 0.011s
[1.085s][info][gc       ] GC(13) Minor Collection (Allocation Rate) 1086M(53%)->1044M(51%) 0.011s
[1.101s][info][gc       ] GC(14) Minor Collection (Allocation Rate)
[1.101s][info][gc,phases] GC(14) y: Young Generation
[1.101s][info][gc,phases] GC(14) y: Pause Mark Start 0.008ms
[1.111s][info][gc,phases] GC(14) y: Concurrent Mark 9.523ms
[1.111s][info][gc,phases] GC(14) y: Pause Mark End 0.010ms
[1.111s][info][gc,phases] GC(14) y: Concurrent Mark Free 0.001ms
[1.111s][info][gc,phases] GC(14) y: Concurrent Reset Relocation Set 0.005ms
[1.112s][info][gc,phases] GC(14) y: Concurrent Select Relocation Set 0.527ms
[1.112s][info][gc,phases] GC(14) y: Pause Relocate Start 0.005ms
[1.116s][info][gc,phases] GC(14) y: Concurrent Relocate 4.297ms
[1.117s][info][gc,phases] GC(14) y: Young Generation 1354M(66%)->1132M(55%) 0.016s
[1.117s][info][gc       ] GC(14) Minor Collection (Allocation Rate) 1350M(66%)->1136M(55%) 0.016s
[1.121s][info][gc       ] GC(15) Minor Collection (Allocation Rate)
[1.122s][info][gc,phases] GC(15) y: Young Generation
[1.122s][info][gc,phases] GC(15) y: Pause Mark Start 0.008ms
[1.131s][info][gc,phases] GC(15) y: Concurrent Mark 8.848ms
[1.131s][info][gc,phases] GC(15) y: Pause Mark End 0.011ms
[1.131s][info][gc,phases] GC(15) y: Concurrent Mark Free 0.001ms
[1.131s][info][gc,phases] GC(15) y: Concurrent Reset Relocation Set 0.009ms
[1.132s][info][gc,phases] GC(15) y: Concurrent Select Relocation Set 0.375ms
[1.132s][info][gc,phases] GC(15) y: Pause Relocate Start 0.004ms
[1.135s][info][gc,phases] GC(15) y: Concurrent Relocate 3.059ms
[1.135s][info][gc,phases] GC(15) y: Young Generation 1232M(60%)->1098M(54%) 0.013s
[1.135s][info][gc       ] GC(15) Minor Collection (Allocation Rate) 1228M(60%)->1102M(54%) 0.014s
[1.148s][info][gc       ] GC(16) Minor Collection (Allocation Rate)
[1.148s][info][gc,phases] GC(16) y: Young Generation
[1.148s][info][gc,phases] GC(16) y: Pause Mark Start 0.011ms
[1.158s][info][gc,phases] GC(16) y: Concurrent Mark 9.834ms
[1.158s][info][gc,phases] GC(16) y: Pause Mark End 0.011ms
[1.159s][info][gc,phases] GC(16) y: Concurrent Mark Free 0.001ms
[1.159s][info][gc,phases] GC(16) y: Concurrent Reset Relocation Set 0.006ms
[1.159s][info][gc,phases] GC(16) y: Concurrent Select Relocation Set 0.601ms
[1.160s][info][gc,phases] GC(16) y: Pause Relocate Start 0.010ms
[1.164s][info][gc,phases] GC(16) y: Concurrent Relocate 4.164ms
[1.164s][info][gc,phases] GC(16) y: Young Generation 1350M(66%)->1152M(56%) 0.016s
[1.164s][info][gc       ] GC(16) Minor Collection (Allocation Rate) 1344M(66%)->1156M(56%) 0.016s
[1.170s][info][gc       ] GC(17) Minor Collection (Allocation Rate)
[1.170s][info][gc,phases] GC(17) y: Young Generation
[1.170s][info][gc,phases] GC(17) y: Pause Mark Start 0.011ms
[1.180s][info][gc,phases] GC(17) y: Concurrent Mark 9.319ms
[1.180s][info][gc,phases] GC(17) y: Pause Mark End 0.015ms
[1.180s][info][gc,phases] GC(17) y: Concurrent Mark Free 0.001ms
[1.180s][info][gc,phases] GC(17) y: Concurrent Reset Relocation Set 0.011ms
[1.181s][info][gc,phases] GC(17) y: Concurrent Select Relocation Set 0.399ms
[1.181s][info][gc,phases] GC(17) y: Pause Relocate Start 0.004ms
[1.184s][info][gc,phases] GC(17) y: Concurrent Relocate 3.270ms
[1.185s][info][gc,phases] GC(17) y: Young Generation 1276M(62%)->1126M(55%) 0.014s
[1.185s][info][gc       ] GC(17) Minor Collection (Allocation Rate) 1272M(62%)->1130M(55%) 0.014s
[1.196s][info][gc       ] GC(18) Minor Collection (Allocation Rate)
[1.196s][info][gc,phases] GC(18) y: Young Generation
[1.196s][info][gc,phases] GC(18) y: Pause Mark Start 0.008ms
[1.207s][info][gc,phases] GC(18) y: Concurrent Mark 10.036ms
[1.207s][info][gc,phases] GC(18) y: Pause Mark End 0.010ms
[1.207s][info][gc,phases] GC(18) y: Concurrent Mark Free 0.001ms
[1.207s][info][gc,phases] GC(18) y: Concurrent Reset Relocation Set 0.010ms
[1.208s][info][gc,phases] GC(18) y: Concurrent Select Relocation Set 0.665ms
[1.208s][info][gc,phases] GC(18) y: Pause Relocate Start 0.005ms
[1.212s][info][gc,phases] GC(18) y: Concurrent Relocate 4.138ms
[1.212s][info][gc,phases] GC(18) y: Young Generation 1352M(66%)->1168M(57%) 0.016s
[1.212s][info][gc       ] GC(18) Minor Collection (Allocation Rate) 1348M(66%)->1172M(57%) 0.016s
[1.219s][info][gc       ] GC(19) Minor Collection (Allocation Rate)
[1.219s][info][gc,phases] GC(19) y: Young Generation
[1.220s][info][gc,phases] GC(19) y: Pause Mark Start 0.008ms
[1.229s][info][gc,phases] GC(19) y: Concurrent Mark 9.593ms
[1.230s][info][gc,phases] GC(19) y: Pause Mark End 0.010ms
[1.230s][info][gc,phases] GC(19) y: Concurrent Mark Free 0.001ms
[1.230s][info][gc,phases] GC(19) y: Concurrent Reset Relocation Set 0.010ms
[1.230s][info][gc,phases] GC(19) y: Concurrent Select Relocation Set 0.423ms
[1.230s][info][gc,phases] GC(19) y: Pause Relocate Start 0.004ms
[1.234s][info][gc,phases] GC(19) y: Concurrent Relocate 3.396ms
[1.234s][info][gc,phases] GC(19) y: Young Generation 1310M(64%)->1150M(56%) 0.014s
[1.234s][info][gc       ] GC(19) Minor Collection (Allocation Rate) 1306M(64%)->1154M(56%) 0.015s
[1.246s][info][gc       ] GC(20) Minor Collection (Allocation Rate)
[1.246s][info][gc,phases] GC(20) y: Young Generation
[1.246s][info][gc,phases] GC(20) y: Pause Mark Start 0.011ms
[1.256s][info][gc,phases] GC(20) y: Concurrent Mark 10.123ms
[1.257s][info][gc,phases] GC(20) y: Pause Mark End 0.011ms
[1.257s][info][gc,phases] GC(20) y: Concurrent Mark Free 0.001ms
[1.257s][info][gc,phases] GC(20) y: Concurrent Reset Relocation Set 0.008ms
[1.258s][info][gc,phases] GC(20) y: Concurrent Select Relocation Set 0.675ms
[1.258s][info][gc,phases] GC(20) y: Pause Relocate Start 0.005ms
[1.262s][info][gc,phases] GC(20) y: Concurrent Relocate 4.172ms
[1.262s][info][gc,phases] GC(20) y: Young Generation 1380M(67%)->1188M(58%) 0.016s
[1.262s][info][gc       ] GC(20) Minor Collection (Allocation Rate) 1378M(67%)->1192M(58%) 0.016s
[1.270s][info][gc       ] GC(21) Minor Collection (Allocation Rate)
[1.270s][info][gc,phases] GC(21) y: Young Generation
[1.270s][info][gc,phases] GC(21) y: Pause Mark Start 0.007ms
[1.280s][info][gc,phases] GC(21) y: Concurrent Mark 9.490ms
[1.280s][info][gc,phases] GC(21) y: Pause Mark End 0.014ms
[1.280s][info][gc,phases] GC(21) y: Concurrent Mark Free 0.002ms
[1.280s][info][gc,phases] GC(21) y: Concurrent Reset Relocation Set 0.011ms
[1.281s][info][gc,phases] GC(21) y: Concurrent Select Relocation Set 0.362ms
[1.281s][info][gc,phases] GC(21) y: Pause Relocate Start 0.004ms
[1.285s][info][gc,phases] GC(21) y: Concurrent Relocate 3.534ms
[1.285s][info][gc,phases] GC(21) y: Young Generation 1342M(66%)->1168M(57%) 0.015s
[1.285s][info][gc       ] GC(21) Minor Collection (Allocation Rate) 1340M(65%)->1172M(57%) 0.015s
[1.295s][info][gc       ] GC(22) Minor Collection (Allocation Rate)
[1.295s][info][gc,phases] GC(22) y: Young Generation
[1.296s][info][gc,phases] GC(22) y: Pause Mark Start 0.009ms
[1.306s][info][gc,phases] GC(22) y: Concurrent Mark 10.091ms
[1.306s][info][gc,phases] GC(22) y: Pause Mark End 0.010ms
[1.306s][info][gc,phases] GC(22) y: Concurrent Mark Free 0.002ms
[1.306s][info][gc,phases] GC(22) y: Concurrent Reset Relocation Set 0.007ms
[1.307s][info][gc,phases] GC(22) y: Concurrent Select Relocation Set 0.725ms
[1.307s][info][gc,phases] GC(22) y: Pause Relocate Start 0.006ms
[1.311s][info][gc,phases] GC(22) y: Concurrent Relocate 4.048ms
[1.312s][info][gc,phases] GC(22) y: Young Generation 1368M(67%)->1200M(59%) 0.016s
[1.312s][info][gc       ] GC(22) Minor Collection (Allocation Rate) 1364M(67%)->1204M(59%) 0.016s
[1.319s][info][gc       ] GC(23) Major Collection (Allocation Rate)
[1.319s][info][gc,phases] GC(23) Y: Young Generation
[1.319s][info][gc,phases] GC(23) Y: Pause Mark Start (Major) 0.009ms
[1.325s][info][gc,phases] GC(23) Y: Concurrent Mark 6.302ms
[1.326s][info][gc,phases] GC(23) Y: Pause Mark End 0.010ms
[1.326s][info][gc,phases] GC(23) Y: Concurrent Mark Free 0.001ms
[1.326s][info][gc,phases] GC(23) Y: Concurrent Reset Relocation Set 0.010ms
[1.326s][info][gc,phases] GC(23) Y: Concurrent Select Relocation Set 0.354ms
[1.326s][info][gc,phases] GC(23) Y: Pause Relocate Start 0.004ms
[1.330s][info][gc,phases] GC(23) Y: Concurrent Relocate 3.437ms
[1.330s][info][gc,phases] GC(23) Y: Young Generation 1340M(65%)->1128M(55%) 0.011s
[1.330s][info][gc,phases] GC(23) O: Old Generation
[1.338s][info][gc       ] GC(24) Minor Collection (Allocation Rate)
[1.338s][info][gc,phases] GC(24) y: Young Generation
[1.338s][info][gc,phases] GC(24) y: Pause Mark Start 0.011ms
[1.345s][info][gc,phases] GC(24) y: Concurrent Mark 6.471ms
[1.345s][info][gc,phases] GC(24) y: Pause Mark End 0.013ms
[1.345s][info][gc,phases] GC(24) y: Concurrent Mark Free 0.000ms
[1.345s][info][gc,phases] GC(24) y: Concurrent Reset Relocation Set 0.007ms
[1.346s][info][gc,phases] GC(24) y: Concurrent Select Relocation Set 0.294ms
[1.346s][info][gc,phases] GC(24) y: Pause Relocate Start 0.004ms
[1.349s][info][gc,phases] GC(24) y: Concurrent Relocate 3.298ms
[1.349s][info][gc,phases] GC(24) y: Young Generation 1284M(63%)->1132M(55%) 0.011s
[1.349s][info][gc       ] GC(24) Minor Collection (Allocation Rate) 1282M(63%)->1134M(55%) 0.011s
[1.365s][info][gc       ] GC(25) Minor Collection (Allocation Rate)
[1.365s][info][gc,phases] GC(25) y: Young Generation
[1.365s][info][gc,phases] GC(25) y: Pause Mark Start 0.011ms
[1.372s][info][gc,phases] GC(25) y: Concurrent Mark 6.961ms
[1.372s][info][gc,phases] GC(25) y: Pause Mark End 0.010ms
[1.372s][info][gc,phases] GC(25) y: Concurrent Mark Free 0.001ms
[1.373s][info][gc,phases] GC(25) y: Concurrent Reset Relocation Set 0.007ms
[1.373s][info][gc,phases] GC(25) y: Concurrent Select Relocation Set 0.498ms
[1.373s][info][gc,phases] GC(25) y: Pause Relocate Start 0.006ms
[1.378s][info][gc,phases] GC(25) y: Concurrent Relocate 4.278ms
[1.378s][info][gc,phases] GC(25) y: Young Generation 1422M(69%)->1174M(57%) 0.013s
[1.378s][info][gc       ] GC(25) Minor Collection (Allocation Rate) 1418M(69%)->1178M(58%) 0.013s
[1.390s][info][gc       ] GC(26) Minor Collection (Allocation Rate)
[1.390s][info][gc,phases] GC(26) y: Young Generation
[1.391s][info][gc,phases] GC(26) y: Pause Mark Start 0.009ms
[1.398s][info][gc,phases] GC(26) y: Concurrent Mark 6.804ms
[1.398s][info][gc,phases] GC(26) y: Pause Mark End 0.010ms
[1.398s][info][gc,phases] GC(26) y: Concurrent Mark Free 0.001ms
[1.398s][info][gc,phases] GC(26) y: Concurrent Reset Relocation Set 0.011ms
[1.398s][info][gc,phases] GC(26) y: Concurrent Select Relocation Set 0.229ms
[1.399s][info][gc,phases] GC(26) y: Pause Relocate Start 0.004ms
[1.403s][info][gc,phases] GC(26) y: Concurrent Relocate 3.867ms
[1.403s][info][gc,phases] GC(26) y: Young Generation 1412M(69%)->1162M(57%) 0.012s
[1.403s][info][gc       ] GC(26) Minor Collection (Allocation Rate) 1408M(69%)->1168M(57%) 0.013s
[1.403s][info][gc,phases] GC(23) O: Concurrent Mark 73.331ms
[1.404s][info][gc,phases] GC(23) O: Pause Mark End 0.010ms
[1.404s][info][gc,phases] GC(23) O: Concurrent Mark Free 0.001ms
[1.408s][info][gc,phases] GC(23) O: Concurrent Process Non-Strong 4.085ms
[1.408s][info][gc,phases] GC(23) O: Concurrent Reset Relocation Set 0.001ms
[1.408s][info][gc,phases] GC(23) O: Concurrent Select Relocation Set 0.171ms
[1.413s][info][gc,phases] GC(23) O: Concurrent Remap Roots 4.834ms
[1.413s][info][gc,phases] GC(23) O: Pause Relocate Start 0.013ms
[1.414s][info][gc,phases] GC(23) O: Concurrent Relocate 0.804ms
[1.414s][info][gc,phases] GC(23) O: Old Generation 1132M(55%)->1228M(60%) 0.084s
[1.414s][info][gc       ] GC(23) Major Collection (Allocation Rate) 1336M(65%)->1232M(60%) 0.096s
[1.427s][info][gc       ] GC(27) Minor Collection (Allocation Rate)
[1.427s][info][gc,phases] GC(27) y: Young Generation
[1.428s][info][gc,phases] GC(27) y: Pause Mark Start 0.010ms
[1.439s][info][gc,phases] GC(27) y: Concurrent Mark 11.171ms
[1.439s][info][gc,phases] GC(27) y: Pause Mark End 0.011ms
[1.439s][info][gc,phases] GC(27) y: Concurrent Mark Free 0.001ms
[1.439s][info][gc,phases] GC(27) y: Concurrent Reset Relocation Set 0.008ms
[1.440s][info][gc,phases] GC(27) y: Concurrent Select Relocation Set 0.481ms
[1.440s][info][gc,phases] GC(27) y: Pause Relocate Start 0.004ms
[1.446s][info][gc,phases] GC(27) y: Concurrent Relocate 5.736ms
[1.446s][info][gc,phases] GC(27) y: Young Generation 1480M(72%)->1126M(55%) 0.019s
[1.446s][info][gc       ] GC(27) Minor Collection (Allocation Rate) 1476M(72%)->1128M(55%) 0.019s
[1.446s][info][gc       ] GC(28) Minor Collection (Allocation Rate)
[1.446s][info][gc,phases] GC(28) y: Young Generation
[1.446s][info][gc,phases] GC(28) y: Pause Mark Start 0.008ms
[1.456s][info][gc,phases] GC(28) y: Concurrent Mark 9.428ms
[1.456s][info][gc,phases] GC(28) y: Pause Mark End 0.015ms
[1.456s][info][gc,phases] GC(28) y: Concurrent Mark Free 0.002ms
[1.456s][info][gc,phases] GC(28) y: Concurrent Reset Relocation Set 0.011ms
[1.457s][info][gc,phases] GC(28) y: Concurrent Select Relocation Set 0.648ms
[1.457s][info][gc,phases] GC(28) y: Pause Relocate Start 0.004ms
[1.460s][info][gc,phases] GC(28) y: Concurrent Relocate 2.795ms
[1.460s][info][gc,phases] GC(28) y: Young Generation 1132M(55%)->1088M(53%) 0.014s
[1.460s][info][gc       ] GC(28) Minor Collection (Allocation Rate) 1130M(55%)->1090M(53%) 0.014s
[1.465s][info][gc       ] GC(29) Minor Collection (Allocation Rate)
[1.465s][info][gc,phases] GC(29) y: Young Generation
[1.465s][info][gc,phases] GC(29) y: Pause Mark Start 0.011ms
[1.475s][info][gc,phases] GC(29) y: Concurrent Mark 9.160ms
[1.475s][info][gc,phases] GC(29) y: Pause Mark End 0.011ms
[1.475s][info][gc,phases] GC(29) y: Concurrent Mark Free 0.001ms
[1.475s][info][gc,phases] GC(29) y: Concurrent Reset Relocation Set 0.008ms
[1.476s][info][gc,phases] GC(29) y: Concurrent Select Relocation Set 0.501ms
[1.476s][info][gc,phases] GC(29) y: Pause Relocate Start 0.009ms
[1.479s][info][gc,phases] GC(29) y: Concurrent Relocate 3.259ms
[1.479s][info][gc,phases] GC(29) y: Young Generation 1184M(58%)->1094M(53%) 0.014s
[1.480s][info][gc       ] GC(29) Minor Collection (Allocation Rate) 1178M(58%)->1098M(54%) 0.015s
[1.491s][info][gc       ] GC(30) Minor Collection (Allocation Rate)
[1.491s][info][gc,phases] GC(30) y: Young Generation
[1.491s][info][gc,phases] GC(30) y: Pause Mark Start 0.008ms
[1.500s][info][gc,phases] GC(30) y: Concurrent Mark 9.042ms
[1.501s][info][gc,phases] GC(30) y: Pause Mark End 0.011ms
[1.501s][info][gc,phases] GC(30) y: Concurrent Mark Free 0.001ms
[1.501s][info][gc,phases] GC(30) y: Concurrent Reset Relocation Set 0.008ms
[1.501s][info][gc,phases] GC(30) y: Concurrent Select Relocation Set 0.392ms
[1.501s][info][gc,phases] GC(30) y: Pause Relocate Start 0.004ms
[1.505s][info][gc,phases] GC(30) y: Concurrent Relocate 3.852ms
[1.505s][info][gc,phases] GC(30) y: Young Generation 1316M(64%)->1106M(54%) 0.014s
[1.505s][info][gc       ] GC(30) Minor Collection (Allocation Rate) 1310M(64%)->1110M(54%) 0.015s
[1.521s][info][gc       ] GC(31) Minor Collection (Allocation Rate)
[1.521s][info][gc,phases] GC(31) y: Young Generation
[1.521s][info][gc,phases] GC(31) y: Pause Mark Start 0.010ms
[1.531s][info][gc,phases] GC(31) y: Concurrent Mark 9.849ms
[1.531s][info][gc,phases] GC(31) y: Pause Mark End 0.014ms
[1.531s][info][gc,phases] GC(31) y: Concurrent Mark Free 0.001ms
[1.531s][info][gc,phases] GC(31) y: Concurrent Reset Relocation Set 0.008ms
[1.532s][info][gc,phases] GC(31) y: Concurrent Select Relocation Set 0.401ms
[1.532s][info][gc,phases] GC(31) y: Pause Relocate Start 0.004ms
[1.537s][info][gc,phases] GC(31) y: Concurrent Relocate 4.461ms
[1.537s][info][gc,phases] GC(31) y: Young Generation 1402M(68%)->1142M(56%) 0.016s
[1.537s][info][gc       ] GC(31) Minor Collection (Allocation Rate) 1398M(68%)->1146M(56%) 0.016s
[1.546s][info][gc       ] GC(32) Minor Collection (Allocation Rate)
[1.546s][info][gc,phases] GC(32) y: Young Generation
[1.546s][info][gc,phases] GC(32) y: Pause Mark Start 0.010ms
[1.556s][info][gc,phases] GC(32) y: Concurrent Mark 10.144ms
[1.556s][info][gc,phases] GC(32) y: Pause Mark End 0.011ms
[1.557s][info][gc,phases] GC(32) y: Concurrent Mark Free 0.001ms
[1.557s][info][gc,phases] GC(32) y: Concurrent Reset Relocation Set 0.009ms
[1.557s][info][gc,phases] GC(32) y: Concurrent Select Relocation Set 0.502ms
[1.557s][info][gc,phases] GC(32) y: Pause Relocate Start 0.004ms
[1.561s][info][gc,phases] GC(32) y: Concurrent Relocate 3.926ms
[1.562s][info][gc,phases] GC(32) y: Young Generation 1320M(64%)->1146M(56%) 0.016s
[1.562s][info][gc       ] GC(32) Minor Collection (Allocation Rate) 1316M(64%)->1152M(56%) 0.016s
[1.571s][info][gc       ] GC(33) Minor Collection (Allocation Rate)
[1.572s][info][gc,phases] GC(33) y: Young Generation
[1.572s][info][gc,phases] GC(33) y: Pause Mark Start 0.008ms
[1.582s][info][gc,phases] GC(33) y: Concurrent Mark 9.806ms
[1.582s][info][gc,phases] GC(33) y: Pause Mark End 0.011ms
[1.582s][info][gc,phases] GC(33) y: Concurrent Mark Free 0.001ms
[1.582s][info][gc,phases] GC(33) y: Concurrent Reset Relocation Set 0.008ms
[1.583s][info][gc,phases] GC(33) y: Concurrent Select Relocation Set 0.693ms
[1.583s][info][gc,phases] GC(33) y: Pause Relocate Start 0.008ms
[1.587s][info][gc,phases] GC(33) y: Concurrent Relocate 4.075ms
[1.587s][info][gc,phases] GC(33) y: Young Generation 1342M(66%)->1158M(57%) 0.016s
[1.587s][info][gc       ] GC(33) Minor Collection (Allocation Rate) 1338M(65%)->1162M(57%) 0.016s
[1.598s][info][gc       ] GC(34) Minor Collection (Allocation Rate)
[1.598s][info][gc,phases] GC(34) y: Young Generation
[1.599s][info][gc,phases] GC(34) y: Pause Mark Start 0.009ms
[1.608s][info][gc,phases] GC(34) y: Concurrent Mark 9.810ms
[1.609s][info][gc,phases] GC(34) y: Pause Mark End 0.010ms
[1.609s][info][gc,phases] GC(34) y: Concurrent Mark Free 0.002ms
[1.609s][info][gc,phases] GC(34) y: Concurrent Reset Relocation Set 0.011ms
[1.609s][info][gc,phases] GC(34) y: Concurrent Select Relocation Set 0.411ms
[1.609s][info][gc,phases] GC(34) y: Pause Relocate Start 0.004ms
[1.614s][info][gc,phases] GC(34) y: Concurrent Relocate 4.180ms
[1.614s][info][gc,phases] GC(34) y: Young Generation 1366M(67%)->1158M(57%) 0.016s
[1.614s][info][gc       ] GC(34) Minor Collection (Allocation Rate) 1362M(67%)->1162M(57%) 0.016s
[1.627s][info][gc       ] GC(35) Minor Collection (Allocation Rate)
[1.627s][info][gc,phases] GC(35) y: Young Generation
[1.627s][info][gc,phases] GC(35) y: Pause Mark Start 0.008ms
[1.638s][info][gc,phases] GC(35) y: Concurrent Mark 10.595ms
[1.638s][info][gc,phases] GC(35) y: Pause Mark End 0.011ms
[1.638s][info][gc,phases] GC(35) y: Concurrent Mark Free 0.000ms
[1.638s][info][gc,phases] GC(35) y: Concurrent Reset Relocation Set 0.007ms
[1.639s][info][gc,phases] GC(35) y: Concurrent Select Relocation Set 0.699ms
[1.639s][info][gc,phases] GC(35) y: Pause Relocate Start 0.004ms
[1.644s][info][gc,phases] GC(35) y: Concurrent Relocate 4.614ms
[1.644s][info][gc,phases] GC(35) y: Young Generation 1406M(69%)->1200M(59%) 0.017s
[1.644s][info][gc       ] GC(35) Minor Collection (Allocation Rate) 1402M(68%)->1202M(59%) 0.017s
[1.649s][info][gc       ] GC(36) Minor Collection (Allocation Rate)
[1.649s][info][gc,phases] GC(36) y: Young Generation
[1.649s][info][gc,phases] GC(36) y: Pause Mark Start 0.008ms
[1.659s][info][gc,phases] GC(36) y: Concurrent Mark 9.666ms
[1.659s][info][gc,phases] GC(36) y: Pause Mark End 0.010ms
[1.659s][info][gc,phases] GC(36) y: Concurrent Mark Free 0.001ms
[1.660s][info][gc,phases] GC(36) y: Concurrent Reset Relocation Set 0.012ms
[1.660s][info][gc,phases] GC(36) y: Concurrent Select Relocation Set 0.551ms
[1.660s][info][gc,phases] GC(36) y: Pause Relocate Start 0.004ms
[1.664s][info][gc,phases] GC(36) y: Concurrent Relocate 3.531ms
[1.664s][info][gc,phases] GC(36) y: Young Generation 1302M(64%)->1166M(57%) 0.015s
[1.664s][info][gc       ] GC(36) Minor Collection (Allocation Rate) 1298M(63%)->1172M(57%) 0.015s
[1.672s][info][gc       ] GC(37) Minor Collection (Allocation Rate)
[1.672s][info][gc,phases] GC(37) y: Young Generation
[1.673s][info][gc,phases] GC(37) y: Pause Mark Start 0.011ms
[1.682s][info][gc,phases] GC(37) y: Concurrent Mark 9.248ms
[1.682s][info][gc,phases] GC(37) y: Pause Mark End 0.010ms
[1.682s][info][gc,phases] GC(37) y: Concurrent Mark Free 0.001ms
[1.682s][info][gc,phases] GC(37) y: Concurrent Reset Relocation Set 0.009ms
[1.683s][info][gc,phases] GC(37) y: Concurrent Select Relocation Set 0.481ms
[1.683s][info][gc,phases] GC(37) y: Pause Relocate Start 0.004ms
[1.687s][info][gc,phases] GC(37) y: Concurrent Relocate 3.672ms
[1.687s][info][gc,phases] GC(37) y: Young Generation 1330M(65%)->1168M(57%) 0.015s
[1.687s][info][gc       ] GC(37) Minor Collection (Allocation Rate) 1326M(65%)->1172M(57%) 0.015s
[1.698s][info][gc       ] GC(38) Minor Collection (Allocation Rate)
[1.698s][info][gc,phases] GC(38) y: Young Generation
[1.698s][info][gc,phases] GC(38) y: Pause Mark Start 0.008ms
[1.708s][info][gc,phases] GC(38) y: Concurrent Mark 9.655ms
[1.708s][info][gc,phases] GC(38) y: Pause Mark End 0.014ms
[1.708s][info][gc,phases] GC(38) y: Concurrent Mark Free 0.001ms
[1.709s][info][gc,phases] GC(38) y: Concurrent Reset Relocation Set 0.009ms
[1.709s][info][gc,phases] GC(38) y: Concurrent Select Relocation Set 0.305ms
[1.709s][info][gc,phases] GC(38) y: Pause Relocate Start 0.004ms
[1.713s][info][gc,phases] GC(38) y: Concurrent Relocate 3.860ms
[1.713s][info][gc,phases] GC(38) y: Young Generation 1382M(67%)->1186M(58%) 0.015s
[1.713s][info][gc       ] GC(38) Minor Collection (Allocation Rate) 1378M(67%)->1190M(58%) 0.015s
[1.725s][info][gc       ] GC(39) Minor Collection (Allocation Rate)
[1.725s][info][gc,phases] GC(39) y: Young Generation
[1.725s][info][gc,phases] GC(39) y: Pause Mark Start 0.011ms
[1.735s][info][gc,phases] GC(39) y: Concurrent Mark 10.152ms
[1.735s][info][gc,phases] GC(39) y: Pause Mark End 0.010ms
[1.736s][info][gc,phases] GC(39) y: Concurrent Mark Free 0.001ms
[1.736s][info][gc,phases] GC(39) y: Concurrent Reset Relocation Set 0.007ms
[1.736s][info][gc,phases] GC(39) y: Concurrent Select Relocation Set 0.624ms
[1.736s][info][gc,phases] GC(39) y: Pause Relocate Start 0.004ms
[1.741s][info][gc,phases] GC(39) y: Concurrent Relocate 4.364ms
[1.741s][info][gc,phases] GC(39) y: Young Generation 1410M(69%)->1212M(59%) 0.016s
[1.741s][info][gc       ] GC(39) Minor Collection (Allocation Rate) 1406M(69%)->1218M(59%) 0.017s
[1.747s][info][gc       ] GC(40) Minor Collection (Allocation Rate)
[1.747s][info][gc,phases] GC(40) y: Young Generation
[1.747s][info][gc,phases] GC(40) y: Pause Mark Start 0.007ms
[1.757s][info][gc,phases] GC(40) y: Concurrent Mark 9.425ms
[1.757s][info][gc,phases] GC(40) y: Pause Mark End 0.014ms
[1.757s][info][gc,phases] GC(40) y: Concurrent Mark Free 0.001ms
[1.757s][info][gc,phases] GC(40) y: Concurrent Reset Relocation Set 0.010ms
[1.758s][info][gc,phases] GC(40) y: Concurrent Select Relocation Set 0.530ms
[1.758s][info][gc,phases] GC(40) y: Pause Relocate Start 0.004ms
[1.762s][info][gc,phases] GC(40) y: Concurrent Relocate 3.475ms
[1.762s][info][gc,phases] GC(40) y: Young Generation 1332M(65%)->1192M(58%) 0.015s
[1.762s][info][gc       ] GC(40) Minor Collection (Allocation Rate) 1328M(65%)->1196M(58%) 0.015s
[1.770s][info][gc       ] GC(41) Minor Collection (Allocation Rate)
[1.770s][info][gc,phases] GC(41) y: Young Generation
[1.771s][info][gc,phases] GC(41) y: Pause Mark Start 0.010ms
[1.780s][info][gc,phases] GC(41) y: Concurrent Mark 9.397ms
[1.780s][info][gc,phases] GC(41) y: Pause Mark End 0.010ms
[1.781s][info][gc,phases] GC(41) y: Concurrent Mark Free 0.001ms
[1.781s][info][gc,phases] GC(41) y: Concurrent Reset Relocation Set 0.009ms
[1.781s][info][gc,phases] GC(41) y: Concurrent Select Relocation Set 0.533ms
[1.781s][info][gc,phases] GC(41) y: Pause Relocate Start 0.004ms
[1.785s][info][gc,phases] GC(41) y: Concurrent Relocate 3.566ms
[1.785s][info][gc,phases] GC(41) y: Young Generation 1358M(66%)->1198M(58%) 0.015s
[1.785s][info][gc       ] GC(41) Minor Collection (Allocation Rate) 1356M(66%)->1202M(59%) 0.015s
[1.796s][info][gc       ] GC(42) Minor Collection (Allocation Rate)
[1.796s][info][gc,phases] GC(42) y: Young Generation
[1.797s][info][gc,phases] GC(42) y: Pause Mark Start 0.008ms
[1.806s][info][gc,phases] GC(42) y: Concurrent Mark 9.609ms
[1.807s][info][gc,phases] GC(42) y: Pause Mark End 0.014ms
[1.807s][info][gc,phases] GC(42) y: Concurrent Mark Free 0.001ms
[1.807s][info][gc,phases] GC(42) y: Concurrent Reset Relocation Set 0.009ms
[1.807s][info][gc,phases] GC(42) y: Concurrent Select Relocation Set 0.351ms
[1.807s][info][gc,phases] GC(42) y: Pause Relocate Start 0.004ms
[1.811s][info][gc,phases] GC(42) y: Concurrent Relocate 3.895ms
[1.812s][info][gc,phases] GC(42) y: Young Generation 1414M(69%)->1214M(59%) 0.015s
[1.812s][info][gc       ] GC(42) Minor Collection (Allocation Rate) 1410M(69%)->1218M(59%) 0.015s
[1.822s][info][gc       ] GC(43) Minor Collection (Allocation Rate)
[1.822s][info][gc,phases] GC(43) y: Young Generation
[1.822s][info][gc,phases] GC(43) y: Pause Mark Start 0.007ms
[1.832s][info][gc,phases] GC(43) y: Concurrent Mark 10.075ms
[1.833s][info][gc,phases] GC(43) y: Pause Mark End 0.010ms
[1.833s][info][gc,phases] GC(43) y: Concurrent Mark Free 0.001ms
[1.833s][info][gc,phases] GC(43) y: Concurrent Reset Relocation Set 0.007ms
[1.834s][info][gc,phases] GC(43) y: Concurrent Select Relocation Set 0.635ms
[1.834s][info][gc,phases] GC(43) y: Pause Relocate Start 0.010ms
[1.838s][info][gc,phases] GC(43) y: Concurrent Relocate 4.097ms
[1.838s][info][gc,phases] GC(43) y: Young Generation 1420M(69%)->1240M(61%) 0.016s
[1.838s][info][gc       ] GC(43) Minor Collection (Allocation Rate) 1416M(69%)->1242M(61%) 0.016s
[1.844s][info][gc       ] GC(44) Minor Collection (Allocation Rate)
[1.845s][info][gc,phases] GC(44) y: Young Generation
[1.845s][info][gc,phases] GC(44) y: Pause Mark Start 0.008ms
[1.854s][info][gc,phases] GC(44) y: Concurrent Mark 9.571ms
[1.855s][info][gc,phases] GC(44) y: Pause Mark End 0.014ms
[1.855s][info][gc,phases] GC(44) y: Concurrent Mark Free 0.001ms
[1.855s][info][gc,phases] GC(44) y: Concurrent Reset Relocation Set 0.010ms
[1.855s][info][gc,phases] GC(44) y: Concurrent Select Relocation Set 0.530ms
[1.856s][info][gc,phases] GC(44) y: Pause Relocate Start 0.004ms
[1.859s][info][gc,phases] GC(44) y: Concurrent Relocate 3.492ms
[1.859s][info][gc,phases] GC(44) y: Young Generation 1364M(67%)->1224M(60%) 0.015s
[1.859s][info][gc       ] GC(44) Minor Collection (Allocation Rate) 1362M(67%)->1228M(60%) 0.015s
[1.868s][info][gc       ] GC(45) Major Collection (Allocation Rate)
[1.868s][info][gc,phases] GC(45) Y: Young Generation
[1.868s][info][gc,phases] GC(45) Y: Pause Mark Start (Major) 0.008ms
[1.874s][info][gc,phases] GC(45) Y: Concurrent Mark 6.328ms
[1.875s][info][gc,phases] GC(45) Y: Pause Mark End 0.014ms
[1.875s][info][gc,phases] GC(45) Y: Concurrent Mark Free 0.002ms
[1.875s][info][gc,phases] GC(45) Y: Concurrent Reset Relocation Set 0.009ms
[1.876s][info][gc,phases] GC(45) Y: Concurrent Select Relocation Set 0.439ms
[1.876s][info][gc,phases] GC(45) Y: Pause Relocate Start 0.004ms
[1.880s][info][gc,phases] GC(45) Y: Concurrent Relocate 3.659ms
[1.880s][info][gc,phases] GC(45) Y: Young Generation 1390M(68%)->1184M(58%) 0.012s
[1.880s][info][gc,phases] GC(45) O: Old Generation
[1.887s][info][gc       ] GC(46) Minor Collection (Allocation Rate)
[1.887s][info][gc,phases] GC(46) y: Young Generation
[1.888s][info][gc,phases] GC(46) y: Pause Mark Start 0.010ms
[1.894s][info][gc,phases] GC(46) y: Concurrent Mark 6.696ms
[1.895s][info][gc,phases] GC(46) y: Pause Mark End 0.009ms
[1.895s][info][gc,phases] GC(46) y: Concurrent Mark Free 0.001ms
[1.895s][info][gc,phases] GC(46) y: Concurrent Reset Relocation Set 0.008ms
[1.895s][info][gc,phases] GC(46) y: Concurrent Select Relocation Set 0.454ms
[1.896s][info][gc,phases] GC(46) y: Pause Relocate Start 0.009ms
[1.899s][info][gc,phases] GC(46) y: Concurrent Relocate 3.274ms
[1.899s][info][gc,phases] GC(46) y: Young Generation 1330M(65%)->1186M(58%) 0.012s
[1.899s][info][gc       ] GC(46) Minor Collection (Allocation Rate) 1326M(65%)->1190M(58%) 0.012s
[1.912s][info][gc       ] GC(47) Minor Collection (Allocation Rate)
[1.912s][info][gc,phases] GC(47) y: Young Generation
[1.912s][info][gc,phases] GC(47) y: Pause Mark Start 0.011ms
[1.919s][info][gc,phases] GC(47) y: Concurrent Mark 6.330ms
[1.919s][info][gc,phases] GC(47) y: Pause Mark End 0.010ms
[1.919s][info][gc,phases] GC(47) y: Concurrent Mark Free 0.001ms
[1.919s][info][gc,phases] GC(47) y: Concurrent Reset Relocation Set 0.009ms
[1.919s][info][gc,phases] GC(47) y: Concurrent Select Relocation Set 0.182ms
[1.920s][info][gc,phases] GC(47) y: Pause Relocate Start 0.003ms
[1.923s][info][gc,phases] GC(47) y: Concurrent Relocate 3.740ms
[1.924s][info][gc,phases] GC(47) y: Young Generation 1434M(70%)->1190M(58%) 0.011s
[1.924s][info][gc       ] GC(47) Minor Collection (Allocation Rate) 1430M(70%)->1192M(58%) 0.012s
[1.940s][info][gc       ] GC(48) Minor Collection (Allocation Rate)
[1.940s][info][gc,phases] GC(48) y: Young Generation
[1.941s][info][gc,phases] GC(48) y: Pause Mark Start 0.011ms
[1.948s][info][gc,phases] GC(48) y: Concurrent Mark 7.124ms
[1.948s][info][gc,phases] GC(48) y: Pause Mark End 0.010ms
[1.948s][info][gc,phases] GC(48) y: Concurrent Mark Free 0.001ms
[1.948s][info][gc,phases] GC(48) y: Concurrent Reset Relocation Set 0.007ms
[1.949s][info][gc,phases] GC(48) y: Concurrent Select Relocation Set 0.313ms
[1.949s][info][gc,phases] GC(48) y: Pause Relocate Start 0.008ms
[1.953s][info][gc,phases] GC(45) O: Concurrent Mark 72.986ms
[1.953s][info][gc,phases] GC(45) O: Pause Mark End 0.013ms
[1.953s][info][gc,phases] GC(45) O: Concurrent Mark Free 0.001ms
[1.954s][info][gc,phases] GC(48) y: Concurrent Relocate 4.760ms
[1.954s][info][gc,phases] GC(48) y: Young Generation 1506M(74%)->1228M(60%) 0.013s
[1.954s][info][gc       ] GC(48) Minor Collection (Allocation Rate) 1502M(73%)->1232M(60%) 0.014s
[1.958s][info][gc,phases] GC(45) O: Concurrent Process Non-Strong 4.161ms
[1.958s][info][gc,phases] GC(45) O: Concurrent Reset Relocation Set 0.001ms
[1.958s][info][gc,phases] GC(45) O: Concurrent Select Relocation Set 0.156ms
[1.963s][info][gc,phases] GC(45) O: Concurrent Remap Roots 4.838ms
[1.963s][info][gc,phases] GC(45) O: Pause Relocate Start 0.009ms
[1.965s][info][gc,phases] GC(45) O: Concurrent Relocate 1.615ms
[1.965s][info][gc,phases] GC(45) O: Old Generation 1190M(58%)->1246M(61%) 0.085s
[1.965s][info][gc       ] GC(45) Major Collection (Allocation Rate) 1386M(68%)->1248M(61%) 0.097s
[1.974s][info][gc       ] GC(49) Minor Collection (Allocation Rate)
[1.974s][info][gc,phases] GC(49) y: Young Generation
[1.974s][info][gc,phases] GC(49) y: Pause Mark Start 0.011ms
[1.985s][info][gc,phases] GC(49) y: Concurrent Mark 10.893ms
[1.985s][info][gc,phases] GC(49) y: Pause Mark End 0.014ms
[1.986s][info][gc,phases] GC(49) y: Concurrent Mark Free 0.001ms
[1.986s][info][gc,phases] GC(49) y: Concurrent Reset Relocation Set 0.010ms
[1.986s][info][gc,phases] GC(49) y: Concurrent Select Relocation Set 0.484ms
[1.986s][info][gc,phases] GC(49) y: Pause Relocate Start 0.005ms
[1.992s][info][gc,phases] GC(49) y: Concurrent Relocate 5.052ms
[1.992s][info][gc,phases] GC(49) y: Young Generation 1422M(69%)->1148M(56%) 0.018s
[1.992s][info][gc       ] GC(49) Minor Collection (Allocation Rate) 1418M(69%)->1152M(56%) 0.018s
[1.992s][info][gc       ] GC(50) Minor Collection (Allocation Rate)
[1.992s][info][gc,phases] GC(50) y: Young Generation
[1.992s][info][gc,phases] GC(50) y: Pause Mark Start 0.007ms
[2.002s][info][gc,phases] GC(50) y: Concurrent Mark 9.578ms
[2.002s][info][gc,phases] GC(50) y: Pause Mark End 0.011ms
[2.002s][info][gc,phases] GC(50) y: Concurrent Mark Free 0.002ms
[2.002s][info][gc,phases] GC(50) y: Concurrent Reset Relocation Set 0.010ms
[2.003s][info][gc,phases] GC(50) y: Concurrent Select Relocation Set 0.657ms
[2.003s][info][gc,phases] GC(50) y: Pause Relocate Start 0.005ms
[2.006s][info][gc,phases] GC(50) y: Concurrent Relocate 3.048ms
[2.006s][info][gc,phases] GC(50) y: Young Generation 1154M(56%)->1090M(53%) 0.014s
[2.006s][info][gc       ] GC(50) Minor Collection (Allocation Rate) 1152M(56%)->1096M(54%) 0.015s
[2.015s][info][gc       ] GC(51) Minor Collection (Allocation Rate)
[2.015s][info][gc,phases] GC(51) y: Young Generation
[2.016s][info][gc,phases] GC(51) y: Pause Mark Start 0.008ms
[2.025s][info][gc,phases] GC(51) y: Concurrent Mark 9.528ms
[2.026s][info][gc,phases] GC(51) y: Pause Mark End 0.010ms
[2.026s][info][gc,phases] GC(51) y: Concurrent Mark Free 0.001ms
[2.026s][info][gc,phases] GC(51) y: Concurrent Reset Relocation Set 0.009ms
[2.026s][info][gc,phases] GC(51) y: Concurrent Select Relocation Set 0.575ms
[2.026s][info][gc,phases] GC(51) y: Pause Relocate Start 0.004ms
[2.030s][info][gc,phases] GC(51) y: Concurrent Relocate 3.671ms
[2.030s][info][gc,phases] GC(51) y: Young Generation 1266M(62%)->1110M(54%) 0.015s
[2.030s][info][gc       ] GC(51) Minor Collection (Allocation Rate) 1262M(62%)->1114M(54%) 0.015s
[2.043s][info][gc       ] GC(52) Minor Collection (Allocation Rate)
[2.043s][info][gc,phases] GC(52) y: Young Generation
[2.043s][info][gc,phases] GC(52) y: Pause Mark Start 0.011ms
[2.053s][info][gc,phases] GC(52) y: Concurrent Mark 9.612ms
[2.053s][info][gc,phases] GC(52) y: Pause Mark End 0.013ms
[2.053s][info][gc,phases] GC(52) y: Concurrent Mark Free 0.001ms
[2.054s][info][gc,phases] GC(52) y: Concurrent Reset Relocation Set 0.008ms
[2.054s][info][gc,phases] GC(52) y: Concurrent Select Relocation Set 0.375ms
[2.054s][info][gc,phases] GC(52) y: Pause Relocate Start 0.004ms
[2.058s][info][gc,phases] GC(52) y: Concurrent Relocate 4.207ms
[2.059s][info][gc,phases] GC(52) y: Young Generation 1346M(66%)->1126M(55%) 0.015s
[2.059s][info][gc       ] GC(52) Minor Collection (Allocation Rate) 1346M(66%)->1130M(55%) 0.016s
[2.072s][info][gc       ] GC(53) Minor Collection (Allocation Rate)
[2.073s][info][gc,phases] GC(53) y: Young Generation
[2.073s][info][gc,phases] GC(53) y: Pause Mark Start 0.010ms
[2.083s][info][gc,phases] GC(53) y: Concurrent Mark 10.152ms
[2.083s][info][gc,phases] GC(53) y: Pause Mark End 0.017ms
[2.083s][info][gc,phases] GC(53) y: Concurrent Mark Free 0.001ms
[2.084s][info][gc,phases] GC(53) y: Concurrent Reset Relocation Set 0.008ms
[2.084s][info][gc,phases] GC(53) y: Concurrent Select Relocation Set 0.492ms
[2.084s][info][gc,phases] GC(53) y: Pause Relocate Start 0.005ms
[2.089s][info][gc,phases] GC(53) y: Concurrent Relocate 4.621ms
[2.089s][info][gc,phases] GC(53) y: Young Generation 1394M(68%)->1156M(56%) 0.017s
[2.089s][info][gc       ] GC(53) Minor Collection (Allocation Rate) 1388M(68%)->1160M(57%) 0.017s
[2.097s][info][gc       ] GC(54) Minor Collection (Allocation Rate)
[2.098s][info][gc,phases] GC(54) y: Young Generation
[2.098s][info][gc,phases] GC(54) y: Pause Mark Start 0.010ms
[2.108s][info][gc,phases] GC(54) y: Concurrent Mark 10.234ms
[2.108s][info][gc,phases] GC(54) y: Pause Mark End 0.010ms
[2.108s][info][gc,phases] GC(54) y: Concurrent Mark Free 0.000ms
[2.109s][info][gc,phases] GC(54) y: Concurrent Reset Relocation Set 0.010ms
[2.109s][info][gc,phases] GC(54) y: Concurrent Select Relocation Set 0.658ms
[2.109s][info][gc,phases] GC(54) y: Pause Relocate Start 0.005ms
[2.114s][info][gc,phases] GC(54) y: Concurrent Relocate 4.141ms
[2.114s][info][gc,phases] GC(54) y: Young Generation 1322M(65%)->1160M(57%) 0.016s
[2.114s][info][gc       ] GC(54) Minor Collection (Allocation Rate) 1314M(64%)->1164M(57%) 0.017s
[2.124s][info][gc       ] GC(55) Minor Collection (Allocation Rate)
[2.124s][info][gc,phases] GC(55) y: Young Generation
[2.124s][info][gc,phases] GC(55) y: Pause Mark Start 0.010ms
[2.134s][info][gc,phases] GC(55) y: Concurrent Mark 9.832ms
[2.134s][info][gc,phases] GC(55) y: Pause Mark End 0.013ms
[2.135s][info][gc,phases] GC(55) y: Concurrent Mark Free 0.001ms
[2.135s][info][gc,phases] GC(55) y: Concurrent Reset Relocation Set 0.010ms
[2.135s][info][gc,phases] GC(55) y: Concurrent Select Relocation Set 0.495ms
[2.135s][info][gc,phases] GC(55) y: Pause Relocate Start 0.004ms
[2.140s][info][gc,phases] GC(55) y: Concurrent Relocate 4.217ms
[2.140s][info][gc,phases] GC(55) y: Young Generation 1356M(66%)->1156M(56%) 0.016s
[2.140s][info][gc       ] GC(55) Minor Collection (Allocation Rate) 1352M(66%)->1160M(57%) 0.016s
[2.151s][info][gc       ] GC(56) Minor Collection (Allocation Rate)
[2.151s][info][gc,phases] GC(56) y: Young Generation
[2.151s][info][gc,phases] GC(56) y: Pause Mark Start 0.008ms
[2.161s][info][gc,phases] GC(56) y: Concurrent Mark 9.491ms
[2.161s][info][gc,phases] GC(56) y: Pause Mark End 0.013ms
[2.161s][info][gc,phases] GC(56) y: Concurrent Mark Free 0.000ms
[2.161s][info][gc,phases] GC(56) y: Concurrent Reset Relocation Set 0.009ms
[2.161s][info][gc,phases] GC(56) y: Concurrent Select Relocation Set 0.384ms
[2.162s][info][gc,phases] GC(56) y: Pause Relocate Start 0.004ms
[2.166s][info][gc,phases] GC(56) y: Concurrent Relocate 4.001ms
[2.166s][info][gc,phases] GC(56) y: Young Generation 1370M(67%)->1154M(56%) 0.015s
[2.166s][info][gc       ] GC(56) Minor Collection (Allocation Rate) 1366M(67%)->1158M(57%) 0.015s
[2.178s][info][gc       ] GC(57) Minor Collection (Allocation Rate)
[2.178s][info][gc,phases] GC(57) y: Young Generation
[2.178s][info][gc,phases] GC(57) y: Pause Mark Start 0.012ms
[2.189s][info][gc,phases] GC(57) y: Concurrent Mark 10.417ms
[2.189s][info][gc,phases] GC(57) y: Pause Mark End 0.011ms
[2.189s][info][gc,phases] GC(57) y: Concurrent Mark Free 0.000ms
[2.189s][info][gc,phases] GC(57) y: Concurrent Reset Relocation Set 0.008ms
[2.190s][info][gc,phases] GC(57) y: Concurrent Select Relocation Set 0.604ms
[2.190s][info][gc,phases] GC(57) y: Pause Relocate Start 0.005ms
[2.195s][info][gc,phases] GC(57) y: Concurrent Relocate 4.493ms
[2.195s][info][gc,phases] GC(57) y: Young Generation 1390M(68%)->1192M(58%) 0.017s
[2.195s][info][gc       ] GC(57) Minor Collection (Allocation Rate) 1386M(68%)->1196M(58%) 0.017s
[2.201s][info][gc       ] GC(58) Minor Collection (Allocation Rate)
[2.201s][info][gc,phases] GC(58) y: Young Generation
[2.201s][info][gc,phases] GC(58) y: Pause Mark Start 0.009ms
[2.210s][info][gc,phases] GC(58) y: Concurrent Mark 9.211ms
[2.211s][info][gc,phases] GC(58) y: Pause Mark End 0.012ms
[2.211s][info][gc,phases] GC(58) y: Concurrent Mark Free 0.002ms
[2.211s][info][gc,phases] GC(58) y: Concurrent Reset Relocation Set 0.009ms
[2.211s][info][gc,phases] GC(58) y: Concurrent Select Relocation Set 0.502ms
[2.211s][info][gc,phases] GC(58) y: Pause Relocate Start 0.004ms
[2.215s][info][gc,phases] GC(58) y: Concurrent Relocate 3.498ms
[2.215s][info][gc,phases] GC(58) y: Young Generation 1304M(64%)->1158M(57%) 0.014s
[2.215s][info][gc       ] GC(58) Minor Collection (Allocation Rate) 1300M(63%)->1162M(57%) 0.015s
[2.224s][info][gc       ] GC(59) Minor Collection (Allocation Rate)
[2.224s][info][gc,phases] GC(59) y: Young Generation
[2.224s][info][gc,phases] GC(59) y: Pause Mark Start 0.011ms
[2.234s][info][gc,phases] GC(59) y: Concurrent Mark 9.386ms
[2.234s][info][gc,phases] GC(59) y: Pause Mark End 0.010ms
[2.234s][info][gc,phases] GC(59) y: Concurrent Mark Free 0.001ms
[2.234s][info][gc,phases] GC(59) y: Concurrent Reset Relocation Set 0.009ms
[2.235s][info][gc,phases] GC(59) y: Concurrent Select Relocation Set 0.555ms
[2.235s][info][gc,phases] GC(59) y: Pause Relocate Start 0.004ms
[2.239s][info][gc,phases] GC(59) y: Concurrent Relocate 3.684ms
[2.239s][info][gc,phases] GC(59) y: Young Generation 1326M(65%)->1176M(57%) 0.015s
[2.239s][info][gc       ] GC(59) Minor Collection (Allocation Rate) 1322M(65%)->1178M(58%) 0.015s
[2.250s][info][gc       ] GC(60) Minor Collection (Allocation Rate)
[2.250s][info][gc,phases] GC(60) y: Young Generation
[2.250s][info][gc,phases] GC(60) y: Pause Mark Start 0.011ms
[2.260s][info][gc,phases] GC(60) y: Concurrent Mark 9.701ms
[2.260s][info][gc,phases] GC(60) y: Pause Mark End 0.013ms
[2.260s][info][gc,phases] GC(60) y: Concurrent Mark Free 0.001ms
[2.260s][info][gc,phases] GC(60) y: Concurrent Reset Relocation Set 0.008ms
[2.261s][info][gc,phases] GC(60) y: Concurrent Select Relocation Set 0.395ms
[2.261s][info][gc,phases] GC(60) y: Pause Relocate Start 0.004ms
[2.265s][info][gc,phases] GC(60) y: Concurrent Relocate 4.085ms
[2.265s][info][gc,phases] GC(60) y: Young Generation 1386M(68%)->1192M(58%) 0.015s
[2.265s][info][gc       ] GC(60) Minor Collection (Allocation Rate) 1382M(67%)->1196M(58%) 0.016s
[2.276s][info][gc       ] GC(61) Minor Collection (Allocation Rate)
[2.276s][info][gc,phases] GC(61) y: Young Generation
[2.276s][info][gc,phases] GC(61) y: Pause Mark Start 0.010ms
[2.287s][info][gc,phases] GC(61) y: Concurrent Mark 10.253ms
[2.287s][info][gc,phases] GC(61) y: Pause Mark End 0.010ms
[2.287s][info][gc,phases] GC(61) y: Concurrent Mark Free 0.001ms
[2.287s][info][gc,phases] GC(61) y: Concurrent Reset Relocation Set 0.008ms
[2.288s][info][gc,phases] GC(61) y: Concurrent Select Relocation Set 0.695ms
[2.288s][info][gc,phases] GC(61) y: Pause Relocate Start 0.005ms
[2.292s][info][gc,phases] GC(61) y: Concurrent Relocate 4.312ms
[2.293s][info][gc,phases] GC(61) y: Young Generation 1402M(68%)->1218M(59%) 0.016s
[2.293s][info][gc       ] GC(61) Minor Collection (Allocation Rate) 1400M(68%)->1222M(60%) 0.017s
[2.298s][info][gc       ] GC(62) Minor Collection (Allocation Rate)
[2.299s][info][gc,phases] GC(62) y: Young Generation
[2.299s][info][gc,phases] GC(62) y: Pause Mark Start 0.008ms
[2.308s][info][gc,phases] GC(62) y: Concurrent Mark 9.580ms
[2.309s][info][gc,phases] GC(62) y: Pause Mark End 0.010ms
[2.309s][info][gc,phases] GC(62) y: Concurrent Mark Free 0.001ms
[2.309s][info][gc,phases] GC(62) y: Concurrent Reset Relocation Set 0.010ms
[2.309s][info][gc,phases] GC(62) y: Concurrent Select Relocation Set 0.515ms
[2.310s][info][gc,phases] GC(62) y: Pause Relocate Start 0.010ms
[2.313s][info][gc,phases] GC(62) y: Concurrent Relocate 3.552ms
[2.314s][info][gc,phases] GC(62) y: Young Generation 1336M(65%)->1200M(59%) 0.015s
[2.314s][info][gc       ] GC(62) Minor Collection (Allocation Rate) 1332M(65%)->1202M(59%) 0.015s
[2.322s][info][gc       ] GC(63) Minor Collection (Allocation Rate)
[2.322s][info][gc,phases] GC(63) y: Young Generation
[2.322s][info][gc,phases] GC(63) y: Pause Mark Start 0.008ms
[2.331s][info][gc,phases] GC(63) y: Concurrent Mark 9.256ms
[2.332s][info][gc,phases] GC(63) y: Pause Mark End 0.014ms
[2.332s][info][gc,phases] GC(63) y: Concurrent Mark Free 0.001ms
[2.332s][info][gc,phases] GC(63) y: Concurrent Reset Relocation Set 0.009ms
[2.333s][info][gc,phases] GC(63) y: Concurrent Select Relocation Set 0.528ms
[2.333s][info][gc,phases] GC(63) y: Pause Relocate Start 0.005ms
[2.337s][info][gc,phases] GC(63) y: Concurrent Relocate 3.678ms
[2.337s][info][gc,phases] GC(63) y: Young Generation 1360M(66%)->1204M(59%) 0.015s
[2.337s][info][gc       ] GC(63) Minor Collection (Allocation Rate) 1356M(66%)->1208M(59%) 0.015s
[2.347s][info][gc       ] GC(64) Minor Collection (Allocation Rate)
[2.347s][info][gc,phases] GC(64) y: Young Generation
[2.347s][info][gc,phases] GC(64) y: Pause Mark Start 0.008ms
[2.357s][info][gc,phases] GC(64) y: Concurrent Mark 9.676ms
[2.357s][info][gc,phases] GC(64) y: Pause Mark End 0.010ms
[2.357s][info][gc,phases] GC(64) y: Concurrent Mark Free 0.001ms
[2.357s][info][gc,phases] GC(64) y: Concurrent Reset Relocation Set 0.008ms
[2.358s][info][gc,phases] GC(64) y: Concurrent Select Relocation Set 0.385ms
[2.358s][info][gc,phases] GC(64) y: Pause Relocate Start 0.005ms
[2.362s][info][gc,phases] GC(64) y: Concurrent Relocate 3.843ms
[2.362s][info][gc,phases] GC(64) y: Young Generation 1398M(68%)->1218M(59%) 0.015s
[2.362s][info][gc       ] GC(64) Minor Collection (Allocation Rate) 1392M(68%)->1222M(60%) 0.015s
[2.372s][info][gc       ] GC(65) Minor Collection (Allocation Rate)
[2.372s][info][gc,phases] GC(65) y: Young Generation
[2.372s][info][gc,phases] GC(65) y: Pause Mark Start 0.008ms
[2.382s][info][gc,phases] GC(65) y: Concurrent Mark 9.907ms
[2.382s][info][gc,phases] GC(65) y: Pause Mark End 0.010ms
[2.382s][info][gc,phases] GC(65) y: Concurrent Mark Free 0.001ms
[2.382s][info][gc,phases] GC(65) y: Concurrent Reset Relocation Set 0.008ms
[2.383s][info][gc,phases] GC(65) y: Concurrent Select Relocation Set 0.668ms
[2.383s][info][gc,phases] GC(65) y: Pause Relocate Start 0.004ms
[2.388s][info][gc,phases] GC(65) y: Concurrent Relocate 4.207ms
[2.388s][info][gc,phases] GC(65) y: Young Generation 1408M(69%)->1238M(60%) 0.016s
[2.388s][info][gc       ] GC(65) Minor Collection (Allocation Rate) 1402M(68%)->1242M(61%) 0.016s
[2.394s][info][gc       ] GC(66) Major Collection (Allocation Rate)
[2.394s][info][gc,phases] GC(66) Y: Young Generation
[2.394s][info][gc,phases] GC(66) Y: Pause Mark Start (Major) 0.013ms
[2.401s][info][gc,phases] GC(66) Y: Concurrent Mark 6.526ms
[2.401s][info][gc,phases] GC(66) Y: Pause Mark End 0.014ms
[2.401s][info][gc,phases] GC(66) Y: Concurrent Mark Free 0.001ms
[2.402s][info][gc,phases] GC(66) Y: Concurrent Reset Relocation Set 0.012ms
[2.402s][info][gc,phases] GC(66) Y: Concurrent Select Relocation Set 0.254ms
[2.402s][info][gc,phases] GC(66) Y: Pause Relocate Start 0.005ms
[2.406s][info][gc,phases] GC(66) Y: Concurrent Relocate 3.373ms
[2.406s][info][gc,phases] GC(66) Y: Young Generation 1364M(67%)->1168M(57%) 0.011s
[2.406s][info][gc,phases] GC(66) O: Old Generation
[2.411s][info][gc       ] GC(67) Minor Collection (Allocation Rate)
[2.411s][info][gc,phases] GC(67) y: Young Generation
[2.412s][info][gc,phases] GC(67) y: Pause Mark Start 0.008ms
[2.418s][info][gc,phases] GC(67) y: Concurrent Mark 6.419ms
[2.418s][info][gc,phases] GC(67) y: Pause Mark End 0.011ms
[2.419s][info][gc,phases] GC(67) y: Concurrent Mark Free 0.001ms
[2.419s][info][gc,phases] GC(67) y: Concurrent Reset Relocation Set 0.006ms
[2.419s][info][gc,phases] GC(67) y: Concurrent Select Relocation Set 0.475ms
[2.419s][info][gc,phases] GC(67) y: Pause Relocate Start 0.006ms
[2.422s][info][gc,phases] GC(67) y: Concurrent Relocate 2.962ms
[2.423s][info][gc,phases] GC(67) y: Young Generation 1276M(62%)->1168M(57%) 0.011s
[2.423s][info][gc       ] GC(67) Minor Collection (Allocation Rate) 1276M(62%)->1172M(57%) 0.011s
[2.435s][info][gc       ] GC(68) Minor Collection (Allocation Rate)
[2.435s][info][gc,phases] GC(68) y: Young Generation
[2.436s][info][gc,phases] GC(68) y: Pause Mark Start 0.011ms
[2.442s][info][gc,phases] GC(68) y: Concurrent Mark 6.327ms
[2.442s][info][gc,phases] GC(68) y: Pause Mark End 0.012ms
[2.442s][info][gc,phases] GC(68) y: Concurrent Mark Free 0.001ms
[2.443s][info][gc,phases] GC(68) y: Concurrent Reset Relocation Set 0.008ms
[2.443s][info][gc,phases] GC(68) y: Concurrent Select Relocation Set 0.178ms
[2.443s][info][gc,phases] GC(68) y: Pause Relocate Start 0.004ms
[2.447s][info][gc,phases] GC(68) y: Concurrent Relocate 3.691ms
[2.447s][info][gc,phases] GC(68) y: Young Generation 1412M(69%)->1184M(58%) 0.011s
[2.447s][info][gc       ] GC(68) Minor Collection (Allocation Rate) 1408M(69%)->1188M(58%) 0.012s
[2.463s][info][gc       ] GC(69) Minor Collection (Allocation Rate)
[2.464s][info][gc,phases] GC(69) y: Young Generation
[2.464s][info][gc,phases] GC(69) y: Pause Mark Start 0.012ms
[2.471s][info][gc,phases] GC(69) y: Concurrent Mark 7.046ms
[2.471s][info][gc,phases] GC(69) y: Pause Mark End 0.011ms
[2.471s][info][gc,phases] GC(69) y: Concurrent Mark Free 0.000ms
[2.471s][info][gc,phases] GC(69) y: Concurrent Reset Relocation Set 0.008ms
[2.472s][info][gc,phases] GC(69) y: Concurrent Select Relocation Set 0.306ms
[2.472s][info][gc,phases] GC(69) y: Pause Relocate Start 0.004ms
[2.477s][info][gc,phases] GC(69) y: Concurrent Relocate 4.504ms
[2.477s][info][gc,phases] GC(69) y: Young Generation 1500M(73%)->1222M(60%) 0.013s
[2.477s][info][gc       ] GC(69) Minor Collection (Allocation Rate) 1496M(73%)->1226M(60%) 0.013s
[2.480s][info][gc,phases] GC(66) O: Concurrent Mark 74.193ms
[2.480s][info][gc,phases] GC(66) O: Pause Mark End 0.011ms
[2.480s][info][gc,phases] GC(66) O: Concurrent Mark Free 0.001ms
[2.484s][info][gc,phases] GC(66) O: Concurrent Process Non-Strong 4.034ms
[2.484s][info][gc,phases] GC(66) O: Concurrent Reset Relocation Set 0.002ms
[2.485s][info][gc,phases] GC(66) O: Concurrent Select Relocation Set 0.195ms
[2.490s][info][gc,phases] GC(66) O: Concurrent Remap Roots 5.111ms
[2.490s][info][gc,phases] GC(66) O: Pause Relocate Start 0.012ms
[2.492s][info][gc,phases] GC(66) O: Concurrent Relocate 1.432ms
[2.492s][info][gc,phases] GC(66) O: Old Generation 1172M(57%)->1316M(64%) 0.086s
[2.492s][info][gc       ] GC(66) Major Collection (Allocation Rate) 1360M(66%)->1320M(64%) 0.098s
[2.498s][info][gc       ] GC(70) Minor Collection (Allocation Rate)
[2.498s][info][gc,phases] GC(70) y: Young Generation
[2.498s][info][gc,phases] GC(70) y: Pause Mark Start 0.012ms
[2.509s][info][gc,phases] GC(70) y: Concurrent Mark 10.812ms
[2.509s][info][gc,phases] GC(70) y: Pause Mark End 0.014ms
[2.509s][info][gc,phases] GC(70) y: Concurrent Mark Free 0.002ms
[2.510s][info][gc,phases] GC(70) y: Concurrent Reset Relocation Set 0.010ms
[2.510s][info][gc,phases] GC(70) y: Concurrent Select Relocation Set 0.533ms
[2.510s][info][gc,phases] GC(70) y: Pause Relocate Start 0.005ms
[2.516s][info][gc,phases] GC(70) y: Concurrent Relocate 5.251ms
[2.516s][info][gc,phases] GC(70) y: Young Generation 1434M(70%)->1148M(56%) 0.018s
[2.516s][info][gc       ] GC(70) Minor Collection (Allocation Rate) 1430M(70%)->1152M(56%) 0.018s
[2.516s][info][gc       ] GC(71) Minor Collection (Allocation Rate)
[2.516s][info][gc,phases] GC(71) y: Young Generation
[2.516s][info][gc,phases] GC(71) y: Pause Mark Start 0.010ms
[2.526s][info][gc,phases] GC(71) y: Concurrent Mark 9.776ms
[2.526s][info][gc,phases] GC(71) y: Pause Mark End 0.011ms
[2.526s][info][gc,phases] GC(71) y: Concurrent Mark Free 0.001ms
[2.527s][info][gc,phases] GC(71) y: Concurrent Reset Relocation Set 0.012ms
[2.527s][info][gc,phases] GC(71) y: Concurrent Select Relocation Set 0.657ms
[2.527s][info][gc,phases] GC(71) y: Pause Relocate Start 0.005ms
[2.531s][info][gc,phases] GC(71) y: Concurrent Relocate 3.045ms
[2.531s][info][gc,phases] GC(71) y: Young Generation 1156M(56%)->1096M(54%) 0.015s
[2.531s][info][gc       ] GC(71) Minor Collection (Allocation Rate) 1156M(56%)->1100M(54%) 0.015s
[2.539s][info][gc       ] GC(72) Minor Collection (Allocation Rate)
[2.540s][info][gc,phases] GC(72) y: Young Generation
[2.540s][info][gc,phases] GC(72) y: Pause Mark Start 0.008ms
[2.549s][info][gc,phases] GC(72) y: Concurrent Mark 9.432ms
[2.550s][info][gc,phases] GC(72) y: Pause Mark End 0.014ms
[2.550s][info][gc,phases] GC(72) y: Concurrent Mark Free 0.001ms
[2.550s][info][gc,phases] GC(72) y: Concurrent Reset Relocation Set 0.008ms
[2.550s][info][gc,phases] GC(72) y: Concurrent Select Relocation Set 0.578ms
[2.550s][info][gc,phases] GC(72) y: Pause Relocate Start 0.004ms
[2.554s][info][gc,phases] GC(72) y: Concurrent Relocate 3.833ms
[2.555s][info][gc,phases] GC(72) y: Young Generation 1268M(62%)->1110M(54%) 0.015s
[2.555s][info][gc       ] GC(72) Minor Collection (Allocation Rate) 1262M(62%)->1114M(54%) 0.015s
[2.567s][info][gc       ] GC(73) Minor Collection (Allocation Rate)
[2.567s][info][gc,phases] GC(73) y: Young Generation
[2.567s][info][gc,phases] GC(73) y: Pause Mark Start 0.012ms
[2.577s][info][gc,phases] GC(73) y: Concurrent Mark 9.442ms
[2.577s][info][gc,phases] GC(73) y: Pause Mark End 0.010ms
[2.577s][info][gc,phases] GC(73) y: Concurrent Mark Free 0.001ms
[2.577s][info][gc,phases] GC(73) y: Concurrent Reset Relocation Set 0.009ms
[2.578s][info][gc,phases] GC(73) y: Concurrent Select Relocation Set 0.382ms
[2.578s][info][gc,phases] GC(73) y: Pause Relocate Start 0.004ms
[2.582s][info][gc,phases] GC(73) y: Concurrent Relocate 4.261ms
[2.582s][info][gc,phases] GC(73) y: Young Generation 1350M(66%)->1122M(55%) 0.015s
[2.582s][info][gc       ] GC(73) Minor Collection (Allocation Rate) 1346M(66%)->1130M(55%) 0.016s
[2.596s][info][gc       ] GC(74) Minor Collection (Allocation Rate)
[2.596s][info][gc,phases] GC(74) y: Young Generation
[2.596s][info][gc,phases] GC(74) y: Pause Mark Start 0.008ms
[2.607s][info][gc,phases] GC(74) y: Concurrent Mark 10.367ms
[2.607s][info][gc,phases] GC(74) y: Pause Mark End 0.010ms
[2.607s][info][gc,phases] GC(74) y: Concurrent Mark Free 0.001ms
[2.607s][info][gc,phases] GC(74) y: Concurrent Reset Relocation Set 0.008ms
[2.608s][info][gc,phases] GC(74) y: Concurrent Select Relocation Set 0.511ms
[2.608s][info][gc,phases] GC(74) y: Pause Relocate Start 0.004ms
[2.613s][info][gc,phases] GC(74) y: Concurrent Relocate 4.662ms
[2.613s][info][gc,phases] GC(74) y: Young Generation 1388M(68%)->1162M(57%) 0.017s
[2.613s][info][gc       ] GC(74) Minor Collection (Allocation Rate) 1384M(68%)->1166M(57%) 0.017s
[2.620s][info][gc       ] GC(75) Minor Collection (Allocation Rate)
[2.620s][info][gc,phases] GC(75) y: Young Generation
[2.621s][info][gc,phases] GC(75) y: Pause Mark Start 0.008ms
[2.631s][info][gc,phases] GC(75) y: Concurrent Mark 10.099ms
[2.631s][info][gc,phases] GC(75) y: Pause Mark End 0.013ms
[2.631s][info][gc,phases] GC(75) y: Concurrent Mark Free 0.001ms
[2.631s][info][gc,phases] GC(75) y: Concurrent Reset Relocation Set 0.010ms
[2.632s][info][gc,phases] GC(75) y: Concurrent Select Relocation Set 0.668ms
[2.632s][info][gc,phases] GC(75) y: Pause Relocate Start 0.005ms
[2.636s][info][gc,phases] GC(75) y: Concurrent Relocate 4.068ms
[2.636s][info][gc,phases] GC(75) y: Young Generation 1306M(64%)->1156M(56%) 0.016s
[2.637s][info][gc       ] GC(75) Minor Collection (Allocation Rate) 1302M(64%)->1160M(57%) 0.016s
[2.646s][info][gc       ] GC(76) Minor Collection (Allocation Rate)
[2.646s][info][gc,phases] GC(76) y: Young Generation
[2.646s][info][gc,phases] GC(76) y: Pause Mark Start 0.008ms
[2.656s][info][gc,phases] GC(76) y: Concurrent Mark 9.773ms
[2.656s][info][gc,phases] GC(76) y: Pause Mark End 0.010ms
[2.657s][info][gc,phases] GC(76) y: Concurrent Mark Free 0.001ms
[2.657s][info][gc,phases] GC(76) y: Concurrent Reset Relocation Set 0.010ms
[2.657s][info][gc,phases] GC(76) y: Concurrent Select Relocation Set 0.592ms
[2.658s][info][gc,phases] GC(76) y: Pause Relocate Start 0.005ms
[2.662s][info][gc,phases] GC(76) y: Concurrent Relocate 4.146ms
[2.662s][info][gc,phases] GC(76) y: Young Generation 1344M(66%)->1158M(57%) 0.016s
[2.662s][info][gc       ] GC(76) Minor Collection (Allocation Rate) 1340M(65%)->1160M(57%) 0.016s
[2.673s][info][gc       ] GC(77) Minor Collection (Allocation Rate)
[2.674s][info][gc,phases] GC(77) y: Young Generation
[2.674s][info][gc,phases] GC(77) y: Pause Mark Start 0.008ms
[2.684s][info][gc,phases] GC(77) y: Concurrent Mark 9.812ms
[2.684s][info][gc,phases] GC(77) y: Pause Mark End 0.014ms
[2.684s][info][gc,phases] GC(77) y: Concurrent Mark Free 0.000ms
[2.684s][info][gc,phases] GC(77) y: Concurrent Reset Relocation Set 0.010ms
[2.685s][info][gc,phases] GC(77) y: Concurrent Select Relocation Set 0.394ms
[2.685s][info][gc,phases] GC(77) y: Pause Relocate Start 0.008ms
[2.689s][info][gc,phases] GC(77) y: Concurrent Relocate 4.330ms
[2.689s][info][gc,phases] GC(77) y: Young Generation 1384M(68%)->1166M(57%) 0.016s
[2.689s][info][gc       ] GC(77) Minor Collection (Allocation Rate) 1380M(67%)->1170M(57%) 0.016s
[2.702s][info][gc       ] GC(78) Minor Collection (Allocation Rate)
[2.702s][info][gc,phases] GC(78) y: Young Generation
[2.702s][info][gc,phases] GC(78) y: Pause Mark Start 0.008ms
[2.713s][info][gc,phases] GC(78) y: Concurrent Mark 10.584ms
[2.713s][info][gc,phases] GC(78) y: Pause Mark End 0.013ms
[2.713s][info][gc,phases] GC(78) y: Concurrent Mark Free 0.000ms
[2.713s][info][gc,phases] GC(78) y: Concurrent Reset Relocation Set 0.009ms
[2.714s][info][gc,phases] GC(78) y: Concurrent Select Relocation Set 0.682ms
[2.714s][info][gc,phases] GC(78) y: Pause Relocate Start 0.009ms
[2.719s][info][gc,phases] GC(78) y: Concurrent Relocate 4.657ms
[2.719s][info][gc,phases] GC(78) y: Young Generation 1410M(69%)->1206M(59%) 0.017s
[2.719s][info][gc       ] GC(78) Minor Collection (Allocation Rate) 1406M(69%)->1208M(59%) 0.017s
[2.724s][info][gc       ] GC(79) Minor Collection (Allocation Rate)
[2.724s][info][gc,phases] GC(79) y: Young Generation
[2.725s][info][gc,phases] GC(79) y: Pause Mark Start 0.008ms
[2.734s][info][gc,phases] GC(79) y: Concurrent Mark 9.642ms
[2.735s][info][gc,phases] GC(79) y: Pause Mark End 0.014ms
[2.735s][info][gc,phases] GC(79) y: Concurrent Mark Free 0.000ms
[2.735s][info][gc,phases] GC(79) y: Concurrent Reset Relocation Set 0.012ms
[2.735s][info][gc,phases] GC(79) y: Concurrent Select Relocation Set 0.557ms
[2.736s][info][gc,phases] GC(79) y: Pause Relocate Start 0.004ms
[2.739s][info][gc,phases] GC(79) y: Concurrent Relocate 3.636ms
[2.739s][info][gc,phases] GC(79) y: Young Generation 1306M(64%)->1172M(57%) 0.015s
[2.740s][info][gc       ] GC(79) Minor Collection (Allocation Rate) 1302M(64%)->1178M(58%) 0.015s
[2.747s][info][gc       ] GC(80) Minor Collection (Allocation Rate)
[2.748s][info][gc,phases] GC(80) y: Young Generation
[2.748s][info][gc,phases] GC(80) y: Pause Mark Start 0.008ms
[2.757s][info][gc,phases] GC(80) y: Concurrent Mark 9.427ms
[2.758s][info][gc,phases] GC(80) y: Pause Mark End 0.010ms
[2.758s][info][gc,phases] GC(80) y: Concurrent Mark Free 0.001ms
[2.758s][info][gc,phases] GC(80) y: Concurrent Reset Relocation Set 0.008ms
[2.758s][info][gc,phases] GC(80) y: Concurrent Select Relocation Set 0.535ms
[2.759s][info][gc,phases] GC(80) y: Pause Relocate Start 0.005ms
[2.762s][info][gc,phases] GC(80) y: Concurrent Relocate 3.672ms
[2.763s][info][gc,phases] GC(80) y: Young Generation 1330M(65%)->1178M(58%) 0.015s
[2.763s][info][gc       ] GC(80) Minor Collection (Allocation Rate) 1326M(65%)->1182M(58%) 0.015s
[2.772s][info][gc       ] GC(81) Minor Collection (Allocation Rate)
[2.772s][info][gc,phases] GC(81) y: Young Generation
[2.773s][info][gc,phases] GC(81) y: Pause Mark Start 0.012ms
[2.782s][info][gc,phases] GC(81) y: Concurrent Mark 9.389ms
[2.782s][info][gc,phases] GC(81) y: Pause Mark End 0.013ms
[2.783s][info][gc,phases] GC(81) y: Concurrent Mark Free 0.001ms
[2.783s][info][gc,phases] GC(81) y: Concurrent Reset Relocation Set 0.009ms
[2.783s][info][gc,phases] GC(81) y: Concurrent Select Relocation Set 0.343ms
[2.783s][info][gc,phases] GC(81) y: Pause Relocate Start 0.008ms
[2.787s][info][gc,phases] GC(81) y: Concurrent Relocate 3.818ms
[2.787s][info][gc,phases] GC(81) y: Young Generation 1370M(67%)->1184M(58%) 0.015s
[2.787s][info][gc       ] GC(81) Minor Collection (Allocation Rate) 1366M(67%)->1186M(58%) 0.015s
[2.799s][info][gc       ] GC(82) Minor Collection (Allocation Rate)
[2.799s][info][gc,phases] GC(82) y: Young Generation
[2.799s][info][gc,phases] GC(82) y: Pause Mark Start 0.018ms
[2.810s][info][gc,phases] GC(82) y: Concurrent Mark 10.182ms
[2.810s][info][gc,phases] GC(82) y: Pause Mark End 0.010ms
[2.810s][info][gc,phases] GC(82) y: Concurrent Mark Free 0.001ms
[2.810s][info][gc,phases] GC(82) y: Concurrent Reset Relocation Set 0.008ms
[2.811s][info][gc,phases] GC(82) y: Concurrent Select Relocation Set 0.665ms
[2.811s][info][gc,phases] GC(82) y: Pause Relocate Start 0.004ms
[2.815s][info][gc,phases] GC(82) y: Concurrent Relocate 4.393ms
[2.816s][info][gc,phases] GC(82) y: Young Generation 1412M(69%)->1222M(60%) 0.016s
[2.816s][info][gc       ] GC(82) Minor Collection (Allocation Rate) 1408M(69%)->1224M(60%) 0.017s
[2.820s][info][gc       ] GC(83) Minor Collection (Allocation Rate)
[2.821s][info][gc,phases] GC(83) y: Young Generation
[2.821s][info][gc,phases] GC(83) y: Pause Mark Start 0.009ms
[2.830s][info][gc,phases] GC(83) y: Concurrent Mark 9.310ms
[2.830s][info][gc,phases] GC(83) y: Pause Mark End 0.013ms
[2.831s][info][gc,phases] GC(83) y: Concurrent Mark Free 0.001ms
[2.831s][info][gc,phases] GC(83) y: Concurrent Reset Relocation Set 0.010ms
[2.831s][info][gc,phases] GC(83) y: Concurrent Select Relocation Set 0.539ms
[2.831s][info][gc,phases] GC(83) y: Pause Relocate Start 0.004ms
[2.835s][info][gc,phases] GC(83) y: Concurrent Relocate 3.357ms
[2.835s][info][gc,phases] GC(83) y: Young Generation 1320M(64%)->1190M(58%) 0.014s
[2.835s][info][gc       ] GC(83) Minor Collection (Allocation Rate) 1316M(64%)->1194M(58%) 0.015s
[2.844s][info][gc       ] GC(84) Major Collection (Allocation Rate)
[2.844s][info][gc,phases] GC(84) Y: Young Generation
[2.844s][info][gc,phases] GC(84) Y: Pause Mark Start (Major) 0.009ms
[2.851s][info][gc,phases] GC(84) Y: Concurrent Mark 6.390ms
[2.851s][info][gc,phases] GC(84) Y: Pause Mark End 0.010ms
[2.851s][info][gc,phases] GC(84) Y: Concurrent Mark Free 0.001ms
[2.851s][info][gc,phases] GC(84) Y: Concurrent Reset Relocation Set 0.008ms
[2.851s][info][gc,phases] GC(84) Y: Concurrent Select Relocation Set 0.379ms
[2.852s][info][gc,phases] GC(84) Y: Pause Relocate Start 0.004ms
[2.855s][info][gc,phases] GC(84) Y: Concurrent Relocate 3.528ms
[2.855s][info][gc,phases] GC(84) Y: Young Generation 1362M(67%)->1152M(56%) 0.011s
[2.855s][info][gc,phases] GC(84) O: Old Generation
[2.866s][info][gc       ] GC(85) Minor Collection (Allocation Rate)
[2.866s][info][gc,phases] GC(85) y: Young Generation
[2.866s][info][gc,phases] GC(85) y: Pause Mark Start 0.011ms
[2.873s][info][gc,phases] GC(85) y: Concurrent Mark 7.050ms
[2.874s][info][gc,phases] GC(85) y: Pause Mark End 0.011ms
[2.874s][info][gc,phases] GC(85) y: Concurrent Mark Free 0.001ms
[2.874s][info][gc,phases] GC(85) y: Concurrent Reset Relocation Set 0.007ms
[2.874s][info][gc,phases] GC(85) y: Concurrent Select Relocation Set 0.449ms
[2.875s][info][gc,phases] GC(85) y: Pause Relocate Start 0.009ms
[2.878s][info][gc,phases] GC(85) y: Concurrent Relocate 3.679ms
[2.879s][info][gc,phases] GC(85) y: Young Generation 1354M(66%)->1174M(57%) 0.013s
[2.879s][info][gc       ] GC(85) Minor Collection (Allocation Rate) 1350M(66%)->1178M(58%) 0.013s
[2.892s][info][gc       ] GC(86) Minor Collection (Allocation Rate)
[2.892s][info][gc,phases] GC(86) y: Young Generation
[2.892s][info][gc,phases] GC(86) y: Pause Mark Start 0.010ms
[2.899s][info][gc,phases] GC(86) y: Concurrent Mark 6.538ms
[2.899s][info][gc,phases] GC(86) y: Pause Mark End 0.010ms
[2.899s][info][gc,phases] GC(86) y: Concurrent Mark Free 0.001ms
[2.899s][info][gc,phases] GC(86) y: Concurrent Reset Relocation Set 0.010ms
[2.899s][info][gc,phases] GC(86) y: Concurrent Select Relocation Set 0.178ms
[2.899s][info][gc,phases] GC(86) y: Pause Relocate Start 0.004ms
[2.903s][info][gc,phases] GC(86) y: Concurrent Relocate 3.921ms
[2.904s][info][gc,phases] GC(86) y: Young Generation 1424M(70%)->1172M(57%) 0.012s
[2.904s][info][gc       ] GC(86) Minor Collection (Allocation Rate) 1420M(69%)->1176M(57%) 0.012s
[2.920s][info][gc       ] GC(87) Minor Collection (Allocation Rate)
[2.920s][info][gc,phases] GC(87) y: Young Generation
[2.920s][info][gc,phases] GC(87) y: Pause Mark Start 0.012ms
[2.927s][info][gc,phases] GC(87) y: Concurrent Mark 7.233ms
[2.928s][info][gc,phases] GC(87) y: Pause Mark End 0.010ms
[2.928s][info][gc,phases] GC(87) y: Concurrent Mark Free 0.001ms
[2.928s][info][gc,phases] GC(87) y: Concurrent Reset Relocation Set 0.008ms
[2.928s][info][gc,phases] GC(87) y: Concurrent Select Relocation Set 0.317ms
[2.928s][info][gc,phases] GC(87) y: Pause Relocate Start 0.005ms
[2.930s][info][gc,phases] GC(84) O: Concurrent Mark 74.956ms
[2.931s][info][gc,phases] GC(84) O: Pause Mark End 0.011ms
[2.931s][info][gc,phases] GC(84) O: Concurrent Mark Free 0.001ms
[2.934s][info][gc,phases] GC(87) y: Concurrent Relocate 4.967ms
[2.934s][info][gc,phases] GC(87) y: Young Generation 1480M(72%)->1208M(59%) 0.014s
[2.934s][info][gc       ] GC(87) Minor Collection (Allocation Rate) 1478M(72%)->1216M(59%) 0.014s
[2.935s][info][gc,phases] GC(84) O: Concurrent Process Non-Strong 4.253ms
[2.935s][info][gc,phases] GC(84) O: Concurrent Reset Relocation Set 0.001ms
[2.935s][info][gc,phases] GC(84) O: Concurrent Select Relocation Set 0.170ms
[2.940s][info][gc,phases] GC(84) O: Concurrent Remap Roots 5.042ms
[2.941s][info][gc,phases] GC(84) O: Pause Relocate Start 0.014ms
[2.942s][info][gc,phases] GC(84) O: Concurrent Relocate 0.955ms
[2.942s][info][gc,phases] GC(84) O: Old Generation 1156M(56%)->1202M(59%) 0.087s
[2.942s][info][gc       ] GC(84) Major Collection (Allocation Rate) 1358M(66%)->1206M(59%) 0.098s
[2.952s][info][gc       ] GC(88) Minor Collection (Allocation Rate)
[2.952s][info][gc,phases] GC(88) y: Young Generation
[2.953s][info][gc,phases] GC(88) y: Pause Mark Start 0.011ms
[2.964s][info][gc,phases] GC(88) y: Concurrent Mark 11.042ms
[2.964s][info][gc,phases] GC(88) y: Pause Mark End 0.011ms
[2.964s][info][gc,phases] GC(88) y: Concurrent Mark Free 0.001ms
[2.964s][info][gc,phases] GC(88) y: Concurrent Reset Relocation Set 0.012ms
[2.965s][info][gc,phases] GC(88) y: Concurrent Select Relocation Set 0.542ms
[2.965s][info][gc,phases] GC(88) y: Pause Relocate Start 0.004ms
[2.970s][info][gc,phases] GC(88) y: Concurrent Relocate 4.935ms
[2.970s][info][gc,phases] GC(88) y: Young Generation 1404M(69%)->1148M(56%) 0.018s
[2.970s][info][gc       ] GC(88) Minor Collection (Allocation Rate) 1400M(68%)->1152M(56%) 0.018s
[2.970s][info][gc       ] GC(89) Minor Collection (Allocation Rate)
[2.970s][info][gc,phases] GC(89) y: Young Generation
[2.970s][info][gc,phases] GC(89) y: Pause Mark Start 0.011ms
[2.980s][info][gc,phases] GC(89) y: Concurrent Mark 9.848ms
[2.981s][info][gc,phases] GC(89) y: Pause Mark End 0.014ms
[2.981s][info][gc,phases] GC(89) y: Concurrent Mark Free 0.001ms
[2.981s][info][gc,phases] GC(89) y: Concurrent Reset Relocation Set 0.011ms
[2.982s][info][gc,phases] GC(89) y: Concurrent Select Relocation Set 0.650ms
[2.982s][info][gc,phases] GC(89) y: Pause Relocate Start 0.006ms
[2.985s][info][gc,phases] GC(89) y: Concurrent Relocate 3.042ms
[2.985s][info][gc,phases] GC(89) y: Young Generation 1156M(56%)->1102M(54%) 0.015s
[2.985s][info][gc       ] GC(89) Minor Collection (Allocation Rate) 1156M(56%)->1106M(54%) 0.015s
[2.992s][info][gc       ] GC(90) Minor Collection (Allocation Rate)
[2.992s][info][gc,phases] GC(90) y: Young Generation
[2.993s][info][gc,phases] GC(90) y: Pause Mark Start 0.008ms
[3.002s][info][gc,phases] GC(90) y: Concurrent Mark 9.301ms
[3.002s][info][gc,phases] GC(90) y: Pause Mark End 0.012ms
[3.002s][info][gc,phases] GC(90) y: Concurrent Mark Free 0.001ms
[3.002s][info][gc,phases] GC(90) y: Concurrent Reset Relocation Set 0.009ms
[3.003s][info][gc,phases] GC(90) y: Concurrent Select Relocation Set 0.532ms
[3.003s][info][gc,phases] GC(90) y: Pause Relocate Start 0.004ms
[3.007s][info][gc,phases] GC(90) y: Concurrent Relocate 3.631ms
[3.007s][info][gc,phases] GC(90) y: Young Generation 1244M(61%)->1106M(54%) 0.015s
[3.007s][info][gc       ] GC(90) Minor Collection (Allocation Rate) 1238M(60%)->1110M(54%) 0.015s
[3.020s][info][gc       ] GC(91) Minor Collection (Allocation Rate)
[3.020s][info][gc,phases] GC(91) y: Young Generation
[3.020s][info][gc,phases] GC(91) y: Pause Mark Start 0.008ms
[3.030s][info][gc,phases] GC(91) y: Concurrent Mark 9.690ms
[3.030s][info][gc,phases] GC(91) y: Pause Mark End 0.010ms
[3.030s][info][gc,phases] GC(91) y: Concurrent Mark Free 0.001ms
[3.030s][info][gc,phases] GC(91) y: Concurrent Reset Relocation Set 0.008ms
[3.031s][info][gc,phases] GC(91) y: Concurrent Select Relocation Set 0.358ms
[3.031s][info][gc,phases] GC(91) y: Pause Relocate Start 0.004ms
[3.035s][info][gc,phases] GC(91) y: Concurrent Relocate 4.254ms
[3.035s][info][gc,phases] GC(91) y: Young Generation 1354M(66%)->1132M(55%) 0.016s
[3.036s][info][gc       ] GC(91) Minor Collection (Allocation Rate) 1350M(66%)->1136M(55%) 0.016s
[3.048s][info][gc       ] GC(92) Minor Collection (Allocation Rate)
[3.048s][info][gc,phases] GC(92) y: Young Generation
[3.048s][info][gc,phases] GC(92) y: Pause Mark Start 0.008ms
[3.058s][info][gc,phases] GC(92) y: Concurrent Mark 9.698ms
[3.058s][info][gc,phases] GC(92) y: Pause Mark End 0.014ms
[3.058s][info][gc,phases] GC(92) y: Concurrent Mark Free 0.002ms
[3.059s][info][gc,phases] GC(92) y: Concurrent Reset Relocation Set 0.007ms
[3.059s][info][gc,phases] GC(92) y: Concurrent Select Relocation Set 0.473ms
[3.059s][info][gc,phases] GC(92) y: Pause Relocate Start 0.004ms
[3.064s][info][gc,phases] GC(92) y: Concurrent Relocate 4.296ms
[3.064s][info][gc,phases] GC(92) y: Young Generation 1376M(67%)->1150M(56%) 0.016s
[3.064s][info][gc       ] GC(92) Minor Collection (Allocation Rate) 1372M(67%)->1152M(56%) 0.016s
[3.075s][info][gc       ] GC(93) Minor Collection (Allocation Rate)
[3.075s][info][gc,phases] GC(93) y: Young Generation
[3.076s][info][gc,phases] GC(93) y: Pause Mark Start 0.010ms
[3.086s][info][gc,phases] GC(93) y: Concurrent Mark 10.380ms
[3.086s][info][gc,phases] GC(93) y: Pause Mark End 0.014ms
[3.087s][info][gc,phases] GC(93) y: Concurrent Mark Free 0.001ms
[3.087s][info][gc,phases] GC(93) y: Concurrent Reset Relocation Set 0.011ms
[3.087s][info][gc,phases] GC(93) y: Concurrent Select Relocation Set 0.517ms
[3.087s][info][gc,phases] GC(93) y: Pause Relocate Start 0.008ms
[3.092s][info][gc,phases] GC(93) y: Concurrent Relocate 4.312ms
[3.092s][info][gc,phases] GC(93) y: Young Generation 1368M(67%)->1168M(57%) 0.016s
[3.092s][info][gc       ] GC(93) Minor Collection (Allocation Rate) 1366M(67%)->1172M(57%) 0.017s
[3.100s][info][gc       ] GC(94) Minor Collection (Allocation Rate)
[3.101s][info][gc,phases] GC(94) y: Young Generation
[3.101s][info][gc,phases] GC(94) y: Pause Mark Start 0.010ms
[3.111s][info][gc,phases] GC(94) y: Concurrent Mark 10.378ms
[3.111s][info][gc,phases] GC(94) y: Pause Mark End 0.010ms
[3.112s][info][gc,phases] GC(94) y: Concurrent Mark Free 0.001ms
[3.112s][info][gc,phases] GC(94) y: Concurrent Reset Relocation Set 0.011ms
[3.112s][info][gc,phases] GC(94) y: Concurrent Select Relocation Set 0.703ms
[3.113s][info][gc,phases] GC(94) y: Pause Relocate Start 0.005ms
[3.117s][info][gc,phases] GC(94) y: Concurrent Relocate 4.098ms
[3.117s][info][gc,phases] GC(94) y: Young Generation 1334M(65%)->1174M(57%) 0.016s
[3.117s][info][gc       ] GC(94) Minor Collection (Allocation Rate) 1330M(65%)->1178M(58%) 0.017s
[3.126s][info][gc       ] GC(95) Minor Collection (Allocation Rate)
[3.126s][info][gc,phases] GC(95) y: Young Generation
[3.127s][info][gc,phases] GC(95) y: Pause Mark Start 0.008ms
[3.137s][info][gc,phases] GC(95) y: Concurrent Mark 9.896ms
[3.137s][info][gc,phases] GC(95) y: Pause Mark End 0.016ms
[3.137s][info][gc,phases] GC(95) y: Concurrent Mark Free 0.000ms
[3.137s][info][gc,phases] GC(95) y: Concurrent Reset Relocation Set 0.011ms
[3.138s][info][gc,phases] GC(95) y: Concurrent Select Relocation Set 0.547ms
[3.138s][info][gc,phases] GC(95) y: Pause Relocate Start 0.005ms
[3.142s][info][gc,phases] GC(95) y: Concurrent Relocate 4.128ms
[3.142s][info][gc,phases] GC(95) y: Young Generation 1356M(66%)->1170M(57%) 0.016s
[3.142s][info][gc       ] GC(95) Minor Collection (Allocation Rate) 1350M(66%)->1174M(57%) 0.016s
[3.153s][info][gc       ] GC(96) Minor Collection (Allocation Rate)
[3.153s][info][gc,phases] GC(96) y: Young Generation
[3.153s][info][gc,phases] GC(96) y: Pause Mark Start 0.008ms
[3.163s][info][gc,phases] GC(96) y: Concurrent Mark 9.881ms
[3.163s][info][gc,phases] GC(96) y: Pause Mark End 0.014ms
[3.163s][info][gc,phases] GC(96) y: Concurrent Mark Free 0.002ms
[3.164s][info][gc,phases] GC(96) y: Concurrent Reset Relocation Set 0.010ms
[3.164s][info][gc,phases] GC(96) y: Concurrent Select Relocation Set 0.370ms
[3.164s][info][gc,phases] GC(96) y: Pause Relocate Start 0.008ms
[3.168s][info][gc,phases] GC(96) y: Concurrent Relocate 4.101ms
[3.169s][info][gc,phases] GC(96) y: Young Generation 1378M(67%)->1176M(57%) 0.016s
[3.169s][info][gc       ] GC(96) Minor Collection (Allocation Rate) 1372M(67%)->1180M(58%) 0.016s
[3.179s][info][gc       ] GC(97) Minor Collection (Allocation Rate)
[3.179s][info][gc,phases] GC(97) y: Young Generation
[3.180s][info][gc,phases] GC(97) y: Pause Mark Start 0.011ms
[3.190s][info][gc,phases] GC(97) y: Concurrent Mark 10.468ms
[3.191s][info][gc,phases] GC(97) y: Pause Mark End 0.014ms
[3.191s][info][gc,phases] GC(97) y: Concurrent Mark Free 0.001ms
[3.191s][info][gc,phases] GC(97) y: Concurrent Reset Relocation Set 0.008ms
[3.191s][info][gc,phases] GC(97) y: Concurrent Select Relocation Set 0.656ms
[3.192s][info][gc,phases] GC(97) y: Pause Relocate Start 0.005ms
[3.196s][info][gc,phases] GC(97) y: Concurrent Relocate 4.445ms
[3.196s][info][gc,phases] GC(97) y: Young Generation 1386M(68%)->1204M(59%) 0.017s
[3.196s][info][gc       ] GC(97) Minor Collection (Allocation Rate) 1382M(67%)->1208M(59%) 0.017s
[3.203s][info][gc       ] GC(98) Minor Collection (Allocation Rate)
[3.203s][info][gc,phases] GC(98) y: Young Generation
[3.203s][info][gc,phases] GC(98) y: Pause Mark Start 0.011ms
[3.213s][info][gc,phases] GC(98) y: Concurrent Mark 9.849ms
[3.213s][info][gc,phases] GC(98) y: Pause Mark End 0.010ms
[3.213s][info][gc,phases] GC(98) y: Concurrent Mark Free 0.001ms
[3.213s][info][gc,phases] GC(98) y: Concurrent Reset Relocation Set 0.011ms
[3.214s][info][gc,phases] GC(98) y: Concurrent Select Relocation Set 0.538ms
[3.214s][info][gc,phases] GC(98) y: Pause Relocate Start 0.004ms
[3.218s][info][gc,phases] GC(98) y: Concurrent Relocate 3.805ms
[3.218s][info][gc,phases] GC(98) y: Young Generation 1332M(65%)->1186M(58%) 0.015s
[3.218s][info][gc       ] GC(98) Minor Collection (Allocation Rate) 1328M(65%)->1192M(58%) 0.016s
[3.227s][info][gc       ] GC(99) Minor Collection (Allocation Rate)
[3.227s][info][gc,phases] GC(99) y: Young Generation
[3.227s][info][gc,phases] GC(99) y: Pause Mark Start 0.010ms
[3.236s][info][gc,phases] GC(99) y: Concurrent Mark 9.087ms
[3.237s][info][gc,phases] GC(99) y: Pause Mark End 0.012ms
[3.237s][info][gc,phases] GC(99) y: Concurrent Mark Free 0.001ms
[3.237s][info][gc,phases] GC(99) y: Concurrent Reset Relocation Set 0.009ms
[3.237s][info][gc,phases] GC(99) y: Concurrent Select Relocation Set 0.467ms
[3.238s][info][gc,phases] GC(99) y: Pause Relocate Start 0.005ms
[3.241s][info][gc,phases] GC(99) y: Concurrent Relocate 3.722ms
[3.242s][info][gc,phases] GC(99) y: Young Generation 1356M(66%)->1180M(58%) 0.015s
[3.242s][info][gc       ] GC(99) Minor Collection (Allocation Rate) 1352M(66%)->1184M(58%) 0.015s
[3.252s][info][gc       ] GC(100) Minor Collection (Allocation Rate)
[3.252s][info][gc,phases] GC(100) y: Young Generation
[3.252s][info][gc,phases] GC(100) y: Pause Mark Start 0.007ms
[3.262s][info][gc,phases] GC(100) y: Concurrent Mark 9.644ms
[3.262s][info][gc,phases] GC(100) y: Pause Mark End 0.010ms
[3.262s][info][gc,phases] GC(100) y: Concurrent Mark Free 0.001ms
[3.262s][info][gc,phases] GC(100) y: Concurrent Reset Relocation Set 0.009ms
[3.263s][info][gc,phases] GC(100) y: Concurrent Select Relocation Set 0.373ms
[3.263s][info][gc,phases] GC(100) y: Pause Relocate Start 0.008ms
[3.267s][info][gc,phases] GC(100) y: Concurrent Relocate 3.723ms
[3.267s][info][gc,phases] GC(100) y: Young Generation 1380M(67%)->1194M(58%) 0.015s
[3.267s][info][gc       ] GC(100) Minor Collection (Allocation Rate) 1376M(67%)->1198M(58%) 0.015s
[3.277s][info][gc       ] GC(101) Minor Collection (Allocation Rate)
[3.277s][info][gc,phases] GC(101) y: Young Generation
[3.278s][info][gc,phases] GC(101) y: Pause Mark Start 0.010ms
[3.288s][info][gc,phases] GC(101) y: Concurrent Mark 10.091ms
[3.288s][info][gc,phases] GC(101) y: Pause Mark End 0.014ms
[3.288s][info][gc,phases] GC(101) y: Concurrent Mark Free 0.001ms
[3.288s][info][gc,phases] GC(101) y: Concurrent Reset Relocation Set 0.008ms
[3.289s][info][gc,phases] GC(101) y: Concurrent Select Relocation Set 0.619ms
[3.289s][info][gc,phases] GC(101) y: Pause Relocate Start 0.005ms
[3.293s][info][gc,phases] GC(101) y: Concurrent Relocate 4.227ms
[3.294s][info][gc,phases] GC(101) y: Young Generation 1404M(69%)->1224M(60%) 0.016s
[3.294s][info][gc       ] GC(101) Minor Collection (Allocation Rate) 1400M(68%)->1228M(60%) 0.016s
[3.300s][info][gc       ] GC(102) Major Collection (Allocation Rate)
[3.300s][info][gc,phases] GC(102) Y: Young Generation
[3.300s][info][gc,phases] GC(102) Y: Pause Mark Start (Major) 0.012ms
[3.307s][info][gc,phases] GC(102) Y: Concurrent Mark 6.516ms
[3.307s][info][gc,phases] GC(102) Y: Pause Mark End 0.020ms
[3.307s][info][gc,phases] GC(102) Y: Concurrent Mark Free 0.001ms
[3.307s][info][gc,phases] GC(102) Y: Concurrent Reset Relocation Set 0.010ms
[3.307s][info][gc,phases] GC(102) Y: Concurrent Select Relocation Set 0.380ms
[3.308s][info][gc,phases] GC(102) Y: Pause Relocate Start 0.004ms
[3.311s][info][gc,phases] GC(102) Y: Concurrent Relocate 3.389ms
[3.311s][info][gc,phases] GC(102) Y: Young Generation 1344M(66%)->1156M(56%) 0.012s
[3.311s][info][gc,phases] GC(102) O: Old Generation
[3.317s][info][gc       ] GC(103) Minor Collection (Allocation Rate)
[3.317s][info][gc,phases] GC(103) y: Young Generation
[3.318s][info][gc,phases] GC(103) y: Pause Mark Start 0.006ms
[3.324s][info][gc,phases] GC(103) y: Concurrent Mark 6.469ms
[3.325s][info][gc,phases] GC(103) y: Pause Mark End 0.012ms
[3.325s][info][gc,phases] GC(103) y: Concurrent Mark Free 0.001ms
[3.325s][info][gc,phases] GC(103) y: Concurrent Reset Relocation Set 0.006ms
[3.325s][info][gc,phases] GC(103) y: Concurrent Select Relocation Set 0.483ms
[3.326s][info][gc,phases] GC(103) y: Pause Relocate Start 0.006ms
[3.329s][info][gc,phases] GC(103) y: Concurrent Relocate 3.073ms
[3.329s][info][gc,phases] GC(103) y: Young Generation 1274M(62%)->1152M(56%) 0.011s
[3.329s][info][gc       ] GC(103) Minor Collection (Allocation Rate) 1272M(62%)->1156M(56%) 0.012s
[3.342s][info][gc       ] GC(104) Minor Collection (Allocation Rate)
[3.342s][info][gc,phases] GC(104) y: Young Generation
[3.342s][info][gc,phases] GC(104) y: Pause Mark Start 0.007ms
[3.349s][info][gc,phases] GC(104) y: Concurrent Mark 6.359ms
[3.349s][info][gc,phases] GC(104) y: Pause Mark End 0.010ms
[3.349s][info][gc,phases] GC(104) y: Concurrent Mark Free 0.000ms
[3.349s][info][gc,phases] GC(104) y: Concurrent Reset Relocation Set 0.009ms
[3.350s][info][gc,phases] GC(104) y: Concurrent Select Relocation Set 0.184ms
[3.350s][info][gc,phases] GC(104) y: Pause Relocate Start 0.008ms
[3.354s][info][gc,phases] GC(104) y: Concurrent Relocate 3.765ms
[3.354s][info][gc,phases] GC(104) y: Young Generation 1406M(69%)->1164M(57%) 0.012s
[3.354s][info][gc       ] GC(104) Minor Collection (Allocation Rate) 1402M(68%)->1168M(57%) 0.012s
[3.370s][info][gc       ] GC(105) Minor Collection (Allocation Rate)
[3.370s][info][gc,phases] GC(105) y: Young Generation
[3.371s][info][gc,phases] GC(105) y: Pause Mark Start 0.011ms
[3.378s][info][gc,phases] GC(105) y: Concurrent Mark 7.094ms
[3.378s][info][gc,phases] GC(105) y: Pause Mark End 0.015ms
[3.378s][info][gc,phases] GC(105) y: Concurrent Mark Free 0.001ms
[3.378s][info][gc,phases] GC(105) y: Concurrent Reset Relocation Set 0.008ms
[3.379s][info][gc,phases] GC(105) y: Concurrent Select Relocation Set 0.336ms
[3.379s][info][gc,phases] GC(105) y: Pause Relocate Start 0.010ms
[3.384s][info][gc,phases] GC(105) y: Concurrent Relocate 4.568ms
[3.384s][info][gc,phases] GC(105) y: Young Generation 1480M(72%)->1204M(59%) 0.013s
[3.384s][info][gc       ] GC(105) Minor Collection (Allocation Rate) 1476M(72%)->1208M(59%) 0.013s
[3.386s][info][gc,phases] GC(102) O: Concurrent Mark 74.899ms
[3.387s][info][gc,phases] GC(102) O: Pause Mark End 0.013ms
[3.387s][info][gc,phases] GC(102) O: Concurrent Mark Free 0.001ms
[3.391s][info][gc,phases] GC(102) O: Concurrent Process Non-Strong 4.276ms
[3.391s][info][gc,phases] GC(102) O: Concurrent Reset Relocation Set 0.001ms
[3.391s][info][gc,phases] GC(102) O: Concurrent Select Relocation Set 0.182ms
[3.397s][info][gc,phases] GC(102) O: Concurrent Remap Roots 5.263ms
[3.397s][info][gc,phases] GC(102) O: Pause Relocate Start 0.009ms
[3.400s][info][gc,phases] GC(102) O: Concurrent Relocate 2.437ms
[3.400s][info][gc,phases] GC(102) O: Old Generation 1160M(57%)->1328M(65%) 0.088s
[3.400s][info][gc       ] GC(102) Major Collection (Allocation Rate) 1340M(65%)->1332M(65%) 0.100s
[3.405s][info][gc       ] GC(106) Minor Collection (Allocation Rate)
[3.405s][info][gc,phases] GC(106) y: Young Generation
[3.406s][info][gc,phases] GC(106) y: Pause Mark Start 0.008ms
[3.417s][info][gc,phases] GC(106) y: Concurrent Mark 11.214ms
[3.417s][info][gc,phases] GC(106) y: Pause Mark End 0.012ms
[3.417s][info][gc,phases] GC(106) y: Concurrent Mark Free 0.001ms
[3.417s][info][gc,phases] GC(106) y: Concurrent Reset Relocation Set 0.009ms
[3.418s][info][gc,phases] GC(106) y: Concurrent Select Relocation Set 0.470ms
[3.418s][info][gc,phases] GC(106) y: Pause Relocate Start 0.008ms
[3.423s][info][gc,phases] GC(106) y: Concurrent Relocate 5.132ms
[3.423s][info][gc,phases] GC(106) y: Young Generation 1438M(70%)->1150M(56%) 0.018s
[3.423s][info][gc       ] GC(106) Minor Collection (Allocation Rate) 1430M(70%)->1154M(56%) 0.018s
[3.423s][info][gc       ] GC(107) Minor Collection (Allocation Rate)
[3.424s][info][gc,phases] GC(107) y: Young Generation
[3.424s][info][gc,phases] GC(107) y: Pause Mark Start 0.011ms
[3.433s][info][gc,phases] GC(107) y: Concurrent Mark 9.258ms
[3.433s][info][gc,phases] GC(107) y: Pause Mark End 0.012ms
[3.433s][info][gc,phases] GC(107) y: Concurrent Mark Free 0.002ms
[3.434s][info][gc,phases] GC(107) y: Concurrent Reset Relocation Set 0.012ms
[3.434s][info][gc,phases] GC(107) y: Concurrent Select Relocation Set 0.698ms
[3.435s][info][gc,phases] GC(107) y: Pause Relocate Start 0.007ms
[3.438s][info][gc,phases] GC(107) y: Concurrent Relocate 3.197ms
[3.438s][info][gc,phases] GC(107) y: Young Generation 1158M(57%)->1094M(53%) 0.015s
[3.438s][info][gc       ] GC(107) Minor Collection (Allocation Rate) 1156M(56%)->1098M(54%) 0.015s
[3.445s][info][gc       ] GC(108) Minor Collection (Allocation Rate)
[3.445s][info][gc,phases] GC(108) y: Young Generation
[3.445s][info][gc,phases] GC(108) y: Pause Mark Start 0.011ms
[3.454s][info][gc,phases] GC(108) y: Concurrent Mark 9.126ms
[3.454s][info][gc,phases] GC(108) y: Pause Mark End 0.010ms
[3.455s][info][gc,phases] GC(108) y: Concurrent Mark Free 0.001ms
[3.455s][info][gc,phases] GC(108) y: Concurrent Reset Relocation Set 0.010ms
[3.455s][info][gc,phases] GC(108) y: Concurrent Select Relocation Set 0.610ms
[3.455s][info][gc,phases] GC(108) y: Pause Relocate Start 0.004ms
[3.459s][info][gc,phases] GC(108) y: Concurrent Relocate 3.377ms
[3.459s][info][gc,phases] GC(108) y: Young Generation 1224M(60%)->1094M(53%) 0.014s
[3.459s][info][gc       ] GC(108) Minor Collection (Allocation Rate) 1222M(60%)->1096M(54%) 0.014s
[3.472s][info][gc       ] GC(109) Minor Collection (Allocation Rate)
[3.472s][info][gc,phases] GC(109) y: Young Generation
[3.473s][info][gc,phases] GC(109) y: Pause Mark Start 0.010ms
[3.483s][info][gc,phases] GC(109) y: Concurrent Mark 9.872ms
[3.483s][info][gc,phases] GC(109) y: Pause Mark End 0.011ms
[3.483s][info][gc,phases] GC(109) y: Concurrent Mark Free 0.001ms
[3.483s][info][gc,phases] GC(109) y: Concurrent Reset Relocation Set 0.009ms
[3.484s][info][gc,phases] GC(109) y: Concurrent Select Relocation Set 0.382ms
[3.484s][info][gc,phases] GC(109) y: Pause Relocate Start 0.008ms
[3.488s][info][gc,phases] GC(109) y: Concurrent Relocate 4.179ms
[3.488s][info][gc,phases] GC(109) y: Young Generation 1348M(66%)->1124M(55%) 0.016s
[3.488s][info][gc       ] GC(109) Minor Collection (Allocation Rate) 1344M(66%)->1132M(55%) 0.016s
[3.499s][info][gc       ] GC(110) Minor Collection (Allocation Rate)
[3.499s][info][gc,phases] GC(110) y: Young Generation
[3.500s][info][gc,phases] GC(110) y: Pause Mark Start 0.011ms
[3.510s][info][gc,phases] GC(110) y: Concurrent Mark 10.408ms
[3.510s][info][gc,phases] GC(110) y: Pause Mark End 0.013ms
[3.510s][info][gc,phases] GC(110) y: Concurrent Mark Free 0.000ms
[3.510s][info][gc,phases] GC(110) y: Concurrent Reset Relocation Set 0.009ms
[3.511s][info][gc,phases] GC(110) y: Concurrent Select Relocation Set 0.496ms
[3.511s][info][gc,phases] GC(110) y: Pause Relocate Start 0.005ms
[3.515s][info][gc,phases] GC(110) y: Concurrent Relocate 4.166ms
[3.516s][info][gc,phases] GC(110) y: Young Generation 1342M(66%)->1146M(56%) 0.016s
[3.516s][info][gc       ] GC(110) Minor Collection (Allocation Rate) 1338M(65%)->1148M(56%) 0.016s
[3.525s][info][gc       ] GC(111) Minor Collection (Allocation Rate)
[3.525s][info][gc,phases] GC(111) y: Young Generation
[3.525s][info][gc,phases] GC(111) y: Pause Mark Start 0.011ms
[3.536s][info][gc,phases] GC(111) y: Concurrent Mark 10.223ms
[3.536s][info][gc,phases] GC(111) y: Pause Mark End 0.011ms
[3.536s][info][gc,phases] GC(111) y: Concurrent Mark Free 0.001ms
[3.536s][info][gc,phases] GC(111) y: Concurrent Reset Relocation Set 0.011ms
[3.537s][info][gc,phases] GC(111) y: Concurrent Select Relocation Set 0.482ms
[3.537s][info][gc,phases] GC(111) y: Pause Relocate Start 0.005ms
[3.541s][info][gc,phases] GC(111) y: Concurrent Relocate 4.367ms
[3.541s][info][gc,phases] GC(111) y: Young Generation 1330M(65%)->1154M(56%) 0.016s
[3.541s][info][gc       ] GC(111) Minor Collection (Allocation Rate) 1328M(65%)->1158M(57%) 0.016s
[3.552s][info][gc       ] GC(112) Minor Collection (Allocation Rate)
[3.552s][info][gc,phases] GC(112) y: Young Generation
[3.553s][info][gc,phases] GC(112) y: Pause Mark Start 0.010ms
[3.563s][info][gc,phases] GC(112) y: Concurrent Mark 10.312ms
[3.563s][info][gc,phases] GC(112) y: Pause Mark End 0.011ms
[3.563s][info][gc,phases] GC(112) y: Concurrent Mark Free 0.000ms
[3.563s][info][gc,phases] GC(112) y: Concurrent Reset Relocation Set 0.011ms
[3.564s][info][gc,phases] GC(112) y: Concurrent Select Relocation Set 0.542ms
[3.564s][info][gc,phases] GC(112) y: Pause Relocate Start 0.005ms
[3.569s][info][gc,phases] GC(112) y: Concurrent Relocate 4.306ms
[3.569s][info][gc,phases] GC(112) y: Young Generation 1358M(66%)->1160M(57%) 0.016s
[3.569s][info][gc       ] GC(112) Minor Collection (Allocation Rate) 1352M(66%)->1164M(57%) 0.017s
[3.580s][info][gc       ] GC(113) Minor Collection (Allocation Rate)
[3.580s][info][gc,phases] GC(113) y: Young Generation
[3.580s][info][gc,phases] GC(113) y: Pause Mark Start 0.010ms
[3.590s][info][gc,phases] GC(113) y: Concurrent Mark 9.869ms
[3.590s][info][gc,phases] GC(113) y: Pause Mark End 0.011ms
[3.590s][info][gc,phases] GC(113) y: Concurrent Mark Free 0.001ms
[3.591s][info][gc,phases] GC(113) y: Concurrent Reset Relocation Set 0.011ms
[3.591s][info][gc,phases] GC(113) y: Concurrent Select Relocation Set 0.288ms
[3.591s][info][gc,phases] GC(113) y: Pause Relocate Start 0.008ms
[3.595s][info][gc,phases] GC(113) y: Concurrent Relocate 4.081ms
[3.595s][info][gc,phases] GC(113) y: Young Generation 1378M(67%)->1156M(56%) 0.015s
[3.595s][info][gc       ] GC(113) Minor Collection (Allocation Rate) 1374M(67%)->1160M(57%) 0.016s
[3.607s][info][gc       ] GC(114) Minor Collection (Allocation Rate)
[3.607s][info][gc,phases] GC(114) y: Young Generation
[3.607s][info][gc,phases] GC(114) y: Pause Mark Start 0.011ms
[3.617s][info][gc,phases] GC(114) y: Concurrent Mark 10.023ms
[3.617s][info][gc,phases] GC(114) y: Pause Mark End 0.013ms
[3.618s][info][gc,phases] GC(114) y: Concurrent Mark Free 0.001ms
[3.618s][info][gc,phases] GC(114) y: Concurrent Reset Relocation Set 0.007ms
[3.618s][info][gc,phases] GC(114) y: Concurrent Select Relocation Set 0.649ms
[3.619s][info][gc,phases] GC(114) y: Pause Relocate Start 0.008ms
[3.623s][info][gc,phases] GC(114) y: Concurrent Relocate 4.425ms
[3.623s][info][gc,phases] GC(114) y: Young Generation 1374M(67%)->1180M(58%) 0.016s
[3.623s][info][gc       ] GC(114) Minor Collection (Allocation Rate) 1368M(67%)->1184M(58%) 0.017s
[3.632s][info][gc       ] GC(115) Minor Collection (Allocation Rate)
[3.633s][info][gc,phases] GC(115) y: Young Generation
[3.633s][info][gc,phases] GC(115) y: Pause Mark Start 0.010ms
[3.642s][info][gc,phases] GC(115) y: Concurrent Mark 9.615ms
[3.643s][info][gc,phases] GC(115) y: Pause Mark End 0.014ms
[3.643s][info][gc,phases] GC(115) y: Concurrent Mark Free 0.001ms
[3.643s][info][gc,phases] GC(115) y: Concurrent Reset Relocation Set 0.011ms
[3.643s][info][gc,phases] GC(115) y: Concurrent Select Relocation Set 0.508ms
[3.644s][info][gc,phases] GC(115) y: Pause Relocate Start 0.005ms
[3.648s][info][gc,phases] GC(115) y: Concurrent Relocate 3.933ms
[3.648s][info][gc,phases] GC(115) y: Young Generation 1358M(66%)->1170M(57%) 0.015s
[3.648s][info][gc       ] GC(115) Minor Collection (Allocation Rate) 1356M(66%)->1174M(57%) 0.015s
[3.658s][info][gc       ] GC(116) Minor Collection (Allocation Rate)
[3.658s][info][gc,phases] GC(116) y: Young Generation
[3.658s][info][gc,phases] GC(116) y: Pause Mark Start 0.007ms
[3.668s][info][gc,phases] GC(116) y: Concurrent Mark 9.737ms
[3.669s][info][gc,phases] GC(116) y: Pause Mark End 0.015ms
[3.669s][info][gc,phases] GC(116) y: Concurrent Mark Free 0.000ms
[3.669s][info][gc,phases] GC(116) y: Concurrent Reset Relocation Set 0.012ms
[3.669s][info][gc,phases] GC(116) y: Concurrent Select Relocation Set 0.551ms
[3.670s][info][gc,phases] GC(116) y: Pause Relocate Start 0.005ms
[3.674s][info][gc,phases] GC(116) y: Concurrent Relocate 4.013ms
[3.674s][info][gc,phases] GC(116) y: Young Generation 1370M(67%)->1182M(58%) 0.016s
[3.674s][info][gc       ] GC(116) Minor Collection (Allocation Rate) 1368M(67%)->1186M(58%) 0.016s
[3.684s][info][gc       ] GC(117) Minor Collection (Allocation Rate)
[3.684s][info][gc,phases] GC(117) y: Young Generation
[3.685s][info][gc,phases] GC(117) y: Pause Mark Start 0.008ms
[3.695s][info][gc,phases] GC(117) y: Concurrent Mark 9.938ms
[3.695s][info][gc,phases] GC(117) y: Pause Mark End 0.010ms
[3.695s][info][gc,phases] GC(117) y: Concurrent Mark Free 0.001ms
[3.695s][info][gc,phases] GC(117) y: Concurrent Reset Relocation Set 0.009ms
[3.696s][info][gc,phases] GC(117) y: Concurrent Select Relocation Set 0.513ms
[3.696s][info][gc,phases] GC(117) y: Pause Relocate Start 0.006ms
[3.700s][info][gc,phases] GC(117) y: Concurrent Relocate 4.146ms
[3.700s][info][gc,phases] GC(117) y: Young Generation 1382M(67%)->1194M(58%) 0.016s
[3.700s][info][gc       ] GC(117) Minor Collection (Allocation Rate) 1378M(67%)->1198M(58%) 0.016s
[3.710s][info][gc       ] GC(118) Minor Collection (Allocation Rate)
[3.710s][info][gc,phases] GC(118) y: Young Generation
[3.710s][info][gc,phases] GC(118) y: Pause Mark Start 0.009ms
[3.721s][info][gc,phases] GC(118) y: Concurrent Mark 10.302ms
[3.721s][info][gc,phases] GC(118) y: Pause Mark End 0.011ms
[3.721s][info][gc,phases] GC(118) y: Concurrent Mark Free 0.001ms
[3.721s][info][gc,phases] GC(118) y: Concurrent Reset Relocation Set 0.009ms
[3.722s][info][gc,phases] GC(118) y: Concurrent Select Relocation Set 0.538ms
[3.722s][info][gc,phases] GC(118) y: Pause Relocate Start 0.007ms
[3.726s][info][gc,phases] GC(118) y: Concurrent Relocate 4.130ms
[3.726s][info][gc,phases] GC(118) y: Young Generation 1386M(68%)->1206M(59%) 0.016s
[3.727s][info][gc       ] GC(118) Minor Collection (Allocation Rate) 1382M(67%)->1210M(59%) 0.017s
[3.735s][info][gc       ] GC(119) Minor Collection (Allocation Rate)
[3.736s][info][gc,phases] GC(119) y: Young Generation
[3.736s][info][gc,phases] GC(119) y: Pause Mark Start 0.009ms
[3.746s][info][gc,phases] GC(119) y: Concurrent Mark 10.071ms
[3.746s][info][gc,phases] GC(119) y: Pause Mark End 0.011ms
[3.746s][info][gc,phases] GC(119) y: Concurrent Mark Free 0.001ms
[3.746s][info][gc,phases] GC(119) y: Concurrent Reset Relocation Set 0.009ms
[3.747s][info][gc,phases] GC(119) y: Concurrent Select Relocation Set 0.538ms
[3.747s][info][gc,phases] GC(119) y: Pause Relocate Start 0.009ms
[3.751s][info][gc,phases] GC(119) y: Concurrent Relocate 4.010ms
[3.751s][info][gc,phases] GC(119) y: Young Generation 1380M(67%)->1208M(59%) 0.016s
[3.751s][info][gc       ] GC(119) Minor Collection (Allocation Rate) 1374M(67%)->1210M(59%) 0.016s
[3.761s][info][gc       ] GC(120) Minor Collection (Allocation Rate)
[3.762s][info][gc,phases] GC(120) y: Young Generation
[3.762s][info][gc,phases] GC(120) y: Pause Mark Start 0.011ms
[3.772s][info][gc,phases] GC(120) y: Concurrent Mark 9.921ms
[3.772s][info][gc,phases] GC(120) y: Pause Mark End 0.010ms
[3.772s][info][gc,phases] GC(120) y: Concurrent Mark Free 0.001ms
[3.772s][info][gc,phases] GC(120) y: Concurrent Reset Relocation Set 0.010ms
[3.773s][info][gc,phases] GC(120) y: Concurrent Select Relocation Set 0.543ms
[3.773s][info][gc,phases] GC(120) y: Pause Relocate Start 0.005ms
[3.777s][info][gc,phases] GC(120) y: Concurrent Relocate 4.088ms
[3.777s][info][gc,phases] GC(120) y: Young Generation 1402M(68%)->1220M(60%) 0.016s
[3.777s][info][gc       ] GC(120) Minor Collection (Allocation Rate) 1398M(68%)->1224M(60%) 0.016s
[3.787s][info][gc       ] GC(121) Major Collection (Allocation Rate)
[3.787s][info][gc,phases] GC(121) Y: Young Generation
[3.788s][info][gc,phases] GC(121) Y: Pause Mark Start (Major) 0.010ms
[3.795s][info][gc,phases] GC(121) Y: Concurrent Mark 6.937ms
[3.795s][info][gc,phases] GC(121) Y: Pause Mark End 0.012ms
[3.795s][info][gc,phases] GC(121) Y: Concurrent Mark Free 0.001ms
[3.795s][info][gc,phases] GC(121) Y: Concurrent Reset Relocation Set 0.009ms
[3.796s][info][gc,phases] GC(121) Y: Concurrent Select Relocation Set 0.382ms
[3.796s][info][gc,phases] GC(121) Y: Pause Relocate Start 0.004ms
[3.800s][info][gc,phases] GC(121) Y: Concurrent Relocate 3.660ms
[3.800s][info][gc,phases] GC(121) Y: Young Generation 1410M(69%)->1078M(53%) 0.012s
[3.800s][info][gc,phases] GC(121) O: Old Generation
[3.835s][info][gc       ] GC(122) Minor Collection (Allocation Rate)
[3.835s][info][gc,phases] GC(122) y: Young Generation
[3.836s][info][gc,phases] GC(122) y: Pause Mark Start 0.011ms
[3.843s][info][gc,phases] GC(122) y: Concurrent Mark 7.062ms
[3.843s][info][gc,phases] GC(122) y: Pause Mark End 0.014ms
[3.843s][info][gc,phases] GC(122) y: Concurrent Mark Free 0.000ms
[3.843s][info][gc,phases] GC(122) y: Concurrent Reset Relocation Set 0.008ms
[3.843s][info][gc,phases] GC(122) y: Concurrent Select Relocation Set 0.149ms
[3.844s][info][gc,phases] GC(122) y: Pause Relocate Start 0.004ms
[3.846s][info][gc,phases] GC(122) y: Concurrent Relocate 2.013ms
[3.846s][info][gc,phases] GC(122) y: Young Generation 1194M(58%)->1056M(52%) 0.010s
[3.846s][info][gc       ] GC(122) Minor Collection (Allocation Rate) 1192M(58%)->1056M(52%) 0.011s
[3.862s][info][gc       ] GC(123) Minor Collection (Allocation Rate)
[3.862s][info][gc,phases] GC(123) y: Young Generation
[3.862s][info][gc,phases] GC(123) y: Pause Mark Start 0.007ms
[3.870s][info][gc,phases] GC(123) y: Concurrent Mark 7.306ms
[3.870s][info][gc,phases] GC(123) y: Pause Mark End 0.015ms
[3.870s][info][gc,phases] GC(123) y: Concurrent Mark Free 0.000ms
[3.870s][info][gc,phases] GC(123) y: Concurrent Reset Relocation Set 0.005ms
[3.871s][info][gc,phases] GC(123) y: Concurrent Select Relocation Set 0.611ms
[3.871s][info][gc,phases] GC(123) y: Pause Relocate Start 0.004ms
[3.873s][info][gc,phases] GC(121) O: Concurrent Mark 73.002ms
[3.873s][info][gc,phases] GC(121) O: Pause Mark End 0.010ms
[3.873s][info][gc,phases] GC(121) O: Concurrent Mark Free 0.001ms
[3.874s][info][gc,phases] GC(123) y: Concurrent Relocate 3.053ms
[3.874s][info][gc,phases] GC(123) y: Young Generation 1216M(59%)->1076M(53%) 0.012s
[3.875s][info][gc       ] GC(123) Minor Collection (Allocation Rate) 1214M(59%)->1078M(53%) 0.013s
[3.878s][info][gc,phases] GC(121) O: Concurrent Process Non-Strong 4.232ms
[3.878s][info][gc,phases] GC(121) O: Concurrent Reset Relocation Set 0.001ms
[3.878s][info][gc,phases] GC(121) O: Concurrent Select Relocation Set 0.130ms
[3.883s][info][gc,phases] GC(121) O: Concurrent Remap Roots 4.960ms
[3.883s][info][gc,phases] GC(121) O: Pause Relocate Start 0.012ms
[3.884s][info][gc,phases] GC(121) O: Concurrent Relocate 0.809ms
[3.884s][info][gc,phases] GC(121) O: Old Generation 1078M(53%)->1048M(51%) 0.084s
[3.884s][info][gc       ] GC(121) Major Collection (Allocation Rate) 1406M(69%)->1050M(51%) 0.097s
[3.904s][info][gc       ] GC(124) Minor Collection (Allocation Rate)
[3.904s][info][gc,phases] GC(124) y: Young Generation
[3.904s][info][gc,phases] GC(124) y: Pause Mark Start 0.008ms
[3.917s][info][gc,phases] GC(124) y: Concurrent Mark 12.510ms
[3.917s][info][gc,phases] GC(124) y: Pause Mark End 0.012ms
[3.917s][info][gc,phases] GC(124) y: Concurrent Mark Free 0.001ms
[3.917s][info][gc,phases] GC(124) y: Concurrent Reset Relocation Set 0.008ms
[3.918s][info][gc,phases] GC(124) y: Concurrent Select Relocation Set 0.377ms
[3.918s][info][gc,phases] GC(124) y: Pause Relocate Start 0.004ms
[3.922s][info][gc,phases] GC(124) y: Concurrent Relocate 3.641ms
[3.922s][info][gc,phases] GC(124) y: Young Generation 1244M(61%)->1004M(49%) 0.018s
[3.922s][info][gc       ] GC(124) Minor Collection (Allocation Rate) 1244M(61%)->1004M(49%) 0.018s
[3.922s][info][gc       ] GC(125) Minor Collection (Allocation Rate)
[3.922s][info][gc,phases] GC(125) y: Young Generation
[3.922s][info][gc,phases] GC(125) y: Pause Mark Start 0.011ms
[3.931s][info][gc,phases] GC(125) y: Concurrent Mark 8.288ms
[3.931s][info][gc,phases] GC(125) y: Pause Mark End 0.011ms
[3.931s][info][gc,phases] GC(125) y: Concurrent Mark Free 0.001ms
[3.931s][info][gc,phases] GC(125) y: Concurrent Reset Relocation Set 0.006ms
[3.932s][info][gc,phases] GC(125) y: Concurrent Select Relocation Set 0.455ms
[3.932s][info][gc,phases] GC(125) y: Pause Relocate Start 0.004ms
[3.933s][info][gc,phases] GC(125) y: Concurrent Relocate 1.508ms
[3.934s][info][gc,phases] GC(125) y: Young Generation 1008M(49%)->934M(46%) 0.011s
[3.934s][info][gc       ] GC(125) Minor Collection (Allocation Rate) 1006M(49%)->936M(46%) 0.012s
[3.939s][info][gc       ] GC(126) Minor Collection (Allocation Rate)
[3.939s][info][gc,phases] GC(126) y: Young Generation
[3.940s][info][gc,phases] GC(126) y: Pause Mark Start 0.007ms
[3.948s][info][gc,phases] GC(126) y: Concurrent Mark 8.202ms
[3.948s][info][gc,phases] GC(126) y: Pause Mark End 0.011ms
[3.948s][info][gc,phases] GC(126) y: Concurrent Mark Free 0.001ms
[3.948s][info][gc,phases] GC(126) y: Concurrent Reset Relocation Set 0.005ms
[3.949s][info][gc,phases] GC(126) y: Concurrent Select Relocation Set 0.567ms
[3.949s][info][gc,phases] GC(126) y: Pause Relocate Start 0.004ms
[3.951s][info][gc,phases] GC(126) y: Concurrent Relocate 1.493ms
[3.951s][info][gc,phases] GC(126) y: Young Generation 994M(49%)->936M(46%) 0.011s
[3.951s][info][gc       ] GC(126) Minor Collection (Allocation Rate) 992M(48%)->938M(46%) 0.012s
[4.012s][info][gc       ] GC(127) Minor Collection (Allocation Rate)
[4.012s][info][gc,phases] GC(127) y: Young Generation
[4.013s][info][gc,phases] GC(127) y: Pause Mark Start 0.011ms
[4.024s][info][gc,phases] GC(127) y: Concurrent Mark 10.834ms
[4.024s][info][gc,phases] GC(127) y: Pause Mark End 0.013ms
[4.024s][info][gc,phases] GC(127) y: Concurrent Mark Free 0.002ms
[4.024s][info][gc,phases] GC(127) y: Concurrent Reset Relocation Set 0.006ms
[4.024s][info][gc,phases] GC(127) y: Concurrent Select Relocation Set 0.397ms
[4.025s][info][gc,phases] GC(127) y: Pause Relocate Start 0.008ms
[4.031s][info][gc,phases] GC(127) y: Concurrent Relocate 6.141ms
[4.031s][info][gc,phases] GC(127) y: Young Generation 1556M(76%)->1016M(50%) 0.019s
[4.031s][info][gc       ] GC(127) Minor Collection (Allocation Rate) 1554M(76%)->1020M(50%) 0.019s
[4.068s][info][gc       ] GC(128) Minor Collection (Allocation Rate)
[4.068s][info][gc,phases] GC(128) y: Young Generation
[4.068s][info][gc,phases] GC(128) y: Pause Mark Start 0.010ms
[4.079s][info][gc,phases] GC(128) y: Concurrent Mark 10.510ms
[4.079s][info][gc,phases] GC(128) y: Pause Mark End 0.011ms
[4.079s][info][gc,phases] GC(128) y: Concurrent Mark Free 0.001ms
[4.079s][info][gc,phases] GC(128) y: Concurrent Reset Relocation Set 0.012ms
[4.080s][info][gc,phases] GC(128) y: Concurrent Select Relocation Set 0.388ms
[4.080s][info][gc,phases] GC(128) y: Pause Relocate Start 0.008ms
[4.084s][info][gc,phases] GC(128) y: Concurrent Relocate 4.380ms
[4.085s][info][gc,phases] GC(128) y: Young Generation 1392M(68%)->1008M(49%) 0.016s
[4.085s][info][gc       ] GC(128) Minor Collection (Allocation Rate) 1390M(68%)->1008M(49%) 0.017s
[4.133s][info][gc       ] GC(129) Minor Collection (Allocation Rate)
[4.133s][info][gc,phases] GC(129) y: Young Generation
[4.133s][info][gc,phases] GC(129) y: Pause Mark Start 0.007ms
[4.145s][info][gc,phases] GC(129) y: Concurrent Mark 11.623ms
[4.145s][info][gc,phases] GC(129) y: Pause Mark End 0.011ms
[4.145s][info][gc,phases] GC(129) y: Concurrent Mark Free 0.001ms
[4.146s][info][gc,phases] GC(129) y: Concurrent Reset Relocation Set 0.009ms
[4.146s][info][gc,phases] GC(129) y: Concurrent Select Relocation Set 0.378ms
[4.146s][info][gc,phases] GC(129) y: Pause Relocate Start 0.004ms
[4.151s][info][gc,phases] GC(129) y: Concurrent Relocate 5.178ms
[4.151s][info][gc,phases] GC(129) y: Young Generation 1496M(73%)->1038M(51%) 0.018s
[4.152s][info][gc       ] GC(129) Minor Collection (Allocation Rate) 1496M(73%)->1040M(51%) 0.019s
[4.203s][info][gc       ] GC(130) Minor Collection (Allocation Rate)
[4.203s][info][gc,phases] GC(130) y: Young Generation
[4.203s][info][gc,phases] GC(130) y: Pause Mark Start 0.010ms
[4.216s][info][gc,phases] GC(130) y: Concurrent Mark 12.517ms
[4.216s][info][gc,phases] GC(130) y: Pause Mark End 0.010ms
[4.216s][info][gc,phases] GC(130) y: Concurrent Mark Free 0.001ms
[4.216s][info][gc,phases] GC(130) y: Concurrent Reset Relocation Set 0.010ms
[4.217s][info][gc,phases] GC(130) y: Concurrent Select Relocation Set 0.445ms
[4.217s][info][gc,phases] GC(130) y: Pause Relocate Start 0.003ms
[4.223s][info][gc,phases] GC(130) y: Concurrent Relocate 5.810ms
[4.223s][info][gc,phases] GC(130) y: Young Generation 1558M(76%)->1060M(52%) 0.020s
[4.223s][info][gc       ] GC(130) Minor Collection (Allocation Rate) 1556M(76%)->1060M(52%) 0.020s
[4.270s][info][gc       ] GC(131) Minor Collection (Allocation Rate)
[4.271s][info][gc,phases] GC(131) y: Young Generation
[4.271s][info][gc,phases] GC(131) y: Pause Mark Start 0.008ms
[4.284s][info][gc,phases] GC(131) y: Concurrent Mark 13.055ms
[4.284s][info][gc,phases] GC(131) y: Pause Mark End 0.013ms
[4.284s][info][gc,phases] GC(131) y: Concurrent Mark Free 0.001ms
[4.284s][info][gc,phases] GC(131) y: Concurrent Reset Relocation Set 0.013ms
[4.285s][info][gc,phases] GC(131) y: Concurrent Select Relocation Set 0.822ms
[4.285s][info][gc,phases] GC(131) y: Pause Relocate Start 0.004ms
[4.291s][info][gc,phases] GC(131) y: Concurrent Relocate 5.743ms
[4.291s][info][gc,phases] GC(131) y: Young Generation 1540M(75%)->1086M(53%) 0.021s
[4.291s][info][gc       ] GC(131) Minor Collection (Allocation Rate) 1536M(75%)->1090M(53%) 0.021s
[4.335s][info][gc       ] GC(132) Minor Collection (Allocation Rate)
[4.336s][info][gc,phases] GC(132) y: Young Generation
[4.336s][info][gc,phases] GC(132) y: Pause Mark Start 0.008ms
[4.348s][info][gc,phases] GC(132) y: Concurrent Mark 12.411ms
[4.349s][info][gc,phases] GC(132) y: Pause Mark End 0.011ms
[4.349s][info][gc,phases] GC(132) y: Concurrent Mark Free 0.000ms
[4.349s][info][gc,phases] GC(132) y: Concurrent Reset Relocation Set 0.013ms
[4.349s][info][gc,phases] GC(132) y: Concurrent Select Relocation Set 0.413ms
[4.349s][info][gc,phases] GC(132) y: Pause Relocate Start 0.004ms
[4.354s][info][gc,phases] GC(132) y: Concurrent Relocate 5.064ms
[4.355s][info][gc,phases] GC(132) y: Young Generation 1532M(75%)->1082M(53%) 0.019s
[4.355s][info][gc       ] GC(132) Minor Collection (Allocation Rate) 1532M(75%)->1084M(53%) 0.019s
[4.402s][info][gc       ] GC(133) Minor Collection (Allocation Rate)
[4.403s][info][gc,phases] GC(133) y: Young Generation
[4.403s][info][gc,phases] GC(133) y: Pause Mark Start 0.012ms
[4.416s][info][gc,phases] GC(133) y: Concurrent Mark 13.164ms
[4.416s][info][gc,phases] GC(133) y: Pause Mark End 0.010ms
[4.416s][info][gc,phases] GC(133) y: Concurrent Mark Free 0.001ms
[4.416s][info][gc,phases] GC(133) y: Concurrent Reset Relocation Set 0.009ms
[4.417s][info][gc,phases] GC(133) y: Concurrent Select Relocation Set 0.823ms
[4.418s][info][gc,phases] GC(133) y: Pause Relocate Start 0.008ms
[4.424s][info][gc,phases] GC(133) y: Concurrent Relocate 6.000ms
[4.424s][info][gc,phases] GC(133) y: Young Generation 1562M(76%)->1106M(54%) 0.021s
[4.424s][info][gc       ] GC(133) Minor Collection (Allocation Rate) 1560M(76%)->1108M(54%) 0.021s
[4.466s][info][gc       ] GC(134) Minor Collection (Allocation Rate)
[4.467s][info][gc,phases] GC(134) y: Young Generation
[4.467s][info][gc,phases] GC(134) y: Pause Mark Start 0.009ms
[4.479s][info][gc,phases] GC(134) y: Concurrent Mark 12.278ms
[4.479s][info][gc,phases] GC(134) y: Pause Mark End 0.015ms
[4.480s][info][gc,phases] GC(134) y: Concurrent Mark Free 0.002ms
[4.480s][info][gc,phases] GC(134) y: Concurrent Reset Relocation Set 0.014ms
[4.480s][info][gc,phases] GC(134) y: Concurrent Select Relocation Set 0.399ms
[4.480s][info][gc,phases] GC(134) y: Pause Relocate Start 0.004ms
[4.485s][info][gc,phases] GC(134) y: Concurrent Relocate 5.057ms
[4.486s][info][gc,phases] GC(134) y: Young Generation 1538M(75%)->1104M(54%) 0.019s
[4.486s][info][gc       ] GC(134) Minor Collection (Allocation Rate) 1536M(75%)->1106M(54%) 0.019s
[4.530s][info][gc       ] GC(135) Minor Collection (Allocation Rate)
[4.530s][info][gc,phases] GC(135) y: Young Generation
[4.530s][info][gc,phases] GC(135) y: Pause Mark Start 0.008ms
[4.543s][info][gc,phases] GC(135) y: Concurrent Mark 12.824ms
[4.544s][info][gc,phases] GC(135) y: Pause Mark End 0.013ms
[4.544s][info][gc,phases] GC(135) y: Concurrent Mark Free 0.001ms
[4.544s][info][gc,phases] GC(135) y: Concurrent Reset Relocation Set 0.009ms
[4.545s][info][gc,phases] GC(135) y: Concurrent Select Relocation Set 0.829ms
[4.545s][info][gc,phases] GC(135) y: Pause Relocate Start 0.008ms
[4.550s][info][gc,phases] GC(135) y: Concurrent Relocate 5.465ms
[4.551s][info][gc,phases] GC(135) y: Young Generation 1554M(76%)->1128M(55%) 0.020s
[4.551s][info][gc       ] GC(135) Minor Collection (Allocation Rate) 1554M(76%)->1130M(55%) 0.021s
[4.593s][info][gc       ] GC(136) Minor Collection (Allocation Rate)
[4.594s][info][gc,phases] GC(136) y: Young Generation
[4.594s][info][gc,phases] GC(136) y: Pause Mark Start 0.010ms
[4.605s][info][gc,phases] GC(136) y: Concurrent Mark 11.437ms
[4.606s][info][gc,phases] GC(136) y: Pause Mark End 0.012ms
[4.606s][info][gc,phases] GC(136) y: Concurrent Mark Free 0.001ms
[4.606s][info][gc,phases] GC(136) y: Concurrent Reset Relocation Set 0.011ms
[4.606s][info][gc,phases] GC(136) y: Concurrent Select Relocation Set 0.529ms
[4.607s][info][gc,phases] GC(136) y: Pause Relocate Start 0.004ms
[4.612s][info][gc,phases] GC(136) y: Concurrent Relocate 5.060ms
[4.612s][info][gc,phases] GC(136) y: Young Generation 1562M(76%)->1164M(57%) 0.018s
[4.612s][info][gc       ] GC(136) Minor Collection (Allocation Rate) 1562M(76%)->1168M(57%) 0.019s
[4.649s][info][gc       ] GC(137) Minor Collection (Allocation Rate)
[4.649s][info][gc,phases] GC(137) y: Young Generation
[4.649s][info][gc,phases] GC(137) y: Pause Mark Start 0.007ms
[4.661s][info][gc,phases] GC(137) y: Concurrent Mark 11.931ms
[4.662s][info][gc,phases] GC(137) y: Pause Mark End 0.015ms
[4.662s][info][gc,phases] GC(137) y: Concurrent Mark Free 0.001ms
[4.662s][info][gc,phases] GC(137) y: Concurrent Reset Relocation Set 0.016ms
[4.662s][info][gc,phases] GC(137) y: Concurrent Select Relocation Set 0.398ms
[4.662s][info][gc,phases] GC(137) y: Pause Relocate Start 0.004ms
[4.667s][info][gc,phases] GC(137) y: Concurrent Relocate 4.687ms
[4.667s][info][gc,phases] GC(137) y: Young Generation 1540M(75%)->1128M(55%) 0.018s
[4.667s][info][gc       ] GC(137) Minor Collection (Allocation Rate) 1540M(75%)->1130M(55%) 0.018s
[4.711s][info][gc       ] GC(138) Minor Collection (Allocation Rate)
[4.711s][info][gc,phases] GC(138) y: Young Generation
[4.711s][info][gc,phases] GC(138) y: Pause Mark Start 0.011ms
[4.724s][info][gc,phases] GC(138) y: Concurrent Mark 12.639ms
[4.724s][info][gc,phases] GC(138) y: Pause Mark End 0.011ms
[4.724s][info][gc,phases] GC(138) y: Concurrent Mark Free 0.001ms
[4.724s][info][gc,phases] GC(138) y: Concurrent Reset Relocation Set 0.009ms
[4.725s][info][gc,phases] GC(138) y: Concurrent Select Relocation Set 0.822ms
[4.725s][info][gc,phases] GC(138) y: Pause Relocate Start 0.004ms
[4.731s][info][gc,phases] GC(138) y: Concurrent Relocate 5.220ms
[4.731s][info][gc,phases] GC(138) y: Young Generation 1570M(77%)->1154M(56%) 0.020s
[4.731s][info][gc       ] GC(138) Minor Collection (Allocation Rate) 1568M(77%)->1156M(56%) 0.020s
[4.770s][info][gc       ] GC(139) Major Collection (Allocation Rate)
[4.770s][info][gc,phases] GC(139) Y: Young Generation
[4.770s][info][gc,phases] GC(139) Y: Pause Mark Start (Major) 0.009ms
[4.778s][info][gc,phases] GC(139) Y: Concurrent Mark 8.326ms
[4.779s][info][gc,phases] GC(139) Y: Pause Mark End 0.013ms
[4.779s][info][gc,phases] GC(139) Y: Concurrent Mark Free 0.000ms
[4.779s][info][gc,phases] GC(139) Y: Concurrent Reset Relocation Set 0.012ms
[4.779s][info][gc,phases] GC(139) Y: Concurrent Select Relocation Set 0.349ms
[4.779s][info][gc,phases] GC(139) Y: Pause Relocate Start 0.004ms
[4.784s][info][gc,phases] GC(139) Y: Concurrent Relocate 4.654ms
[4.784s][info][gc,phases] GC(139) Y: Young Generation 1546M(75%)->1120M(55%) 0.015s
[4.784s][info][gc,phases] GC(139) O: Old Generation
[4.823s][info][gc       ] GC(140) Minor Collection (Allocation Rate)
[4.823s][info][gc,phases] GC(140) y: Young Generation
[4.824s][info][gc,phases] GC(140) y: Pause Mark Start 0.011ms
[4.832s][info][gc,phases] GC(140) y: Concurrent Mark 8.537ms
[4.832s][info][gc,phases] GC(140) y: Pause Mark End 0.014ms
[4.833s][info][gc,phases] GC(140) y: Concurrent Mark Free 0.001ms
[4.833s][info][gc,phases] GC(140) y: Concurrent Reset Relocation Set 0.009ms
[4.833s][info][gc,phases] GC(140) y: Concurrent Select Relocation Set 0.374ms
[4.833s][info][gc,phases] GC(140) y: Pause Relocate Start 0.005ms
[4.838s][info][gc,phases] GC(140) y: Concurrent Relocate 4.453ms
[4.838s][info][gc,phases] GC(140) y: Young Generation 1506M(74%)->1124M(55%) 0.015s
[4.838s][info][gc       ] GC(140) Minor Collection (Allocation Rate) 1506M(74%)->1128M(55%) 0.015s
[4.854s][info][gc,phases] GC(139) O: Concurrent Mark 70.025ms
[4.855s][info][gc,phases] GC(139) O: Pause Mark End 0.014ms
[4.855s][info][gc,phases] GC(139) O: Concurrent Mark Free 0.001ms
[4.859s][info][gc,phases] GC(139) O: Concurrent Process Non-Strong 4.295ms
[4.859s][info][gc,phases] GC(139) O: Concurrent Reset Relocation Set 0.001ms
[4.859s][info][gc,phases] GC(139) O: Concurrent Select Relocation Set 0.190ms
[4.865s][info][gc,phases] GC(139) O: Concurrent Remap Roots 5.328ms
[4.865s][info][gc,phases] GC(139) O: Pause Relocate Start 0.012ms
[4.868s][info][gc,phases] GC(139) O: Concurrent Relocate 2.407ms
[4.868s][info][gc,phases] GC(139) O: Old Generation 1120M(55%)->1230M(60%) 0.083s
[4.868s][info][gc       ] GC(139) Major Collection (Allocation Rate) 1544M(75%)->1230M(60%) 0.098s
[4.905s][info][gc       ] GC(141) Minor Collection (Allocation Rate)
[4.905s][info][gc,phases] GC(141) y: Young Generation
[4.905s][info][gc,phases] GC(141) y: Pause Mark Start 0.007ms
[4.919s][info][gc,phases] GC(141) y: Concurrent Mark 13.403ms
[4.919s][info][gc,phases] GC(141) y: Pause Mark End 0.011ms
[4.919s][info][gc,phases] GC(141) y: Concurrent Mark Free 0.001ms
[4.919s][info][gc,phases] GC(141) y: Concurrent Reset Relocation Set 0.011ms
[4.920s][info][gc,phases] GC(141) y: Concurrent Select Relocation Set 0.673ms
[4.921s][info][gc,phases] GC(141) y: Pause Relocate Start 0.011ms
[4.928s][info][gc,phases] GC(141) y: Concurrent Relocate 7.057ms
[4.928s][info][gc,phases] GC(141) y: Young Generation 1598M(78%)->1034M(50%) 0.023s
[4.928s][info][gc       ] GC(141) Minor Collection (Allocation Rate) 1596M(78%)->1038M(51%) 0.023s
[4.958s][info][gc       ] GC(142) Minor Collection (Allocation Rate)
[4.958s][info][gc,phases] GC(142) y: Young Generation
[4.959s][info][gc,phases] GC(142) y: Pause Mark Start 0.008ms
[4.970s][info][gc,phases] GC(142) y: Concurrent Mark 11.278ms
[4.970s][info][gc,phases] GC(142) y: Pause Mark End 0.014ms
[4.970s][info][gc,phases] GC(142) y: Concurrent Mark Free 0.001ms
[4.970s][info][gc,phases] GC(142) y: Concurrent Reset Relocation Set 0.017ms
[4.971s][info][gc,phases] GC(142) y: Concurrent Select Relocation Set 0.249ms
[4.971s][info][gc,phases] GC(142) y: Pause Relocate Start 0.004ms
[4.975s][info][gc,phases] GC(142) y: Concurrent Relocate 4.081ms
[4.975s][info][gc,phases] GC(142) y: Young Generation 1328M(65%)->988M(48%) 0.017s
[4.975s][info][gc       ] GC(142) Minor Collection (Allocation Rate) 1328M(65%)->990M(48%) 0.017s
[5.024s][info][gc       ] GC(143) Minor Collection (Allocation Rate)
[5.024s][info][gc,phases] GC(143) y: Young Generation
[5.024s][info][gc,phases] GC(143) y: Pause Mark Start 0.010ms
[5.037s][info][gc,phases] GC(143) y: Concurrent Mark 12.346ms
[5.037s][info][gc,phases] GC(143) y: Pause Mark End 0.010ms
[5.037s][info][gc,phases] GC(143) y: Concurrent Mark Free 0.001ms
[5.037s][info][gc,phases] GC(143) y: Concurrent Reset Relocation Set 0.008ms
[5.038s][info][gc,phases] GC(143) y: Concurrent Select Relocation Set 0.519ms
[5.038s][info][gc,phases] GC(143) y: Pause Relocate Start 0.005ms
[5.043s][info][gc,phases] GC(143) y: Concurrent Relocate 5.347ms
[5.044s][info][gc,phases] GC(143) y: Young Generation 1464M(71%)->1024M(50%) 0.019s
[5.044s][info][gc       ] GC(143) Minor Collection (Allocation Rate) 1464M(71%)->1028M(50%) 0.020s
[5.095s][info][gc       ] GC(144) Minor Collection (Allocation Rate)
[5.095s][info][gc,phases] GC(144) y: Young Generation
[5.095s][info][gc,phases] GC(144) y: Pause Mark Start 0.010ms
[5.108s][info][gc,phases] GC(144) y: Concurrent Mark 12.288ms
[5.108s][info][gc,phases] GC(144) y: Pause Mark End 0.014ms
[5.108s][info][gc,phases] GC(144) y: Concurrent Mark Free 0.001ms
[5.108s][info][gc,phases] GC(144) y: Concurrent Reset Relocation Set 0.015ms
[5.108s][info][gc,phases] GC(144) y: Concurrent Select Relocation Set 0.432ms
[5.109s][info][gc,phases] GC(144) y: Pause Relocate Start 0.008ms
[5.114s][info][gc,phases] GC(144) y: Concurrent Relocate 5.585ms
[5.115s][info][gc,phases] GC(144) y: Young Generation 1524M(74%)->1038M(51%) 0.020s
[5.115s][info][gc       ] GC(144) Minor Collection (Allocation Rate) 1524M(74%)->1040M(51%) 0.020s
[5.169s][info][gc       ] GC(145) Minor Collection (Allocation Rate)
[5.169s][info][gc,phases] GC(145) y: Young Generation
[5.169s][info][gc,phases] GC(145) y: Pause Mark Start 0.007ms
[5.181s][info][gc,phases] GC(145) y: Concurrent Mark 12.205ms
[5.182s][info][gc,phases] GC(145) y: Pause Mark End 0.010ms
[5.182s][info][gc,phases] GC(145) y: Concurrent Mark Free 0.001ms
[5.182s][info][gc,phases] GC(145) y: Concurrent Reset Relocation Set 0.014ms
[5.182s][info][gc,phases] GC(145) y: Concurrent Select Relocation Set 0.189ms
[5.182s][info][gc,phases] GC(145) y: Pause Relocate Start 0.003ms
[5.188s][info][gc,phases] GC(145) y: Concurrent Relocate 5.530ms
[5.188s][info][gc,phases] GC(145) y: Young Generation 1568M(77%)->1046M(51%) 0.019s
[5.188s][info][gc       ] GC(145) Minor Collection (Allocation Rate) 1566M(76%)->1048M(51%) 0.019s
[5.245s][info][gc       ] GC(146) Minor Collection (Allocation Rate)
[5.245s][info][gc,phases] GC(146) y: Young Generation
[5.245s][info][gc,phases] GC(146) y: Pause Mark Start 0.008ms
[5.258s][info][gc,phases] GC(146) y: Concurrent Mark 12.563ms
[5.258s][info][gc,phases] GC(146) y: Pause Mark End 0.010ms
[5.258s][info][gc,phases] GC(146) y: Concurrent Mark Free 0.001ms
[5.258s][info][gc,phases] GC(146) y: Concurrent Reset Relocation Set 0.012ms
[5.259s][info][gc,phases] GC(146) y: Concurrent Select Relocation Set 0.732ms
[5.259s][info][gc,phases] GC(146) y: Pause Relocate Start 0.004ms
[5.266s][info][gc,phases] GC(146) y: Concurrent Relocate 6.659ms
[5.266s][info][gc,phases] GC(146) y: Young Generation 1596M(78%)->1122M(55%) 0.021s
[5.266s][info][gc       ] GC(146) Minor Collection (Allocation Rate) 1596M(78%)->1122M(55%) 0.021s
[5.306s][info][gc       ] GC(147) Minor Collection (Allocation Rate)
[5.306s][info][gc,phases] GC(147) y: Young Generation
[5.306s][info][gc,phases] GC(147) y: Pause Mark Start 0.008ms
[5.319s][info][gc,phases] GC(147) y: Concurrent Mark 12.691ms
[5.319s][info][gc,phases] GC(147) y: Pause Mark End 0.014ms
[5.319s][info][gc,phases] GC(147) y: Concurrent Mark Free 0.001ms
[5.319s][info][gc,phases] GC(147) y: Concurrent Reset Relocation Set 0.013ms
[5.320s][info][gc,phases] GC(147) y: Concurrent Select Relocation Set 0.315ms
[5.320s][info][gc,phases] GC(147) y: Pause Relocate Start 0.004ms
[5.325s][info][gc,phases] GC(147) y: Concurrent Relocate 5.082ms
[5.325s][info][gc,phases] GC(147) y: Young Generation 1512M(74%)->1072M(52%) 0.020s
[5.326s][info][gc       ] GC(147) Minor Collection (Allocation Rate) 1510M(74%)->1076M(53%) 0.020s
[5.373s][info][gc       ] GC(148) Minor Collection (Allocation Rate)
[5.374s][info][gc,phases] GC(148) y: Young Generation
[5.374s][info][gc,phases] GC(148) y: Pause Mark Start 0.008ms
[5.387s][info][gc,phases] GC(148) y: Concurrent Mark 13.074ms
[5.387s][info][gc,phases] GC(148) y: Pause Mark End 0.013ms
[5.387s][info][gc,phases] GC(148) y: Concurrent Mark Free 0.000ms
[5.388s][info][gc,phases] GC(148) y: Concurrent Reset Relocation Set 0.010ms
[5.388s][info][gc,phases] GC(148) y: Concurrent Select Relocation Set 0.742ms
[5.389s][info][gc,phases] GC(148) y: Pause Relocate Start 0.007ms
[5.394s][info][gc,phases] GC(148) y: Concurrent Relocate 5.631ms
[5.394s][info][gc,phases] GC(148) y: Young Generation 1540M(75%)->1096M(54%) 0.021s
[5.394s][info][gc       ] GC(148) Minor Collection (Allocation Rate) 1540M(75%)->1096M(54%) 0.021s
[5.440s][info][gc       ] GC(149) Minor Collection (Allocation Rate)
[5.440s][info][gc,phases] GC(149) y: Young Generation
[5.440s][info][gc,phases] GC(149) y: Pause Mark Start 0.008ms
[5.452s][info][gc,phases] GC(149) y: Concurrent Mark 11.503ms
[5.452s][info][gc,phases] GC(149) y: Pause Mark End 0.016ms
[5.452s][info][gc,phases] GC(149) y: Concurrent Mark Free 0.001ms
[5.452s][info][gc,phases] GC(149) y: Concurrent Reset Relocation Set 0.014ms
[5.453s][info][gc,phases] GC(149) y: Concurrent Select Relocation Set 0.763ms
[5.453s][info][gc,phases] GC(149) y: Pause Relocate Start 0.004ms
[5.459s][info][gc,phases] GC(149) y: Concurrent Relocate 5.424ms
[5.459s][info][gc,phases] GC(149) y: Young Generation 1536M(75%)->1182M(58%) 0.019s
[5.459s][info][gc       ] GC(149) Minor Collection (Allocation Rate) 1534M(75%)->1184M(58%) 0.019s
[5.496s][info][gc       ] GC(150) Minor Collection (Allocation Rate)
[5.496s][info][gc,phases] GC(150) y: Young Generation
[5.497s][info][gc,phases] GC(150) y: Pause Mark Start 0.008ms
[5.508s][info][gc,phases] GC(150) y: Concurrent Mark 11.623ms
[5.509s][info][gc,phases] GC(150) y: Pause Mark End 0.010ms
[5.509s][info][gc,phases] GC(150) y: Concurrent Mark Free 0.001ms
[5.509s][info][gc,phases] GC(150) y: Concurrent Reset Relocation Set 0.012ms
[5.509s][info][gc,phases] GC(150) y: Concurrent Select Relocation Set 0.386ms
[5.510s][info][gc,phases] GC(150) y: Pause Relocate Start 0.004ms
[5.515s][info][gc,phases] GC(150) y: Concurrent Relocate 5.068ms
[5.515s][info][gc,phases] GC(150) y: Young Generation 1546M(75%)->1100M(54%) 0.019s
[5.515s][info][gc       ] GC(150) Minor Collection (Allocation Rate) 1544M(75%)->1104M(54%) 0.019s
[5.560s][info][gc       ] GC(151) Minor Collection (Allocation Rate)
[5.560s][info][gc,phases] GC(151) y: Young Generation
[5.561s][info][gc,phases] GC(151) y: Pause Mark Start 0.007ms
[5.573s][info][gc,phases] GC(151) y: Concurrent Mark 12.042ms
[5.573s][info][gc,phases] GC(151) y: Pause Mark End 0.010ms
[5.573s][info][gc,phases] GC(151) y: Concurrent Mark Free 0.001ms
[5.573s][info][gc,phases] GC(151) y: Concurrent Reset Relocation Set 0.010ms
[5.574s][info][gc,phases] GC(151) y: Concurrent Select Relocation Set 0.403ms
[5.574s][info][gc,phases] GC(151) y: Pause Relocate Start 0.004ms
[5.579s][info][gc,phases] GC(151) y: Concurrent Relocate 4.959ms
[5.579s][info][gc,phases] GC(151) y: Young Generation 1542M(75%)->1112M(54%) 0.019s
[5.579s][info][gc       ] GC(151) Minor Collection (Allocation Rate) 1542M(75%)->1114M(54%) 0.019s
[5.628s][info][gc       ] GC(152) Minor Collection (Allocation Rate)
[5.628s][info][gc,phases] GC(152) y: Young Generation
[5.628s][info][gc,phases] GC(152) y: Pause Mark Start 0.007ms
[5.642s][info][gc,phases] GC(152) y: Concurrent Mark 13.094ms
[5.642s][info][gc,phases] GC(152) y: Pause Mark End 0.009ms
[5.642s][info][gc,phases] GC(152) y: Concurrent Mark Free 0.001ms
[5.642s][info][gc,phases] GC(152) y: Concurrent Reset Relocation Set 0.010ms
[5.643s][info][gc,phases] GC(152) y: Concurrent Select Relocation Set 0.761ms
[5.643s][info][gc,phases] GC(152) y: Pause Relocate Start 0.004ms
[5.649s][info][gc,phases] GC(152) y: Concurrent Relocate 5.685ms
[5.649s][info][gc,phases] GC(152) y: Young Generation 1586M(77%)->1142M(56%) 0.021s
[5.649s][info][gc       ] GC(152) Minor Collection (Allocation Rate) 1586M(77%)->1146M(56%) 0.021s
[5.687s][info][gc       ] GC(153) Minor Collection (Allocation Rate)
[5.687s][info][gc,phases] GC(153) y: Young Generation
[5.687s][info][gc,phases] GC(153) y: Pause Mark Start 0.008ms
[5.699s][info][gc,phases] GC(153) y: Concurrent Mark 12.051ms
[5.700s][info][gc,phases] GC(153) y: Pause Mark End 0.012ms
[5.700s][info][gc,phases] GC(153) y: Concurrent Mark Free 0.001ms
[5.700s][info][gc,phases] GC(153) y: Concurrent Reset Relocation Set 0.012ms
[5.700s][info][gc,phases] GC(153) y: Concurrent Select Relocation Set 0.389ms
[5.701s][info][gc,phases] GC(153) y: Pause Relocate Start 0.005ms
[5.705s][info][gc,phases] GC(153) y: Concurrent Relocate 4.550ms
[5.706s][info][gc,phases] GC(153) y: Young Generation 1512M(74%)->1128M(55%) 0.018s
[5.706s][info][gc       ] GC(153) Minor Collection (Allocation Rate) 1510M(74%)->1132M(55%) 0.019s
[5.748s][info][gc       ] GC(154) Major Collection (Allocation Rate)
[5.748s][info][gc,phases] GC(154) Y: Young Generation
[5.748s][info][gc,phases] GC(154) Y: Pause Mark Start (Major) 0.008ms
[5.758s][info][gc,phases] GC(154) Y: Concurrent Mark 9.041ms
[5.758s][info][gc,phases] GC(154) Y: Pause Mark End 0.010ms
[5.758s][info][gc,phases] GC(154) Y: Concurrent Mark Free 0.001ms
[5.758s][info][gc,phases] GC(154) Y: Concurrent Reset Relocation Set 0.009ms
[5.759s][info][gc,phases] GC(154) Y: Concurrent Select Relocation Set 0.584ms
[5.759s][info][gc,phases] GC(154) Y: Pause Relocate Start 0.004ms
[5.764s][info][gc,phases] GC(154) Y: Concurrent Relocate 5.062ms
[5.764s][info][gc,phases] GC(154) Y: Young Generation 1542M(75%)->1122M(55%) 0.016s
[5.764s][info][gc,phases] GC(154) O: Old Generation
[5.812s][info][gc       ] GC(155) Minor Collection (Allocation Rate)
[5.812s][info][gc,phases] GC(155) y: Young Generation
[5.813s][info][gc,phases] GC(155) y: Pause Mark Start 0.007ms
[5.822s][info][gc,phases] GC(155) y: Concurrent Mark 9.027ms
[5.822s][info][gc,phases] GC(155) y: Pause Mark End 0.010ms
[5.822s][info][gc,phases] GC(155) y: Concurrent Mark Free 0.001ms
[5.822s][info][gc,phases] GC(155) y: Concurrent Reset Relocation Set 0.012ms
[5.823s][info][gc,phases] GC(155) y: Concurrent Select Relocation Set 0.362ms
[5.823s][info][gc,phases] GC(155) y: Pause Relocate Start 0.004ms
[5.828s][info][gc,phases] GC(155) y: Concurrent Relocate 5.102ms
[5.828s][info][gc,phases] GC(155) y: Young Generation 1584M(77%)->1128M(55%) 0.016s
[5.828s][info][gc       ] GC(155) Minor Collection (Allocation Rate) 1584M(77%)->1130M(55%) 0.016s
[5.835s][info][gc,phases] GC(154) O: Concurrent Mark 70.687ms
[5.835s][info][gc,phases] GC(154) O: Pause Mark End 0.010ms
[5.835s][info][gc,phases] GC(154) O: Concurrent Mark Free 0.001ms
[5.840s][info][gc,phases] GC(154) O: Concurrent Process Non-Strong 4.284ms
[5.840s][info][gc,phases] GC(154) O: Concurrent Reset Relocation Set 0.002ms
[5.840s][info][gc,phases] GC(154) O: Concurrent Select Relocation Set 0.182ms
[5.846s][info][gc,phases] GC(154) O: Concurrent Remap Roots 5.446ms
[5.846s][info][gc,phases] GC(154) O: Pause Relocate Start 0.009ms
[5.847s][info][gc,phases] GC(154) O: Concurrent Relocate 1.341ms
[5.848s][info][gc,phases] GC(154) O: Old Generation 1126M(55%)->1130M(55%) 0.083s
[5.848s][info][gc       ] GC(154) Major Collection (Allocation Rate) 1542M(75%)->1130M(55%) 0.100s
[5.899s][info][gc       ] GC(156) Minor Collection (Allocation Rate)
[5.899s][info][gc,phases] GC(156) y: Young Generation
[5.899s][info][gc,phases] GC(156) y: Pause Mark Start 0.010ms
[5.913s][info][gc,phases] GC(156) y: Concurrent Mark 13.648ms
[5.913s][info][gc,phases] GC(156) y: Pause Mark End 0.010ms
[5.913s][info][gc,phases] GC(156) y: Concurrent Mark Free 0.001ms
[5.913s][info][gc,phases] GC(156) y: Concurrent Reset Relocation Set 0.011ms
[5.914s][info][gc,phases] GC(156) y: Concurrent Select Relocation Set 0.601ms
[5.914s][info][gc,phases] GC(156) y: Pause Relocate Start 0.005ms
[5.921s][info][gc,phases] GC(156) y: Concurrent Relocate 7.018ms
[5.922s][info][gc,phases] GC(156) y: Young Generation 1630M(80%)->1034M(50%) 0.023s
[5.922s][info][gc       ] GC(156) Minor Collection (Allocation Rate) 1628M(79%)->1036M(51%) 0.023s
[5.955s][info][gc       ] GC(157) Minor Collection (Allocation Rate)
[5.955s][info][gc,phases] GC(157) y: Young Generation
[5.955s][info][gc,phases] GC(157) y: Pause Mark Start 0.008ms
[5.967s][info][gc,phases] GC(157) y: Concurrent Mark 12.070ms
[5.968s][info][gc,phases] GC(157) y: Pause Mark End 0.010ms
[5.968s][info][gc,phases] GC(157) y: Concurrent Mark Free 0.002ms
[5.968s][info][gc,phases] GC(157) y: Concurrent Reset Relocation Set 0.016ms
[5.968s][info][gc,phases] GC(157) y: Concurrent Select Relocation Set 0.238ms
[5.968s][info][gc,phases] GC(157) y: Pause Relocate Start 0.004ms
[5.973s][info][gc,phases] GC(157) y: Concurrent Relocate 4.532ms
[5.973s][info][gc,phases] GC(157) y: Young Generation 1390M(68%)->1000M(49%) 0.018s
[5.973s][info][gc       ] GC(157) Minor Collection (Allocation Rate) 1390M(68%)->1002M(49%) 0.018s
[6.022s][info][gc       ] GC(158) Minor Collection (Allocation Rate)
[6.023s][info][gc,phases] GC(158) y: Young Generation
[6.023s][info][gc,phases] GC(158) y: Pause Mark Start 0.008ms
[6.036s][info][gc,phases] GC(158) y: Concurrent Mark 12.733ms
[6.036s][info][gc,phases] GC(158) y: Pause Mark End 0.010ms
[6.036s][info][gc,phases] GC(158) y: Concurrent Mark Free 0.001ms
[6.036s][info][gc,phases] GC(158) y: Concurrent Reset Relocation Set 0.009ms
[6.037s][info][gc,phases] GC(158) y: Concurrent Select Relocation Set 0.577ms
[6.037s][info][gc,phases] GC(158) y: Pause Relocate Start 0.005ms
[6.043s][info][gc,phases] GC(158) y: Concurrent Relocate 5.734ms
[6.043s][info][gc,phases] GC(158) y: Young Generation 1480M(72%)->1034M(50%) 0.020s
[6.043s][info][gc       ] GC(158) Minor Collection (Allocation Rate) 1478M(72%)->1036M(51%) 0.021s
[6.092s][info][gc       ] GC(159) Minor Collection (Allocation Rate)
[6.092s][info][gc,phases] GC(159) y: Young Generation
[6.092s][info][gc,phases] GC(159) y: Pause Mark Start 0.007ms
[6.105s][info][gc,phases] GC(159) y: Concurrent Mark 12.475ms
[6.105s][info][gc,phases] GC(159) y: Pause Mark End 0.010ms
[6.105s][info][gc,phases] GC(159) y: Concurrent Mark Free 0.001ms
[6.105s][info][gc,phases] GC(159) y: Concurrent Reset Relocation Set 0.014ms
[6.106s][info][gc,phases] GC(159) y: Concurrent Select Relocation Set 0.446ms
[6.106s][info][gc,phases] GC(159) y: Pause Relocate Start 0.005ms
[6.112s][info][gc,phases] GC(159) y: Concurrent Relocate 6.021ms
[6.112s][info][gc,phases] GC(159) y: Young Generation 1522M(74%)->1092M(53%) 0.020s
[6.112s][info][gc       ] GC(159) Minor Collection (Allocation Rate) 1520M(74%)->1096M(54%) 0.020s
[6.133s][info][gc       ] GC(160) Minor Collection (Allocation Rate)
[6.134s][info][gc,phases] GC(160) y: Young Generation
[6.134s][info][gc,phases] GC(160) y: Pause Mark Start 0.013ms
[6.146s][info][gc,phases] GC(160) y: Concurrent Mark 12.241ms
[6.146s][info][gc,phases] GC(160) y: Pause Mark End 0.011ms
[6.147s][info][gc,phases] GC(160) y: Concurrent Mark Free 0.001ms
[6.147s][info][gc,phases] GC(160) y: Concurrent Reset Relocation Set 0.014ms
[6.147s][info][gc,phases] GC(160) y: Concurrent Select Relocation Set 0.194ms
[6.147s][info][gc,phases] GC(160) y: Pause Relocate Start 0.007ms
[6.152s][info][gc,phases] GC(160) y: Concurrent Relocate 5.121ms
[6.153s][info][gc,phases] GC(160) y: Young Generation 1474M(72%)->1040M(51%) 0.019s
[6.153s][info][gc       ] GC(160) Minor Collection (Allocation Rate) 1474M(72%)->1044M(51%) 0.019s
[6.191s][info][gc       ] GC(161) Minor Collection (Allocation Rate)
[6.191s][info][gc,phases] GC(161) y: Young Generation
[6.192s][info][gc,phases] GC(161) y: Pause Mark Start 0.008ms
[6.204s][info][gc,phases] GC(161) y: Concurrent Mark 12.248ms
[6.204s][info][gc,phases] GC(161) y: Pause Mark End 0.010ms
[6.205s][info][gc,phases] GC(161) y: Concurrent Mark Free 0.002ms
[6.205s][info][gc,phases] GC(161) y: Concurrent Reset Relocation Set 0.009ms
[6.205s][info][gc,phases] GC(161) y: Concurrent Select Relocation Set 0.567ms
[6.206s][info][gc,phases] GC(161) y: Pause Relocate Start 0.005ms
[6.210s][info][gc,phases] GC(161) y: Concurrent Relocate 4.801ms
[6.211s][info][gc,phases] GC(161) y: Young Generation 1420M(69%)->1052M(51%) 0.019s
[6.211s][info][gc       ] GC(161) Minor Collection (Allocation Rate) 1418M(69%)->1056M(52%) 0.019s
[6.256s][info][gc       ] GC(162) Minor Collection (Allocation Rate)
[6.256s][info][gc,phases] GC(162) y: Young Generation
[6.256s][info][gc,phases] GC(162) y: Pause Mark Start 0.007ms
[6.268s][info][gc,phases] GC(162) y: Concurrent Mark 11.906ms
[6.268s][info][gc,phases] GC(162) y: Pause Mark End 0.010ms
[6.268s][info][gc,phases] GC(162) y: Concurrent Mark Free 0.001ms
[6.269s][info][gc,phases] GC(162) y: Concurrent Reset Relocation Set 0.011ms
[6.269s][info][gc,phases] GC(162) y: Concurrent Select Relocation Set 0.400ms
[6.269s][info][gc,phases] GC(162) y: Pause Relocate Start 0.005ms
[6.274s][info][gc,phases] GC(162) y: Concurrent Relocate 5.120ms
[6.275s][info][gc,phases] GC(162) y: Young Generation 1490M(73%)->1060M(52%) 0.019s
[6.275s][info][gc       ] GC(162) Minor Collection (Allocation Rate) 1490M(73%)->1064M(52%) 0.019s
[6.322s][info][gc       ] GC(163) Minor Collection (Allocation Rate)
[6.322s][info][gc,phases] GC(163) y: Young Generation
[6.322s][info][gc,phases] GC(163) y: Pause Mark Start 0.008ms
[6.334s][info][gc,phases] GC(163) y: Concurrent Mark 11.869ms
[6.334s][info][gc,phases] GC(163) y: Pause Mark End 0.010ms
[6.334s][info][gc,phases] GC(163) y: Concurrent Mark Free 0.001ms
[6.334s][info][gc,phases] GC(163) y: Concurrent Reset Relocation Set 0.011ms
[6.335s][info][gc,phases] GC(163) y: Concurrent Select Relocation Set 0.173ms
[6.335s][info][gc,phases] GC(163) y: Pause Relocate Start 0.004ms
[6.340s][info][gc,phases] GC(163) y: Concurrent Relocate 5.001ms
[6.340s][info][gc,phases] GC(163) y: Young Generation 1518M(74%)->1110M(54%) 0.018s
[6.340s][info][gc       ] GC(163) Minor Collection (Allocation Rate) 1518M(74%)->1114M(54%) 0.019s
[6.381s][info][gc       ] GC(164) Minor Collection (Allocation Rate)
[6.381s][info][gc,phases] GC(164) y: Young Generation
[6.381s][info][gc,phases] GC(164) y: Pause Mark Start 0.008ms
[6.394s][info][gc,phases] GC(164) y: Concurrent Mark 12.594ms
[6.394s][info][gc,phases] GC(164) y: Pause Mark End 0.010ms
[6.394s][info][gc,phases] GC(164) y: Concurrent Mark Free 0.002ms
[6.394s][info][gc,phases] GC(164) y: Concurrent Reset Relocation Set 0.010ms
[6.395s][info][gc,phases] GC(164) y: Concurrent Select Relocation Set 0.626ms
[6.395s][info][gc,phases] GC(164) y: Pause Relocate Start 0.006ms
[6.401s][info][gc,phases] GC(164) y: Concurrent Relocate 5.690ms
[6.401s][info][gc,phases] GC(164) y: Young Generation 1546M(75%)->1146M(56%) 0.020s
[6.401s][info][gc       ] GC(164) Minor Collection (Allocation Rate) 1546M(75%)->1150M(56%) 0.021s
[6.422s][info][gc       ] GC(165) Minor Collection (Allocation Rate)
[6.422s][info][gc,phases] GC(165) y: Young Generation
[6.422s][info][gc,phases] GC(165) y: Pause Mark Start 0.008ms
[6.434s][info][gc,phases] GC(165) y: Concurrent Mark 11.711ms
[6.434s][info][gc,phases] GC(165) y: Pause Mark End 0.011ms
[6.434s][info][gc,phases] GC(165) y: Concurrent Mark Free 0.001ms
[6.434s][info][gc,phases] GC(165) y: Concurrent Reset Relocation Set 0.013ms
[6.435s][info][gc,phases] GC(165) y: Concurrent Select Relocation Set 0.175ms
[6.435s][info][gc,phases] GC(165) y: Pause Relocate Start 0.003ms
[6.439s][info][gc,phases] GC(165) y: Concurrent Relocate 4.294ms
[6.439s][info][gc,phases] GC(165) y: Young Generation 1460M(71%)->1082M(53%) 0.018s
[6.439s][info][gc       ] GC(165) Minor Collection (Allocation Rate) 1460M(71%)->1086M(53%) 0.018s
[6.473s][info][gc       ] GC(166) Minor Collection (Allocation Rate)
[6.473s][info][gc,phases] GC(166) y: Young Generation
[6.473s][info][gc,phases] GC(166) y: Pause Mark Start 0.008ms
[6.485s][info][gc,phases] GC(166) y: Concurrent Mark 11.880ms
[6.485s][info][gc,phases] GC(166) y: Pause Mark End 0.010ms
[6.486s][info][gc,phases] GC(166) y: Concurrent Mark Free 0.001ms
[6.486s][info][gc,phases] GC(166) y: Concurrent Reset Relocation Set 0.009ms
[6.486s][info][gc,phases] GC(166) y: Concurrent Select Relocation Set 0.557ms
[6.486s][info][gc,phases] GC(166) y: Pause Relocate Start 0.009ms
[6.491s][info][gc,phases] GC(166) y: Concurrent Relocate 4.320ms
[6.491s][info][gc,phases] GC(166) y: Young Generation 1408M(69%)->1096M(54%) 0.018s
[6.491s][info][gc       ] GC(166) Minor Collection (Allocation Rate) 1408M(69%)->1100M(54%) 0.018s
[6.534s][info][gc       ] GC(167) Minor Collection (Allocation Rate)
[6.534s][info][gc,phases] GC(167) y: Young Generation
[6.534s][info][gc,phases] GC(167) y: Pause Mark Start 0.008ms
[6.546s][info][gc,phases] GC(167) y: Concurrent Mark 11.509ms
[6.546s][info][gc,phases] GC(167) y: Pause Mark End 0.011ms
[6.546s][info][gc,phases] GC(167) y: Concurrent Mark Free 0.001ms
[6.546s][info][gc,phases] GC(167) y: Concurrent Reset Relocation Set 0.010ms
[6.546s][info][gc,phases] GC(167) y: Concurrent Select Relocation Set 0.374ms
[6.547s][info][gc,phases] GC(167) y: Pause Relocate Start 0.007ms
[6.552s][info][gc,phases] GC(167) y: Concurrent Relocate 4.848ms
[6.552s][info][gc,phases] GC(167) y: Young Generation 1510M(74%)->1106M(54%) 0.018s
[6.552s][info][gc       ] GC(167) Minor Collection (Allocation Rate) 1510M(74%)->1108M(54%) 0.018s
[6.596s][info][gc       ] GC(168) Minor Collection (Allocation Rate)
[6.596s][info][gc,phases] GC(168) y: Young Generation
[6.596s][info][gc,phases] GC(168) y: Pause Mark Start 0.008ms
[6.608s][info][gc,phases] GC(168) y: Concurrent Mark 11.600ms
[6.608s][info][gc,phases] GC(168) y: Pause Mark End 0.011ms
[6.608s][info][gc,phases] GC(168) y: Concurrent Mark Free 0.001ms
[6.608s][info][gc,phases] GC(168) y: Concurrent Reset Relocation Set 0.010ms
[6.608s][info][gc,phases] GC(168) y: Concurrent Select Relocation Set 0.184ms
[6.609s][info][gc,phases] GC(168) y: Pause Relocate Start 0.004ms
[6.613s][info][gc,phases] GC(168) y: Concurrent Relocate 4.638ms
[6.614s][info][gc,phases] GC(168) y: Young Generation 1532M(75%)->1112M(54%) 0.018s
[6.614s][info][gc       ] GC(168) Minor Collection (Allocation Rate) 1532M(75%)->1116M(54%) 0.018s
[6.662s][info][gc       ] GC(169) Minor Collection (Allocation Rate)
[6.662s][info][gc,phases] GC(169) y: Young Generation
[6.662s][info][gc,phases] GC(169) y: Pause Mark Start 0.008ms
[6.675s][info][gc,phases] GC(169) y: Concurrent Mark 12.422ms
[6.675s][info][gc,phases] GC(169) y: Pause Mark End 0.010ms
[6.675s][info][gc,phases] GC(169) y: Concurrent Mark Free 0.002ms
[6.675s][info][gc,phases] GC(169) y: Concurrent Reset Relocation Set 0.008ms
[6.676s][info][gc,phases] GC(169) y: Concurrent Select Relocation Set 0.576ms
[6.676s][info][gc,phases] GC(169) y: Pause Relocate Start 0.005ms
[6.682s][info][gc,phases] GC(169) y: Concurrent Relocate 5.416ms
[6.682s][info][gc,phases] GC(169) y: Young Generation 1582M(77%)->1144M(56%) 0.020s
[6.682s][info][gc       ] GC(169) Minor Collection (Allocation Rate) 1582M(77%)->1148M(56%) 0.020s
[6.717s][info][gc       ] GC(170) Major Collection (Allocation Rate)
[6.718s][info][gc,phases] GC(170) Y: Young Generation
[6.718s][info][gc,phases] GC(170) Y: Pause Mark Start (Major) 0.010ms
[6.727s][info][gc,phases] GC(170) Y: Concurrent Mark 8.637ms
[6.727s][info][gc,phases] GC(170) Y: Pause Mark End 0.011ms
[6.727s][info][gc,phases] GC(170) Y: Concurrent Mark Free 0.000ms
[6.727s][info][gc,phases] GC(170) Y: Concurrent Reset Relocation Set 0.014ms
[6.728s][info][gc,phases] GC(170) Y: Concurrent Select Relocation Set 0.611ms
[6.729s][info][gc,phases] GC(170) Y: Pause Relocate Start 0.008ms
[6.734s][info][gc,phases] GC(170) Y: Concurrent Relocate 4.942ms
[6.735s][info][gc,phases] GC(170) Y: Young Generation 1560M(76%)->1136M(55%) 0.017s
[6.735s][info][gc,phases] GC(170) O: Old Generation
[6.770s][info][gc       ] GC(171) Minor Collection (Allocation Rate)
[6.770s][info][gc,phases] GC(171) y: Young Generation
[6.770s][info][gc,phases] GC(171) y: Pause Mark Start 0.007ms
[6.779s][info][gc,phases] GC(171) y: Concurrent Mark 8.615ms
[6.779s][info][gc,phases] GC(171) y: Pause Mark End 0.014ms
[6.779s][info][gc,phases] GC(171) y: Concurrent Mark Free 0.000ms
[6.779s][info][gc,phases] GC(171) y: Concurrent Reset Relocation Set 0.009ms
[6.780s][info][gc,phases] GC(171) y: Concurrent Select Relocation Set 0.332ms
[6.780s][info][gc,phases] GC(171) y: Pause Relocate Start 0.004ms
[6.784s][info][gc,phases] GC(171) y: Concurrent Relocate 4.194ms
[6.784s][info][gc,phases] GC(171) y: Young Generation 1472M(72%)->1116M(54%) 0.015s
[6.784s][info][gc       ] GC(171) Minor Collection (Allocation Rate) 1472M(72%)->1116M(54%) 0.015s
[6.805s][info][gc,phases] GC(170) O: Concurrent Mark 70.360ms
[6.805s][info][gc,phases] GC(170) O: Pause Mark End 0.012ms
[6.805s][info][gc,phases] GC(170) O: Concurrent Mark Free 0.001ms
[6.810s][info][gc,phases] GC(170) O: Concurrent Process Non-Strong 4.314ms
[6.810s][info][gc,phases] GC(170) O: Concurrent Reset Relocation Set 0.002ms
[6.810s][info][gc,phases] GC(170) O: Concurrent Select Relocation Set 0.193ms
[6.816s][info][gc,phases] GC(170) O: Concurrent Remap Roots 5.390ms
[6.816s][info][gc,phases] GC(170) O: Pause Relocate Start 0.012ms
[6.818s][info][gc,phases] GC(170) O: Concurrent Relocate 1.437ms
[6.818s][info][gc,phases] GC(170) O: Old Generation 1140M(56%)->1244M(61%) 0.083s
[6.818s][info][gc       ] GC(170) Major Collection (Allocation Rate) 1558M(76%)->1248M(61%) 0.100s
[6.850s][info][gc       ] GC(172) Minor Collection (Allocation Rate)
[6.850s][info][gc,phases] GC(172) y: Young Generation
[6.851s][info][gc,phases] GC(172) y: Pause Mark Start 0.008ms
[6.864s][info][gc,phases] GC(172) y: Concurrent Mark 13.348ms
[6.864s][info][gc,phases] GC(172) y: Pause Mark End 0.010ms
[6.865s][info][gc,phases] GC(172) y: Concurrent Mark Free 0.002ms
[6.865s][info][gc,phases] GC(172) y: Concurrent Reset Relocation Set 0.010ms
[6.865s][info][gc,phases] GC(172) y: Concurrent Select Relocation Set 0.586ms
[6.865s][info][gc,phases] GC(172) y: Pause Relocate Start 0.007ms
[6.872s][info][gc,phases] GC(172) y: Concurrent Relocate 6.523ms
[6.872s][info][gc,phases] GC(172) y: Young Generation 1564M(76%)->1036M(51%) 0.022s
[6.872s][info][gc       ] GC(172) Minor Collection (Allocation Rate) 1562M(76%)->1040M(51%) 0.022s
[6.902s][info][gc       ] GC(173) Minor Collection (Allocation Rate)
[6.902s][info][gc,phases] GC(173) y: Young Generation
[6.902s][info][gc,phases] GC(173) y: Pause Mark Start 0.008ms
[6.914s][info][gc,phases] GC(173) y: Concurrent Mark 11.657ms
[6.915s][info][gc,phases] GC(173) y: Pause Mark End 0.010ms
[6.915s][info][gc,phases] GC(173) y: Concurrent Mark Free 0.001ms
[6.915s][info][gc,phases] GC(173) y: Concurrent Reset Relocation Set 0.013ms
[6.915s][info][gc,phases] GC(173) y: Concurrent Select Relocation Set 0.169ms
[6.915s][info][gc,phases] GC(173) y: Pause Relocate Start 0.004ms
[6.920s][info][gc,phases] GC(173) y: Concurrent Relocate 4.315ms
[6.920s][info][gc,phases] GC(173) y: Young Generation 1356M(66%)->994M(49%) 0.018s
[6.920s][info][gc       ] GC(173) Minor Collection (Allocation Rate) 1354M(66%)->998M(49%) 0.018s
[6.971s][info][gc       ] GC(174) Minor Collection (Allocation Rate)
[6.971s][info][gc,phases] GC(174) y: Young Generation
[6.972s][info][gc,phases] GC(174) y: Pause Mark Start 0.008ms
[6.985s][info][gc,phases] GC(174) y: Concurrent Mark 12.779ms
[6.985s][info][gc,phases] GC(174) y: Pause Mark End 0.014ms
[6.985s][info][gc,phases] GC(174) y: Concurrent Mark Free 0.001ms
[6.985s][info][gc,phases] GC(174) y: Concurrent Reset Relocation Set 0.007ms
[6.986s][info][gc,phases] GC(174) y: Concurrent Select Relocation Set 0.609ms
[6.986s][info][gc,phases] GC(174) y: Pause Relocate Start 0.005ms
[6.992s][info][gc,phases] GC(174) y: Concurrent Relocate 5.832ms
[6.992s][info][gc,phases] GC(174) y: Young Generation 1494M(73%)->1036M(51%) 0.021s
[6.992s][info][gc       ] GC(174) Minor Collection (Allocation Rate) 1494M(73%)->1038M(51%) 0.021s
[7.039s][info][gc       ] GC(175) Minor Collection (Allocation Rate)
[7.039s][info][gc,phases] GC(175) y: Young Generation
[7.039s][info][gc,phases] GC(175) y: Pause Mark Start 0.007ms
[7.051s][info][gc,phases] GC(175) y: Concurrent Mark 12.195ms
[7.052s][info][gc,phases] GC(175) y: Pause Mark End 0.010ms
[7.052s][info][gc,phases] GC(175) y: Concurrent Mark Free 0.001ms
[7.052s][info][gc,phases] GC(175) y: Concurrent Reset Relocation Set 0.013ms
[7.052s][info][gc,phases] GC(175) y: Concurrent Select Relocation Set 0.430ms
[7.053s][info][gc,phases] GC(175) y: Pause Relocate Start 0.004ms
[7.059s][info][gc,phases] GC(175) y: Concurrent Relocate 5.776ms
[7.059s][info][gc,phases] GC(175) y: Young Generation 1490M(73%)->1088M(53%) 0.020s
[7.059s][info][gc       ] GC(175) Minor Collection (Allocation Rate) 1490M(73%)->1092M(53%) 0.020s
[7.101s][info][gc       ] GC(176) Minor Collection (Allocation Rate)
[7.101s][info][gc,phases] GC(176) y: Young Generation
[7.101s][info][gc,phases] GC(176) y: Pause Mark Start 0.008ms
[7.113s][info][gc,phases] GC(176) y: Concurrent Mark 11.604ms
[7.113s][info][gc,phases] GC(176) y: Pause Mark End 0.009ms
[7.113s][info][gc,phases] GC(176) y: Concurrent Mark Free 0.001ms
[7.114s][info][gc,phases] GC(176) y: Concurrent Reset Relocation Set 0.011ms
[7.114s][info][gc,phases] GC(176) y: Concurrent Select Relocation Set 0.348ms
[7.114s][info][gc,phases] GC(176) y: Pause Relocate Start 0.004ms
[7.120s][info][gc,phases] GC(176) y: Concurrent Relocate 5.527ms
[7.120s][info][gc,phases] GC(176) y: Young Generation 1534M(75%)->1120M(55%) 0.019s
[7.120s][info][gc       ] GC(176) Minor Collection (Allocation Rate) 1532M(75%)->1120M(55%) 0.019s
[7.157s][info][gc       ] GC(177) Minor Collection (Allocation Rate)
[7.157s][info][gc,phases] GC(177) y: Young Generation
[7.157s][info][gc,phases] GC(177) y: Pause Mark Start 0.008ms
[7.169s][info][gc,phases] GC(177) y: Concurrent Mark 11.977ms
[7.170s][info][gc,phases] GC(177) y: Pause Mark End 0.018ms
[7.170s][info][gc,phases] GC(177) y: Concurrent Mark Free 0.002ms
[7.170s][info][gc,phases] GC(177) y: Concurrent Reset Relocation Set 0.014ms
[7.170s][info][gc,phases] GC(177) y: Concurrent Select Relocation Set 0.433ms
[7.171s][info][gc,phases] GC(177) y: Pause Relocate Start 0.006ms
[7.176s][info][gc,phases] GC(177) y: Concurrent Relocate 5.495ms
[7.176s][info][gc,phases] GC(177) y: Young Generation 1502M(73%)->1100M(54%) 0.019s
[7.176s][info][gc       ] GC(177) Minor Collection (Allocation Rate) 1498M(73%)->1104M(54%) 0.020s
[7.218s][info][gc       ] GC(178) Minor Collection (Allocation Rate)
[7.219s][info][gc,phases] GC(178) y: Young Generation
[7.219s][info][gc,phases] GC(178) y: Pause Mark Start 0.009ms
[7.231s][info][gc,phases] GC(178) y: Concurrent Mark 12.405ms
[7.232s][info][gc,phases] GC(178) y: Pause Mark End 0.010ms
[7.232s][info][gc,phases] GC(178) y: Concurrent Mark Free 0.002ms
[7.232s][info][gc,phases] GC(178) y: Concurrent Reset Relocation Set 0.011ms
[7.232s][info][gc,phases] GC(178) y: Concurrent Select Relocation Set 0.189ms
[7.232s][info][gc,phases] GC(178) y: Pause Relocate Start 0.004ms
[7.238s][info][gc,phases] GC(178) y: Concurrent Relocate 5.025ms
[7.238s][info][gc,phases] GC(178) y: Young Generation 1512M(74%)->1068M(52%) 0.019s
[7.238s][info][gc       ] GC(178) Minor Collection (Allocation Rate) 1508M(74%)->1070M(52%) 0.019s
[7.286s][info][gc       ] GC(179) Minor Collection (Allocation Rate)
[7.286s][info][gc,phases] GC(179) y: Young Generation
[7.286s][info][gc,phases] GC(179) y: Pause Mark Start 0.007ms
[7.299s][info][gc,phases] GC(179) y: Concurrent Mark 12.943ms
[7.300s][info][gc,phases] GC(179) y: Pause Mark End 0.010ms
[7.300s][info][gc,phases] GC(179) y: Concurrent Mark Free 0.001ms
[7.300s][info][gc,phases] GC(179) y: Concurrent Reset Relocation Set 0.011ms
[7.301s][info][gc,phases] GC(179) y: Concurrent Select Relocation Set 0.621ms
[7.301s][info][gc,phases] GC(179) y: Pause Relocate Start 0.006ms
[7.307s][info][gc,phases] GC(179) y: Concurrent Relocate 5.567ms
[7.307s][info][gc,phases] GC(179) y: Young Generation 1536M(75%)->1094M(53%) 0.021s
[7.307s][info][gc       ] GC(179) Minor Collection (Allocation Rate) 1536M(75%)->1096M(54%) 0.021s
[7.347s][info][gc       ] GC(180) Minor Collection (Allocation Rate)
[7.347s][info][gc,phases] GC(180) y: Young Generation
[7.347s][info][gc,phases] GC(180) y: Pause Mark Start 0.012ms
[7.359s][info][gc,phases] GC(180) y: Concurrent Mark 11.524ms
[7.359s][info][gc,phases] GC(180) y: Pause Mark End 0.011ms
[7.359s][info][gc,phases] GC(180) y: Concurrent Mark Free 0.001ms
[7.359s][info][gc,phases] GC(180) y: Concurrent Reset Relocation Set 0.013ms
[7.360s][info][gc,phases] GC(180) y: Concurrent Select Relocation Set 0.537ms
[7.360s][info][gc,phases] GC(180) y: Pause Relocate Start 0.008ms
[7.365s][info][gc,phases] GC(180) y: Concurrent Relocate 5.015ms
[7.365s][info][gc,phases] GC(180) y: Young Generation 1486M(73%)->1156M(56%) 0.018s
[7.365s][info][gc       ] GC(180) Minor Collection (Allocation Rate) 1484M(72%)->1160M(57%) 0.019s
[7.405s][info][gc       ] GC(181) Minor Collection (Allocation Rate)
[7.405s][info][gc,phases] GC(181) y: Young Generation
[7.405s][info][gc,phases] GC(181) y: Pause Mark Start 0.007ms
[7.417s][info][gc,phases] GC(181) y: Concurrent Mark 11.419ms
[7.417s][info][gc,phases] GC(181) y: Pause Mark End 0.032ms
[7.417s][info][gc,phases] GC(181) y: Concurrent Mark Free 0.002ms
[7.417s][info][gc,phases] GC(181) y: Concurrent Reset Relocation Set 0.012ms
[7.418s][info][gc,phases] GC(181) y: Concurrent Select Relocation Set 0.201ms
[7.418s][info][gc,phases] GC(181) y: Pause Relocate Start 0.004ms
[7.423s][info][gc,phases] GC(181) y: Concurrent Relocate 4.973ms
[7.423s][info][gc,phases] GC(181) y: Young Generation 1542M(75%)->1088M(53%) 0.018s
[7.423s][info][gc       ] GC(181) Minor Collection (Allocation Rate) 1540M(75%)->1092M(53%) 0.018s
[7.472s][info][gc       ] GC(182) Minor Collection (Allocation Rate)
[7.473s][info][gc,phases] GC(182) y: Young Generation
[7.473s][info][gc,phases] GC(182) y: Pause Mark Start 0.008ms
[7.485s][info][gc,phases] GC(182) y: Concurrent Mark 11.904ms
[7.485s][info][gc,phases] GC(182) y: Pause Mark End 0.013ms
[7.485s][info][gc,phases] GC(182) y: Concurrent Mark Free 0.001ms
[7.485s][info][gc,phases] GC(182) y: Concurrent Reset Relocation Set 0.009ms
[7.486s][info][gc,phases] GC(182) y: Concurrent Select Relocation Set 0.189ms
[7.486s][info][gc,phases] GC(182) y: Pause Relocate Start 0.004ms
[7.491s][info][gc,phases] GC(182) y: Concurrent Relocate 5.140ms
[7.491s][info][gc,phases] GC(182) y: Young Generation 1568M(77%)->1106M(54%) 0.019s
[7.491s][info][gc       ] GC(182) Minor Collection (Allocation Rate) 1568M(77%)->1110M(54%) 0.019s
[7.542s][info][gc       ] GC(183) Minor Collection (Allocation Rate)
[7.542s][info][gc,phases] GC(183) y: Young Generation
[7.542s][info][gc,phases] GC(183) y: Pause Mark Start 0.007ms
[7.555s][info][gc,phases] GC(183) y: Concurrent Mark 12.830ms
[7.555s][info][gc,phases] GC(183) y: Pause Mark End 0.010ms
[7.556s][info][gc,phases] GC(183) y: Concurrent Mark Free 0.001ms
[7.556s][info][gc,phases] GC(183) y: Concurrent Reset Relocation Set 0.011ms
[7.556s][info][gc,phases] GC(183) y: Concurrent Select Relocation Set 0.586ms
[7.556s][info][gc,phases] GC(183) y: Pause Relocate Start 0.005ms
[7.562s][info][gc,phases] GC(183) y: Concurrent Relocate 5.698ms
[7.562s][info][gc,phases] GC(183) y: Young Generation 1598M(78%)->1134M(55%) 0.021s
[7.562s][info][gc       ] GC(183) Minor Collection (Allocation Rate) 1596M(78%)->1138M(56%) 0.021s
[7.603s][info][gc       ] GC(184) Minor Collection (Allocation Rate)
[7.603s][info][gc,phases] GC(184) y: Young Generation
[7.603s][info][gc,phases] GC(184) y: Pause Mark Start 0.008ms
[7.615s][info][gc,phases] GC(184) y: Concurrent Mark 12.171ms
[7.616s][info][gc,phases] GC(184) y: Pause Mark End 0.011ms
[7.616s][info][gc,phases] GC(184) y: Concurrent Mark Free 0.002ms
[7.616s][info][gc,phases] GC(184) y: Concurrent Reset Relocation Set 0.013ms
[7.616s][info][gc,phases] GC(184) y: Concurrent Select Relocation Set 0.179ms
[7.616s][info][gc,phases] GC(184) y: Pause Relocate Start 0.004ms
[7.621s][info][gc,phases] GC(184) y: Concurrent Relocate 4.770ms
[7.622s][info][gc,phases] GC(184) y: Young Generation 1528M(75%)->1124M(55%) 0.019s
[7.622s][info][gc       ] GC(184) Minor Collection (Allocation Rate) 1528M(75%)->1128M(55%) 0.019s
[7.667s][info][gc       ] GC(185) Minor Collection (Allocation Rate)
[7.667s][info][gc,phases] GC(185) y: Young Generation
[7.668s][info][gc,phases] GC(185) y: Pause Mark Start 0.008ms
[7.680s][info][gc,phases] GC(185) y: Concurrent Mark 12.642ms
[7.681s][info][gc,phases] GC(185) y: Pause Mark End 0.013ms
[7.681s][info][gc,phases] GC(185) y: Concurrent Mark Free 0.001ms
[7.681s][info][gc,phases] GC(185) y: Concurrent Reset Relocation Set 0.009ms
[7.682s][info][gc,phases] GC(185) y: Concurrent Select Relocation Set 0.664ms
[7.682s][info][gc,phases] GC(185) y: Pause Relocate Start 0.005ms
[7.687s][info][gc,phases] GC(185) y: Concurrent Relocate 5.433ms
[7.688s][info][gc,phases] GC(185) y: Young Generation 1570M(77%)->1148M(56%) 0.020s
[7.688s][info][gc       ] GC(185) Minor Collection (Allocation Rate) 1570M(77%)->1152M(56%) 0.020s
[7.732s][info][gc       ] GC(186) Major Collection (Allocation Rate)
[7.732s][info][gc,phases] GC(186) Y: Young Generation
[7.732s][info][gc,phases] GC(186) Y: Pause Mark Start (Major) 0.008ms
[7.740s][info][gc,phases] GC(186) Y: Concurrent Mark 8.315ms
[7.741s][info][gc,phases] GC(186) Y: Pause Mark End 0.012ms
[7.741s][info][gc,phases] GC(186) Y: Concurrent Mark Free 0.002ms
[7.741s][info][gc,phases] GC(186) Y: Concurrent Reset Relocation Set 0.015ms
[7.741s][info][gc,phases] GC(186) Y: Concurrent Select Relocation Set 0.351ms
[7.742s][info][gc,phases] GC(186) Y: Pause Relocate Start 0.004ms
[7.747s][info][gc,phases] GC(186) Y: Concurrent Relocate 5.105ms
[7.747s][info][gc,phases] GC(186) Y: Young Generation 1578M(77%)->1186M(58%) 0.015s
[7.747s][info][gc,phases] GC(186) O: Old Generation
[7.780s][info][gc       ] GC(187) Minor Collection (Allocation Rate)
[7.781s][info][gc,phases] GC(187) y: Young Generation
[7.781s][info][gc,phases] GC(187) y: Pause Mark Start 0.007ms
[7.789s][info][gc,phases] GC(187) y: Concurrent Mark 7.987ms
[7.789s][info][gc,phases] GC(187) y: Pause Mark End 0.012ms
[7.789s][info][gc,phases] GC(187) y: Concurrent Mark Free 0.002ms
[7.789s][info][gc,phases] GC(187) y: Concurrent Reset Relocation Set 0.013ms
[7.790s][info][gc,phases] GC(187) y: Concurrent Select Relocation Set 0.170ms
[7.790s][info][gc,phases] GC(187) y: Pause Relocate Start 0.004ms
[7.794s][info][gc,phases] GC(187) y: Concurrent Relocate 4.213ms
[7.794s][info][gc,phases] GC(187) y: Young Generation 1508M(74%)->1112M(54%) 0.014s
[7.794s][info][gc       ] GC(187) Minor Collection (Allocation Rate) 1506M(74%)->1114M(54%) 0.014s
[7.817s][info][gc,phases] GC(186) O: Concurrent Mark 70.104ms
[7.817s][info][gc,phases] GC(186) O: Pause Mark End 0.011ms
[7.818s][info][gc,phases] GC(186) O: Concurrent Mark Free 0.001ms
[7.822s][info][gc,phases] GC(186) O: Concurrent Process Non-Strong 4.331ms
[7.822s][info][gc,phases] GC(186) O: Concurrent Reset Relocation Set 0.002ms
[7.822s][info][gc,phases] GC(186) O: Concurrent Select Relocation Set 0.200ms
[7.828s][info][gc,phases] GC(186) O: Concurrent Remap Roots 5.299ms
[7.828s][info][gc,phases] GC(186) O: Pause Relocate Start 0.010ms
[7.829s][info][gc,phases] GC(186) O: Concurrent Relocate 1.346ms
[7.830s][info][gc,phases] GC(186) O: Old Generation 1188M(58%)->1256M(61%) 0.083s
[7.830s][info][gc       ] GC(186) Major Collection (Allocation Rate) 1578M(77%)->1260M(62%) 0.098s
[7.863s][info][gc       ] GC(188) Minor Collection (Allocation Rate)
[7.863s][info][gc,phases] GC(188) y: Young Generation
[7.863s][info][gc,phases] GC(188) y: Pause Mark Start 0.008ms
[7.877s][info][gc,phases] GC(188) y: Concurrent Mark 13.411ms
[7.877s][info][gc,phases] GC(188) y: Pause Mark End 0.012ms
[7.877s][info][gc,phases] GC(188) y: Concurrent Mark Free 0.001ms
[7.877s][info][gc,phases] GC(188) y: Concurrent Reset Relocation Set 0.009ms
[7.878s][info][gc,phases] GC(188) y: Concurrent Select Relocation Set 0.587ms
[7.878s][info][gc,phases] GC(188) y: Pause Relocate Start 0.007ms
[7.885s][info][gc,phases] GC(188) y: Concurrent Relocate 6.538ms
[7.885s][info][gc,phases] GC(188) y: Young Generation 1580M(77%)->1024M(50%) 0.022s
[7.885s][info][gc       ] GC(188) Minor Collection (Allocation Rate) 1578M(77%)->1026M(50%) 0.022s
[7.919s][info][gc       ] GC(189) Minor Collection (Allocation Rate)
[7.919s][info][gc,phases] GC(189) y: Young Generation
[7.919s][info][gc,phases] GC(189) y: Pause Mark Start 0.008ms
[7.931s][info][gc,phases] GC(189) y: Concurrent Mark 11.733ms
[7.932s][info][gc,phases] GC(189) y: Pause Mark End 0.010ms
[7.932s][info][gc,phases] GC(189) y: Concurrent Mark Free 0.001ms
[7.932s][info][gc,phases] GC(189) y: Concurrent Reset Relocation Set 0.015ms
[7.932s][info][gc,phases] GC(189) y: Concurrent Select Relocation Set 0.203ms
[7.932s][info][gc,phases] GC(189) y: Pause Relocate Start 0.004ms
[7.936s][info][gc,phases] GC(189) y: Concurrent Relocate 4.251ms
[7.937s][info][gc,phases] GC(189) y: Young Generation 1358M(66%)->992M(48%) 0.017s
[7.937s][info][gc       ] GC(189) Minor Collection (Allocation Rate) 1358M(66%)->994M(49%) 0.018s
[7.987s][info][gc       ] GC(190) Minor Collection (Allocation Rate)
[7.987s][info][gc,phases] GC(190) y: Young Generation
[7.987s][info][gc,phases] GC(190) y: Pause Mark Start 0.007ms
[7.999s][info][gc,phases] GC(190) y: Concurrent Mark 12.143ms
[8.000s][info][gc,phases] GC(190) y: Pause Mark End 0.009ms
[8.000s][info][gc,phases] GC(190) y: Concurrent Mark Free 0.001ms
[8.000s][info][gc,phases] GC(190) y: Concurrent Reset Relocation Set 0.008ms
[8.000s][info][gc,phases] GC(190) y: Concurrent Select Relocation Set 0.536ms
[8.001s][info][gc,phases] GC(190) y: Pause Relocate Start 0.005ms
[8.006s][info][gc,phases] GC(190) y: Concurrent Relocate 5.672ms
[8.007s][info][gc,phases] GC(190) y: Young Generation 1478M(72%)->1052M(51%) 0.020s
[8.007s][info][gc       ] GC(190) Minor Collection (Allocation Rate) 1478M(72%)->1052M(51%) 0.020s
[8.048s][info][gc       ] GC(191) Minor Collection (Allocation Rate)
[8.048s][info][gc,phases] GC(191) y: Young Generation
[8.048s][info][gc,phases] GC(191) y: Pause Mark Start 0.008ms
[8.061s][info][gc,phases] GC(191) y: Concurrent Mark 12.398ms
[8.061s][info][gc,phases] GC(191) y: Pause Mark End 0.010ms
[8.061s][info][gc,phases] GC(191) y: Concurrent Mark Free 0.002ms
[8.061s][info][gc,phases] GC(191) y: Concurrent Reset Relocation Set 0.014ms
[8.062s][info][gc,phases] GC(191) y: Concurrent Select Relocation Set 0.436ms
[8.062s][info][gc,phases] GC(191) y: Pause Relocate Start 0.005ms
[8.068s][info][gc,phases] GC(191) y: Concurrent Relocate 5.658ms
[8.068s][info][gc,phases] GC(191) y: Young Generation 1508M(74%)->1040M(51%) 0.020s
[8.068s][info][gc       ] GC(191) Minor Collection (Allocation Rate) 1508M(74%)->1040M(51%) 0.020s
[8.110s][info][gc       ] GC(192) Minor Collection (Allocation Rate)
[8.110s][info][gc,phases] GC(192) y: Young Generation
[8.111s][info][gc,phases] GC(192) y: Pause Mark Start 0.008ms
[8.123s][info][gc,phases] GC(192) y: Concurrent Mark 12.039ms
[8.123s][info][gc,phases] GC(192) y: Pause Mark End 0.014ms
[8.123s][info][gc,phases] GC(192) y: Concurrent Mark Free 0.001ms
[8.123s][info][gc,phases] GC(192) y: Concurrent Reset Relocation Set 0.013ms
[8.123s][info][gc,phases] GC(192) y: Concurrent Select Relocation Set 0.179ms
[8.124s][info][gc,phases] GC(192) y: Pause Relocate Start 0.004ms
[8.129s][info][gc,phases] GC(192) y: Concurrent Relocate 5.179ms
[8.129s][info][gc,phases] GC(192) y: Young Generation 1504M(73%)->1040M(51%) 0.019s
[8.129s][info][gc       ] GC(192) Minor Collection (Allocation Rate) 1502M(73%)->1042M(51%) 0.019s
[8.181s][info][gc       ] GC(193) Minor Collection (Allocation Rate)
[8.181s][info][gc,phases] GC(193) y: Young Generation
[8.182s][info][gc,phases] GC(193) y: Pause Mark Start 0.008ms
[8.195s][info][gc,phases] GC(193) y: Concurrent Mark 12.831ms
[8.195s][info][gc,phases] GC(193) y: Pause Mark End 0.012ms
[8.195s][info][gc,phases] GC(193) y: Concurrent Mark Free 0.001ms
[8.195s][info][gc,phases] GC(193) y: Concurrent Reset Relocation Set 0.011ms
[8.195s][info][gc,phases] GC(193) y: Concurrent Select Relocation Set 0.357ms
[8.196s][info][gc,phases] GC(193) y: Pause Relocate Start 0.004ms
[8.201s][info][gc,phases] GC(193) y: Concurrent Relocate 5.710ms
[8.201s][info][gc,phases] GC(193) y: Young Generation 1546M(75%)->1070M(52%) 0.020s
[8.202s][info][gc       ] GC(193) Minor Collection (Allocation Rate) 1546M(75%)->1072M(52%) 0.020s
[8.240s][info][gc       ] GC(194) Minor Collection (Allocation Rate)
[8.240s][info][gc,phases] GC(194) y: Young Generation
[8.241s][info][gc,phases] GC(194) y: Pause Mark Start 0.007ms
[8.254s][info][gc,phases] GC(194) y: Concurrent Mark 12.936ms
[8.254s][info][gc,phases] GC(194) y: Pause Mark End 0.011ms
[8.254s][info][gc,phases] GC(194) y: Concurrent Mark Free 0.001ms
[8.254s][info][gc,phases] GC(194) y: Concurrent Reset Relocation Set 0.012ms
[8.255s][info][gc,phases] GC(194) y: Concurrent Select Relocation Set 0.627ms
[8.255s][info][gc,phases] GC(194) y: Pause Relocate Start 0.005ms
[8.261s][info][gc,phases] GC(194) y: Concurrent Relocate 5.624ms
[8.261s][info][gc,phases] GC(194) y: Young Generation 1526M(75%)->1080M(53%) 0.021s
[8.261s][info][gc       ] GC(194) Minor Collection (Allocation Rate) 1526M(75%)->1082M(53%) 0.021s
[8.306s][info][gc       ] GC(195) Minor Collection (Allocation Rate)
[8.307s][info][gc,phases] GC(195) y: Young Generation
[8.307s][info][gc,phases] GC(195) y: Pause Mark Start 0.014ms
[8.319s][info][gc,phases] GC(195) y: Concurrent Mark 11.534ms
[8.319s][info][gc,phases] GC(195) y: Pause Mark End 0.016ms
[8.319s][info][gc,phases] GC(195) y: Concurrent Mark Free 0.001ms
[8.319s][info][gc,phases] GC(195) y: Concurrent Reset Relocation Set 0.012ms
[8.320s][info][gc,phases] GC(195) y: Concurrent Select Relocation Set 0.592ms
[8.320s][info][gc,phases] GC(195) y: Pause Relocate Start 0.005ms
[8.326s][info][gc,phases] GC(195) y: Concurrent Relocate 5.555ms
[8.326s][info][gc,phases] GC(195) y: Young Generation 1534M(75%)->1166M(57%) 0.019s
[8.326s][info][gc       ] GC(195) Minor Collection (Allocation Rate) 1532M(75%)->1166M(57%) 0.019s
[8.350s][info][gc       ] GC(196) Minor Collection (Allocation Rate)
[8.350s][info][gc,phases] GC(196) y: Young Generation
[8.351s][info][gc,phases] GC(196) y: Pause Mark Start 0.008ms
[8.362s][info][gc,phases] GC(196) y: Concurrent Mark 11.212ms
[8.362s][info][gc,phases] GC(196) y: Pause Mark End 0.010ms
[8.362s][info][gc,phases] GC(196) y: Concurrent Mark Free 0.001ms
[8.362s][info][gc,phases] GC(196) y: Concurrent Reset Relocation Set 0.013ms
[8.363s][info][gc,phases] GC(196) y: Concurrent Select Relocation Set 0.183ms
[8.363s][info][gc,phases] GC(196) y: Pause Relocate Start 0.004ms
[8.367s][info][gc,phases] GC(196) y: Concurrent Relocate 4.626ms
[8.368s][info][gc,phases] GC(196) y: Young Generation 1486M(73%)->1068M(52%) 0.017s
[8.368s][info][gc       ] GC(196) Minor Collection (Allocation Rate) 1482M(72%)->1070M(52%) 0.018s
[8.403s][info][gc       ] GC(197) Minor Collection (Allocation Rate)
[8.403s][info][gc,phases] GC(197) y: Young Generation
[8.403s][info][gc,phases] GC(197) y: Pause Mark Start 0.011ms
[8.415s][info][gc,phases] GC(197) y: Concurrent Mark 11.479ms
[8.415s][info][gc,phases] GC(197) y: Pause Mark End 0.010ms
[8.415s][info][gc,phases] GC(197) y: Concurrent Mark Free 0.001ms
[8.415s][info][gc,phases] GC(197) y: Concurrent Reset Relocation Set 0.008ms
[8.416s][info][gc,phases] GC(197) y: Concurrent Select Relocation Set 0.455ms
[8.416s][info][gc,phases] GC(197) y: Pause Relocate Start 0.004ms
[8.421s][info][gc,phases] GC(197) y: Concurrent Relocate 4.695ms
[8.421s][info][gc,phases] GC(197) y: Young Generation 1462M(71%)->1086M(53%) 0.018s
[8.421s][info][gc       ] GC(197) Minor Collection (Allocation Rate) 1458M(71%)->1088M(53%) 0.018s
[8.467s][info][gc       ] GC(198) Minor Collection (Allocation Rate)
[8.467s][info][gc,phases] GC(198) y: Young Generation
[8.468s][info][gc,phases] GC(198) y: Pause Mark Start 0.008ms
[8.480s][info][gc,phases] GC(198) y: Concurrent Mark 11.851ms
[8.480s][info][gc,phases] GC(198) y: Pause Mark End 0.010ms
[8.480s][info][gc,phases] GC(198) y: Concurrent Mark Free 0.002ms
[8.480s][info][gc,phases] GC(198) y: Concurrent Reset Relocation Set 0.010ms
[8.481s][info][gc,phases] GC(198) y: Concurrent Select Relocation Set 0.374ms
[8.481s][info][gc,phases] GC(198) y: Pause Relocate Start 0.004ms
[8.486s][info][gc,phases] GC(198) y: Concurrent Relocate 5.094ms
[8.486s][info][gc,phases] GC(198) y: Young Generation 1534M(75%)->1104M(54%) 0.019s
[8.486s][info][gc       ] GC(198) Minor Collection (Allocation Rate) 1534M(75%)->1104M(54%) 0.019s
[8.530s][info][gc       ] GC(199) Minor Collection (Allocation Rate)
[8.530s][info][gc,phases] GC(199) y: Young Generation
[8.530s][info][gc,phases] GC(199) y: Pause Mark Start 0.008ms
[8.542s][info][gc,phases] GC(199) y: Concurrent Mark 11.655ms
[8.542s][info][gc,phases] GC(199) y: Pause Mark End 0.011ms
[8.542s][info][gc,phases] GC(199) y: Concurrent Mark Free 0.002ms
[8.543s][info][gc,phases] GC(199) y: Concurrent Reset Relocation Set 0.010ms
[8.543s][info][gc,phases] GC(199) y: Concurrent Select Relocation Set 0.181ms
[8.543s][info][gc,phases] GC(199) y: Pause Relocate Start 0.004ms
[8.548s][info][gc,phases] GC(199) y: Concurrent Relocate 4.762ms
[8.548s][info][gc,phases] GC(199) y: Young Generation 1530M(75%)->1104M(54%) 0.018s
[8.548s][info][gc       ] GC(199) Minor Collection (Allocation Rate) 1526M(75%)->1106M(54%) 0.018s
[8.594s][info][gc       ] GC(200) Minor Collection (Allocation Rate)
[8.594s][info][gc,phases] GC(200) y: Young Generation
[8.595s][info][gc,phases] GC(200) y: Pause Mark Start 0.008ms
[8.607s][info][gc,phases] GC(200) y: Concurrent Mark 12.616ms
[8.608s][info][gc,phases] GC(200) y: Pause Mark End 0.010ms
[8.608s][info][gc,phases] GC(200) y: Concurrent Mark Free 0.001ms
[8.608s][info][gc,phases] GC(200) y: Concurrent Reset Relocation Set 0.010ms
[8.608s][info][gc,phases] GC(200) y: Concurrent Select Relocation Set 0.565ms
[8.609s][info][gc,phases] GC(200) y: Pause Relocate Start 0.005ms
[8.614s][info][gc,phases] GC(200) y: Concurrent Relocate 5.336ms
[8.614s][info][gc,phases] GC(200) y: Young Generation 1552M(76%)->1134M(55%) 0.020s
[8.614s][info][gc       ] GC(200) Minor Collection (Allocation Rate) 1552M(76%)->1134M(55%) 0.020s
[8.657s][info][gc       ] GC(201) Major Collection (Allocation Rate)
[8.657s][info][gc,phases] GC(201) Y: Young Generation
[8.657s][info][gc,phases] GC(201) Y: Pause Mark Start (Major) 0.009ms
[8.666s][info][gc,phases] GC(201) Y: Concurrent Mark 8.400ms
[8.666s][info][gc,phases] GC(201) Y: Pause Mark End 0.012ms
[8.666s][info][gc,phases] GC(201) Y: Concurrent Mark Free 0.001ms
[8.666s][info][gc,phases] GC(201) Y: Concurrent Reset Relocation Set 0.014ms
[8.667s][info][gc,phases] GC(201) Y: Concurrent Select Relocation Set 0.178ms
[8.667s][info][gc,phases] GC(201) Y: Pause Relocate Start 0.004ms
[8.672s][info][gc,phases] GC(201) Y: Concurrent Relocate 4.817ms
[8.672s][info][gc,phases] GC(201) Y: Young Generation 1550M(76%)->1100M(54%) 0.015s
[8.672s][info][gc,phases] GC(201) O: Old Generation
[8.718s][info][gc       ] GC(202) Minor Collection (Allocation Rate)
[8.718s][info][gc,phases] GC(202) y: Young Generation
[8.718s][info][gc,phases] GC(202) y: Pause Mark Start 0.012ms
[8.727s][info][gc,phases] GC(202) y: Concurrent Mark 8.747ms
[8.728s][info][gc,phases] GC(202) y: Pause Mark End 0.010ms
[8.728s][info][gc,phases] GC(202) y: Concurrent Mark Free 0.001ms
[8.728s][info][gc,phases] GC(202) y: Concurrent Reset Relocation Set 0.010ms
[8.728s][info][gc,phases] GC(202) y: Concurrent Select Relocation Set 0.339ms
[8.728s][info][gc,phases] GC(202) y: Pause Relocate Start 0.004ms
[8.733s][info][gc,phases] GC(202) y: Concurrent Relocate 4.856ms
[8.734s][info][gc,phases] GC(202) y: Young Generation 1542M(75%)->1114M(54%) 0.015s
[8.734s][info][gc       ] GC(202) Minor Collection (Allocation Rate) 1542M(75%)->1114M(54%) 0.015s
[8.743s][info][gc,phases] GC(201) O: Concurrent Mark 70.450ms
[8.743s][info][gc,phases] GC(201) O: Pause Mark End 0.011ms
[8.743s][info][gc,phases] GC(201) O: Concurrent Mark Free 0.002ms
[8.747s][info][gc,phases] GC(201) O: Concurrent Process Non-Strong 4.274ms
[8.747s][info][gc,phases] GC(201) O: Concurrent Reset Relocation Set 0.001ms
[8.748s][info][gc,phases] GC(201) O: Concurrent Select Relocation Set 0.183ms
[8.753s][info][gc,phases] GC(201) O: Concurrent Remap Roots 5.378ms
[8.753s][info][gc,phases] GC(201) O: Pause Relocate Start 0.009ms
[8.754s][info][gc,phases] GC(201) O: Concurrent Relocate 0.885ms
[8.755s][info][gc,phases] GC(201) O: Old Generation 1104M(54%)->1136M(55%) 0.082s
[8.755s][info][gc       ] GC(201) Major Collection (Allocation Rate) 1550M(76%)->1138M(56%) 0.098s
[8.805s][info][gc       ] GC(203) Minor Collection (Allocation Rate)
[8.805s][info][gc,phases] GC(203) y: Young Generation
[8.806s][info][gc,phases] GC(203) y: Pause Mark Start 0.007ms
[8.819s][info][gc,phases] GC(203) y: Concurrent Mark 13.673ms
[8.820s][info][gc,phases] GC(203) y: Pause Mark End 0.010ms
[8.820s][info][gc,phases] GC(203) y: Concurrent Mark Free 0.001ms
[8.820s][info][gc,phases] GC(203) y: Concurrent Reset Relocation Set 0.011ms
[8.821s][info][gc,phases] GC(203) y: Concurrent Select Relocation Set 0.602ms
[8.821s][info][gc,phases] GC(203) y: Pause Relocate Start 0.008ms
[8.828s][info][gc,phases] GC(203) y: Concurrent Relocate 7.221ms
[8.828s][info][gc,phases] GC(203) y: Young Generation 1630M(80%)->1038M(51%) 0.023s
[8.828s][info][gc       ] GC(203) Minor Collection (Allocation Rate) 1630M(80%)->1042M(51%) 0.023s
[8.863s][info][gc       ] GC(204) Minor Collection (Allocation Rate)
[8.863s][info][gc,phases] GC(204) y: Young Generation
[8.863s][info][gc,phases] GC(204) y: Pause Mark Start 0.008ms
[8.875s][info][gc,phases] GC(204) y: Concurrent Mark 11.770ms
[8.875s][info][gc,phases] GC(204) y: Pause Mark End 0.010ms
[8.875s][info][gc,phases] GC(204) y: Concurrent Mark Free 0.001ms
[8.875s][info][gc,phases] GC(204) y: Concurrent Reset Relocation Set 0.017ms
[8.876s][info][gc,phases] GC(204) y: Concurrent Select Relocation Set 0.170ms
[8.876s][info][gc,phases] GC(204) y: Pause Relocate Start 0.003ms
[8.881s][info][gc,phases] GC(204) y: Concurrent Relocate 4.503ms
[8.881s][info][gc,phases] GC(204) y: Young Generation 1374M(67%)->996M(49%) 0.018s
[8.881s][info][gc       ] GC(204) Minor Collection (Allocation Rate) 1374M(67%)->998M(49%) 0.018s
[8.932s][info][gc       ] GC(205) Minor Collection (Allocation Rate)
[8.932s][info][gc,phases] GC(205) y: Young Generation
[8.932s][info][gc,phases] GC(205) y: Pause Mark Start 0.008ms
[8.945s][info][gc,phases] GC(205) y: Concurrent Mark 12.990ms
[8.946s][info][gc,phases] GC(205) y: Pause Mark End 0.009ms
[8.946s][info][gc,phases] GC(205) y: Concurrent Mark Free 0.001ms
[8.946s][info][gc,phases] GC(205) y: Concurrent Reset Relocation Set 0.009ms
[8.947s][info][gc,phases] GC(205) y: Concurrent Select Relocation Set 0.586ms
[8.947s][info][gc,phases] GC(205) y: Pause Relocate Start 0.006ms
[8.953s][info][gc,phases] GC(205) y: Concurrent Relocate 5.917ms
[8.953s][info][gc,phases] GC(205) y: Young Generation 1494M(73%)->1038M(51%) 0.021s
[8.953s][info][gc       ] GC(205) Minor Collection (Allocation Rate) 1492M(73%)->1038M(51%) 0.021s
[9.001s][info][gc       ] GC(206) Minor Collection (Allocation Rate)
[9.002s][info][gc,phases] GC(206) y: Young Generation
[9.002s][info][gc,phases] GC(206) y: Pause Mark Start 0.008ms
[9.014s][info][gc,phases] GC(206) y: Concurrent Mark 12.440ms
[9.015s][info][gc,phases] GC(206) y: Pause Mark End 0.010ms
[9.015s][info][gc,phases] GC(206) y: Concurrent Mark Free 0.001ms
[9.015s][info][gc,phases] GC(206) y: Concurrent Reset Relocation Set 0.012ms
[9.016s][info][gc,phases] GC(206) y: Concurrent Select Relocation Set 0.535ms
[9.016s][info][gc,phases] GC(206) y: Pause Relocate Start 0.004ms
[9.022s][info][gc,phases] GC(206) y: Concurrent Relocate 5.668ms
[9.022s][info][gc,phases] GC(206) y: Young Generation 1508M(74%)->1042M(51%) 0.020s
[9.022s][info][gc       ] GC(206) Minor Collection (Allocation Rate) 1508M(74%)->1042M(51%) 0.020s
[9.076s][info][gc       ] GC(207) Minor Collection (Allocation Rate)
[9.076s][info][gc,phases] GC(207) y: Young Generation
[9.076s][info][gc,phases] GC(207) y: Pause Mark Start 0.008ms
[9.088s][info][gc,phases] GC(207) y: Concurrent Mark 12.415ms
[9.089s][info][gc,phases] GC(207) y: Pause Mark End 0.014ms
[9.089s][info][gc,phases] GC(207) y: Concurrent Mark Free 0.002ms
[9.089s][info][gc,phases] GC(207) y: Concurrent Reset Relocation Set 0.012ms
[9.089s][info][gc,phases] GC(207) y: Concurrent Select Relocation Set 0.209ms
[9.089s][info][gc,phases] GC(207) y: Pause Relocate Start 0.005ms
[9.095s][info][gc,phases] GC(207) y: Concurrent Relocate 5.708ms
[9.095s][info][gc,phases] GC(207) y: Young Generation 1566M(76%)->1052M(51%) 0.020s
[9.095s][info][gc       ] GC(207) Minor Collection (Allocation Rate) 1564M(76%)->1054M(51%) 0.020s
[9.150s][info][gc       ] GC(208) Minor Collection (Allocation Rate)
[9.150s][info][gc,phases] GC(208) y: Young Generation
[9.150s][info][gc,phases] GC(208) y: Pause Mark Start 0.008ms
[9.163s][info][gc,phases] GC(208) y: Concurrent Mark 13.246ms
[9.164s][info][gc,phases] GC(208) y: Pause Mark End 0.010ms
[9.164s][info][gc,phases] GC(208) y: Concurrent Mark Free 0.001ms
[9.164s][info][gc,phases] GC(208) y: Concurrent Reset Relocation Set 0.011ms
[9.164s][info][gc,phases] GC(208) y: Concurrent Select Relocation Set 0.367ms
[9.165s][info][gc,phases] GC(208) y: Pause Relocate Start 0.004ms
[9.171s][info][gc,phases] GC(208) y: Concurrent Relocate 5.880ms
[9.171s][info][gc,phases] GC(208) y: Young Generation 1580M(77%)->1072M(52%) 0.021s
[9.171s][info][gc       ] GC(208) Minor Collection (Allocation Rate) 1580M(77%)->1076M(53%) 0.021s
[9.222s][info][gc       ] GC(209) Minor Collection (Allocation Rate)
[9.222s][info][gc,phases] GC(209) y: Young Generation
[9.223s][info][gc,phases] GC(209) y: Pause Mark Start 0.008ms
[9.236s][info][gc,phases] GC(209) y: Concurrent Mark 13.636ms
[9.237s][info][gc,phases] GC(209) y: Pause Mark End 0.010ms
[9.237s][info][gc,phases] GC(209) y: Concurrent Mark Free 0.001ms
[9.237s][info][gc,phases] GC(209) y: Concurrent Reset Relocation Set 0.011ms
[9.238s][info][gc,phases] GC(209) y: Concurrent Select Relocation Set 0.647ms
[9.238s][info][gc,phases] GC(209) y: Pause Relocate Start 0.006ms
[9.244s][info][gc,phases] GC(209) y: Concurrent Relocate 6.002ms
[9.244s][info][gc,phases] GC(209) y: Young Generation 1572M(77%)->1090M(53%) 0.022s
[9.244s][info][gc       ] GC(209) Minor Collection (Allocation Rate) 1572M(77%)->1092M(53%) 0.022s
[9.291s][info][gc       ] GC(210) Minor Collection (Allocation Rate)
[9.291s][info][gc,phases] GC(210) y: Young Generation
[9.292s][info][gc,phases] GC(210) y: Pause Mark Start 0.007ms
[9.304s][info][gc,phases] GC(210) y: Concurrent Mark 12.565ms
[9.305s][info][gc,phases] GC(210) y: Pause Mark End 0.013ms
[9.305s][info][gc,phases] GC(210) y: Concurrent Mark Free 0.001ms
[9.305s][info][gc,phases] GC(210) y: Concurrent Reset Relocation Set 0.012ms
[9.305s][info][gc,phases] GC(210) y: Concurrent Select Relocation Set 0.185ms
[9.305s][info][gc,phases] GC(210) y: Pause Relocate Start 0.004ms
[9.311s][info][gc,phases] GC(210) y: Concurrent Relocate 5.246ms
[9.311s][info][gc,phases] GC(210) y: Young Generation 1552M(76%)->1080M(53%) 0.019s
[9.311s][info][gc       ] GC(210) Minor Collection (Allocation Rate) 1550M(76%)->1082M(53%) 0.020s
[9.359s][info][gc       ] GC(211) Minor Collection (Allocation Rate)
[9.359s][info][gc,phases] GC(211) y: Young Generation
[9.360s][info][gc,phases] GC(211) y: Pause Mark Start 0.008ms
[9.372s][info][gc,phases] GC(211) y: Concurrent Mark 12.436ms
[9.373s][info][gc,phases] GC(211) y: Pause Mark End 0.009ms
[9.373s][info][gc,phases] GC(211) y: Concurrent Mark Free 0.001ms
[9.373s][info][gc,phases] GC(211) y: Concurrent Reset Relocation Set 0.010ms
[9.374s][info][gc,phases] GC(211) y: Concurrent Select Relocation Set 0.898ms
[9.374s][info][gc,phases] GC(211) y: Pause Relocate Start 0.004ms
[9.380s][info][gc,phases] GC(211) y: Concurrent Relocate 6.008ms
[9.380s][info][gc,phases] GC(211) y: Young Generation 1550M(76%)->1180M(58%) 0.021s
[9.380s][info][gc       ] GC(211) Minor Collection (Allocation Rate) 1550M(76%)->1182M(58%) 0.021s
[9.415s][info][gc       ] GC(212) Minor Collection (Allocation Rate)
[9.415s][info][gc,phases] GC(212) y: Young Generation
[9.415s][info][gc,phases] GC(212) y: Pause Mark Start 0.008ms
[9.427s][info][gc,phases] GC(212) y: Concurrent Mark 11.667ms
[9.427s][info][gc,phases] GC(212) y: Pause Mark End 0.011ms
[9.428s][info][gc,phases] GC(212) y: Concurrent Mark Free 0.001ms
[9.428s][info][gc,phases] GC(212) y: Concurrent Reset Relocation Set 0.014ms
[9.428s][info][gc,phases] GC(212) y: Concurrent Select Relocation Set 0.208ms
[9.428s][info][gc,phases] GC(212) y: Pause Relocate Start 0.004ms
[9.433s][info][gc,phases] GC(212) y: Concurrent Relocate 4.892ms
[9.433s][info][gc,phases] GC(212) y: Young Generation 1528M(75%)->1092M(53%) 0.018s
[9.433s][info][gc       ] GC(212) Minor Collection (Allocation Rate) 1526M(75%)->1092M(53%) 0.018s
[9.476s][info][gc       ] GC(213) Minor Collection (Allocation Rate)
[9.476s][info][gc,phases] GC(213) y: Young Generation
[9.476s][info][gc,phases] GC(213) y: Pause Mark Start 0.011ms
[9.488s][info][gc,phases] GC(213) y: Concurrent Mark 11.706ms
[9.489s][info][gc,phases] GC(213) y: Pause Mark End 0.011ms
[9.489s][info][gc,phases] GC(213) y: Concurrent Mark Free 0.001ms
[9.489s][info][gc,phases] GC(213) y: Concurrent Reset Relocation Set 0.009ms
[9.489s][info][gc,phases] GC(213) y: Concurrent Select Relocation Set 0.190ms
[9.489s][info][gc,phases] GC(213) y: Pause Relocate Start 0.007ms
[9.494s][info][gc,phases] GC(213) y: Concurrent Relocate 4.681ms
[9.494s][info][gc,phases] GC(213) y: Young Generation 1506M(74%)->1098M(54%) 0.018s
[9.494s][info][gc       ] GC(213) Minor Collection (Allocation Rate) 1506M(74%)->1102M(54%) 0.018s
[9.544s][info][gc       ] GC(214) Minor Collection (Allocation Rate)
[9.544s][info][gc,phases] GC(214) y: Young Generation
[9.544s][info][gc,phases] GC(214) y: Pause Mark Start 0.007ms
[9.557s][info][gc,phases] GC(214) y: Concurrent Mark 12.756ms
[9.557s][info][gc,phases] GC(214) y: Pause Mark End 0.010ms
[9.558s][info][gc,phases] GC(214) y: Concurrent Mark Free 0.001ms
[9.558s][info][gc,phases] GC(214) y: Concurrent Reset Relocation Set 0.010ms
[9.558s][info][gc,phases] GC(214) y: Concurrent Select Relocation Set 0.611ms
[9.559s][info][gc,phases] GC(214) y: Pause Relocate Start 0.006ms
[9.564s][info][gc,phases] GC(214) y: Concurrent Relocate 5.556ms
[9.564s][info][gc,phases] GC(214) y: Young Generation 1582M(77%)->1132M(55%) 0.020s
[9.564s][info][gc       ] GC(214) Minor Collection (Allocation Rate) 1582M(77%)->1134M(55%) 0.021s
[9.603s][info][gc       ] GC(215) Minor Collection (Allocation Rate)
[9.604s][info][gc,phases] GC(215) y: Young Generation
[9.604s][info][gc,phases] GC(215) y: Pause Mark Start 0.009ms
[9.616s][info][gc,phases] GC(215) y: Concurrent Mark 11.786ms
[9.616s][info][gc,phases] GC(215) y: Pause Mark End 0.010ms
[9.616s][info][gc,phases] GC(215) y: Concurrent Mark Free 0.001ms
[9.616s][info][gc,phases] GC(215) y: Concurrent Reset Relocation Set 0.012ms
[9.617s][info][gc,phases] GC(215) y: Concurrent Select Relocation Set 0.174ms
[9.617s][info][gc,phases] GC(215) y: Pause Relocate Start 0.004ms
[9.621s][info][gc,phases] GC(215) y: Concurrent Relocate 4.456ms
[9.621s][info][gc,phases] GC(215) y: Young Generation 1512M(74%)->1118M(55%) 0.018s
[9.621s][info][gc       ] GC(215) Minor Collection (Allocation Rate) 1510M(74%)->1118M(55%) 0.018s
[9.668s][info][gc       ] GC(216) Major Collection (Allocation Rate)
[9.668s][info][gc,phases] GC(216) Y: Young Generation
[9.668s][info][gc,phases] GC(216) Y: Pause Mark Start (Major) 0.009ms
[9.677s][info][gc,phases] GC(216) Y: Concurrent Mark 8.931ms
[9.677s][info][gc,phases] GC(216) Y: Pause Mark End 0.010ms
[9.678s][info][gc,phases] GC(216) Y: Concurrent Mark Free 0.002ms
[9.678s][info][gc,phases] GC(216) Y: Concurrent Reset Relocation Set 0.009ms
[9.678s][info][gc,phases] GC(216) Y: Concurrent Select Relocation Set 0.400ms
[9.678s][info][gc,phases] GC(216) Y: Pause Relocate Start 0.004ms
[9.684s][info][gc,phases] GC(216) Y: Concurrent Relocate 5.097ms
[9.684s][info][gc,phases] GC(216) Y: Young Generation 1568M(77%)->1114M(54%) 0.016s
[9.684s][info][gc,phases] GC(216) O: Old Generation
[9.735s][info][gc       ] GC(217) Minor Collection (Allocation Rate)
[9.735s][info][gc,phases] GC(217) y: Young Generation
[9.736s][info][gc,phases] GC(217) y: Pause Mark Start 0.011ms
[9.745s][info][gc,phases] GC(217) y: Concurrent Mark 9.068ms
[9.745s][info][gc,phases] GC(217) y: Pause Mark End 0.014ms
[9.745s][info][gc,phases] GC(217) y: Concurrent Mark Free 0.001ms
[9.745s][info][gc,phases] GC(217) y: Concurrent Reset Relocation Set 0.011ms
[9.746s][info][gc,phases] GC(217) y: Concurrent Select Relocation Set 0.340ms
[9.746s][info][gc,phases] GC(217) y: Pause Relocate Start 0.004ms
[9.751s][info][gc,phases] GC(217) y: Concurrent Relocate 5.394ms
[9.751s][info][gc,phases] GC(217) y: Young Generation 1608M(79%)->1126M(55%) 0.016s
[9.752s][info][gc       ] GC(217) Minor Collection (Allocation Rate) 1608M(79%)->1128M(55%) 0.016s
[9.754s][info][gc,phases] GC(216) O: Concurrent Mark 69.804ms
[9.754s][info][gc,phases] GC(216) O: Pause Mark End 0.014ms
[9.754s][info][gc,phases] GC(216) O: Concurrent Mark Free 0.001ms
[9.758s][info][gc,phases] GC(216) O: Concurrent Process Non-Strong 4.341ms
[9.758s][info][gc,phases] GC(216) O: Concurrent Reset Relocation Set 0.002ms
[9.759s][info][gc,phases] GC(216) O: Concurrent Select Relocation Set 0.196ms
[9.764s][info][gc,phases] GC(216) O: Concurrent Remap Roots 5.423ms
[9.765s][info][gc,phases] GC(216) O: Pause Relocate Start 0.010ms
[9.767s][info][gc,phases] GC(216) O: Concurrent Relocate 2.450ms
[9.767s][info][gc,phases] GC(216) O: Old Generation 1116M(54%)->1096M(54%) 0.084s
[9.767s][info][gc       ] GC(216) Major Collection (Allocation Rate) 1568M(77%)->1100M(54%) 0.100s
[9.816s][info][gc       ] GC(218) Minor Collection (Allocation Rate)
[9.817s][info][gc,phases] GC(218) y: Young Generation
[9.817s][info][gc,phases] GC(218) y: Pause Mark Start 0.008ms
[9.831s][info][gc,phases] GC(218) y: Concurrent Mark 13.724ms
[9.831s][info][gc,phases] GC(218) y: Pause Mark End 0.011ms
[9.831s][info][gc,phases] GC(218) y: Concurrent Mark Free 0.002ms
[9.831s][info][gc,phases] GC(218) y: Concurrent Reset Relocation Set 0.012ms
[9.832s][info][gc,phases] GC(218) y: Concurrent Select Relocation Set 0.597ms
[9.832s][info][gc,phases] GC(218) y: Pause Relocate Start 0.005ms
[9.839s][info][gc,phases] GC(218) y: Concurrent Relocate 6.897ms
[9.839s][info][gc,phases] GC(218) y: Young Generation 1630M(80%)->1034M(50%) 0.023s
[9.839s][info][gc       ] GC(218) Minor Collection (Allocation Rate) 1628M(79%)->1034M(50%) 0.023s
[9.873s][info][gc       ] GC(219) Minor Collection (Allocation Rate)
[9.873s][info][gc,phases] GC(219) y: Young Generation
[9.873s][info][gc,phases] GC(219) y: Pause Mark Start 0.008ms
[9.885s][info][gc,phases] GC(219) y: Concurrent Mark 11.865ms
[9.885s][info][gc,phases] GC(219) y: Pause Mark End 0.010ms
[9.886s][info][gc,phases] GC(219) y: Concurrent Mark Free 0.001ms
[9.886s][info][gc,phases] GC(219) y: Concurrent Reset Relocation Set 0.016ms
[9.886s][info][gc,phases] GC(219) y: Concurrent Select Relocation Set 0.172ms
[9.886s][info][gc,phases] GC(219) y: Pause Relocate Start 0.003ms
[9.890s][info][gc,phases] GC(219) y: Concurrent Relocate 4.331ms
[9.891s][info][gc,phases] GC(219) y: Young Generation 1360M(66%)->996M(49%) 0.018s
[9.891s][info][gc       ] GC(219) Minor Collection (Allocation Rate) 1360M(66%)->998M(49%) 0.018s
[9.942s][info][gc       ] GC(220) Minor Collection (Allocation Rate)
[9.943s][info][gc,phases] GC(220) y: Young Generation
[9.943s][info][gc,phases] GC(220) y: Pause Mark Start 0.008ms
[9.956s][info][gc,phases] GC(220) y: Concurrent Mark 12.805ms
[9.956s][info][gc,phases] GC(220) y: Pause Mark End 0.010ms
[9.956s][info][gc,phases] GC(220) y: Concurrent Mark Free 0.002ms
[9.956s][info][gc,phases] GC(220) y: Concurrent Reset Relocation Set 0.008ms
[9.957s][info][gc,phases] GC(220) y: Concurrent Select Relocation Set 0.585ms
[9.957s][info][gc,phases] GC(220) y: Pause Relocate Start 0.006ms
[9.963s][info][gc,phases] GC(220) y: Concurrent Relocate 5.641ms
[9.963s][info][gc,phases] GC(220) y: Young Generation 1494M(73%)->1034M(50%) 0.020s
[9.963s][info][gc       ] GC(220) Minor Collection (Allocation Rate) 1494M(73%)->1036M(51%) 0.021s
[10.010s][info][gc       ] GC(221) Minor Collection (Allocation Rate)
[10.010s][info][gc,phases] GC(221) y: Young Generation
[10.011s][info][gc,phases] GC(221) y: Pause Mark Start 0.007ms
[10.023s][info][gc,phases] GC(221) y: Concurrent Mark 12.375ms
[10.024s][info][gc,phases] GC(221) y: Pause Mark End 0.010ms
[10.024s][info][gc,phases] GC(221) y: Concurrent Mark Free 0.001ms
[10.024s][info][gc,phases] GC(221) y: Concurrent Reset Relocation Set 0.014ms
[10.024s][info][gc,phases] GC(221) y: Concurrent Select Relocation Set 0.435ms
[10.024s][info][gc,phases] GC(221) y: Pause Relocate Start 0.005ms
[10.030s][info][gc,phases] GC(221) y: Concurrent Relocate 5.465ms
[10.030s][info][gc,phases] GC(221) y: Young Generation 1494M(73%)->1040M(51%) 0.020s
[10.030s][info][gc       ] GC(221) Minor Collection (Allocation Rate) 1494M(73%)->1042M(51%) 0.020s
[10.083s][info][gc       ] GC(222) Minor Collection (Allocation Rate)
[10.083s][info][gc,phases] GC(222) y: Young Generation
[10.083s][info][gc,phases] GC(222) y: Pause Mark Start 0.008ms
[10.096s][info][gc,phases] GC(222) y: Concurrent Mark 12.389ms
[10.096s][info][gc,phases] GC(222) y: Pause Mark End 0.010ms
[10.096s][info][gc,phases] GC(222) y: Concurrent Mark Free 0.001ms
[10.096s][info][gc,phases] GC(222) y: Concurrent Reset Relocation Set 0.012ms
[10.096s][info][gc,phases] GC(222) y: Concurrent Select Relocation Set 0.181ms
[10.097s][info][gc,phases] GC(222) y: Pause Relocate Start 0.004ms
[10.102s][info][gc,phases] GC(222) y: Concurrent Relocate 5.481ms
[10.102s][info][gc,phases] GC(222) y: Young Generation 1552M(76%)->1048M(51%) 0.019s
[10.102s][info][gc       ] GC(222) Minor Collection (Allocation Rate) 1550M(76%)->1050M(51%) 0.020s
[10.159s][info][gc       ] GC(223) Minor Collection (Allocation Rate)
[10.159s][info][gc,phases] GC(223) y: Young Generation
[10.159s][info][gc,phases] GC(223) y: Pause Mark Start 0.007ms
[10.173s][info][gc,phases] GC(223) y: Concurrent Mark 13.263ms
[10.173s][info][gc,phases] GC(223) y: Pause Mark End 0.013ms
[10.173s][info][gc,phases] GC(223) y: Concurrent Mark Free 0.002ms
[10.173s][info][gc,phases] GC(223) y: Concurrent Reset Relocation Set 0.012ms
[10.174s][info][gc,phases] GC(223) y: Concurrent Select Relocation Set 0.357ms
[10.174s][info][gc,phases] GC(223) y: Pause Relocate Start 0.007ms
[10.180s][info][gc,phases] GC(223) y: Concurrent Relocate 5.960ms
[10.180s][info][gc,phases] GC(223) y: Young Generation 1598M(78%)->1074M(52%) 0.021s
[10.180s][info][gc       ] GC(223) Minor Collection (Allocation Rate) 1598M(78%)->1078M(53%) 0.021s
[10.230s][info][gc       ] GC(224) Minor Collection (Allocation Rate)
[10.230s][info][gc,phases] GC(224) y: Young Generation
[10.230s][info][gc,phases] GC(224) y: Pause Mark Start 0.007ms
[10.244s][info][gc,phases] GC(224) y: Concurrent Mark 13.320ms
[10.244s][info][gc,phases] GC(224) y: Pause Mark End 0.010ms
[10.244s][info][gc,phases] GC(224) y: Concurrent Mark Free 0.001ms
[10.244s][info][gc,phases] GC(224) y: Concurrent Reset Relocation Set 0.013ms
[10.245s][info][gc,phases] GC(224) y: Concurrent Select Relocation Set 0.387ms
[10.245s][info][gc,phases] GC(224) y: Pause Relocate Start 0.007ms
[10.251s][info][gc,phases] GC(224) y: Concurrent Relocate 5.563ms
[10.251s][info][gc,phases] GC(224) y: Young Generation 1560M(76%)->1084M(53%) 0.021s
[10.251s][info][gc       ] GC(224) Minor Collection (Allocation Rate) 1558M(76%)->1086M(53%) 0.021s
[10.303s][info][gc       ] GC(225) Minor Collection (Allocation Rate)
[10.303s][info][gc,phases] GC(225) y: Young Generation
[10.303s][info][gc,phases] GC(225) y: Pause Mark Start 0.011ms
[10.316s][info][gc,phases] GC(225) y: Concurrent Mark 12.961ms
[10.316s][info][gc,phases] GC(225) y: Pause Mark End 0.009ms
[10.316s][info][gc,phases] GC(225) y: Concurrent Mark Free 0.001ms
[10.316s][info][gc,phases] GC(225) y: Concurrent Reset Relocation Set 0.013ms
[10.317s][info][gc,phases] GC(225) y: Concurrent Select Relocation Set 0.802ms
[10.318s][info][gc,phases] GC(225) y: Pause Relocate Start 0.006ms
[10.324s][info][gc,phases] GC(225) y: Concurrent Relocate 6.613ms
[10.324s][info][gc,phases] GC(225) y: Young Generation 1590M(78%)->1172M(57%) 0.022s
[10.325s][info][gc       ] GC(225) Minor Collection (Allocation Rate) 1590M(78%)->1174M(57%) 0.022s
[10.360s][info][gc       ] GC(226) Minor Collection (Allocation Rate)
[10.360s][info][gc,phases] GC(226) y: Young Generation
[10.361s][info][gc,phases] GC(226) y: Pause Mark Start 0.007ms
[10.373s][info][gc,phases] GC(226) y: Concurrent Mark 11.903ms
[10.373s][info][gc,phases] GC(226) y: Pause Mark End 0.010ms
[10.373s][info][gc,phases] GC(226) y: Concurrent Mark Free 0.001ms
[10.373s][info][gc,phases] GC(226) y: Concurrent Reset Relocation Set 0.014ms
[10.374s][info][gc,phases] GC(226) y: Concurrent Select Relocation Set 0.303ms
[10.374s][info][gc,phases] GC(226) y: Pause Relocate Start 0.004ms
[10.379s][info][gc,phases] GC(226) y: Concurrent Relocate 4.994ms
[10.379s][info][gc,phases] GC(226) y: Young Generation 1520M(74%)->1086M(53%) 0.019s
[10.379s][info][gc       ] GC(226) Minor Collection (Allocation Rate) 1520M(74%)->1086M(53%) 0.019s
[10.418s][info][gc       ] GC(227) Minor Collection (Allocation Rate)
[10.418s][info][gc,phases] GC(227) y: Young Generation
[10.419s][info][gc,phases] GC(227) y: Pause Mark Start 0.008ms
[10.431s][info][gc,phases] GC(227) y: Concurrent Mark 11.824ms
[10.431s][info][gc,phases] GC(227) y: Pause Mark End 0.014ms
[10.431s][info][gc,phases] GC(227) y: Concurrent Mark Free 0.001ms
[10.431s][info][gc,phases] GC(227) y: Concurrent Reset Relocation Set 0.010ms
[10.432s][info][gc,phases] GC(227) y: Concurrent Select Relocation Set 0.397ms
[10.432s][info][gc,phases] GC(227) y: Pause Relocate Start 0.005ms
[10.437s][info][gc,phases] GC(227) y: Concurrent Relocate 4.892ms
[10.437s][info][gc,phases] GC(227) y: Young Generation 1496M(73%)->1094M(53%) 0.019s
[10.437s][info][gc       ] GC(227) Minor Collection (Allocation Rate) 1494M(73%)->1098M(54%) 0.019s
[10.484s][info][gc       ] GC(228) Minor Collection (Allocation Rate)
[10.484s][info][gc,phases] GC(228) y: Young Generation
[10.484s][info][gc,phases] GC(228) y: Pause Mark Start 0.007ms
[10.497s][info][gc,phases] GC(228) y: Concurrent Mark 12.117ms
[10.497s][info][gc,phases] GC(228) y: Pause Mark End 0.011ms
[10.497s][info][gc,phases] GC(228) y: Concurrent Mark Free 0.001ms
[10.497s][info][gc,phases] GC(228) y: Concurrent Reset Relocation Set 0.010ms
[10.498s][info][gc,phases] GC(228) y: Concurrent Select Relocation Set 0.412ms
[10.498s][info][gc,phases] GC(228) y: Pause Relocate Start 0.005ms
[10.503s][info][gc,phases] GC(228) y: Concurrent Relocate 5.226ms
[10.503s][info][gc,phases] GC(228) y: Young Generation 1552M(76%)->1112M(54%) 0.019s
[10.503s][info][gc       ] GC(228) Minor Collection (Allocation Rate) 1552M(76%)->1114M(54%) 0.019s
[10.552s][info][gc       ] GC(229) Minor Collection (Allocation Rate)
[10.552s][info][gc,phases] GC(229) y: Young Generation
[10.552s][info][gc,phases] GC(229) y: Pause Mark Start 0.007ms
[10.564s][info][gc,phases] GC(229) y: Concurrent Mark 11.600ms
[10.564s][info][gc,phases] GC(229) y: Pause Mark End 0.010ms
[10.564s][info][gc,phases] GC(229) y: Concurrent Mark Free 0.001ms
[10.564s][info][gc,phases] GC(229) y: Concurrent Reset Relocation Set 0.011ms
[10.565s][info][gc,phases] GC(229) y: Concurrent Select Relocation Set 0.361ms
[10.565s][info][gc,phases] GC(229) y: Pause Relocate Start 0.004ms
[10.570s][info][gc,phases] GC(229) y: Concurrent Relocate 5.324ms
[10.570s][info][gc,phases] GC(229) y: Young Generation 1582M(77%)->1240M(61%) 0.019s
[10.570s][info][gc       ] GC(229) Minor Collection (Allocation Rate) 1580M(77%)->1244M(61%) 0.019s
[10.600s][info][gc       ] GC(230) Minor Collection (Allocation Rate)
[10.600s][info][gc,phases] GC(230) y: Young Generation
[10.600s][info][gc,phases] GC(230) y: Pause Mark Start 0.007ms
[10.612s][info][gc,phases] GC(230) y: Concurrent Mark 11.338ms
[10.612s][info][gc,phases] GC(230) y: Pause Mark End 0.011ms
[10.612s][info][gc,phases] GC(230) y: Concurrent Mark Free 0.001ms
[10.612s][info][gc,phases] GC(230) y: Concurrent Reset Relocation Set 0.011ms
[10.612s][info][gc,phases] GC(230) y: Concurrent Select Relocation Set 0.330ms
[10.613s][info][gc,phases] GC(230) y: Pause Relocate Start 0.007ms
[10.618s][info][gc,phases] GC(230) y: Concurrent Relocate 5.021ms
[10.618s][info][gc,phases] GC(230) y: Young Generation 1564M(76%)->1200M(59%) 0.018s
[10.618s][info][gc       ] GC(230) Minor Collection (Allocation Rate) 1564M(76%)->1202M(59%) 0.018s
[10.648s][info][gc       ] GC(231) Minor Collection (Allocation Rate)
[10.648s][info][gc,phases] GC(231) y: Young Generation
[10.648s][info][gc,phases] GC(231) y: Pause Mark Start 0.007ms
[10.659s][info][gc,phases] GC(231) y: Concurrent Mark 11.024ms
[10.660s][info][gc,phases] GC(231) y: Pause Mark End 0.013ms
[10.660s][info][gc,phases] GC(231) y: Concurrent Mark Free 0.001ms
[10.660s][info][gc,phases] GC(231) y: Concurrent Reset Relocation Set 0.010ms
[10.660s][info][gc,phases] GC(231) y: Concurrent Select Relocation Set 0.367ms
[10.661s][info][gc,phases] GC(231) y: Pause Relocate Start 0.004ms
[10.665s][info][gc,phases] GC(231) y: Concurrent Relocate 4.470ms
[10.665s][info][gc,phases] GC(231) y: Young Generation 1494M(73%)->1176M(57%) 0.017s
[10.665s][info][gc       ] GC(231) Minor Collection (Allocation Rate) 1492M(73%)->1180M(58%) 0.017s
[10.697s][info][gc       ] GC(232) Major Collection (Allocation Rate)
[10.697s][info][gc,phases] GC(232) Y: Young Generation
[10.698s][info][gc,phases] GC(232) Y: Pause Mark Start (Major) 0.011ms
[10.706s][info][gc,phases] GC(232) Y: Concurrent Mark 7.858ms
[10.706s][info][gc,phases] GC(232) Y: Pause Mark End 0.010ms
[10.706s][info][gc,phases] GC(232) Y: Concurrent Mark Free 0.002ms
[10.706s][info][gc,phases] GC(232) Y: Concurrent Reset Relocation Set 0.011ms
[10.706s][info][gc,phases] GC(232) Y: Concurrent Select Relocation Set 0.227ms
[10.707s][info][gc,phases] GC(232) Y: Pause Relocate Start 0.004ms
[10.711s][info][gc,phases] GC(232) Y: Concurrent Relocate 4.148ms
[10.711s][info][gc,phases] GC(232) Y: Young Generation 1488M(73%)->1106M(54%) 0.014s
[10.711s][info][gc,phases] GC(232) O: Old Generation
[10.752s][info][gc       ] GC(233) Minor Collection (Allocation Rate)
[10.752s][info][gc,phases] GC(233) y: Young Generation
[10.752s][info][gc,phases] GC(233) y: Pause Mark Start 0.013ms
[10.760s][info][gc,phases] GC(233) y: Concurrent Mark 8.346ms
[10.761s][info][gc,phases] GC(233) y: Pause Mark End 0.011ms
[10.761s][info][gc,phases] GC(233) y: Concurrent Mark Free 0.001ms
[10.761s][info][gc,phases] GC(233) y: Concurrent Reset Relocation Set 0.009ms
[10.761s][info][gc,phases] GC(233) y: Concurrent Select Relocation Set 0.364ms
[10.761s][info][gc,phases] GC(233) y: Pause Relocate Start 0.004ms
[10.766s][info][gc,phases] GC(233) y: Concurrent Relocate 4.386ms
[10.766s][info][gc,phases] GC(233) y: Young Generation 1496M(73%)->1122M(55%) 0.014s
[10.766s][info][gc       ] GC(233) Minor Collection (Allocation Rate) 1496M(73%)->1124M(55%) 0.015s
[10.782s][info][gc,phases] GC(232) O: Concurrent Mark 71.241ms
[10.783s][info][gc,phases] GC(232) O: Pause Mark End 0.016ms
[10.783s][info][gc,phases] GC(232) O: Concurrent Mark Free 0.001ms
[10.787s][info][gc,phases] GC(232) O: Concurrent Process Non-Strong 4.311ms
[10.787s][info][gc,phases] GC(232) O: Concurrent Reset Relocation Set 0.002ms
[10.788s][info][gc,phases] GC(232) O: Concurrent Select Relocation Set 0.229ms
[10.793s][info][gc,phases] GC(232) O: Concurrent Remap Roots 5.428ms
[10.793s][info][gc,phases] GC(232) O: Pause Relocate Start 0.010ms
[10.795s][info][gc,phases] GC(232) O: Concurrent Relocate 1.470ms
[10.795s][info][gc,phases] GC(232) O: Old Generation 1110M(54%)->1220M(60%) 0.084s
[10.795s][info][gc       ] GC(232) Major Collection (Allocation Rate) 1488M(73%)->1224M(60%) 0.098s
[10.822s][info][gc       ] GC(234) Minor Collection (Allocation Rate)
[10.822s][info][gc,phases] GC(234) y: Young Generation
[10.822s][info][gc,phases] GC(234) y: Pause Mark Start 0.007ms
[10.835s][info][gc,phases] GC(234) y: Concurrent Mark 13.010ms
[10.836s][info][gc,phases] GC(234) y: Pause Mark End 0.010ms
[10.836s][info][gc,phases] GC(234) y: Concurrent Mark Free 0.001ms
[10.836s][info][gc,phases] GC(234) y: Concurrent Reset Relocation Set 0.010ms
[10.837s][info][gc,phases] GC(234) y: Concurrent Select Relocation Set 0.730ms
[10.837s][info][gc,phases] GC(234) y: Pause Relocate Start 0.004ms
[10.843s][info][gc,phases] GC(234) y: Concurrent Relocate 6.377ms
[10.844s][info][gc,phases] GC(234) y: Young Generation 1554M(76%)->1078M(53%) 0.022s
[10.844s][info][gc       ] GC(234) Minor Collection (Allocation Rate) 1552M(76%)->1084M(53%) 0.022s
[10.866s][info][gc       ] GC(235) Minor Collection (Allocation Rate)
[10.866s][info][gc,phases] GC(235) y: Young Generation
[10.866s][info][gc,phases] GC(235) y: Pause Mark Start 0.007ms
[10.878s][info][gc,phases] GC(235) y: Concurrent Mark 11.371ms
[10.878s][info][gc,phases] GC(235) y: Pause Mark End 0.011ms
[10.878s][info][gc,phases] GC(235) y: Concurrent Mark Free 0.001ms
[10.878s][info][gc,phases] GC(235) y: Concurrent Reset Relocation Set 0.013ms
[10.879s][info][gc,phases] GC(235) y: Concurrent Select Relocation Set 0.398ms
[10.879s][info][gc,phases] GC(235) y: Pause Relocate Start 0.007ms
[10.883s][info][gc,phases] GC(235) y: Concurrent Relocate 4.215ms
[10.883s][info][gc,phases] GC(235) y: Young Generation 1330M(65%)->996M(49%) 0.017s
[10.884s][info][gc       ] GC(235) Minor Collection (Allocation Rate) 1330M(65%)->998M(49%) 0.018s
[10.928s][info][gc       ] GC(236) Minor Collection (Allocation Rate)
[10.928s][info][gc,phases] GC(236) y: Young Generation
[10.928s][info][gc,phases] GC(236) y: Pause Mark Start 0.011ms
[10.940s][info][gc,phases] GC(236) y: Concurrent Mark 12.362ms
[10.941s][info][gc,phases] GC(236) y: Pause Mark End 0.011ms
[10.941s][info][gc,phases] GC(236) y: Concurrent Mark Free 0.001ms
[10.941s][info][gc,phases] GC(236) y: Concurrent Reset Relocation Set 0.008ms
[10.942s][info][gc,phases] GC(236) y: Concurrent Select Relocation Set 0.725ms
[10.942s][info][gc,phases] GC(236) y: Pause Relocate Start 0.007ms
[10.947s][info][gc,phases] GC(236) y: Concurrent Relocate 5.119ms
[10.947s][info][gc,phases] GC(236) y: Young Generation 1434M(70%)->1026M(50%) 0.020s
[10.947s][info][gc       ] GC(236) Minor Collection (Allocation Rate) 1432M(70%)->1026M(50%) 0.020s
[10.994s][info][gc       ] GC(237) Minor Collection (Allocation Rate)
[10.994s][info][gc,phases] GC(237) y: Young Generation
[10.994s][info][gc,phases] GC(237) y: Pause Mark Start 0.008ms
[11.007s][info][gc,phases] GC(237) y: Concurrent Mark 12.323ms
[11.007s][info][gc,phases] GC(237) y: Pause Mark End 0.014ms
[11.007s][info][gc,phases] GC(237) y: Concurrent Mark Free 0.001ms
[11.007s][info][gc,phases] GC(237) y: Concurrent Reset Relocation Set 0.012ms
[11.008s][info][gc,phases] GC(237) y: Concurrent Select Relocation Set 0.623ms
[11.008s][info][gc,phases] GC(237) y: Pause Relocate Start 0.005ms
[11.014s][info][gc,phases] GC(237) y: Concurrent Relocate 5.462ms
[11.014s][info][gc,phases] GC(237) y: Young Generation 1490M(73%)->1038M(51%) 0.020s
[11.014s][info][gc       ] GC(237) Minor Collection (Allocation Rate) 1488M(73%)->1042M(51%) 0.020s
[11.061s][info][gc       ] GC(238) Minor Collection (Allocation Rate)
[11.061s][info][gc,phases] GC(238) y: Young Generation
[11.061s][info][gc,phases] GC(238) y: Pause Mark Start 0.012ms
[11.073s][info][gc,phases] GC(238) y: Concurrent Mark 12.171ms
[11.073s][info][gc,phases] GC(238) y: Pause Mark End 0.010ms
[11.074s][info][gc,phases] GC(238) y: Concurrent Mark Free 0.001ms
[11.074s][info][gc,phases] GC(238) y: Concurrent Reset Relocation Set 0.012ms
[11.074s][info][gc,phases] GC(238) y: Concurrent Select Relocation Set 0.365ms
[11.074s][info][gc,phases] GC(238) y: Pause Relocate Start 0.004ms
[11.080s][info][gc,phases] GC(238) y: Concurrent Relocate 5.268ms
[11.080s][info][gc,phases] GC(238) y: Young Generation 1502M(73%)->1046M(51%) 0.019s
[11.080s][info][gc       ] GC(238) Minor Collection (Allocation Rate) 1502M(73%)->1046M(51%) 0.019s
[11.133s][info][gc       ] GC(239) Minor Collection (Allocation Rate)
[11.134s][info][gc,phases] GC(239) y: Young Generation
[11.134s][info][gc,phases] GC(239) y: Pause Mark Start 0.008ms
[11.147s][info][gc,phases] GC(239) y: Concurrent Mark 12.591ms
[11.147s][info][gc,phases] GC(239) y: Pause Mark End 0.013ms
[11.147s][info][gc,phases] GC(239) y: Concurrent Mark Free 0.002ms
[11.147s][info][gc,phases] GC(239) y: Concurrent Reset Relocation Set 0.010ms
[11.148s][info][gc,phases] GC(239) y: Concurrent Select Relocation Set 0.553ms
[11.148s][info][gc,phases] GC(239) y: Pause Relocate Start 0.008ms
[11.154s][info][gc,phases] GC(239) y: Concurrent Relocate 6.226ms
[11.154s][info][gc,phases] GC(239) y: Young Generation 1578M(77%)->1152M(56%) 0.021s
[11.154s][info][gc       ] GC(239) Minor Collection (Allocation Rate) 1576M(77%)->1154M(56%) 0.021s
[11.190s][info][gc       ] GC(240) Minor Collection (Allocation Rate)
[11.190s][info][gc,phases] GC(240) y: Young Generation
[11.191s][info][gc,phases] GC(240) y: Pause Mark Start 0.007ms
[11.203s][info][gc,phases] GC(240) y: Concurrent Mark 12.615ms
[11.204s][info][gc,phases] GC(240) y: Pause Mark End 0.010ms
[11.204s][info][gc,phases] GC(240) y: Concurrent Mark Free 0.001ms
[11.204s][info][gc,phases] GC(240) y: Concurrent Reset Relocation Set 0.013ms
[11.204s][info][gc,phases] GC(240) y: Concurrent Select Relocation Set 0.204ms
[11.204s][info][gc,phases] GC(240) y: Pause Relocate Start 0.004ms
[11.210s][info][gc,phases] GC(240) y: Concurrent Relocate 5.221ms
[11.210s][info][gc,phases] GC(240) y: Young Generation 1510M(74%)->1074M(52%) 0.019s
[11.210s][info][gc       ] GC(240) Minor Collection (Allocation Rate) 1508M(74%)->1076M(53%) 0.020s
[11.255s][info][gc       ] GC(241) Minor Collection (Allocation Rate)
[11.255s][info][gc,phases] GC(241) y: Young Generation
[11.255s][info][gc,phases] GC(241) y: Pause Mark Start 0.007ms
[11.268s][info][gc,phases] GC(241) y: Concurrent Mark 13.083ms
[11.269s][info][gc,phases] GC(241) y: Pause Mark End 0.010ms
[11.269s][info][gc,phases] GC(241) y: Concurrent Mark Free 0.001ms
[11.269s][info][gc,phases] GC(241) y: Concurrent Reset Relocation Set 0.009ms
[11.270s][info][gc,phases] GC(241) y: Concurrent Select Relocation Set 0.823ms
[11.270s][info][gc,phases] GC(241) y: Pause Relocate Start 0.004ms
[11.276s][info][gc,phases] GC(241) y: Concurrent Relocate 5.583ms
[11.276s][info][gc,phases] GC(241) y: Young Generation 1522M(74%)->1094M(53%) 0.021s
[11.276s][info][gc       ] GC(241) Minor Collection (Allocation Rate) 1522M(74%)->1098M(54%) 0.021s
[11.320s][info][gc       ] GC(242) Minor Collection (Allocation Rate)
[11.320s][info][gc,phases] GC(242) y: Young Generation
[11.320s][info][gc,phases] GC(242) y: Pause Mark Start 0.008ms
[11.333s][info][gc,phases] GC(242) y: Concurrent Mark 12.538ms
[11.333s][info][gc,phases] GC(242) y: Pause Mark End 0.010ms
[11.333s][info][gc,phases] GC(242) y: Concurrent Mark Free 0.001ms
[11.333s][info][gc,phases] GC(242) y: Concurrent Reset Relocation Set 0.013ms
[11.334s][info][gc,phases] GC(242) y: Concurrent Select Relocation Set 0.598ms
[11.334s][info][gc,phases] GC(242) y: Pause Relocate Start 0.004ms
[11.340s][info][gc,phases] GC(242) y: Concurrent Relocate 5.333ms
[11.340s][info][gc,phases] GC(242) y: Young Generation 1532M(75%)->1098M(54%) 0.020s
[11.340s][info][gc       ] GC(242) Minor Collection (Allocation Rate) 1532M(75%)->1100M(54%) 0.020s
[11.385s][info][gc       ] GC(243) Minor Collection (Allocation Rate)
[11.385s][info][gc,phases] GC(243) y: Young Generation
[11.385s][info][gc,phases] GC(243) y: Pause Mark Start 0.008ms
[11.397s][info][gc,phases] GC(243) y: Concurrent Mark 11.755ms
[11.397s][info][gc,phases] GC(243) y: Pause Mark End 0.013ms
[11.397s][info][gc,phases] GC(243) y: Concurrent Mark Free 0.001ms
[11.398s][info][gc,phases] GC(243) y: Concurrent Reset Relocation Set 0.014ms
[11.398s][info][gc,phases] GC(243) y: Concurrent Select Relocation Set 0.633ms
[11.398s][info][gc,phases] GC(243) y: Pause Relocate Start 0.009ms
[11.404s][info][gc,phases] GC(243) y: Concurrent Relocate 5.611ms
[11.404s][info][gc,phases] GC(243) y: Young Generation 1544M(75%)->1198M(58%) 0.019s
[11.404s][info][gc       ] GC(243) Minor Collection (Allocation Rate) 1544M(75%)->1202M(59%) 0.020s
[11.440s][info][gc       ] GC(244) Minor Collection (Allocation Rate)
[11.440s][info][gc,phases] GC(244) y: Young Generation
[11.441s][info][gc,phases] GC(244) y: Pause Mark Start 0.007ms
[11.453s][info][gc,phases] GC(244) y: Concurrent Mark 11.684ms
[11.453s][info][gc,phases] GC(244) y: Pause Mark End 0.012ms
[11.453s][info][gc,phases] GC(244) y: Concurrent Mark Free 0.001ms
[11.453s][info][gc,phases] GC(244) y: Concurrent Reset Relocation Set 0.012ms
[11.454s][info][gc,phases] GC(244) y: Concurrent Select Relocation Set 0.417ms
[11.454s][info][gc,phases] GC(244) y: Pause Relocate Start 0.014ms
[11.459s][info][gc,phases] GC(244) y: Concurrent Relocate 5.183ms
[11.459s][info][gc,phases] GC(244) y: Young Generation 1554M(76%)->1110M(54%) 0.019s
[11.459s][info][gc       ] GC(244) Minor Collection (Allocation Rate) 1552M(76%)->1112M(54%) 0.019s
[11.502s][info][gc       ] GC(245) Minor Collection (Allocation Rate)
[11.502s][info][gc,phases] GC(245) y: Young Generation
[11.502s][info][gc,phases] GC(245) y: Pause Mark Start 0.008ms
[11.514s][info][gc,phases] GC(245) y: Concurrent Mark 11.183ms
[11.514s][info][gc,phases] GC(245) y: Pause Mark End 0.014ms
[11.514s][info][gc,phases] GC(245) y: Concurrent Mark Free 0.001ms
[11.514s][info][gc,phases] GC(245) y: Concurrent Reset Relocation Set 0.010ms
[11.515s][info][gc,phases] GC(245) y: Concurrent Select Relocation Set 0.751ms
[11.515s][info][gc,phases] GC(245) y: Pause Relocate Start 0.004ms
[11.521s][info][gc,phases] GC(245) y: Concurrent Relocate 5.293ms
[11.521s][info][gc,phases] GC(245) y: Young Generation 1534M(75%)->1202M(59%) 0.019s
[11.521s][info][gc       ] GC(245) Minor Collection (Allocation Rate) 1532M(75%)->1204M(59%) 0.019s
[11.557s][info][gc       ] GC(246) Minor Collection (Allocation Rate)
[11.557s][info][gc,phases] GC(246) y: Young Generation
[11.557s][info][gc,phases] GC(246) y: Pause Mark Start 0.008ms
[11.569s][info][gc,phases] GC(246) y: Concurrent Mark 11.625ms
[11.569s][info][gc,phases] GC(246) y: Pause Mark End 0.011ms
[11.569s][info][gc,phases] GC(246) y: Concurrent Mark Free 0.002ms
[11.569s][info][gc,phases] GC(246) y: Concurrent Reset Relocation Set 0.012ms
[11.570s][info][gc,phases] GC(246) y: Concurrent Select Relocation Set 0.415ms
[11.570s][info][gc,phases] GC(246) y: Pause Relocate Start 0.004ms
[11.575s][info][gc,phases] GC(246) y: Concurrent Relocate 5.012ms
[11.575s][info][gc,phases] GC(246) y: Young Generation 1558M(76%)->1124M(55%) 0.018s
[11.575s][info][gc       ] GC(246) Minor Collection (Allocation Rate) 1558M(76%)->1124M(55%) 0.019s
[11.622s][info][gc       ] GC(247) Minor Collection (Allocation Rate)
[11.622s][info][gc,phases] GC(247) y: Young Generation
[11.622s][info][gc,phases] GC(247) y: Pause Mark Start 0.007ms
[11.633s][info][gc,phases] GC(247) y: Concurrent Mark 11.197ms
[11.634s][info][gc,phases] GC(247) y: Pause Mark End 0.010ms
[11.634s][info][gc,phases] GC(247) y: Concurrent Mark Free 0.002ms
[11.634s][info][gc,phases] GC(247) y: Concurrent Reset Relocation Set 0.010ms
[11.635s][info][gc,phases] GC(247) y: Concurrent Select Relocation Set 0.782ms
[11.635s][info][gc,phases] GC(247) y: Pause Relocate Start 0.004ms
[11.641s][info][gc,phases] GC(247) y: Concurrent Relocate 5.480ms
[11.641s][info][gc,phases] GC(247) y: Young Generation 1584M(77%)->1272M(62%) 0.019s
[11.641s][info][gc       ] GC(247) Minor Collection (Allocation Rate) 1584M(77%)->1272M(62%) 0.019s
[11.664s][info][gc       ] GC(248) Major Collection (Allocation Rate)
[11.664s][info][gc,phases] GC(248) Y: Young Generation
[11.664s][info][gc,phases] GC(248) Y: Pause Mark Start (Major) 0.008ms
[11.672s][info][gc,phases] GC(248) Y: Concurrent Mark 7.772ms
[11.672s][info][gc,phases] GC(248) Y: Pause Mark End 0.010ms
[11.672s][info][gc,phases] GC(248) Y: Concurrent Mark Free 0.001ms
[11.672s][info][gc,phases] GC(248) Y: Concurrent Reset Relocation Set 0.014ms
[11.673s][info][gc,phases] GC(248) Y: Concurrent Select Relocation Set 0.397ms
[11.673s][info][gc,phases] GC(248) Y: Pause Relocate Start 0.004ms
[11.678s][info][gc,phases] GC(248) Y: Concurrent Relocate 4.637ms
[11.678s][info][gc,phases] GC(248) Y: Young Generation 1532M(75%)->1112M(54%) 0.014s
[11.678s][info][gc,phases] GC(248) O: Old Generation
[11.712s][info][gc       ] GC(249) Minor Collection (Allocation Rate)
[11.712s][info][gc,phases] GC(249) y: Young Generation
[11.712s][info][gc,phases] GC(249) y: Pause Mark Start 0.013ms
[11.720s][info][gc,phases] GC(249) y: Concurrent Mark 7.570ms
[11.720s][info][gc,phases] GC(249) y: Pause Mark End 0.011ms
[11.720s][info][gc,phases] GC(249) y: Concurrent Mark Free 0.001ms
[11.720s][info][gc,phases] GC(249) y: Concurrent Reset Relocation Set 0.010ms
[11.721s][info][gc,phases] GC(249) y: Concurrent Select Relocation Set 0.171ms
[11.721s][info][gc,phases] GC(249) y: Pause Relocate Start 0.004ms
[11.725s][info][gc,phases] GC(249) y: Concurrent Relocate 3.741ms
[11.725s][info][gc,phases] GC(249) y: Young Generation 1444M(71%)->1106M(54%) 0.013s
[11.725s][info][gc       ] GC(249) Minor Collection (Allocation Rate) 1444M(71%)->1108M(54%) 0.013s
[11.750s][info][gc,phases] GC(248) O: Concurrent Mark 71.926ms
[11.750s][info][gc,phases] GC(248) O: Pause Mark End 0.011ms
[11.750s][info][gc,phases] GC(248) O: Concurrent Mark Free 0.001ms
[11.755s][info][gc,phases] GC(248) O: Concurrent Process Non-Strong 4.270ms
[11.755s][info][gc,phases] GC(248) O: Concurrent Reset Relocation Set 0.001ms
[11.755s][info][gc,phases] GC(248) O: Concurrent Select Relocation Set 0.192ms
[11.761s][info][gc,phases] GC(248) O: Concurrent Remap Roots 5.788ms
[11.761s][info][gc,phases] GC(248) O: Pause Relocate Start 0.010ms
[11.763s][info][gc,phases] GC(248) O: Concurrent Relocate 1.969ms
[11.764s][info][gc,phases] GC(248) O: Old Generation 1112M(54%)->1296M(63%) 0.086s
[11.764s][info][gc       ] GC(248) Major Collection (Allocation Rate) 1532M(75%)->1298M(63%) 0.100s
[11.779s][info][gc       ] GC(250) Minor Collection (Allocation Rate)
[11.779s][info][gc,phases] GC(250) y: Young Generation
[11.779s][info][gc,phases] GC(250) y: Pause Mark Start 0.011ms
[11.793s][info][gc,phases] GC(250) y: Concurrent Mark 13.223ms
[11.793s][info][gc,phases] GC(250) y: Pause Mark End 0.010ms
[11.793s][info][gc,phases] GC(250) y: Concurrent Mark Free 0.002ms
[11.793s][info][gc,phases] GC(250) y: Concurrent Reset Relocation Set 0.008ms
[11.794s][info][gc,phases] GC(250) y: Concurrent Select Relocation Set 0.750ms
[11.794s][info][gc,phases] GC(250) y: Pause Relocate Start 0.004ms
[11.801s][info][gc,phases] GC(250) y: Concurrent Relocate 6.592ms
[11.801s][info][gc,phases] GC(250) y: Young Generation 1562M(76%)->1022M(50%) 0.022s
[11.801s][info][gc       ] GC(250) Minor Collection (Allocation Rate) 1558M(76%)->1024M(50%) 0.022s
[11.825s][info][gc       ] GC(251) Minor Collection (Allocation Rate)
[11.825s][info][gc,phases] GC(251) y: Young Generation
[11.825s][info][gc,phases] GC(251) y: Pause Mark Start 0.007ms
[11.837s][info][gc,phases] GC(251) y: Concurrent Mark 11.098ms
[11.837s][info][gc,phases] GC(251) y: Pause Mark End 0.014ms
[11.837s][info][gc,phases] GC(251) y: Concurrent Mark Free 0.001ms
[11.837s][info][gc,phases] GC(251) y: Concurrent Reset Relocation Set 0.016ms
[11.838s][info][gc,phases] GC(251) y: Concurrent Select Relocation Set 0.388ms
[11.838s][info][gc,phases] GC(251) y: Pause Relocate Start 0.004ms
[11.841s][info][gc,phases] GC(251) y: Concurrent Relocate 3.602ms
[11.842s][info][gc,phases] GC(251) y: Young Generation 1254M(61%)->976M(48%) 0.016s
[11.842s][info][gc       ] GC(251) Minor Collection (Allocation Rate) 1254M(61%)->978M(48%) 0.017s
[11.886s][info][gc       ] GC(252) Minor Collection (Allocation Rate)
[11.886s][info][gc,phases] GC(252) y: Young Generation
[11.886s][info][gc,phases] GC(252) y: Pause Mark Start 0.007ms
[11.899s][info][gc,phases] GC(252) y: Concurrent Mark 12.172ms
[11.899s][info][gc,phases] GC(252) y: Pause Mark End 0.010ms
[11.899s][info][gc,phases] GC(252) y: Concurrent Mark Free 0.001ms
[11.899s][info][gc,phases] GC(252) y: Concurrent Reset Relocation Set 0.007ms
[11.900s][info][gc,phases] GC(252) y: Concurrent Select Relocation Set 0.942ms
[11.900s][info][gc,phases] GC(252) y: Pause Relocate Start 0.004ms
[11.906s][info][gc,phases] GC(252) y: Concurrent Relocate 5.318ms
[11.906s][info][gc,phases] GC(252) y: Young Generation 1408M(69%)->1018M(50%) 0.020s
[11.906s][info][gc       ] GC(252) Minor Collection (Allocation Rate) 1408M(69%)->1022M(50%) 0.020s
[11.950s][info][gc       ] GC(253) Minor Collection (Allocation Rate)
[11.950s][info][gc,phases] GC(253) y: Young Generation
[11.951s][info][gc,phases] GC(253) y: Pause Mark Start 0.007ms
[11.962s][info][gc,phases] GC(253) y: Concurrent Mark 11.135ms
[11.962s][info][gc,phases] GC(253) y: Pause Mark End 0.010ms
[11.962s][info][gc,phases] GC(253) y: Concurrent Mark Free 0.001ms
[11.962s][info][gc,phases] GC(253) y: Concurrent Reset Relocation Set 0.015ms
[11.963s][info][gc,phases] GC(253) y: Concurrent Select Relocation Set 0.400ms
[11.963s][info][gc,phases] GC(253) y: Pause Relocate Start 0.004ms
[11.968s][info][gc,phases] GC(253) y: Concurrent Relocate 5.140ms
[11.968s][info][gc,phases] GC(253) y: Young Generation 1452M(71%)->1012M(49%) 0.018s
[11.969s][info][gc       ] GC(253) Minor Collection (Allocation Rate) 1452M(71%)->1014M(50%) 0.018s
[12.021s][info][gc       ] GC(254) Minor Collection (Allocation Rate)
[12.021s][info][gc,phases] GC(254) y: Young Generation
[12.022s][info][gc,phases] GC(254) y: Pause Mark Start 0.008ms
[12.034s][info][gc,phases] GC(254) y: Concurrent Mark 12.030ms
[12.034s][info][gc,phases] GC(254) y: Pause Mark End 0.010ms
[12.034s][info][gc,phases] GC(254) y: Concurrent Mark Free 0.001ms
[12.034s][info][gc,phases] GC(254) y: Concurrent Reset Relocation Set 0.009ms
[12.035s][info][gc,phases] GC(254) y: Concurrent Select Relocation Set 0.407ms
[12.035s][info][gc,phases] GC(254) y: Pause Relocate Start 0.004ms
[12.041s][info][gc,phases] GC(254) y: Concurrent Relocate 5.440ms
[12.041s][info][gc,phases] GC(254) y: Young Generation 1524M(74%)->1036M(51%) 0.019s
[12.041s][info][gc       ] GC(254) Minor Collection (Allocation Rate) 1524M(74%)->1036M(51%) 0.019s
[12.097s][info][gc       ] GC(255) Minor Collection (Allocation Rate)
[12.098s][info][gc,phases] GC(255) y: Young Generation
[12.098s][info][gc,phases] GC(255) y: Pause Mark Start 0.007ms
[12.111s][info][gc,phases] GC(255) y: Concurrent Mark 12.996ms
[12.111s][info][gc,phases] GC(255) y: Pause Mark End 0.010ms
[12.111s][info][gc,phases] GC(255) y: Concurrent Mark Free 0.001ms
[12.111s][info][gc,phases] GC(255) y: Concurrent Reset Relocation Set 0.010ms
[12.112s][info][gc,phases] GC(255) y: Concurrent Select Relocation Set 0.527ms
[12.112s][info][gc,phases] GC(255) y: Pause Relocate Start 0.004ms
[12.118s][info][gc,phases] GC(255) y: Concurrent Relocate 6.012ms
[12.118s][info][gc,phases] GC(255) y: Young Generation 1586M(77%)->1114M(54%) 0.021s
[12.119s][info][gc       ] GC(255) Minor Collection (Allocation Rate) 1586M(77%)->1118M(55%) 0.021s
[12.155s][info][gc       ] GC(256) Minor Collection (Allocation Rate)
[12.155s][info][gc,phases] GC(256) y: Young Generation
[12.156s][info][gc,phases] GC(256) y: Pause Mark Start 0.008ms
[12.168s][info][gc,phases] GC(256) y: Concurrent Mark 12.002ms
[12.168s][info][gc,phases] GC(256) y: Pause Mark End 0.013ms
[12.168s][info][gc,phases] GC(256) y: Concurrent Mark Free 0.001ms
[12.168s][info][gc,phases] GC(256) y: Concurrent Reset Relocation Set 0.012ms
[12.169s][info][gc,phases] GC(256) y: Concurrent Select Relocation Set 0.940ms
[12.169s][info][gc,phases] GC(256) y: Pause Relocate Start 0.004ms
[12.175s][info][gc,phases] GC(256) y: Concurrent Relocate 5.762ms
[12.175s][info][gc,phases] GC(256) y: Young Generation 1504M(73%)->1160M(57%) 0.020s
[12.176s][info][gc       ] GC(256) Minor Collection (Allocation Rate) 1504M(73%)->1162M(57%) 0.020s
[12.207s][info][gc       ] GC(257) Minor Collection (Allocation Rate)
[12.207s][info][gc,phases] GC(257) y: Young Generation
[12.207s][info][gc,phases] GC(257) y: Pause Mark Start 0.008ms
[12.219s][info][gc,phases] GC(257) y: Concurrent Mark 11.522ms
[12.219s][info][gc,phases] GC(257) y: Pause Mark End 0.011ms
[12.219s][info][gc,phases] GC(257) y: Concurrent Mark Free 0.001ms
[12.219s][info][gc,phases] GC(257) y: Concurrent Reset Relocation Set 0.015ms
[12.220s][info][gc,phases] GC(257) y: Concurrent Select Relocation Set 0.437ms
[12.220s][info][gc,phases] GC(257) y: Pause Relocate Start 0.006ms
[12.225s][info][gc,phases] GC(257) y: Concurrent Relocate 4.620ms
[12.225s][info][gc,phases] GC(257) y: Young Generation 1466M(72%)->1096M(54%) 0.018s
[12.225s][info][gc       ] GC(257) Minor Collection (Allocation Rate) 1466M(72%)->1100M(54%) 0.018s
[12.256s][info][gc       ] GC(258) Minor Collection (Allocation Rate)
[12.256s][info][gc,phases] GC(258) y: Young Generation
[12.257s][info][gc,phases] GC(258) y: Pause Mark Start 0.008ms
[12.268s][info][gc,phases] GC(258) y: Concurrent Mark 11.667ms
[12.269s][info][gc,phases] GC(258) y: Pause Mark End 0.010ms
[12.269s][info][gc,phases] GC(258) y: Concurrent Mark Free 0.001ms
[12.269s][info][gc,phases] GC(258) y: Concurrent Reset Relocation Set 0.009ms
[12.270s][info][gc,phases] GC(258) y: Concurrent Select Relocation Set 0.634ms
[12.270s][info][gc,phases] GC(258) y: Pause Relocate Start 0.004ms
[12.275s][info][gc,phases] GC(258) y: Concurrent Relocate 4.739ms
[12.275s][info][gc,phases] GC(258) y: Young Generation 1444M(71%)->1110M(54%) 0.018s
[12.275s][info][gc       ] GC(258) Minor Collection (Allocation Rate) 1442M(70%)->1112M(54%) 0.019s
[12.312s][info][gc       ] GC(259) Minor Collection (Allocation Rate)
[12.312s][info][gc,phases] GC(259) y: Young Generation
[12.313s][info][gc,phases] GC(259) y: Pause Mark Start 0.007ms
[12.325s][info][gc,phases] GC(259) y: Concurrent Mark 12.045ms
[12.325s][info][gc,phases] GC(259) y: Pause Mark End 0.010ms
[12.325s][info][gc,phases] GC(259) y: Concurrent Mark Free 0.001ms
[12.325s][info][gc,phases] GC(259) y: Concurrent Reset Relocation Set 0.010ms
[12.326s][info][gc,phases] GC(259) y: Concurrent Select Relocation Set 0.542ms
[12.326s][info][gc,phases] GC(259) y: Pause Relocate Start 0.004ms
[12.332s][info][gc,phases] GC(259) y: Concurrent Relocate 5.338ms
[12.332s][info][gc,phases] GC(259) y: Young Generation 1518M(74%)->1090M(53%) 0.019s
[12.332s][info][gc       ] GC(259) Minor Collection (Allocation Rate) 1516M(74%)->1092M(53%) 0.020s
[12.375s][info][gc       ] GC(260) Minor Collection (Allocation Rate)
[12.375s][info][gc,phases] GC(260) y: Young Generation
[12.375s][info][gc,phases] GC(260) y: Pause Mark Start 0.007ms
[12.387s][info][gc,phases] GC(260) y: Concurrent Mark 11.798ms
[12.387s][info][gc,phases] GC(260) y: Pause Mark End 0.010ms
[12.388s][info][gc,phases] GC(260) y: Concurrent Mark Free 0.001ms
[12.388s][info][gc,phases] GC(260) y: Concurrent Reset Relocation Set 0.011ms
[12.388s][info][gc,phases] GC(260) y: Concurrent Select Relocation Set 0.328ms
[12.388s][info][gc,phases] GC(260) y: Pause Relocate Start 0.004ms
[12.393s][info][gc,phases] GC(260) y: Concurrent Relocate 4.830ms
[12.393s][info][gc,phases] GC(260) y: Young Generation 1510M(74%)->1088M(53%) 0.018s
[12.393s][info][gc       ] GC(260) Minor Collection (Allocation Rate) 1510M(74%)->1092M(53%) 0.019s
[12.440s][info][gc       ] GC(261) Minor Collection (Allocation Rate)
[12.440s][info][gc,phases] GC(261) y: Young Generation
[12.440s][info][gc,phases] GC(261) y: Pause Mark Start 0.008ms
[12.453s][info][gc,phases] GC(261) y: Concurrent Mark 12.538ms
[12.453s][info][gc,phases] GC(261) y: Pause Mark End 0.011ms
[12.453s][info][gc,phases] GC(261) y: Concurrent Mark Free 0.001ms
[12.453s][info][gc,phases] GC(261) y: Concurrent Reset Relocation Set 0.010ms
[12.454s][info][gc,phases] GC(261) y: Concurrent Select Relocation Set 0.780ms
[12.454s][info][gc,phases] GC(261) y: Pause Relocate Start 0.004ms
[12.460s][info][gc,phases] GC(261) y: Concurrent Relocate 5.482ms
[12.460s][info][gc,phases] GC(261) y: Young Generation 1540M(75%)->1118M(55%) 0.020s
[12.460s][info][gc       ] GC(261) Minor Collection (Allocation Rate) 1540M(75%)->1120M(55%) 0.020s
[12.499s][info][gc       ] GC(262) Minor Collection (Allocation Rate)
[12.500s][info][gc,phases] GC(262) y: Young Generation
[12.500s][info][gc,phases] GC(262) y: Pause Mark Start 0.008ms
[12.512s][info][gc,phases] GC(262) y: Concurrent Mark 11.867ms
[12.512s][info][gc,phases] GC(262) y: Pause Mark End 0.011ms
[12.512s][info][gc,phases] GC(262) y: Concurrent Mark Free 0.000ms
[12.512s][info][gc,phases] GC(262) y: Concurrent Reset Relocation Set 0.012ms
[12.513s][info][gc,phases] GC(262) y: Concurrent Select Relocation Set 0.363ms
[12.513s][info][gc,phases] GC(262) y: Pause Relocate Start 0.004ms
[12.518s][info][gc,phases] GC(262) y: Concurrent Relocate 4.474ms
[12.518s][info][gc,phases] GC(262) y: Young Generation 1500M(73%)->1146M(56%) 0.018s
[12.518s][info][gc       ] GC(262) Minor Collection (Allocation Rate) 1500M(73%)->1148M(56%) 0.018s
[12.556s][info][gc       ] GC(263) Minor Collection (Allocation Rate)
[12.556s][info][gc,phases] GC(263) y: Young Generation
[12.556s][info][gc,phases] GC(263) y: Pause Mark Start 0.008ms
[12.569s][info][gc,phases] GC(263) y: Concurrent Mark 13.107ms
[12.570s][info][gc,phases] GC(263) y: Pause Mark End 0.013ms
[12.570s][info][gc,phases] GC(263) y: Concurrent Mark Free 0.001ms
[12.570s][info][gc,phases] GC(263) y: Concurrent Reset Relocation Set 0.009ms
[12.571s][info][gc,phases] GC(263) y: Concurrent Select Relocation Set 0.766ms
[12.571s][info][gc,phases] GC(263) y: Pause Relocate Start 0.004ms
[12.576s][info][gc,phases] GC(263) y: Concurrent Relocate 5.380ms
[12.576s][info][gc,phases] GC(263) y: Young Generation 1558M(76%)->1142M(56%) 0.021s
[12.577s][info][gc       ] GC(263) Minor Collection (Allocation Rate) 1558M(76%)->1146M(56%) 0.021s
[12.613s][info][gc       ] GC(264) Major Collection (Allocation Rate)
[12.614s][info][gc,phases] GC(264) Y: Young Generation
[12.614s][info][gc,phases] GC(264) Y: Pause Mark Start (Major) 0.008ms
[12.622s][info][gc,phases] GC(264) Y: Concurrent Mark 8.118ms
[12.622s][info][gc,phases] GC(264) Y: Pause Mark End 0.010ms
[12.622s][info][gc,phases] GC(264) Y: Concurrent Mark Free 0.001ms
[12.623s][info][gc,phases] GC(264) Y: Concurrent Reset Relocation Set 0.013ms
[12.623s][info][gc,phases] GC(264) Y: Concurrent Select Relocation Set 0.352ms
[12.623s][info][gc,phases] GC(264) Y: Pause Relocate Start 0.004ms
[12.628s][info][gc,phases] GC(264) Y: Concurrent Relocate 4.517ms
[12.628s][info][gc,phases] GC(264) Y: Young Generation 1504M(73%)->1098M(54%) 0.014s
[12.628s][info][gc,phases] GC(264) O: Old Generation
[12.663s][info][gc       ] GC(265) Minor Collection (Allocation Rate)
[12.663s][info][gc,phases] GC(265) y: Young Generation
[12.663s][info][gc,phases] GC(265) y: Pause Mark Start 0.007ms
[12.672s][info][gc,phases] GC(265) y: Concurrent Mark 8.487ms
[12.672s][info][gc,phases] GC(265) y: Pause Mark End 0.011ms
[12.672s][info][gc,phases] GC(265) y: Concurrent Mark Free 0.001ms
[12.672s][info][gc,phases] GC(265) y: Concurrent Reset Relocation Set 0.010ms
[12.673s][info][gc,phases] GC(265) y: Concurrent Select Relocation Set 0.338ms
[12.673s][info][gc,phases] GC(265) y: Pause Relocate Start 0.004ms
[12.677s][info][gc,phases] GC(265) y: Concurrent Relocate 4.417ms
[12.678s][info][gc,phases] GC(265) y: Young Generation 1484M(72%)->1108M(54%) 0.014s
[12.678s][info][gc       ] GC(265) Minor Collection (Allocation Rate) 1482M(72%)->1110M(54%) 0.015s
[12.699s][info][gc,phases] GC(264) O: Concurrent Mark 70.961ms
[12.699s][info][gc,phases] GC(264) O: Pause Mark End 0.011ms
[12.699s][info][gc,phases] GC(264) O: Concurrent Mark Free 0.002ms
[12.704s][info][gc,phases] GC(264) O: Concurrent Process Non-Strong 4.252ms
[12.704s][info][gc,phases] GC(264) O: Concurrent Reset Relocation Set 0.005ms
[12.704s][info][gc,phases] GC(264) O: Concurrent Select Relocation Set 0.193ms
[12.709s][info][gc,phases] GC(264) O: Concurrent Remap Roots 5.363ms
[12.710s][info][gc,phases] GC(264) O: Pause Relocate Start 0.009ms
[12.711s][info][gc,phases] GC(264) O: Concurrent Relocate 1.274ms
[12.711s][info][gc,phases] GC(264) O: Old Generation 1098M(54%)->1260M(62%) 0.083s
[12.711s][info][gc       ] GC(264) Major Collection (Allocation Rate) 1502M(73%)->1264M(62%) 0.098s
[12.737s][info][gc       ] GC(266) Minor Collection (Allocation Rate)
[12.737s][info][gc,phases] GC(266) y: Young Generation
[12.737s][info][gc,phases] GC(266) y: Pause Mark Start 0.007ms
[12.750s][info][gc,phases] GC(266) y: Concurrent Mark 13.425ms
[12.751s][info][gc,phases] GC(266) y: Pause Mark End 0.014ms
[12.751s][info][gc,phases] GC(266) y: Concurrent Mark Free 0.001ms
[12.751s][info][gc,phases] GC(266) y: Concurrent Reset Relocation Set 0.011ms
[12.752s][info][gc,phases] GC(266) y: Concurrent Select Relocation Set 0.559ms
[12.752s][info][gc,phases] GC(266) y: Pause Relocate Start 0.007ms
[12.759s][info][gc,phases] GC(266) y: Concurrent Relocate 6.659ms
[12.759s][info][gc,phases] GC(266) y: Young Generation 1576M(77%)->1030M(50%) 0.022s
[12.759s][info][gc       ] GC(266) Minor Collection (Allocation Rate) 1576M(77%)->1034M(50%) 0.022s
[12.787s][info][gc       ] GC(267) Minor Collection (Allocation Rate)
[12.787s][info][gc,phases] GC(267) y: Young Generation
[12.788s][info][gc,phases] GC(267) y: Pause Mark Start 0.007ms
[12.799s][info][gc,phases] GC(267) y: Concurrent Mark 11.355ms
[12.800s][info][gc,phases] GC(267) y: Pause Mark End 0.010ms
[12.800s][info][gc,phases] GC(267) y: Concurrent Mark Free 0.001ms
[12.800s][info][gc,phases] GC(267) y: Concurrent Reset Relocation Set 0.016ms
[12.800s][info][gc,phases] GC(267) y: Concurrent Select Relocation Set 0.364ms
[12.800s][info][gc,phases] GC(267) y: Pause Relocate Start 0.004ms
[12.805s][info][gc,phases] GC(267) y: Concurrent Relocate 4.069ms
[12.805s][info][gc,phases] GC(267) y: Young Generation 1310M(64%)->986M(48%) 0.017s
[12.805s][info][gc       ] GC(267) Minor Collection (Allocation Rate) 1310M(64%)->990M(48%) 0.017s
[12.852s][info][gc       ] GC(268) Minor Collection (Allocation Rate)
[12.852s][info][gc,phases] GC(268) y: Young Generation
[12.852s][info][gc,phases] GC(268) y: Pause Mark Start 0.009ms
[12.864s][info][gc,phases] GC(268) y: Concurrent Mark 11.630ms
[12.864s][info][gc,phases] GC(268) y: Pause Mark End 0.012ms
[12.865s][info][gc,phases] GC(268) y: Concurrent Mark Free 0.001ms
[12.865s][info][gc,phases] GC(268) y: Concurrent Reset Relocation Set 0.007ms
[12.866s][info][gc,phases] GC(268) y: Concurrent Select Relocation Set 0.882ms
[12.866s][info][gc,phases] GC(268) y: Pause Relocate Start 0.004ms
[12.872s][info][gc,phases] GC(268) y: Concurrent Relocate 5.623ms
[12.872s][info][gc,phases] GC(268) y: Young Generation 1446M(71%)->1106M(54%) 0.020s
[12.872s][info][gc       ] GC(268) Minor Collection (Allocation Rate) 1446M(71%)->1108M(54%) 0.020s
[12.912s][info][gc       ] GC(269) Minor Collection (Allocation Rate)
[12.912s][info][gc,phases] GC(269) y: Young Generation
[12.912s][info][gc,phases] GC(269) y: Pause Mark Start 0.010ms
[12.923s][info][gc,phases] GC(269) y: Concurrent Mark 10.722ms
[12.923s][info][gc,phases] GC(269) y: Pause Mark End 0.012ms
[12.923s][info][gc,phases] GC(269) y: Concurrent Mark Free 0.001ms
[12.923s][info][gc,phases] GC(269) y: Concurrent Reset Relocation Set 0.015ms
[12.924s][info][gc,phases] GC(269) y: Concurrent Select Relocation Set 0.383ms
[12.924s][info][gc,phases] GC(269) y: Pause Relocate Start 0.004ms
[12.929s][info][gc,phases] GC(269) y: Concurrent Relocate 5.207ms
[12.930s][info][gc,phases] GC(269) y: Young Generation 1496M(73%)->1092M(53%) 0.018s
[12.930s][info][gc       ] GC(269) Minor Collection (Allocation Rate) 1494M(73%)->1094M(53%) 0.018s
[12.972s][info][gc       ] GC(270) Minor Collection (Allocation Rate)
[12.973s][info][gc,phases] GC(270) y: Young Generation
[12.973s][info][gc,phases] GC(270) y: Pause Mark Start 0.008ms
[12.985s][info][gc,phases] GC(270) y: Concurrent Mark 12.114ms
[12.985s][info][gc,phases] GC(270) y: Pause Mark End 0.011ms
[12.985s][info][gc,phases] GC(270) y: Concurrent Mark Free 0.000ms
[12.986s][info][gc,phases] GC(270) y: Concurrent Reset Relocation Set 0.009ms
[12.986s][info][gc,phases] GC(270) y: Concurrent Select Relocation Set 0.350ms
[12.986s][info][gc,phases] GC(270) y: Pause Relocate Start 0.004ms
[12.992s][info][gc,phases] GC(270) y: Concurrent Relocate 5.365ms
[12.992s][info][gc,phases] GC(270) y: Young Generation 1512M(74%)->1036M(51%) 0.019s
[12.992s][info][gc       ] GC(270) Minor Collection (Allocation Rate) 1510M(74%)->1038M(51%) 0.019s
[13.042s][info][gc       ] GC(271) Minor Collection (Allocation Rate)
[13.042s][info][gc,phases] GC(271) y: Young Generation
[13.042s][info][gc,phases] GC(271) y: Pause Mark Start 0.007ms
[13.055s][info][gc,phases] GC(271) y: Concurrent Mark 12.755ms
[13.055s][info][gc,phases] GC(271) y: Pause Mark End 0.010ms
[13.055s][info][gc,phases] GC(271) y: Concurrent Mark Free 0.002ms
[13.056s][info][gc,phases] GC(271) y: Concurrent Reset Relocation Set 0.011ms
[13.056s][info][gc,phases] GC(271) y: Concurrent Select Relocation Set 0.541ms
[13.056s][info][gc,phases] GC(271) y: Pause Relocate Start 0.004ms
[13.062s][info][gc,phases] GC(271) y: Concurrent Relocate 5.609ms
[13.062s][info][gc,phases] GC(271) y: Young Generation 1524M(74%)->1058M(52%) 0.020s
[13.062s][info][gc       ] GC(271) Minor Collection (Allocation Rate) 1524M(74%)->1062M(52%) 0.021s
[13.108s][info][gc       ] GC(272) Minor Collection (Allocation Rate)
[13.108s][info][gc,phases] GC(272) y: Young Generation
[13.108s][info][gc,phases] GC(272) y: Pause Mark Start 0.010ms
[13.121s][info][gc,phases] GC(272) y: Concurrent Mark 12.949ms
[13.122s][info][gc,phases] GC(272) y: Pause Mark End 0.011ms
[13.122s][info][gc,phases] GC(272) y: Concurrent Mark Free 0.001ms
[13.122s][info][gc,phases] GC(272) y: Concurrent Reset Relocation Set 0.011ms
[13.123s][info][gc,phases] GC(272) y: Concurrent Select Relocation Set 0.824ms
[13.123s][info][gc,phases] GC(272) y: Pause Relocate Start 0.007ms
[13.129s][info][gc,phases] GC(272) y: Concurrent Relocate 5.655ms
[13.129s][info][gc,phases] GC(272) y: Young Generation 1504M(73%)->1076M(53%) 0.021s
[13.129s][info][gc       ] GC(272) Minor Collection (Allocation Rate) 1502M(73%)->1078M(53%) 0.021s
[13.176s][info][gc       ] GC(273) Minor Collection (Allocation Rate)
[13.176s][info][gc,phases] GC(273) y: Young Generation
[13.176s][info][gc,phases] GC(273) y: Pause Mark Start 0.010ms
[13.189s][info][gc,phases] GC(273) y: Concurrent Mark 12.476ms
[13.189s][info][gc,phases] GC(273) y: Pause Mark End 0.010ms
[13.189s][info][gc,phases] GC(273) y: Concurrent Mark Free 0.001ms
[13.189s][info][gc,phases] GC(273) y: Concurrent Reset Relocation Set 0.012ms
[13.190s][info][gc,phases] GC(273) y: Concurrent Select Relocation Set 0.358ms
[13.190s][info][gc,phases] GC(273) y: Pause Relocate Start 0.004ms
[13.195s][info][gc,phases] GC(273) y: Concurrent Relocate 5.360ms
[13.196s][info][gc,phases] GC(273) y: Young Generation 1532M(75%)->1076M(53%) 0.020s
[13.196s][info][gc       ] GC(273) Minor Collection (Allocation Rate) 1532M(75%)->1078M(53%) 0.020s
[13.247s][info][gc       ] GC(274) Minor Collection (Allocation Rate)
[13.247s][info][gc,phases] GC(274) y: Young Generation
[13.248s][info][gc,phases] GC(274) y: Pause Mark Start 0.008ms
[13.261s][info][gc,phases] GC(274) y: Concurrent Mark 13.064ms
[13.261s][info][gc,phases] GC(274) y: Pause Mark End 0.010ms
[13.261s][info][gc,phases] GC(274) y: Concurrent Mark Free 0.001ms
[13.261s][info][gc,phases] GC(274) y: Concurrent Reset Relocation Set 0.009ms
[13.262s][info][gc,phases] GC(274) y: Concurrent Select Relocation Set 0.844ms
[13.262s][info][gc,phases] GC(274) y: Pause Relocate Start 0.004ms
[13.269s][info][gc,phases] GC(274) y: Concurrent Relocate 6.011ms
[13.269s][info][gc,phases] GC(274) y: Young Generation 1576M(77%)->1104M(54%) 0.021s
[13.269s][info][gc       ] GC(274) Minor Collection (Allocation Rate) 1576M(77%)->1108M(54%) 0.022s
[13.315s][info][gc       ] GC(275) Minor Collection (Allocation Rate)
[13.315s][info][gc,phases] GC(275) y: Young Generation
[13.316s][info][gc,phases] GC(275) y: Pause Mark Start 0.009ms
[13.328s][info][gc,phases] GC(275) y: Concurrent Mark 12.492ms
[13.329s][info][gc,phases] GC(275) y: Pause Mark End 0.010ms
[13.329s][info][gc,phases] GC(275) y: Concurrent Mark Free 0.002ms
[13.329s][info][gc,phases] GC(275) y: Concurrent Reset Relocation Set 0.013ms
[13.329s][info][gc,phases] GC(275) y: Concurrent Select Relocation Set 0.382ms
[13.329s][info][gc,phases] GC(275) y: Pause Relocate Start 0.004ms
[13.335s][info][gc,phases] GC(275) y: Concurrent Relocate 5.324ms
[13.335s][info][gc,phases] GC(275) y: Young Generation 1556M(76%)->1100M(54%) 0.020s
[13.335s][info][gc       ] GC(275) Minor Collection (Allocation Rate) 1556M(76%)->1104M(54%) 0.020s
[13.384s][info][gc       ] GC(276) Minor Collection (Allocation Rate)
[13.384s][info][gc,phases] GC(276) y: Young Generation
[13.385s][info][gc,phases] GC(276) y: Pause Mark Start 0.007ms
[13.398s][info][gc,phases] GC(276) y: Concurrent Mark 12.891ms
[13.398s][info][gc,phases] GC(276) y: Pause Mark End 0.012ms
[13.398s][info][gc,phases] GC(276) y: Concurrent Mark Free 0.001ms
[13.398s][info][gc,phases] GC(276) y: Concurrent Reset Relocation Set 0.010ms
[13.399s][info][gc,phases] GC(276) y: Concurrent Select Relocation Set 0.603ms
[13.399s][info][gc,phases] GC(276) y: Pause Relocate Start 0.008ms
[13.405s][info][gc,phases] GC(276) y: Concurrent Relocate 5.826ms
[13.405s][info][gc,phases] GC(276) y: Young Generation 1578M(77%)->1146M(56%) 0.021s
[13.405s][info][gc       ] GC(276) Minor Collection (Allocation Rate) 1578M(77%)->1150M(56%) 0.021s
[13.442s][info][gc       ] GC(277) Minor Collection (Allocation Rate)
[13.443s][info][gc,phases] GC(277) y: Young Generation
[13.443s][info][gc,phases] GC(277) y: Pause Mark Start 0.008ms
[13.455s][info][gc,phases] GC(277) y: Concurrent Mark 12.297ms
[13.456s][info][gc,phases] GC(277) y: Pause Mark End 0.010ms
[13.456s][info][gc,phases] GC(277) y: Concurrent Mark Free 0.001ms
[13.456s][info][gc,phases] GC(277) y: Concurrent Reset Relocation Set 0.015ms
[13.456s][info][gc,phases] GC(277) y: Concurrent Select Relocation Set 0.412ms
[13.456s][info][gc,phases] GC(277) y: Pause Relocate Start 0.004ms
[13.462s][info][gc,phases] GC(277) y: Concurrent Relocate 5.104ms
[13.462s][info][gc,phases] GC(277) y: Young Generation 1546M(75%)->1116M(54%) 0.019s
[13.462s][info][gc       ] GC(277) Minor Collection (Allocation Rate) 1546M(75%)->1118M(55%) 0.020s
[13.505s][info][gc       ] GC(278) Minor Collection (Allocation Rate)
[13.505s][info][gc,phases] GC(278) y: Young Generation
[13.506s][info][gc,phases] GC(278) y: Pause Mark Start 0.008ms
[13.519s][info][gc,phases] GC(278) y: Concurrent Mark 12.706ms
[13.519s][info][gc,phases] GC(278) y: Pause Mark End 0.011ms
[13.519s][info][gc,phases] GC(278) y: Concurrent Mark Free 0.001ms
[13.519s][info][gc,phases] GC(278) y: Concurrent Reset Relocation Set 0.009ms
[13.520s][info][gc,phases] GC(278) y: Concurrent Select Relocation Set 0.767ms
[13.520s][info][gc,phases] GC(278) y: Pause Relocate Start 0.004ms
[13.526s][info][gc,phases] GC(278) y: Concurrent Relocate 5.384ms
[13.526s][info][gc,phases] GC(278) y: Young Generation 1540M(75%)->1136M(55%) 0.020s
[13.526s][info][gc       ] GC(278) Minor Collection (Allocation Rate) 1540M(75%)->1140M(56%) 0.021s
[13.570s][info][gc       ] GC(279) Minor Collection (Allocation Rate)
[13.570s][info][gc,phases] GC(279) y: Young Generation
[13.570s][info][gc,phases] GC(279) y: Pause Mark Start 0.010ms
[13.583s][info][gc,phases] GC(279) y: Concurrent Mark 12.340ms
[13.583s][info][gc,phases] GC(279) y: Pause Mark End 0.010ms
[13.583s][info][gc,phases] GC(279) y: Concurrent Mark Free 0.001ms
[13.583s][info][gc,phases] GC(279) y: Concurrent Reset Relocation Set 0.012ms
[13.584s][info][gc,phases] GC(279) y: Concurrent Select Relocation Set 0.577ms
[13.584s][info][gc,phases] GC(279) y: Pause Relocate Start 0.004ms
[13.589s][info][gc,phases] GC(279) y: Concurrent Relocate 5.149ms
[13.590s][info][gc,phases] GC(279) y: Young Generation 1564M(76%)->1178M(58%) 0.020s
[13.590s][info][gc       ] GC(279) Minor Collection (Allocation Rate) 1564M(76%)->1182M(58%) 0.020s
[13.626s][info][gc       ] GC(280) Major Collection (Allocation Rate)
[13.626s][info][gc,phases] GC(280) Y: Young Generation
[13.626s][info][gc,phases] GC(280) Y: Pause Mark Start (Major) 0.008ms
[13.635s][info][gc,phases] GC(280) Y: Concurrent Mark 8.509ms
[13.635s][info][gc,phases] GC(280) Y: Pause Mark End 0.014ms
[13.635s][info][gc,phases] GC(280) Y: Concurrent Mark Free 0.001ms
[13.636s][info][gc,phases] GC(280) Y: Concurrent Reset Relocation Set 0.012ms
[13.636s][info][gc,phases] GC(280) Y: Concurrent Select Relocation Set 0.370ms
[13.636s][info][gc,phases] GC(280) Y: Pause Relocate Start 0.004ms
[13.641s][info][gc,phases] GC(280) Y: Concurrent Relocate 5.022ms
[13.641s][info][gc,phases] GC(280) Y: Young Generation 1574M(77%)->1112M(54%) 0.015s
[13.642s][info][gc,phases] GC(280) O: Old Generation
[13.684s][info][gc       ] GC(281) Minor Collection (Allocation Rate)
[13.684s][info][gc,phases] GC(281) y: Young Generation
[13.684s][info][gc,phases] GC(281) y: Pause Mark Start 0.008ms
[13.693s][info][gc,phases] GC(281) y: Concurrent Mark 8.759ms
[13.693s][info][gc,phases] GC(281) y: Pause Mark End 0.014ms
[13.694s][info][gc,phases] GC(281) y: Concurrent Mark Free 0.001ms
[13.694s][info][gc,phases] GC(281) y: Concurrent Reset Relocation Set 0.010ms
[13.694s][info][gc,phases] GC(281) y: Concurrent Select Relocation Set 0.181ms
[13.694s][info][gc,phases] GC(281) y: Pause Relocate Start 0.009ms
[13.699s][info][gc,phases] GC(281) y: Concurrent Relocate 4.383ms
[13.699s][info][gc,phases] GC(281) y: Young Generation 1518M(74%)->1118M(55%) 0.015s
[13.699s][info][gc       ] GC(281) Minor Collection (Allocation Rate) 1518M(74%)->1120M(55%) 0.015s
[13.712s][info][gc,phases] GC(280) O: Concurrent Mark 70.856ms
[13.713s][info][gc,phases] GC(280) O: Pause Mark End 0.011ms
[13.713s][info][gc,phases] GC(280) O: Concurrent Mark Free 0.001ms
[13.717s][info][gc,phases] GC(280) O: Concurrent Process Non-Strong 4.334ms
[13.717s][info][gc,phases] GC(280) O: Concurrent Reset Relocation Set 0.001ms
[13.718s][info][gc,phases] GC(280) O: Concurrent Select Relocation Set 0.197ms
[13.723s][info][gc,phases] GC(280) O: Concurrent Remap Roots 5.397ms
[13.723s][info][gc,phases] GC(280) O: Pause Relocate Start 0.009ms
[13.725s][info][gc,phases] GC(280) O: Concurrent Relocate 1.456ms
[13.725s][info][gc,phases] GC(280) O: Old Generation 1116M(54%)->1196M(58%) 0.084s
[13.725s][info][gc       ] GC(280) Major Collection (Allocation Rate) 1574M(77%)->1200M(59%) 0.099s
[13.757s][info][gc       ] GC(282) Minor Collection (Allocation Rate)
[13.757s][info][gc,phases] GC(282) y: Young Generation
[13.758s][info][gc,phases] GC(282) y: Pause Mark Start 0.008ms
[13.772s][info][gc,phases] GC(282) y: Concurrent Mark 14.203ms
[13.772s][info][gc,phases] GC(282) y: Pause Mark End 0.010ms
[13.772s][info][gc,phases] GC(282) y: Concurrent Mark Free 0.001ms
[13.773s][info][gc,phases] GC(282) y: Concurrent Reset Relocation Set 0.009ms
[13.773s][info][gc,phases] GC(282) y: Concurrent Select Relocation Set 0.788ms
[13.774s][info][gc,phases] GC(282) y: Pause Relocate Start 0.006ms
[13.780s][info][gc,phases] GC(282) y: Concurrent Relocate 6.771ms
[13.781s][info][gc,phases] GC(282) y: Young Generation 1576M(77%)->1036M(51%) 0.023s
[13.781s][info][gc       ] GC(282) Minor Collection (Allocation Rate) 1576M(77%)->1040M(51%) 0.023s
[13.807s][info][gc       ] GC(283) Minor Collection (Allocation Rate)
[13.807s][info][gc,phases] GC(283) y: Young Generation
[13.807s][info][gc,phases] GC(283) y: Pause Mark Start 0.008ms
[13.818s][info][gc,phases] GC(283) y: Concurrent Mark 10.729ms
[13.819s][info][gc,phases] GC(283) y: Pause Mark End 0.010ms
[13.819s][info][gc,phases] GC(283) y: Concurrent Mark Free 0.001ms
[13.819s][info][gc,phases] GC(283) y: Concurrent Reset Relocation Set 0.022ms
[13.819s][info][gc,phases] GC(283) y: Concurrent Select Relocation Set 0.351ms
[13.819s][info][gc,phases] GC(283) y: Pause Relocate Start 0.004ms
[13.823s][info][gc,phases] GC(283) y: Concurrent Relocate 3.904ms
[13.824s][info][gc,phases] GC(283) y: Young Generation 1294M(63%)->1056M(52%) 0.016s
[13.824s][info][gc       ] GC(283) Minor Collection (Allocation Rate) 1294M(63%)->1058M(52%) 0.017s
[13.859s][info][gc       ] GC(284) Minor Collection (Allocation Rate)
[13.859s][info][gc,phases] GC(284) y: Young Generation
[13.859s][info][gc,phases] GC(284) y: Pause Mark Start 0.008ms
[13.870s][info][gc,phases] GC(284) y: Concurrent Mark 10.907ms
[13.870s][info][gc,phases] GC(284) y: Pause Mark End 0.009ms
[13.870s][info][gc,phases] GC(284) y: Concurrent Mark Free 0.002ms
[13.871s][info][gc,phases] GC(284) y: Concurrent Reset Relocation Set 0.009ms
[13.871s][info][gc,phases] GC(284) y: Concurrent Select Relocation Set 0.556ms
[13.871s][info][gc,phases] GC(284) y: Pause Relocate Start 0.009ms
[13.877s][info][gc,phases] GC(284) y: Concurrent Relocate 4.989ms
[13.877s][info][gc,phases] GC(284) y: Young Generation 1398M(68%)->1078M(53%) 0.018s
[13.877s][info][gc       ] GC(284) Minor Collection (Allocation Rate) 1398M(68%)->1082M(53%) 0.018s
[13.917s][info][gc       ] GC(285) Minor Collection (Allocation Rate)
[13.918s][info][gc,phases] GC(285) y: Young Generation
[13.918s][info][gc,phases] GC(285) y: Pause Mark Start 0.010ms
[13.929s][info][gc,phases] GC(285) y: Concurrent Mark 10.508ms
[13.929s][info][gc,phases] GC(285) y: Pause Mark End 0.011ms
[13.929s][info][gc,phases] GC(285) y: Concurrent Mark Free 0.001ms
[13.929s][info][gc,phases] GC(285) y: Concurrent Reset Relocation Set 0.011ms
[13.930s][info][gc,phases] GC(285) y: Concurrent Select Relocation Set 0.179ms
[13.930s][info][gc,phases] GC(285) y: Pause Relocate Start 0.004ms
[13.935s][info][gc,phases] GC(285) y: Concurrent Relocate 4.990ms
[13.935s][info][gc,phases] GC(285) y: Young Generation 1474M(72%)->1082M(53%) 0.017s
[13.935s][info][gc       ] GC(285) Minor Collection (Allocation Rate) 1466M(72%)->1086M(53%) 0.018s
[13.982s][info][gc       ] GC(286) Minor Collection (Allocation Rate)
[13.982s][info][gc,phases] GC(286) y: Young Generation
[13.982s][info][gc,phases] GC(286) y: Pause Mark Start 0.008ms
[13.994s][info][gc,phases] GC(286) y: Concurrent Mark 11.929ms
[13.995s][info][gc,phases] GC(286) y: Pause Mark End 0.010ms
[13.995s][info][gc,phases] GC(286) y: Concurrent Mark Free 0.001ms
[13.995s][info][gc,phases] GC(286) y: Concurrent Reset Relocation Set 0.010ms
[13.995s][info][gc,phases] GC(286) y: Concurrent Select Relocation Set 0.224ms
[13.995s][info][gc,phases] GC(286) y: Pause Relocate Start 0.007ms
[14.001s][info][gc,phases] GC(286) y: Concurrent Relocate 5.447ms
[14.001s][info][gc,phases] GC(286) y: Young Generation 1538M(75%)->1036M(51%) 0.019s
[14.001s][info][gc       ] GC(286) Minor Collection (Allocation Rate) 1538M(75%)->1038M(51%) 0.019s
[14.049s][info][gc       ] GC(287) Minor Collection (Allocation Rate)
[14.050s][info][gc,phases] GC(287) y: Young Generation
[14.050s][info][gc,phases] GC(287) y: Pause Mark Start 0.014ms
[14.062s][info][gc,phases] GC(287) y: Concurrent Mark 11.735ms
[14.062s][info][gc,phases] GC(287) y: Pause Mark End 0.016ms
[14.062s][info][gc,phases] GC(287) y: Concurrent Mark Free 0.001ms
[14.062s][info][gc,phases] GC(287) y: Concurrent Reset Relocation Set 0.009ms
[14.063s][info][gc,phases] GC(287) y: Concurrent Select Relocation Set 0.523ms
[14.063s][info][gc,phases] GC(287) y: Pause Relocate Start 0.007ms
[14.069s][info][gc,phases] GC(287) y: Concurrent Relocate 5.401ms
[14.069s][info][gc,phases] GC(287) y: Young Generation 1506M(74%)->1140M(56%) 0.019s
[14.069s][info][gc       ] GC(287) Minor Collection (Allocation Rate) 1506M(74%)->1142M(56%) 0.019s
[14.109s][info][gc       ] GC(288) Minor Collection (Allocation Rate)
[14.109s][info][gc,phases] GC(288) y: Young Generation
[14.109s][info][gc,phases] GC(288) y: Pause Mark Start 0.010ms
[14.122s][info][gc,phases] GC(288) y: Concurrent Mark 12.415ms
[14.122s][info][gc,phases] GC(288) y: Pause Mark End 0.010ms
[14.122s][info][gc,phases] GC(288) y: Concurrent Mark Free 0.002ms
[14.123s][info][gc,phases] GC(288) y: Concurrent Reset Relocation Set 0.012ms
[14.123s][info][gc,phases] GC(288) y: Concurrent Select Relocation Set 0.185ms
[14.123s][info][gc,phases] GC(288) y: Pause Relocate Start 0.004ms
[14.128s][info][gc,phases] GC(288) y: Concurrent Relocate 5.242ms
[14.128s][info][gc,phases] GC(288) y: Young Generation 1534M(75%)->1062M(52%) 0.019s
[14.129s][info][gc       ] GC(288) Minor Collection (Allocation Rate) 1534M(75%)->1064M(52%) 0.019s
[14.180s][info][gc       ] GC(289) Minor Collection (Allocation Rate)
[14.180s][info][gc,phases] GC(289) y: Young Generation
[14.181s][info][gc,phases] GC(289) y: Pause Mark Start 0.008ms
[14.194s][info][gc,phases] GC(289) y: Concurrent Mark 13.533ms
[14.195s][info][gc,phases] GC(289) y: Pause Mark End 0.010ms
[14.195s][info][gc,phases] GC(289) y: Concurrent Mark Free 0.001ms
[14.195s][info][gc,phases] GC(289) y: Concurrent Reset Relocation Set 0.011ms
[14.196s][info][gc,phases] GC(289) y: Concurrent Select Relocation Set 0.717ms
[14.196s][info][gc,phases] GC(289) y: Pause Relocate Start 0.008ms
[14.202s][info][gc,phases] GC(289) y: Concurrent Relocate 6.009ms
[14.202s][info][gc,phases] GC(289) y: Young Generation 1566M(76%)->1142M(56%) 0.022s
[14.202s][info][gc       ] GC(289) Minor Collection (Allocation Rate) 1564M(76%)->1144M(56%) 0.022s
[14.234s][info][gc       ] GC(290) Minor Collection (Allocation Rate)
[14.234s][info][gc,phases] GC(290) y: Young Generation
[14.234s][info][gc,phases] GC(290) y: Pause Mark Start 0.008ms
[14.246s][info][gc,phases] GC(290) y: Concurrent Mark 11.189ms
[14.246s][info][gc,phases] GC(290) y: Pause Mark End 0.016ms
[14.246s][info][gc,phases] GC(290) y: Concurrent Mark Free 0.001ms
[14.246s][info][gc,phases] GC(290) y: Concurrent Reset Relocation Set 0.013ms
[14.247s][info][gc,phases] GC(290) y: Concurrent Select Relocation Set 0.591ms
[14.247s][info][gc,phases] GC(290) y: Pause Relocate Start 0.006ms
[14.252s][info][gc,phases] GC(290) y: Concurrent Relocate 5.109ms
[14.253s][info][gc,phases] GC(290) y: Young Generation 1482M(72%)->1160M(57%) 0.018s
[14.253s][info][gc       ] GC(290) Minor Collection (Allocation Rate) 1480M(72%)->1162M(57%) 0.019s
[14.284s][info][gc       ] GC(291) Minor Collection (Allocation Rate)
[14.285s][info][gc,phases] GC(291) y: Young Generation
[14.285s][info][gc,phases] GC(291) y: Pause Mark Start 0.008ms
[14.296s][info][gc,phases] GC(291) y: Concurrent Mark 11.197ms
[14.296s][info][gc,phases] GC(291) y: Pause Mark End 0.010ms
[14.297s][info][gc,phases] GC(291) y: Concurrent Mark Free 0.001ms
[14.297s][info][gc,phases] GC(291) y: Concurrent Reset Relocation Set 0.011ms
[14.297s][info][gc,phases] GC(291) y: Concurrent Select Relocation Set 0.192ms
[14.297s][info][gc,phases] GC(291) y: Pause Relocate Start 0.004ms
[14.302s][info][gc,phases] GC(291) y: Concurrent Relocate 4.505ms
[14.302s][info][gc,phases] GC(291) y: Young Generation 1472M(72%)->1074M(52%) 0.017s
[14.302s][info][gc       ] GC(291) Minor Collection (Allocation Rate) 1472M(72%)->1076M(53%) 0.018s
[14.349s][info][gc       ] GC(292) Minor Collection (Allocation Rate)
[14.349s][info][gc,phases] GC(292) y: Young Generation
[14.349s][info][gc,phases] GC(292) y: Pause Mark Start 0.022ms
[14.361s][info][gc,phases] GC(292) y: Concurrent Mark 11.632ms
[14.361s][info][gc,phases] GC(292) y: Pause Mark End 0.011ms
[14.361s][info][gc,phases] GC(292) y: Concurrent Mark Free 0.001ms
[14.361s][info][gc,phases] GC(292) y: Concurrent Reset Relocation Set 0.008ms
[14.362s][info][gc,phases] GC(292) y: Concurrent Select Relocation Set 0.377ms
[14.362s][info][gc,phases] GC(292) y: Pause Relocate Start 0.004ms
[14.367s][info][gc,phases] GC(292) y: Concurrent Relocate 5.163ms
[14.367s][info][gc,phases] GC(292) y: Young Generation 1530M(75%)->1096M(54%) 0.019s
[14.367s][info][gc       ] GC(292) Minor Collection (Allocation Rate) 1528M(75%)->1096M(54%) 0.019s
[14.413s][info][gc       ] GC(293) Minor Collection (Allocation Rate)
[14.413s][info][gc,phases] GC(293) y: Young Generation
[14.414s][info][gc,phases] GC(293) y: Pause Mark Start 0.008ms
[14.426s][info][gc,phases] GC(293) y: Concurrent Mark 11.825ms
[14.426s][info][gc,phases] GC(293) y: Pause Mark End 0.011ms
[14.426s][info][gc,phases] GC(293) y: Concurrent Mark Free 0.002ms
[14.426s][info][gc,phases] GC(293) y: Concurrent Reset Relocation Set 0.011ms
[14.426s][info][gc,phases] GC(293) y: Concurrent Select Relocation Set 0.256ms
[14.427s][info][gc,phases] GC(293) y: Pause Relocate Start 0.004ms
[14.432s][info][gc,phases] GC(293) y: Concurrent Relocate 5.002ms
[14.432s][info][gc,phases] GC(293) y: Young Generation 1540M(75%)->1104M(54%) 0.018s
[14.432s][info][gc       ] GC(293) Minor Collection (Allocation Rate) 1540M(75%)->1108M(54%) 0.019s
[14.479s][info][gc       ] GC(294) Minor Collection (Allocation Rate)
[14.480s][info][gc,phases] GC(294) y: Young Generation
[14.480s][info][gc,phases] GC(294) y: Pause Mark Start 0.008ms
[14.492s][info][gc,phases] GC(294) y: Concurrent Mark 12.446ms
[14.493s][info][gc,phases] GC(294) y: Pause Mark End 0.011ms
[14.493s][info][gc,phases] GC(294) y: Concurrent Mark Free 0.001ms
[14.493s][info][gc,phases] GC(294) y: Concurrent Reset Relocation Set 0.010ms
[14.493s][info][gc,phases] GC(294) y: Concurrent Select Relocation Set 0.533ms
[14.494s][info][gc,phases] GC(294) y: Pause Relocate Start 0.005ms
[14.499s][info][gc,phases] GC(294) y: Concurrent Relocate 5.342ms
[14.499s][info][gc,phases] GC(294) y: Young Generation 1568M(77%)->1128M(55%) 0.020s
[14.499s][info][gc       ] GC(294) Minor Collection (Allocation Rate) 1568M(77%)->1132M(55%) 0.020s
[14.544s][info][gc       ] GC(295) Minor Collection (Allocation Rate)
[14.544s][info][gc,phases] GC(295) y: Young Generation
[14.544s][info][gc,phases] GC(295) y: Pause Mark Start 0.008ms
[14.556s][info][gc,phases] GC(295) y: Concurrent Mark 12.046ms
[14.557s][info][gc,phases] GC(295) y: Pause Mark End 0.010ms
[14.557s][info][gc,phases] GC(295) y: Concurrent Mark Free 0.001ms
[14.557s][info][gc,phases] GC(295) y: Concurrent Reset Relocation Set 0.013ms
[14.557s][info][gc,phases] GC(295) y: Concurrent Select Relocation Set 0.186ms
[14.557s][info][gc,phases] GC(295) y: Pause Relocate Start 0.004ms
[14.562s][info][gc,phases] GC(295) y: Concurrent Relocate 4.846ms
[14.562s][info][gc,phases] GC(295) y: Young Generation 1562M(76%)->1128M(55%) 0.019s
[14.562s][info][gc       ] GC(295) Minor Collection (Allocation Rate) 1562M(76%)->1128M(55%) 0.019s
[14.611s][info][gc       ] GC(296) Major Collection (Allocation Rate)
[14.611s][info][gc,phases] GC(296) Y: Young Generation
[14.611s][info][gc,phases] GC(296) Y: Pause Mark Start (Major) 0.009ms
[14.620s][info][gc,phases] GC(296) Y: Concurrent Mark 8.814ms
[14.621s][info][gc,phases] GC(296) Y: Pause Mark End 0.013ms
[14.621s][info][gc,phases] GC(296) Y: Concurrent Mark Free 0.001ms
[14.621s][info][gc,phases] GC(296) Y: Concurrent Reset Relocation Set 0.009ms
[14.621s][info][gc,phases] GC(296) Y: Concurrent Select Relocation Set 0.525ms
[14.622s][info][gc,phases] GC(296) Y: Pause Relocate Start 0.005ms
[14.627s][info][gc,phases] GC(296) Y: Concurrent Relocate 5.478ms
[14.627s][info][gc,phases] GC(296) Y: Young Generation 1602M(78%)->1196M(58%) 0.016s
[14.627s][info][gc,phases] GC(296) O: Old Generation
[14.666s][info][gc       ] GC(297) Minor Collection (Allocation Rate)
[14.666s][info][gc,phases] GC(297) y: Young Generation
[14.667s][info][gc,phases] GC(297) y: Pause Mark Start 0.011ms
[14.675s][info][gc,phases] GC(297) y: Concurrent Mark 8.412ms
[14.675s][info][gc,phases] GC(297) y: Pause Mark End 0.009ms
[14.675s][info][gc,phases] GC(297) y: Concurrent Mark Free 0.001ms
[14.676s][info][gc,phases] GC(297) y: Concurrent Reset Relocation Set 0.013ms
[14.676s][info][gc,phases] GC(297) y: Concurrent Select Relocation Set 0.173ms
[14.676s][info][gc,phases] GC(297) y: Pause Relocate Start 0.004ms
[14.681s][info][gc,phases] GC(297) y: Concurrent Relocate 4.829ms
[14.681s][info][gc,phases] GC(297) y: Young Generation 1568M(77%)->1116M(54%) 0.015s
[14.681s][info][gc       ] GC(297) Minor Collection (Allocation Rate) 1568M(77%)->1118M(55%) 0.015s
[14.697s][info][gc,phases] GC(296) O: Concurrent Mark 69.763ms
[14.698s][info][gc,phases] GC(296) O: Pause Mark End 0.011ms
[14.698s][info][gc,phases] GC(296) O: Concurrent Mark Free 0.002ms
[14.702s][info][gc,phases] GC(296) O: Concurrent Process Non-Strong 4.273ms
[14.702s][info][gc,phases] GC(296) O: Concurrent Reset Relocation Set 0.001ms
[14.702s][info][gc,phases] GC(296) O: Concurrent Select Relocation Set 0.223ms
[14.708s][info][gc,phases] GC(296) O: Concurrent Remap Roots 5.424ms
[14.708s][info][gc,phases] GC(296) O: Pause Relocate Start 0.010ms
[14.710s][info][gc,phases] GC(296) O: Concurrent Relocate 1.539ms
[14.710s][info][gc,phases] GC(296) O: Old Generation 1198M(58%)->1208M(59%) 0.083s
[14.710s][info][gc       ] GC(296) Major Collection (Allocation Rate) 1600M(78%)->1212M(59%) 0.099s
[14.749s][info][gc       ] GC(298) Minor Collection (Allocation Rate)
[14.749s][info][gc,phases] GC(298) y: Young Generation
[14.749s][info][gc,phases] GC(298) y: Pause Mark Start 0.008ms
[14.763s][info][gc,phases] GC(298) y: Concurrent Mark 13.448ms
[14.763s][info][gc,phases] GC(298) y: Pause Mark End 0.013ms
[14.763s][info][gc,phases] GC(298) y: Concurrent Mark Free 0.002ms
[14.763s][info][gc,phases] GC(298) y: Concurrent Reset Relocation Set 0.009ms
[14.764s][info][gc,phases] GC(298) y: Concurrent Select Relocation Set 0.649ms
[14.764s][info][gc,phases] GC(298) y: Pause Relocate Start 0.008ms
[14.771s][info][gc,phases] GC(298) y: Concurrent Relocate 6.750ms
[14.771s][info][gc,phases] GC(298) y: Young Generation 1602M(78%)->1098M(54%) 0.022s
[14.771s][info][gc       ] GC(298) Minor Collection (Allocation Rate) 1598M(78%)->1102M(54%) 0.023s
[14.794s][info][gc       ] GC(299) Minor Collection (Allocation Rate)
[14.794s][info][gc,phases] GC(299) y: Young Generation
[14.795s][info][gc,phases] GC(299) y: Pause Mark Start 0.008ms
[14.806s][info][gc,phases] GC(299) y: Concurrent Mark 11.184ms
[14.806s][info][gc,phases] GC(299) y: Pause Mark End 0.010ms
[14.806s][info][gc,phases] GC(299) y: Concurrent Mark Free 0.001ms
[14.806s][info][gc,phases] GC(299) y: Concurrent Reset Relocation Set 0.015ms
[14.807s][info][gc,phases] GC(299) y: Concurrent Select Relocation Set 0.366ms
[14.807s][info][gc,phases] GC(299) y: Pause Relocate Start 0.004ms
[14.812s][info][gc,phases] GC(299) y: Concurrent Relocate 4.543ms
[14.812s][info][gc,phases] GC(299) y: Young Generation 1358M(66%)->1074M(52%) 0.017s
[14.812s][info][gc       ] GC(299) Minor Collection (Allocation Rate) 1358M(66%)->1078M(53%) 0.018s
[14.844s][info][gc       ] GC(300) Minor Collection (Allocation Rate)
[14.844s][info][gc,phases] GC(300) y: Young Generation
[14.844s][info][gc,phases] GC(300) y: Pause Mark Start 0.008ms
[14.856s][info][gc,phases] GC(300) y: Concurrent Mark 11.634ms
[14.856s][info][gc,phases] GC(300) y: Pause Mark End 0.010ms
[14.857s][info][gc,phases] GC(300) y: Concurrent Mark Free 0.001ms
[14.857s][info][gc,phases] GC(300) y: Concurrent Reset Relocation Set 0.011ms
[14.857s][info][gc,phases] GC(300) y: Concurrent Select Relocation Set 0.376ms
[14.857s][info][gc,phases] GC(300) y: Pause Relocate Start 0.004ms
[14.862s][info][gc,phases] GC(300) y: Concurrent Relocate 4.735ms
[14.862s][info][gc,phases] GC(300) y: Young Generation 1402M(68%)->1018M(50%) 0.018s
[14.862s][info][gc       ] GC(300) Minor Collection (Allocation Rate) 1400M(68%)->1018M(50%) 0.018s
[14.908s][info][gc       ] GC(301) Minor Collection (Allocation Rate)
[14.908s][info][gc,phases] GC(301) y: Young Generation
[14.908s][info][gc,phases] GC(301) y: Pause Mark Start 0.008ms
[14.920s][info][gc,phases] GC(301) y: Concurrent Mark 11.921ms
[14.921s][info][gc,phases] GC(301) y: Pause Mark End 0.012ms
[14.921s][info][gc,phases] GC(301) y: Concurrent Mark Free 0.001ms
[14.921s][info][gc,phases] GC(301) y: Concurrent Reset Relocation Set 0.012ms
[14.922s][info][gc,phases] GC(301) y: Concurrent Select Relocation Set 0.427ms
[14.922s][info][gc,phases] GC(301) y: Pause Relocate Start 0.005ms
[14.927s][info][gc,phases] GC(301) y: Concurrent Relocate 5.393ms
[14.927s][info][gc,phases] GC(301) y: Young Generation 1476M(72%)->1042M(51%) 0.020s
[14.927s][info][gc       ] GC(301) Minor Collection (Allocation Rate) 1474M(72%)->1046M(51%) 0.020s
[14.955s][info][gc       ] GC(302) Minor Collection (Allocation Rate)
[14.955s][info][gc,phases] GC(302) y: Young Generation
[14.956s][info][gc,phases] GC(302) y: Pause Mark Start 0.014ms
[14.967s][info][gc,phases] GC(302) y: Concurrent Mark 11.741ms
[14.968s][info][gc,phases] GC(302) y: Pause Mark End 0.011ms
[14.968s][info][gc,phases] GC(302) y: Concurrent Mark Free 0.001ms
[14.968s][info][gc,phases] GC(302) y: Concurrent Reset Relocation Set 0.011ms
[14.968s][info][gc,phases] GC(302) y: Concurrent Select Relocation Set 0.173ms
[14.968s][info][gc,phases] GC(302) y: Pause Relocate Start 0.004ms
[14.973s][info][gc,phases] GC(302) y: Concurrent Relocate 5.164ms
[14.974s][info][gc,phases] GC(302) y: Young Generation 1506M(74%)->1044M(51%) 0.018s
[14.974s][info][gc       ] GC(302) Minor Collection (Allocation Rate) 1504M(73%)->1044M(51%) 0.019s
[15.021s][info][gc       ] GC(303) Minor Collection (Allocation Rate)
[15.021s][info][gc,phases] GC(303) y: Young Generation
[15.021s][info][gc,phases] GC(303) y: Pause Mark Start 0.008ms
[15.033s][info][gc,phases] GC(303) y: Concurrent Mark 12.415ms
[15.034s][info][gc,phases] GC(303) y: Pause Mark End 0.010ms
[15.034s][info][gc,phases] GC(303) y: Concurrent Mark Free 0.002ms
[15.034s][info][gc,phases] GC(303) y: Concurrent Reset Relocation Set 0.009ms
[15.034s][info][gc,phases] GC(303) y: Concurrent Select Relocation Set 0.362ms
[15.034s][info][gc,phases] GC(303) y: Pause Relocate Start 0.004ms
[15.040s][info][gc,phases] GC(303) y: Concurrent Relocate 5.274ms
[15.040s][info][gc,phases] GC(303) y: Young Generation 1516M(74%)->1066M(52%) 0.019s
[15.040s][info][gc       ] GC(303) Minor Collection (Allocation Rate) 1514M(74%)->1066M(52%) 0.019s
[15.084s][info][gc       ] GC(304) Minor Collection (Allocation Rate)
[15.084s][info][gc,phases] GC(304) y: Young Generation
[15.085s][info][gc,phases] GC(304) y: Pause Mark Start 0.010ms
[15.097s][info][gc,phases] GC(304) y: Concurrent Mark 12.626ms
[15.098s][info][gc,phases] GC(304) y: Pause Mark End 0.012ms
[15.098s][info][gc,phases] GC(304) y: Concurrent Mark Free 0.003ms
[15.098s][info][gc,phases] GC(304) y: Concurrent Reset Relocation Set 0.012ms
[15.098s][info][gc,phases] GC(304) y: Concurrent Select Relocation Set 0.573ms
[15.099s][info][gc,phases] GC(304) y: Pause Relocate Start 0.005ms
[15.104s][info][gc,phases] GC(304) y: Concurrent Relocate 5.431ms
[15.104s][info][gc,phases] GC(304) y: Young Generation 1512M(74%)->1080M(53%) 0.020s
[15.104s][info][gc       ] GC(304) Minor Collection (Allocation Rate) 1512M(74%)->1084M(53%) 0.020s
[15.136s][info][gc       ] GC(305) Minor Collection (Allocation Rate)
[15.136s][info][gc,phases] GC(305) y: Young Generation
[15.137s][info][gc,phases] GC(305) y: Pause Mark Start 0.013ms
[15.149s][info][gc,phases] GC(305) y: Concurrent Mark 12.060ms
[15.149s][info][gc,phases] GC(305) y: Pause Mark End 0.010ms
[15.149s][info][gc,phases] GC(305) y: Concurrent Mark Free 0.001ms
[15.149s][info][gc,phases] GC(305) y: Concurrent Reset Relocation Set 0.011ms
[15.149s][info][gc,phases] GC(305) y: Concurrent Select Relocation Set 0.176ms
[15.150s][info][gc,phases] GC(305) y: Pause Relocate Start 0.004ms
[15.154s][info][gc,phases] GC(305) y: Concurrent Relocate 4.734ms
[15.155s][info][gc,phases] GC(305) y: Young Generation 1494M(73%)->1074M(52%) 0.018s
[15.155s][info][gc       ] GC(305) Minor Collection (Allocation Rate) 1494M(73%)->1076M(53%) 0.018s
[15.198s][info][gc       ] GC(306) Minor Collection (Allocation Rate)
[15.198s][info][gc,phases] GC(306) y: Young Generation
[15.198s][info][gc,phases] GC(306) y: Pause Mark Start 0.011ms
[15.211s][info][gc,phases] GC(306) y: Concurrent Mark 12.126ms
[15.211s][info][gc,phases] GC(306) y: Pause Mark End 0.013ms
[15.211s][info][gc,phases] GC(306) y: Concurrent Mark Free 0.001ms
[15.211s][info][gc,phases] GC(306) y: Concurrent Reset Relocation Set 0.009ms
[15.212s][info][gc,phases] GC(306) y: Concurrent Select Relocation Set 0.587ms
[15.212s][info][gc,phases] GC(306) y: Pause Relocate Start 0.009ms
[15.217s][info][gc,phases] GC(306) y: Concurrent Relocate 5.277ms
[15.217s][info][gc,phases] GC(306) y: Young Generation 1514M(74%)->1110M(54%) 0.019s
[15.217s][info][gc       ] GC(306) Minor Collection (Allocation Rate) 1514M(74%)->1112M(54%) 0.019s
[15.260s][info][gc       ] GC(307) Minor Collection (Allocation Rate)
[15.260s][info][gc,phases] GC(307) y: Young Generation
[15.260s][info][gc,phases] GC(307) y: Pause Mark Start 0.012ms
[15.273s][info][gc,phases] GC(307) y: Concurrent Mark 11.935ms
[15.273s][info][gc,phases] GC(307) y: Pause Mark End 0.012ms
[15.273s][info][gc,phases] GC(307) y: Concurrent Mark Free 0.001ms
[15.273s][info][gc,phases] GC(307) y: Concurrent Reset Relocation Set 0.014ms
[15.273s][info][gc,phases] GC(307) y: Concurrent Select Relocation Set 0.161ms
[15.273s][info][gc,phases] GC(307) y: Pause Relocate Start 0.007ms
[15.279s][info][gc,phases] GC(307) y: Concurrent Relocate 4.978ms
[15.279s][info][gc,phases] GC(307) y: Young Generation 1544M(75%)->1098M(54%) 0.018s
[15.279s][info][gc       ] GC(307) Minor Collection (Allocation Rate) 1542M(75%)->1100M(54%) 0.019s
[15.325s][info][gc       ] GC(308) Minor Collection (Allocation Rate)
[15.326s][info][gc,phases] GC(308) y: Young Generation
[15.326s][info][gc,phases] GC(308) y: Pause Mark Start 0.010ms
[15.338s][info][gc,phases] GC(308) y: Concurrent Mark 11.991ms
[15.338s][info][gc,phases] GC(308) y: Pause Mark End 0.012ms
[15.338s][info][gc,phases] GC(308) y: Concurrent Mark Free 0.001ms
[15.338s][info][gc,phases] GC(308) y: Concurrent Reset Relocation Set 0.011ms
[15.339s][info][gc,phases] GC(308) y: Concurrent Select Relocation Set 0.765ms
[15.339s][info][gc,phases] GC(308) y: Pause Relocate Start 0.009ms
[15.345s][info][gc,phases] GC(308) y: Concurrent Relocate 5.723ms
[15.345s][info][gc,phases] GC(308) y: Young Generation 1570M(77%)->1212M(59%) 0.020s
[15.345s][info][gc       ] GC(308) Minor Collection (Allocation Rate) 1570M(77%)->1216M(59%) 0.020s
[15.377s][info][gc       ] GC(309) Minor Collection (Allocation Rate)
[15.378s][info][gc,phases] GC(309) y: Young Generation
[15.378s][info][gc,phases] GC(309) y: Pause Mark Start 0.011ms
[15.389s][info][gc,phases] GC(309) y: Concurrent Mark 11.285ms
[15.389s][info][gc,phases] GC(309) y: Pause Mark End 0.010ms
[15.389s][info][gc,phases] GC(309) y: Concurrent Mark Free 0.001ms
[15.389s][info][gc,phases] GC(309) y: Concurrent Reset Relocation Set 0.015ms
[15.390s][info][gc,phases] GC(309) y: Concurrent Select Relocation Set 0.180ms
[15.390s][info][gc,phases] GC(309) y: Pause Relocate Start 0.007ms
[15.395s][info][gc,phases] GC(309) y: Concurrent Relocate 4.785ms
[15.395s][info][gc,phases] GC(309) y: Young Generation 1538M(75%)->1148M(56%) 0.017s
[15.395s][info][gc       ] GC(309) Minor Collection (Allocation Rate) 1536M(75%)->1150M(56%) 0.018s
[15.422s][info][gc       ] GC(310) Minor Collection (Allocation Rate)
[15.423s][info][gc,phases] GC(310) y: Young Generation
[15.423s][info][gc,phases] GC(310) y: Pause Mark Start 0.007ms
[15.434s][info][gc,phases] GC(310) y: Concurrent Mark 11.499ms
[15.435s][info][gc,phases] GC(310) y: Pause Mark End 0.010ms
[15.435s][info][gc,phases] GC(310) y: Concurrent Mark Free 0.001ms
[15.435s][info][gc,phases] GC(310) y: Concurrent Reset Relocation Set 0.009ms
[15.435s][info][gc,phases] GC(310) y: Concurrent Select Relocation Set 0.387ms
[15.435s][info][gc,phases] GC(310) y: Pause Relocate Start 0.004ms
[15.440s][info][gc,phases] GC(310) y: Concurrent Relocate 4.653ms
[15.440s][info][gc,phases] GC(310) y: Young Generation 1496M(73%)->1124M(55%) 0.018s
[15.440s][info][gc       ] GC(310) Minor Collection (Allocation Rate) 1496M(73%)->1128M(55%) 0.018s
[15.480s][info][gc       ] GC(311) Major Collection (Allocation Rate)
[15.480s][info][gc,phases] GC(311) Y: Young Generation
[15.480s][info][gc,phases] GC(311) Y: Pause Mark Start (Major) 0.009ms
[15.488s][info][gc,phases] GC(311) Y: Concurrent Mark 7.876ms
[15.488s][info][gc,phases] GC(311) Y: Pause Mark End 0.012ms
[15.489s][info][gc,phases] GC(311) Y: Concurrent Mark Free 0.002ms
[15.489s][info][gc,phases] GC(311) Y: Concurrent Reset Relocation Set 0.011ms
[15.489s][info][gc,phases] GC(311) Y: Concurrent Select Relocation Set 0.369ms
[15.489s][info][gc,phases] GC(311) Y: Pause Relocate Start 0.004ms
[15.494s][info][gc,phases] GC(311) Y: Concurrent Relocate 4.746ms
[15.494s][info][gc,phases] GC(311) Y: Young Generation 1526M(75%)->1168M(57%) 0.014s
[15.494s][info][gc,phases] GC(311) O: Old Generation
[15.529s][info][gc       ] GC(312) Minor Collection (Allocation Rate)
[15.530s][info][gc,phases] GC(312) y: Young Generation
[15.530s][info][gc,phases] GC(312) y: Pause Mark Start 0.010ms
[15.538s][info][gc,phases] GC(312) y: Concurrent Mark 8.319ms
[15.539s][info][gc,phases] GC(312) y: Pause Mark End 0.011ms
[15.539s][info][gc,phases] GC(312) y: Concurrent Mark Free 0.002ms
[15.539s][info][gc,phases] GC(312) y: Concurrent Reset Relocation Set 0.011ms
[15.539s][info][gc,phases] GC(312) y: Concurrent Select Relocation Set 0.401ms
[15.540s][info][gc,phases] GC(312) y: Pause Relocate Start 0.004ms
[15.544s][info][gc,phases] GC(312) y: Concurrent Relocate 4.663ms
[15.545s][info][gc,phases] GC(312) y: Young Generation 1518M(74%)->1120M(55%) 0.015s
[15.545s][info][gc       ] GC(312) Minor Collection (Allocation Rate) 1518M(74%)->1124M(55%) 0.015s
[15.566s][info][gc,phases] GC(311) O: Concurrent Mark 71.127ms
[15.566s][info][gc,phases] GC(311) O: Pause Mark End 0.012ms
[15.566s][info][gc,phases] GC(311) O: Concurrent Mark Free 0.001ms
[15.570s][info][gc,phases] GC(311) O: Concurrent Process Non-Strong 4.093ms
[15.570s][info][gc,phases] GC(311) O: Concurrent Reset Relocation Set 0.003ms
[15.570s][info][gc,phases] GC(311) O: Concurrent Select Relocation Set 0.137ms
[15.576s][info][gc,phases] GC(311) O: Concurrent Remap Roots 5.339ms
[15.576s][info][gc,phases] GC(311) O: Pause Relocate Start 0.012ms
[15.578s][info][gc,phases] GC(311) O: Concurrent Relocate 1.525ms
[15.578s][info][gc,phases] GC(311) O: Old Generation 1170M(57%)->1284M(63%) 0.083s
[15.578s][info][gc       ] GC(311) Major Collection (Allocation Rate) 1524M(74%)->1288M(63%) 0.098s
[15.605s][info][gc       ] GC(313) Minor Collection (Allocation Rate)
[15.605s][info][gc,phases] GC(313) y: Young Generation
[15.605s][info][gc,phases] GC(313) y: Pause Mark Start 0.011ms
[15.618s][info][gc,phases] GC(313) y: Concurrent Mark 13.061ms
[15.618s][info][gc,phases] GC(313) y: Pause Mark End 0.015ms
[15.619s][info][gc,phases] GC(313) y: Concurrent Mark Free 0.001ms
[15.619s][info][gc,phases] GC(313) y: Concurrent Reset Relocation Set 0.008ms
[15.619s][info][gc,phases] GC(313) y: Concurrent Select Relocation Set 0.552ms
[15.619s][info][gc,phases] GC(313) y: Pause Relocate Start 0.005ms
[15.626s][info][gc,phases] GC(313) y: Concurrent Relocate 6.492ms
[15.626s][info][gc,phases] GC(313) y: Young Generation 1580M(77%)->1030M(50%) 0.021s
[15.626s][info][gc       ] GC(313) Minor Collection (Allocation Rate) 1578M(77%)->1032M(50%) 0.021s
[15.654s][info][gc       ] GC(314) Minor Collection (Allocation Rate)
[15.654s][info][gc,phases] GC(314) y: Young Generation
[15.654s][info][gc,phases] GC(314) y: Pause Mark Start 0.010ms
[15.666s][info][gc,phases] GC(314) y: Concurrent Mark 11.182ms
[15.666s][info][gc,phases] GC(314) y: Pause Mark End 0.013ms
[15.666s][info][gc,phases] GC(314) y: Concurrent Mark Free 0.001ms
[15.666s][info][gc,phases] GC(314) y: Concurrent Reset Relocation Set 0.013ms
[15.666s][info][gc,phases] GC(314) y: Concurrent Select Relocation Set 0.194ms
[15.666s][info][gc,phases] GC(314) y: Pause Relocate Start 0.004ms
[15.670s][info][gc,phases] GC(314) y: Concurrent Relocate 3.925ms
[15.671s][info][gc,phases] GC(314) y: Young Generation 1314M(64%)->988M(48%) 0.016s
[15.671s][info][gc       ] GC(314) Minor Collection (Allocation Rate) 1314M(64%)->992M(48%) 0.017s
[15.718s][info][gc       ] GC(315) Minor Collection (Allocation Rate)
[15.718s][info][gc,phases] GC(315) y: Young Generation
[15.718s][info][gc,phases] GC(315) y: Pause Mark Start 0.010ms
[15.730s][info][gc,phases] GC(315) y: Concurrent Mark 12.321ms
[15.731s][info][gc,phases] GC(315) y: Pause Mark End 0.012ms
[15.731s][info][gc,phases] GC(315) y: Concurrent Mark Free 0.001ms
[15.731s][info][gc,phases] GC(315) y: Concurrent Reset Relocation Set 0.007ms
[15.732s][info][gc,phases] GC(315) y: Concurrent Select Relocation Set 0.795ms
[15.732s][info][gc,phases] GC(315) y: Pause Relocate Start 0.008ms
[15.738s][info][gc,phases] GC(315) y: Concurrent Relocate 5.711ms
[15.738s][info][gc,phases] GC(315) y: Young Generation 1466M(72%)->1108M(54%) 0.020s
[15.738s][info][gc       ] GC(315) Minor Collection (Allocation Rate) 1466M(72%)->1110M(54%) 0.020s
[15.773s][info][gc       ] GC(316) Minor Collection (Allocation Rate)
[15.773s][info][gc,phases] GC(316) y: Young Generation
[15.773s][info][gc,phases] GC(316) y: Pause Mark Start 0.010ms
[15.784s][info][gc,phases] GC(316) y: Concurrent Mark 11.002ms
[15.785s][info][gc,phases] GC(316) y: Pause Mark End 0.014ms
[15.785s][info][gc,phases] GC(316) y: Concurrent Mark Free 0.001ms
[15.785s][info][gc,phases] GC(316) y: Concurrent Reset Relocation Set 0.016ms
[15.785s][info][gc,phases] GC(316) y: Concurrent Select Relocation Set 0.179ms
[15.785s][info][gc,phases] GC(316) y: Pause Relocate Start 0.003ms
[15.790s][info][gc,phases] GC(316) y: Concurrent Relocate 4.853ms
[15.790s][info][gc,phases] GC(316) y: Young Generation 1464M(71%)->1018M(50%) 0.017s
[15.790s][info][gc       ] GC(316) Minor Collection (Allocation Rate) 1464M(71%)->1020M(50%) 0.017s
[15.840s][info][gc       ] GC(317) Minor Collection (Allocation Rate)
[15.840s][info][gc,phases] GC(317) y: Young Generation
[15.840s][info][gc,phases] GC(317) y: Pause Mark Start 0.010ms
[15.852s][info][gc,phases] GC(317) y: Concurrent Mark 11.736ms
[15.852s][info][gc,phases] GC(317) y: Pause Mark End 0.013ms
[15.852s][info][gc,phases] GC(317) y: Concurrent Mark Free 0.000ms
[15.852s][info][gc,phases] GC(317) y: Concurrent Reset Relocation Set 0.009ms
[15.853s][info][gc,phases] GC(317) y: Concurrent Select Relocation Set 0.175ms
[15.853s][info][gc,phases] GC(317) y: Pause Relocate Start 0.009ms
[15.858s][info][gc,phases] GC(317) y: Concurrent Relocate 5.266ms
[15.858s][info][gc,phases] GC(317) y: Young Generation 1520M(74%)->1042M(51%) 0.018s
[15.858s][info][gc       ] GC(317) Minor Collection (Allocation Rate) 1520M(74%)->1044M(51%) 0.019s
[15.910s][info][gc       ] GC(318) Minor Collection (Allocation Rate)
[15.910s][info][gc,phases] GC(318) y: Young Generation
[15.910s][info][gc,phases] GC(318) y: Pause Mark Start 0.011ms
[15.923s][info][gc,phases] GC(318) y: Concurrent Mark 12.864ms
[15.924s][info][gc,phases] GC(318) y: Pause Mark End 0.013ms
[15.924s][info][gc,phases] GC(318) y: Concurrent Mark Free 0.002ms
[15.924s][info][gc,phases] GC(318) y: Concurrent Reset Relocation Set 0.015ms
[15.925s][info][gc,phases] GC(318) y: Concurrent Select Relocation Set 0.632ms
[15.925s][info][gc,phases] GC(318) y: Pause Relocate Start 0.008ms
[15.931s][info][gc,phases] GC(318) y: Concurrent Relocate 6.196ms
[15.931s][info][gc,phases] GC(318) y: Young Generation 1564M(76%)->1108M(54%) 0.021s
[15.931s][info][gc       ] GC(318) Minor Collection (Allocation Rate) 1562M(76%)->1112M(54%) 0.021s
[15.965s][info][gc       ] GC(319) Minor Collection (Allocation Rate)
[15.965s][info][gc,phases] GC(319) y: Young Generation
[15.965s][info][gc,phases] GC(319) y: Pause Mark Start 0.007ms
[15.978s][info][gc,phases] GC(319) y: Concurrent Mark 12.669ms
[15.978s][info][gc,phases] GC(319) y: Pause Mark End 0.010ms
[15.978s][info][gc,phases] GC(319) y: Concurrent Mark Free 0.001ms
[15.978s][info][gc,phases] GC(319) y: Concurrent Reset Relocation Set 0.012ms
[15.979s][info][gc,phases] GC(319) y: Concurrent Select Relocation Set 0.566ms
[15.979s][info][gc,phases] GC(319) y: Pause Relocate Start 0.009ms
[15.985s][info][gc,phases] GC(319) y: Concurrent Relocate 5.162ms
[15.985s][info][gc,phases] GC(319) y: Young Generation 1478M(72%)->1076M(53%) 0.020s
[15.985s][info][gc       ] GC(319) Minor Collection (Allocation Rate) 1478M(72%)->1078M(53%) 0.020s
[16.029s][info][gc       ] GC(320) Minor Collection (Allocation Rate)
[16.029s][info][gc,phases] GC(320) y: Young Generation
[16.029s][info][gc,phases] GC(320) y: Pause Mark Start 0.007ms
[16.042s][info][gc,phases] GC(320) y: Concurrent Mark 12.125ms
[16.042s][info][gc,phases] GC(320) y: Pause Mark End 0.010ms
[16.042s][info][gc,phases] GC(320) y: Concurrent Mark Free 0.002ms
[16.042s][info][gc,phases] GC(320) y: Concurrent Reset Relocation Set 0.015ms
[16.042s][info][gc,phases] GC(320) y: Concurrent Select Relocation Set 0.415ms
[16.043s][info][gc,phases] GC(320) y: Pause Relocate Start 0.008ms
[16.048s][info][gc,phases] GC(320) y: Concurrent Relocate 5.368ms
[16.048s][info][gc,phases] GC(320) y: Young Generation 1524M(74%)->1090M(53%) 0.019s
[16.048s][info][gc       ] GC(320) Minor Collection (Allocation Rate) 1524M(74%)->1092M(53%) 0.019s
[16.095s][info][gc       ] GC(321) Minor Collection (Allocation Rate)
[16.096s][info][gc,phases] GC(321) y: Young Generation
[16.096s][info][gc,phases] GC(321) y: Pause Mark Start 0.010ms
[16.108s][info][gc,phases] GC(321) y: Concurrent Mark 12.377ms
[16.109s][info][gc,phases] GC(321) y: Pause Mark End 0.010ms
[16.109s][info][gc,phases] GC(321) y: Concurrent Mark Free 0.001ms
[16.109s][info][gc,phases] GC(321) y: Concurrent Reset Relocation Set 0.010ms
[16.109s][info][gc,phases] GC(321) y: Concurrent Select Relocation Set 0.440ms
[16.109s][info][gc,phases] GC(321) y: Pause Relocate Start 0.004ms
[16.115s][info][gc,phases] GC(321) y: Concurrent Relocate 5.572ms
[16.115s][info][gc,phases] GC(321) y: Young Generation 1566M(76%)->1098M(54%) 0.019s
[16.115s][info][gc       ] GC(321) Minor Collection (Allocation Rate) 1564M(76%)->1102M(54%) 0.020s
[16.161s][info][gc       ] GC(322) Minor Collection (Allocation Rate)
[16.161s][info][gc,phases] GC(322) y: Young Generation
[16.161s][info][gc,phases] GC(322) y: Pause Mark Start 0.010ms
[16.174s][info][gc,phases] GC(322) y: Concurrent Mark 12.385ms
[16.174s][info][gc,phases] GC(322) y: Pause Mark End 0.011ms
[16.174s][info][gc,phases] GC(322) y: Concurrent Mark Free 0.002ms
[16.174s][info][gc,phases] GC(322) y: Concurrent Reset Relocation Set 0.013ms
[16.175s][info][gc,phases] GC(322) y: Concurrent Select Relocation Set 0.235ms
[16.175s][info][gc,phases] GC(322) y: Pause Relocate Start 0.004ms
[16.180s][info][gc,phases] GC(322) y: Concurrent Relocate 5.207ms
[16.180s][info][gc,phases] GC(322) y: Young Generation 1562M(76%)->1106M(54%) 0.019s
[16.180s][info][gc       ] GC(322) Minor Collection (Allocation Rate) 1562M(76%)->1108M(54%) 0.019s
[16.228s][info][gc       ] GC(323) Minor Collection (Allocation Rate)
[16.228s][info][gc,phases] GC(323) y: Young Generation
[16.228s][info][gc,phases] GC(323) y: Pause Mark Start 0.011ms
[16.241s][info][gc,phases] GC(323) y: Concurrent Mark 12.762ms
[16.242s][info][gc,phases] GC(323) y: Pause Mark End 0.011ms
[16.242s][info][gc,phases] GC(323) y: Concurrent Mark Free 0.001ms
[16.242s][info][gc,phases] GC(323) y: Concurrent Reset Relocation Set 0.010ms
[16.242s][info][gc,phases] GC(323) y: Concurrent Select Relocation Set 0.607ms
[16.243s][info][gc,phases] GC(323) y: Pause Relocate Start 0.009ms
[16.248s][info][gc,phases] GC(323) y: Concurrent Relocate 5.705ms
[16.249s][info][gc,phases] GC(323) y: Young Generation 1590M(78%)->1132M(55%) 0.020s
[16.249s][info][gc       ] GC(323) Minor Collection (Allocation Rate) 1588M(78%)->1134M(55%) 0.020s
[16.292s][info][gc       ] GC(324) Minor Collection (Allocation Rate)
[16.292s][info][gc,phases] GC(324) y: Young Generation
[16.292s][info][gc,phases] GC(324) y: Pause Mark Start 0.010ms
[16.304s][info][gc,phases] GC(324) y: Concurrent Mark 12.111ms
[16.305s][info][gc,phases] GC(324) y: Pause Mark End 0.013ms
[16.305s][info][gc,phases] GC(324) y: Concurrent Mark Free 0.001ms
[16.305s][info][gc,phases] GC(324) y: Concurrent Reset Relocation Set 0.013ms
[16.305s][info][gc,phases] GC(324) y: Concurrent Select Relocation Set 0.179ms
[16.305s][info][gc,phases] GC(324) y: Pause Relocate Start 0.003ms
[16.310s][info][gc,phases] GC(324) y: Concurrent Relocate 5.064ms
[16.311s][info][gc,phases] GC(324) y: Young Generation 1570M(77%)->1126M(55%) 0.019s
[16.311s][info][gc       ] GC(324) Minor Collection (Allocation Rate) 1570M(77%)->1128M(55%) 0.019s
[16.356s][info][gc       ] GC(325) Minor Collection (Allocation Rate)
[16.356s][info][gc,phases] GC(325) y: Young Generation
[16.356s][info][gc,phases] GC(325) y: Pause Mark Start 0.007ms
[16.369s][info][gc,phases] GC(325) y: Concurrent Mark 12.637ms
[16.369s][info][gc,phases] GC(325) y: Pause Mark End 0.017ms
[16.369s][info][gc,phases] GC(325) y: Concurrent Mark Free 0.001ms
[16.369s][info][gc,phases] GC(325) y: Concurrent Reset Relocation Set 0.009ms
[16.370s][info][gc,phases] GC(325) y: Concurrent Select Relocation Set 0.654ms
[16.370s][info][gc,phases] GC(325) y: Pause Relocate Start 0.006ms
[16.375s][info][gc,phases] GC(325) y: Concurrent Relocate 5.462ms
[16.376s][info][gc,phases] GC(325) y: Young Generation 1582M(77%)->1150M(56%) 0.020s
[16.376s][info][gc       ] GC(325) Minor Collection (Allocation Rate) 1582M(77%)->1152M(56%) 0.020s
[16.418s][info][gc       ] GC(326) Major Collection (Allocation Rate)
[16.418s][info][gc,phases] GC(326) Y: Young Generation
[16.418s][info][gc,phases] GC(326) Y: Pause Mark Start (Major) 0.012ms
[16.427s][info][gc,phases] GC(326) Y: Concurrent Mark 8.715ms
[16.427s][info][gc,phases] GC(326) Y: Pause Mark End 0.010ms
[16.427s][info][gc,phases] GC(326) Y: Concurrent Mark Free 0.001ms
[16.427s][info][gc,phases] GC(326) Y: Concurrent Reset Relocation Set 0.012ms
[16.428s][info][gc,phases] GC(326) Y: Concurrent Select Relocation Set 0.409ms
[16.428s][info][gc,phases] GC(326) Y: Pause Relocate Start 0.004ms
[16.433s][info][gc,phases] GC(326) Y: Concurrent Relocate 5.286ms
[16.434s][info][gc,phases] GC(326) Y: Young Generation 1576M(77%)->1186M(58%) 0.016s
[16.434s][info][gc,phases] GC(326) O: Old Generation
[16.466s][info][gc       ] GC(327) Minor Collection (Allocation Rate)
[16.466s][info][gc,phases] GC(327) y: Young Generation
[16.466s][info][gc,phases] GC(327) y: Pause Mark Start 0.008ms
[16.475s][info][gc,phases] GC(327) y: Concurrent Mark 8.368ms
[16.475s][info][gc,phases] GC(327) y: Pause Mark End 0.011ms
[16.475s][info][gc,phases] GC(327) y: Concurrent Mark Free 0.001ms
[16.476s][info][gc,phases] GC(327) y: Concurrent Reset Relocation Set 0.012ms
[16.476s][info][gc,phases] GC(327) y: Concurrent Select Relocation Set 0.373ms
[16.476s][info][gc,phases] GC(327) y: Pause Relocate Start 0.004ms
[16.480s][info][gc,phases] GC(327) y: Concurrent Relocate 3.868ms
[16.480s][info][gc,phases] GC(327) y: Young Generation 1510M(74%)->1120M(55%) 0.014s
[16.480s][info][gc       ] GC(327) Minor Collection (Allocation Rate) 1508M(74%)->1120M(55%) 0.014s
[16.506s][info][gc,phases] GC(326) O: Concurrent Mark 71.893ms
[16.506s][info][gc,phases] GC(326) O: Pause Mark End 0.011ms
[16.506s][info][gc,phases] GC(326) O: Concurrent Mark Free 0.003ms
[16.510s][info][gc,phases] GC(326) O: Concurrent Process Non-Strong 3.853ms
[16.510s][info][gc,phases] GC(326) O: Concurrent Reset Relocation Set 0.004ms
[16.510s][info][gc,phases] GC(326) O: Concurrent Select Relocation Set 0.160ms
[16.516s][info][gc,phases] GC(326) O: Concurrent Remap Roots 5.429ms
[16.516s][info][gc,phases] GC(326) O: Pause Relocate Start 0.013ms
[16.518s][info][gc,phases] GC(326) O: Concurrent Relocate 1.492ms
[16.518s][info][gc,phases] GC(326) O: Old Generation 1190M(58%)->1344M(66%) 0.084s
[16.518s][info][gc       ] GC(326) Major Collection (Allocation Rate) 1576M(77%)->1348M(66%) 0.100s
[16.527s][info][gc       ] GC(328) Minor Collection (Allocation Rate)
[16.527s][info][gc,phases] GC(328) y: Young Generation
[16.527s][info][gc,phases] GC(328) y: Pause Mark Start 0.012ms
[16.540s][info][gc,phases] GC(328) y: Concurrent Mark 12.887ms
[16.541s][info][gc,phases] GC(328) y: Pause Mark End 0.010ms
[16.541s][info][gc,phases] GC(328) y: Concurrent Mark Free 0.001ms
[16.541s][info][gc,phases] GC(328) y: Concurrent Reset Relocation Set 0.008ms
[16.541s][info][gc,phases] GC(328) y: Concurrent Select Relocation Set 0.574ms
[16.542s][info][gc,phases] GC(328) y: Pause Relocate Start 0.005ms
[16.548s][info][gc,phases] GC(328) y: Concurrent Relocate 6.000ms
[16.548s][info][gc,phases] GC(328) y: Young Generation 1512M(74%)->1066M(52%) 0.021s
[16.548s][info][gc       ] GC(328) Minor Collection (Allocation Rate) 1512M(74%)->1070M(52%) 0.021s
[16.558s][info][gc       ] GC(329) Minor Collection (Allocation Rate)
[16.558s][info][gc,phases] GC(329) y: Young Generation
[16.558s][info][gc,phases] GC(329) y: Pause Mark Start 0.013ms
[16.569s][info][gc,phases] GC(329) y: Concurrent Mark 10.690ms
[16.569s][info][gc,phases] GC(329) y: Pause Mark End 0.013ms
[16.569s][info][gc,phases] GC(329) y: Concurrent Mark Free 0.001ms
[16.570s][info][gc,phases] GC(329) y: Concurrent Reset Relocation Set 0.013ms
[16.570s][info][gc,phases] GC(329) y: Concurrent Select Relocation Set 0.165ms
[16.570s][info][gc,phases] GC(329) y: Pause Relocate Start 0.004ms
[16.573s][info][gc,phases] GC(329) y: Concurrent Relocate 3.280ms
[16.573s][info][gc,phases] GC(329) y: Young Generation 1250M(61%)->974M(48%) 0.015s
[16.573s][info][gc       ] GC(329) Minor Collection (Allocation Rate) 1250M(61%)->976M(48%) 0.015s
[16.612s][info][gc       ] GC(330) Minor Collection (Allocation Rate)
[16.612s][info][gc,phases] GC(330) y: Young Generation
[16.612s][info][gc,phases] GC(330) y: Pause Mark Start 0.010ms
[16.624s][info][gc,phases] GC(330) y: Concurrent Mark 11.464ms
[16.624s][info][gc,phases] GC(330) y: Pause Mark End 0.010ms
[16.624s][info][gc,phases] GC(330) y: Concurrent Mark Free 0.001ms
[16.624s][info][gc,phases] GC(330) y: Concurrent Reset Relocation Set 0.006ms
[16.625s][info][gc,phases] GC(330) y: Concurrent Select Relocation Set 0.758ms
[16.625s][info][gc,phases] GC(330) y: Pause Relocate Start 0.009ms
[16.630s][info][gc,phases] GC(330) y: Concurrent Relocate 4.835ms
[16.630s][info][gc,phases] GC(330) y: Young Generation 1354M(66%)->1010M(49%) 0.018s
[16.630s][info][gc       ] GC(330) Minor Collection (Allocation Rate) 1352M(66%)->1012M(49%) 0.018s
[16.675s][info][gc       ] GC(331) Minor Collection (Allocation Rate)
[16.675s][info][gc,phases] GC(331) y: Young Generation
[16.676s][info][gc,phases] GC(331) y: Pause Mark Start 0.007ms
[16.686s][info][gc,phases] GC(331) y: Concurrent Mark 10.841ms
[16.687s][info][gc,phases] GC(331) y: Pause Mark End 0.014ms
[16.687s][info][gc,phases] GC(331) y: Concurrent Mark Free 0.002ms
[16.687s][info][gc,phases] GC(331) y: Concurrent Reset Relocation Set 0.013ms
[16.687s][info][gc,phases] GC(331) y: Concurrent Select Relocation Set 0.193ms
[16.687s][info][gc,phases] GC(331) y: Pause Relocate Start 0.005ms
[16.692s][info][gc,phases] GC(331) y: Concurrent Relocate 4.828ms
[16.692s][info][gc,phases] GC(331) y: Young Generation 1456M(71%)->1012M(49%) 0.017s
[16.693s][info][gc       ] GC(331) Minor Collection (Allocation Rate) 1454M(71%)->1014M(50%) 0.017s
[16.742s][info][gc       ] GC(332) Minor Collection (Allocation Rate)
[16.742s][info][gc,phases] GC(332) y: Young Generation
[16.742s][info][gc,phases] GC(332) y: Pause Mark Start 0.008ms
[16.754s][info][gc,phases] GC(332) y: Concurrent Mark 11.433ms
[16.754s][info][gc,phases] GC(332) y: Pause Mark End 0.014ms
[16.754s][info][gc,phases] GC(332) y: Concurrent Mark Free 0.001ms
[16.754s][info][gc,phases] GC(332) y: Concurrent Reset Relocation Set 0.010ms
[16.754s][info][gc,phases] GC(332) y: Concurrent Select Relocation Set 0.203ms
[16.755s][info][gc,phases] GC(332) y: Pause Relocate Start 0.004ms
[16.760s][info][gc,phases] GC(332) y: Concurrent Relocate 5.145ms
[16.760s][info][gc,phases] GC(332) y: Young Generation 1500M(73%)->1028M(50%) 0.018s
[16.760s][info][gc       ] GC(332) Minor Collection (Allocation Rate) 1500M(73%)->1030M(50%) 0.018s
[16.812s][info][gc       ] GC(333) Minor Collection (Allocation Rate)
[16.812s][info][gc,phases] GC(333) y: Young Generation
[16.812s][info][gc,phases] GC(333) y: Pause Mark Start 0.011ms
[16.825s][info][gc,phases] GC(333) y: Concurrent Mark 12.373ms
[16.825s][info][gc,phases] GC(333) y: Pause Mark End 0.010ms
[16.825s][info][gc,phases] GC(333) y: Concurrent Mark Free 0.001ms
[16.825s][info][gc,phases] GC(333) y: Concurrent Reset Relocation Set 0.009ms
[16.826s][info][gc,phases] GC(333) y: Concurrent Select Relocation Set 0.506ms
[16.826s][info][gc,phases] GC(333) y: Pause Relocate Start 0.004ms
[16.832s][info][gc,phases] GC(333) y: Concurrent Relocate 5.675ms
[16.832s][info][gc,phases] GC(333) y: Young Generation 1542M(75%)->1132M(55%) 0.020s
[16.832s][info][gc       ] GC(333) Minor Collection (Allocation Rate) 1542M(75%)->1132M(55%) 0.020s
[16.872s][info][gc       ] GC(334) Minor Collection (Allocation Rate)
[16.872s][info][gc,phases] GC(334) y: Young Generation
[16.872s][info][gc,phases] GC(334) y: Pause Mark Start 0.007ms
[16.884s][info][gc,phases] GC(334) y: Concurrent Mark 12.443ms
[16.885s][info][gc,phases] GC(334) y: Pause Mark End 0.013ms
[16.885s][info][gc,phases] GC(334) y: Concurrent Mark Free 0.001ms
[16.885s][info][gc,phases] GC(334) y: Concurrent Reset Relocation Set 0.013ms
[16.885s][info][gc,phases] GC(334) y: Concurrent Select Relocation Set 0.379ms
[16.885s][info][gc,phases] GC(334) y: Pause Relocate Start 0.006ms
[16.891s][info][gc,phases] GC(334) y: Concurrent Relocate 5.640ms
[16.891s][info][gc,phases] GC(334) y: Young Generation 1522M(74%)->1134M(55%) 0.020s
[16.891s][info][gc       ] GC(334) Minor Collection (Allocation Rate) 1522M(74%)->1134M(55%) 0.020s
[16.916s][info][gc       ] GC(335) Minor Collection (Allocation Rate)
[16.916s][info][gc,phases] GC(335) y: Young Generation
[16.916s][info][gc,phases] GC(335) y: Pause Mark Start 0.008ms
[16.928s][info][gc,phases] GC(335) y: Concurrent Mark 12.286ms
[16.929s][info][gc,phases] GC(335) y: Pause Mark End 0.011ms
[16.929s][info][gc,phases] GC(335) y: Concurrent Mark Free 0.002ms
[16.929s][info][gc,phases] GC(335) y: Concurrent Reset Relocation Set 0.012ms
[16.930s][info][gc,phases] GC(335) y: Concurrent Select Relocation Set 0.745ms
[16.930s][info][gc,phases] GC(335) y: Pause Relocate Start 0.010ms
[16.935s][info][gc,phases] GC(335) y: Concurrent Relocate 5.566ms
[16.936s][info][gc,phases] GC(335) y: Young Generation 1486M(73%)->1164M(57%) 0.020s
[16.936s][info][gc       ] GC(335) Minor Collection (Allocation Rate) 1486M(73%)->1164M(57%) 0.020s
[16.959s][info][gc       ] GC(336) Minor Collection (Allocation Rate)
[16.960s][info][gc,phases] GC(336) y: Young Generation
[16.960s][info][gc,phases] GC(336) y: Pause Mark Start 0.009ms
[16.970s][info][gc,phases] GC(336) y: Concurrent Mark 10.559ms
[16.971s][info][gc,phases] GC(336) y: Pause Mark End 0.012ms
[16.971s][info][gc,phases] GC(336) y: Concurrent Mark Free 0.001ms
[16.971s][info][gc,phases] GC(336) y: Concurrent Reset Relocation Set 0.013ms
[16.971s][info][gc,phases] GC(336) y: Concurrent Select Relocation Set 0.382ms
[16.972s][info][gc,phases] GC(336) y: Pause Relocate Start 0.005ms
[16.976s][info][gc,phases] GC(336) y: Concurrent Relocate 4.457ms
[16.976s][info][gc,phases] GC(336) y: Young Generation 1398M(68%)->1134M(55%) 0.017s
[16.976s][info][gc       ] GC(336) Minor Collection (Allocation Rate) 1396M(68%)->1136M(55%) 0.017s
[16.998s][info][gc       ] GC(337) Minor Collection (Allocation Rate)
[16.998s][info][gc,phases] GC(337) y: Young Generation
[16.998s][info][gc,phases] GC(337) y: Pause Mark Start 0.013ms
[17.009s][info][gc,phases] GC(337) y: Concurrent Mark 10.462ms
[17.009s][info][gc,phases] GC(337) y: Pause Mark End 0.011ms
[17.009s][info][gc,phases] GC(337) y: Concurrent Mark Free 0.002ms
[17.009s][info][gc,phases] GC(337) y: Concurrent Reset Relocation Set 0.011ms
[17.010s][info][gc,phases] GC(337) y: Concurrent Select Relocation Set 0.392ms
[17.010s][info][gc,phases] GC(337) y: Pause Relocate Start 0.006ms
[17.014s][info][gc,phases] GC(337) y: Concurrent Relocate 3.896ms
[17.014s][info][gc,phases] GC(337) y: Young Generation 1344M(66%)->1126M(55%) 0.016s
[17.014s][info][gc       ] GC(337) Minor Collection (Allocation Rate) 1342M(66%)->1128M(55%) 0.016s
[17.050s][info][gc       ] GC(338) Minor Collection (Allocation Rate)
[17.050s][info][gc,phases] GC(338) y: Young Generation
[17.051s][info][gc,phases] GC(338) y: Pause Mark Start 0.010ms
[17.061s][info][gc,phases] GC(338) y: Concurrent Mark 10.378ms
[17.061s][info][gc,phases] GC(338) y: Pause Mark End 0.014ms
[17.061s][info][gc,phases] GC(338) y: Concurrent Mark Free 0.001ms
[17.061s][info][gc,phases] GC(338) y: Concurrent Reset Relocation Set 0.008ms
[17.062s][info][gc,phases] GC(338) y: Concurrent Select Relocation Set 0.185ms
[17.062s][info][gc,phases] GC(338) y: Pause Relocate Start 0.009ms
[17.066s][info][gc,phases] GC(338) y: Concurrent Relocate 4.445ms
[17.067s][info][gc,phases] GC(338) y: Young Generation 1480M(72%)->1072M(52%) 0.016s
[17.067s][info][gc       ] GC(338) Minor Collection (Allocation Rate) 1480M(72%)->1074M(52%) 0.016s
[17.110s][info][gc       ] GC(339) Minor Collection (Allocation Rate)
[17.111s][info][gc,phases] GC(339) y: Young Generation
[17.111s][info][gc,phases] GC(339) y: Pause Mark Start 0.008ms
[17.122s][info][gc,phases] GC(339) y: Concurrent Mark 11.207ms
[17.122s][info][gc,phases] GC(339) y: Pause Mark End 0.014ms
[17.123s][info][gc,phases] GC(339) y: Concurrent Mark Free 0.001ms
[17.123s][info][gc,phases] GC(339) y: Concurrent Reset Relocation Set 0.010ms
[17.123s][info][gc,phases] GC(339) y: Concurrent Select Relocation Set 0.357ms
[17.123s][info][gc,phases] GC(339) y: Pause Relocate Start 0.008ms
[17.128s][info][gc,phases] GC(339) y: Concurrent Relocate 4.838ms
[17.128s][info][gc,phases] GC(339) y: Young Generation 1506M(74%)->1168M(57%) 0.018s
[17.128s][info][gc       ] GC(339) Minor Collection (Allocation Rate) 1504M(73%)->1170M(57%) 0.018s
[17.162s][info][gc       ] GC(340) Minor Collection (Allocation Rate)
[17.162s][info][gc,phases] GC(340) y: Young Generation
[17.162s][info][gc,phases] GC(340) y: Pause Mark Start 0.011ms
[17.174s][info][gc,phases] GC(340) y: Concurrent Mark 11.303ms
[17.174s][info][gc,phases] GC(340) y: Pause Mark End 0.010ms
[17.174s][info][gc,phases] GC(340) y: Concurrent Mark Free 0.000ms
[17.174s][info][gc,phases] GC(340) y: Concurrent Reset Relocation Set 0.012ms
[17.174s][info][gc,phases] GC(340) y: Concurrent Select Relocation Set 0.353ms
[17.175s][info][gc,phases] GC(340) y: Pause Relocate Start 0.008ms
[17.179s][info][gc,phases] GC(340) y: Concurrent Relocate 4.684ms
[17.180s][info][gc,phases] GC(340) y: Young Generation 1500M(73%)->1188M(58%) 0.018s
[17.180s][info][gc       ] GC(340) Minor Collection (Allocation Rate) 1500M(73%)->1192M(58%) 0.018s
[17.220s][info][gc       ] GC(341) Minor Collection (Allocation Rate)
[17.220s][info][gc,phases] GC(341) y: Young Generation
[17.221s][info][gc,phases] GC(341) y: Pause Mark Start 0.011ms
[17.233s][info][gc,phases] GC(341) y: Concurrent Mark 11.880ms
[17.233s][info][gc,phases] GC(341) y: Pause Mark End 0.010ms
[17.233s][info][gc,phases] GC(341) y: Concurrent Mark Free 0.001ms
[17.233s][info][gc,phases] GC(341) y: Concurrent Reset Relocation Set 0.012ms
[17.233s][info][gc,phases] GC(341) y: Concurrent Select Relocation Set 0.201ms
[17.233s][info][gc,phases] GC(341) y: Pause Relocate Start 0.004ms
[17.239s][info][gc,phases] GC(341) y: Concurrent Relocate 5.278ms
[17.239s][info][gc,phases] GC(341) y: Young Generation 1590M(78%)->1130M(55%) 0.019s
[17.239s][info][gc       ] GC(341) Minor Collection (Allocation Rate) 1590M(78%)->1134M(55%) 0.019s
[17.278s][info][gc       ] GC(342) Minor Collection (Allocation Rate)
[17.278s][info][gc,phases] GC(342) y: Young Generation
[17.278s][info][gc,phases] GC(342) y: Pause Mark Start 0.010ms
[17.291s][info][gc,phases] GC(342) y: Concurrent Mark 12.315ms
[17.291s][info][gc,phases] GC(342) y: Pause Mark End 0.013ms
[17.291s][info][gc,phases] GC(342) y: Concurrent Mark Free 0.001ms
[17.291s][info][gc,phases] GC(342) y: Concurrent Reset Relocation Set 0.009ms
[17.292s][info][gc,phases] GC(342) y: Concurrent Select Relocation Set 0.384ms
[17.292s][info][gc,phases] GC(342) y: Pause Relocate Start 0.004ms
[17.297s][info][gc,phases] GC(342) y: Concurrent Relocate 5.148ms
[17.297s][info][gc,phases] GC(342) y: Young Generation 1554M(76%)->1182M(58%) 0.019s
[17.297s][info][gc       ] GC(342) Minor Collection (Allocation Rate) 1554M(76%)->1186M(58%) 0.019s
[17.317s][info][gc       ] GC(343) Major Collection (Allocation Rate)
[17.317s][info][gc,phases] GC(343) Y: Young Generation
[17.317s][info][gc,phases] GC(343) Y: Pause Mark Start (Major) 0.013ms
[17.326s][info][gc,phases] GC(343) Y: Concurrent Mark 8.599ms
[17.326s][info][gc,phases] GC(343) Y: Pause Mark End 0.010ms
[17.326s][info][gc,phases] GC(343) Y: Concurrent Mark Free 0.001ms
[17.326s][info][gc,phases] GC(343) Y: Concurrent Reset Relocation Set 0.010ms
[17.327s][info][gc,phases] GC(343) Y: Concurrent Select Relocation Set 0.353ms
[17.327s][info][gc,phases] GC(343) Y: Pause Relocate Start 0.008ms
[17.332s][info][gc,phases] GC(343) Y: Concurrent Relocate 4.783ms
[17.332s][info][gc,phases] GC(343) Y: Young Generation 1532M(75%)->1118M(55%) 0.015s
[17.332s][info][gc,phases] GC(343) O: Old Generation
[17.352s][info][gc       ] GC(344) Minor Collection (Allocation Rate)
[17.354s][info][gc,phases] GC(344) y: Young Generation
[17.356s][info][gc,phases] GC(344) y: Pause Mark Start 0.011ms
[17.365s][info][gc,phases] GC(344) y: Concurrent Mark 8.814ms
[17.365s][info][gc,phases] GC(344) y: Pause Mark End 0.015ms
[17.366s][info][gc,phases] GC(344) y: Concurrent Mark Free 0.000ms
[17.366s][info][gc,phases] GC(344) y: Concurrent Reset Relocation Set 0.009ms
[17.366s][info][gc,phases] GC(344) y: Concurrent Select Relocation Set 0.347ms
[17.366s][info][gc,phases] GC(344) y: Pause Relocate Start 0.004ms
[17.371s][info][gc,phases] GC(344) y: Concurrent Relocate 4.735ms
[17.371s][info][gc,phases] GC(344) y: Young Generation 1502M(73%)->1128M(55%) 0.017s
[17.371s][info][gc       ] GC(344) Minor Collection (Allocation Rate) 1430M(70%)->1130M(55%) 0.020s
[17.400s][info][gc       ] GC(345) Minor Collection (Allocation Rate)
[17.400s][info][gc,phases] GC(345) y: Young Generation
[17.401s][info][gc,phases] GC(345) y: Pause Mark Start 0.008ms
[17.403s][info][gc,phases] GC(343) O: Concurrent Mark 71.570ms
[17.405s][info][gc,phases] GC(343) O: Pause Mark End 0.019ms
[17.405s][info][gc,phases] GC(343) O: Concurrent Mark Free 0.002ms
[17.409s][info][gc,phases] GC(343) O: Concurrent Process Non-Strong 4.369ms
[17.409s][info][gc,phases] GC(343) O: Concurrent Reset Relocation Set 0.001ms
[17.410s][info][gc,phases] GC(345) y: Concurrent Mark 8.896ms
[17.410s][info][gc,phases] GC(343) O: Concurrent Select Relocation Set 0.167ms
[17.410s][info][gc,phases] GC(345) y: Pause Mark End 0.011ms
[17.410s][info][gc,phases] GC(345) y: Concurrent Mark Free 0.002ms
[17.410s][info][gc,phases] GC(345) y: Concurrent Reset Relocation Set 0.011ms
[17.411s][info][gc,phases] GC(345) y: Concurrent Select Relocation Set 0.601ms
[17.411s][info][gc,phases] GC(345) y: Pause Relocate Start 0.007ms
[17.415s][info][gc,phases] GC(345) y: Concurrent Relocate 3.918ms
[17.415s][info][gc,phases] GC(345) y: Young Generation 1410M(69%)->1016M(50%) 0.015s
[17.415s][info][gc       ] GC(345) Minor Collection (Allocation Rate) 1410M(69%)->1020M(50%) 0.015s
[17.421s][info][gc,phases] GC(343) O: Concurrent Remap Roots 5.591ms
[17.421s][info][gc,phases] GC(343) O: Pause Relocate Start 0.013ms
[17.424s][info][gc,phases] GC(343) O: Concurrent Relocate 2.609ms
[17.424s][info][gc,phases] GC(343) O: Old Generation 1120M(55%)->1062M(52%) 0.092s
[17.424s][info][gc       ] GC(343) Major Collection (Allocation Rate) 1532M(75%)->1064M(52%) 0.107s
[17.473s][info][gc       ] GC(346) Minor Collection (Allocation Rate)
[17.473s][info][gc,phases] GC(346) y: Young Generation
[17.473s][info][gc,phases] GC(346) y: Pause Mark Start 0.010ms
[17.485s][info][gc,phases] GC(346) y: Concurrent Mark 11.579ms
[17.485s][info][gc,phases] GC(346) y: Pause Mark End 0.010ms
[17.485s][info][gc,phases] GC(346) y: Concurrent Mark Free 0.001ms
[17.485s][info][gc,phases] GC(346) y: Concurrent Reset Relocation Set 0.010ms
[17.486s][info][gc,phases] GC(346) y: Concurrent Select Relocation Set 0.526ms
[17.486s][info][gc,phases] GC(346) y: Pause Relocate Start 0.007ms
[17.492s][info][gc,phases] GC(346) y: Concurrent Relocate 6.062ms
[17.493s][info][gc,phases] GC(346) y: Young Generation 1540M(75%)->1096M(54%) 0.019s
[17.493s][info][gc       ] GC(346) Minor Collection (Allocation Rate) 1538M(75%)->1096M(54%) 0.020s
[17.513s][info][gc       ] GC(347) Minor Collection (Allocation Rate)
[17.513s][info][gc,phases] GC(347) y: Young Generation
[17.513s][info][gc,phases] GC(347) y: Pause Mark Start 0.008ms
[17.524s][info][gc,phases] GC(347) y: Concurrent Mark 10.311ms
[17.524s][info][gc,phases] GC(347) y: Pause Mark End 0.014ms
[17.524s][info][gc,phases] GC(347) y: Concurrent Mark Free 0.001ms
[17.524s][info][gc,phases] GC(347) y: Concurrent Reset Relocation Set 0.015ms
[17.524s][info][gc,phases] GC(347) y: Concurrent Select Relocation Set 0.157ms
[17.525s][info][gc,phases] GC(347) y: Pause Relocate Start 0.004ms
[17.528s][info][gc,phases] GC(347) y: Concurrent Relocate 3.678ms
[17.529s][info][gc,phases] GC(347) y: Young Generation 1296M(63%)->976M(48%) 0.015s
[17.529s][info][gc       ] GC(347) Minor Collection (Allocation Rate) 1296M(63%)->976M(48%) 0.016s
[17.577s][info][gc       ] GC(348) Minor Collection (Allocation Rate)
[17.578s][info][gc,phases] GC(348) y: Young Generation
[17.578s][info][gc,phases] GC(348) y: Pause Mark Start 0.011ms
[17.589s][info][gc,phases] GC(348) y: Concurrent Mark 10.870ms
[17.589s][info][gc,phases] GC(348) y: Pause Mark End 0.011ms
[17.589s][info][gc,phases] GC(348) y: Concurrent Mark Free 0.001ms
[17.589s][info][gc,phases] GC(348) y: Concurrent Reset Relocation Set 0.007ms
[17.590s][info][gc,phases] GC(348) y: Concurrent Select Relocation Set 0.553ms
[17.590s][info][gc,phases] GC(348) y: Pause Relocate Start 0.005ms
[17.596s][info][gc,phases] GC(348) y: Concurrent Relocate 5.369ms
[17.596s][info][gc,phases] GC(348) y: Young Generation 1452M(71%)->1094M(53%) 0.018s
[17.596s][info][gc       ] GC(348) Minor Collection (Allocation Rate) 1450M(71%)->1094M(53%) 0.018s
[17.638s][info][gc       ] GC(349) Minor Collection (Allocation Rate)
[17.638s][info][gc,phases] GC(349) y: Young Generation
[17.638s][info][gc,phases] GC(349) y: Pause Mark Start 0.011ms
[17.650s][info][gc,phases] GC(349) y: Concurrent Mark 11.240ms
[17.650s][info][gc,phases] GC(349) y: Pause Mark End 0.011ms
[17.650s][info][gc,phases] GC(349) y: Concurrent Mark Free 0.001ms
[17.650s][info][gc,phases] GC(349) y: Concurrent Reset Relocation Set 0.011ms
[17.650s][info][gc,phases] GC(349) y: Concurrent Select Relocation Set 0.186ms
[17.651s][info][gc,phases] GC(349) y: Pause Relocate Start 0.004ms
[17.656s][info][gc,phases] GC(349) y: Concurrent Relocate 5.269ms
[17.656s][info][gc,phases] GC(349) y: Young Generation 1506M(74%)->1020M(50%) 0.018s
[17.656s][info][gc       ] GC(349) Minor Collection (Allocation Rate) 1506M(74%)->1022M(50%) 0.018s
[17.711s][info][gc       ] GC(350) Minor Collection (Allocation Rate)
[17.711s][info][gc,phases] GC(350) y: Young Generation
[17.711s][info][gc,phases] GC(350) y: Pause Mark Start 0.007ms
[17.723s][info][gc,phases] GC(350) y: Concurrent Mark 11.335ms
[17.723s][info][gc,phases] GC(350) y: Pause Mark End 0.011ms
[17.723s][info][gc,phases] GC(350) y: Concurrent Mark Free 0.001ms
[17.723s][info][gc,phases] GC(350) y: Concurrent Reset Relocation Set 0.010ms
[17.724s][info][gc,phases] GC(350) y: Concurrent Select Relocation Set 0.328ms
[17.724s][info][gc,phases] GC(350) y: Pause Relocate Start 0.004ms
[17.729s][info][gc,phases] GC(350) y: Concurrent Relocate 5.596ms
[17.730s][info][gc,phases] GC(350) y: Young Generation 1554M(76%)->1124M(55%) 0.019s
[17.730s][info][gc       ] GC(350) Minor Collection (Allocation Rate) 1554M(76%)->1126M(55%) 0.019s
[17.775s][info][gc       ] GC(351) Minor Collection (Allocation Rate)
[17.775s][info][gc,phases] GC(351) y: Young Generation
[17.775s][info][gc,phases] GC(351) y: Pause Mark Start 0.007ms
[17.787s][info][gc,phases] GC(351) y: Concurrent Mark 12.405ms
[17.788s][info][gc,phases] GC(351) y: Pause Mark End 0.014ms
[17.788s][info][gc,phases] GC(351) y: Concurrent Mark Free 0.000ms
[17.788s][info][gc,phases] GC(351) y: Concurrent Reset Relocation Set 0.018ms
[17.788s][info][gc,phases] GC(351) y: Concurrent Select Relocation Set 0.173ms
[17.788s][info][gc,phases] GC(351) y: Pause Relocate Start 0.004ms
[17.794s][info][gc,phases] GC(351) y: Concurrent Relocate 5.540ms
[17.794s][info][gc,phases] GC(351) y: Young Generation 1564M(76%)->1104M(54%) 0.019s
[17.794s][info][gc       ] GC(351) Minor Collection (Allocation Rate) 1564M(76%)->1108M(54%) 0.020s
[17.816s][info][gc       ] GC(352) Minor Collection (Allocation Rate)
[17.816s][info][gc,phases] GC(352) y: Young Generation
[17.816s][info][gc,phases] GC(352) y: Pause Mark Start 0.012ms
[17.829s][info][gc,phases] GC(352) y: Concurrent Mark 12.801ms
[17.830s][info][gc,phases] GC(352) y: Pause Mark End 0.010ms
[17.830s][info][gc,phases] GC(352) y: Concurrent Mark Free 0.001ms
[17.830s][info][gc,phases] GC(352) y: Concurrent Reset Relocation Set 0.014ms
[17.831s][info][gc,phases] GC(352) y: Concurrent Select Relocation Set 0.907ms
[17.831s][info][gc,phases] GC(352) y: Pause Relocate Start 0.010ms
[17.837s][info][gc,phases] GC(352) y: Concurrent Relocate 5.546ms
[17.837s][info][gc,phases] GC(352) y: Young Generation 1496M(73%)->1152M(56%) 0.020s
[17.837s][info][gc       ] GC(352) Minor Collection (Allocation Rate) 1496M(73%)->1152M(56%) 0.021s
[17.855s][info][gc       ] GC(353) Minor Collection (Allocation Rate)
[17.855s][info][gc,phases] GC(353) y: Young Generation
[17.856s][info][gc,phases] GC(353) y: Pause Mark Start 0.011ms
[17.866s][info][gc,phases] GC(353) y: Concurrent Mark 10.601ms
[17.867s][info][gc,phases] GC(353) y: Pause Mark End 0.014ms
[17.867s][info][gc,phases] GC(353) y: Concurrent Mark Free 0.001ms
[17.867s][info][gc,phases] GC(353) y: Concurrent Reset Relocation Set 0.015ms
[17.867s][info][gc,phases] GC(353) y: Concurrent Select Relocation Set 0.192ms
[17.867s][info][gc,phases] GC(353) y: Pause Relocate Start 0.007ms
[17.871s][info][gc,phases] GC(353) y: Concurrent Relocate 3.576ms
[17.871s][info][gc,phases] GC(353) y: Young Generation 1330M(65%)->1044M(51%) 0.015s
[17.871s][info][gc       ] GC(353) Minor Collection (Allocation Rate) 1330M(65%)->1046M(51%) 0.016s
[17.891s][info][gc       ] GC(354) Minor Collection (Allocation Rate)
[17.892s][info][gc,phases] GC(354) y: Young Generation
[17.892s][info][gc,phases] GC(354) y: Pause Mark Start 0.008ms
[17.903s][info][gc,phases] GC(354) y: Concurrent Mark 10.738ms
[17.903s][info][gc,phases] GC(354) y: Pause Mark End 0.012ms
[17.903s][info][gc,phases] GC(354) y: Concurrent Mark Free 0.002ms
[17.903s][info][gc,phases] GC(354) y: Concurrent Reset Relocation Set 0.008ms
[17.904s][info][gc,phases] GC(354) y: Concurrent Select Relocation Set 0.747ms
[17.904s][info][gc,phases] GC(354) y: Pause Relocate Start 0.007ms
[17.908s][info][gc,phases] GC(354) y: Concurrent Relocate 3.736ms
[17.908s][info][gc,phases] GC(354) y: Young Generation 1288M(63%)->1074M(52%) 0.017s
[17.908s][info][gc       ] GC(354) Minor Collection (Allocation Rate) 1288M(63%)->1074M(52%) 0.017s
[17.950s][info][gc       ] GC(355) Minor Collection (Allocation Rate)
[17.950s][info][gc,phases] GC(355) y: Young Generation
[17.950s][info][gc,phases] GC(355) y: Pause Mark Start 0.010ms
[17.961s][info][gc,phases] GC(355) y: Concurrent Mark 10.565ms
[17.961s][info][gc,phases] GC(355) y: Pause Mark End 0.013ms
[17.961s][info][gc,phases] GC(355) y: Concurrent Mark Free 0.001ms
[17.961s][info][gc,phases] GC(355) y: Concurrent Reset Relocation Set 0.022ms
[17.962s][info][gc,phases] GC(355) y: Concurrent Select Relocation Set 0.174ms
[17.962s][info][gc,phases] GC(355) y: Pause Relocate Start 0.004ms
[17.966s][info][gc,phases] GC(355) y: Concurrent Relocate 4.575ms
[17.967s][info][gc,phases] GC(355) y: Young Generation 1472M(72%)->1068M(52%) 0.017s
[17.967s][info][gc       ] GC(355) Minor Collection (Allocation Rate) 1472M(72%)->1068M(52%) 0.017s
[18.010s][info][gc       ] GC(356) Minor Collection (Allocation Rate)
[18.010s][info][gc,phases] GC(356) y: Young Generation
[18.011s][info][gc,phases] GC(356) y: Pause Mark Start 0.008ms
[18.022s][info][gc,phases] GC(356) y: Concurrent Mark 11.222ms
[18.022s][info][gc,phases] GC(356) y: Pause Mark End 0.011ms
[18.022s][info][gc,phases] GC(356) y: Concurrent Mark Free 0.001ms
[18.022s][info][gc,phases] GC(356) y: Concurrent Reset Relocation Set 0.010ms
[18.023s][info][gc,phases] GC(356) y: Concurrent Select Relocation Set 0.190ms
[18.023s][info][gc,phases] GC(356) y: Pause Relocate Start 0.004ms
[18.027s][info][gc,phases] GC(356) y: Concurrent Relocate 4.669ms
[18.028s][info][gc,phases] GC(356) y: Young Generation 1486M(73%)->1082M(53%) 0.017s
[18.028s][info][gc       ] GC(356) Minor Collection (Allocation Rate) 1484M(72%)->1082M(53%) 0.017s
[18.072s][info][gc       ] GC(357) Minor Collection (Allocation Rate)
[18.073s][info][gc,phases] GC(357) y: Young Generation
[18.073s][info][gc,phases] GC(357) y: Pause Mark Start 0.007ms
[18.085s][info][gc,phases] GC(357) y: Concurrent Mark 11.900ms
[18.085s][info][gc,phases] GC(357) y: Pause Mark End 0.013ms
[18.085s][info][gc,phases] GC(357) y: Concurrent Mark Free 0.001ms
[18.085s][info][gc,phases] GC(357) y: Concurrent Reset Relocation Set 0.008ms
[18.086s][info][gc,phases] GC(357) y: Concurrent Select Relocation Set 0.319ms
[18.086s][info][gc,phases] GC(357) y: Pause Relocate Start 0.004ms
[18.091s][info][gc,phases] GC(357) y: Concurrent Relocate 4.886ms
[18.091s][info][gc,phases] GC(357) y: Young Generation 1508M(74%)->1102M(54%) 0.018s
[18.091s][info][gc       ] GC(357) Minor Collection (Allocation Rate) 1508M(74%)->1104M(54%) 0.018s
[18.143s][info][gc       ] GC(358) Minor Collection (Allocation Rate)
[18.143s][info][gc,phases] GC(358) y: Young Generation
[18.143s][info][gc,phases] GC(358) y: Pause Mark Start 0.009ms
[18.156s][info][gc,phases] GC(358) y: Concurrent Mark 12.753ms
[18.157s][info][gc,phases] GC(358) y: Pause Mark End 0.014ms
[18.157s][info][gc,phases] GC(358) y: Concurrent Mark Free 0.001ms
[18.157s][info][gc,phases] GC(358) y: Concurrent Reset Relocation Set 0.013ms
[18.157s][info][gc,phases] GC(358) y: Concurrent Select Relocation Set 0.564ms
[18.158s][info][gc,phases] GC(358) y: Pause Relocate Start 0.005ms
[18.164s][info][gc,phases] GC(358) y: Concurrent Relocate 5.957ms
[18.164s][info][gc,phases] GC(358) y: Young Generation 1602M(78%)->1152M(56%) 0.021s
[18.164s][info][gc       ] GC(358) Minor Collection (Allocation Rate) 1600M(78%)->1154M(56%) 0.021s
[18.196s][info][gc       ] GC(359) Minor Collection (Allocation Rate)
[18.196s][info][gc,phases] GC(359) y: Young Generation
[18.196s][info][gc,phases] GC(359) y: Pause Mark Start 0.010ms
[18.208s][info][gc,phases] GC(359) y: Concurrent Mark 12.226ms
[18.209s][info][gc,phases] GC(359) y: Pause Mark End 0.015ms
[18.209s][info][gc,phases] GC(359) y: Concurrent Mark Free 0.001ms
[18.209s][info][gc,phases] GC(359) y: Concurrent Reset Relocation Set 0.013ms
[18.209s][info][gc,phases] GC(359) y: Concurrent Select Relocation Set 0.203ms
[18.209s][info][gc,phases] GC(359) y: Pause Relocate Start 0.009ms
[18.214s][info][gc,phases] GC(359) y: Concurrent Relocate 4.777ms
[18.214s][info][gc,phases] GC(359) y: Young Generation 1532M(75%)->1160M(57%) 0.018s
[18.214s][info][gc       ] GC(359) Minor Collection (Allocation Rate) 1528M(75%)->1162M(57%) 0.019s
[18.232s][info][gc       ] GC(360) Major Collection (Allocation Rate)
[18.233s][info][gc,phases] GC(360) Y: Young Generation
[18.233s][info][gc,phases] GC(360) Y: Pause Mark Start (Major) 0.012ms
[18.242s][info][gc,phases] GC(360) Y: Concurrent Mark 8.801ms
[18.242s][info][gc,phases] GC(360) Y: Pause Mark End 0.012ms
[18.242s][info][gc,phases] GC(360) Y: Concurrent Mark Free 0.001ms
[18.242s][info][gc,phases] GC(360) Y: Concurrent Reset Relocation Set 0.009ms
[18.243s][info][gc,phases] GC(360) Y: Concurrent Select Relocation Set 0.403ms
[18.243s][info][gc,phases] GC(360) Y: Pause Relocate Start 0.006ms
[18.247s][info][gc,phases] GC(360) Y: Concurrent Relocate 4.499ms
[18.248s][info][gc,phases] GC(360) Y: Young Generation 1478M(72%)->1118M(55%) 0.015s
[18.248s][info][gc,phases] GC(360) O: Old Generation
[18.276s][info][gc       ] GC(361) Minor Collection (Allocation Rate)
[18.276s][info][gc,phases] GC(361) y: Young Generation
[18.276s][info][gc,phases] GC(361) y: Pause Mark Start 0.009ms
[18.285s][info][gc,phases] GC(361) y: Concurrent Mark 8.292ms
[18.285s][info][gc,phases] GC(361) y: Pause Mark End 0.011ms
[18.285s][info][gc,phases] GC(361) y: Concurrent Mark Free 0.002ms
[18.285s][info][gc,phases] GC(361) y: Concurrent Reset Relocation Set 0.010ms
[18.286s][info][gc,phases] GC(361) y: Concurrent Select Relocation Set 0.327ms
[18.286s][info][gc,phases] GC(361) y: Pause Relocate Start 0.005ms
[18.290s][info][gc,phases] GC(361) y: Concurrent Relocate 3.931ms
[18.290s][info][gc,phases] GC(361) y: Young Generation 1386M(68%)->1102M(54%) 0.014s
[18.290s][info][gc       ] GC(361) Minor Collection (Allocation Rate) 1384M(68%)->1104M(54%) 0.014s
[18.320s][info][gc,phases] GC(360) O: Concurrent Mark 72.493ms
[18.320s][info][gc,phases] GC(360) O: Pause Mark End 0.012ms
[18.321s][info][gc,phases] GC(360) O: Concurrent Mark Free 0.001ms
[18.325s][info][gc,phases] GC(360) O: Concurrent Process Non-Strong 4.447ms
[18.325s][info][gc,phases] GC(360) O: Concurrent Reset Relocation Set 0.002ms
[18.325s][info][gc,phases] GC(360) O: Concurrent Select Relocation Set 0.164ms
[18.331s][info][gc,phases] GC(360) O: Concurrent Remap Roots 5.507ms
[18.331s][info][gc,phases] GC(360) O: Pause Relocate Start 0.009ms
[18.333s][info][gc,phases] GC(360) O: Concurrent Relocate 1.794ms
[18.333s][info][gc,phases] GC(360) O: Old Generation 1120M(55%)->1340M(65%) 0.086s
[18.333s][info][gc       ] GC(360) Major Collection (Allocation Rate) 1474M(72%)->1344M(66%) 0.101s
[18.344s][info][gc       ] GC(362) Minor Collection (Allocation Rate)
[18.344s][info][gc,phases] GC(362) y: Young Generation
[18.344s][info][gc,phases] GC(362) y: Pause Mark Start 0.010ms
[18.358s][info][gc,phases] GC(362) y: Concurrent Mark 13.518ms
[18.358s][info][gc,phases] GC(362) y: Pause Mark End 0.011ms
[18.358s][info][gc,phases] GC(362) y: Concurrent Mark Free 0.002ms
[18.358s][info][gc,phases] GC(362) y: Concurrent Reset Relocation Set 0.009ms
[18.359s][info][gc,phases] GC(362) y: Concurrent Select Relocation Set 0.792ms
[18.359s][info][gc,phases] GC(362) y: Pause Relocate Start 0.007ms
[18.366s][info][gc,phases] GC(362) y: Concurrent Relocate 6.586ms
[18.366s][info][gc,phases] GC(362) y: Young Generation 1514M(74%)->1018M(50%) 0.022s
[18.366s][info][gc       ] GC(362) Minor Collection (Allocation Rate) 1512M(74%)->1018M(50%) 0.022s
[18.388s][info][gc       ] GC(363) Minor Collection (Allocation Rate)
[18.388s][info][gc,phases] GC(363) y: Young Generation
[18.388s][info][gc,phases] GC(363) y: Pause Mark Start 0.007ms
[18.399s][info][gc,phases] GC(363) y: Concurrent Mark 10.336ms
[18.399s][info][gc,phases] GC(363) y: Pause Mark End 0.014ms
[18.399s][info][gc,phases] GC(363) y: Concurrent Mark Free 0.001ms
[18.399s][info][gc,phases] GC(363) y: Concurrent Reset Relocation Set 0.017ms
[18.400s][info][gc,phases] GC(363) y: Concurrent Select Relocation Set 0.236ms
[18.400s][info][gc,phases] GC(363) y: Pause Relocate Start 0.009ms
[18.404s][info][gc,phases] GC(363) y: Concurrent Relocate 3.598ms
[18.404s][info][gc,phases] GC(363) y: Young Generation 1226M(60%)->986M(48%) 0.016s
[18.404s][info][gc       ] GC(363) Minor Collection (Allocation Rate) 1226M(60%)->990M(48%) 0.016s
[18.442s][info][gc       ] GC(364) Minor Collection (Allocation Rate)
[18.442s][info][gc,phases] GC(364) y: Young Generation
[18.442s][info][gc,phases] GC(364) y: Pause Mark Start 0.008ms
[18.453s][info][gc,phases] GC(364) y: Concurrent Mark 11.172ms
[18.454s][info][gc,phases] GC(364) y: Pause Mark End 0.012ms
[18.454s][info][gc,phases] GC(364) y: Concurrent Mark Free 0.001ms
[18.454s][info][gc,phases] GC(364) y: Concurrent Reset Relocation Set 0.007ms
[18.454s][info][gc,phases] GC(364) y: Concurrent Select Relocation Set 0.324ms
[18.454s][info][gc,phases] GC(364) y: Pause Relocate Start 0.005ms
[18.459s][info][gc,phases] GC(364) y: Concurrent Relocate 4.491ms
[18.459s][info][gc,phases] GC(364) y: Young Generation 1346M(66%)->990M(48%) 0.017s
[18.459s][info][gc       ] GC(364) Minor Collection (Allocation Rate) 1344M(66%)->990M(48%) 0.017s
[18.513s][info][gc       ] GC(365) Minor Collection (Allocation Rate)
[18.513s][info][gc,phases] GC(365) y: Young Generation
[18.514s][info][gc,phases] GC(365) y: Pause Mark Start 0.008ms
[18.526s][info][gc,phases] GC(365) y: Concurrent Mark 12.280ms
[18.526s][info][gc,phases] GC(365) y: Pause Mark End 0.012ms
[18.526s][info][gc,phases] GC(365) y: Concurrent Mark Free 0.002ms
[18.526s][info][gc,phases] GC(365) y: Concurrent Reset Relocation Set 0.011ms
[18.527s][info][gc,phases] GC(365) y: Concurrent Select Relocation Set 0.400ms
[18.527s][info][gc,phases] GC(365) y: Pause Relocate Start 0.005ms
[18.533s][info][gc,phases] GC(365) y: Concurrent Relocate 5.741ms
[18.533s][info][gc,phases] GC(365) y: Young Generation 1498M(73%)->1024M(50%) 0.020s
[18.533s][info][gc       ] GC(365) Minor Collection (Allocation Rate) 1498M(73%)->1024M(50%) 0.020s
[18.585s][info][gc       ] GC(366) Minor Collection (Allocation Rate)
[18.585s][info][gc,phases] GC(366) y: Young Generation
[18.585s][info][gc,phases] GC(366) y: Pause Mark Start 0.009ms
[18.598s][info][gc,phases] GC(366) y: Concurrent Mark 12.047ms
[18.598s][info][gc,phases] GC(366) y: Pause Mark End 0.012ms
[18.598s][info][gc,phases] GC(366) y: Concurrent Mark Free 0.001ms
[18.598s][info][gc,phases] GC(366) y: Concurrent Reset Relocation Set 0.014ms
[18.598s][info][gc,phases] GC(366) y: Concurrent Select Relocation Set 0.211ms
[18.598s][info][gc,phases] GC(366) y: Pause Relocate Start 0.004ms
[18.604s][info][gc,phases] GC(366) y: Concurrent Relocate 5.503ms
[18.604s][info][gc,phases] GC(366) y: Young Generation 1510M(74%)->1028M(50%) 0.019s
[18.604s][info][gc       ] GC(366) Minor Collection (Allocation Rate) 1510M(74%)->1032M(50%) 0.019s
[18.665s][info][gc       ] GC(367) Minor Collection (Allocation Rate)
[18.665s][info][gc,phases] GC(367) y: Young Generation
[18.665s][info][gc,phases] GC(367) y: Pause Mark Start 0.009ms
[18.679s][info][gc,phases] GC(367) y: Concurrent Mark 13.695ms
[18.679s][info][gc,phases] GC(367) y: Pause Mark End 0.013ms
[18.679s][info][gc,phases] GC(367) y: Concurrent Mark Free 0.001ms
[18.679s][info][gc,phases] GC(367) y: Concurrent Reset Relocation Set 0.011ms
[18.680s][info][gc,phases] GC(367) y: Concurrent Select Relocation Set 0.348ms
[18.680s][info][gc,phases] GC(367) y: Pause Relocate Start 0.008ms
[18.686s][info][gc,phases] GC(367) y: Concurrent Relocate 6.268ms
[18.687s][info][gc,phases] GC(367) y: Young Generation 1588M(78%)->1062M(52%) 0.022s
[18.687s][info][gc       ] GC(367) Minor Collection (Allocation Rate) 1586M(77%)->1064M(52%) 0.022s
[18.739s][info][gc       ] GC(368) Minor Collection (Allocation Rate)
[18.739s][info][gc,phases] GC(368) y: Young Generation
[18.739s][info][gc,phases] GC(368) y: Pause Mark Start 0.009ms
[18.752s][info][gc,phases] GC(368) y: Concurrent Mark 13.144ms
[18.752s][info][gc,phases] GC(368) y: Pause Mark End 0.011ms
[18.753s][info][gc,phases] GC(368) y: Concurrent Mark Free 0.001ms
[18.753s][info][gc,phases] GC(368) y: Concurrent Reset Relocation Set 0.012ms
[18.753s][info][gc,phases] GC(368) y: Concurrent Select Relocation Set 0.381ms
[18.753s][info][gc,phases] GC(368) y: Pause Relocate Start 0.005ms
[18.759s][info][gc,phases] GC(368) y: Concurrent Relocate 5.652ms
[18.759s][info][gc,phases] GC(368) y: Young Generation 1536M(75%)->1068M(52%) 0.020s
[18.759s][info][gc       ] GC(368) Minor Collection (Allocation Rate) 1536M(75%)->1068M(52%) 0.021s
[18.814s][info][gc       ] GC(369) Minor Collection (Allocation Rate)
[18.814s][info][gc,phases] GC(369) y: Young Generation
[18.814s][info][gc,phases] GC(369) y: Pause Mark Start 0.009ms
[18.828s][info][gc,phases] GC(369) y: Concurrent Mark 13.466ms
[18.828s][info][gc,phases] GC(369) y: Pause Mark End 0.012ms
[18.828s][info][gc,phases] GC(369) y: Concurrent Mark Free 0.001ms
[18.828s][info][gc,phases] GC(369) y: Concurrent Reset Relocation Set 0.012ms
[18.829s][info][gc,phases] GC(369) y: Concurrent Select Relocation Set 0.667ms
[18.829s][info][gc,phases] GC(369) y: Pause Relocate Start 0.009ms
[18.836s][info][gc,phases] GC(369) y: Concurrent Relocate 6.393ms
[18.836s][info][gc,phases] GC(369) y: Young Generation 1580M(77%)->1098M(54%) 0.022s
[18.836s][info][gc       ] GC(369) Minor Collection (Allocation Rate) 1580M(77%)->1098M(54%) 0.022s
[18.885s][info][gc       ] GC(370) Minor Collection (Allocation Rate)
[18.885s][info][gc,phases] GC(370) y: Young Generation
[18.886s][info][gc,phases] GC(370) y: Pause Mark Start 0.008ms
[18.899s][info][gc,phases] GC(370) y: Concurrent Mark 13.011ms
[18.899s][info][gc,phases] GC(370) y: Pause Mark End 0.012ms
[18.899s][info][gc,phases] GC(370) y: Concurrent Mark Free 0.001ms
[18.899s][info][gc,phases] GC(370) y: Concurrent Reset Relocation Set 0.013ms
[18.899s][info][gc,phases] GC(370) y: Concurrent Select Relocation Set 0.188ms
[18.900s][info][gc,phases] GC(370) y: Pause Relocate Start 0.004ms
[18.905s][info][gc,phases] GC(370) y: Concurrent Relocate 5.465ms
[18.905s][info][gc,phases] GC(370) y: Young Generation 1558M(76%)->1080M(53%) 0.020s
[18.905s][info][gc       ] GC(370) Minor Collection (Allocation Rate) 1558M(76%)->1082M(53%) 0.020s
[18.958s][info][gc       ] GC(371) Minor Collection (Allocation Rate)
[18.958s][info][gc,phases] GC(371) y: Young Generation
[18.958s][info][gc,phases] GC(371) y: Pause Mark Start 0.009ms
[18.972s][info][gc,phases] GC(371) y: Concurrent Mark 13.648ms
[18.972s][info][gc,phases] GC(371) y: Pause Mark End 0.012ms
[18.972s][info][gc,phases] GC(371) y: Concurrent Mark Free 0.000ms
[18.972s][info][gc,phases] GC(371) y: Concurrent Reset Relocation Set 0.011ms
[18.973s][info][gc,phases] GC(371) y: Concurrent Select Relocation Set 0.748ms
[18.973s][info][gc,phases] GC(371) y: Pause Relocate Start 0.008ms
[18.980s][info][gc,phases] GC(371) y: Concurrent Relocate 6.219ms
[18.980s][info][gc,phases] GC(371) y: Young Generation 1570M(77%)->1112M(54%) 0.022s
[18.980s][info][gc       ] GC(371) Minor Collection (Allocation Rate) 1568M(77%)->1114M(54%) 0.022s
[19.027s][info][gc       ] GC(372) Minor Collection (Allocation Rate)
[19.027s][info][gc,phases] GC(372) y: Young Generation
[19.028s][info][gc,phases] GC(372) y: Pause Mark Start 0.012ms
[19.041s][info][gc,phases] GC(372) y: Concurrent Mark 12.946ms
[19.041s][info][gc,phases] GC(372) y: Pause Mark End 0.013ms
[19.041s][info][gc,phases] GC(372) y: Concurrent Mark Free 0.000ms
[19.041s][info][gc,phases] GC(372) y: Concurrent Reset Relocation Set 0.016ms
[19.041s][info][gc,phases] GC(372) y: Concurrent Select Relocation Set 0.295ms
[19.042s][info][gc,phases] GC(372) y: Pause Relocate Start 0.005ms
[19.047s][info][gc,phases] GC(372) y: Concurrent Relocate 5.452ms
[19.047s][info][gc,phases] GC(372) y: Young Generation 1550M(76%)->1104M(54%) 0.020s
[19.047s][info][gc       ] GC(372) Minor Collection (Allocation Rate) 1550M(76%)->1108M(54%) 0.020s
[19.094s][info][gc       ] GC(373) Minor Collection (Allocation Rate)
[19.094s][info][gc,phases] GC(373) y: Young Generation
[19.094s][info][gc,phases] GC(373) y: Pause Mark Start 0.008ms
[19.108s][info][gc,phases] GC(373) y: Concurrent Mark 13.717ms
[19.108s][info][gc,phases] GC(373) y: Pause Mark End 0.011ms
[19.109s][info][gc,phases] GC(373) y: Concurrent Mark Free 0.002ms
[19.109s][info][gc,phases] GC(373) y: Concurrent Reset Relocation Set 0.010ms
[19.109s][info][gc,phases] GC(373) y: Concurrent Select Relocation Set 0.649ms
[19.110s][info][gc,phases] GC(373) y: Pause Relocate Start 0.006ms
[19.115s][info][gc,phases] GC(373) y: Concurrent Relocate 5.814ms
[19.116s][info][gc,phases] GC(373) y: Young Generation 1578M(77%)->1162M(57%) 0.021s
[19.116s][info][gc       ] GC(373) Minor Collection (Allocation Rate) 1576M(77%)->1164M(57%) 0.022s
[19.155s][info][gc       ] GC(374) Minor Collection (Allocation Rate)
[19.156s][info][gc,phases] GC(374) y: Young Generation
[19.156s][info][gc,phases] GC(374) y: Pause Mark Start 0.008ms
[19.168s][info][gc,phases] GC(374) y: Concurrent Mark 12.233ms
[19.168s][info][gc,phases] GC(374) y: Pause Mark End 0.010ms
[19.168s][info][gc,phases] GC(374) y: Concurrent Mark Free 0.001ms
[19.168s][info][gc,phases] GC(374) y: Concurrent Reset Relocation Set 0.012ms
[19.169s][info][gc,phases] GC(374) y: Concurrent Select Relocation Set 0.175ms
[19.169s][info][gc,phases] GC(374) y: Pause Relocate Start 0.009ms
[19.174s][info][gc,phases] GC(374) y: Concurrent Relocate 4.807ms
[19.174s][info][gc,phases] GC(374) y: Young Generation 1540M(75%)->1118M(55%) 0.018s
[19.174s][info][gc       ] GC(374) Minor Collection (Allocation Rate) 1540M(75%)->1122M(55%) 0.019s
[19.216s][info][gc       ] GC(375) Minor Collection (Allocation Rate)
[19.216s][info][gc,phases] GC(375) y: Young Generation
[19.216s][info][gc,phases] GC(375) y: Pause Mark Start 0.008ms
[19.229s][info][gc,phases] GC(375) y: Concurrent Mark 12.893ms
[19.230s][info][gc,phases] GC(375) y: Pause Mark End 0.011ms
[19.230s][info][gc,phases] GC(375) y: Concurrent Mark Free 0.001ms
[19.230s][info][gc,phases] GC(375) y: Concurrent Reset Relocation Set 0.011ms
[19.231s][info][gc,phases] GC(375) y: Concurrent Select Relocation Set 0.597ms
[19.231s][info][gc,phases] GC(375) y: Pause Relocate Start 0.005ms
[19.236s][info][gc,phases] GC(375) y: Concurrent Relocate 5.206ms
[19.236s][info][gc,phases] GC(375) y: Young Generation 1518M(74%)->1156M(56%) 0.020s
[19.236s][info][gc       ] GC(375) Minor Collection (Allocation Rate) 1518M(74%)->1158M(57%) 0.020s
[19.279s][info][gc       ] GC(376) Major Collection (Allocation Rate)
[19.279s][info][gc,phases] GC(376) Y: Young Generation
[19.279s][info][gc,phases] GC(376) Y: Pause Mark Start (Major) 0.010ms
[19.288s][info][gc,phases] GC(376) Y: Concurrent Mark 8.465ms
[19.288s][info][gc,phases] GC(376) Y: Pause Mark End 0.011ms
[19.288s][info][gc,phases] GC(376) Y: Concurrent Mark Free 0.000ms
[19.288s][info][gc,phases] GC(376) Y: Concurrent Reset Relocation Set 0.012ms
[19.289s][info][gc,phases] GC(376) Y: Concurrent Select Relocation Set 0.179ms
[19.289s][info][gc,phases] GC(376) Y: Pause Relocate Start 0.004ms
[19.294s][info][gc,phases] GC(376) Y: Concurrent Relocate 4.974ms
[19.294s][info][gc,phases] GC(376) Y: Young Generation 1562M(76%)->1146M(56%) 0.015s
[19.294s][info][gc,phases] GC(376) O: Old Generation
[19.330s][info][gc       ] GC(377) Minor Collection (Allocation Rate)
[19.330s][info][gc,phases] GC(377) y: Young Generation
[19.330s][info][gc,phases] GC(377) y: Pause Mark Start 0.008ms
[19.339s][info][gc,phases] GC(377) y: Concurrent Mark 9.186ms
[19.340s][info][gc,phases] GC(377) y: Pause Mark End 0.012ms
[19.340s][info][gc,phases] GC(377) y: Concurrent Mark Free 0.001ms
[19.340s][info][gc,phases] GC(377) y: Concurrent Reset Relocation Set 0.010ms
[19.340s][info][gc,phases] GC(377) y: Concurrent Select Relocation Set 0.391ms
[19.341s][info][gc,phases] GC(377) y: Pause Relocate Start 0.004ms
[19.346s][info][gc,phases] GC(377) y: Concurrent Relocate 4.874ms
[19.346s][info][gc,phases] GC(377) y: Young Generation 1522M(74%)->1126M(55%) 0.016s
[19.346s][info][gc       ] GC(377) Minor Collection (Allocation Rate) 1522M(74%)->1128M(55%) 0.016s
[19.367s][info][gc,phases] GC(376) O: Concurrent Mark 73.095ms
[19.368s][info][gc,phases] GC(376) O: Pause Mark End 0.012ms
[19.368s][info][gc,phases] GC(376) O: Concurrent Mark Free 0.001ms
[19.372s][info][gc,phases] GC(376) O: Concurrent Process Non-Strong 4.375ms
[19.372s][info][gc,phases] GC(376) O: Concurrent Reset Relocation Set 0.003ms
[19.372s][info][gc,phases] GC(376) O: Concurrent Select Relocation Set 0.148ms
[19.378s][info][gc,phases] GC(376) O: Concurrent Remap Roots 5.292ms
[19.378s][info][gc,phases] GC(376) O: Pause Relocate Start 0.010ms
[19.379s][info][gc,phases] GC(376) O: Concurrent Relocate 1.426ms
[19.380s][info][gc,phases] GC(376) O: Old Generation 1154M(56%)->1310M(64%) 0.085s
[19.380s][info][gc       ] GC(376) Major Collection (Allocation Rate) 1560M(76%)->1314M(64%) 0.101s
[19.397s][info][gc       ] GC(378) Minor Collection (Allocation Rate)
[19.397s][info][gc,phases] GC(378) y: Young Generation
[19.397s][info][gc,phases] GC(378) y: Pause Mark Start 0.010ms
[19.411s][info][gc,phases] GC(378) y: Concurrent Mark 13.407ms
[19.411s][info][gc,phases] GC(378) y: Pause Mark End 0.013ms
[19.411s][info][gc,phases] GC(378) y: Concurrent Mark Free 0.002ms
[19.411s][info][gc,phases] GC(378) y: Concurrent Reset Relocation Set 0.011ms
[19.412s][info][gc,phases] GC(378) y: Concurrent Select Relocation Set 0.817ms
[19.412s][info][gc,phases] GC(378) y: Pause Relocate Start 0.007ms
[19.419s][info][gc,phases] GC(378) y: Concurrent Relocate 6.853ms
[19.420s][info][gc,phases] GC(378) y: Young Generation 1548M(76%)->1080M(53%) 0.022s
[19.420s][info][gc       ] GC(378) Minor Collection (Allocation Rate) 1546M(75%)->1080M(53%) 0.023s
[19.430s][info][gc       ] GC(379) Minor Collection (Allocation Rate)
[19.430s][info][gc,phases] GC(379) y: Young Generation
[19.431s][info][gc,phases] GC(379) y: Pause Mark Start 0.011ms
[19.441s][info][gc,phases] GC(379) y: Concurrent Mark 10.532ms
[19.441s][info][gc,phases] GC(379) y: Pause Mark End 0.010ms
[19.442s][info][gc,phases] GC(379) y: Concurrent Mark Free 0.002ms
[19.442s][info][gc,phases] GC(379) y: Concurrent Reset Relocation Set 0.018ms
[19.442s][info][gc,phases] GC(379) y: Concurrent Select Relocation Set 0.213ms
[19.442s][info][gc,phases] GC(379) y: Pause Relocate Start 0.007ms
[19.446s][info][gc,phases] GC(379) y: Concurrent Relocate 3.447ms
[19.446s][info][gc,phases] GC(379) y: Young Generation 1232M(60%)->976M(48%) 0.015s
[19.446s][info][gc       ] GC(379) Minor Collection (Allocation Rate) 1230M(60%)->978M(48%) 0.016s
[19.482s][info][gc       ] GC(380) Minor Collection (Allocation Rate)
[19.483s][info][gc,phases] GC(380) y: Young Generation
[19.483s][info][gc,phases] GC(380) y: Pause Mark Start 0.010ms
[19.494s][info][gc,phases] GC(380) y: Concurrent Mark 10.951ms
[19.494s][info][gc,phases] GC(380) y: Pause Mark End 0.011ms
[19.494s][info][gc,phases] GC(380) y: Concurrent Mark Free 0.001ms
[19.494s][info][gc,phases] GC(380) y: Concurrent Reset Relocation Set 0.006ms
[19.495s][info][gc,phases] GC(380) y: Concurrent Select Relocation Set 0.671ms
[19.495s][info][gc,phases] GC(380) y: Pause Relocate Start 0.007ms
[19.500s][info][gc,phases] GC(380) y: Concurrent Relocate 4.642ms
[19.500s][info][gc,phases] GC(380) y: Young Generation 1330M(65%)->1066M(52%) 0.017s
[19.500s][info][gc       ] GC(380) Minor Collection (Allocation Rate) 1328M(65%)->1068M(52%) 0.018s
[19.536s][info][gc       ] GC(381) Minor Collection (Allocation Rate)
[19.536s][info][gc,phases] GC(381) y: Young Generation
[19.536s][info][gc,phases] GC(381) y: Pause Mark Start 0.008ms
[19.547s][info][gc,phases] GC(381) y: Concurrent Mark 10.976ms
[19.548s][info][gc,phases] GC(381) y: Pause Mark End 0.010ms
[19.548s][info][gc,phases] GC(381) y: Concurrent Mark Free 0.001ms
[19.548s][info][gc,phases] GC(381) y: Concurrent Reset Relocation Set 0.011ms
[19.548s][info][gc,phases] GC(381) y: Concurrent Select Relocation Set 0.175ms
[19.548s][info][gc,phases] GC(381) y: Pause Relocate Start 0.004ms
[19.553s][info][gc,phases] GC(381) y: Concurrent Relocate 5.087ms
[19.554s][info][gc,phases] GC(381) y: Young Generation 1452M(71%)->1012M(49%) 0.017s
[19.554s][info][gc       ] GC(381) Minor Collection (Allocation Rate) 1452M(71%)->1014M(50%) 0.018s
[19.606s][info][gc       ] GC(382) Minor Collection (Allocation Rate)
[19.606s][info][gc,phases] GC(382) y: Young Generation
[19.606s][info][gc,phases] GC(382) y: Pause Mark Start 0.008ms
[19.618s][info][gc,phases] GC(382) y: Concurrent Mark 11.348ms
[19.618s][info][gc,phases] GC(382) y: Pause Mark End 0.014ms
[19.618s][info][gc,phases] GC(382) y: Concurrent Mark Free 0.001ms
[19.618s][info][gc,phases] GC(382) y: Concurrent Reset Relocation Set 0.008ms
[19.619s][info][gc,phases] GC(382) y: Concurrent Select Relocation Set 0.319ms
[19.619s][info][gc,phases] GC(382) y: Pause Relocate Start 0.004ms
[19.625s][info][gc,phases] GC(382) y: Concurrent Relocate 5.714ms
[19.625s][info][gc,phases] GC(382) y: Young Generation 1528M(75%)->1114M(54%) 0.019s
[19.625s][info][gc       ] GC(382) Minor Collection (Allocation Rate) 1528M(75%)->1116M(54%) 0.019s
[19.666s][info][gc       ] GC(383) Minor Collection (Allocation Rate)
[19.666s][info][gc,phases] GC(383) y: Young Generation
[19.667s][info][gc,phases] GC(383) y: Pause Mark Start 0.009ms
[19.679s][info][gc,phases] GC(383) y: Concurrent Mark 12.127ms
[19.679s][info][gc,phases] GC(383) y: Pause Mark End 0.011ms
[19.679s][info][gc,phases] GC(383) y: Concurrent Mark Free 0.002ms
[19.679s][info][gc,phases] GC(383) y: Concurrent Reset Relocation Set 0.014ms
[19.680s][info][gc,phases] GC(383) y: Concurrent Select Relocation Set 0.188ms
[19.680s][info][gc,phases] GC(383) y: Pause Relocate Start 0.008ms
[19.685s][info][gc,phases] GC(383) y: Concurrent Relocate 5.470ms
[19.686s][info][gc,phases] GC(383) y: Young Generation 1524M(74%)->1054M(51%) 0.019s
[19.686s][info][gc       ] GC(383) Minor Collection (Allocation Rate) 1522M(74%)->1056M(52%) 0.019s
[19.734s][info][gc       ] GC(384) Minor Collection (Allocation Rate)
[19.735s][info][gc,phases] GC(384) y: Young Generation
[19.735s][info][gc,phases] GC(384) y: Pause Mark Start 0.007ms
[19.748s][info][gc,phases] GC(384) y: Concurrent Mark 12.722ms
[19.748s][info][gc,phases] GC(384) y: Pause Mark End 0.012ms
[19.748s][info][gc,phases] GC(384) y: Concurrent Mark Free 0.002ms
[19.748s][info][gc,phases] GC(384) y: Concurrent Reset Relocation Set 0.011ms
[19.749s][info][gc,phases] GC(384) y: Concurrent Select Relocation Set 0.571ms
[19.749s][info][gc,phases] GC(384) y: Pause Relocate Start 0.006ms
[19.755s][info][gc,phases] GC(384) y: Concurrent Relocate 5.927ms
[19.755s][info][gc,phases] GC(384) y: Young Generation 1554M(76%)->1166M(57%) 0.021s
[19.755s][info][gc       ] GC(384) Minor Collection (Allocation Rate) 1550M(76%)->1170M(57%) 0.021s
[19.784s][info][gc       ] GC(385) Minor Collection (Allocation Rate)
[19.784s][info][gc,phases] GC(385) y: Young Generation
[19.784s][info][gc,phases] GC(385) y: Pause Mark Start 0.008ms
[19.797s][info][gc,phases] GC(385) y: Concurrent Mark 12.448ms
[19.797s][info][gc,phases] GC(385) y: Pause Mark End 0.015ms
[19.797s][info][gc,phases] GC(385) y: Concurrent Mark Free 0.002ms
[19.797s][info][gc,phases] GC(385) y: Concurrent Reset Relocation Set 0.014ms
[19.797s][info][gc,phases] GC(385) y: Concurrent Select Relocation Set 0.189ms
[19.798s][info][gc,phases] GC(385) y: Pause Relocate Start 0.008ms
[19.803s][info][gc,phases] GC(385) y: Concurrent Relocate 5.051ms
[19.803s][info][gc,phases] GC(385) y: Young Generation 1480M(72%)->1070M(52%) 0.019s
[19.803s][info][gc       ] GC(385) Minor Collection (Allocation Rate) 1480M(72%)->1072M(52%) 0.019s
[19.848s][info][gc       ] GC(386) Minor Collection (Allocation Rate)
[19.848s][info][gc,phases] GC(386) y: Young Generation
[19.848s][info][gc,phases] GC(386) y: Pause Mark Start 0.008ms
[19.861s][info][gc,phases] GC(386) y: Concurrent Mark 12.416ms
[19.861s][info][gc,phases] GC(386) y: Pause Mark End 0.014ms
[19.861s][info][gc,phases] GC(386) y: Concurrent Mark Free 0.001ms
[19.861s][info][gc,phases] GC(386) y: Concurrent Reset Relocation Set 0.010ms
[19.862s][info][gc,phases] GC(386) y: Concurrent Select Relocation Set 0.863ms
[19.862s][info][gc,phases] GC(386) y: Pause Relocate Start 0.008ms
[19.868s][info][gc,phases] GC(386) y: Concurrent Relocate 5.775ms
[19.868s][info][gc,phases] GC(386) y: Young Generation 1510M(74%)->1188M(58%) 0.020s
[19.868s][info][gc       ] GC(386) Minor Collection (Allocation Rate) 1510M(74%)->1190M(58%) 0.021s
[19.899s][info][gc       ] GC(387) Minor Collection (Allocation Rate)
[19.899s][info][gc,phases] GC(387) y: Young Generation
[19.899s][info][gc,phases] GC(387) y: Pause Mark Start 0.008ms
[19.911s][info][gc,phases] GC(387) y: Concurrent Mark 11.367ms
[19.911s][info][gc,phases] GC(387) y: Pause Mark End 0.015ms
[19.911s][info][gc,phases] GC(387) y: Concurrent Mark Free 0.002ms
[19.911s][info][gc,phases] GC(387) y: Concurrent Reset Relocation Set 0.014ms
[19.911s][info][gc,phases] GC(387) y: Concurrent Select Relocation Set 0.222ms
[19.911s][info][gc,phases] GC(387) y: Pause Relocate Start 0.004ms
[19.916s][info][gc,phases] GC(387) y: Concurrent Relocate 4.705ms
[19.916s][info][gc,phases] GC(387) y: Young Generation 1488M(73%)->1076M(53%) 0.018s
[19.916s][info][gc       ] GC(387) Minor Collection (Allocation Rate) 1488M(73%)->1080M(53%) 0.018s
[19.957s][info][gc       ] GC(388) Minor Collection (Allocation Rate)
[19.957s][info][gc,phases] GC(388) y: Young Generation
[19.958s][info][gc,phases] GC(388) y: Pause Mark Start 0.011ms
[19.969s][info][gc,phases] GC(388) y: Concurrent Mark 11.577ms
[19.970s][info][gc,phases] GC(388) y: Pause Mark End 0.016ms
[19.970s][info][gc,phases] GC(388) y: Concurrent Mark Free 0.001ms
[19.970s][info][gc,phases] GC(388) y: Concurrent Reset Relocation Set 0.009ms
[19.970s][info][gc,phases] GC(388) y: Concurrent Select Relocation Set 0.372ms
[19.970s][info][gc,phases] GC(388) y: Pause Relocate Start 0.005ms
[19.975s][info][gc,phases] GC(388) y: Concurrent Relocate 4.843ms
[19.975s][info][gc,phases] GC(388) y: Young Generation 1480M(72%)->1140M(56%) 0.018s
[19.975s][info][gc       ] GC(388) Minor Collection (Allocation Rate) 1480M(72%)->1144M(56%) 0.018s
[20.017s][info][gc       ] GC(389) Minor Collection (Allocation Rate)
[20.017s][info][gc,phases] GC(389) y: Young Generation
[20.017s][info][gc,phases] GC(389) y: Pause Mark Start 0.008ms
[20.029s][info][gc,phases] GC(389) y: Concurrent Mark 12.441ms
[20.030s][info][gc,phases] GC(389) y: Pause Mark End 0.011ms
[20.030s][info][gc,phases] GC(389) y: Concurrent Mark Free 0.001ms
[20.030s][info][gc,phases] GC(389) y: Concurrent Reset Relocation Set 0.011ms
[20.030s][info][gc,phases] GC(389) y: Concurrent Select Relocation Set 0.377ms
[20.031s][info][gc,phases] GC(389) y: Pause Relocate Start 0.004ms
[20.036s][info][gc,phases] GC(389) y: Concurrent Relocate 5.237ms
[20.036s][info][gc,phases] GC(389) y: Young Generation 1542M(75%)->1132M(55%) 0.019s
[20.036s][info][gc       ] GC(389) Minor Collection (Allocation Rate) 1540M(75%)->1134M(55%) 0.020s
[20.078s][info][gc       ] GC(390) Minor Collection (Allocation Rate)
[20.078s][info][gc,phases] GC(390) y: Young Generation
[20.079s][info][gc,phases] GC(390) y: Pause Mark Start 0.010ms
[20.091s][info][gc,phases] GC(390) y: Concurrent Mark 11.986ms
[20.091s][info][gc,phases] GC(390) y: Pause Mark End 0.013ms
[20.091s][info][gc,phases] GC(390) y: Concurrent Mark Free 0.001ms
[20.091s][info][gc,phases] GC(390) y: Concurrent Reset Relocation Set 0.012ms
[20.091s][info][gc,phases] GC(390) y: Concurrent Select Relocation Set 0.172ms
[20.092s][info][gc,phases] GC(390) y: Pause Relocate Start 0.009ms
[20.097s][info][gc,phases] GC(390) y: Concurrent Relocate 5.156ms
[20.097s][info][gc,phases] GC(390) y: Young Generation 1550M(76%)->1122M(55%) 0.019s
[20.097s][info][gc       ] GC(390) Minor Collection (Allocation Rate) 1548M(76%)->1124M(55%) 0.019s
[20.143s][info][gc       ] GC(391) Minor Collection (Allocation Rate)
[20.143s][info][gc,phases] GC(391) y: Young Generation
[20.144s][info][gc,phases] GC(391) y: Pause Mark Start 0.008ms
[20.156s][info][gc,phases] GC(391) y: Concurrent Mark 12.184ms
[20.156s][info][gc,phases] GC(391) y: Pause Mark End 0.012ms
[20.156s][info][gc,phases] GC(391) y: Concurrent Mark Free 0.001ms
[20.156s][info][gc,phases] GC(391) y: Concurrent Reset Relocation Set 0.010ms
[20.157s][info][gc,phases] GC(391) y: Concurrent Select Relocation Set 0.733ms
[20.157s][info][gc,phases] GC(391) y: Pause Relocate Start 0.006ms
[20.163s][info][gc,phases] GC(391) y: Concurrent Relocate 5.563ms
[20.163s][info][gc,phases] GC(391) y: Young Generation 1574M(77%)->1230M(60%) 0.020s
[20.163s][info][gc       ] GC(391) Minor Collection (Allocation Rate) 1574M(77%)->1232M(60%) 0.020s
[20.196s][info][gc       ] GC(392) Major Collection (Allocation Rate)
[20.196s][info][gc,phases] GC(392) Y: Young Generation
[20.197s][info][gc,phases] GC(392) Y: Pause Mark Start (Major) 0.009ms
[20.204s][info][gc,phases] GC(392) Y: Concurrent Mark 7.820ms
[20.205s][info][gc,phases] GC(392) Y: Pause Mark End 0.011ms
[20.205s][info][gc,phases] GC(392) Y: Concurrent Mark Free 0.001ms
[20.205s][info][gc,phases] GC(392) Y: Concurrent Reset Relocation Set 0.014ms
[20.205s][info][gc,phases] GC(392) Y: Concurrent Select Relocation Set 0.190ms
[20.205s][info][gc,phases] GC(392) Y: Pause Relocate Start 0.004ms
[20.210s][info][gc,phases] GC(392) Y: Concurrent Relocate 4.786ms
[20.210s][info][gc,phases] GC(392) Y: Young Generation 1558M(76%)->1100M(54%) 0.014s
[20.210s][info][gc,phases] GC(392) O: Old Generation
[20.250s][info][gc       ] GC(393) Minor Collection (Allocation Rate)
[20.250s][info][gc,phases] GC(393) y: Young Generation
[20.250s][info][gc,phases] GC(393) y: Pause Mark Start 0.008ms
[20.259s][info][gc,phases] GC(393) y: Concurrent Mark 8.487ms
[20.259s][info][gc,phases] GC(393) y: Pause Mark End 0.011ms
[20.259s][info][gc,phases] GC(393) y: Concurrent Mark Free 0.002ms
[20.260s][info][gc,phases] GC(393) y: Concurrent Reset Relocation Set 0.009ms
[20.260s][info][gc,phases] GC(393) y: Concurrent Select Relocation Set 0.536ms
[20.260s][info][gc,phases] GC(393) y: Pause Relocate Start 0.005ms
[20.265s][info][gc,phases] GC(393) y: Concurrent Relocate 4.648ms
[20.265s][info][gc,phases] GC(393) y: Young Generation 1486M(73%)->1188M(58%) 0.015s
[20.265s][info][gc       ] GC(393) Minor Collection (Allocation Rate) 1484M(72%)->1192M(58%) 0.016s
[20.284s][info][gc,phases] GC(392) O: Concurrent Mark 73.275ms
[20.284s][info][gc,phases] GC(392) O: Pause Mark End 0.011ms
[20.284s][info][gc,phases] GC(392) O: Concurrent Mark Free 0.002ms
[20.288s][info][gc,phases] GC(392) O: Concurrent Process Non-Strong 4.131ms
[20.288s][info][gc,phases] GC(392) O: Concurrent Reset Relocation Set 0.002ms
[20.289s][info][gc,phases] GC(392) O: Concurrent Select Relocation Set 0.149ms
[20.294s][info][gc,phases] GC(392) O: Concurrent Remap Roots 5.480ms
[20.294s][info][gc,phases] GC(392) O: Pause Relocate Start 0.010ms
[20.296s][info][gc,phases] GC(392) O: Concurrent Relocate 2.044ms
[20.297s][info][gc,phases] GC(392) O: Old Generation 1104M(54%)->1306M(64%) 0.086s
[20.297s][info][gc       ] GC(392) Major Collection (Allocation Rate) 1556M(76%)->1308M(64%) 0.100s
[20.322s][info][gc       ] GC(394) Minor Collection (Allocation Rate)
[20.322s][info][gc,phases] GC(394) y: Young Generation
[20.323s][info][gc,phases] GC(394) y: Pause Mark Start 0.011ms
[20.335s][info][gc,phases] GC(394) y: Concurrent Mark 12.672ms
[20.336s][info][gc,phases] GC(394) y: Pause Mark End 0.015ms
[20.336s][info][gc,phases] GC(394) y: Concurrent Mark Free 0.001ms
[20.336s][info][gc,phases] GC(394) y: Concurrent Reset Relocation Set 0.012ms
[20.336s][info][gc,phases] GC(394) y: Concurrent Select Relocation Set 0.433ms
[20.337s][info][gc,phases] GC(394) y: Pause Relocate Start 0.005ms
[20.343s][info][gc,phases] GC(394) y: Concurrent Relocate 6.384ms
[20.343s][info][gc,phases] GC(394) y: Young Generation 1548M(76%)->1008M(49%) 0.021s
[20.343s][info][gc       ] GC(394) Minor Collection (Allocation Rate) 1548M(76%)->1008M(49%) 0.021s
[20.382s][info][gc       ] GC(395) Minor Collection (Allocation Rate)
[20.382s][info][gc,phases] GC(395) y: Young Generation
[20.382s][info][gc,phases] GC(395) y: Pause Mark Start 0.011ms
[20.394s][info][gc,phases] GC(395) y: Concurrent Mark 11.525ms
[20.394s][info][gc,phases] GC(395) y: Pause Mark End 0.012ms
[20.394s][info][gc,phases] GC(395) y: Concurrent Mark Free 0.000ms
[20.394s][info][gc,phases] GC(395) y: Concurrent Reset Relocation Set 0.014ms
[20.394s][info][gc,phases] GC(395) y: Concurrent Select Relocation Set 0.169ms
[20.394s][info][gc,phases] GC(395) y: Pause Relocate Start 0.008ms
[20.399s][info][gc,phases] GC(395) y: Concurrent Relocate 4.491ms
[20.399s][info][gc,phases] GC(395) y: Young Generation 1372M(67%)->988M(48%) 0.017s
[20.399s][info][gc       ] GC(395) Minor Collection (Allocation Rate) 1372M(67%)->990M(48%) 0.018s
[20.445s][info][gc       ] GC(396) Minor Collection (Allocation Rate)
[20.445s][info][gc,phases] GC(396) y: Young Generation
[20.445s][info][gc,phases] GC(396) y: Pause Mark Start 0.007ms
[20.458s][info][gc,phases] GC(396) y: Concurrent Mark 12.795ms
[20.458s][info][gc,phases] GC(396) y: Pause Mark End 0.013ms
[20.459s][info][gc,phases] GC(396) y: Concurrent Mark Free 0.001ms
[20.459s][info][gc,phases] GC(396) y: Concurrent Reset Relocation Set 0.010ms
[20.459s][info][gc,phases] GC(396) y: Concurrent Select Relocation Set 0.560ms
[20.459s][info][gc,phases] GC(396) y: Pause Relocate Start 0.006ms
[20.465s][info][gc,phases] GC(396) y: Concurrent Relocate 5.889ms
[20.466s][info][gc,phases] GC(396) y: Young Generation 1496M(73%)->1030M(50%) 0.020s
[20.466s][info][gc       ] GC(396) Minor Collection (Allocation Rate) 1492M(73%)->1030M(50%) 0.021s
[20.515s][info][gc       ] GC(397) Minor Collection (Allocation Rate)
[20.515s][info][gc,phases] GC(397) y: Young Generation
[20.515s][info][gc,phases] GC(397) y: Pause Mark Start 0.010ms
[20.528s][info][gc,phases] GC(397) y: Concurrent Mark 12.352ms
[20.528s][info][gc,phases] GC(397) y: Pause Mark End 0.012ms
[20.528s][info][gc,phases] GC(397) y: Concurrent Mark Free 0.001ms
[20.528s][info][gc,phases] GC(397) y: Concurrent Reset Relocation Set 0.013ms
[20.528s][info][gc,phases] GC(397) y: Concurrent Select Relocation Set 0.177ms
[20.529s][info][gc,phases] GC(397) y: Pause Relocate Start 0.004ms
[20.534s][info][gc,phases] GC(397) y: Concurrent Relocate 5.495ms
[20.534s][info][gc,phases] GC(397) y: Young Generation 1504M(73%)->1030M(50%) 0.019s
[20.534s][info][gc       ] GC(397) Minor Collection (Allocation Rate) 1502M(73%)->1032M(50%) 0.019s
[20.589s][info][gc       ] GC(398) Minor Collection (Allocation Rate)
[20.589s][info][gc,phases] GC(398) y: Young Generation
[20.589s][info][gc,phases] GC(398) y: Pause Mark Start 0.009ms
[20.603s][info][gc,phases] GC(398) y: Concurrent Mark 13.573ms
[20.603s][info][gc,phases] GC(398) y: Pause Mark End 0.011ms
[20.604s][info][gc,phases] GC(398) y: Concurrent Mark Free 0.001ms
[20.604s][info][gc,phases] GC(398) y: Concurrent Reset Relocation Set 0.012ms
[20.604s][info][gc,phases] GC(398) y: Concurrent Select Relocation Set 0.692ms
[20.605s][info][gc,phases] GC(398) y: Pause Relocate Start 0.006ms
[20.611s][info][gc,phases] GC(398) y: Concurrent Relocate 6.263ms
[20.611s][info][gc,phases] GC(398) y: Young Generation 1550M(76%)->1062M(52%) 0.022s
[20.611s][info][gc       ] GC(398) Minor Collection (Allocation Rate) 1548M(76%)->1064M(52%) 0.022s
[20.656s][info][gc       ] GC(399) Minor Collection (Allocation Rate)
[20.656s][info][gc,phases] GC(399) y: Young Generation
[20.656s][info][gc,phases] GC(399) y: Pause Mark Start 0.009ms
[20.669s][info][gc,phases] GC(399) y: Concurrent Mark 12.753ms
[20.669s][info][gc,phases] GC(399) y: Pause Mark End 0.011ms
[20.669s][info][gc,phases] GC(399) y: Concurrent Mark Free 0.002ms
[20.670s][info][gc,phases] GC(399) y: Concurrent Reset Relocation Set 0.014ms
[20.670s][info][gc,phases] GC(399) y: Concurrent Select Relocation Set 0.210ms
[20.670s][info][gc,phases] GC(399) y: Pause Relocate Start 0.004ms
[20.675s][info][gc,phases] GC(399) y: Concurrent Relocate 5.033ms
[20.675s][info][gc,phases] GC(399) y: Young Generation 1482M(72%)->1048M(51%) 0.019s
[20.675s][info][gc       ] GC(399) Minor Collection (Allocation Rate) 1480M(72%)->1050M(51%) 0.019s
[20.726s][info][gc       ] GC(400) Minor Collection (Allocation Rate)
[20.726s][info][gc,phases] GC(400) y: Young Generation
[20.726s][info][gc,phases] GC(400) y: Pause Mark Start 0.013ms
[20.740s][info][gc,phases] GC(400) y: Concurrent Mark 13.470ms
[20.740s][info][gc,phases] GC(400) y: Pause Mark End 0.013ms
[20.740s][info][gc,phases] GC(400) y: Concurrent Mark Free 0.001ms
[20.740s][info][gc,phases] GC(400) y: Concurrent Reset Relocation Set 0.009ms
[20.741s][info][gc,phases] GC(400) y: Concurrent Select Relocation Set 0.731ms
[20.741s][info][gc,phases] GC(400) y: Pause Relocate Start 0.007ms
[20.748s][info][gc,phases] GC(400) y: Concurrent Relocate 5.956ms
[20.748s][info][gc,phases] GC(400) y: Young Generation 1524M(74%)->1102M(54%) 0.022s
[20.748s][info][gc       ] GC(400) Minor Collection (Allocation Rate) 1524M(74%)->1104M(54%) 0.022s
[20.795s][info][gc       ] GC(401) Minor Collection (Allocation Rate)
[20.795s][info][gc,phases] GC(401) y: Young Generation
[20.795s][info][gc,phases] GC(401) y: Pause Mark Start 0.009ms
[20.808s][info][gc,phases] GC(401) y: Concurrent Mark 12.652ms
[20.808s][info][gc,phases] GC(401) y: Pause Mark End 0.013ms
[20.808s][info][gc,phases] GC(401) y: Concurrent Mark Free 0.002ms
[20.808s][info][gc,phases] GC(401) y: Concurrent Reset Relocation Set 0.014ms
[20.809s][info][gc,phases] GC(401) y: Concurrent Select Relocation Set 0.264ms
[20.809s][info][gc,phases] GC(401) y: Pause Relocate Start 0.008ms
[20.814s][info][gc,phases] GC(401) y: Concurrent Relocate 5.515ms
[20.815s][info][gc,phases] GC(401) y: Young Generation 1550M(76%)->1078M(53%) 0.020s
[20.815s][info][gc       ] GC(401) Minor Collection (Allocation Rate) 1548M(76%)->1080M(53%) 0.020s
[20.865s][info][gc       ] GC(402) Minor Collection (Allocation Rate)
[20.865s][info][gc,phases] GC(402) y: Young Generation
[20.865s][info][gc,phases] GC(402) y: Pause Mark Start 0.011ms
[20.879s][info][gc,phases] GC(402) y: Concurrent Mark 13.357ms
[20.879s][info][gc,phases] GC(402) y: Pause Mark End 0.012ms
[20.879s][info][gc,phases] GC(402) y: Concurrent Mark Free 0.001ms
[20.879s][info][gc,phases] GC(402) y: Concurrent Reset Relocation Set 0.011ms
[20.880s][info][gc,phases] GC(402) y: Concurrent Select Relocation Set 0.621ms
[20.880s][info][gc,phases] GC(402) y: Pause Relocate Start 0.006ms
[20.886s][info][gc,phases] GC(402) y: Concurrent Relocate 5.807ms
[20.886s][info][gc,phases] GC(402) y: Young Generation 1560M(76%)->1102M(54%) 0.021s
[20.886s][info][gc       ] GC(402) Minor Collection (Allocation Rate) 1560M(76%)->1106M(54%) 0.021s
[20.934s][info][gc       ] GC(403) Minor Collection (Allocation Rate)
[20.934s][info][gc,phases] GC(403) y: Young Generation
[20.934s][info][gc,phases] GC(403) y: Pause Mark Start 0.008ms
[20.947s][info][gc,phases] GC(403) y: Concurrent Mark 12.683ms
[20.947s][info][gc,phases] GC(403) y: Pause Mark End 0.011ms
[20.947s][info][gc,phases] GC(403) y: Concurrent Mark Free 0.002ms
[20.947s][info][gc,phases] GC(403) y: Concurrent Reset Relocation Set 0.016ms
[20.948s][info][gc,phases] GC(403) y: Concurrent Select Relocation Set 0.176ms
[20.948s][info][gc,phases] GC(403) y: Pause Relocate Start 0.004ms
[20.953s][info][gc,phases] GC(403) y: Concurrent Relocate 5.218ms
[20.953s][info][gc,phases] GC(403) y: Young Generation 1560M(76%)->1098M(54%) 0.019s
[20.953s][info][gc       ] GC(403) Minor Collection (Allocation Rate) 1558M(76%)->1102M(54%) 0.020s
[21.004s][info][gc       ] GC(404) Minor Collection (Allocation Rate)
[21.004s][info][gc,phases] GC(404) y: Young Generation
[21.005s][info][gc,phases] GC(404) y: Pause Mark Start 0.011ms
[21.018s][info][gc,phases] GC(404) y: Concurrent Mark 12.972ms
[21.018s][info][gc,phases] GC(404) y: Pause Mark End 0.012ms
[21.018s][info][gc,phases] GC(404) y: Concurrent Mark Free 0.001ms
[21.018s][info][gc,phases] GC(404) y: Concurrent Reset Relocation Set 0.010ms
[21.019s][info][gc,phases] GC(404) y: Concurrent Select Relocation Set 0.814ms
[21.019s][info][gc,phases] GC(404) y: Pause Relocate Start 0.008ms
[21.026s][info][gc,phases] GC(404) y: Concurrent Relocate 6.476ms
[21.026s][info][gc,phases] GC(404) y: Young Generation 1586M(77%)->1214M(59%) 0.022s
[21.026s][info][gc       ] GC(404) Minor Collection (Allocation Rate) 1584M(77%)->1218M(59%) 0.022s
[21.056s][info][gc       ] GC(405) Minor Collection (Allocation Rate)
[21.056s][info][gc,phases] GC(405) y: Young Generation
[21.056s][info][gc,phases] GC(405) y: Pause Mark Start 0.011ms
[21.068s][info][gc,phases] GC(405) y: Concurrent Mark 11.671ms
[21.068s][info][gc,phases] GC(405) y: Pause Mark End 0.011ms
[21.069s][info][gc,phases] GC(405) y: Concurrent Mark Free 0.002ms
[21.069s][info][gc,phases] GC(405) y: Concurrent Reset Relocation Set 0.015ms
[21.069s][info][gc,phases] GC(405) y: Concurrent Select Relocation Set 0.190ms
[21.069s][info][gc,phases] GC(405) y: Pause Relocate Start 0.004ms
[21.074s][info][gc,phases] GC(405) y: Concurrent Relocate 4.676ms
[21.074s][info][gc,phases] GC(405) y: Young Generation 1500M(73%)->1106M(54%) 0.018s
[21.074s][info][gc       ] GC(405) Minor Collection (Allocation Rate) 1498M(73%)->1106M(54%) 0.018s
[21.108s][info][gc       ] GC(406) Minor Collection (Allocation Rate)
[21.108s][info][gc,phases] GC(406) y: Young Generation
[21.108s][info][gc,phases] GC(406) y: Pause Mark Start 0.009ms
[21.120s][info][gc,phases] GC(406) y: Concurrent Mark 11.587ms
[21.120s][info][gc,phases] GC(406) y: Pause Mark End 0.013ms
[21.120s][info][gc,phases] GC(406) y: Concurrent Mark Free 0.000ms
[21.120s][info][gc,phases] GC(406) y: Concurrent Reset Relocation Set 0.009ms
[21.121s][info][gc,phases] GC(406) y: Concurrent Select Relocation Set 0.366ms
[21.121s][info][gc,phases] GC(406) y: Pause Relocate Start 0.015ms
[21.125s][info][gc,phases] GC(406) y: Concurrent Relocate 4.554ms
[21.126s][info][gc,phases] GC(406) y: Young Generation 1484M(72%)->1114M(54%) 0.018s
[21.126s][info][gc       ] GC(406) Minor Collection (Allocation Rate) 1480M(72%)->1116M(54%) 0.018s
[21.171s][info][gc       ] GC(407) Minor Collection (Allocation Rate)
[21.171s][info][gc,phases] GC(407) y: Young Generation
[21.171s][info][gc,phases] GC(407) y: Pause Mark Start 0.011ms
[21.183s][info][gc,phases] GC(407) y: Concurrent Mark 12.020ms
[21.184s][info][gc,phases] GC(407) y: Pause Mark End 0.011ms
[21.184s][info][gc,phases] GC(407) y: Concurrent Mark Free 0.003ms
[21.184s][info][gc,phases] GC(407) y: Concurrent Reset Relocation Set 0.011ms
[21.184s][info][gc,phases] GC(407) y: Concurrent Select Relocation Set 0.392ms
[21.185s][info][gc,phases] GC(407) y: Pause Relocate Start 0.007ms
[21.190s][info][gc,phases] GC(407) y: Concurrent Relocate 5.128ms
[21.190s][info][gc,phases] GC(407) y: Young Generation 1546M(75%)->1138M(56%) 0.019s
[21.190s][info][gc       ] GC(407) Minor Collection (Allocation Rate) 1546M(75%)->1140M(56%) 0.019s
[21.235s][info][gc       ] GC(408) Major Collection (Allocation Rate)
[21.235s][info][gc,phases] GC(408) Y: Young Generation
[21.235s][info][gc,phases] GC(408) Y: Pause Mark Start (Major) 0.012ms
[21.244s][info][gc,phases] GC(408) Y: Concurrent Mark 8.250ms
[21.244s][info][gc,phases] GC(408) Y: Pause Mark End 0.011ms
[21.244s][info][gc,phases] GC(408) Y: Concurrent Mark Free 0.001ms
[21.244s][info][gc,phases] GC(408) Y: Concurrent Reset Relocation Set 0.012ms
[21.244s][info][gc,phases] GC(408) Y: Concurrent Select Relocation Set 0.182ms
[21.244s][info][gc,phases] GC(408) Y: Pause Relocate Start 0.008ms
[21.249s][info][gc,phases] GC(408) Y: Concurrent Relocate 4.879ms
[21.249s][info][gc,phases] GC(408) Y: Young Generation 1564M(76%)->1108M(54%) 0.015s
[21.250s][info][gc,phases] GC(408) O: Old Generation
[21.295s][info][gc       ] GC(409) Minor Collection (Allocation Rate)
[21.295s][info][gc,phases] GC(409) y: Young Generation
[21.296s][info][gc,phases] GC(409) y: Pause Mark Start 0.010ms
[21.304s][info][gc,phases] GC(409) y: Concurrent Mark 8.712ms
[21.305s][info][gc,phases] GC(409) y: Pause Mark End 0.011ms
[21.305s][info][gc,phases] GC(409) y: Concurrent Mark Free 0.002ms
[21.305s][info][gc,phases] GC(409) y: Concurrent Reset Relocation Set 0.010ms
[21.305s][info][gc,phases] GC(409) y: Concurrent Select Relocation Set 0.386ms
[21.306s][info][gc,phases] GC(409) y: Pause Relocate Start 0.004ms
[21.311s][info][gc,phases] GC(409) y: Concurrent Relocate 4.839ms
[21.311s][info][gc,phases] GC(409) y: Young Generation 1540M(75%)->1124M(55%) 0.016s
[21.311s][info][gc       ] GC(409) Minor Collection (Allocation Rate) 1538M(75%)->1128M(55%) 0.016s
[21.322s][info][gc,phases] GC(408) O: Concurrent Mark 72.577ms
[21.322s][info][gc,phases] GC(408) O: Pause Mark End 0.014ms
[21.322s][info][gc,phases] GC(408) O: Concurrent Mark Free 0.001ms
[21.327s][info][gc,phases] GC(408) O: Concurrent Process Non-Strong 4.637ms
[21.327s][info][gc,phases] GC(408) O: Concurrent Reset Relocation Set 0.002ms
[21.328s][info][gc,phases] GC(408) O: Concurrent Select Relocation Set 0.166ms
[21.333s][info][gc,phases] GC(408) O: Concurrent Remap Roots 5.802ms
[21.334s][info][gc,phases] GC(408) O: Pause Relocate Start 0.009ms
[21.336s][info][gc,phases] GC(408) O: Concurrent Relocate 2.685ms
[21.337s][info][gc,phases] GC(408) O: Old Generation 1112M(54%)->1176M(57%) 0.087s
[21.337s][info][gc       ] GC(408) Major Collection (Allocation Rate) 1562M(76%)->1176M(57%) 0.102s
[21.384s][info][gc       ] GC(410) Minor Collection (Allocation Rate)
[21.384s][info][gc,phases] GC(410) y: Young Generation
[21.384s][info][gc,phases] GC(410) y: Pause Mark Start 0.009ms
[21.399s][info][gc,phases] GC(410) y: Concurrent Mark 14.651ms
[21.399s][info][gc,phases] GC(410) y: Pause Mark End 0.011ms
[21.399s][info][gc,phases] GC(410) y: Concurrent Mark Free 0.001ms
[21.399s][info][gc,phases] GC(410) y: Concurrent Reset Relocation Set 0.010ms
[21.400s][info][gc,phases] GC(410) y: Concurrent Select Relocation Set 0.973ms
[21.400s][info][gc,phases] GC(410) y: Pause Relocate Start 0.007ms
[21.408s][info][gc,phases] GC(410) y: Concurrent Relocate 7.655ms
[21.408s][info][gc,phases] GC(410) y: Young Generation 1626M(79%)->1116M(54%) 0.025s
[21.408s][info][gc       ] GC(410) Minor Collection (Allocation Rate) 1624M(79%)->1118M(55%) 0.025s
[21.423s][info][gc       ] GC(411) Minor Collection (Allocation Rate)
[21.423s][info][gc,phases] GC(411) y: Young Generation
[21.423s][info][gc,phases] GC(411) y: Pause Mark Start 0.009ms
[21.435s][info][gc,phases] GC(411) y: Concurrent Mark 11.719ms
[21.435s][info][gc,phases] GC(411) y: Pause Mark End 0.011ms
[21.435s][info][gc,phases] GC(411) y: Concurrent Mark Free 0.001ms
[21.435s][info][gc,phases] GC(411) y: Concurrent Reset Relocation Set 0.016ms
[21.436s][info][gc,phases] GC(411) y: Concurrent Select Relocation Set 0.354ms
[21.436s][info][gc,phases] GC(411) y: Pause Relocate Start 0.005ms
[21.440s][info][gc,phases] GC(411) y: Concurrent Relocate 3.949ms
[21.440s][info][gc,phases] GC(411) y: Young Generation 1274M(62%)->1044M(51%) 0.017s
[21.440s][info][gc       ] GC(411) Minor Collection (Allocation Rate) 1272M(62%)->1048M(51%) 0.017s
[21.470s][info][gc       ] GC(412) Minor Collection (Allocation Rate)
[21.470s][info][gc,phases] GC(412) y: Young Generation
[21.470s][info][gc,phases] GC(412) y: Pause Mark Start 0.013ms
[21.482s][info][gc,phases] GC(412) y: Concurrent Mark 11.776ms
[21.482s][info][gc,phases] GC(412) y: Pause Mark End 0.012ms
[21.482s][info][gc,phases] GC(412) y: Concurrent Mark Free 0.002ms
[21.482s][info][gc,phases] GC(412) y: Concurrent Reset Relocation Set 0.011ms
[21.483s][info][gc,phases] GC(412) y: Concurrent Select Relocation Set 0.412ms
[21.483s][info][gc,phases] GC(412) y: Pause Relocate Start 0.007ms
[21.488s][info][gc,phases] GC(412) y: Concurrent Relocate 4.639ms
[21.488s][info][gc,phases] GC(412) y: Young Generation 1330M(65%)->1000M(49%) 0.018s
[21.488s][info][gc       ] GC(412) Minor Collection (Allocation Rate) 1328M(65%)->1002M(49%) 0.018s
[21.533s][info][gc       ] GC(413) Minor Collection (Allocation Rate)
[21.534s][info][gc,phases] GC(413) y: Young Generation
[21.534s][info][gc,phases] GC(413) y: Pause Mark Start 0.011ms
[21.545s][info][gc,phases] GC(413) y: Concurrent Mark 11.598ms
[21.546s][info][gc,phases] GC(413) y: Pause Mark End 0.014ms
[21.546s][info][gc,phases] GC(413) y: Concurrent Mark Free 0.001ms
[21.546s][info][gc,phases] GC(413) y: Concurrent Reset Relocation Set 0.010ms
[21.547s][info][gc,phases] GC(413) y: Concurrent Select Relocation Set 0.616ms
[21.547s][info][gc,phases] GC(413) y: Pause Relocate Start 0.011ms
[21.552s][info][gc,phases] GC(413) y: Concurrent Relocate 5.334ms
[21.553s][info][gc,phases] GC(413) y: Young Generation 1436M(70%)->1146M(56%) 0.019s
[21.553s][info][gc       ] GC(413) Minor Collection (Allocation Rate) 1436M(70%)->1150M(56%) 0.019s
[21.578s][info][gc       ] GC(414) Minor Collection (Allocation Rate)
[21.578s][info][gc,phases] GC(414) y: Young Generation
[21.578s][info][gc,phases] GC(414) y: Pause Mark Start 0.011ms
[21.590s][info][gc,phases] GC(414) y: Concurrent Mark 11.476ms
[21.590s][info][gc,phases] GC(414) y: Pause Mark End 0.012ms
[21.590s][info][gc,phases] GC(414) y: Concurrent Mark Free 0.001ms
[21.590s][info][gc,phases] GC(414) y: Concurrent Reset Relocation Set 0.012ms
[21.590s][info][gc,phases] GC(414) y: Concurrent Select Relocation Set 0.192ms
[21.591s][info][gc,phases] GC(414) y: Pause Relocate Start 0.004ms
[21.596s][info][gc,phases] GC(414) y: Concurrent Relocate 5.066ms
[21.596s][info][gc,phases] GC(414) y: Young Generation 1480M(72%)->1032M(50%) 0.018s
[21.596s][info][gc       ] GC(414) Minor Collection (Allocation Rate) 1478M(72%)->1032M(50%) 0.018s
[21.647s][info][gc       ] GC(415) Minor Collection (Allocation Rate)
[21.647s][info][gc,phases] GC(415) y: Young Generation
[21.647s][info][gc,phases] GC(415) y: Pause Mark Start 0.011ms
[21.659s][info][gc,phases] GC(415) y: Concurrent Mark 12.045ms
[21.660s][info][gc,phases] GC(415) y: Pause Mark End 0.014ms
[21.660s][info][gc,phases] GC(415) y: Concurrent Mark Free 0.001ms
[21.660s][info][gc,phases] GC(415) y: Concurrent Reset Relocation Set 0.009ms
[21.660s][info][gc,phases] GC(415) y: Concurrent Select Relocation Set 0.184ms
[21.660s][info][gc,phases] GC(415) y: Pause Relocate Start 0.004ms
[21.666s][info][gc,phases] GC(415) y: Concurrent Relocate 5.347ms
[21.666s][info][gc,phases] GC(415) y: Young Generation 1516M(74%)->1042M(51%) 0.019s
[21.666s][info][gc       ] GC(415) Minor Collection (Allocation Rate) 1516M(74%)->1044M(51%) 0.019s
[21.718s][info][gc       ] GC(416) Minor Collection (Allocation Rate)
[21.718s][info][gc,phases] GC(416) y: Young Generation
[21.718s][info][gc,phases] GC(416) y: Pause Mark Start 0.008ms
[21.731s][info][gc,phases] GC(416) y: Concurrent Mark 12.868ms
[21.731s][info][gc,phases] GC(416) y: Pause Mark End 0.012ms
[21.731s][info][gc,phases] GC(416) y: Concurrent Mark Free 0.001ms
[21.731s][info][gc,phases] GC(416) y: Concurrent Reset Relocation Set 0.010ms
[21.732s][info][gc,phases] GC(416) y: Concurrent Select Relocation Set 0.350ms
[21.732s][info][gc,phases] GC(416) y: Pause Relocate Start 0.005ms
[21.738s][info][gc,phases] GC(416) y: Concurrent Relocate 5.567ms
[21.738s][info][gc,phases] GC(416) y: Young Generation 1536M(75%)->1064M(52%) 0.020s
[21.738s][info][gc       ] GC(416) Minor Collection (Allocation Rate) 1534M(75%)->1068M(52%) 0.020s
[21.780s][info][gc       ] GC(417) Minor Collection (Allocation Rate)
[21.780s][info][gc,phases] GC(417) y: Young Generation
[21.780s][info][gc,phases] GC(417) y: Pause Mark Start 0.011ms
[21.793s][info][gc,phases] GC(417) y: Concurrent Mark 12.677ms
[21.793s][info][gc,phases] GC(417) y: Pause Mark End 0.014ms
[21.793s][info][gc,phases] GC(417) y: Concurrent Mark Free 0.002ms
[21.793s][info][gc,phases] GC(417) y: Concurrent Reset Relocation Set 0.012ms
[21.794s][info][gc,phases] GC(417) y: Concurrent Select Relocation Set 0.377ms
[21.794s][info][gc,phases] GC(417) y: Pause Relocate Start 0.008ms
[21.799s][info][gc,phases] GC(417) y: Concurrent Relocate 4.992ms
[21.799s][info][gc,phases] GC(417) y: Young Generation 1466M(72%)->1070M(52%) 0.019s
[21.799s][info][gc       ] GC(417) Minor Collection (Allocation Rate) 1466M(72%)->1070M(52%) 0.019s
[21.850s][info][gc       ] GC(418) Minor Collection (Allocation Rate)
[21.850s][info][gc,phases] GC(418) y: Young Generation
[21.851s][info][gc,phases] GC(418) y: Pause Mark Start 0.008ms
[21.864s][info][gc,phases] GC(418) y: Concurrent Mark 13.178ms
[21.864s][info][gc,phases] GC(418) y: Pause Mark End 0.012ms
[21.864s][info][gc,phases] GC(418) y: Concurrent Mark Free 0.001ms
[21.864s][info][gc,phases] GC(418) y: Concurrent Reset Relocation Set 0.012ms
[21.865s][info][gc,phases] GC(418) y: Concurrent Select Relocation Set 0.663ms
[21.865s][info][gc,phases] GC(418) y: Pause Relocate Start 0.006ms
[21.871s][info][gc,phases] GC(418) y: Concurrent Relocate 6.175ms
[21.872s][info][gc,phases] GC(418) y: Young Generation 1554M(76%)->1096M(54%) 0.021s
[21.872s][info][gc       ] GC(418) Minor Collection (Allocation Rate) 1554M(76%)->1098M(54%) 0.021s
[21.919s][info][gc       ] GC(419) Minor Collection (Allocation Rate)
[21.919s][info][gc,phases] GC(419) y: Young Generation
[21.920s][info][gc,phases] GC(419) y: Pause Mark Start 0.008ms
[21.933s][info][gc,phases] GC(419) y: Concurrent Mark 12.850ms
[21.933s][info][gc,phases] GC(419) y: Pause Mark End 0.010ms
[21.933s][info][gc,phases] GC(419) y: Concurrent Mark Free 0.001ms
[21.933s][info][gc,phases] GC(419) y: Concurrent Reset Relocation Set 0.014ms
[21.933s][info][gc,phases] GC(419) y: Concurrent Select Relocation Set 0.186ms
[21.933s][info][gc,phases] GC(419) y: Pause Relocate Start 0.004ms
[21.939s][info][gc,phases] GC(419) y: Concurrent Relocate 5.295ms
[21.939s][info][gc,phases] GC(419) y: Young Generation 1550M(76%)->1092M(53%) 0.020s
[21.939s][info][gc       ] GC(419) Minor Collection (Allocation Rate) 1550M(76%)->1092M(53%) 0.020s
[21.990s][info][gc       ] GC(420) Minor Collection (Allocation Rate)
[21.990s][info][gc,phases] GC(420) y: Young Generation
[21.990s][info][gc,phases] GC(420) y: Pause Mark Start 0.011ms
[22.004s][info][gc,phases] GC(420) y: Concurrent Mark 13.595ms
[22.004s][info][gc,phases] GC(420) y: Pause Mark End 0.014ms
[22.005s][info][gc,phases] GC(420) y: Concurrent Mark Free 0.001ms
[22.005s][info][gc,phases] GC(420) y: Concurrent Reset Relocation Set 0.010ms
[22.005s][info][gc,phases] GC(420) y: Concurrent Select Relocation Set 0.609ms
[22.005s][info][gc,phases] GC(420) y: Pause Relocate Start 0.006ms
[22.012s][info][gc,phases] GC(420) y: Concurrent Relocate 5.940ms
[22.012s][info][gc,phases] GC(420) y: Young Generation 1578M(77%)->1118M(55%) 0.021s
[22.012s][info][gc       ] GC(420) Minor Collection (Allocation Rate) 1578M(77%)->1120M(55%) 0.022s
[22.058s][info][gc       ] GC(421) Minor Collection (Allocation Rate)
[22.058s][info][gc,phases] GC(421) y: Young Generation
[22.058s][info][gc,phases] GC(421) y: Pause Mark Start 0.009ms
[22.071s][info][gc,phases] GC(421) y: Concurrent Mark 12.934ms
[22.072s][info][gc,phases] GC(421) y: Pause Mark End 0.011ms
[22.072s][info][gc,phases] GC(421) y: Concurrent Mark Free 0.002ms
[22.072s][info][gc,phases] GC(421) y: Concurrent Reset Relocation Set 0.014ms
[22.072s][info][gc,phases] GC(421) y: Concurrent Select Relocation Set 0.411ms
[22.072s][info][gc,phases] GC(421) y: Pause Relocate Start 0.009ms
[22.078s][info][gc,phases] GC(421) y: Concurrent Relocate 5.414ms
[22.078s][info][gc,phases] GC(421) y: Young Generation 1558M(76%)->1186M(58%) 0.020s
[22.078s][info][gc       ] GC(421) Minor Collection (Allocation Rate) 1558M(76%)->1190M(58%) 0.020s
[22.116s][info][gc       ] GC(422) Minor Collection (Allocation Rate)
[22.116s][info][gc,phases] GC(422) y: Young Generation
[22.117s][info][gc,phases] GC(422) y: Pause Mark Start 0.009ms
[22.129s][info][gc,phases] GC(422) y: Concurrent Mark 12.549ms
[22.129s][info][gc,phases] GC(422) y: Pause Mark End 0.010ms
[22.130s][info][gc,phases] GC(422) y: Concurrent Mark Free 0.001ms
[22.130s][info][gc,phases] GC(422) y: Concurrent Reset Relocation Set 0.012ms
[22.130s][info][gc,phases] GC(422) y: Concurrent Select Relocation Set 0.193ms
[22.130s][info][gc,phases] GC(422) y: Pause Relocate Start 0.004ms
[22.135s][info][gc,phases] GC(422) y: Concurrent Relocate 4.947ms
[22.135s][info][gc,phases] GC(422) y: Young Generation 1552M(76%)->1116M(54%) 0.019s
[22.135s][info][gc       ] GC(422) Minor Collection (Allocation Rate) 1550M(76%)->1118M(55%) 0.019s
[22.182s][info][gc       ] GC(423) Minor Collection (Allocation Rate)
[22.182s][info][gc,phases] GC(423) y: Young Generation
[22.182s][info][gc,phases] GC(423) y: Pause Mark Start 0.009ms
[22.195s][info][gc,phases] GC(423) y: Concurrent Mark 12.480ms
[22.195s][info][gc,phases] GC(423) y: Pause Mark End 0.015ms
[22.195s][info][gc,phases] GC(423) y: Concurrent Mark Free 0.001ms
[22.196s][info][gc,phases] GC(423) y: Concurrent Reset Relocation Set 0.009ms
[22.196s][info][gc,phases] GC(423) y: Concurrent Select Relocation Set 0.821ms
[22.197s][info][gc,phases] GC(423) y: Pause Relocate Start 0.010ms
[22.202s][info][gc,phases] GC(423) y: Concurrent Relocate 5.658ms
[22.203s][info][gc,phases] GC(423) y: Young Generation 1562M(76%)->1232M(60%) 0.020s
[22.203s][info][gc       ] GC(423) Minor Collection (Allocation Rate) 1562M(76%)->1236M(60%) 0.021s
[22.233s][info][gc       ] GC(424) Major Collection (Allocation Rate)
[22.233s][info][gc,phases] GC(424) Y: Young Generation
[22.233s][info][gc,phases] GC(424) Y: Pause Mark Start (Major) 0.010ms
[22.241s][info][gc,phases] GC(424) Y: Concurrent Mark 7.657ms
[22.241s][info][gc,phases] GC(424) Y: Pause Mark End 0.013ms
[22.241s][info][gc,phases] GC(424) Y: Concurrent Mark Free 0.001ms
[22.241s][info][gc,phases] GC(424) Y: Concurrent Reset Relocation Set 0.015ms
[22.241s][info][gc,phases] GC(424) Y: Concurrent Select Relocation Set 0.182ms
[22.242s][info][gc,phases] GC(424) Y: Pause Relocate Start 0.008ms
[22.247s][info][gc,phases] GC(424) Y: Concurrent Relocate 4.773ms
[22.247s][info][gc,phases] GC(424) Y: Young Generation 1522M(74%)->1098M(54%) 0.014s
[22.247s][info][gc,phases] GC(424) O: Old Generation
[22.286s][info][gc       ] GC(425) Minor Collection (Allocation Rate)
[22.286s][info][gc,phases] GC(425) y: Young Generation
[22.286s][info][gc,phases] GC(425) y: Pause Mark Start 0.010ms
[22.295s][info][gc,phases] GC(425) y: Concurrent Mark 8.219ms
[22.295s][info][gc,phases] GC(425) y: Pause Mark End 0.012ms
[22.295s][info][gc,phases] GC(425) y: Concurrent Mark Free 0.002ms
[22.295s][info][gc,phases] GC(425) y: Concurrent Reset Relocation Set 0.009ms
[22.296s][info][gc,phases] GC(425) y: Concurrent Select Relocation Set 0.397ms
[22.296s][info][gc,phases] GC(425) y: Pause Relocate Start 0.005ms
[22.300s][info][gc,phases] GC(425) y: Concurrent Relocate 4.410ms
[22.301s][info][gc,phases] GC(425) y: Young Generation 1468M(72%)->1144M(56%) 0.015s
[22.301s][info][gc       ] GC(425) Minor Collection (Allocation Rate) 1466M(72%)->1148M(56%) 0.015s
[22.320s][info][gc,phases] GC(424) O: Concurrent Mark 73.384ms
[22.321s][info][gc,phases] GC(424) O: Pause Mark End 0.013ms
[22.321s][info][gc,phases] GC(424) O: Concurrent Mark Free 0.002ms
[22.325s][info][gc       ] GC(426) Minor Collection (Allocation Rate)
[22.325s][info][gc,phases] GC(426) y: Young Generation
[22.325s][info][gc,phases] GC(424) O: Concurrent Process Non-Strong 4.432ms
[22.325s][info][gc,phases] GC(424) O: Concurrent Reset Relocation Set 0.002ms
[22.326s][info][gc,phases] GC(426) y: Pause Mark Start 0.023ms
[22.326s][info][gc,phases] GC(424) O: Concurrent Select Relocation Set 0.287ms
[22.338s][info][gc,phases] GC(426) y: Concurrent Mark 11.875ms
[22.338s][info][gc,phases] GC(426) y: Pause Mark End 0.015ms
[22.338s][info][gc,phases] GC(426) y: Concurrent Mark Free 0.002ms
[22.338s][info][gc,phases] GC(426) y: Concurrent Reset Relocation Set 0.009ms
[22.339s][info][gc,phases] GC(426) y: Concurrent Select Relocation Set 0.586ms
[22.339s][info][gc,phases] GC(426) y: Pause Relocate Start 0.008ms
[22.344s][info][gc,phases] GC(426) y: Concurrent Relocate 4.949ms
[22.344s][info][gc,phases] GC(426) y: Young Generation 1524M(74%)->1014M(50%) 0.019s
[22.344s][info][gc       ] GC(426) Minor Collection (Allocation Rate) 1522M(74%)->1016M(50%) 0.019s
[22.350s][info][gc,phases] GC(424) O: Concurrent Remap Roots 5.735ms
[22.350s][info][gc,phases] GC(424) O: Pause Relocate Start 0.016ms
[22.353s][info][gc,phases] GC(424) O: Concurrent Relocate 2.079ms
[22.353s][info][gc,phases] GC(424) O: Old Generation 1100M(54%)->1080M(53%) 0.106s
[22.353s][info][gc       ] GC(424) Major Collection (Allocation Rate) 1520M(74%)->1086M(53%) 0.120s
[22.369s][info][gc       ] GC(427) Minor Collection (Allocation Rate)
[22.369s][info][gc,phases] GC(427) y: Young Generation
[22.369s][info][gc,phases] GC(427) y: Pause Mark Start 0.013ms
[22.381s][info][gc,phases] GC(427) y: Concurrent Mark 11.851ms
[22.381s][info][gc,phases] GC(427) y: Pause Mark End 0.011ms
[22.381s][info][gc,phases] GC(427) y: Concurrent Mark Free 0.000ms
[22.382s][info][gc,phases] GC(427) y: Concurrent Reset Relocation Set 0.013ms
[22.382s][info][gc,phases] GC(427) y: Concurrent Select Relocation Set 0.423ms
[22.382s][info][gc,phases] GC(427) y: Pause Relocate Start 0.007ms
[22.387s][info][gc,phases] GC(427) y: Concurrent Relocate 4.688ms
[22.387s][info][gc,phases] GC(427) y: Young Generation 1364M(67%)->992M(48%) 0.018s
[22.387s][info][gc       ] GC(427) Minor Collection (Allocation Rate) 1364M(67%)->992M(48%) 0.019s
[22.422s][info][gc       ] GC(428) Minor Collection (Allocation Rate)
[22.422s][info][gc,phases] GC(428) y: Young Generation
[22.423s][info][gc,phases] GC(428) y: Pause Mark Start 0.009ms
[22.434s][info][gc,phases] GC(428) y: Concurrent Mark 11.641ms
[22.435s][info][gc,phases] GC(428) y: Pause Mark End 0.014ms
[22.435s][info][gc,phases] GC(428) y: Concurrent Mark Free 0.001ms
[22.435s][info][gc,phases] GC(428) y: Concurrent Reset Relocation Set 0.012ms
[22.435s][info][gc,phases] GC(428) y: Concurrent Select Relocation Set 0.369ms
[22.435s][info][gc,phases] GC(428) y: Pause Relocate Start 0.005ms
[22.440s][info][gc,phases] GC(428) y: Concurrent Relocate 4.983ms
[22.441s][info][gc,phases] GC(428) y: Young Generation 1390M(68%)->1050M(51%) 0.018s
[22.441s][info][gc       ] GC(428) Minor Collection (Allocation Rate) 1390M(68%)->1052M(51%) 0.018s
[22.482s][info][gc       ] GC(429) Minor Collection (Allocation Rate)
[22.482s][info][gc,phases] GC(429) y: Young Generation
[22.483s][info][gc,phases] GC(429) y: Pause Mark Start 0.010ms
[22.495s][info][gc,phases] GC(429) y: Concurrent Mark 11.826ms
[22.495s][info][gc,phases] GC(429) y: Pause Mark End 0.013ms
[22.495s][info][gc,phases] GC(429) y: Concurrent Mark Free 0.001ms
[22.495s][info][gc,phases] GC(429) y: Concurrent Reset Relocation Set 0.011ms
[22.495s][info][gc,phases] GC(429) y: Concurrent Select Relocation Set 0.187ms
[22.496s][info][gc,phases] GC(429) y: Pause Relocate Start 0.008ms
[22.501s][info][gc,phases] GC(429) y: Concurrent Relocate 5.062ms
[22.501s][info][gc,phases] GC(429) y: Young Generation 1450M(71%)->1012M(49%) 0.018s
[22.501s][info][gc       ] GC(429) Minor Collection (Allocation Rate) 1450M(71%)->1016M(50%) 0.019s
[22.549s][info][gc       ] GC(430) Minor Collection (Allocation Rate)
[22.550s][info][gc,phases] GC(430) y: Young Generation
[22.550s][info][gc,phases] GC(430) y: Pause Mark Start 0.010ms
[22.563s][info][gc,phases] GC(430) y: Concurrent Mark 12.844ms
[22.563s][info][gc,phases] GC(430) y: Pause Mark End 0.012ms
[22.563s][info][gc,phases] GC(430) y: Concurrent Mark Free 0.000ms
[22.563s][info][gc,phases] GC(430) y: Concurrent Reset Relocation Set 0.011ms
[22.564s][info][gc,phases] GC(430) y: Concurrent Select Relocation Set 0.588ms
[22.564s][info][gc,phases] GC(430) y: Pause Relocate Start 0.010ms
[22.570s][info][gc,phases] GC(430) y: Concurrent Relocate 5.668ms
[22.570s][info][gc,phases] GC(430) y: Young Generation 1476M(72%)->1040M(51%) 0.020s
[22.570s][info][gc       ] GC(430) Minor Collection (Allocation Rate) 1476M(72%)->1042M(51%) 0.021s
[22.610s][info][gc       ] GC(431) Minor Collection (Allocation Rate)
[22.610s][info][gc,phases] GC(431) y: Young Generation
[22.610s][info][gc,phases] GC(431) y: Pause Mark Start 0.009ms
[22.622s][info][gc,phases] GC(431) y: Concurrent Mark 11.629ms
[22.622s][info][gc,phases] GC(431) y: Pause Mark End 0.011ms
[22.623s][info][gc,phases] GC(431) y: Concurrent Mark Free 0.002ms
[22.623s][info][gc,phases] GC(431) y: Concurrent Reset Relocation Set 0.014ms
[22.623s][info][gc,phases] GC(431) y: Concurrent Select Relocation Set 0.395ms
[22.623s][info][gc,phases] GC(431) y: Pause Relocate Start 0.005ms
[22.628s][info][gc,phases] GC(431) y: Concurrent Relocate 4.992ms
[22.628s][info][gc,phases] GC(431) y: Young Generation 1426M(70%)->1094M(53%) 0.018s
[22.629s][info][gc       ] GC(431) Minor Collection (Allocation Rate) 1424M(70%)->1094M(53%) 0.018s
[22.676s][info][gc       ] GC(432) Minor Collection (Allocation Rate)
[22.676s][info][gc,phases] GC(432) y: Young Generation
[22.676s][info][gc,phases] GC(432) y: Pause Mark Start 0.013ms
[22.689s][info][gc,phases] GC(432) y: Concurrent Mark 12.401ms
[22.689s][info][gc,phases] GC(432) y: Pause Mark End 0.012ms
[22.689s][info][gc,phases] GC(432) y: Concurrent Mark Free 0.001ms
[22.689s][info][gc,phases] GC(432) y: Concurrent Reset Relocation Set 0.011ms
[22.690s][info][gc,phases] GC(432) y: Concurrent Select Relocation Set 0.417ms
[22.690s][info][gc,phases] GC(432) y: Pause Relocate Start 0.008ms
[22.696s][info][gc,phases] GC(432) y: Concurrent Relocate 5.969ms
[22.696s][info][gc,phases] GC(432) y: Young Generation 1544M(75%)->1060M(52%) 0.020s
[22.696s][info][gc       ] GC(432) Minor Collection (Allocation Rate) 1544M(75%)->1060M(52%) 0.020s
[22.748s][info][gc       ] GC(433) Minor Collection (Allocation Rate)
[22.748s][info][gc,phases] GC(433) y: Young Generation
[22.749s][info][gc,phases] GC(433) y: Pause Mark Start 0.008ms
[22.761s][info][gc,phases] GC(433) y: Concurrent Mark 12.364ms
[22.761s][info][gc,phases] GC(433) y: Pause Mark End 0.011ms
[22.761s][info][gc,phases] GC(433) y: Concurrent Mark Free 0.002ms
[22.761s][info][gc,phases] GC(433) y: Concurrent Reset Relocation Set 0.015ms
[22.762s][info][gc,phases] GC(433) y: Concurrent Select Relocation Set 0.173ms
[22.762s][info][gc,phases] GC(433) y: Pause Relocate Start 0.009ms
[22.768s][info][gc,phases] GC(433) y: Concurrent Relocate 5.616ms
[22.768s][info][gc,phases] GC(433) y: Young Generation 1558M(76%)->1068M(52%) 0.019s
[22.768s][info][gc       ] GC(433) Minor Collection (Allocation Rate) 1558M(76%)->1068M(52%) 0.020s
[22.813s][info][gc       ] GC(434) Minor Collection (Allocation Rate)
[22.814s][info][gc,phases] GC(434) y: Young Generation
[22.814s][info][gc,phases] GC(434) y: Pause Mark Start 0.011ms
[22.827s][info][gc,phases] GC(434) y: Concurrent Mark 13.414ms
[22.827s][info][gc,phases] GC(434) y: Pause Mark End 0.011ms
[22.828s][info][gc,phases] GC(434) y: Concurrent Mark Free 0.002ms
[22.828s][info][gc,phases] GC(434) y: Concurrent Reset Relocation Set 0.010ms
[22.828s][info][gc,phases] GC(434) y: Concurrent Select Relocation Set 0.602ms
[22.828s][info][gc,phases] GC(434) y: Pause Relocate Start 0.009ms
[22.835s][info][gc,phases] GC(434) y: Concurrent Relocate 6.149ms
[22.835s][info][gc,phases] GC(434) y: Young Generation 1588M(78%)->1150M(56%) 0.021s
[22.835s][info][gc       ] GC(434) Minor Collection (Allocation Rate) 1586M(77%)->1154M(56%) 0.022s
[22.857s][info][gc       ] GC(435) Minor Collection (Allocation Rate)
[22.857s][info][gc,phases] GC(435) y: Young Generation
[22.857s][info][gc,phases] GC(435) y: Pause Mark Start 0.014ms
[22.870s][info][gc,phases] GC(435) y: Concurrent Mark 12.516ms
[22.870s][info][gc,phases] GC(435) y: Pause Mark End 0.011ms
[22.870s][info][gc,phases] GC(435) y: Concurrent Mark Free 0.001ms
[22.870s][info][gc,phases] GC(435) y: Concurrent Reset Relocation Set 0.013ms
[22.871s][info][gc,phases] GC(435) y: Concurrent Select Relocation Set 0.191ms
[22.871s][info][gc,phases] GC(435) y: Pause Relocate Start 0.004ms
[22.875s][info][gc,phases] GC(435) y: Concurrent Relocate 4.556ms
[22.876s][info][gc,phases] GC(435) y: Young Generation 1456M(71%)->1080M(53%) 0.019s
[22.876s][info][gc       ] GC(435) Minor Collection (Allocation Rate) 1454M(71%)->1082M(53%) 0.019s
[22.903s][info][gc       ] GC(436) Minor Collection (Allocation Rate)
[22.904s][info][gc,phases] GC(436) y: Young Generation
[22.904s][info][gc,phases] GC(436) y: Pause Mark Start 0.008ms
[22.917s][info][gc,phases] GC(436) y: Concurrent Mark 13.423ms
[22.918s][info][gc,phases] GC(436) y: Pause Mark End 0.013ms
[22.918s][info][gc,phases] GC(436) y: Concurrent Mark Free 0.002ms
[22.918s][info][gc,phases] GC(436) y: Concurrent Reset Relocation Set 0.010ms
[22.919s][info][gc,phases] GC(436) y: Concurrent Select Relocation Set 0.822ms
[22.919s][info][gc,phases] GC(436) y: Pause Relocate Start 0.005ms
[22.924s][info][gc,phases] GC(436) y: Concurrent Relocate 4.638ms
[22.924s][info][gc,phases] GC(436) y: Young Generation 1380M(67%)->1142M(56%) 0.020s
[22.924s][info][gc       ] GC(436) Minor Collection (Allocation Rate) 1380M(67%)->1144M(56%) 0.020s
[22.950s][info][gc       ] GC(437) Minor Collection (Allocation Rate)
[22.950s][info][gc,phases] GC(437) y: Young Generation
[22.950s][info][gc,phases] GC(437) y: Pause Mark Start 0.008ms
[22.961s][info][gc,phases] GC(437) y: Concurrent Mark 10.452ms
[22.961s][info][gc,phases] GC(437) y: Pause Mark End 0.019ms
[22.961s][info][gc,phases] GC(437) y: Concurrent Mark Free 0.001ms
[22.961s][info][gc,phases] GC(437) y: Concurrent Reset Relocation Set 0.014ms
[22.961s][info][gc,phases] GC(437) y: Concurrent Select Relocation Set 0.349ms
[22.962s][info][gc,phases] GC(437) y: Pause Relocate Start 0.006ms
[22.966s][info][gc,phases] GC(437) y: Concurrent Relocate 4.040ms
[22.966s][info][gc,phases] GC(437) y: Young Generation 1390M(68%)->1148M(56%) 0.016s
[22.966s][info][gc       ] GC(437) Minor Collection (Allocation Rate) 1390M(68%)->1148M(56%) 0.016s
[22.997s][info][gc       ] GC(438) Minor Collection (Allocation Rate)
[22.997s][info][gc,phases] GC(438) y: Young Generation
[22.997s][info][gc,phases] GC(438) y: Pause Mark Start 0.011ms
[23.008s][info][gc,phases] GC(438) y: Concurrent Mark 10.745ms
[23.008s][info][gc,phases] GC(438) y: Pause Mark End 0.011ms
[23.009s][info][gc,phases] GC(438) y: Concurrent Mark Free 0.001ms
[23.009s][info][gc,phases] GC(438) y: Concurrent Reset Relocation Set 0.011ms
[23.009s][info][gc,phases] GC(438) y: Concurrent Select Relocation Set 0.228ms
[23.009s][info][gc,phases] GC(438) y: Pause Relocate Start 0.004ms
[23.013s][info][gc,phases] GC(438) y: Concurrent Relocate 4.136ms
[23.014s][info][gc,phases] GC(438) y: Young Generation 1446M(71%)->1084M(53%) 0.016s
[23.014s][info][gc       ] GC(438) Minor Collection (Allocation Rate) 1446M(71%)->1086M(53%) 0.017s
[23.050s][info][gc       ] GC(439) Minor Collection (Allocation Rate)
[23.050s][info][gc,phases] GC(439) y: Young Generation
[23.051s][info][gc,phases] GC(439) y: Pause Mark Start 0.008ms
[23.062s][info][gc,phases] GC(439) y: Concurrent Mark 11.693ms
[23.063s][info][gc,phases] GC(439) y: Pause Mark End 0.014ms
[23.063s][info][gc,phases] GC(439) y: Concurrent Mark Free 0.002ms
[23.063s][info][gc,phases] GC(439) y: Concurrent Reset Relocation Set 0.008ms
[23.063s][info][gc,phases] GC(439) y: Concurrent Select Relocation Set 0.175ms
[23.063s][info][gc,phases] GC(439) y: Pause Relocate Start 0.004ms
[23.068s][info][gc,phases] GC(439) y: Concurrent Relocate 4.602ms
[23.068s][info][gc,phases] GC(439) y: Young Generation 1520M(74%)->1106M(54%) 0.018s
[23.068s][info][gc       ] GC(439) Minor Collection (Allocation Rate) 1518M(74%)->1110M(54%) 0.018s
[23.109s][info][gc       ] GC(440) Minor Collection (Allocation Rate)
[23.109s][info][gc,phases] GC(440) y: Young Generation
[23.109s][info][gc,phases] GC(440) y: Pause Mark Start 0.011ms
[23.122s][info][gc,phases] GC(440) y: Concurrent Mark 12.365ms
[23.122s][info][gc,phases] GC(440) y: Pause Mark End 0.013ms
[23.122s][info][gc,phases] GC(440) y: Concurrent Mark Free 0.002ms
[23.122s][info][gc,phases] GC(440) y: Concurrent Reset Relocation Set 0.009ms
[23.123s][info][gc,phases] GC(440) y: Concurrent Select Relocation Set 0.328ms
[23.123s][info][gc,phases] GC(440) y: Pause Relocate Start 0.007ms
[23.128s][info][gc,phases] GC(440) y: Concurrent Relocate 5.248ms
[23.128s][info][gc,phases] GC(440) y: Young Generation 1550M(76%)->1164M(57%) 0.019s
[23.128s][info][gc       ] GC(440) Minor Collection (Allocation Rate) 1546M(75%)->1168M(57%) 0.019s
[23.161s][info][gc       ] GC(441) Minor Collection (Allocation Rate)
[23.161s][info][gc,phases] GC(441) y: Young Generation
[23.162s][info][gc,phases] GC(441) y: Pause Mark Start 0.008ms
[23.174s][info][gc,phases] GC(441) y: Concurrent Mark 12.557ms
[23.175s][info][gc,phases] GC(441) y: Pause Mark End 0.014ms
[23.175s][info][gc,phases] GC(441) y: Concurrent Mark Free 0.001ms
[23.175s][info][gc,phases] GC(441) y: Concurrent Reset Relocation Set 0.011ms
[23.175s][info][gc,phases] GC(441) y: Concurrent Select Relocation Set 0.355ms
[23.175s][info][gc,phases] GC(441) y: Pause Relocate Start 0.009ms
[23.180s][info][gc,phases] GC(441) y: Concurrent Relocate 4.685ms
[23.180s][info][gc,phases] GC(441) y: Young Generation 1520M(74%)->1138M(56%) 0.019s
[23.180s][info][gc       ] GC(441) Minor Collection (Allocation Rate) 1520M(74%)->1138M(56%) 0.019s
[23.224s][info][gc       ] GC(442) Minor Collection (Allocation Rate)
[23.224s][info][gc,phases] GC(442) y: Young Generation
[23.225s][info][gc,phases] GC(442) y: Pause Mark Start 0.011ms
[23.238s][info][gc,phases] GC(442) y: Concurrent Mark 12.771ms
[23.238s][info][gc,phases] GC(442) y: Pause Mark End 0.013ms
[23.238s][info][gc,phases] GC(442) y: Concurrent Mark Free 0.002ms
[23.238s][info][gc,phases] GC(442) y: Concurrent Reset Relocation Set 0.011ms
[23.239s][info][gc,phases] GC(442) y: Concurrent Select Relocation Set 0.543ms
[23.239s][info][gc,phases] GC(442) y: Pause Relocate Start 0.009ms
[23.244s][info][gc,phases] GC(442) y: Concurrent Relocate 5.332ms
[23.245s][info][gc,phases] GC(442) y: Young Generation 1552M(76%)->1224M(60%) 0.020s
[23.245s][info][gc       ] GC(442) Minor Collection (Allocation Rate) 1550M(76%)->1228M(60%) 0.021s
[23.261s][info][gc       ] GC(443) Major Collection (Allocation Rate)
[23.261s][info][gc,phases] GC(443) Y: Young Generation
[23.261s][info][gc,phases] GC(443) Y: Pause Mark Start (Major) 0.012ms
[23.269s][info][gc,phases] GC(443) Y: Concurrent Mark 8.105ms
[23.270s][info][gc,phases] GC(443) Y: Pause Mark End 0.011ms
[23.270s][info][gc,phases] GC(443) Y: Concurrent Mark Free 0.001ms
[23.270s][info][gc,phases] GC(443) Y: Concurrent Reset Relocation Set 0.011ms
[23.270s][info][gc,phases] GC(443) Y: Concurrent Select Relocation Set 0.247ms
[23.270s][info][gc,phases] GC(443) Y: Pause Relocate Start 0.010ms
[23.275s][info][gc,phases] GC(443) Y: Concurrent Relocate 4.488ms
[23.275s][info][gc,phases] GC(443) Y: Young Generation 1512M(74%)->1114M(54%) 0.014s
[23.275s][info][gc,phases] GC(443) O: Old Generation
[23.310s][info][gc       ] GC(444) Minor Collection (Allocation Rate)
[23.310s][info][gc,phases] GC(444) y: Young Generation
[23.310s][info][gc,phases] GC(444) y: Pause Mark Start 0.009ms
[23.319s][info][gc,phases] GC(444) y: Concurrent Mark 8.451ms
[23.319s][info][gc,phases] GC(444) y: Pause Mark End 0.011ms
[23.319s][info][gc,phases] GC(444) y: Concurrent Mark Free 0.002ms
[23.320s][info][gc,phases] GC(444) y: Concurrent Reset Relocation Set 0.010ms
[23.320s][info][gc,phases] GC(444) y: Concurrent Select Relocation Set 0.476ms
[23.320s][info][gc,phases] GC(444) y: Pause Relocate Start 0.004ms
[23.325s][info][gc,phases] GC(444) y: Concurrent Relocate 4.192ms
[23.325s][info][gc,phases] GC(444) y: Young Generation 1436M(70%)->1126M(55%) 0.015s
[23.325s][info][gc       ] GC(444) Minor Collection (Allocation Rate) 1436M(70%)->1130M(55%) 0.015s
[23.349s][info][gc,phases] GC(443) O: Concurrent Mark 73.948ms
[23.349s][info][gc,phases] GC(443) O: Pause Mark End 0.012ms
[23.350s][info][gc,phases] GC(443) O: Concurrent Mark Free 0.001ms
[23.354s][info][gc,phases] GC(443) O: Concurrent Process Non-Strong 4.581ms
[23.354s][info][gc,phases] GC(443) O: Concurrent Reset Relocation Set 0.002ms
[23.354s][info][gc,phases] GC(443) O: Concurrent Select Relocation Set 0.159ms
[23.360s][info][gc,phases] GC(443) O: Concurrent Remap Roots 5.759ms
[23.361s][info][gc,phases] GC(443) O: Pause Relocate Start 0.010ms
[23.364s][info][gc,phases] GC(443) O: Concurrent Relocate 2.791ms
[23.364s][info][gc,phases] GC(443) O: Old Generation 1114M(54%)->1282M(63%) 0.089s
[23.364s][info][gc       ] GC(443) Major Collection (Allocation Rate) 1508M(74%)->1286M(63%) 0.103s
[23.390s][info][gc       ] GC(445) Minor Collection (Allocation Rate)
[23.390s][info][gc,phases] GC(445) y: Young Generation
[23.391s][info][gc,phases] GC(445) y: Pause Mark Start 0.011ms
[23.404s][info][gc,phases] GC(445) y: Concurrent Mark 13.379ms
[23.404s][info][gc,phases] GC(445) y: Pause Mark End 0.013ms
[23.404s][info][gc,phases] GC(445) y: Concurrent Mark Free 0.001ms
[23.405s][info][gc,phases] GC(445) y: Concurrent Reset Relocation Set 0.011ms
[23.405s][info][gc,phases] GC(445) y: Concurrent Select Relocation Set 0.894ms
[23.406s][info][gc,phases] GC(445) y: Pause Relocate Start 0.008ms
[23.413s][info][gc,phases] GC(445) y: Concurrent Relocate 7.030ms
[23.413s][info][gc,phases] GC(445) y: Young Generation 1542M(75%)->1088M(53%) 0.023s
[23.413s][info][gc       ] GC(445) Minor Collection (Allocation Rate) 1540M(75%)->1092M(53%) 0.023s
[23.425s][info][gc       ] GC(446) Minor Collection (Allocation Rate)
[23.425s][info][gc,phases] GC(446) y: Young Generation
[23.425s][info][gc,phases] GC(446) y: Pause Mark Start 0.009ms
[23.437s][info][gc,phases] GC(446) y: Concurrent Mark 11.544ms
[23.437s][info][gc,phases] GC(446) y: Pause Mark End 0.011ms
[23.437s][info][gc,phases] GC(446) y: Concurrent Mark Free 0.001ms
[23.437s][info][gc,phases] GC(446) y: Concurrent Reset Relocation Set 0.017ms
[23.438s][info][gc,phases] GC(446) y: Concurrent Select Relocation Set 0.171ms
[23.438s][info][gc,phases] GC(446) y: Pause Relocate Start 0.004ms
[23.442s][info][gc,phases] GC(446) y: Concurrent Relocate 3.739ms
[23.442s][info][gc,phases] GC(446) y: Young Generation 1258M(61%)->996M(49%) 0.017s
[23.442s][info][gc       ] GC(446) Minor Collection (Allocation Rate) 1254M(61%)->1000M(49%) 0.017s
[23.480s][info][gc       ] GC(447) Minor Collection (Allocation Rate)
[23.481s][info][gc,phases] GC(447) y: Young Generation
[23.481s][info][gc,phases] GC(447) y: Pause Mark Start 0.009ms
[23.493s][info][gc,phases] GC(447) y: Concurrent Mark 12.071ms
[23.493s][info][gc,phases] GC(447) y: Pause Mark End 0.011ms
[23.493s][info][gc,phases] GC(447) y: Concurrent Mark Free 0.001ms
[23.493s][info][gc,phases] GC(447) y: Concurrent Reset Relocation Set 0.008ms
[23.494s][info][gc,phases] GC(447) y: Concurrent Select Relocation Set 0.379ms
[23.494s][info][gc,phases] GC(447) y: Pause Relocate Start 0.007ms
[23.499s][info][gc,phases] GC(447) y: Concurrent Relocate 5.273ms
[23.500s][info][gc,phases] GC(447) y: Young Generation 1420M(69%)->1006M(49%) 0.019s
[23.500s][info][gc       ] GC(447) Minor Collection (Allocation Rate) 1420M(69%)->1010M(49%) 0.019s
[23.545s][info][gc       ] GC(448) Minor Collection (Allocation Rate)
[23.545s][info][gc,phases] GC(448) y: Young Generation
[23.546s][info][gc,phases] GC(448) y: Pause Mark Start 0.010ms
[23.557s][info][gc,phases] GC(448) y: Concurrent Mark 11.466ms
[23.557s][info][gc,phases] GC(448) y: Pause Mark End 0.015ms
[23.558s][info][gc,phases] GC(448) y: Concurrent Mark Free 0.002ms
[23.558s][info][gc,phases] GC(448) y: Concurrent Reset Relocation Set 0.012ms
[23.558s][info][gc,phases] GC(448) y: Concurrent Select Relocation Set 0.649ms
[23.559s][info][gc,phases] GC(448) y: Pause Relocate Start 0.006ms
[23.564s][info][gc,phases] GC(448) y: Concurrent Relocate 5.484ms
[23.564s][info][gc,phases] GC(448) y: Young Generation 1450M(71%)->1100M(54%) 0.019s
[23.564s][info][gc       ] GC(448) Minor Collection (Allocation Rate) 1450M(71%)->1100M(54%) 0.019s
[23.608s][info][gc       ] GC(449) Minor Collection (Allocation Rate)
[23.608s][info][gc,phases] GC(449) y: Young Generation
[23.608s][info][gc,phases] GC(449) y: Pause Mark Start 0.009ms
[23.620s][info][gc,phases] GC(449) y: Concurrent Mark 12.017ms
[23.621s][info][gc,phases] GC(449) y: Pause Mark End 0.011ms
[23.621s][info][gc,phases] GC(449) y: Concurrent Mark Free 0.003ms
[23.621s][info][gc,phases] GC(449) y: Concurrent Reset Relocation Set 0.015ms
[23.621s][info][gc,phases] GC(449) y: Concurrent Select Relocation Set 0.243ms
[23.621s][info][gc,phases] GC(449) y: Pause Relocate Start 0.007ms
[23.627s][info][gc,phases] GC(449) y: Concurrent Relocate 5.587ms
[23.627s][info][gc,phases] GC(449) y: Young Generation 1524M(74%)->1034M(50%) 0.019s
[23.627s][info][gc       ] GC(449) Minor Collection (Allocation Rate) 1524M(74%)->1036M(51%) 0.020s
[23.678s][info][gc       ] GC(450) Minor Collection (Allocation Rate)
[23.679s][info][gc,phases] GC(450) y: Young Generation
[23.679s][info][gc,phases] GC(450) y: Pause Mark Start 0.008ms
[23.692s][info][gc,phases] GC(450) y: Concurrent Mark 12.852ms
[23.692s][info][gc,phases] GC(450) y: Pause Mark End 0.011ms
[23.692s][info][gc,phases] GC(450) y: Concurrent Mark Free 0.001ms
[23.692s][info][gc,phases] GC(450) y: Concurrent Reset Relocation Set 0.014ms
[23.693s][info][gc,phases] GC(450) y: Concurrent Select Relocation Set 0.240ms
[23.693s][info][gc,phases] GC(450) y: Pause Relocate Start 0.006ms
[23.699s][info][gc,phases] GC(450) y: Concurrent Relocate 5.699ms
[23.699s][info][gc,phases] GC(450) y: Young Generation 1538M(75%)->1098M(54%) 0.020s
[23.699s][info][gc       ] GC(450) Minor Collection (Allocation Rate) 1534M(75%)->1102M(54%) 0.020s
[23.732s][info][gc       ] GC(451) Minor Collection (Allocation Rate)
[23.732s][info][gc,phases] GC(451) y: Young Generation
[23.732s][info][gc,phases] GC(451) y: Pause Mark Start 0.008ms
[23.746s][info][gc,phases] GC(451) y: Concurrent Mark 13.460ms
[23.746s][info][gc,phases] GC(451) y: Pause Mark End 0.012ms
[23.746s][info][gc,phases] GC(451) y: Concurrent Mark Free 0.001ms
[23.746s][info][gc,phases] GC(451) y: Concurrent Reset Relocation Set 0.010ms
[23.747s][info][gc,phases] GC(451) y: Concurrent Select Relocation Set 0.616ms
[23.747s][info][gc,phases] GC(451) y: Pause Relocate Start 0.008ms
[23.754s][info][gc,phases] GC(451) y: Concurrent Relocate 6.051ms
[23.754s][info][gc,phases] GC(451) y: Young Generation 1530M(75%)->1078M(53%) 0.021s
[23.754s][info][gc       ] GC(451) Minor Collection (Allocation Rate) 1528M(75%)->1078M(53%) 0.022s
[23.793s][info][gc       ] GC(452) Minor Collection (Allocation Rate)
[23.793s][info][gc,phases] GC(452) y: Young Generation
[23.794s][info][gc,phases] GC(452) y: Pause Mark Start 0.009ms
[23.805s][info][gc,phases] GC(452) y: Concurrent Mark 11.541ms
[23.805s][info][gc,phases] GC(452) y: Pause Mark End 0.009ms
[23.805s][info][gc,phases] GC(452) y: Concurrent Mark Free 0.001ms
[23.806s][info][gc,phases] GC(452) y: Concurrent Reset Relocation Set 0.013ms
[23.806s][info][gc,phases] GC(452) y: Concurrent Select Relocation Set 0.191ms
[23.806s][info][gc,phases] GC(452) y: Pause Relocate Start 0.007ms
[23.811s][info][gc,phases] GC(452) y: Concurrent Relocate 4.525ms
[23.811s][info][gc,phases] GC(452) y: Young Generation 1464M(71%)->906M(44%) 0.017s
[23.811s][info][gc       ] GC(452) Minor Collection (Allocation Rate) 1462M(71%)->906M(44%) 0.018s
