[0.277s][info][gc] Using The Z Garbage Collector
[0.645s][info][gc] GC(0) Major Collection (Warmup)
[0.646s][info][gc,phases] GC(0) Y: Young Generation
[0.647s][info][gc,phases] GC(0) Y: Pause Mark Start (Major) 0.011ms
[0.663s][info][gc,phases] GC(0) Y: Concurrent Mark 15.729ms
[0.663s][info][gc,phases] GC(0) Y: Pause Mark End 0.011ms
[0.663s][info][gc,phases] GC(0) Y: Concurrent Mark Free 0.001ms
[0.663s][info][gc,phases] GC(0) Y: Concurrent Reset Relocation Set 0.000ms
[0.664s][info][gc,phases] GC(0) Y: Concurrent Select Relocation Set 0.191ms
[0.664s][info][gc,phases] GC(0) Y: Pause Relocate Start 0.007ms
[0.667s][info][gc,phases] GC(0) Y: Concurrent Relocate 3.154ms
[0.667s][info][gc,phases] GC(0) Y: Young Generation 222M(11%)->224M(11%) 0.021s
[0.667s][info][gc,phases] GC(0) O: Old Generation
[0.667s][info][gc,phases] GC(0) O: Concurrent Mark 0.250ms
[0.668s][info][gc,phases] GC(0) O: Pause Mark End 0.007ms
[0.668s][info][gc,phases] GC(0) O: Concurrent Mark Free 0.000ms
[0.672s][info][gc,phases] GC(0) O: Concurrent Process Non-Strong 4.487ms
[0.672s][info][gc,phases] GC(0) O: Concurrent Reset Relocation Set 0.000ms
[0.673s][info][gc,phases] GC(0) O: Concurrent Select Relocation Set 0.148ms
[0.678s][info][gc,phases] GC(0) O: Concurrent Remap Roots 5.054ms
[0.678s][info][gc,phases] GC(0) O: Pause Relocate Start 0.010ms
[0.678s][info][gc,phases] GC(0) O: Concurrent Relocate 0.070ms
[0.678s][info][gc,phases] GC(0) O: Old Generation 226M(11%)->282M(14%) 0.011s
[0.678s][info][gc       ] GC(0) Major Collection (Warmup) 218M(11%)->284M(14%) 0.033s
[0.709s][info][gc       ] GC(1) Major Collection (Warmup)
[0.709s][info][gc,phases] GC(1) Y: Young Generation
[0.709s][info][gc,phases] GC(1) Y: Pause Mark Start (Major) 0.009ms
[0.742s][info][gc,phases] GC(1) Y: Concurrent Mark 32.460ms
[0.742s][info][gc,phases] GC(1) Y: Pause Mark End 0.010ms
[0.742s][info][gc,phases] GC(1) Y: Concurrent Mark Free 0.002ms
[0.742s][info][gc,phases] GC(1) Y: Concurrent Reset Relocation Set 0.001ms
[0.749s][info][gc,phases] GC(1) Y: Concurrent Select Relocation Set 6.561ms
[0.749s][info][gc,phases] GC(1) Y: Pause Relocate Start 0.009ms
[0.761s][info][gc,phases] GC(1) Y: Concurrent Relocate 11.702ms
[0.761s][info][gc,phases] GC(1) Y: Young Generation 412M(20%)->618M(30%) 0.052s
[0.761s][info][gc,phases] GC(1) O: Old Generation
[0.762s][info][gc,phases] GC(1) O: Concurrent Mark 0.460ms
[0.762s][info][gc,phases] GC(1) O: Pause Mark End 0.012ms
[0.762s][info][gc,phases] GC(1) O: Concurrent Mark Free 0.000ms
[0.766s][info][gc,phases] GC(1) O: Concurrent Process Non-Strong 4.007ms
[0.766s][info][gc,phases] GC(1) O: Concurrent Reset Relocation Set 0.000ms
[0.766s][info][gc,phases] GC(1) O: Concurrent Select Relocation Set 0.048ms
[0.771s][info][gc,phases] GC(1) O: Concurrent Remap Roots 5.187ms
[0.772s][info][gc,phases] GC(1) O: Pause Relocate Start 0.009ms
[0.772s][info][gc,phases] GC(1) O: Concurrent Relocate 0.052ms
[0.772s][info][gc,phases] GC(1) O: Old Generation 618M(30%)->656M(32%) 0.011s
[0.772s][info][gc       ] GC(1) Major Collection (Warmup) 412M(20%)->656M(32%) 0.063s
[0.774s][info][gc       ] GC(2) Major Collection (Warmup)
[0.774s][info][gc,phases] GC(2) Y: Young Generation
[0.774s][info][gc,phases] GC(2) Y: Pause Mark Start (Major) 0.005ms
[0.815s][info][gc,phases] GC(2) Y: Concurrent Mark 40.665ms
[0.816s][info][gc,phases] GC(2) Y: Pause Mark End 0.012ms
[0.816s][info][gc,phases] GC(2) Y: Concurrent Mark Free 0.002ms
[0.816s][info][gc,phases] GC(2) Y: Concurrent Reset Relocation Set 0.014ms
[0.822s][info][gc,phases] GC(2) Y: Concurrent Select Relocation Set 5.439ms
[0.822s][info][gc,phases] GC(2) Y: Pause Relocate Start 0.008ms
[0.828s][info][gc,phases] GC(2) Y: Concurrent Relocate 5.601ms
[0.828s][info][gc,phases] GC(2) Y: Young Generation 666M(33%)->842M(41%) 0.054s
[0.828s][info][gc,phases] GC(2) O: Old Generation
[0.846s][info][gc,phases] GC(2) O: Concurrent Mark 18.391ms
[0.847s][info][gc,phases] GC(2) O: Pause Mark End 0.012ms
[0.847s][info][gc,phases] GC(2) O: Concurrent Mark Free 0.002ms
[0.851s][info][gc,phases] GC(2) O: Concurrent Process Non-Strong 3.972ms
[0.851s][info][gc,phases] GC(2) O: Concurrent Reset Relocation Set 0.000ms
[0.851s][info][gc,phases] GC(2) O: Concurrent Select Relocation Set 0.120ms
[0.858s][info][gc,phases] GC(2) O: Concurrent Remap Roots 6.197ms
[0.858s][info][gc,phases] GC(2) O: Pause Relocate Start 0.011ms
[0.858s][info][gc,phases] GC(2) O: Concurrent Relocate 0.163ms
[0.858s][info][gc,phases] GC(2) O: Old Generation 842M(41%)->954M(47%) 0.030s
[0.858s][info][gc       ] GC(2) Major Collection (Warmup) 666M(33%)->954M(47%) 0.084s
[0.903s][info][gc       ] GC(3) Minor Collection (Allocation Rate)
[0.903s][info][gc,phases] GC(3) y: Young Generation
[0.903s][info][gc,phases] GC(3) y: Pause Mark Start 0.008ms
[0.942s][info][gc,phases] GC(3) y: Concurrent Mark 38.854ms
[0.942s][info][gc,phases] GC(3) y: Pause Mark End 0.011ms
[0.942s][info][gc,phases] GC(3) y: Concurrent Mark Free 0.001ms
[0.942s][info][gc,phases] GC(3) y: Concurrent Reset Relocation Set 0.032ms
[0.948s][info][gc,phases] GC(3) y: Concurrent Select Relocation Set 5.503ms
[0.948s][info][gc,phases] GC(3) y: Pause Relocate Start 0.010ms
[0.958s][info][gc,phases] GC(3) y: Concurrent Relocate 9.583ms
[0.958s][info][gc,phases] GC(3) y: Young Generation 1256M(61%)->1274M(62%) 0.056s
[0.958s][info][gc       ] GC(3) Minor Collection (Allocation Rate) 1256M(61%)->1278M(62%) 0.056s
[0.959s][info][gc       ] GC(4) Major Collection (Allocation Rate)
[0.959s][info][gc,phases] GC(4) Y: Young Generation
[0.959s][info][gc,phases] GC(4) Y: Pause Mark Start (Major) 0.009ms
[0.976s][info][gc,phases] GC(4) Y: Concurrent Mark 17.448ms
[0.977s][info][gc,phases] GC(4) Y: Pause Mark End 0.015ms
[0.977s][info][gc,phases] GC(4) Y: Concurrent Mark Free 0.001ms
[0.977s][info][gc,phases] GC(4) Y: Concurrent Reset Relocation Set 0.033ms
[0.980s][info][gc,phases] GC(4) Y: Concurrent Select Relocation Set 3.137ms
[0.980s][info][gc,phases] GC(4) Y: Pause Relocate Start 0.011ms
[0.988s][info][gc,phases] GC(4) Y: Concurrent Relocate 7.316ms
[0.988s][info][gc,phases] GC(4) Y: Young Generation 1282M(63%)->1272M(62%) 0.029s
[0.988s][info][gc,phases] GC(4) O: Old Generation
[0.989s][info][gc       ] GC(5) Minor Collection (Allocation Rate)
[0.989s][info][gc,phases] GC(5) y: Young Generation
[0.990s][info][gc,phases] GC(5) y: Pause Mark Start 0.009ms
[0.996s][info][gc,phases] GC(5) y: Concurrent Mark 6.832ms
[0.997s][info][gc,phases] GC(5) y: Pause Mark End 0.013ms
[0.997s][info][gc,phases] GC(5) y: Concurrent Mark Free 0.002ms
[0.997s][info][gc,phases] GC(5) y: Concurrent Reset Relocation Set 0.025ms
[0.997s][info][gc,phases] GC(5) y: Concurrent Select Relocation Set 0.249ms
[0.998s][info][gc,phases] GC(5) y: Pause Relocate Start 0.006ms
[1.002s][info][gc,phases] GC(5) y: Concurrent Relocate 4.255ms
[1.002s][info][gc,phases] GC(5) y: Young Generation 1300M(63%)->1052M(51%) 0.013s
[1.002s][info][gc       ] GC(5) Minor Collection (Allocation Rate) 1296M(63%)->1058M(52%) 0.013s
[1.002s][info][gc       ] GC(6) Minor Collection (Allocation Rate)
[1.003s][info][gc,phases] GC(6) y: Young Generation
[1.003s][info][gc,phases] GC(6) y: Pause Mark Start 0.008ms
[1.009s][info][gc,phases] GC(6) y: Concurrent Mark 5.727ms
[1.009s][info][gc,phases] GC(6) y: Pause Mark End 0.011ms
[1.009s][info][gc,phases] GC(6) y: Concurrent Mark Free 0.001ms
[1.009s][info][gc,phases] GC(6) y: Concurrent Reset Relocation Set 0.008ms
[1.010s][info][gc,phases] GC(6) y: Concurrent Select Relocation Set 0.451ms
[1.010s][info][gc,phases] GC(6) y: Pause Relocate Start 0.006ms
[1.012s][info][gc,phases] GC(6) y: Concurrent Relocate 2.333ms
[1.013s][info][gc,phases] GC(6) y: Young Generation 1062M(52%)->1006M(49%) 0.010s
[1.013s][info][gc       ] GC(6) Minor Collection (Allocation Rate) 1058M(52%)->1010M(49%) 0.010s
[1.013s][info][gc       ] GC(7) Minor Collection (Allocation Rate)
[1.013s][info][gc,phases] GC(7) y: Young Generation
[1.013s][info][gc,phases] GC(7) y: Pause Mark Start 0.012ms
[1.018s][info][gc,phases] GC(7) y: Concurrent Mark 5.140ms
[1.018s][info][gc,phases] GC(7) y: Pause Mark End 0.012ms
[1.019s][info][gc,phases] GC(7) y: Concurrent Mark Free 0.001ms
[1.019s][info][gc,phases] GC(7) y: Concurrent Reset Relocation Set 0.006ms
[1.019s][info][gc,phases] GC(7) y: Concurrent Select Relocation Set 0.393ms
[1.019s][info][gc,phases] GC(7) y: Pause Relocate Start 0.006ms
[1.021s][info][gc,phases] GC(7) y: Concurrent Relocate 1.783ms
[1.022s][info][gc,phases] GC(7) y: Young Generation 1014M(50%)->982M(48%) 0.009s
[1.022s][info][gc       ] GC(7) Minor Collection (Allocation Rate) 1010M(49%)->988M(48%) 0.009s
[1.022s][info][gc       ] GC(8) Minor Collection (Allocation Rate)
[1.022s][info][gc,phases] GC(8) y: Young Generation
[1.022s][info][gc,phases] GC(8) y: Pause Mark Start 0.013ms
[1.027s][info][gc,phases] GC(8) y: Concurrent Mark 4.946ms
[1.027s][info][gc,phases] GC(8) y: Pause Mark End 0.012ms
[1.028s][info][gc,phases] GC(8) y: Concurrent Mark Free 0.001ms
[1.028s][info][gc,phases] GC(8) y: Concurrent Reset Relocation Set 0.006ms
[1.028s][info][gc,phases] GC(8) y: Concurrent Select Relocation Set 0.381ms
[1.028s][info][gc,phases] GC(8) y: Pause Relocate Start 0.004ms
[1.030s][info][gc,phases] GC(8) y: Concurrent Relocate 1.346ms
[1.030s][info][gc,phases] GC(8) y: Young Generation 990M(48%)->972M(47%) 0.008s
[1.030s][info][gc       ] GC(8) Minor Collection (Allocation Rate) 990M(48%)->976M(48%) 0.008s
[1.032s][info][gc       ] GC(9) Minor Collection (Allocation Rate)
[1.032s][info][gc,phases] GC(9) y: Young Generation
[1.032s][info][gc,phases] GC(9) y: Pause Mark Start 0.012ms
[1.037s][info][gc,phases] GC(9) y: Concurrent Mark 5.158ms
[1.038s][info][gc,phases] GC(9) y: Pause Mark End 0.013ms
[1.038s][info][gc,phases] GC(9) y: Concurrent Mark Free 0.001ms
[1.038s][info][gc,phases] GC(9) y: Concurrent Reset Relocation Set 0.005ms
[1.039s][info][gc,phases] GC(9) y: Concurrent Select Relocation Set 0.415ms
[1.039s][info][gc,phases] GC(9) y: Pause Relocate Start 0.006ms
[1.041s][info][gc,phases] GC(9) y: Concurrent Relocate 1.641ms
[1.041s][info][gc,phases] GC(9) y: Young Generation 1010M(49%)->984M(48%) 0.009s
[1.041s][info][gc       ] GC(9) Minor Collection (Allocation Rate) 1006M(49%)->988M(48%) 0.009s
[1.048s][info][gc       ] GC(10) Minor Collection (Allocation Rate)
[1.048s][info][gc,phases] GC(10) y: Young Generation
[1.048s][info][gc,phases] GC(10) y: Pause Mark Start 0.008ms
[1.054s][info][gc,phases] GC(4) O: Concurrent Mark 65.590ms
[1.054s][info][gc,phases] GC(10) y: Concurrent Mark 5.464ms
[1.054s][info][gc,phases] GC(4) O: Pause Mark End 0.013ms
[1.054s][info][gc,phases] GC(4) O: Concurrent Mark Free 0.002ms
[1.054s][info][gc,phases] GC(10) y: Pause Mark End 0.005ms
[1.055s][info][gc,phases] GC(10) y: Concurrent Mark Free 0.002ms
[1.055s][info][gc,phases] GC(10) y: Concurrent Reset Relocation Set 0.006ms
[1.055s][info][gc,phases] GC(10) y: Concurrent Select Relocation Set 0.293ms
[1.059s][info][gc,phases] GC(10) y: Pause Relocate Start 0.013ms
[1.062s][info][gc,phases] GC(10) y: Concurrent Relocate 2.478ms
[1.062s][info][gc,phases] GC(4) O: Concurrent Process Non-Strong 7.463ms
[1.062s][info][gc,phases] GC(4) O: Concurrent Reset Relocation Set 0.001ms
[1.062s][info][gc,phases] GC(10) y: Young Generation 1124M(55%)->1080M(53%) 0.014s
[1.062s][info][gc       ] GC(10) Minor Collection (Allocation Rate) 1120M(55%)->1072M(52%) 0.014s
[1.062s][info][gc,phases] GC(4) O: Concurrent Select Relocation Set 0.095ms
[1.062s][info][gc       ] GC(11) Minor Collection (Allocation Rate)
[1.063s][info][gc,phases] GC(11) y: Young Generation
[1.063s][info][gc,phases] GC(11) y: Pause Mark Start 0.010ms
[1.071s][info][gc,phases] GC(11) y: Concurrent Mark 8.535ms
[1.072s][info][gc,phases] GC(11) y: Pause Mark End 0.010ms
[1.072s][info][gc,phases] GC(11) y: Concurrent Mark Free 0.001ms
[1.072s][info][gc,phases] GC(11) y: Concurrent Reset Relocation Set 0.005ms
[1.073s][info][gc,phases] GC(11) y: Concurrent Select Relocation Set 0.419ms
[1.073s][info][gc,phases] GC(11) y: Pause Relocate Start 0.007ms
[1.075s][info][gc,phases] GC(11) y: Concurrent Relocate 2.309ms
[1.075s][info][gc,phases] GC(11) y: Young Generation 1078M(53%)->1050M(51%) 0.013s
[1.075s][info][gc       ] GC(11) Minor Collection (Allocation Rate) 1074M(52%)->1054M(51%) 0.013s
[1.075s][info][gc       ] GC(12) Minor Collection (Allocation Rate)
[1.076s][info][gc,phases] GC(12) y: Young Generation
[1.076s][info][gc,phases] GC(12) y: Pause Mark Start 0.007ms
[1.084s][info][gc,phases] GC(12) y: Concurrent Mark 8.330ms
[1.084s][info][gc,phases] GC(12) y: Pause Mark End 0.010ms
[1.085s][info][gc,phases] GC(12) y: Concurrent Mark Free 0.001ms
[1.085s][info][gc,phases] GC(12) y: Concurrent Reset Relocation Set 0.006ms
[1.085s][info][gc,phases] GC(12) y: Concurrent Select Relocation Set 0.503ms
[1.085s][info][gc,phases] GC(12) y: Pause Relocate Start 0.004ms
[1.088s][info][gc,phases] GC(12) y: Concurrent Relocate 2.371ms
[1.088s][info][gc,phases] GC(12) y: Young Generation 1058M(52%)->1052M(51%) 0.013s
[1.088s][info][gc       ] GC(12) Minor Collection (Allocation Rate) 1058M(52%)->1058M(52%) 0.013s
[1.088s][info][gc       ] GC(13) Minor Collection (Allocation Rate)
[1.088s][info][gc,phases] GC(13) y: Young Generation
[1.089s][info][gc,phases] GC(13) y: Pause Mark Start 0.008ms
[1.097s][info][gc,phases] GC(13) y: Concurrent Mark 8.379ms
[1.097s][info][gc,phases] GC(13) y: Pause Mark End 0.011ms
[1.098s][info][gc,phases] GC(13) y: Concurrent Mark Free 0.001ms
[1.098s][info][gc,phases] GC(13) y: Concurrent Reset Relocation Set 0.006ms
[1.098s][info][gc,phases] GC(13) y: Concurrent Select Relocation Set 0.506ms
[1.098s][info][gc,phases] GC(13) y: Pause Relocate Start 0.006ms
[1.101s][info][gc,phases] GC(13) y: Concurrent Relocate 2.064ms
[1.101s][info][gc,phases] GC(13) y: Young Generation 1062M(52%)->1052M(51%) 0.012s
[1.101s][info][gc       ] GC(13) Minor Collection (Allocation Rate) 1060M(52%)->1056M(52%) 0.013s
[1.106s][info][gc,phases] GC(4) O: Concurrent Remap Roots 5.084ms
[1.106s][info][gc,phases] GC(4) O: Pause Relocate Start 0.011ms
[1.107s][info][gc,phases] GC(4) O: Concurrent Relocate 0.510ms
[1.107s][info][gc,phases] GC(4) O: Old Generation 1280M(62%)->1148M(56%) 0.119s
[1.107s][info][gc       ] GC(4) Major Collection (Allocation Rate) 1282M(63%)->1152M(56%) 0.149s
[1.112s][info][gc       ] GC(14) Minor Collection (Allocation Rate)
[1.112s][info][gc,phases] GC(14) y: Young Generation
[1.112s][info][gc,phases] GC(14) y: Pause Mark Start 0.010ms
[1.122s][info][gc,phases] GC(14) y: Concurrent Mark 9.609ms
[1.122s][info][gc,phases] GC(14) y: Pause Mark End 0.011ms
[1.123s][info][gc,phases] GC(14) y: Concurrent Mark Free 0.001ms
[1.123s][info][gc,phases] GC(14) y: Concurrent Reset Relocation Set 0.005ms
[1.123s][info][gc,phases] GC(14) y: Concurrent Select Relocation Set 0.396ms
[1.123s][info][gc,phases] GC(14) y: Pause Relocate Start 0.004ms
[1.127s][info][gc,phases] GC(14) y: Concurrent Relocate 3.552ms
[1.127s][info][gc,phases] GC(14) y: Young Generation 1244M(61%)->1104M(54%) 0.015s
[1.127s][info][gc       ] GC(14) Minor Collection (Allocation Rate) 1240M(61%)->1108M(54%) 0.015s
[1.138s][info][gc       ] GC(15) Minor Collection (Allocation Rate)
[1.138s][info][gc,phases] GC(15) y: Young Generation
[1.138s][info][gc,phases] GC(15) y: Pause Mark Start 0.008ms
[1.149s][info][gc,phases] GC(15) y: Concurrent Mark 10.406ms
[1.149s][info][gc,phases] GC(15) y: Pause Mark End 0.010ms
[1.149s][info][gc,phases] GC(15) y: Concurrent Mark Free 0.001ms
[1.150s][info][gc,phases] GC(15) y: Concurrent Reset Relocation Set 0.007ms
[1.150s][info][gc,phases] GC(15) y: Concurrent Select Relocation Set 0.433ms
[1.150s][info][gc,phases] GC(15) y: Pause Relocate Start 0.004ms
[1.154s][info][gc,phases] GC(15) y: Concurrent Relocate 4.127ms
[1.155s][info][gc,phases] GC(15) y: Young Generation 1312M(64%)->1138M(56%) 0.016s
[1.155s][info][gc       ] GC(15) Minor Collection (Allocation Rate) 1308M(64%)->1144M(56%) 0.017s
[1.162s][info][gc       ] GC(16) Minor Collection (Allocation Rate)
[1.162s][info][gc,phases] GC(16) y: Young Generation
[1.162s][info][gc,phases] GC(16) y: Pause Mark Start 0.011ms
[1.173s][info][gc,phases] GC(16) y: Concurrent Mark 10.302ms
[1.173s][info][gc,phases] GC(16) y: Pause Mark End 0.011ms
[1.173s][info][gc,phases] GC(16) y: Concurrent Mark Free 0.001ms
[1.173s][info][gc,phases] GC(16) y: Concurrent Reset Relocation Set 0.008ms
[1.174s][info][gc,phases] GC(16) y: Concurrent Select Relocation Set 0.418ms
[1.174s][info][gc,phases] GC(16) y: Pause Relocate Start 0.005ms
[1.178s][info][gc,phases] GC(16) y: Concurrent Relocate 3.587ms
[1.178s][info][gc,phases] GC(16) y: Young Generation 1278M(62%)->1132M(55%) 0.016s
[1.178s][info][gc       ] GC(16) Minor Collection (Allocation Rate) 1272M(62%)->1140M(56%) 0.016s
[1.188s][info][gc       ] GC(17) Minor Collection (Allocation Rate)
[1.188s][info][gc,phases] GC(17) y: Young Generation
[1.188s][info][gc,phases] GC(17) y: Pause Mark Start 0.008ms
[1.199s][info][gc,phases] GC(17) y: Concurrent Mark 10.758ms
[1.200s][info][gc,phases] GC(17) y: Pause Mark End 0.011ms
[1.200s][info][gc,phases] GC(17) y: Concurrent Mark Free 0.002ms
[1.200s][info][gc,phases] GC(17) y: Concurrent Reset Relocation Set 0.008ms
[1.201s][info][gc,phases] GC(17) y: Concurrent Select Relocation Set 0.695ms
[1.201s][info][gc,phases] GC(17) y: Pause Relocate Start 0.006ms
[1.205s][info][gc,phases] GC(17) y: Concurrent Relocate 4.370ms
[1.205s][info][gc,phases] GC(17) y: Young Generation 1332M(65%)->1170M(57%) 0.017s
[1.205s][info][gc       ] GC(17) Minor Collection (Allocation Rate) 1328M(65%)->1174M(57%) 0.017s
[1.210s][info][gc       ] GC(18) Minor Collection (Allocation Rate)
[1.210s][info][gc,phases] GC(18) y: Young Generation
[1.210s][info][gc,phases] GC(18) y: Pause Mark Start 0.008ms
[1.220s][info][gc,phases] GC(18) y: Concurrent Mark 9.434ms
[1.220s][info][gc,phases] GC(18) y: Pause Mark End 0.011ms
[1.220s][info][gc,phases] GC(18) y: Concurrent Mark Free 0.001ms
[1.220s][info][gc,phases] GC(18) y: Concurrent Reset Relocation Set 0.012ms
[1.221s][info][gc,phases] GC(18) y: Concurrent Select Relocation Set 0.512ms
[1.221s][info][gc,phases] GC(18) y: Pause Relocate Start 0.007ms
[1.225s][info][gc,phases] GC(18) y: Concurrent Relocate 3.537ms
[1.225s][info][gc,phases] GC(18) y: Young Generation 1258M(61%)->1136M(55%) 0.015s
[1.225s][info][gc       ] GC(18) Minor Collection (Allocation Rate) 1256M(61%)->1138M(56%) 0.015s
[1.233s][info][gc       ] GC(19) Minor Collection (Allocation Rate)
[1.233s][info][gc,phases] GC(19) y: Young Generation
[1.233s][info][gc,phases] GC(19) y: Pause Mark Start 0.009ms
[1.243s][info][gc,phases] GC(19) y: Concurrent Mark 9.684ms
[1.244s][info][gc,phases] GC(19) y: Pause Mark End 0.012ms
[1.244s][info][gc,phases] GC(19) y: Concurrent Mark Free 0.001ms
[1.244s][info][gc,phases] GC(19) y: Concurrent Reset Relocation Set 0.008ms
[1.244s][info][gc,phases] GC(19) y: Concurrent Select Relocation Set 0.550ms
[1.245s][info][gc,phases] GC(19) y: Pause Relocate Start 0.005ms
[1.249s][info][gc,phases] GC(19) y: Concurrent Relocate 3.797ms
[1.249s][info][gc,phases] GC(19) y: Young Generation 1298M(63%)->1156M(56%) 0.016s
[1.249s][info][gc       ] GC(19) Minor Collection (Allocation Rate) 1294M(63%)->1160M(57%) 0.016s
[1.259s][info][gc       ] GC(20) Minor Collection (Allocation Rate)
[1.259s][info][gc,phases] GC(20) y: Young Generation
[1.259s][info][gc,phases] GC(20) y: Pause Mark Start 0.007ms
[1.270s][info][gc,phases] GC(20) y: Concurrent Mark 10.654ms
[1.270s][info][gc,phases] GC(20) y: Pause Mark End 0.013ms
[1.270s][info][gc,phases] GC(20) y: Concurrent Mark Free 0.002ms
[1.270s][info][gc,phases] GC(20) y: Concurrent Reset Relocation Set 0.010ms
[1.271s][info][gc,phases] GC(20) y: Concurrent Select Relocation Set 0.331ms
[1.271s][info][gc,phases] GC(20) y: Pause Relocate Start 0.008ms
[1.275s][info][gc,phases] GC(20) y: Concurrent Relocate 4.155ms
[1.275s][info][gc,phases] GC(20) y: Young Generation 1350M(66%)->1174M(57%) 0.016s
[1.275s][info][gc       ] GC(20) Minor Collection (Allocation Rate) 1348M(66%)->1178M(58%) 0.017s
[1.283s][info][gc       ] GC(21) Minor Collection (Allocation Rate)
[1.283s][info][gc,phases] GC(21) y: Young Generation
[1.283s][info][gc,phases] GC(21) y: Pause Mark Start 0.014ms
[1.295s][info][gc,phases] GC(21) y: Concurrent Mark 11.379ms
[1.295s][info][gc,phases] GC(21) y: Pause Mark End 0.010ms
[1.295s][info][gc,phases] GC(21) y: Concurrent Mark Free 0.001ms
[1.296s][info][gc,phases] GC(21) y: Concurrent Reset Relocation Set 0.008ms
[1.296s][info][gc,phases] GC(21) y: Concurrent Select Relocation Set 0.666ms
[1.297s][info][gc,phases] GC(21) y: Pause Relocate Start 0.008ms
[1.301s][info][gc,phases] GC(21) y: Concurrent Relocate 4.008ms
[1.301s][info][gc,phases] GC(21) y: Young Generation 1316M(64%)->1194M(58%) 0.018s
[1.301s][info][gc       ] GC(21) Minor Collection (Allocation Rate) 1312M(64%)->1198M(58%) 0.018s
[1.305s][info][gc       ] GC(22) Minor Collection (Allocation Rate)
[1.305s][info][gc,phases] GC(22) y: Young Generation
[1.305s][info][gc,phases] GC(22) y: Pause Mark Start 0.008ms
[1.315s][info][gc,phases] GC(22) y: Concurrent Mark 9.873ms
[1.316s][info][gc,phases] GC(22) y: Pause Mark End 0.016ms
[1.316s][info][gc,phases] GC(22) y: Concurrent Mark Free 0.002ms
[1.316s][info][gc,phases] GC(22) y: Concurrent Reset Relocation Set 0.011ms
[1.317s][info][gc,phases] GC(22) y: Concurrent Select Relocation Set 0.487ms
[1.317s][info][gc,phases] GC(22) y: Pause Relocate Start 0.006ms
[1.320s][info][gc,phases] GC(22) y: Concurrent Relocate 3.426ms
[1.321s][info][gc,phases] GC(22) y: Young Generation 1278M(62%)->1168M(57%) 0.015s
[1.321s][info][gc       ] GC(22) Minor Collection (Allocation Rate) 1274M(62%)->1172M(57%) 0.016s
[1.327s][info][gc       ] GC(23) Minor Collection (Allocation Rate)
[1.327s][info][gc,phases] GC(23) y: Young Generation
[1.328s][info][gc,phases] GC(23) y: Pause Mark Start 0.010ms
[1.337s][info][gc,phases] GC(23) y: Concurrent Mark 9.697ms
[1.338s][info][gc,phases] GC(23) y: Pause Mark End 0.012ms
[1.338s][info][gc,phases] GC(23) y: Concurrent Mark Free 0.001ms
[1.338s][info][gc,phases] GC(23) y: Concurrent Reset Relocation Set 0.009ms
[1.338s][info][gc,phases] GC(23) y: Concurrent Select Relocation Set 0.516ms
[1.339s][info][gc,phases] GC(23) y: Pause Relocate Start 0.006ms
[1.342s][info][gc,phases] GC(23) y: Concurrent Relocate 3.511ms
[1.342s][info][gc,phases] GC(23) y: Young Generation 1296M(63%)->1172M(57%) 0.015s
[1.343s][info][gc       ] GC(23) Minor Collection (Allocation Rate) 1292M(63%)->1178M(58%) 0.015s
[1.353s][info][gc       ] GC(24) Minor Collection (Allocation Rate)
[1.353s][info][gc,phases] GC(24) y: Young Generation
[1.353s][info][gc,phases] GC(24) y: Pause Mark Start 0.009ms
[1.363s][info][gc,phases] GC(24) y: Concurrent Mark 9.726ms
[1.363s][info][gc,phases] GC(24) y: Pause Mark End 0.011ms
[1.363s][info][gc,phases] GC(24) y: Concurrent Mark Free 0.001ms
[1.363s][info][gc,phases] GC(24) y: Concurrent Reset Relocation Set 0.008ms
[1.364s][info][gc,phases] GC(24) y: Concurrent Select Relocation Set 0.370ms
[1.364s][info][gc,phases] GC(24) y: Pause Relocate Start 0.006ms
[1.368s][info][gc,phases] GC(24) y: Concurrent Relocate 3.928ms
[1.368s][info][gc,phases] GC(24) y: Young Generation 1368M(67%)->1186M(58%) 0.016s
[1.368s][info][gc       ] GC(24) Minor Collection (Allocation Rate) 1364M(67%)->1190M(58%) 0.016s
[1.380s][info][gc       ] GC(25) Minor Collection (Allocation Rate)
[1.380s][info][gc,phases] GC(25) y: Young Generation
[1.380s][info][gc,phases] GC(25) y: Pause Mark Start 0.008ms
[1.391s][info][gc,phases] GC(25) y: Concurrent Mark 10.335ms
[1.391s][info][gc,phases] GC(25) y: Pause Mark End 0.012ms
[1.391s][info][gc,phases] GC(25) y: Concurrent Mark Free 0.001ms
[1.391s][info][gc,phases] GC(25) y: Concurrent Reset Relocation Set 0.007ms
[1.392s][info][gc,phases] GC(25) y: Concurrent Select Relocation Set 0.588ms
[1.392s][info][gc,phases] GC(25) y: Pause Relocate Start 0.004ms
[1.397s][info][gc,phases] GC(25) y: Concurrent Relocate 4.688ms
[1.397s][info][gc,phases] GC(25) y: Young Generation 1410M(69%)->1216M(59%) 0.017s
[1.397s][info][gc       ] GC(25) Minor Collection (Allocation Rate) 1406M(69%)->1220M(60%) 0.017s
[1.402s][info][gc       ] GC(26) Major Collection (Allocation Rate)
[1.402s][info][gc,phases] GC(26) Y: Young Generation
[1.403s][info][gc,phases] GC(26) Y: Pause Mark Start (Major) 0.009ms
[1.409s][info][gc,phases] GC(26) Y: Concurrent Mark 6.570ms
[1.410s][info][gc,phases] GC(26) Y: Pause Mark End 0.011ms
[1.410s][info][gc,phases] GC(26) Y: Concurrent Mark Free 0.002ms
[1.410s][info][gc,phases] GC(26) Y: Concurrent Reset Relocation Set 0.012ms
[1.410s][info][gc,phases] GC(26) Y: Concurrent Select Relocation Set 0.368ms
[1.411s][info][gc,phases] GC(26) Y: Pause Relocate Start 0.006ms
[1.414s][info][gc,phases] GC(26) Y: Concurrent Relocate 3.335ms
[1.414s][info][gc,phases] GC(26) Y: Young Generation 1320M(64%)->1144M(56%) 0.012s
[1.414s][info][gc,phases] GC(26) O: Old Generation
[1.420s][info][gc       ] GC(27) Minor Collection (Allocation Rate)
[1.420s][info][gc,phases] GC(27) y: Young Generation
[1.420s][info][gc,phases] GC(27) y: Pause Mark Start 0.009ms
[1.427s][info][gc,phases] GC(27) y: Concurrent Mark 6.926ms
[1.427s][info][gc,phases] GC(27) y: Pause Mark End 0.012ms
[1.428s][info][gc,phases] GC(27) y: Concurrent Mark Free 0.002ms
[1.428s][info][gc,phases] GC(27) y: Concurrent Reset Relocation Set 0.007ms
[1.428s][info][gc,phases] GC(27) y: Concurrent Select Relocation Set 0.641ms
[1.429s][info][gc,phases] GC(27) y: Pause Relocate Start 0.008ms
[1.432s][info][gc,phases] GC(27) y: Concurrent Relocate 2.679ms
[1.432s][info][gc,phases] GC(27) y: Young Generation 1248M(61%)->1146M(56%) 0.012s
[1.432s][info][gc       ] GC(27) Minor Collection (Allocation Rate) 1244M(61%)->1150M(56%) 0.012s
[1.444s][info][gc       ] GC(28) Minor Collection (Allocation Rate)
[1.444s][info][gc,phases] GC(28) y: Young Generation
[1.444s][info][gc,phases] GC(28) y: Pause Mark Start 0.008ms
[1.451s][info][gc,phases] GC(28) y: Concurrent Mark 6.629ms
[1.452s][info][gc,phases] GC(28) y: Pause Mark End 0.010ms
[1.452s][info][gc,phases] GC(28) y: Concurrent Mark Free 0.002ms
[1.452s][info][gc,phases] GC(28) y: Concurrent Reset Relocation Set 0.009ms
[1.452s][info][gc,phases] GC(28) y: Concurrent Select Relocation Set 0.340ms
[1.452s][info][gc,phases] GC(28) y: Pause Relocate Start 0.006ms
[1.456s][info][gc,phases] GC(28) y: Concurrent Relocate 3.857ms
[1.457s][info][gc,phases] GC(28) y: Young Generation 1380M(67%)->1170M(57%) 0.012s
[1.457s][info][gc       ] GC(28) Minor Collection (Allocation Rate) 1376M(67%)->1174M(57%) 0.013s
[1.473s][info][gc       ] GC(29) Minor Collection (Allocation Rate)
[1.473s][info][gc,phases] GC(29) y: Young Generation
[1.473s][info][gc,phases] GC(29) y: Pause Mark Start 0.011ms
[1.481s][info][gc,phases] GC(29) y: Concurrent Mark 7.668ms
[1.481s][info][gc,phases] GC(29) y: Pause Mark End 0.011ms
[1.481s][info][gc,phases] GC(29) y: Concurrent Mark Free 0.001ms
[1.481s][info][gc,phases] GC(29) y: Concurrent Reset Relocation Set 0.007ms
[1.482s][info][gc,phases] GC(29) y: Concurrent Select Relocation Set 0.384ms
[1.482s][info][gc,phases] GC(29) y: Pause Relocate Start 0.005ms
[1.487s][info][gc,phases] GC(29) y: Concurrent Relocate 4.982ms
[1.487s][info][gc,phases] GC(29) y: Young Generation 1468M(72%)->1202M(59%) 0.015s
[1.487s][info][gc       ] GC(29) Minor Collection (Allocation Rate) 1464M(71%)->1208M(59%) 0.015s
[1.490s][info][gc,phases] GC(26) O: Concurrent Mark 75.646ms
[1.490s][info][gc,phases] GC(26) O: Pause Mark End 0.013ms
[1.490s][info][gc,phases] GC(26) O: Concurrent Mark Free 0.002ms
[1.496s][info][gc,phases] GC(26) O: Concurrent Process Non-Strong 5.112ms
[1.496s][info][gc,phases] GC(26) O: Concurrent Reset Relocation Set 0.001ms
[1.496s][info][gc,phases] GC(26) O: Concurrent Select Relocation Set 0.158ms
[1.502s][info][gc,phases] GC(26) O: Concurrent Remap Roots 6.331ms
[1.503s][info][gc,phases] GC(26) O: Pause Relocate Start 0.010ms
[1.504s][info][gc,phases] GC(26) O: Concurrent Relocate 0.795ms
[1.504s][info][gc,phases] GC(26) O: Old Generation 1150M(56%)->1332M(65%) 0.089s
[1.504s][info][gc       ] GC(26) Major Collection (Allocation Rate) 1318M(64%)->1336M(65%) 0.101s
[1.505s][info][gc       ] GC(30) Minor Collection (Allocation Rate)
[1.505s][info][gc,phases] GC(30) y: Young Generation
[1.505s][info][gc,phases] GC(30) y: Pause Mark Start 0.009ms
[1.517s][info][gc,phases] GC(30) y: Concurrent Mark 11.886ms
[1.517s][info][gc,phases] GC(30) y: Pause Mark End 0.012ms
[1.517s][info][gc,phases] GC(30) y: Concurrent Mark Free 0.002ms
[1.518s][info][gc,phases] GC(30) y: Concurrent Reset Relocation Set 0.012ms
[1.518s][info][gc,phases] GC(30) y: Concurrent Select Relocation Set 0.309ms
[1.518s][info][gc,phases] GC(30) y: Pause Relocate Start 0.005ms
[1.523s][info][gc,phases] GC(30) y: Concurrent Relocate 4.998ms
[1.523s][info][gc,phases] GC(30) y: Young Generation 1356M(66%)->1148M(56%) 0.019s
[1.523s][info][gc       ] GC(30) Minor Collection (Allocation Rate) 1352M(66%)->1152M(56%) 0.019s
[1.524s][info][gc       ] GC(31) Minor Collection (Allocation Rate)
[1.524s][info][gc,phases] GC(31) y: Young Generation
[1.524s][info][gc,phases] GC(31) y: Pause Mark Start 0.007ms
[1.534s][info][gc,phases] GC(31) y: Concurrent Mark 10.287ms
[1.534s][info][gc,phases] GC(31) y: Pause Mark End 0.012ms
[1.535s][info][gc,phases] GC(31) y: Concurrent Mark Free 0.002ms
[1.535s][info][gc,phases] GC(31) y: Concurrent Reset Relocation Set 0.011ms
[1.535s][info][gc,phases] GC(31) y: Concurrent Select Relocation Set 0.601ms
[1.536s][info][gc,phases] GC(31) y: Pause Relocate Start 0.009ms
[1.539s][info][gc,phases] GC(31) y: Concurrent Relocate 3.319ms
[1.539s][info][gc,phases] GC(31) y: Young Generation 1156M(56%)->1098M(54%) 0.016s
[1.539s][info][gc       ] GC(31) Minor Collection (Allocation Rate) 1156M(56%)->1102M(54%) 0.016s
[1.547s][info][gc       ] GC(32) Minor Collection (Allocation Rate)
[1.547s][info][gc,phases] GC(32) y: Young Generation
[1.547s][info][gc,phases] GC(32) y: Pause Mark Start 0.010ms
[1.557s][info][gc,phases] GC(32) y: Concurrent Mark 9.600ms
[1.557s][info][gc,phases] GC(32) y: Pause Mark End 0.012ms
[1.557s][info][gc,phases] GC(32) y: Concurrent Mark Free 0.001ms
[1.557s][info][gc,phases] GC(32) y: Concurrent Reset Relocation Set 0.010ms
[1.558s][info][gc,phases] GC(32) y: Concurrent Select Relocation Set 0.555ms
[1.558s][info][gc,phases] GC(32) y: Pause Relocate Start 0.009ms
[1.562s][info][gc,phases] GC(32) y: Concurrent Relocate 3.707ms
[1.562s][info][gc,phases] GC(32) y: Young Generation 1234M(60%)->1108M(54%) 0.015s
[1.562s][info][gc       ] GC(32) Minor Collection (Allocation Rate) 1230M(60%)->1112M(54%) 0.015s
[1.574s][info][gc       ] GC(33) Minor Collection (Allocation Rate)
[1.574s][info][gc,phases] GC(33) y: Young Generation
[1.574s][info][gc,phases] GC(33) y: Pause Mark Start 0.008ms
[1.586s][info][gc,phases] GC(33) y: Concurrent Mark 11.499ms
[1.586s][info][gc,phases] GC(33) y: Pause Mark End 0.016ms
[1.586s][info][gc,phases] GC(33) y: Concurrent Mark Free 0.001ms
[1.586s][info][gc,phases] GC(33) y: Concurrent Reset Relocation Set 0.010ms
[1.587s][info][gc,phases] GC(33) y: Concurrent Select Relocation Set 0.193ms
[1.587s][info][gc,phases] GC(33) y: Pause Relocate Start 0.009ms
[1.591s][info][gc,phases] GC(33) y: Concurrent Relocate 4.132ms
[1.591s][info][gc,phases] GC(33) y: Young Generation 1332M(65%)->1148M(56%) 0.017s
[1.591s][info][gc       ] GC(33) Minor Collection (Allocation Rate) 1328M(65%)->1152M(56%) 0.017s
[1.598s][info][gc       ] GC(34) Minor Collection (Allocation Rate)
[1.598s][info][gc,phases] GC(34) y: Young Generation
[1.599s][info][gc,phases] GC(34) y: Pause Mark Start 0.008ms
[1.609s][info][gc,phases] GC(34) y: Concurrent Mark 10.262ms
[1.609s][info][gc,phases] GC(34) y: Pause Mark End 0.012ms
[1.610s][info][gc,phases] GC(34) y: Concurrent Mark Free 0.002ms
[1.610s][info][gc,phases] GC(34) y: Concurrent Reset Relocation Set 0.008ms
[1.610s][info][gc,phases] GC(34) y: Concurrent Select Relocation Set 0.398ms
[1.610s][info][gc,phases] GC(34) y: Pause Relocate Start 0.006ms
[1.615s][info][gc,phases] GC(34) y: Concurrent Relocate 4.177ms
[1.615s][info][gc,phases] GC(34) y: Young Generation 1292M(63%)->1140M(56%) 0.016s
[1.615s][info][gc       ] GC(34) Minor Collection (Allocation Rate) 1288M(63%)->1148M(56%) 0.017s
[1.625s][info][gc       ] GC(35) Minor Collection (Allocation Rate)
[1.625s][info][gc,phases] GC(35) y: Young Generation
[1.625s][info][gc,phases] GC(35) y: Pause Mark Start 0.014ms
[1.635s][info][gc,phases] GC(35) y: Concurrent Mark 10.178ms
[1.636s][info][gc,phases] GC(35) y: Pause Mark End 0.015ms
[1.636s][info][gc,phases] GC(35) y: Concurrent Mark Free 0.001ms
[1.636s][info][gc,phases] GC(35) y: Concurrent Reset Relocation Set 0.008ms
[1.637s][info][gc,phases] GC(35) y: Concurrent Select Relocation Set 0.476ms
[1.637s][info][gc,phases] GC(35) y: Pause Relocate Start 0.006ms
[1.641s][info][gc,phases] GC(35) y: Concurrent Relocate 4.297ms
[1.641s][info][gc,phases] GC(35) y: Young Generation 1332M(65%)->1156M(56%) 0.017s
[1.641s][info][gc       ] GC(35) Minor Collection (Allocation Rate) 1328M(65%)->1158M(57%) 0.017s
[1.651s][info][gc       ] GC(36) Minor Collection (Allocation Rate)
[1.651s][info][gc,phases] GC(36) y: Young Generation
[1.651s][info][gc,phases] GC(36) y: Pause Mark Start 0.009ms
[1.661s][info][gc,phases] GC(36) y: Concurrent Mark 9.791ms
[1.661s][info][gc,phases] GC(36) y: Pause Mark End 0.012ms
[1.661s][info][gc,phases] GC(36) y: Concurrent Mark Free 0.003ms
[1.662s][info][gc,phases] GC(36) y: Concurrent Reset Relocation Set 0.010ms
[1.662s][info][gc,phases] GC(36) y: Concurrent Select Relocation Set 0.172ms
[1.662s][info][gc,phases] GC(36) y: Pause Relocate Start 0.005ms
[1.666s][info][gc,phases] GC(36) y: Concurrent Relocate 4.089ms
[1.666s][info][gc,phases] GC(36) y: Young Generation 1342M(66%)->1148M(56%) 0.015s
[1.666s][info][gc       ] GC(36) Minor Collection (Allocation Rate) 1338M(65%)->1152M(56%) 0.016s
[1.677s][info][gc       ] GC(37) Minor Collection (Allocation Rate)
[1.678s][info][gc,phases] GC(37) y: Young Generation
[1.678s][info][gc,phases] GC(37) y: Pause Mark Start 0.008ms
[1.689s][info][gc,phases] GC(37) y: Concurrent Mark 10.511ms
[1.689s][info][gc,phases] GC(37) y: Pause Mark End 0.010ms
[1.689s][info][gc,phases] GC(37) y: Concurrent Mark Free 0.002ms
[1.689s][info][gc,phases] GC(37) y: Concurrent Reset Relocation Set 0.007ms
[1.690s][info][gc,phases] GC(37) y: Concurrent Select Relocation Set 0.481ms
[1.690s][info][gc,phases] GC(37) y: Pause Relocate Start 0.010ms
[1.694s][info][gc,phases] GC(37) y: Concurrent Relocate 4.503ms
[1.695s][info][gc,phases] GC(37) y: Young Generation 1366M(67%)->1184M(58%) 0.017s
[1.695s][info][gc       ] GC(37) Minor Collection (Allocation Rate) 1360M(66%)->1188M(58%) 0.017s
[1.701s][info][gc       ] GC(38) Minor Collection (Allocation Rate)
[1.701s][info][gc,phases] GC(38) y: Young Generation
[1.701s][info][gc,phases] GC(38) y: Pause Mark Start 0.012ms
[1.711s][info][gc,phases] GC(38) y: Concurrent Mark 9.330ms
[1.711s][info][gc,phases] GC(38) y: Pause Mark End 0.012ms
[1.711s][info][gc,phases] GC(38) y: Concurrent Mark Free 0.002ms
[1.711s][info][gc,phases] GC(38) y: Concurrent Reset Relocation Set 0.009ms
[1.712s][info][gc,phases] GC(38) y: Concurrent Select Relocation Set 0.312ms
[1.712s][info][gc,phases] GC(38) y: Pause Relocate Start 0.011ms
[1.715s][info][gc,phases] GC(38) y: Concurrent Relocate 3.643ms
[1.716s][info][gc,phases] GC(38) y: Young Generation 1308M(64%)->1148M(56%) 0.015s
[1.716s][info][gc       ] GC(38) Minor Collection (Allocation Rate) 1304M(64%)->1152M(56%) 0.015s
[1.724s][info][gc       ] GC(39) Minor Collection (Allocation Rate)
[1.724s][info][gc,phases] GC(39) y: Young Generation
[1.724s][info][gc,phases] GC(39) y: Pause Mark Start 0.008ms
[1.734s][info][gc,phases] GC(39) y: Concurrent Mark 9.682ms
[1.735s][info][gc,phases] GC(39) y: Pause Mark End 0.011ms
[1.735s][info][gc,phases] GC(39) y: Concurrent Mark Free 0.002ms
[1.735s][info][gc,phases] GC(39) y: Concurrent Reset Relocation Set 0.009ms
[1.735s][info][gc,phases] GC(39) y: Concurrent Select Relocation Set 0.358ms
[1.735s][info][gc,phases] GC(39) y: Pause Relocate Start 0.005ms
[1.739s][info][gc,phases] GC(39) y: Concurrent Relocate 3.784ms
[1.739s][info][gc,phases] GC(39) y: Young Generation 1316M(64%)->1166M(57%) 0.015s
[1.739s][info][gc       ] GC(39) Minor Collection (Allocation Rate) 1310M(64%)->1170M(57%) 0.015s
[1.750s][info][gc       ] GC(40) Minor Collection (Allocation Rate)
[1.750s][info][gc,phases] GC(40) y: Young Generation
[1.750s][info][gc,phases] GC(40) y: Pause Mark Start 0.009ms
[1.760s][info][gc,phases] GC(40) y: Concurrent Mark 9.878ms
[1.761s][info][gc,phases] GC(40) y: Pause Mark End 0.015ms
[1.761s][info][gc,phases] GC(40) y: Concurrent Mark Free 0.002ms
[1.761s][info][gc,phases] GC(40) y: Concurrent Reset Relocation Set 0.008ms
[1.761s][info][gc,phases] GC(40) y: Concurrent Select Relocation Set 0.188ms
[1.761s][info][gc,phases] GC(40) y: Pause Relocate Start 0.004ms
[1.766s][info][gc,phases] GC(40) y: Concurrent Relocate 3.978ms
[1.766s][info][gc,phases] GC(40) y: Young Generation 1374M(67%)->1176M(57%) 0.016s
[1.766s][info][gc       ] GC(40) Minor Collection (Allocation Rate) 1368M(67%)->1180M(58%) 0.016s
[1.777s][info][gc       ] GC(41) Minor Collection (Allocation Rate)
[1.777s][info][gc,phases] GC(41) y: Young Generation
[1.778s][info][gc,phases] GC(41) y: Pause Mark Start 0.013ms
[1.789s][info][gc,phases] GC(41) y: Concurrent Mark 10.845ms
[1.789s][info][gc,phases] GC(41) y: Pause Mark End 0.012ms
[1.789s][info][gc,phases] GC(41) y: Concurrent Mark Free 0.001ms
[1.789s][info][gc,phases] GC(41) y: Concurrent Reset Relocation Set 0.008ms
[1.790s][info][gc,phases] GC(41) y: Concurrent Select Relocation Set 0.449ms
[1.790s][info][gc,phases] GC(41) y: Pause Relocate Start 0.006ms
[1.795s][info][gc,phases] GC(41) y: Concurrent Relocate 4.987ms
[1.795s][info][gc,phases] GC(41) y: Young Generation 1394M(68%)->1214M(59%) 0.018s
[1.795s][info][gc       ] GC(41) Minor Collection (Allocation Rate) 1390M(68%)->1222M(60%) 0.018s
[1.796s][info][gc       ] GC(42) Minor Collection (Allocation Rate)
[1.796s][info][gc,phases] GC(42) y: Young Generation
[1.796s][info][gc,phases] GC(42) y: Pause Mark Start 0.011ms
[1.808s][info][gc,phases] GC(42) y: Concurrent Mark 11.555ms
[1.808s][info][gc,phases] GC(42) y: Pause Mark End 0.014ms
[1.808s][info][gc,phases] GC(42) y: Concurrent Mark Free 0.002ms
[1.808s][info][gc,phases] GC(42) y: Concurrent Reset Relocation Set 0.014ms
[1.809s][info][gc,phases] GC(42) y: Concurrent Select Relocation Set 0.465ms
[1.809s][info][gc,phases] GC(42) y: Pause Relocate Start 0.009ms
[1.812s][info][gc,phases] GC(42) y: Concurrent Relocate 2.901ms
[1.812s][info][gc,phases] GC(42) y: Young Generation 1226M(60%)->1190M(58%) 0.017s
[1.812s][info][gc       ] GC(42) Minor Collection (Allocation Rate) 1222M(60%)->1194M(58%) 0.017s
[1.817s][info][gc       ] GC(43) Minor Collection (Allocation Rate)
[1.817s][info][gc,phases] GC(43) y: Young Generation
[1.817s][info][gc,phases] GC(43) y: Pause Mark Start 0.011ms
[1.827s][info][gc,phases] GC(43) y: Concurrent Mark 9.208ms
[1.827s][info][gc,phases] GC(43) y: Pause Mark End 0.016ms
[1.827s][info][gc,phases] GC(43) y: Concurrent Mark Free 0.002ms
[1.828s][info][gc,phases] GC(43) y: Concurrent Reset Relocation Set 0.007ms
[1.828s][info][gc,phases] GC(43) y: Concurrent Select Relocation Set 0.420ms
[1.828s][info][gc,phases] GC(43) y: Pause Relocate Start 0.006ms
[1.832s][info][gc,phases] GC(43) y: Concurrent Relocate 3.276ms
[1.832s][info][gc,phases] GC(43) y: Young Generation 1282M(63%)->1186M(58%) 0.015s
[1.832s][info][gc       ] GC(43) Minor Collection (Allocation Rate) 1280M(62%)->1190M(58%) 0.015s
[1.836s][info][gc       ] GC(44) Minor Collection (Allocation Rate)
[1.836s][info][gc,phases] GC(44) y: Young Generation
[1.836s][info][gc,phases] GC(44) y: Pause Mark Start 0.011ms
[1.846s][info][gc,phases] GC(44) y: Concurrent Mark 9.244ms
[1.846s][info][gc,phases] GC(44) y: Pause Mark End 0.011ms
[1.846s][info][gc,phases] GC(44) y: Concurrent Mark Free 0.001ms
[1.846s][info][gc,phases] GC(44) y: Concurrent Reset Relocation Set 0.007ms
[1.847s][info][gc,phases] GC(44) y: Concurrent Select Relocation Set 0.385ms
[1.847s][info][gc,phases] GC(44) y: Pause Relocate Start 0.008ms
[1.850s][info][gc,phases] GC(44) y: Concurrent Relocate 3.194ms
[1.850s][info][gc,phases] GC(44) y: Young Generation 1274M(62%)->1178M(58%) 0.014s
[1.850s][info][gc       ] GC(44) Minor Collection (Allocation Rate) 1268M(62%)->1182M(58%) 0.014s
[1.860s][info][gc       ] GC(45) Minor Collection (Allocation Rate)
[1.860s][info][gc,phases] GC(45) y: Young Generation
[1.860s][info][gc,phases] GC(45) y: Pause Mark Start 0.009ms
[1.870s][info][gc,phases] GC(45) y: Concurrent Mark 9.335ms
[1.870s][info][gc,phases] GC(45) y: Pause Mark End 0.013ms
[1.870s][info][gc,phases] GC(45) y: Concurrent Mark Free 0.001ms
[1.870s][info][gc,phases] GC(45) y: Concurrent Reset Relocation Set 0.007ms
[1.871s][info][gc,phases] GC(45) y: Concurrent Select Relocation Set 0.588ms
[1.871s][info][gc,phases] GC(45) y: Pause Relocate Start 0.007ms
[1.875s][info][gc,phases] GC(45) y: Concurrent Relocate 3.919ms
[1.875s][info][gc,phases] GC(45) y: Young Generation 1354M(66%)->1204M(59%) 0.015s
[1.875s][info][gc       ] GC(45) Minor Collection (Allocation Rate) 1350M(66%)->1208M(59%) 0.016s
[1.884s][info][gc       ] GC(46) Minor Collection (Allocation Rate)
[1.884s][info][gc,phases] GC(46) y: Young Generation
[1.885s][info][gc,phases] GC(46) y: Pause Mark Start 0.009ms
[1.895s][info][gc,phases] GC(46) y: Concurrent Mark 10.737ms
[1.896s][info][gc,phases] GC(46) y: Pause Mark End 0.012ms
[1.896s][info][gc,phases] GC(46) y: Concurrent Mark Free 0.001ms
[1.896s][info][gc,phases] GC(46) y: Concurrent Reset Relocation Set 0.012ms
[1.896s][info][gc,phases] GC(46) y: Concurrent Select Relocation Set 0.310ms
[1.897s][info][gc,phases] GC(46) y: Pause Relocate Start 0.008ms
[1.901s][info][gc,phases] GC(46) y: Concurrent Relocate 3.749ms
[1.901s][info][gc,phases] GC(46) y: Young Generation 1378M(67%)->1230M(60%) 0.016s
[1.901s][info][gc       ] GC(46) Minor Collection (Allocation Rate) 1376M(67%)->1232M(60%) 0.017s
[1.906s][info][gc       ] GC(47) Minor Collection (Allocation Rate)
[1.906s][info][gc,phases] GC(47) y: Young Generation
[1.907s][info][gc,phases] GC(47) y: Pause Mark Start 0.008ms
[1.917s][info][gc,phases] GC(47) y: Concurrent Mark 10.491ms
[1.918s][info][gc,phases] GC(47) y: Pause Mark End 0.012ms
[1.918s][info][gc,phases] GC(47) y: Concurrent Mark Free 0.002ms
[1.918s][info][gc,phases] GC(47) y: Concurrent Reset Relocation Set 0.007ms
[1.919s][info][gc,phases] GC(47) y: Concurrent Select Relocation Set 0.639ms
[1.919s][info][gc,phases] GC(47) y: Pause Relocate Start 0.007ms
[1.923s][info][gc,phases] GC(47) y: Concurrent Relocate 3.741ms
[1.923s][info][gc,phases] GC(47) y: Young Generation 1340M(65%)->1242M(61%) 0.016s
[1.923s][info][gc       ] GC(47) Minor Collection (Allocation Rate) 1336M(65%)->1246M(61%) 0.017s
[1.928s][info][gc       ] GC(48) Minor Collection (Allocation Rate)
[1.928s][info][gc,phases] GC(48) y: Young Generation
[1.929s][info][gc,phases] GC(48) y: Pause Mark Start 0.009ms
[1.939s][info][gc,phases] GC(48) y: Concurrent Mark 9.954ms
[1.939s][info][gc,phases] GC(48) y: Pause Mark End 0.012ms
[1.939s][info][gc,phases] GC(48) y: Concurrent Mark Free 0.001ms
[1.939s][info][gc,phases] GC(48) y: Concurrent Reset Relocation Set 0.009ms
[1.940s][info][gc,phases] GC(48) y: Concurrent Select Relocation Set 0.514ms
[1.940s][info][gc,phases] GC(48) y: Pause Relocate Start 0.005ms
[1.944s][info][gc,phases] GC(48) y: Concurrent Relocate 3.631ms
[1.944s][info][gc,phases] GC(48) y: Young Generation 1352M(66%)->1238M(60%) 0.016s
[1.944s][info][gc       ] GC(48) Minor Collection (Allocation Rate) 1348M(66%)->1242M(61%) 0.016s
[1.951s][info][gc       ] GC(49) Minor Collection (Allocation Rate)
[1.951s][info][gc,phases] GC(49) y: Young Generation
[1.951s][info][gc,phases] GC(49) y: Pause Mark Start 0.009ms
[1.961s][info][gc,phases] GC(49) y: Concurrent Mark 9.851ms
[1.961s][info][gc,phases] GC(49) y: Pause Mark End 0.012ms
[1.962s][info][gc,phases] GC(49) y: Concurrent Mark Free 0.001ms
[1.962s][info][gc,phases] GC(49) y: Concurrent Reset Relocation Set 0.008ms
[1.962s][info][gc,phases] GC(49) y: Concurrent Select Relocation Set 0.476ms
[1.962s][info][gc,phases] GC(49) y: Pause Relocate Start 0.007ms
[1.966s][info][gc,phases] GC(49) y: Concurrent Relocate 3.730ms
[1.966s][info][gc,phases] GC(49) y: Young Generation 1372M(67%)->1242M(61%) 0.016s
[1.966s][info][gc       ] GC(49) Minor Collection (Allocation Rate) 1368M(67%)->1246M(61%) 0.016s
[1.975s][info][gc       ] GC(50) Minor Collection (Allocation Rate)
[1.976s][info][gc,phases] GC(50) y: Young Generation
[1.976s][info][gc,phases] GC(50) y: Pause Mark Start 0.008ms
[1.986s][info][gc,phases] GC(50) y: Concurrent Mark 9.821ms
[1.986s][info][gc,phases] GC(50) y: Pause Mark End 0.011ms
[1.986s][info][gc,phases] GC(50) y: Concurrent Mark Free 0.001ms
[1.987s][info][gc,phases] GC(50) y: Concurrent Reset Relocation Set 0.009ms
[1.987s][info][gc,phases] GC(50) y: Concurrent Select Relocation Set 0.479ms
[1.987s][info][gc,phases] GC(50) y: Pause Relocate Start 0.005ms
[1.991s][info][gc,phases] GC(50) y: Concurrent Relocate 4.002ms
[1.992s][info][gc,phases] GC(50) y: Young Generation 1420M(69%)->1254M(61%) 0.016s
[1.992s][info][gc       ] GC(50) Minor Collection (Allocation Rate) 1408M(69%)->1258M(61%) 0.016s
[2.000s][info][gc       ] GC(51) Minor Collection (Allocation Rate)
[2.000s][info][gc,phases] GC(51) y: Young Generation
[2.000s][info][gc,phases] GC(51) y: Pause Mark Start 0.008ms
[2.010s][info][gc,phases] GC(51) y: Concurrent Mark 10.110ms
[2.011s][info][gc,phases] GC(51) y: Pause Mark End 0.015ms
[2.011s][info][gc,phases] GC(51) y: Concurrent Mark Free 0.002ms
[2.011s][info][gc,phases] GC(51) y: Concurrent Reset Relocation Set 0.011ms
[2.012s][info][gc,phases] GC(51) y: Concurrent Select Relocation Set 0.549ms
[2.013s][info][gc,phases] GC(51) y: Pause Relocate Start 0.008ms
[2.017s][info][gc,phases] GC(51) y: Concurrent Relocate 4.351ms
[2.017s][info][gc,phases] GC(51) y: Young Generation 1414M(69%)->1280M(62%) 0.017s
[2.018s][info][gc       ] GC(51) Minor Collection (Allocation Rate) 1410M(69%)->1286M(63%) 0.018s
[2.018s][info][gc       ] GC(52) Major Collection (Allocation Rate)
[2.018s][info][gc,phases] GC(52) Y: Young Generation
[2.018s][info][gc,phases] GC(52) Y: Pause Mark Start (Major) 0.011ms
[2.024s][info][gc,phases] GC(52) Y: Concurrent Mark 6.118ms
[2.024s][info][gc,phases] GC(52) Y: Pause Mark End 0.011ms
[2.025s][info][gc,phases] GC(52) Y: Concurrent Mark Free 0.001ms
[2.025s][info][gc,phases] GC(52) Y: Concurrent Reset Relocation Set 0.009ms
[2.025s][info][gc,phases] GC(52) Y: Concurrent Select Relocation Set 0.339ms
[2.025s][info][gc,phases] GC(52) Y: Pause Relocate Start 0.005ms
[2.028s][info][gc,phases] GC(52) Y: Concurrent Relocate 2.726ms
[2.028s][info][gc,phases] GC(52) Y: Young Generation 1290M(63%)->1182M(58%) 0.011s
[2.028s][info][gc,phases] GC(52) O: Old Generation
[2.029s][info][gc       ] GC(53) Minor Collection (Allocation Rate)
[2.029s][info][gc,phases] GC(53) y: Young Generation
[2.029s][info][gc,phases] GC(53) y: Pause Mark Start 0.007ms
[2.036s][info][gc,phases] GC(53) y: Concurrent Mark 6.300ms
[2.036s][info][gc,phases] GC(53) y: Pause Mark End 0.011ms
[2.036s][info][gc,phases] GC(53) y: Concurrent Mark Free 0.001ms
[2.036s][info][gc,phases] GC(53) y: Concurrent Reset Relocation Set 0.005ms
[2.037s][info][gc,phases] GC(53) y: Concurrent Select Relocation Set 0.678ms
[2.037s][info][gc,phases] GC(53) y: Pause Relocate Start 0.007ms
[2.039s][info][gc,phases] GC(53) y: Concurrent Relocate 2.013ms
[2.039s][info][gc,phases] GC(53) y: Young Generation 1198M(58%)->1188M(58%) 0.010s
[2.039s][info][gc       ] GC(53) Minor Collection (Allocation Rate) 1196M(58%)->1192M(58%) 0.011s
[2.049s][info][gc       ] GC(54) Minor Collection (Allocation Rate)
[2.050s][info][gc,phases] GC(54) y: Young Generation
[2.050s][info][gc,phases] GC(54) y: Pause Mark Start 0.008ms
[2.056s][info][gc,phases] GC(54) y: Concurrent Mark 5.814ms
[2.056s][info][gc,phases] GC(54) y: Pause Mark End 0.011ms
[2.056s][info][gc,phases] GC(54) y: Concurrent Mark Free 0.002ms
[2.056s][info][gc,phases] GC(54) y: Concurrent Reset Relocation Set 0.007ms
[2.057s][info][gc,phases] GC(54) y: Concurrent Select Relocation Set 0.410ms
[2.057s][info][gc,phases] GC(54) y: Pause Relocate Start 0.005ms
[2.060s][info][gc,phases] GC(54) y: Concurrent Relocate 2.656ms
[2.060s][info][gc,phases] GC(54) y: Young Generation 1378M(67%)->1188M(58%) 0.010s
[2.060s][info][gc       ] GC(54) Minor Collection (Allocation Rate) 1374M(67%)->1194M(58%) 0.011s
[2.076s][info][gc       ] GC(55) Minor Collection (Allocation Rate)
[2.076s][info][gc,phases] GC(55) y: Young Generation
[2.077s][info][gc,phases] GC(55) y: Pause Mark Start 0.012ms
[2.084s][info][gc,phases] GC(55) y: Concurrent Mark 6.863ms
[2.084s][info][gc,phases] GC(55) y: Pause Mark End 0.014ms
[2.084s][info][gc,phases] GC(55) y: Concurrent Mark Free 0.001ms
[2.085s][info][gc,phases] GC(55) y: Concurrent Reset Relocation Set 0.007ms
[2.085s][info][gc,phases] GC(55) y: Concurrent Select Relocation Set 0.348ms
[2.085s][info][gc,phases] GC(55) y: Pause Relocate Start 0.005ms
[2.090s][info][gc,phases] GC(55) y: Concurrent Relocate 4.517ms
[2.090s][info][gc,phases] GC(55) y: Young Generation 1502M(73%)->1234M(60%) 0.014s
[2.090s][info][gc       ] GC(55) Minor Collection (Allocation Rate) 1496M(73%)->1238M(60%) 0.014s
[2.096s][info][gc       ] GC(56) Minor Collection (Allocation Rate)
[2.097s][info][gc,phases] GC(56) y: Young Generation
[2.097s][info][gc,phases] GC(56) y: Pause Mark Start 0.008ms
[2.104s][info][gc,phases] GC(56) y: Concurrent Mark 6.803ms
[2.104s][info][gc,phases] GC(56) y: Pause Mark End 0.016ms
[2.104s][info][gc,phases] GC(56) y: Concurrent Mark Free 0.002ms
[2.104s][info][gc,phases] GC(56) y: Concurrent Reset Relocation Set 0.008ms
[2.105s][info][gc,phases] GC(56) y: Concurrent Select Relocation Set 0.392ms
[2.105s][info][gc,phases] GC(56) y: Pause Relocate Start 0.005ms
[2.105s][info][gc,phases] GC(52) O: Concurrent Mark 76.877ms
[2.106s][info][gc,phases] GC(52) O: Pause Mark End 0.008ms
[2.106s][info][gc,phases] GC(52) O: Concurrent Mark Free 0.001ms
[2.109s][info][gc,phases] GC(56) y: Concurrent Relocate 3.751ms
[2.109s][info][gc,phases] GC(56) y: Young Generation 1358M(66%)->1232M(60%) 0.012s
[2.109s][info][gc       ] GC(56) Minor Collection (Allocation Rate) 1354M(66%)->1236M(60%) 0.013s
[2.111s][info][gc,phases] GC(52) O: Concurrent Process Non-Strong 4.779ms
[2.111s][info][gc,phases] GC(52) O: Concurrent Reset Relocation Set 0.001ms
[2.111s][info][gc,phases] GC(52) O: Concurrent Select Relocation Set 0.175ms
[2.117s][info][gc,phases] GC(52) O: Concurrent Remap Roots 5.413ms
[2.117s][info][gc,phases] GC(52) O: Pause Relocate Start 0.011ms
[2.118s][info][gc,phases] GC(52) O: Concurrent Relocate 1.377ms
[2.119s][info][gc,phases] GC(52) O: Old Generation 1188M(58%)->1196M(58%) 0.090s
[2.119s][info][gc       ] GC(52) Major Collection (Allocation Rate) 1288M(63%)->1200M(59%) 0.101s
[2.132s][info][gc       ] GC(57) Minor Collection (Allocation Rate)
[2.132s][info][gc,phases] GC(57) y: Young Generation
[2.132s][info][gc,phases] GC(57) y: Pause Mark Start 0.012ms
[2.143s][info][gc,phases] GC(57) y: Concurrent Mark 11.169ms
[2.144s][info][gc,phases] GC(57) y: Pause Mark End 0.011ms
[2.144s][info][gc,phases] GC(57) y: Concurrent Mark Free 0.001ms
[2.144s][info][gc,phases] GC(57) y: Concurrent Reset Relocation Set 0.006ms
[2.145s][info][gc,phases] GC(57) y: Concurrent Select Relocation Set 0.681ms
[2.145s][info][gc,phases] GC(57) y: Pause Relocate Start 0.004ms
[2.151s][info][gc,phases] GC(57) y: Concurrent Relocate 5.881ms
[2.151s][info][gc,phases] GC(57) y: Young Generation 1450M(71%)->1148M(56%) 0.019s
[2.151s][info][gc       ] GC(57) Minor Collection (Allocation Rate) 1444M(71%)->1152M(56%) 0.019s
[2.151s][info][gc       ] GC(58) Minor Collection (Allocation Rate)
[2.151s][info][gc,phases] GC(58) y: Young Generation
[2.151s][info][gc,phases] GC(58) y: Pause Mark Start 0.007ms
[2.160s][info][gc,phases] GC(58) y: Concurrent Mark 8.820ms
[2.161s][info][gc,phases] GC(58) y: Pause Mark End 0.012ms
[2.161s][info][gc,phases] GC(58) y: Concurrent Mark Free 0.001ms
[2.161s][info][gc,phases] GC(58) y: Concurrent Reset Relocation Set 0.012ms
[2.161s][info][gc,phases] GC(58) y: Concurrent Select Relocation Set 0.367ms
[2.161s][info][gc,phases] GC(58) y: Pause Relocate Start 0.004ms
[2.164s][info][gc,phases] GC(58) y: Concurrent Relocate 2.885ms
[2.165s][info][gc,phases] GC(58) y: Young Generation 1158M(57%)->1074M(52%) 0.013s
[2.165s][info][gc       ] GC(58) Minor Collection (Allocation Rate) 1156M(56%)->1078M(53%) 0.014s
[2.169s][info][gc       ] GC(59) Minor Collection (Allocation Rate)
[2.169s][info][gc,phases] GC(59) y: Young Generation
[2.170s][info][gc,phases] GC(59) y: Pause Mark Start 0.008ms
[2.180s][info][gc,phases] GC(59) y: Concurrent Mark 9.795ms
[2.180s][info][gc,phases] GC(59) y: Pause Mark End 0.013ms
[2.180s][info][gc,phases] GC(59) y: Concurrent Mark Free 0.002ms
[2.180s][info][gc,phases] GC(59) y: Concurrent Reset Relocation Set 0.005ms
[2.181s][info][gc,phases] GC(59) y: Concurrent Select Relocation Set 0.523ms
[2.181s][info][gc,phases] GC(59) y: Pause Relocate Start 0.005ms
[2.184s][info][gc,phases] GC(59) y: Concurrent Relocate 3.350ms
[2.184s][info][gc,phases] GC(59) y: Young Generation 1168M(57%)->1106M(54%) 0.015s
[2.184s][info][gc       ] GC(59) Minor Collection (Allocation Rate) 1164M(57%)->1110M(54%) 0.015s
[2.194s][info][gc       ] GC(60) Minor Collection (Allocation Rate)
[2.195s][info][gc,phases] GC(60) y: Young Generation
[2.195s][info][gc,phases] GC(60) y: Pause Mark Start 0.008ms
[2.204s][info][gc,phases] GC(60) y: Concurrent Mark 9.462ms
[2.205s][info][gc,phases] GC(60) y: Pause Mark End 0.011ms
[2.205s][info][gc,phases] GC(60) y: Concurrent Mark Free 0.001ms
[2.205s][info][gc,phases] GC(60) y: Concurrent Reset Relocation Set 0.009ms
[2.205s][info][gc,phases] GC(60) y: Concurrent Select Relocation Set 0.368ms
[2.206s][info][gc,phases] GC(60) y: Pause Relocate Start 0.004ms
[2.210s][info][gc,phases] GC(60) y: Concurrent Relocate 3.976ms
[2.210s][info][gc,phases] GC(60) y: Young Generation 1300M(63%)->1122M(55%) 0.015s
[2.210s][info][gc       ] GC(60) Minor Collection (Allocation Rate) 1296M(63%)->1128M(55%) 0.016s
[2.222s][info][gc       ] GC(61) Minor Collection (Allocation Rate)
[2.222s][info][gc,phases] GC(61) y: Young Generation
[2.222s][info][gc,phases] GC(61) y: Pause Mark Start 0.008ms
[2.232s][info][gc,phases] GC(61) y: Concurrent Mark 10.093ms
[2.233s][info][gc,phases] GC(61) y: Pause Mark End 0.016ms
[2.233s][info][gc,phases] GC(61) y: Concurrent Mark Free 0.001ms
[2.233s][info][gc,phases] GC(61) y: Concurrent Reset Relocation Set 0.008ms
[2.234s][info][gc,phases] GC(61) y: Concurrent Select Relocation Set 0.499ms
[2.234s][info][gc,phases] GC(61) y: Pause Relocate Start 0.005ms
[2.238s][info][gc,phases] GC(61) y: Concurrent Relocate 4.571ms
[2.239s][info][gc,phases] GC(61) y: Young Generation 1358M(66%)->1154M(56%) 0.017s
[2.239s][info][gc       ] GC(61) Minor Collection (Allocation Rate) 1354M(66%)->1160M(57%) 0.017s
[2.245s][info][gc       ] GC(62) Minor Collection (Allocation Rate)
[2.245s][info][gc,phases] GC(62) y: Young Generation
[2.246s][info][gc,phases] GC(62) y: Pause Mark Start 0.008ms
[2.256s][info][gc,phases] GC(62) y: Concurrent Mark 10.007ms
[2.256s][info][gc,phases] GC(62) y: Pause Mark End 0.012ms
[2.256s][info][gc,phases] GC(62) y: Concurrent Mark Free 0.001ms
[2.256s][info][gc,phases] GC(62) y: Concurrent Reset Relocation Set 0.011ms
[2.257s][info][gc,phases] GC(62) y: Concurrent Select Relocation Set 0.438ms
[2.257s][info][gc,phases] GC(62) y: Pause Relocate Start 0.005ms
[2.261s][info][gc,phases] GC(62) y: Concurrent Relocate 3.839ms
[2.261s][info][gc,phases] GC(62) y: Young Generation 1288M(63%)->1144M(56%) 0.016s
[2.261s][info][gc       ] GC(62) Minor Collection (Allocation Rate) 1284M(63%)->1148M(56%) 0.016s
[2.272s][info][gc       ] GC(63) Minor Collection (Allocation Rate)
[2.272s][info][gc,phases] GC(63) y: Young Generation
[2.272s][info][gc,phases] GC(63) y: Pause Mark Start 0.009ms
[2.284s][info][gc,phases] GC(63) y: Concurrent Mark 12.035ms
[2.285s][info][gc,phases] GC(63) y: Pause Mark End 0.012ms
[2.285s][info][gc,phases] GC(63) y: Concurrent Mark Free 0.002ms
[2.285s][info][gc,phases] GC(63) y: Concurrent Reset Relocation Set 0.008ms
[2.286s][info][gc,phases] GC(63) y: Concurrent Select Relocation Set 0.559ms
[2.286s][info][gc,phases] GC(63) y: Pause Relocate Start 0.009ms
[2.290s][info][gc,phases] GC(63) y: Concurrent Relocate 4.542ms
[2.291s][info][gc,phases] GC(63) y: Young Generation 1342M(66%)->1198M(58%) 0.019s
[2.291s][info][gc       ] GC(63) Minor Collection (Allocation Rate) 1338M(65%)->1202M(59%) 0.019s
[2.291s][info][gc       ] GC(64) Minor Collection (Allocation Rate)
[2.291s][info][gc,phases] GC(64) y: Young Generation
[2.291s][info][gc,phases] GC(64) y: Pause Mark Start 0.009ms
[2.300s][info][gc,phases] GC(64) y: Concurrent Mark 8.974ms
[2.300s][info][gc,phases] GC(64) y: Pause Mark End 0.011ms
[2.301s][info][gc,phases] GC(64) y: Concurrent Mark Free 0.001ms
[2.301s][info][gc,phases] GC(64) y: Concurrent Reset Relocation Set 0.010ms
[2.301s][info][gc,phases] GC(64) y: Concurrent Select Relocation Set 0.361ms
[2.301s][info][gc,phases] GC(64) y: Pause Relocate Start 0.005ms
[2.304s][info][gc,phases] GC(64) y: Concurrent Relocate 2.927ms
[2.305s][info][gc,phases] GC(64) y: Young Generation 1208M(59%)->1124M(55%) 0.014s
[2.305s][info][gc       ] GC(64) Minor Collection (Allocation Rate) 1204M(59%)->1126M(55%) 0.014s
[2.308s][info][gc       ] GC(65) Minor Collection (Allocation Rate)
[2.308s][info][gc,phases] GC(65) y: Young Generation
[2.308s][info][gc,phases] GC(65) y: Pause Mark Start 0.008ms
[2.317s][info][gc,phases] GC(65) y: Concurrent Mark 8.798ms
[2.318s][info][gc,phases] GC(65) y: Pause Mark End 0.010ms
[2.318s][info][gc,phases] GC(65) y: Concurrent Mark Free 0.002ms
[2.318s][info][gc,phases] GC(65) y: Concurrent Reset Relocation Set 0.008ms
[2.318s][info][gc,phases] GC(65) y: Concurrent Select Relocation Set 0.387ms
[2.318s][info][gc,phases] GC(65) y: Pause Relocate Start 0.004ms
[2.321s][info][gc,phases] GC(65) y: Concurrent Relocate 2.755ms
[2.322s][info][gc,phases] GC(65) y: Young Generation 1194M(58%)->1124M(55%) 0.013s
[2.322s][info][gc       ] GC(65) Minor Collection (Allocation Rate) 1190M(58%)->1128M(55%) 0.014s
[2.332s][info][gc       ] GC(66) Minor Collection (Allocation Rate)
[2.332s][info][gc,phases] GC(66) y: Young Generation
[2.332s][info][gc,phases] GC(66) y: Pause Mark Start 0.008ms
[2.342s][info][gc,phases] GC(66) y: Concurrent Mark 9.216ms
[2.342s][info][gc,phases] GC(66) y: Pause Mark End 0.010ms
[2.342s][info][gc,phases] GC(66) y: Concurrent Mark Free 0.001ms
[2.342s][info][gc,phases] GC(66) y: Concurrent Reset Relocation Set 0.008ms
[2.343s][info][gc,phases] GC(66) y: Concurrent Select Relocation Set 0.328ms
[2.343s][info][gc,phases] GC(66) y: Pause Relocate Start 0.005ms
[2.347s][info][gc,phases] GC(66) y: Concurrent Relocate 3.753ms
[2.347s][info][gc,phases] GC(66) y: Young Generation 1328M(65%)->1156M(56%) 0.015s
[2.347s][info][gc       ] GC(66) Minor Collection (Allocation Rate) 1324M(65%)->1160M(57%) 0.015s
[2.358s][info][gc       ] GC(67) Minor Collection (Allocation Rate)
[2.358s][info][gc,phases] GC(67) y: Young Generation
[2.358s][info][gc,phases] GC(67) y: Pause Mark Start 0.008ms
[2.368s][info][gc,phases] GC(67) y: Concurrent Mark 9.829ms
[2.368s][info][gc,phases] GC(67) y: Pause Mark End 0.011ms
[2.369s][info][gc,phases] GC(67) y: Concurrent Mark Free 0.001ms
[2.369s][info][gc,phases] GC(67) y: Concurrent Reset Relocation Set 0.008ms
[2.369s][info][gc,phases] GC(67) y: Concurrent Select Relocation Set 0.190ms
[2.369s][info][gc,phases] GC(67) y: Pause Relocate Start 0.004ms
[2.373s][info][gc,phases] GC(67) y: Concurrent Relocate 3.981ms
[2.373s][info][gc,phases] GC(67) y: Young Generation 1370M(67%)->1174M(57%) 0.015s
[2.374s][info][gc       ] GC(67) Minor Collection (Allocation Rate) 1366M(67%)->1182M(58%) 0.016s
[2.383s][info][gc       ] GC(68) Minor Collection (Allocation Rate)
[2.384s][info][gc,phases] GC(68) y: Young Generation
[2.384s][info][gc,phases] GC(68) y: Pause Mark Start 0.009ms
[2.394s][info][gc,phases] GC(68) y: Concurrent Mark 10.041ms
[2.394s][info][gc,phases] GC(68) y: Pause Mark End 0.014ms
[2.394s][info][gc,phases] GC(68) y: Concurrent Mark Free 0.000ms
[2.395s][info][gc,phases] GC(68) y: Concurrent Reset Relocation Set 0.008ms
[2.395s][info][gc,phases] GC(68) y: Concurrent Select Relocation Set 0.286ms
[2.395s][info][gc,phases] GC(68) y: Pause Relocate Start 0.004ms
[2.399s][info][gc,phases] GC(68) y: Concurrent Relocate 3.952ms
[2.399s][info][gc,phases] GC(68) y: Young Generation 1374M(67%)->1188M(58%) 0.016s
[2.399s][info][gc       ] GC(68) Minor Collection (Allocation Rate) 1370M(67%)->1192M(58%) 0.016s
[2.408s][info][gc       ] GC(69) Minor Collection (Allocation Rate)
[2.409s][info][gc,phases] GC(69) y: Young Generation
[2.409s][info][gc,phases] GC(69) y: Pause Mark Start 0.009ms
[2.419s][info][gc,phases] GC(69) y: Concurrent Mark 10.174ms
[2.420s][info][gc,phases] GC(69) y: Pause Mark End 0.011ms
[2.420s][info][gc,phases] GC(69) y: Concurrent Mark Free 0.002ms
[2.420s][info][gc,phases] GC(69) y: Concurrent Reset Relocation Set 0.008ms
[2.420s][info][gc,phases] GC(69) y: Concurrent Select Relocation Set 0.491ms
[2.421s][info][gc,phases] GC(69) y: Pause Relocate Start 0.007ms
[2.425s][info][gc,phases] GC(69) y: Concurrent Relocate 4.392ms
[2.425s][info][gc,phases] GC(69) y: Young Generation 1366M(67%)->1214M(59%) 0.017s
[2.425s][info][gc       ] GC(69) Minor Collection (Allocation Rate) 1362M(67%)->1218M(59%) 0.017s
[2.431s][info][gc       ] GC(70) Minor Collection (Allocation Rate)
[2.431s][info][gc,phases] GC(70) y: Young Generation
[2.431s][info][gc,phases] GC(70) y: Pause Mark Start 0.008ms
[2.441s][info][gc,phases] GC(70) y: Concurrent Mark 9.210ms
[2.441s][info][gc,phases] GC(70) y: Pause Mark End 0.013ms
[2.441s][info][gc,phases] GC(70) y: Concurrent Mark Free 0.002ms
[2.441s][info][gc,phases] GC(70) y: Concurrent Reset Relocation Set 0.009ms
[2.442s][info][gc,phases] GC(70) y: Concurrent Select Relocation Set 0.324ms
[2.442s][info][gc,phases] GC(70) y: Pause Relocate Start 0.005ms
[2.445s][info][gc,phases] GC(70) y: Concurrent Relocate 3.561ms
[2.446s][info][gc,phases] GC(70) y: Young Generation 1328M(65%)->1184M(58%) 0.015s
[2.446s][info][gc       ] GC(70) Minor Collection (Allocation Rate) 1322M(65%)->1188M(58%) 0.015s
[2.453s][info][gc       ] GC(71) Minor Collection (Allocation Rate)
[2.453s][info][gc,phases] GC(71) y: Young Generation
[2.454s][info][gc,phases] GC(71) y: Pause Mark Start 0.007ms
[2.463s][info][gc,phases] GC(71) y: Concurrent Mark 9.349ms
[2.463s][info][gc,phases] GC(71) y: Pause Mark End 0.015ms
[2.464s][info][gc,phases] GC(71) y: Concurrent Mark Free 0.001ms
[2.464s][info][gc,phases] GC(71) y: Concurrent Reset Relocation Set 0.008ms
[2.464s][info][gc,phases] GC(71) y: Concurrent Select Relocation Set 0.335ms
[2.464s][info][gc,phases] GC(71) y: Pause Relocate Start 0.005ms
[2.468s][info][gc,phases] GC(71) y: Concurrent Relocate 3.566ms
[2.468s][info][gc,phases] GC(71) y: Young Generation 1336M(65%)->1196M(58%) 0.015s
[2.468s][info][gc       ] GC(71) Minor Collection (Allocation Rate) 1332M(65%)->1200M(59%) 0.015s
[2.478s][info][gc       ] GC(72) Minor Collection (Allocation Rate)
[2.478s][info][gc,phases] GC(72) y: Young Generation
[2.478s][info][gc,phases] GC(72) y: Pause Mark Start 0.011ms
[2.488s][info][gc,phases] GC(72) y: Concurrent Mark 9.763ms
[2.489s][info][gc,phases] GC(72) y: Pause Mark End 0.010ms
[2.489s][info][gc,phases] GC(72) y: Concurrent Mark Free 0.001ms
[2.489s][info][gc,phases] GC(72) y: Concurrent Reset Relocation Set 0.008ms
[2.489s][info][gc,phases] GC(72) y: Concurrent Select Relocation Set 0.335ms
[2.489s][info][gc,phases] GC(72) y: Pause Relocate Start 0.005ms
[2.493s][info][gc,phases] GC(72) y: Concurrent Relocate 3.929ms
[2.493s][info][gc,phases] GC(72) y: Young Generation 1392M(68%)->1216M(59%) 0.015s
[2.494s][info][gc       ] GC(72) Minor Collection (Allocation Rate) 1388M(68%)->1220M(60%) 0.016s
[2.503s][info][gc       ] GC(73) Minor Collection (Allocation Rate)
[2.503s][info][gc,phases] GC(73) y: Young Generation
[2.503s][info][gc,phases] GC(73) y: Pause Mark Start 0.008ms
[2.513s][info][gc,phases] GC(73) y: Concurrent Mark 9.619ms
[2.513s][info][gc,phases] GC(73) y: Pause Mark End 0.010ms
[2.513s][info][gc,phases] GC(73) y: Concurrent Mark Free 0.002ms
[2.513s][info][gc,phases] GC(73) y: Concurrent Reset Relocation Set 0.008ms
[2.514s][info][gc,phases] GC(73) y: Concurrent Select Relocation Set 0.174ms
[2.514s][info][gc,phases] GC(73) y: Pause Relocate Start 0.004ms
[2.518s][info][gc,phases] GC(73) y: Concurrent Relocate 3.778ms
[2.518s][info][gc,phases] GC(73) y: Young Generation 1400M(68%)->1216M(59%) 0.015s
[2.518s][info][gc       ] GC(73) Minor Collection (Allocation Rate) 1396M(68%)->1220M(60%) 0.015s
[2.528s][info][gc       ] GC(74) Minor Collection (Allocation Rate)
[2.529s][info][gc,phases] GC(74) y: Young Generation
[2.529s][info][gc,phases] GC(74) y: Pause Mark Start 0.009ms
[2.540s][info][gc,phases] GC(74) y: Concurrent Mark 10.890ms
[2.540s][info][gc,phases] GC(74) y: Pause Mark End 0.011ms
[2.540s][info][gc,phases] GC(74) y: Concurrent Mark Free 0.002ms
[2.541s][info][gc,phases] GC(74) y: Concurrent Reset Relocation Set 0.008ms
[2.541s][info][gc,phases] GC(74) y: Concurrent Select Relocation Set 0.539ms
[2.541s][info][gc,phases] GC(74) y: Pause Relocate Start 0.006ms
[2.546s][info][gc,phases] GC(74) y: Concurrent Relocate 4.370ms
[2.546s][info][gc,phases] GC(74) y: Young Generation 1426M(70%)->1264M(62%) 0.017s
[2.546s][info][gc       ] GC(74) Minor Collection (Allocation Rate) 1420M(69%)->1266M(62%) 0.018s
[2.546s][info][gc       ] GC(75) Major Collection (Allocation Rate)
[2.546s][info][gc,phases] GC(75) Y: Young Generation
[2.546s][info][gc,phases] GC(75) Y: Pause Mark Start (Major) 0.010ms
[2.553s][info][gc,phases] GC(75) Y: Concurrent Mark 6.193ms
[2.553s][info][gc,phases] GC(75) Y: Pause Mark End 0.030ms
[2.553s][info][gc,phases] GC(75) Y: Concurrent Mark Free 0.001ms
[2.553s][info][gc,phases] GC(75) Y: Concurrent Reset Relocation Set 0.009ms
[2.553s][info][gc,phases] GC(75) Y: Concurrent Select Relocation Set 0.190ms
[2.554s][info][gc,phases] GC(75) Y: Pause Relocate Start 0.004ms
[2.556s][info][gc,phases] GC(75) Y: Concurrent Relocate 2.670ms
[2.557s][info][gc,phases] GC(75) Y: Young Generation 1270M(62%)->1148M(56%) 0.010s
[2.557s][info][gc,phases] GC(75) O: Old Generation
[2.559s][info][gc       ] GC(76) Minor Collection (Allocation Rate)
[2.559s][info][gc,phases] GC(76) y: Young Generation
[2.559s][info][gc,phases] GC(76) y: Pause Mark Start 0.009ms
[2.565s][info][gc,phases] GC(76) y: Concurrent Mark 6.196ms
[2.566s][info][gc,phases] GC(76) y: Pause Mark End 0.014ms
[2.566s][info][gc,phases] GC(76) y: Concurrent Mark Free 0.001ms
[2.566s][info][gc,phases] GC(76) y: Concurrent Reset Relocation Set 0.006ms
[2.566s][info][gc,phases] GC(76) y: Concurrent Select Relocation Set 0.510ms
[2.567s][info][gc,phases] GC(76) y: Pause Relocate Start 0.007ms
[2.569s][info][gc,phases] GC(76) y: Concurrent Relocate 2.358ms
[2.570s][info][gc,phases] GC(76) y: Young Generation 1194M(58%)->1152M(56%) 0.011s
[2.570s][info][gc       ] GC(76) Minor Collection (Allocation Rate) 1190M(58%)->1160M(57%) 0.011s
[2.582s][info][gc       ] GC(77) Minor Collection (Allocation Rate)
[2.582s][info][gc,phases] GC(77) y: Young Generation
[2.582s][info][gc,phases] GC(77) y: Pause Mark Start 0.012ms
[2.589s][info][gc,phases] GC(77) y: Concurrent Mark 6.483ms
[2.589s][info][gc,phases] GC(77) y: Pause Mark End 0.015ms
[2.589s][info][gc,phases] GC(77) y: Concurrent Mark Free 0.001ms
[2.589s][info][gc,phases] GC(77) y: Concurrent Reset Relocation Set 0.007ms
[2.589s][info][gc,phases] GC(77) y: Concurrent Select Relocation Set 0.278ms
[2.590s][info][gc,phases] GC(77) y: Pause Relocate Start 0.005ms
[2.593s][info][gc,phases] GC(77) y: Concurrent Relocate 3.597ms
[2.593s][info][gc,phases] GC(77) y: Young Generation 1378M(67%)->1184M(58%) 0.012s
[2.593s][info][gc       ] GC(77) Minor Collection (Allocation Rate) 1374M(67%)->1186M(58%) 0.012s
[2.608s][info][gc       ] GC(78) Minor Collection (Allocation Rate)
[2.608s][info][gc,phases] GC(78) y: Young Generation
[2.608s][info][gc,phases] GC(78) y: Pause Mark Start 0.009ms
[2.615s][info][gc,phases] GC(78) y: Concurrent Mark 6.693ms
[2.615s][info][gc,phases] GC(78) y: Pause Mark End 0.012ms
[2.615s][info][gc,phases] GC(78) y: Concurrent Mark Free 0.001ms
[2.615s][info][gc,phases] GC(78) y: Concurrent Reset Relocation Set 0.009ms
[2.616s][info][gc,phases] GC(78) y: Concurrent Select Relocation Set 0.235ms
[2.616s][info][gc,phases] GC(78) y: Pause Relocate Start 0.004ms
[2.620s][info][gc,phases] GC(78) y: Concurrent Relocate 4.043ms
[2.620s][info][gc,phases] GC(78) y: Young Generation 1450M(71%)->1202M(59%) 0.012s
[2.620s][info][gc       ] GC(78) Minor Collection (Allocation Rate) 1448M(71%)->1206M(59%) 0.013s
[2.633s][info][gc,phases] GC(75) O: Concurrent Mark 76.543ms
[2.634s][info][gc,phases] GC(75) O: Pause Mark End 0.015ms
[2.634s][info][gc,phases] GC(75) O: Concurrent Mark Free 0.001ms
[2.635s][info][gc       ] GC(79) Minor Collection (Allocation Rate)
[2.635s][info][gc,phases] GC(79) y: Young Generation
[2.638s][info][gc,phases] GC(79) y: Pause Mark Start 0.019ms
[2.643s][info][gc,phases] GC(75) O: Concurrent Process Non-Strong 9.404ms
[2.643s][info][gc,phases] GC(75) O: Concurrent Reset Relocation Set 0.002ms
[2.644s][info][gc,phases] GC(75) O: Concurrent Select Relocation Set 0.122ms
[2.650s][info][gc,phases] GC(79) y: Concurrent Mark 11.118ms
[2.650s][info][gc,phases] GC(79) y: Pause Mark End 0.011ms
[2.650s][info][gc,phases] GC(79) y: Concurrent Mark Free 0.002ms
[2.650s][info][gc,phases] GC(79) y: Concurrent Reset Relocation Set 0.008ms
[2.651s][info][gc,phases] GC(79) y: Concurrent Select Relocation Set 0.469ms
[2.651s][info][gc,phases] GC(79) y: Pause Relocate Start 0.004ms
[2.656s][info][gc,phases] GC(79) y: Concurrent Relocate 4.859ms
[2.656s][info][gc,phases] GC(79) y: Young Generation 1472M(72%)->1160M(57%) 0.021s
[2.656s][info][gc       ] GC(79) Minor Collection (Allocation Rate) 1468M(72%)->1166M(57%) 0.022s
[2.662s][info][gc,phases] GC(75) O: Concurrent Remap Roots 5.667ms
[2.662s][info][gc,phases] GC(75) O: Pause Relocate Start 0.013ms
[2.663s][info][gc       ] GC(80) Minor Collection (Allocation Rate)
[2.663s][info][gc,phases] GC(80) y: Young Generation
[2.663s][info][gc,phases] GC(80) y: Pause Mark Start 0.005ms
[2.665s][info][gc,phases] GC(75) O: Concurrent Relocate 2.609ms
[2.674s][info][gc,phases] GC(80) y: Concurrent Mark 10.729ms
[2.674s][info][gc,phases] GC(80) y: Pause Mark End 0.014ms
[2.674s][info][gc,phases] GC(80) y: Concurrent Mark Free 0.002ms
[2.674s][info][gc,phases] GC(80) y: Concurrent Reset Relocation Set 0.010ms
[2.675s][info][gc,phases] GC(80) y: Concurrent Select Relocation Set 0.648ms
[2.675s][info][gc,phases] GC(80) y: Pause Relocate Start 0.010ms
[2.680s][info][gc,phases] GC(80) y: Concurrent Relocate 4.105ms
[2.680s][info][gc,phases] GC(80) y: Young Generation 1270M(62%)->1136M(55%) 0.017s
[2.680s][info][gc       ] GC(80) Minor Collection (Allocation Rate) 1272M(62%)->1142M(56%) 0.017s
[2.680s][info][gc,phases] GC(75) O: Old Generation 1152M(56%)->1292M(63%) 0.123s
[2.680s][info][gc       ] GC(75) Major Collection (Allocation Rate) 1270M(62%)->1144M(56%) 0.134s
[2.681s][info][gc       ] GC(81) Minor Collection (Allocation Rate)
[2.681s][info][gc,phases] GC(81) y: Young Generation
[2.681s][info][gc,phases] GC(81) y: Pause Mark Start 0.014ms
[2.691s][info][gc,phases] GC(81) y: Concurrent Mark 9.989ms
[2.692s][info][gc,phases] GC(81) y: Pause Mark End 0.012ms
[2.692s][info][gc,phases] GC(81) y: Concurrent Mark Free 0.002ms
[2.692s][info][gc,phases] GC(81) y: Concurrent Reset Relocation Set 0.014ms
[2.693s][info][gc,phases] GC(81) y: Concurrent Select Relocation Set 0.552ms
[2.693s][info][gc,phases] GC(81) y: Pause Relocate Start 0.006ms
[2.696s][info][gc,phases] GC(81) y: Concurrent Relocate 3.068ms
[2.696s][info][gc,phases] GC(81) y: Young Generation 1164M(57%)->1108M(54%) 0.015s
[2.696s][info][gc       ] GC(81) Minor Collection (Allocation Rate) 1160M(57%)->1112M(54%) 0.016s
[2.700s][info][gc       ] GC(82) Minor Collection (Allocation Rate)
[2.700s][info][gc,phases] GC(82) y: Young Generation
[2.701s][info][gc,phases] GC(82) y: Pause Mark Start 0.008ms
[2.710s][info][gc,phases] GC(82) y: Concurrent Mark 9.839ms
[2.711s][info][gc,phases] GC(82) y: Pause Mark End 0.011ms
[2.711s][info][gc,phases] GC(82) y: Concurrent Mark Free 0.002ms
[2.711s][info][gc,phases] GC(82) y: Concurrent Reset Relocation Set 0.007ms
[2.712s][info][gc,phases] GC(82) y: Concurrent Select Relocation Set 0.544ms
[2.712s][info][gc,phases] GC(82) y: Pause Relocate Start 0.005ms
[2.715s][info][gc,phases] GC(82) y: Concurrent Relocate 3.177ms
[2.715s][info][gc,phases] GC(82) y: Young Generation 1188M(58%)->1108M(54%) 0.015s
[2.715s][info][gc       ] GC(82) Minor Collection (Allocation Rate) 1184M(58%)->1112M(54%) 0.015s
[2.726s][info][gc       ] GC(83) Minor Collection (Allocation Rate)
[2.726s][info][gc,phases] GC(83) y: Young Generation
[2.727s][info][gc,phases] GC(83) y: Pause Mark Start 0.011ms
[2.736s][info][gc,phases] GC(83) y: Concurrent Mark 9.721ms
[2.737s][info][gc,phases] GC(83) y: Pause Mark End 0.011ms
[2.737s][info][gc,phases] GC(83) y: Concurrent Mark Free 0.002ms
[2.737s][info][gc,phases] GC(83) y: Concurrent Reset Relocation Set 0.007ms
[2.737s][info][gc,phases] GC(83) y: Concurrent Select Relocation Set 0.386ms
[2.738s][info][gc,phases] GC(83) y: Pause Relocate Start 0.004ms
[2.742s][info][gc,phases] GC(83) y: Concurrent Relocate 4.080ms
[2.742s][info][gc,phases] GC(83) y: Young Generation 1322M(65%)->1130M(55%) 0.016s
[2.742s][info][gc       ] GC(83) Minor Collection (Allocation Rate) 1318M(64%)->1136M(55%) 0.016s
[2.754s][info][gc       ] GC(84) Minor Collection (Allocation Rate)
[2.754s][info][gc,phases] GC(84) y: Young Generation
[2.754s][info][gc,phases] GC(84) y: Pause Mark Start 0.013ms
[2.765s][info][gc,phases] GC(84) y: Concurrent Mark 10.854ms
[2.766s][info][gc,phases] GC(84) y: Pause Mark End 0.014ms
[2.766s][info][gc,phases] GC(84) y: Concurrent Mark Free 0.002ms
[2.766s][info][gc,phases] GC(84) y: Concurrent Reset Relocation Set 0.009ms
[2.766s][info][gc,phases] GC(84) y: Concurrent Select Relocation Set 0.528ms
[2.767s][info][gc,phases] GC(84) y: Pause Relocate Start 0.007ms
[2.772s][info][gc,phases] GC(84) y: Concurrent Relocate 4.759ms
[2.772s][info][gc,phases] GC(84) y: Young Generation 1362M(67%)->1174M(57%) 0.018s
[2.772s][info][gc       ] GC(84) Minor Collection (Allocation Rate) 1358M(66%)->1180M(58%) 0.018s
[2.775s][info][gc       ] GC(85) Minor Collection (Allocation Rate)
[2.775s][info][gc,phases] GC(85) y: Young Generation
[2.775s][info][gc,phases] GC(85) y: Pause Mark Start 0.011ms
[2.786s][info][gc,phases] GC(85) y: Concurrent Mark 10.359ms
[2.786s][info][gc,phases] GC(85) y: Pause Mark End 0.015ms
[2.786s][info][gc,phases] GC(85) y: Concurrent Mark Free 0.000ms
[2.786s][info][gc,phases] GC(85) y: Concurrent Reset Relocation Set 0.010ms
[2.787s][info][gc,phases] GC(85) y: Concurrent Select Relocation Set 0.697ms
[2.787s][info][gc,phases] GC(85) y: Pause Relocate Start 0.008ms
[2.791s][info][gc,phases] GC(85) y: Concurrent Relocate 3.419ms
[2.791s][info][gc,phases] GC(85) y: Young Generation 1238M(60%)->1152M(56%) 0.016s
[2.791s][info][gc       ] GC(85) Minor Collection (Allocation Rate) 1234M(60%)->1156M(56%) 0.016s
[2.799s][info][gc       ] GC(86) Minor Collection (Allocation Rate)
[2.799s][info][gc,phases] GC(86) y: Young Generation
[2.799s][info][gc,phases] GC(86) y: Pause Mark Start 0.008ms
[2.809s][info][gc,phases] GC(86) y: Concurrent Mark 10.122ms
[2.810s][info][gc,phases] GC(86) y: Pause Mark End 0.011ms
[2.810s][info][gc,phases] GC(86) y: Concurrent Mark Free 0.003ms
[2.810s][info][gc,phases] GC(86) y: Concurrent Reset Relocation Set 0.010ms
[2.811s][info][gc,phases] GC(86) y: Concurrent Select Relocation Set 0.578ms
[2.811s][info][gc,phases] GC(86) y: Pause Relocate Start 0.006ms
[2.815s][info][gc,phases] GC(86) y: Concurrent Relocate 3.776ms
[2.815s][info][gc,phases] GC(86) y: Young Generation 1302M(64%)->1160M(57%) 0.016s
[2.815s][info][gc       ] GC(86) Minor Collection (Allocation Rate) 1296M(63%)->1164M(57%) 0.016s
[2.826s][info][gc       ] GC(87) Minor Collection (Allocation Rate)
[2.826s][info][gc,phases] GC(87) y: Young Generation
[2.826s][info][gc,phases] GC(87) y: Pause Mark Start 0.010ms
[2.835s][info][gc,phases] GC(87) y: Concurrent Mark 9.380ms
[2.836s][info][gc,phases] GC(87) y: Pause Mark End 0.020ms
[2.836s][info][gc,phases] GC(87) y: Concurrent Mark Free 0.001ms
[2.836s][info][gc,phases] GC(87) y: Concurrent Reset Relocation Set 0.008ms
[2.837s][info][gc,phases] GC(87) y: Concurrent Select Relocation Set 0.410ms
[2.837s][info][gc,phases] GC(87) y: Pause Relocate Start 0.008ms
[2.841s][info][gc,phases] GC(87) y: Concurrent Relocate 4.284ms
[2.841s][info][gc,phases] GC(87) y: Young Generation 1366M(67%)->1158M(57%) 0.016s
[2.842s][info][gc       ] GC(87) Minor Collection (Allocation Rate) 1362M(67%)->1166M(57%) 0.016s
[2.853s][info][gc       ] GC(88) Minor Collection (Allocation Rate)
[2.853s][info][gc,phases] GC(88) y: Young Generation
[2.854s][info][gc,phases] GC(88) y: Pause Mark Start 0.009ms
[2.864s][info][gc,phases] GC(88) y: Concurrent Mark 10.057ms
[2.864s][info][gc,phases] GC(88) y: Pause Mark End 0.018ms
[2.864s][info][gc,phases] GC(88) y: Concurrent Mark Free 0.001ms
[2.864s][info][gc,phases] GC(88) y: Concurrent Reset Relocation Set 0.007ms
[2.865s][info][gc,phases] GC(88) y: Concurrent Select Relocation Set 0.478ms
[2.865s][info][gc,phases] GC(88) y: Pause Relocate Start 0.010ms
[2.870s][info][gc,phases] GC(88) y: Concurrent Relocate 4.657ms
[2.870s][info][gc,phases] GC(88) y: Young Generation 1392M(68%)->1186M(58%) 0.017s
[2.870s][info][gc       ] GC(88) Minor Collection (Allocation Rate) 1388M(68%)->1190M(58%) 0.017s
[2.879s][info][gc       ] GC(89) Minor Collection (Allocation Rate)
[2.879s][info][gc,phases] GC(89) y: Young Generation
[2.879s][info][gc,phases] GC(89) y: Pause Mark Start 0.009ms
[2.890s][info][gc,phases] GC(89) y: Concurrent Mark 11.182ms
[2.891s][info][gc,phases] GC(89) y: Pause Mark End 0.012ms
[2.891s][info][gc,phases] GC(89) y: Concurrent Mark Free 0.002ms
[2.891s][info][gc,phases] GC(89) y: Concurrent Reset Relocation Set 0.011ms
[2.892s][info][gc,phases] GC(89) y: Concurrent Select Relocation Set 0.740ms
[2.892s][info][gc,phases] GC(89) y: Pause Relocate Start 0.013ms
[2.897s][info][gc,phases] GC(89) y: Concurrent Relocate 4.321ms
[2.897s][info][gc,phases] GC(89) y: Young Generation 1354M(66%)->1216M(59%) 0.018s
[2.897s][info][gc       ] GC(89) Minor Collection (Allocation Rate) 1350M(66%)->1220M(60%) 0.018s
[2.900s][info][gc       ] GC(90) Minor Collection (Allocation Rate)
[2.900s][info][gc,phases] GC(90) y: Young Generation
[2.900s][info][gc,phases] GC(90) y: Pause Mark Start 0.009ms
[2.910s][info][gc,phases] GC(90) y: Concurrent Mark 9.904ms
[2.910s][info][gc,phases] GC(90) y: Pause Mark End 0.011ms
[2.911s][info][gc,phases] GC(90) y: Concurrent Mark Free 0.001ms
[2.911s][info][gc,phases] GC(90) y: Concurrent Reset Relocation Set 0.011ms
[2.911s][info][gc,phases] GC(90) y: Concurrent Select Relocation Set 0.520ms
[2.912s][info][gc,phases] GC(90) y: Pause Relocate Start 0.006ms
[2.915s][info][gc,phases] GC(90) y: Concurrent Relocate 3.431ms
[2.915s][info][gc,phases] GC(90) y: Young Generation 1280M(62%)->1180M(58%) 0.015s
[2.915s][info][gc       ] GC(90) Minor Collection (Allocation Rate) 1276M(62%)->1184M(58%) 0.016s
[2.921s][info][gc       ] GC(91) Minor Collection (Allocation Rate)
[2.921s][info][gc,phases] GC(91) y: Young Generation
[2.921s][info][gc,phases] GC(91) y: Pause Mark Start 0.009ms
[2.931s][info][gc,phases] GC(91) y: Concurrent Mark 9.854ms
[2.931s][info][gc,phases] GC(91) y: Pause Mark End 0.014ms
[2.931s][info][gc,phases] GC(91) y: Concurrent Mark Free 0.001ms
[2.932s][info][gc,phases] GC(91) y: Concurrent Reset Relocation Set 0.007ms
[2.932s][info][gc,phases] GC(91) y: Concurrent Select Relocation Set 0.438ms
[2.932s][info][gc,phases] GC(91) y: Pause Relocate Start 0.005ms
[2.936s][info][gc,phases] GC(91) y: Concurrent Relocate 3.428ms
[2.936s][info][gc,phases] GC(91) y: Young Generation 1288M(63%)->1182M(58%) 0.015s
[2.936s][info][gc       ] GC(91) Minor Collection (Allocation Rate) 1282M(63%)->1186M(58%) 0.015s
[2.945s][info][gc       ] GC(92) Minor Collection (Allocation Rate)
[2.945s][info][gc,phases] GC(92) y: Young Generation
[2.945s][info][gc,phases] GC(92) y: Pause Mark Start 0.010ms
[2.956s][info][gc,phases] GC(92) y: Concurrent Mark 10.129ms
[2.956s][info][gc,phases] GC(92) y: Pause Mark End 0.010ms
[2.956s][info][gc,phases] GC(92) y: Concurrent Mark Free 0.001ms
[2.956s][info][gc,phases] GC(92) y: Concurrent Reset Relocation Set 0.008ms
[2.957s][info][gc,phases] GC(92) y: Concurrent Select Relocation Set 0.531ms
[2.957s][info][gc,phases] GC(92) y: Pause Relocate Start 0.004ms
[2.961s][info][gc,phases] GC(92) y: Concurrent Relocate 3.921ms
[2.961s][info][gc,phases] GC(92) y: Young Generation 1356M(66%)->1204M(59%) 0.016s
[2.961s][info][gc       ] GC(92) Minor Collection (Allocation Rate) 1352M(66%)->1208M(59%) 0.016s
[2.970s][info][gc       ] GC(93) Minor Collection (Allocation Rate)
[2.970s][info][gc,phases] GC(93) y: Young Generation
[2.970s][info][gc,phases] GC(93) y: Pause Mark Start 0.009ms
[2.981s][info][gc,phases] GC(93) y: Concurrent Mark 10.268ms
[2.981s][info][gc,phases] GC(93) y: Pause Mark End 0.012ms
[2.981s][info][gc,phases] GC(93) y: Concurrent Mark Free 0.001ms
[2.981s][info][gc,phases] GC(93) y: Concurrent Reset Relocation Set 0.009ms
[2.982s][info][gc,phases] GC(93) y: Concurrent Select Relocation Set 0.391ms
[2.982s][info][gc,phases] GC(93) y: Pause Relocate Start 0.007ms
[2.986s][info][gc,phases] GC(93) y: Concurrent Relocate 3.833ms
[2.986s][info][gc,phases] GC(93) y: Young Generation 1380M(67%)->1212M(59%) 0.016s
[2.986s][info][gc       ] GC(93) Minor Collection (Allocation Rate) 1376M(67%)->1216M(59%) 0.016s
[2.995s][info][gc       ] GC(94) Minor Collection (Allocation Rate)
[2.995s][info][gc,phases] GC(94) y: Young Generation
[2.995s][info][gc,phases] GC(94) y: Pause Mark Start 0.011ms
[3.006s][info][gc,phases] GC(94) y: Concurrent Mark 10.357ms
[3.006s][info][gc,phases] GC(94) y: Pause Mark End 0.011ms
[3.006s][info][gc,phases] GC(94) y: Concurrent Mark Free 0.001ms
[3.006s][info][gc,phases] GC(94) y: Concurrent Reset Relocation Set 0.007ms
[3.007s][info][gc,phases] GC(94) y: Concurrent Select Relocation Set 0.622ms
[3.007s][info][gc,phases] GC(94) y: Pause Relocate Start 0.017ms
[3.011s][info][gc,phases] GC(94) y: Concurrent Relocate 4.100ms
[3.012s][info][gc,phases] GC(94) y: Young Generation 1386M(68%)->1224M(60%) 0.017s
[3.012s][info][gc       ] GC(94) Minor Collection (Allocation Rate) 1382M(67%)->1230M(60%) 0.017s
[3.019s][info][gc       ] GC(95) Minor Collection (Allocation Rate)
[3.019s][info][gc,phases] GC(95) y: Young Generation
[3.019s][info][gc,phases] GC(95) y: Pause Mark Start 0.009ms
[3.029s][info][gc,phases] GC(95) y: Concurrent Mark 10.156ms
[3.030s][info][gc,phases] GC(95) y: Pause Mark End 0.012ms
[3.030s][info][gc,phases] GC(95) y: Concurrent Mark Free 0.001ms
[3.030s][info][gc,phases] GC(95) y: Concurrent Reset Relocation Set 0.010ms
[3.030s][info][gc,phases] GC(95) y: Concurrent Select Relocation Set 0.496ms
[3.030s][info][gc,phases] GC(95) y: Pause Relocate Start 0.005ms
[3.035s][info][gc,phases] GC(95) y: Concurrent Relocate 3.933ms
[3.035s][info][gc,phases] GC(95) y: Young Generation 1366M(67%)->1226M(60%) 0.016s
[3.035s][info][gc       ] GC(95) Minor Collection (Allocation Rate) 1362M(67%)->1230M(60%) 0.016s
[3.043s][info][gc       ] GC(96) Minor Collection (Allocation Rate)
[3.043s][info][gc,phases] GC(96) y: Young Generation
[3.043s][info][gc,phases] GC(96) y: Pause Mark Start 0.010ms
[3.054s][info][gc,phases] GC(96) y: Concurrent Mark 10.399ms
[3.054s][info][gc,phases] GC(96) y: Pause Mark End 0.022ms
[3.054s][info][gc,phases] GC(96) y: Concurrent Mark Free 0.001ms
[3.055s][info][gc,phases] GC(96) y: Concurrent Reset Relocation Set 0.009ms
[3.055s][info][gc,phases] GC(96) y: Concurrent Select Relocation Set 0.536ms
[3.055s][info][gc,phases] GC(96) y: Pause Relocate Start 0.011ms
[3.060s][info][gc,phases] GC(96) y: Concurrent Relocate 4.021ms
[3.060s][info][gc,phases] GC(96) y: Young Generation 1390M(68%)->1238M(60%) 0.017s
[3.060s][info][gc       ] GC(96) Minor Collection (Allocation Rate) 1386M(68%)->1242M(61%) 0.017s
[3.066s][info][gc       ] GC(97) Minor Collection (Allocation Rate)
[3.066s][info][gc,phases] GC(97) y: Young Generation
[3.067s][info][gc,phases] GC(97) y: Pause Mark Start 0.008ms
[3.077s][info][gc,phases] GC(97) y: Concurrent Mark 9.914ms
[3.077s][info][gc,phases] GC(97) y: Pause Mark End 0.011ms
[3.077s][info][gc,phases] GC(97) y: Concurrent Mark Free 0.001ms
[3.077s][info][gc,phases] GC(97) y: Concurrent Reset Relocation Set 0.009ms
[3.078s][info][gc,phases] GC(97) y: Concurrent Select Relocation Set 0.492ms
[3.078s][info][gc,phases] GC(97) y: Pause Relocate Start 0.016ms
[3.082s][info][gc,phases] GC(97) y: Concurrent Relocate 3.710ms
[3.082s][info][gc,phases] GC(97) y: Young Generation 1364M(67%)->1236M(60%) 0.016s
[3.082s][info][gc       ] GC(97) Minor Collection (Allocation Rate) 1360M(66%)->1242M(61%) 0.016s
[3.089s][info][gc       ] GC(98) Major Collection (Allocation Rate)
[3.089s][info][gc,phases] GC(98) Y: Young Generation
[3.089s][info][gc,phases] GC(98) Y: Pause Mark Start (Major) 0.010ms
[3.096s][info][gc,phases] GC(98) Y: Concurrent Mark 6.496ms
[3.096s][info][gc,phases] GC(98) Y: Pause Mark End 0.014ms
[3.096s][info][gc,phases] GC(98) Y: Concurrent Mark Free 0.002ms
[3.096s][info][gc,phases] GC(98) Y: Concurrent Reset Relocation Set 0.009ms
[3.097s][info][gc,phases] GC(98) Y: Concurrent Select Relocation Set 0.417ms
[3.097s][info][gc,phases] GC(98) Y: Pause Relocate Start 0.006ms
[3.101s][info][gc,phases] GC(98) Y: Concurrent Relocate 3.821ms
[3.101s][info][gc,phases] GC(98) Y: Young Generation 1374M(67%)->1188M(58%) 0.012s
[3.101s][info][gc,phases] GC(98) O: Old Generation
[3.108s][info][gc       ] GC(99) Minor Collection (Allocation Rate)
[3.108s][info][gc,phases] GC(99) y: Young Generation
[3.108s][info][gc,phases] GC(99) y: Pause Mark Start 0.008ms
[3.115s][info][gc,phases] GC(99) y: Concurrent Mark 6.708ms
[3.115s][info][gc,phases] GC(99) y: Pause Mark End 0.015ms
[3.115s][info][gc,phases] GC(99) y: Concurrent Mark Free 0.001ms
[3.115s][info][gc,phases] GC(99) y: Concurrent Reset Relocation Set 0.007ms
[3.116s][info][gc,phases] GC(99) y: Concurrent Select Relocation Set 0.455ms
[3.116s][info][gc,phases] GC(99) y: Pause Relocate Start 0.009ms
[3.119s][info][gc,phases] GC(99) y: Concurrent Relocate 3.212ms
[3.119s][info][gc,phases] GC(99) y: Young Generation 1316M(64%)->1188M(58%) 0.012s
[3.120s][info][gc       ] GC(99) Minor Collection (Allocation Rate) 1312M(64%)->1192M(58%) 0.012s
[3.131s][info][gc       ] GC(100) Minor Collection (Allocation Rate)
[3.132s][info][gc,phases] GC(100) y: Young Generation
[3.132s][info][gc,phases] GC(100) y: Pause Mark Start 0.011ms
[3.139s][info][gc,phases] GC(100) y: Concurrent Mark 6.546ms
[3.139s][info][gc,phases] GC(100) y: Pause Mark End 0.013ms
[3.139s][info][gc,phases] GC(100) y: Concurrent Mark Free 0.000ms
[3.139s][info][gc,phases] GC(100) y: Concurrent Reset Relocation Set 0.009ms
[3.139s][info][gc,phases] GC(100) y: Concurrent Select Relocation Set 0.211ms
[3.140s][info][gc,phases] GC(100) y: Pause Relocate Start 0.004ms
[3.143s][info][gc,phases] GC(100) y: Concurrent Relocate 3.700ms
[3.144s][info][gc,phases] GC(100) y: Young Generation 1420M(69%)->1198M(58%) 0.012s
[3.144s][info][gc       ] GC(100) Minor Collection (Allocation Rate) 1416M(69%)->1200M(59%) 0.012s
[3.158s][info][gc       ] GC(101) Minor Collection (Allocation Rate)
[3.158s][info][gc,phases] GC(101) y: Young Generation
[3.158s][info][gc,phases] GC(101) y: Pause Mark Start 0.008ms
[3.165s][info][gc,phases] GC(101) y: Concurrent Mark 7.159ms
[3.166s][info][gc,phases] GC(101) y: Pause Mark End 0.015ms
[3.166s][info][gc,phases] GC(101) y: Concurrent Mark Free 0.000ms
[3.166s][info][gc,phases] GC(101) y: Concurrent Reset Relocation Set 0.007ms
[3.166s][info][gc,phases] GC(101) y: Concurrent Select Relocation Set 0.313ms
[3.166s][info][gc,phases] GC(101) y: Pause Relocate Start 0.004ms
[3.171s][info][gc,phases] GC(101) y: Concurrent Relocate 4.298ms
[3.171s][info][gc,phases] GC(101) y: Young Generation 1474M(72%)->1226M(60%) 0.013s
[3.171s][info][gc       ] GC(101) Minor Collection (Allocation Rate) 1470M(72%)->1230M(60%) 0.013s
[3.177s][info][gc,phases] GC(98) O: Concurrent Mark 75.935ms
[3.178s][info][gc,phases] GC(98) O: Pause Mark End 0.013ms
[3.178s][info][gc,phases] GC(98) O: Concurrent Mark Free 0.001ms
[3.183s][info][gc,phases] GC(98) O: Concurrent Process Non-Strong 4.707ms
[3.183s][info][gc,phases] GC(98) O: Concurrent Reset Relocation Set 0.002ms
[3.183s][info][gc       ] GC(102) Minor Collection (Allocation Rate)
[3.183s][info][gc,phases] GC(102) y: Young Generation
[3.183s][info][gc,phases] GC(98) O: Concurrent Select Relocation Set 0.158ms
[3.183s][info][gc,phases] GC(102) y: Pause Mark Start 0.010ms
[3.194s][info][gc,phases] GC(102) y: Concurrent Mark 10.638ms
[3.194s][info][gc,phases] GC(102) y: Pause Mark End 0.012ms
[3.194s][info][gc,phases] GC(102) y: Concurrent Mark Free 0.001ms
[3.195s][info][gc,phases] GC(102) y: Concurrent Reset Relocation Set 0.012ms
[3.195s][info][gc,phases] GC(102) y: Concurrent Select Relocation Set 0.679ms
[3.196s][info][gc,phases] GC(102) y: Pause Relocate Start 0.007ms
[3.200s][info][gc,phases] GC(102) y: Concurrent Relocate 4.173ms
[3.200s][info][gc,phases] GC(102) y: Young Generation 1286M(63%)->1146M(56%) 0.017s
[3.200s][info][gc       ] GC(102) Minor Collection (Allocation Rate) 1432M(70%)->1150M(56%) 0.017s
[3.206s][info][gc,phases] GC(98) O: Concurrent Remap Roots 5.519ms
[3.206s][info][gc,phases] GC(98) O: Pause Relocate Start 0.010ms
[3.206s][info][gc       ] GC(103) Minor Collection (Allocation Rate)
[3.206s][info][gc,phases] GC(103) y: Young Generation
[3.206s][info][gc,phases] GC(103) y: Pause Mark Start 0.008ms
[3.208s][info][gc,phases] GC(98) O: Concurrent Relocate 1.482ms
[3.217s][info][gc,phases] GC(103) y: Concurrent Mark 10.181ms
[3.217s][info][gc,phases] GC(103) y: Pause Mark End 0.012ms
[3.217s][info][gc,phases] GC(103) y: Concurrent Mark Free 0.002ms
[3.217s][info][gc,phases] GC(103) y: Concurrent Reset Relocation Set 0.010ms
[3.218s][info][gc,phases] GC(103) y: Concurrent Select Relocation Set 0.481ms
[3.218s][info][gc,phases] GC(103) y: Pause Relocate Start 0.006ms
[3.222s][info][gc,phases] GC(103) y: Concurrent Relocate 3.549ms
[3.222s][info][gc,phases] GC(103) y: Young Generation 1244M(61%)->1104M(54%) 0.016s
[3.222s][info][gc       ] GC(103) Minor Collection (Allocation Rate) 1250M(61%)->1108M(54%) 0.016s
[3.222s][info][gc,phases] GC(98) O: Old Generation 1196M(58%)->1248M(61%) 0.121s
[3.222s][info][gc       ] GC(98) Major Collection (Allocation Rate) 1370M(67%)->1110M(54%) 0.133s
[3.231s][info][gc       ] GC(104) Minor Collection (Allocation Rate)
[3.231s][info][gc,phases] GC(104) y: Young Generation
[3.232s][info][gc,phases] GC(104) y: Pause Mark Start 0.010ms
[3.242s][info][gc,phases] GC(104) y: Concurrent Mark 10.121ms
[3.242s][info][gc,phases] GC(104) y: Pause Mark End 0.012ms
[3.242s][info][gc,phases] GC(104) y: Concurrent Mark Free 0.001ms
[3.243s][info][gc,phases] GC(104) y: Concurrent Reset Relocation Set 0.009ms
[3.243s][info][gc,phases] GC(104) y: Concurrent Select Relocation Set 0.535ms
[3.243s][info][gc,phases] GC(104) y: Pause Relocate Start 0.006ms
[3.248s][info][gc,phases] GC(104) y: Concurrent Relocate 4.080ms
[3.248s][info][gc,phases] GC(104) y: Young Generation 1284M(63%)->1124M(55%) 0.016s
[3.248s][info][gc       ] GC(104) Minor Collection (Allocation Rate) 1280M(62%)->1128M(55%) 0.017s
[3.258s][info][gc       ] GC(105) Minor Collection (Allocation Rate)
[3.258s][info][gc,phases] GC(105) y: Young Generation
[3.258s][info][gc,phases] GC(105) y: Pause Mark Start 0.008ms
[3.269s][info][gc,phases] GC(105) y: Concurrent Mark 10.457ms
[3.269s][info][gc,phases] GC(105) y: Pause Mark End 0.011ms
[3.269s][info][gc,phases] GC(105) y: Concurrent Mark Free 0.001ms
[3.269s][info][gc,phases] GC(105) y: Concurrent Reset Relocation Set 0.008ms
[3.270s][info][gc,phases] GC(105) y: Concurrent Select Relocation Set 0.369ms
[3.270s][info][gc,phases] GC(105) y: Pause Relocate Start 0.006ms
[3.274s][info][gc,phases] GC(105) y: Concurrent Relocate 4.065ms
[3.274s][info][gc,phases] GC(105) y: Young Generation 1318M(64%)->1138M(56%) 0.016s
[3.275s][info][gc       ] GC(105) Minor Collection (Allocation Rate) 1314M(64%)->1142M(56%) 0.017s
[3.288s][info][gc       ] GC(106) Minor Collection (Allocation Rate)
[3.288s][info][gc,phases] GC(106) y: Young Generation
[3.288s][info][gc,phases] GC(106) y: Pause Mark Start 0.011ms
[3.300s][info][gc,phases] GC(106) y: Concurrent Mark 11.784ms
[3.300s][info][gc,phases] GC(106) y: Pause Mark End 0.015ms
[3.300s][info][gc,phases] GC(106) y: Concurrent Mark Free 0.002ms
[3.300s][info][gc,phases] GC(106) y: Concurrent Reset Relocation Set 0.008ms
[3.301s][info][gc,phases] GC(106) y: Concurrent Select Relocation Set 0.522ms
[3.301s][info][gc,phases] GC(106) y: Pause Relocate Start 0.006ms
[3.306s][info][gc,phases] GC(106) y: Concurrent Relocate 4.938ms
[3.306s][info][gc,phases] GC(106) y: Young Generation 1374M(67%)->1176M(57%) 0.019s
[3.306s][info][gc       ] GC(106) Minor Collection (Allocation Rate) 1368M(67%)->1180M(58%) 0.019s
[3.308s][info][gc       ] GC(107) Minor Collection (Allocation Rate)
[3.308s][info][gc,phases] GC(107) y: Young Generation
[3.308s][info][gc,phases] GC(107) y: Pause Mark Start 0.010ms
[3.319s][info][gc,phases] GC(107) y: Concurrent Mark 10.416ms
[3.319s][info][gc,phases] GC(107) y: Pause Mark End 0.011ms
[3.319s][info][gc,phases] GC(107) y: Concurrent Mark Free 0.002ms
[3.319s][info][gc,phases] GC(107) y: Concurrent Reset Relocation Set 0.013ms
[3.320s][info][gc,phases] GC(107) y: Concurrent Select Relocation Set 0.515ms
[3.320s][info][gc,phases] GC(107) y: Pause Relocate Start 0.008ms
[3.323s][info][gc,phases] GC(107) y: Concurrent Relocate 3.100ms
[3.323s][info][gc,phases] GC(107) y: Young Generation 1208M(59%)->1136M(55%) 0.015s
[3.323s][info][gc       ] GC(107) Minor Collection (Allocation Rate) 1204M(59%)->1142M(56%) 0.016s
[3.330s][info][gc       ] GC(108) Minor Collection (Allocation Rate)
[3.330s][info][gc,phases] GC(108) y: Young Generation
[3.330s][info][gc,phases] GC(108) y: Pause Mark Start 0.009ms
[3.341s][info][gc,phases] GC(108) y: Concurrent Mark 10.297ms
[3.341s][info][gc,phases] GC(108) y: Pause Mark End 0.012ms
[3.341s][info][gc,phases] GC(108) y: Concurrent Mark Free 0.001ms
[3.341s][info][gc,phases] GC(108) y: Concurrent Reset Relocation Set 0.009ms
[3.342s][info][gc,phases] GC(108) y: Concurrent Select Relocation Set 0.500ms
[3.342s][info][gc,phases] GC(108) y: Pause Relocate Start 0.007ms
[3.345s][info][gc,phases] GC(108) y: Concurrent Relocate 3.430ms
[3.346s][info][gc,phases] GC(108) y: Young Generation 1260M(62%)->1146M(56%) 0.016s
[3.346s][info][gc       ] GC(108) Minor Collection (Allocation Rate) 1256M(61%)->1150M(56%) 0.016s
[3.355s][info][gc       ] GC(109) Minor Collection (Allocation Rate)
[3.356s][info][gc,phases] GC(109) y: Young Generation
[3.356s][info][gc,phases] GC(109) y: Pause Mark Start 0.010ms
[3.366s][info][gc,phases] GC(109) y: Concurrent Mark 10.316ms
[3.367s][info][gc,phases] GC(109) y: Pause Mark End 0.011ms
[3.367s][info][gc,phases] GC(109) y: Concurrent Mark Free 0.000ms
[3.367s][info][gc,phases] GC(109) y: Concurrent Reset Relocation Set 0.008ms
[3.367s][info][gc,phases] GC(109) y: Concurrent Select Relocation Set 0.331ms
[3.368s][info][gc,phases] GC(109) y: Pause Relocate Start 0.006ms
[3.372s][info][gc,phases] GC(109) y: Concurrent Relocate 4.000ms
[3.372s][info][gc,phases] GC(109) y: Young Generation 1338M(65%)->1164M(57%) 0.016s
[3.372s][info][gc       ] GC(109) Minor Collection (Allocation Rate) 1330M(65%)->1168M(57%) 0.016s
[3.384s][info][gc       ] GC(110) Minor Collection (Allocation Rate)
[3.384s][info][gc,phases] GC(110) y: Young Generation
[3.384s][info][gc,phases] GC(110) y: Pause Mark Start 0.010ms
[3.395s][info][gc,phases] GC(110) y: Concurrent Mark 10.615ms
[3.395s][info][gc,phases] GC(110) y: Pause Mark End 0.012ms
[3.395s][info][gc,phases] GC(110) y: Concurrent Mark Free 0.001ms
[3.395s][info][gc,phases] GC(110) y: Concurrent Reset Relocation Set 0.007ms
[3.396s][info][gc,phases] GC(110) y: Concurrent Select Relocation Set 0.446ms
[3.396s][info][gc,phases] GC(110) y: Pause Relocate Start 0.006ms
[3.401s][info][gc,phases] GC(110) y: Concurrent Relocate 4.533ms
[3.401s][info][gc,phases] GC(110) y: Young Generation 1386M(68%)->1190M(58%) 0.017s
[3.401s][info][gc       ] GC(110) Minor Collection (Allocation Rate) 1382M(67%)->1196M(58%) 0.017s
[3.407s][info][gc       ] GC(111) Minor Collection (Allocation Rate)
[3.408s][info][gc,phases] GC(111) y: Young Generation
[3.408s][info][gc,phases] GC(111) y: Pause Mark Start 0.009ms
[3.419s][info][gc,phases] GC(111) y: Concurrent Mark 10.424ms
[3.419s][info][gc,phases] GC(111) y: Pause Mark End 0.011ms
[3.419s][info][gc,phases] GC(111) y: Concurrent Mark Free 0.002ms
[3.419s][info][gc,phases] GC(111) y: Concurrent Reset Relocation Set 0.012ms
[3.420s][info][gc,phases] GC(111) y: Concurrent Select Relocation Set 0.673ms
[3.420s][info][gc,phases] GC(111) y: Pause Relocate Start 0.007ms
[3.424s][info][gc,phases] GC(111) y: Concurrent Relocate 4.035ms
[3.424s][info][gc,phases] GC(111) y: Young Generation 1320M(64%)->1188M(58%) 0.017s
[3.424s][info][gc       ] GC(111) Minor Collection (Allocation Rate) 1316M(64%)->1192M(58%) 0.017s
[3.433s][info][gc       ] GC(112) Minor Collection (Allocation Rate)
[3.433s][info][gc,phases] GC(112) y: Young Generation
[3.433s][info][gc,phases] GC(112) y: Pause Mark Start 0.009ms
[3.444s][info][gc,phases] GC(112) y: Concurrent Mark 10.668ms
[3.444s][info][gc,phases] GC(112) y: Pause Mark End 0.012ms
[3.445s][info][gc,phases] GC(112) y: Concurrent Mark Free 0.002ms
[3.445s][info][gc,phases] GC(112) y: Concurrent Reset Relocation Set 0.010ms
[3.445s][info][gc,phases] GC(112) y: Concurrent Select Relocation Set 0.545ms
[3.446s][info][gc,phases] GC(112) y: Pause Relocate Start 0.007ms
[3.450s][info][gc,phases] GC(112) y: Concurrent Relocate 4.133ms
[3.450s][info][gc,phases] GC(112) y: Young Generation 1354M(66%)->1198M(58%) 0.017s
[3.450s][info][gc       ] GC(112) Minor Collection (Allocation Rate) 1350M(66%)->1204M(59%) 0.017s
[3.458s][info][gc       ] GC(113) Minor Collection (Allocation Rate)
[3.458s][info][gc,phases] GC(113) y: Young Generation
[3.459s][info][gc,phases] GC(113) y: Pause Mark Start 0.008ms
[3.469s][info][gc,phases] GC(113) y: Concurrent Mark 9.901ms
[3.469s][info][gc,phases] GC(113) y: Pause Mark End 0.011ms
[3.469s][info][gc,phases] GC(113) y: Concurrent Mark Free 0.002ms
[3.469s][info][gc,phases] GC(113) y: Concurrent Reset Relocation Set 0.010ms
[3.470s][info][gc,phases] GC(113) y: Concurrent Select Relocation Set 0.355ms
[3.470s][info][gc,phases] GC(113) y: Pause Relocate Start 0.005ms
[3.474s][info][gc,phases] GC(113) y: Concurrent Relocate 3.946ms
[3.474s][info][gc,phases] GC(113) y: Young Generation 1362M(67%)->1194M(58%) 0.016s
[3.474s][info][gc       ] GC(113) Minor Collection (Allocation Rate) 1360M(66%)->1200M(59%) 0.016s
[3.482s][info][gc       ] GC(114) Minor Collection (Allocation Rate)
[3.482s][info][gc,phases] GC(114) y: Young Generation
[3.483s][info][gc,phases] GC(114) y: Pause Mark Start 0.008ms
[3.493s][info][gc,phases] GC(114) y: Concurrent Mark 10.421ms
[3.494s][info][gc,phases] GC(114) y: Pause Mark End 0.011ms
[3.494s][info][gc,phases] GC(114) y: Concurrent Mark Free 0.001ms
[3.494s][info][gc,phases] GC(114) y: Concurrent Reset Relocation Set 0.008ms
[3.494s][info][gc,phases] GC(114) y: Concurrent Select Relocation Set 0.678ms
[3.495s][info][gc,phases] GC(114) y: Pause Relocate Start 0.007ms
[3.499s][info][gc,phases] GC(114) y: Concurrent Relocate 4.177ms
[3.499s][info][gc,phases] GC(114) y: Young Generation 1358M(66%)->1218M(59%) 0.017s
[3.499s][info][gc       ] GC(114) Minor Collection (Allocation Rate) 1354M(66%)->1224M(60%) 0.017s
[3.505s][info][gc       ] GC(115) Minor Collection (Allocation Rate)
[3.506s][info][gc,phases] GC(115) y: Young Generation
[3.506s][info][gc,phases] GC(115) y: Pause Mark Start 0.012ms
[3.516s][info][gc,phases] GC(115) y: Concurrent Mark 9.783ms
[3.516s][info][gc,phases] GC(115) y: Pause Mark End 0.012ms
[3.516s][info][gc,phases] GC(115) y: Concurrent Mark Free 0.001ms
[3.516s][info][gc,phases] GC(115) y: Concurrent Reset Relocation Set 0.010ms
[3.517s][info][gc,phases] GC(115) y: Concurrent Select Relocation Set 0.463ms
[3.517s][info][gc,phases] GC(115) y: Pause Relocate Start 0.005ms
[3.521s][info][gc,phases] GC(115) y: Concurrent Relocate 3.823ms
[3.521s][info][gc,phases] GC(115) y: Young Generation 1346M(66%)->1204M(59%) 0.016s
[3.521s][info][gc       ] GC(115) Minor Collection (Allocation Rate) 1342M(66%)->1208M(59%) 0.016s
[3.529s][info][gc       ] GC(116) Minor Collection (Allocation Rate)
[3.529s][info][gc,phases] GC(116) y: Young Generation
[3.529s][info][gc,phases] GC(116) y: Pause Mark Start 0.009ms
[3.539s][info][gc,phases] GC(116) y: Concurrent Mark 9.938ms
[3.540s][info][gc,phases] GC(116) y: Pause Mark End 0.011ms
[3.540s][info][gc,phases] GC(116) y: Concurrent Mark Free 0.002ms
[3.540s][info][gc,phases] GC(116) y: Concurrent Reset Relocation Set 0.009ms
[3.540s][info][gc,phases] GC(116) y: Concurrent Select Relocation Set 0.483ms
[3.541s][info][gc,phases] GC(116) y: Pause Relocate Start 0.006ms
[3.545s][info][gc,phases] GC(116) y: Concurrent Relocate 3.865ms
[3.545s][info][gc,phases] GC(116) y: Young Generation 1354M(66%)->1216M(59%) 0.016s
[3.545s][info][gc       ] GC(116) Minor Collection (Allocation Rate) 1350M(66%)->1222M(60%) 0.016s
[3.553s][info][gc       ] GC(117) Minor Collection (Allocation Rate)
[3.553s][info][gc,phases] GC(117) y: Young Generation
[3.554s][info][gc,phases] GC(117) y: Pause Mark Start 0.009ms
[3.566s][info][gc,phases] GC(117) y: Concurrent Mark 12.107ms
[3.566s][info][gc,phases] GC(117) y: Pause Mark End 0.011ms
[3.566s][info][gc,phases] GC(117) y: Concurrent Mark Free 0.002ms
[3.566s][info][gc,phases] GC(117) y: Concurrent Reset Relocation Set 0.012ms
[3.567s][info][gc,phases] GC(117) y: Concurrent Select Relocation Set 0.345ms
[3.567s][info][gc,phases] GC(117) y: Pause Relocate Start 0.010ms
[3.571s][info][gc,phases] GC(117) y: Concurrent Relocate 3.974ms
[3.571s][info][gc,phases] GC(117) y: Young Generation 1376M(67%)->1244M(61%) 0.018s
[3.571s][info][gc       ] GC(117) Minor Collection (Allocation Rate) 1372M(67%)->1248M(61%) 0.018s
[3.571s][info][gc       ] GC(118) Major Collection (Allocation Rate)
[3.572s][info][gc,phases] GC(118) Y: Young Generation
[3.572s][info][gc,phases] GC(118) Y: Pause Mark Start (Major) 0.013ms
[3.578s][info][gc,phases] GC(118) Y: Concurrent Mark 5.870ms
[3.578s][info][gc,phases] GC(118) Y: Pause Mark End 0.014ms
[3.578s][info][gc,phases] GC(118) Y: Concurrent Mark Free 0.003ms
[3.578s][info][gc,phases] GC(118) Y: Concurrent Reset Relocation Set 0.009ms
[3.579s][info][gc,phases] GC(118) Y: Concurrent Select Relocation Set 0.366ms
[3.579s][info][gc,phases] GC(118) Y: Pause Relocate Start 0.006ms
[3.582s][info][gc,phases] GC(118) Y: Concurrent Relocate 2.587ms
[3.582s][info][gc,phases] GC(118) Y: Young Generation 1256M(61%)->1134M(55%) 0.010s
[3.582s][info][gc,phases] GC(118) O: Old Generation
[3.583s][info][gc       ] GC(119) Minor Collection (Allocation Rate)
[3.583s][info][gc,phases] GC(119) y: Young Generation
[3.583s][info][gc,phases] GC(119) y: Pause Mark Start 0.008ms
[3.589s][info][gc,phases] GC(119) y: Concurrent Mark 5.936ms
[3.589s][info][gc,phases] GC(119) y: Pause Mark End 0.011ms
[3.589s][info][gc,phases] GC(119) y: Concurrent Mark Free 0.001ms
[3.589s][info][gc,phases] GC(119) y: Concurrent Reset Relocation Set 0.006ms
[3.590s][info][gc,phases] GC(119) y: Concurrent Select Relocation Set 0.481ms
[3.590s][info][gc,phases] GC(119) y: Pause Relocate Start 0.006ms
[3.592s][info][gc,phases] GC(119) y: Concurrent Relocate 2.065ms
[3.593s][info][gc,phases] GC(119) y: Young Generation 1158M(57%)->1130M(55%) 0.010s
[3.593s][info][gc       ] GC(119) Minor Collection (Allocation Rate) 1154M(56%)->1132M(55%) 0.010s
[3.604s][info][gc       ] GC(120) Minor Collection (Allocation Rate)
[3.605s][info][gc,phases] GC(120) y: Young Generation
[3.605s][info][gc,phases] GC(120) y: Pause Mark Start 0.009ms
[3.612s][info][gc,phases] GC(120) y: Concurrent Mark 6.417ms
[3.612s][info][gc,phases] GC(120) y: Pause Mark End 0.015ms
[3.613s][info][gc,phases] GC(120) y: Concurrent Mark Free 0.001ms
[3.613s][info][gc,phases] GC(120) y: Concurrent Reset Relocation Set 0.008ms
[3.613s][info][gc,phases] GC(120) y: Concurrent Select Relocation Set 0.310ms
[3.613s][info][gc,phases] GC(120) y: Pause Relocate Start 0.006ms
[3.617s][info][gc,phases] GC(120) y: Concurrent Relocate 3.486ms
[3.617s][info][gc,phases] GC(120) y: Young Generation 1352M(66%)->1168M(57%) 0.012s
[3.617s][info][gc       ] GC(120) Minor Collection (Allocation Rate) 1344M(66%)->1174M(57%) 0.013s
[3.628s][info][gc       ] GC(121) Minor Collection (Allocation Rate)
[3.628s][info][gc,phases] GC(121) y: Young Generation
[3.628s][info][gc,phases] GC(121) y: Pause Mark Start 0.008ms
[3.635s][info][gc,phases] GC(121) y: Concurrent Mark 6.319ms
[3.635s][info][gc,phases] GC(121) y: Pause Mark End 0.012ms
[3.635s][info][gc,phases] GC(121) y: Concurrent Mark Free 0.001ms
[3.635s][info][gc,phases] GC(121) y: Concurrent Reset Relocation Set 0.009ms
[3.635s][info][gc,phases] GC(121) y: Concurrent Select Relocation Set 0.213ms
[3.636s][info][gc,phases] GC(121) y: Pause Relocate Start 0.009ms
[3.639s][info][gc,phases] GC(121) y: Concurrent Relocate 3.478ms
[3.639s][info][gc,phases] GC(121) y: Young Generation 1372M(67%)->1172M(57%) 0.011s
[3.639s][info][gc       ] GC(121) Minor Collection (Allocation Rate) 1368M(67%)->1176M(57%) 0.012s
[3.655s][info][gc       ] GC(122) Minor Collection (Allocation Rate)
[3.656s][info][gc,phases] GC(122) y: Young Generation
[3.656s][info][gc,phases] GC(122) y: Pause Mark Start 0.009ms
[3.663s][info][gc,phases] GC(122) y: Concurrent Mark 7.176ms
[3.663s][info][gc,phases] GC(118) O: Concurrent Mark 81.336ms
[3.663s][info][gc,phases] GC(122) y: Pause Mark End 0.011ms
[3.664s][info][gc,phases] GC(122) y: Concurrent Mark Free 0.001ms
[3.664s][info][gc,phases] GC(122) y: Concurrent Reset Relocation Set 0.007ms
[3.664s][info][gc,phases] GC(118) O: Pause Mark End 0.010ms
[3.664s][info][gc,phases] GC(118) O: Concurrent Mark Free 0.001ms
[3.664s][info][gc,phases] GC(122) y: Concurrent Select Relocation Set 0.488ms
[3.668s][info][gc,phases] GC(122) y: Pause Relocate Start 0.011ms
[3.669s][info][gc,phases] GC(118) O: Concurrent Process Non-Strong 4.742ms
[3.669s][info][gc,phases] GC(118) O: Concurrent Reset Relocation Set 0.001ms
[3.669s][info][gc,phases] GC(118) O: Concurrent Select Relocation Set 0.143ms
[3.673s][info][gc,phases] GC(122) y: Concurrent Relocate 4.812ms
[3.674s][info][gc,phases] GC(122) y: Young Generation 1476M(72%)->1126M(55%) 0.018s
[3.674s][info][gc       ] GC(122) Minor Collection (Allocation Rate) 1472M(72%)->1130M(55%) 0.018s
[3.680s][info][gc,phases] GC(118) O: Concurrent Remap Roots 6.156ms
[3.680s][info][gc,phases] GC(118) O: Pause Relocate Start 0.010ms
[3.680s][info][gc       ] GC(123) Minor Collection (Allocation Rate)
[3.680s][info][gc,phases] GC(123) y: Young Generation
[3.681s][info][gc,phases] GC(123) y: Pause Mark Start 0.005ms
[3.682s][info][gc,phases] GC(118) O: Concurrent Relocate 1.972ms
[3.692s][info][gc,phases] GC(123) y: Concurrent Mark 10.837ms
[3.692s][info][gc,phases] GC(123) y: Pause Mark End 0.012ms
[3.692s][info][gc,phases] GC(123) y: Concurrent Mark Free 0.001ms
[3.692s][info][gc,phases] GC(123) y: Concurrent Reset Relocation Set 0.011ms
[3.693s][info][gc,phases] GC(123) y: Concurrent Select Relocation Set 0.665ms
[3.693s][info][gc,phases] GC(123) y: Pause Relocate Start 0.009ms
[3.697s][info][gc,phases] GC(123) y: Concurrent Relocate 3.549ms
[3.697s][info][gc,phases] GC(123) y: Young Generation 1236M(60%)->1120M(55%) 0.016s
[3.697s][info][gc       ] GC(123) Minor Collection (Allocation Rate) 1238M(60%)->1124M(55%) 0.017s
[3.697s][info][gc,phases] GC(118) O: Old Generation 1142M(56%)->1248M(61%) 0.115s
[3.697s][info][gc       ] GC(118) Major Collection (Allocation Rate) 1252M(61%)->1128M(55%) 0.126s
[3.698s][info][gc       ] GC(124) Minor Collection (Allocation Rate)
[3.698s][info][gc,phases] GC(124) y: Young Generation
[3.698s][info][gc,phases] GC(124) y: Pause Mark Start 0.011ms
[3.707s][info][gc,phases] GC(124) y: Concurrent Mark 9.238ms
[3.707s][info][gc,phases] GC(124) y: Pause Mark End 0.012ms
[3.708s][info][gc,phases] GC(124) y: Concurrent Mark Free 0.001ms
[3.708s][info][gc,phases] GC(124) y: Concurrent Reset Relocation Set 0.010ms
[3.708s][info][gc,phases] GC(124) y: Concurrent Select Relocation Set 0.534ms
[3.708s][info][gc,phases] GC(124) y: Pause Relocate Start 0.006ms
[3.711s][info][gc,phases] GC(124) y: Concurrent Relocate 2.807ms
[3.712s][info][gc,phases] GC(124) y: Young Generation 1140M(56%)->1084M(53%) 0.014s
[3.712s][info][gc       ] GC(124) Minor Collection (Allocation Rate) 1138M(56%)->1088M(53%) 0.014s
[3.718s][info][gc       ] GC(125) Minor Collection (Allocation Rate)
[3.719s][info][gc,phases] GC(125) y: Young Generation
[3.719s][info][gc,phases] GC(125) y: Pause Mark Start 0.012ms
[3.728s][info][gc,phases] GC(125) y: Concurrent Mark 9.188ms
[3.729s][info][gc,phases] GC(125) y: Pause Mark End 0.010ms
[3.729s][info][gc,phases] GC(125) y: Concurrent Mark Free 0.001ms
[3.729s][info][gc,phases] GC(125) y: Concurrent Reset Relocation Set 0.009ms
[3.729s][info][gc,phases] GC(125) y: Concurrent Select Relocation Set 0.447ms
[3.730s][info][gc,phases] GC(125) y: Pause Relocate Start 0.004ms
[3.733s][info][gc,phases] GC(125) y: Concurrent Relocate 3.572ms
[3.733s][info][gc,phases] GC(125) y: Young Generation 1222M(60%)->1106M(54%) 0.015s
[3.733s][info][gc       ] GC(125) Minor Collection (Allocation Rate) 1218M(59%)->1110M(54%) 0.015s
[3.746s][info][gc       ] GC(126) Minor Collection (Allocation Rate)
[3.746s][info][gc,phases] GC(126) y: Young Generation
[3.746s][info][gc,phases] GC(126) y: Pause Mark Start 0.008ms
[3.757s][info][gc,phases] GC(126) y: Concurrent Mark 10.267ms
[3.757s][info][gc,phases] GC(126) y: Pause Mark End 0.012ms
[3.757s][info][gc,phases] GC(126) y: Concurrent Mark Free 0.001ms
[3.757s][info][gc,phases] GC(126) y: Concurrent Reset Relocation Set 0.007ms
[3.757s][info][gc,phases] GC(126) y: Concurrent Select Relocation Set 0.190ms
[3.758s][info][gc,phases] GC(126) y: Pause Relocate Start 0.007ms
[3.762s][info][gc,phases] GC(126) y: Concurrent Relocate 4.256ms
[3.762s][info][gc,phases] GC(126) y: Young Generation 1350M(66%)->1136M(55%) 0.016s
[3.762s][info][gc       ] GC(126) Minor Collection (Allocation Rate) 1346M(66%)->1140M(56%) 0.016s
[3.770s][info][gc       ] GC(127) Minor Collection (Allocation Rate)
[3.771s][info][gc,phases] GC(127) y: Young Generation
[3.771s][info][gc,phases] GC(127) y: Pause Mark Start 0.011ms
[3.781s][info][gc,phases] GC(127) y: Concurrent Mark 10.078ms
[3.781s][info][gc,phases] GC(127) y: Pause Mark End 0.011ms
[3.782s][info][gc,phases] GC(127) y: Concurrent Mark Free 0.002ms
[3.782s][info][gc,phases] GC(127) y: Concurrent Reset Relocation Set 0.008ms
[3.782s][info][gc,phases] GC(127) y: Concurrent Select Relocation Set 0.467ms
[3.782s][info][gc,phases] GC(127) y: Pause Relocate Start 0.005ms
[3.787s][info][gc,phases] GC(127) y: Concurrent Relocate 4.054ms
[3.787s][info][gc,phases] GC(127) y: Young Generation 1300M(63%)->1144M(56%) 0.016s
[3.787s][info][gc       ] GC(127) Minor Collection (Allocation Rate) 1296M(63%)->1148M(56%) 0.016s
[3.795s][info][gc       ] GC(128) Minor Collection (Allocation Rate)
[3.796s][info][gc,phases] GC(128) y: Young Generation
[3.796s][info][gc,phases] GC(128) y: Pause Mark Start 0.009ms
[3.806s][info][gc,phases] GC(128) y: Concurrent Mark 10.231ms
[3.807s][info][gc,phases] GC(128) y: Pause Mark End 0.015ms
[3.807s][info][gc,phases] GC(128) y: Concurrent Mark Free 0.002ms
[3.807s][info][gc,phases] GC(128) y: Concurrent Reset Relocation Set 0.008ms
[3.808s][info][gc,phases] GC(128) y: Concurrent Select Relocation Set 0.604ms
[3.808s][info][gc,phases] GC(128) y: Pause Relocate Start 0.007ms
[3.812s][info][gc,phases] GC(128) y: Concurrent Relocate 4.238ms
[3.813s][info][gc,phases] GC(128) y: Young Generation 1320M(64%)->1162M(57%) 0.017s
[3.813s][info][gc       ] GC(128) Minor Collection (Allocation Rate) 1316M(64%)->1182M(58%) 0.018s
[3.817s][info][gc       ] GC(129) Minor Collection (Allocation Rate)
[3.817s][info][gc,phases] GC(129) y: Young Generation
[3.817s][info][gc,phases] GC(129) y: Pause Mark Start 0.012ms
[3.826s][info][gc,phases] GC(129) y: Concurrent Mark 9.157ms
[3.826s][info][gc,phases] GC(129) y: Pause Mark End 0.009ms
[3.827s][info][gc,phases] GC(129) y: Concurrent Mark Free 0.002ms
[3.827s][info][gc,phases] GC(129) y: Concurrent Reset Relocation Set 0.009ms
[3.827s][info][gc,phases] GC(129) y: Concurrent Select Relocation Set 0.299ms
[3.827s][info][gc,phases] GC(129) y: Pause Relocate Start 0.004ms
[3.830s][info][gc,phases] GC(129) y: Concurrent Relocate 2.604ms
[3.830s][info][gc,phases] GC(129) y: Young Generation 1244M(61%)->1022M(50%) 0.013s
[3.830s][info][gc       ] GC(129) Minor Collection (Allocation Rate) 1240M(61%)->1022M(50%) 0.014s
[3.854s][info][gc       ] GC(130) Minor Collection (Allocation Rate)
[3.854s][info][gc,phases] GC(130) y: Young Generation
[3.855s][info][gc,phases] GC(130) y: Pause Mark Start 0.008ms
[3.865s][info][gc,phases] GC(130) y: Concurrent Mark 10.047ms
[3.865s][info][gc,phases] GC(130) y: Pause Mark End 0.011ms
[3.865s][info][gc,phases] GC(130) y: Concurrent Mark Free 0.001ms
[3.865s][info][gc,phases] GC(130) y: Concurrent Reset Relocation Set 0.005ms
[3.866s][info][gc,phases] GC(130) y: Concurrent Select Relocation Set 0.529ms
[3.866s][info][gc,phases] GC(130) y: Pause Relocate Start 0.008ms
[3.869s][info][gc,phases] GC(130) y: Concurrent Relocate 2.891ms
[3.869s][info][gc,phases] GC(130) y: Young Generation 1204M(59%)->1026M(50%) 0.015s
[3.869s][info][gc       ] GC(130) Minor Collection (Allocation Rate) 1204M(59%)->1026M(50%) 0.015s
[3.888s][info][gc       ] GC(131) Minor Collection (Allocation Rate)
[3.888s][info][gc,phases] GC(131) y: Young Generation
[3.888s][info][gc,phases] GC(131) y: Pause Mark Start 0.008ms
[3.898s][info][gc,phases] GC(131) y: Concurrent Mark 9.950ms
[3.899s][info][gc,phases] GC(131) y: Pause Mark End 0.011ms
[3.899s][info][gc,phases] GC(131) y: Concurrent Mark Free 0.001ms
[3.899s][info][gc,phases] GC(131) y: Concurrent Reset Relocation Set 0.007ms
[3.899s][info][gc,phases] GC(131) y: Concurrent Select Relocation Set 0.431ms
[3.900s][info][gc,phases] GC(131) y: Pause Relocate Start 0.004ms
[3.902s][info][gc,phases] GC(131) y: Concurrent Relocate 2.649ms
[3.903s][info][gc,phases] GC(131) y: Young Generation 1210M(59%)->1026M(50%) 0.014s
[3.903s][info][gc       ] GC(131) Minor Collection (Allocation Rate) 1208M(59%)->1028M(50%) 0.015s
[3.924s][info][gc       ] GC(132) Minor Collection (Allocation Rate)
[3.924s][info][gc,phases] GC(132) y: Young Generation
[3.924s][info][gc,phases] GC(132) y: Pause Mark Start 0.009ms
[3.934s][info][gc,phases] GC(132) y: Concurrent Mark 9.821ms
[3.935s][info][gc,phases] GC(132) y: Pause Mark End 0.012ms
[3.935s][info][gc,phases] GC(132) y: Concurrent Mark Free 0.002ms
[3.935s][info][gc,phases] GC(132) y: Concurrent Reset Relocation Set 0.007ms
[3.935s][info][gc,phases] GC(132) y: Concurrent Select Relocation Set 0.495ms
[3.936s][info][gc,phases] GC(132) y: Pause Relocate Start 0.005ms
[3.939s][info][gc,phases] GC(132) y: Concurrent Relocate 3.156ms
[3.939s][info][gc,phases] GC(132) y: Young Generation 1234M(60%)->1032M(50%) 0.015s
[3.939s][info][gc       ] GC(132) Minor Collection (Allocation Rate) 1232M(60%)->1036M(51%) 0.015s
[3.965s][info][gc       ] GC(133) Minor Collection (Allocation Rate)
[3.965s][info][gc,phases] GC(133) y: Young Generation
[3.965s][info][gc,phases] GC(133) y: Pause Mark Start 0.008ms
[3.975s][info][gc,phases] GC(133) y: Concurrent Mark 9.185ms
[3.975s][info][gc,phases] GC(133) y: Pause Mark End 0.013ms
[3.975s][info][gc,phases] GC(133) y: Concurrent Mark Free 0.001ms
[3.975s][info][gc,phases] GC(133) y: Concurrent Reset Relocation Set 0.008ms
[3.976s][info][gc,phases] GC(133) y: Concurrent Select Relocation Set 0.560ms
[3.976s][info][gc,phases] GC(133) y: Pause Relocate Start 0.005ms
[3.980s][info][gc,phases] GC(133) y: Concurrent Relocate 3.557ms
[3.980s][info][gc,phases] GC(133) y: Young Generation 1288M(63%)->1110M(54%) 0.015s
[3.980s][info][gc       ] GC(133) Minor Collection (Allocation Rate) 1286M(63%)->1112M(54%) 0.015s
[4.024s][info][gc       ] GC(134) Minor Collection (Allocation Rate)
[4.024s][info][gc,phases] GC(134) y: Young Generation
[4.024s][info][gc,phases] GC(134) y: Pause Mark Start 0.009ms
[4.035s][info][gc,phases] GC(134) y: Concurrent Mark 11.033ms
[4.036s][info][gc,phases] GC(134) y: Pause Mark End 0.011ms
[4.036s][info][gc,phases] GC(134) y: Concurrent Mark Free 0.001ms
[4.036s][info][gc,phases] GC(134) y: Concurrent Reset Relocation Set 0.008ms
[4.036s][info][gc,phases] GC(134) y: Concurrent Select Relocation Set 0.384ms
[4.036s][info][gc,phases] GC(134) y: Pause Relocate Start 0.004ms
[4.042s][info][gc,phases] GC(134) y: Concurrent Relocate 5.084ms
[4.042s][info][gc,phases] GC(134) y: Young Generation 1536M(75%)->1084M(53%) 0.018s
[4.042s][info][gc       ] GC(134) Minor Collection (Allocation Rate) 1534M(75%)->1086M(53%) 0.018s
[4.086s][info][gc       ] GC(135) Minor Collection (Allocation Rate)
[4.086s][info][gc,phases] GC(135) y: Young Generation
[4.087s][info][gc,phases] GC(135) y: Pause Mark Start 0.008ms
[4.097s][info][gc,phases] GC(135) y: Concurrent Mark 10.443ms
[4.097s][info][gc,phases] GC(135) y: Pause Mark End 0.013ms
[4.098s][info][gc,phases] GC(135) y: Concurrent Mark Free 0.001ms
[4.098s][info][gc,phases] GC(135) y: Concurrent Reset Relocation Set 0.008ms
[4.098s][info][gc,phases] GC(135) y: Concurrent Select Relocation Set 0.402ms
[4.098s][info][gc,phases] GC(135) y: Pause Relocate Start 0.004ms
[4.104s][info][gc,phases] GC(135) y: Concurrent Relocate 5.316ms
[4.104s][info][gc,phases] GC(135) y: Young Generation 1516M(74%)->1152M(56%) 0.018s
[4.104s][info][gc       ] GC(135) Minor Collection (Allocation Rate) 1516M(74%)->1156M(56%) 0.018s
[4.145s][info][gc       ] GC(136) Minor Collection (Allocation Rate)
[4.145s][info][gc,phases] GC(136) y: Young Generation
[4.146s][info][gc,phases] GC(136) y: Pause Mark Start 0.008ms
[4.158s][info][gc,phases] GC(136) y: Concurrent Mark 12.097ms
[4.158s][info][gc,phases] GC(136) y: Pause Mark End 0.010ms
[4.158s][info][gc,phases] GC(136) y: Concurrent Mark Free 0.001ms
[4.158s][info][gc,phases] GC(136) y: Concurrent Reset Relocation Set 0.010ms
[4.159s][info][gc,phases] GC(136) y: Concurrent Select Relocation Set 0.393ms
[4.159s][info][gc,phases] GC(136) y: Pause Relocate Start 0.004ms
[4.164s][info][gc,phases] GC(136) y: Concurrent Relocate 4.960ms
[4.164s][info][gc,phases] GC(136) y: Young Generation 1556M(76%)->1156M(56%) 0.019s
[4.164s][info][gc       ] GC(136) Minor Collection (Allocation Rate) 1554M(76%)->1160M(57%) 0.019s
[4.199s][info][gc       ] GC(137) Minor Collection (Allocation Rate)
[4.200s][info][gc,phases] GC(137) y: Young Generation
[4.200s][info][gc,phases] GC(137) y: Pause Mark Start 0.009ms
[4.213s][info][gc,phases] GC(137) y: Concurrent Mark 12.993ms
[4.213s][info][gc,phases] GC(137) y: Pause Mark End 0.014ms
[4.213s][info][gc,phases] GC(137) y: Concurrent Mark Free 0.001ms
[4.213s][info][gc,phases] GC(137) y: Concurrent Reset Relocation Set 0.009ms
[4.214s][info][gc,phases] GC(137) y: Concurrent Select Relocation Set 0.488ms
[4.214s][info][gc,phases] GC(137) y: Pause Relocate Start 0.004ms
[4.219s][info][gc,phases] GC(137) y: Concurrent Relocate 5.027ms
[4.220s][info][gc,phases] GC(137) y: Young Generation 1540M(75%)->1134M(55%) 0.020s
[4.220s][info][gc       ] GC(137) Minor Collection (Allocation Rate) 1538M(75%)->1138M(56%) 0.020s
[4.259s][info][gc       ] GC(138) Minor Collection (Allocation Rate)
[4.259s][info][gc,phases] GC(138) y: Young Generation
[4.259s][info][gc,phases] GC(138) y: Pause Mark Start 0.009ms
[4.272s][info][gc,phases] GC(138) y: Concurrent Mark 12.721ms
[4.272s][info][gc,phases] GC(138) y: Pause Mark End 0.014ms
[4.272s][info][gc,phases] GC(138) y: Concurrent Mark Free 0.002ms
[4.272s][info][gc,phases] GC(138) y: Concurrent Reset Relocation Set 0.011ms
[4.273s][info][gc,phases] GC(138) y: Concurrent Select Relocation Set 0.850ms
[4.274s][info][gc,phases] GC(138) y: Pause Relocate Start 0.008ms
[4.279s][info][gc,phases] GC(138) y: Concurrent Relocate 5.316ms
[4.279s][info][gc,phases] GC(138) y: Young Generation 1518M(74%)->1164M(57%) 0.020s
[4.279s][info][gc       ] GC(138) Minor Collection (Allocation Rate) 1518M(74%)->1166M(57%) 0.021s
[4.317s][info][gc       ] GC(139) Minor Collection (Allocation Rate)
[4.317s][info][gc,phases] GC(139) y: Young Generation
[4.318s][info][gc,phases] GC(139) y: Pause Mark Start 0.012ms
[4.329s][info][gc,phases] GC(139) y: Concurrent Mark 11.186ms
[4.329s][info][gc,phases] GC(139) y: Pause Mark End 0.014ms
[4.329s][info][gc,phases] GC(139) y: Concurrent Mark Free 0.001ms
[4.329s][info][gc,phases] GC(139) y: Concurrent Reset Relocation Set 0.012ms
[4.330s][info][gc,phases] GC(139) y: Concurrent Select Relocation Set 0.720ms
[4.330s][info][gc,phases] GC(139) y: Pause Relocate Start 0.004ms
[4.336s][info][gc,phases] GC(139) y: Concurrent Relocate 5.068ms
[4.336s][info][gc,phases] GC(139) y: Young Generation 1528M(75%)->1206M(59%) 0.018s
[4.336s][info][gc       ] GC(139) Minor Collection (Allocation Rate) 1528M(75%)->1210M(59%) 0.019s
[4.370s][info][gc       ] GC(140) Major Collection (Allocation Rate)
[4.370s][info][gc,phases] GC(140) Y: Young Generation
[4.370s][info][gc,phases] GC(140) Y: Pause Mark Start (Major) 0.010ms
[4.378s][info][gc,phases] GC(140) Y: Concurrent Mark 7.889ms
[4.378s][info][gc,phases] GC(140) Y: Pause Mark End 0.010ms
[4.378s][info][gc,phases] GC(140) Y: Concurrent Mark Free 0.001ms
[4.379s][info][gc,phases] GC(140) Y: Concurrent Reset Relocation Set 0.013ms
[4.379s][info][gc,phases] GC(140) Y: Concurrent Select Relocation Set 0.360ms
[4.379s][info][gc,phases] GC(140) Y: Pause Relocate Start 0.004ms
[4.384s][info][gc,phases] GC(140) Y: Concurrent Relocate 4.782ms
[4.384s][info][gc,phases] GC(140) Y: Young Generation 1538M(75%)->1120M(55%) 0.014s
[4.384s][info][gc,phases] GC(140) O: Old Generation
[4.429s][info][gc       ] GC(141) Minor Collection (Allocation Rate)
[4.429s][info][gc,phases] GC(141) y: Young Generation
[4.429s][info][gc,phases] GC(141) y: Pause Mark Start 0.008ms
[4.438s][info][gc,phases] GC(141) y: Concurrent Mark 8.096ms
[4.438s][info][gc,phases] GC(141) y: Pause Mark End 0.012ms
[4.438s][info][gc,phases] GC(141) y: Concurrent Mark Free 0.001ms
[4.438s][info][gc,phases] GC(141) y: Concurrent Reset Relocation Set 0.008ms
[4.438s][info][gc,phases] GC(141) y: Concurrent Select Relocation Set 0.347ms
[4.439s][info][gc,phases] GC(141) y: Pause Relocate Start 0.004ms
[4.444s][info][gc,phases] GC(141) y: Concurrent Relocate 4.846ms
[4.444s][info][gc,phases] GC(141) y: Young Generation 1546M(75%)->1174M(57%) 0.015s
[4.444s][info][gc       ] GC(141) Minor Collection (Allocation Rate) 1544M(75%)->1174M(57%) 0.015s
[4.457s][info][gc,phases] GC(140) O: Concurrent Mark 72.274ms
[4.457s][info][gc,phases] GC(140) O: Pause Mark End 0.013ms
[4.457s][info][gc,phases] GC(140) O: Concurrent Mark Free 0.001ms
[4.462s][info][gc,phases] GC(140) O: Concurrent Process Non-Strong 4.703ms
[4.462s][info][gc,phases] GC(140) O: Concurrent Reset Relocation Set 0.001ms
[4.462s][info][gc,phases] GC(140) O: Concurrent Select Relocation Set 0.192ms
[4.468s][info][gc,phases] GC(140) O: Concurrent Remap Roots 5.799ms
[4.468s][info][gc,phases] GC(140) O: Pause Relocate Start 0.011ms
[4.470s][info][gc,phases] GC(140) O: Concurrent Relocate 1.579ms
[4.470s][info][gc,phases] GC(140) O: Old Generation 1122M(55%)->1228M(60%) 0.086s
[4.470s][info][gc       ] GC(140) Major Collection (Allocation Rate) 1538M(75%)->1232M(60%) 0.101s
[4.509s][info][gc       ] GC(142) Minor Collection (Allocation Rate)
[4.509s][info][gc,phases] GC(142) y: Young Generation
[4.509s][info][gc,phases] GC(142) y: Pause Mark Start 0.010ms
[4.523s][info][gc,phases] GC(142) y: Concurrent Mark 13.742ms
[4.523s][info][gc,phases] GC(142) y: Pause Mark End 0.012ms
[4.523s][info][gc,phases] GC(142) y: Concurrent Mark Free 0.001ms
[4.523s][info][gc,phases] GC(142) y: Concurrent Reset Relocation Set 0.011ms
[4.524s][info][gc,phases] GC(142) y: Concurrent Select Relocation Set 0.325ms
[4.524s][info][gc,phases] GC(142) y: Pause Relocate Start 0.004ms
[4.531s][info][gc,phases] GC(142) y: Concurrent Relocate 6.907ms
[4.531s][info][gc,phases] GC(142) y: Young Generation 1614M(79%)->1022M(50%) 0.022s
[4.531s][info][gc       ] GC(142) Minor Collection (Allocation Rate) 1612M(79%)->1026M(50%) 0.023s
[4.563s][info][gc       ] GC(143) Minor Collection (Allocation Rate)
[4.564s][info][gc,phases] GC(143) y: Young Generation
[4.564s][info][gc,phases] GC(143) y: Pause Mark Start 0.009ms
[4.577s][info][gc,phases] GC(143) y: Concurrent Mark 12.791ms
[4.577s][info][gc,phases] GC(143) y: Pause Mark End 0.012ms
[4.577s][info][gc,phases] GC(143) y: Concurrent Mark Free 0.002ms
[4.577s][info][gc,phases] GC(143) y: Concurrent Reset Relocation Set 0.012ms
[4.578s][info][gc,phases] GC(143) y: Concurrent Select Relocation Set 0.484ms
[4.578s][info][gc,phases] GC(143) y: Pause Relocate Start 0.008ms
[4.583s][info][gc,phases] GC(143) y: Concurrent Relocate 4.548ms
[4.583s][info][gc,phases] GC(143) y: Young Generation 1346M(66%)->1054M(51%) 0.019s
[4.583s][info][gc       ] GC(143) Minor Collection (Allocation Rate) 1344M(66%)->1060M(52%) 0.020s
[4.608s][info][gc       ] GC(144) Minor Collection (Allocation Rate)
[4.609s][info][gc,phases] GC(144) y: Young Generation
[4.609s][info][gc,phases] GC(144) y: Pause Mark Start 0.008ms
[4.622s][info][gc,phases] GC(144) y: Concurrent Mark 12.958ms
[4.622s][info][gc,phases] GC(144) y: Pause Mark End 0.011ms
[4.622s][info][gc,phases] GC(144) y: Concurrent Mark Free 0.001ms
[4.623s][info][gc,phases] GC(144) y: Concurrent Reset Relocation Set 0.010ms
[4.623s][info][gc,phases] GC(144) y: Concurrent Select Relocation Set 0.757ms
[4.624s][info][gc,phases] GC(144) y: Pause Relocate Start 0.004ms
[4.629s][info][gc,phases] GC(144) y: Concurrent Relocate 5.619ms
[4.630s][info][gc,phases] GC(144) y: Young Generation 1434M(70%)->1044M(51%) 0.021s
[4.630s][info][gc       ] GC(144) Minor Collection (Allocation Rate) 1434M(70%)->1048M(51%) 0.021s
[4.666s][info][gc       ] GC(145) Minor Collection (Allocation Rate)
[4.666s][info][gc,phases] GC(145) y: Young Generation
[4.667s][info][gc,phases] GC(145) y: Pause Mark Start 0.009ms
[4.679s][info][gc,phases] GC(145) y: Concurrent Mark 12.398ms
[4.679s][info][gc,phases] GC(145) y: Pause Mark End 0.011ms
[4.680s][info][gc,phases] GC(145) y: Concurrent Mark Free 0.001ms
[4.680s][info][gc,phases] GC(145) y: Concurrent Reset Relocation Set 0.013ms
[4.680s][info][gc,phases] GC(145) y: Concurrent Select Relocation Set 0.655ms
[4.681s][info][gc,phases] GC(145) y: Pause Relocate Start 0.004ms
[4.686s][info][gc,phases] GC(145) y: Concurrent Relocate 4.900ms
[4.686s][info][gc,phases] GC(145) y: Young Generation 1414M(69%)->1040M(51%) 0.019s
[4.686s][info][gc       ] GC(145) Minor Collection (Allocation Rate) 1412M(69%)->1042M(51%) 0.020s
[4.730s][info][gc       ] GC(146) Minor Collection (Allocation Rate)
[4.730s][info][gc,phases] GC(146) y: Young Generation
[4.731s][info][gc,phases] GC(146) y: Pause Mark Start 0.008ms
[4.743s][info][gc,phases] GC(146) y: Concurrent Mark 11.949ms
[4.743s][info][gc,phases] GC(146) y: Pause Mark End 0.014ms
[4.743s][info][gc,phases] GC(146) y: Concurrent Mark Free 0.004ms
[4.743s][info][gc,phases] GC(146) y: Concurrent Reset Relocation Set 0.015ms
[4.744s][info][gc,phases] GC(146) y: Concurrent Select Relocation Set 0.448ms
[4.744s][info][gc,phases] GC(146) y: Pause Relocate Start 0.010ms
[4.750s][info][gc,phases] GC(146) y: Concurrent Relocate 5.590ms
[4.750s][info][gc,phases] GC(146) y: Young Generation 1486M(73%)->1074M(52%) 0.020s
[4.750s][info][gc       ] GC(146) Minor Collection (Allocation Rate) 1486M(73%)->1074M(52%) 0.020s
[4.795s][info][gc       ] GC(147) Minor Collection (Allocation Rate)
[4.795s][info][gc,phases] GC(147) y: Young Generation
[4.796s][info][gc,phases] GC(147) y: Pause Mark Start 0.011ms
[4.809s][info][gc,phases] GC(147) y: Concurrent Mark 12.802ms
[4.809s][info][gc,phases] GC(147) y: Pause Mark End 0.013ms
[4.809s][info][gc,phases] GC(147) y: Concurrent Mark Free 0.001ms
[4.809s][info][gc,phases] GC(147) y: Concurrent Reset Relocation Set 0.011ms
[4.810s][info][gc,phases] GC(147) y: Concurrent Select Relocation Set 0.410ms
[4.810s][info][gc,phases] GC(147) y: Pause Relocate Start 0.004ms
[4.815s][info][gc,phases] GC(147) y: Concurrent Relocate 5.492ms
[4.816s][info][gc,phases] GC(147) y: Young Generation 1530M(75%)->1070M(52%) 0.020s
[4.816s][info][gc       ] GC(147) Minor Collection (Allocation Rate) 1526M(75%)->1072M(52%) 0.020s
[4.861s][info][gc       ] GC(148) Minor Collection (Allocation Rate)
[4.861s][info][gc,phases] GC(148) y: Young Generation
[4.861s][info][gc,phases] GC(148) y: Pause Mark Start 0.008ms
[4.874s][info][gc,phases] GC(148) y: Concurrent Mark 13.017ms
[4.875s][info][gc,phases] GC(148) y: Pause Mark End 0.010ms
[4.875s][info][gc,phases] GC(148) y: Concurrent Mark Free 0.001ms
[4.875s][info][gc,phases] GC(148) y: Concurrent Reset Relocation Set 0.011ms
[4.876s][info][gc,phases] GC(148) y: Concurrent Select Relocation Set 0.645ms
[4.876s][info][gc,phases] GC(148) y: Pause Relocate Start 0.004ms
[4.881s][info][gc,phases] GC(148) y: Concurrent Relocate 5.621ms
[4.882s][info][gc,phases] GC(148) y: Young Generation 1526M(75%)->1092M(53%) 0.021s
[4.882s][info][gc       ] GC(148) Minor Collection (Allocation Rate) 1526M(75%)->1094M(53%) 0.021s
[4.930s][info][gc       ] GC(149) Minor Collection (Allocation Rate)
[4.930s][info][gc,phases] GC(149) y: Young Generation
[4.930s][info][gc,phases] GC(149) y: Pause Mark Start 0.009ms
[4.943s][info][gc,phases] GC(149) y: Concurrent Mark 13.130ms
[4.944s][info][gc,phases] GC(149) y: Pause Mark End 0.013ms
[4.944s][info][gc,phases] GC(149) y: Concurrent Mark Free 0.002ms
[4.944s][info][gc,phases] GC(149) y: Concurrent Reset Relocation Set 0.014ms
[4.944s][info][gc,phases] GC(149) y: Concurrent Select Relocation Set 0.551ms
[4.945s][info][gc,phases] GC(149) y: Pause Relocate Start 0.007ms
[4.951s][info][gc,phases] GC(149) y: Concurrent Relocate 5.954ms
[4.951s][info][gc,phases] GC(149) y: Young Generation 1572M(77%)->1110M(54%) 0.021s
[4.951s][info][gc       ] GC(149) Minor Collection (Allocation Rate) 1568M(77%)->1114M(54%) 0.021s
[4.997s][info][gc       ] GC(150) Minor Collection (Allocation Rate)
[4.997s][info][gc,phases] GC(150) y: Young Generation
[4.997s][info][gc,phases] GC(150) y: Pause Mark Start 0.014ms
[5.010s][info][gc,phases] GC(150) y: Concurrent Mark 12.719ms
[5.010s][info][gc,phases] GC(150) y: Pause Mark End 0.011ms
[5.011s][info][gc,phases] GC(150) y: Concurrent Mark Free 0.001ms
[5.011s][info][gc,phases] GC(150) y: Concurrent Reset Relocation Set 0.013ms
[5.011s][info][gc,phases] GC(150) y: Concurrent Select Relocation Set 0.381ms
[5.011s][info][gc,phases] GC(150) y: Pause Relocate Start 0.004ms
[5.017s][info][gc,phases] GC(150) y: Concurrent Relocate 5.622ms
[5.017s][info][gc,phases] GC(150) y: Young Generation 1566M(76%)->1106M(54%) 0.020s
[5.017s][info][gc       ] GC(150) Minor Collection (Allocation Rate) 1566M(76%)->1110M(54%) 0.021s
[5.064s][info][gc       ] GC(151) Minor Collection (Allocation Rate)
[5.064s][info][gc,phases] GC(151) y: Young Generation
[5.064s][info][gc,phases] GC(151) y: Pause Mark Start 0.009ms
[5.078s][info][gc,phases] GC(151) y: Concurrent Mark 14.256ms
[5.079s][info][gc,phases] GC(151) y: Pause Mark End 0.016ms
[5.079s][info][gc,phases] GC(151) y: Concurrent Mark Free 0.002ms
[5.079s][info][gc,phases] GC(151) y: Concurrent Reset Relocation Set 0.014ms
[5.080s][info][gc,phases] GC(151) y: Concurrent Select Relocation Set 0.969ms
[5.080s][info][gc,phases] GC(151) y: Pause Relocate Start 0.008ms
[5.087s][info][gc,phases] GC(151) y: Concurrent Relocate 6.381ms
[5.087s][info][gc,phases] GC(151) y: Young Generation 1564M(76%)->1200M(59%) 0.023s
[5.087s][info][gc       ] GC(151) Minor Collection (Allocation Rate) 1562M(76%)->1202M(59%) 0.023s
[5.102s][info][gc       ] GC(152) Minor Collection (Allocation Rate)
[5.102s][info][gc,phases] GC(152) y: Young Generation
[5.102s][info][gc,phases] GC(152) y: Pause Mark Start 0.008ms
[5.114s][info][gc,phases] GC(152) y: Concurrent Mark 11.758ms
[5.115s][info][gc,phases] GC(152) y: Pause Mark End 0.011ms
[5.115s][info][gc,phases] GC(152) y: Concurrent Mark Free 0.001ms
[5.115s][info][gc,phases] GC(152) y: Concurrent Reset Relocation Set 0.015ms
[5.115s][info][gc,phases] GC(152) y: Concurrent Select Relocation Set 0.296ms
[5.115s][info][gc,phases] GC(152) y: Pause Relocate Start 0.004ms
[5.120s][info][gc,phases] GC(152) y: Concurrent Relocate 4.367ms
[5.120s][info][gc,phases] GC(152) y: Young Generation 1430M(70%)->1102M(54%) 0.018s
[5.120s][info][gc       ] GC(152) Minor Collection (Allocation Rate) 1428M(70%)->1106M(54%) 0.018s
[5.148s][info][gc       ] GC(153) Minor Collection (Allocation Rate)
[5.149s][info][gc,phases] GC(153) y: Young Generation
[5.149s][info][gc,phases] GC(153) y: Pause Mark Start 0.009ms
[5.160s][info][gc,phases] GC(153) y: Concurrent Mark 11.225ms
[5.161s][info][gc,phases] GC(153) y: Pause Mark End 0.011ms
[5.161s][info][gc,phases] GC(153) y: Concurrent Mark Free 0.001ms
[5.161s][info][gc,phases] GC(153) y: Concurrent Reset Relocation Set 0.008ms
[5.162s][info][gc,phases] GC(153) y: Concurrent Select Relocation Set 0.604ms
[5.162s][info][gc,phases] GC(153) y: Pause Relocate Start 0.004ms
[5.166s][info][gc,phases] GC(153) y: Concurrent Relocate 4.025ms
[5.166s][info][gc,phases] GC(153) y: Young Generation 1392M(68%)->1108M(54%) 0.017s
[5.166s][info][gc       ] GC(153) Minor Collection (Allocation Rate) 1390M(68%)->1110M(54%) 0.018s
[5.203s][info][gc       ] GC(154) Minor Collection (Allocation Rate)
[5.203s][info][gc,phases] GC(154) y: Young Generation
[5.203s][info][gc,phases] GC(154) y: Pause Mark Start 0.009ms
[5.216s][info][gc,phases] GC(154) y: Concurrent Mark 12.539ms
[5.216s][info][gc,phases] GC(154) y: Pause Mark End 0.011ms
[5.216s][info][gc,phases] GC(154) y: Concurrent Mark Free 0.002ms
[5.216s][info][gc,phases] GC(154) y: Concurrent Reset Relocation Set 0.010ms
[5.217s][info][gc,phases] GC(154) y: Concurrent Select Relocation Set 0.560ms
[5.217s][info][gc,phases] GC(154) y: Pause Relocate Start 0.004ms
[5.222s][info][gc,phases] GC(154) y: Concurrent Relocate 4.691ms
[5.222s][info][gc,phases] GC(154) y: Young Generation 1476M(72%)->1132M(55%) 0.019s
[5.222s][info][gc       ] GC(154) Minor Collection (Allocation Rate) 1476M(72%)->1136M(55%) 0.020s
[5.259s][info][gc       ] GC(155) Minor Collection (Allocation Rate)
[5.259s][info][gc,phases] GC(155) y: Young Generation
[5.259s][info][gc,phases] GC(155) y: Pause Mark Start 0.011ms
[5.272s][info][gc,phases] GC(155) y: Concurrent Mark 12.410ms
[5.272s][info][gc,phases] GC(155) y: Pause Mark End 0.013ms
[5.272s][info][gc,phases] GC(155) y: Concurrent Mark Free 0.002ms
[5.273s][info][gc,phases] GC(155) y: Concurrent Reset Relocation Set 0.012ms
[5.273s][info][gc,phases] GC(155) y: Concurrent Select Relocation Set 0.482ms
[5.273s][info][gc,phases] GC(155) y: Pause Relocate Start 0.008ms
[5.278s][info][gc,phases] GC(155) y: Concurrent Relocate 5.060ms
[5.279s][info][gc,phases] GC(155) y: Young Generation 1520M(74%)->1188M(58%) 0.019s
[5.279s][info][gc       ] GC(155) Minor Collection (Allocation Rate) 1516M(74%)->1190M(58%) 0.020s
[5.315s][info][gc       ] GC(156) Minor Collection (Allocation Rate)
[5.315s][info][gc,phases] GC(156) y: Young Generation
[5.315s][info][gc,phases] GC(156) y: Pause Mark Start 0.010ms
[5.327s][info][gc,phases] GC(156) y: Concurrent Mark 12.025ms
[5.328s][info][gc,phases] GC(156) y: Pause Mark End 0.012ms
[5.328s][info][gc,phases] GC(156) y: Concurrent Mark Free 0.002ms
[5.328s][info][gc,phases] GC(156) y: Concurrent Reset Relocation Set 0.012ms
[5.329s][info][gc,phases] GC(156) y: Concurrent Select Relocation Set 0.462ms
[5.329s][info][gc,phases] GC(156) y: Pause Relocate Start 0.006ms
[5.334s][info][gc,phases] GC(156) y: Concurrent Relocate 5.264ms
[5.334s][info][gc,phases] GC(156) y: Young Generation 1546M(75%)->1236M(60%) 0.019s
[5.334s][info][gc       ] GC(156) Minor Collection (Allocation Rate) 1544M(75%)->1240M(61%) 0.020s
[5.361s][info][gc       ] GC(157) Minor Collection (Allocation Rate)
[5.361s][info][gc,phases] GC(157) y: Young Generation
[5.361s][info][gc,phases] GC(157) y: Pause Mark Start 0.008ms
[5.373s][info][gc,phases] GC(157) y: Concurrent Mark 12.006ms
[5.374s][info][gc,phases] GC(157) y: Pause Mark End 0.015ms
[5.374s][info][gc,phases] GC(157) y: Concurrent Mark Free 0.002ms
[5.374s][info][gc,phases] GC(157) y: Concurrent Reset Relocation Set 0.011ms
[5.375s][info][gc,phases] GC(157) y: Concurrent Select Relocation Set 0.694ms
[5.375s][info][gc,phases] GC(157) y: Pause Relocate Start 0.011ms
[5.380s][info][gc,phases] GC(157) y: Concurrent Relocate 5.029ms
[5.380s][info][gc,phases] GC(157) y: Young Generation 1536M(75%)->1248M(61%) 0.019s
[5.380s][info][gc       ] GC(157) Minor Collection (Allocation Rate) 1534M(75%)->1248M(61%) 0.019s
[5.401s][info][gc       ] GC(158) Major Collection (Allocation Rate)
[5.401s][info][gc,phases] GC(158) Y: Young Generation
[5.401s][info][gc,phases] GC(158) Y: Pause Mark Start (Major) 0.014ms
[5.409s][info][gc,phases] GC(158) Y: Concurrent Mark 7.370ms
[5.409s][info][gc,phases] GC(158) Y: Pause Mark End 0.016ms
[5.409s][info][gc,phases] GC(158) Y: Concurrent Mark Free 0.002ms
[5.409s][info][gc,phases] GC(158) Y: Concurrent Reset Relocation Set 0.015ms
[5.410s][info][gc,phases] GC(158) Y: Concurrent Select Relocation Set 0.370ms
[5.410s][info][gc,phases] GC(158) Y: Pause Relocate Start 0.006ms
[5.414s][info][gc,phases] GC(158) Y: Concurrent Relocate 4.300ms
[5.415s][info][gc,phases] GC(158) Y: Young Generation 1470M(72%)->1210M(59%) 0.014s
[5.415s][info][gc,phases] GC(158) O: Old Generation
[5.420s][info][gc       ] GC(159) Minor Collection (Allocation Rate)
[5.420s][info][gc,phases] GC(159) y: Young Generation
[5.421s][info][gc,phases] GC(159) y: Pause Mark Start 0.012ms
[5.428s][info][gc,phases] GC(159) y: Concurrent Mark 7.697ms
[5.429s][info][gc,phases] GC(159) y: Pause Mark End 0.015ms
[5.429s][info][gc,phases] GC(159) y: Concurrent Mark Free 0.002ms
[5.429s][info][gc,phases] GC(159) y: Concurrent Reset Relocation Set 0.009ms
[5.430s][info][gc,phases] GC(159) y: Concurrent Select Relocation Set 0.544ms
[5.430s][info][gc,phases] GC(159) y: Pause Relocate Start 0.004ms
[5.433s][info][gc,phases] GC(159) y: Concurrent Relocate 2.992ms
[5.433s][info][gc,phases] GC(159) y: Young Generation 1314M(64%)->1176M(57%) 0.013s
[5.433s][info][gc       ] GC(159) Minor Collection (Allocation Rate) 1314M(64%)->1178M(58%) 0.013s
[5.455s][info][gc       ] GC(160) Minor Collection (Allocation Rate)
[5.456s][info][gc,phases] GC(160) y: Young Generation
[5.456s][info][gc,phases] GC(160) y: Pause Mark Start 0.007ms
[5.463s][info][gc,phases] GC(160) y: Concurrent Mark 6.691ms
[5.463s][info][gc,phases] GC(160) y: Pause Mark End 0.011ms
[5.463s][info][gc,phases] GC(160) y: Concurrent Mark Free 0.002ms
[5.463s][info][gc,phases] GC(160) y: Concurrent Reset Relocation Set 0.009ms
[5.463s][info][gc,phases] GC(160) y: Concurrent Select Relocation Set 0.173ms
[5.464s][info][gc,phases] GC(160) y: Pause Relocate Start 0.007ms
[5.467s][info][gc,phases] GC(160) y: Concurrent Relocate 3.649ms
[5.468s][info][gc,phases] GC(160) y: Young Generation 1402M(68%)->1140M(56%) 0.012s
[5.468s][info][gc       ] GC(160) Minor Collection (Allocation Rate) 1402M(68%)->1144M(56%) 0.012s
[5.490s][info][gc,phases] GC(158) O: Concurrent Mark 75.086ms
[5.490s][info][gc,phases] GC(158) O: Pause Mark End 0.015ms
[5.490s][info][gc,phases] GC(158) O: Concurrent Mark Free 0.002ms
[5.495s][info][gc,phases] GC(158) O: Concurrent Process Non-Strong 4.915ms
[5.495s][info][gc,phases] GC(158) O: Concurrent Reset Relocation Set 0.002ms
[5.496s][info][gc,phases] GC(158) O: Concurrent Select Relocation Set 0.199ms
[5.501s][info][gc,phases] GC(158) O: Concurrent Remap Roots 5.475ms
[5.502s][info][gc,phases] GC(158) O: Pause Relocate Start 0.015ms
[5.503s][info][gc,phases] GC(158) O: Concurrent Relocate 1.357ms
[5.503s][info][gc,phases] GC(158) O: Old Generation 1214M(59%)->1282M(63%) 0.088s
[5.503s][info][gc       ] GC(158) Major Collection (Allocation Rate) 1466M(72%)->1282M(63%) 0.102s
[5.528s][info][gc       ] GC(161) Minor Collection (Allocation Rate)
[5.528s][info][gc,phases] GC(161) y: Young Generation
[5.528s][info][gc,phases] GC(161) y: Pause Mark Start 0.008ms
[5.541s][info][gc,phases] GC(161) y: Concurrent Mark 12.387ms
[5.541s][info][gc,phases] GC(161) y: Pause Mark End 0.012ms
[5.541s][info][gc,phases] GC(161) y: Concurrent Mark Free 0.001ms
[5.541s][info][gc,phases] GC(161) y: Concurrent Reset Relocation Set 0.006ms
[5.542s][info][gc,phases] GC(161) y: Concurrent Select Relocation Set 0.552ms
[5.542s][info][gc,phases] GC(161) y: Pause Relocate Start 0.007ms
[5.549s][info][gc,phases] GC(161) y: Concurrent Relocate 6.595ms
[5.549s][info][gc,phases] GC(161) y: Young Generation 1568M(77%)->1086M(53%) 0.021s
[5.549s][info][gc       ] GC(161) Minor Collection (Allocation Rate) 1566M(76%)->1092M(53%) 0.021s
[5.551s][info][gc       ] GC(162) Minor Collection (Allocation Rate)
[5.552s][info][gc,phases] GC(162) y: Young Generation
[5.552s][info][gc,phases] GC(162) y: Pause Mark Start 0.011ms
[5.562s][info][gc,phases] GC(162) y: Concurrent Mark 10.120ms
[5.562s][info][gc,phases] GC(162) y: Pause Mark End 0.013ms
[5.562s][info][gc,phases] GC(162) y: Concurrent Mark Free 0.002ms
[5.563s][info][gc,phases] GC(162) y: Concurrent Reset Relocation Set 0.014ms
[5.563s][info][gc,phases] GC(162) y: Concurrent Select Relocation Set 0.335ms
[5.563s][info][gc,phases] GC(162) y: Pause Relocate Start 0.004ms
[5.566s][info][gc,phases] GC(162) y: Concurrent Relocate 2.644ms
[5.566s][info][gc,phases] GC(162) y: Young Generation 1136M(55%)->972M(47%) 0.014s
[5.566s][info][gc       ] GC(162) Minor Collection (Allocation Rate) 1136M(55%)->972M(47%) 0.015s
[5.604s][info][gc       ] GC(163) Minor Collection (Allocation Rate)
[5.604s][info][gc,phases] GC(163) y: Young Generation
[5.604s][info][gc,phases] GC(163) y: Pause Mark Start 0.009ms
[5.616s][info][gc,phases] GC(163) y: Concurrent Mark 11.424ms
[5.616s][info][gc,phases] GC(163) y: Pause Mark End 0.012ms
[5.616s][info][gc,phases] GC(163) y: Concurrent Mark Free 0.001ms
[5.617s][info][gc,phases] GC(163) y: Concurrent Reset Relocation Set 0.005ms
[5.617s][info][gc,phases] GC(163) y: Concurrent Select Relocation Set 0.884ms
[5.618s][info][gc,phases] GC(163) y: Pause Relocate Start 0.004ms
[5.623s][info][gc,phases] GC(163) y: Concurrent Relocate 4.911ms
[5.623s][info][gc,phases] GC(163) y: Young Generation 1352M(66%)->1018M(50%) 0.019s
[5.623s][info][gc       ] GC(163) Minor Collection (Allocation Rate) 1348M(66%)->1022M(50%) 0.019s
[5.653s][info][gc       ] GC(164) Minor Collection (Allocation Rate)
[5.653s][info][gc,phases] GC(164) y: Young Generation
[5.653s][info][gc,phases] GC(164) y: Pause Mark Start 0.008ms
[5.664s][info][gc,phases] GC(164) y: Concurrent Mark 10.686ms
[5.664s][info][gc,phases] GC(164) y: Pause Mark End 0.011ms
[5.665s][info][gc,phases] GC(164) y: Concurrent Mark Free 0.002ms
[5.665s][info][gc,phases] GC(164) y: Concurrent Reset Relocation Set 0.011ms
[5.665s][info][gc,phases] GC(164) y: Concurrent Select Relocation Set 0.309ms
[5.665s][info][gc,phases] GC(164) y: Pause Relocate Start 0.004ms
[5.670s][info][gc,phases] GC(164) y: Concurrent Relocate 4.559ms
[5.670s][info][gc,phases] GC(164) y: Young Generation 1390M(68%)->1014M(50%) 0.017s
[5.670s][info][gc       ] GC(164) Minor Collection (Allocation Rate) 1388M(68%)->1014M(50%) 0.017s
[5.721s][info][gc       ] GC(165) Minor Collection (Allocation Rate)
[5.721s][info][gc,phases] GC(165) y: Young Generation
[5.721s][info][gc,phases] GC(165) y: Pause Mark Start 0.008ms
[5.733s][info][gc,phases] GC(165) y: Concurrent Mark 11.843ms
[5.734s][info][gc,phases] GC(165) y: Pause Mark End 0.011ms
[5.734s][info][gc,phases] GC(165) y: Concurrent Mark Free 0.002ms
[5.734s][info][gc,phases] GC(165) y: Concurrent Reset Relocation Set 0.008ms
[5.734s][info][gc,phases] GC(165) y: Concurrent Select Relocation Set 0.390ms
[5.735s][info][gc,phases] GC(165) y: Pause Relocate Start 0.004ms
[5.740s][info][gc,phases] GC(165) y: Concurrent Relocate 5.639ms
[5.740s][info][gc,phases] GC(165) y: Young Generation 1530M(75%)->1048M(51%) 0.019s
[5.741s][info][gc       ] GC(165) Minor Collection (Allocation Rate) 1530M(75%)->1050M(51%) 0.020s
[5.777s][info][gc       ] GC(166) Minor Collection (Allocation Rate)
[5.777s][info][gc,phases] GC(166) y: Young Generation
[5.777s][info][gc,phases] GC(166) y: Pause Mark Start 0.009ms
[5.790s][info][gc,phases] GC(166) y: Concurrent Mark 12.325ms
[5.790s][info][gc,phases] GC(166) y: Pause Mark End 0.011ms
[5.790s][info][gc,phases] GC(166) y: Concurrent Mark Free 0.000ms
[5.790s][info][gc,phases] GC(166) y: Concurrent Reset Relocation Set 0.009ms
[5.791s][info][gc,phases] GC(166) y: Concurrent Select Relocation Set 0.450ms
[5.791s][info][gc,phases] GC(166) y: Pause Relocate Start 0.004ms
[5.796s][info][gc,phases] GC(166) y: Concurrent Relocate 5.463ms
[5.796s][info][gc,phases] GC(166) y: Young Generation 1494M(73%)->1138M(56%) 0.020s
[5.797s][info][gc       ] GC(166) Minor Collection (Allocation Rate) 1490M(73%)->1140M(56%) 0.020s
[5.829s][info][gc       ] GC(167) Minor Collection (Allocation Rate)
[5.829s][info][gc,phases] GC(167) y: Young Generation
[5.830s][info][gc,phases] GC(167) y: Pause Mark Start 0.009ms
[5.842s][info][gc,phases] GC(167) y: Concurrent Mark 11.954ms
[5.842s][info][gc,phases] GC(167) y: Pause Mark End 0.013ms
[5.842s][info][gc,phases] GC(167) y: Concurrent Mark Free 0.001ms
[5.842s][info][gc,phases] GC(167) y: Concurrent Reset Relocation Set 0.012ms
[5.843s][info][gc,phases] GC(167) y: Concurrent Select Relocation Set 0.289ms
[5.843s][info][gc,phases] GC(167) y: Pause Relocate Start 0.007ms
[5.848s][info][gc,phases] GC(167) y: Concurrent Relocate 4.865ms
[5.848s][info][gc,phases] GC(167) y: Young Generation 1470M(72%)->1064M(52%) 0.019s
[5.848s][info][gc       ] GC(167) Minor Collection (Allocation Rate) 1470M(72%)->1068M(52%) 0.019s
[5.892s][info][gc       ] GC(168) Minor Collection (Allocation Rate)
[5.892s][info][gc,phases] GC(168) y: Young Generation
[5.893s][info][gc,phases] GC(168) y: Pause Mark Start 0.008ms
[5.906s][info][gc,phases] GC(168) y: Concurrent Mark 13.072ms
[5.906s][info][gc,phases] GC(168) y: Pause Mark End 0.011ms
[5.906s][info][gc,phases] GC(168) y: Concurrent Mark Free 0.002ms
[5.906s][info][gc,phases] GC(168) y: Concurrent Reset Relocation Set 0.008ms
[5.907s][info][gc,phases] GC(168) y: Concurrent Select Relocation Set 0.734ms
[5.907s][info][gc,phases] GC(168) y: Pause Relocate Start 0.004ms
[5.913s][info][gc,phases] GC(168) y: Concurrent Relocate 5.556ms
[5.913s][info][gc,phases] GC(168) y: Young Generation 1510M(74%)->1092M(53%) 0.021s
[5.913s][info][gc       ] GC(168) Minor Collection (Allocation Rate) 1510M(74%)->1092M(53%) 0.021s
[5.949s][info][gc       ] GC(169) Minor Collection (Allocation Rate)
[5.949s][info][gc,phases] GC(169) y: Young Generation
[5.949s][info][gc,phases] GC(169) y: Pause Mark Start 0.008ms
[5.962s][info][gc,phases] GC(169) y: Concurrent Mark 12.192ms
[5.962s][info][gc,phases] GC(169) y: Pause Mark End 0.010ms
[5.962s][info][gc,phases] GC(169) y: Concurrent Mark Free 0.001ms
[5.962s][info][gc,phases] GC(169) y: Concurrent Reset Relocation Set 0.013ms
[5.963s][info][gc,phases] GC(169) y: Concurrent Select Relocation Set 0.614ms
[5.963s][info][gc,phases] GC(169) y: Pause Relocate Start 0.004ms
[5.968s][info][gc,phases] GC(169) y: Concurrent Relocate 4.867ms
[5.968s][info][gc,phases] GC(169) y: Young Generation 1456M(71%)->1084M(53%) 0.019s
[5.968s][info][gc       ] GC(169) Minor Collection (Allocation Rate) 1456M(71%)->1088M(53%) 0.019s
[6.007s][info][gc       ] GC(170) Minor Collection (Allocation Rate)
[6.007s][info][gc,phases] GC(170) y: Young Generation
[6.008s][info][gc,phases] GC(170) y: Pause Mark Start 0.009ms
[6.020s][info][gc,phases] GC(170) y: Concurrent Mark 12.051ms
[6.020s][info][gc,phases] GC(170) y: Pause Mark End 0.012ms
[6.020s][info][gc,phases] GC(170) y: Concurrent Mark Free 0.001ms
[6.020s][info][gc,phases] GC(170) y: Concurrent Reset Relocation Set 0.011ms
[6.021s][info][gc,phases] GC(170) y: Concurrent Select Relocation Set 0.553ms
[6.021s][info][gc,phases] GC(170) y: Pause Relocate Start 0.004ms
[6.026s][info][gc,phases] GC(170) y: Concurrent Relocate 5.011ms
[6.026s][info][gc,phases] GC(170) y: Young Generation 1482M(72%)->1094M(53%) 0.019s
[6.026s][info][gc       ] GC(170) Minor Collection (Allocation Rate) 1482M(72%)->1096M(54%) 0.019s
[6.074s][info][gc       ] GC(171) Minor Collection (Allocation Rate)
[6.074s][info][gc,phases] GC(171) y: Young Generation
[6.074s][info][gc,phases] GC(171) y: Pause Mark Start 0.008ms
[6.086s][info][gc,phases] GC(171) y: Concurrent Mark 11.853ms
[6.086s][info][gc,phases] GC(171) y: Pause Mark End 0.011ms
[6.086s][info][gc,phases] GC(171) y: Concurrent Mark Free 0.001ms
[6.086s][info][gc,phases] GC(171) y: Concurrent Reset Relocation Set 0.010ms
[6.087s][info][gc,phases] GC(171) y: Concurrent Select Relocation Set 0.782ms
[6.087s][info][gc,phases] GC(171) y: Pause Relocate Start 0.004ms
[6.094s][info][gc,phases] GC(171) y: Concurrent Relocate 6.094ms
[6.094s][info][gc,phases] GC(171) y: Young Generation 1574M(77%)->1196M(58%) 0.020s
[6.094s][info][gc       ] GC(171) Minor Collection (Allocation Rate) 1572M(77%)->1200M(59%) 0.020s
[6.126s][info][gc       ] GC(172) Minor Collection (Allocation Rate)
[6.126s][info][gc,phases] GC(172) y: Young Generation
[6.126s][info][gc,phases] GC(172) y: Pause Mark Start 0.009ms
[6.138s][info][gc,phases] GC(172) y: Concurrent Mark 11.681ms
[6.138s][info][gc,phases] GC(172) y: Pause Mark End 0.011ms
[6.138s][info][gc,phases] GC(172) y: Concurrent Mark Free 0.001ms
[6.138s][info][gc,phases] GC(172) y: Concurrent Reset Relocation Set 0.013ms
[6.139s][info][gc,phases] GC(172) y: Concurrent Select Relocation Set 0.395ms
[6.139s][info][gc,phases] GC(172) y: Pause Relocate Start 0.004ms
[6.144s][info][gc,phases] GC(172) y: Concurrent Relocate 4.957ms
[6.144s][info][gc,phases] GC(172) y: Young Generation 1520M(74%)->1108M(54%) 0.018s
[6.144s][info][gc       ] GC(172) Minor Collection (Allocation Rate) 1518M(74%)->1112M(54%) 0.019s
[6.184s][info][gc       ] GC(173) Minor Collection (Allocation Rate)
[6.184s][info][gc,phases] GC(173) y: Young Generation
[6.185s][info][gc,phases] GC(173) y: Pause Mark Start 0.011ms
[6.197s][info][gc,phases] GC(173) y: Concurrent Mark 12.558ms
[6.198s][info][gc,phases] GC(173) y: Pause Mark End 0.011ms
[6.198s][info][gc,phases] GC(173) y: Concurrent Mark Free 0.001ms
[6.198s][info][gc,phases] GC(173) y: Concurrent Reset Relocation Set 0.009ms
[6.198s][info][gc,phases] GC(173) y: Concurrent Select Relocation Set 0.574ms
[6.199s][info][gc,phases] GC(173) y: Pause Relocate Start 0.004ms
[6.204s][info][gc,phases] GC(173) y: Concurrent Relocate 5.163ms
[6.204s][info][gc,phases] GC(173) y: Young Generation 1512M(74%)->1130M(55%) 0.020s
[6.204s][info][gc       ] GC(173) Minor Collection (Allocation Rate) 1512M(74%)->1132M(55%) 0.020s
[6.245s][info][gc       ] GC(174) Minor Collection (Allocation Rate)
[6.245s][info][gc,phases] GC(174) y: Young Generation
[6.245s][info][gc,phases] GC(174) y: Pause Mark Start 0.009ms
[6.258s][info][gc,phases] GC(174) y: Concurrent Mark 12.514ms
[6.258s][info][gc,phases] GC(174) y: Pause Mark End 0.011ms
[6.259s][info][gc,phases] GC(174) y: Concurrent Mark Free 0.001ms
[6.259s][info][gc,phases] GC(174) y: Concurrent Reset Relocation Set 0.010ms
[6.259s][info][gc,phases] GC(174) y: Concurrent Select Relocation Set 0.576ms
[6.260s][info][gc,phases] GC(174) y: Pause Relocate Start 0.004ms
[6.265s][info][gc,phases] GC(174) y: Concurrent Relocate 5.230ms
[6.265s][info][gc,phases] GC(174) y: Young Generation 1540M(75%)->1140M(56%) 0.020s
[6.265s][info][gc       ] GC(174) Minor Collection (Allocation Rate) 1538M(75%)->1142M(56%) 0.020s
[6.306s][info][gc       ] GC(175) Minor Collection (Allocation Rate)
[6.306s][info][gc,phases] GC(175) y: Young Generation
[6.306s][info][gc,phases] GC(175) y: Pause Mark Start 0.008ms
[6.319s][info][gc,phases] GC(175) y: Concurrent Mark 12.238ms
[6.319s][info][gc,phases] GC(175) y: Pause Mark End 0.011ms
[6.319s][info][gc,phases] GC(175) y: Concurrent Mark Free 0.002ms
[6.319s][info][gc,phases] GC(175) y: Concurrent Reset Relocation Set 0.012ms
[6.320s][info][gc,phases] GC(175) y: Concurrent Select Relocation Set 0.546ms
[6.320s][info][gc,phases] GC(175) y: Pause Relocate Start 0.007ms
[6.325s][info][gc,phases] GC(175) y: Concurrent Relocate 5.290ms
[6.326s][info][gc,phases] GC(175) y: Young Generation 1550M(76%)->1148M(56%) 0.020s
[6.326s][info][gc       ] GC(175) Minor Collection (Allocation Rate) 1548M(76%)->1152M(56%) 0.020s
[6.368s][info][gc       ] GC(176) Minor Collection (Allocation Rate)
[6.368s][info][gc,phases] GC(176) y: Young Generation
[6.368s][info][gc,phases] GC(176) y: Pause Mark Start 0.008ms
[6.381s][info][gc,phases] GC(176) y: Concurrent Mark 12.815ms
[6.382s][info][gc,phases] GC(176) y: Pause Mark End 0.011ms
[6.382s][info][gc,phases] GC(176) y: Concurrent Mark Free 0.002ms
[6.382s][info][gc,phases] GC(176) y: Concurrent Reset Relocation Set 0.013ms
[6.382s][info][gc,phases] GC(176) y: Concurrent Select Relocation Set 0.550ms
[6.383s][info][gc,phases] GC(176) y: Pause Relocate Start 0.004ms
[6.388s][info][gc,phases] GC(176) y: Concurrent Relocate 5.175ms
[6.388s][info][gc,phases] GC(176) y: Young Generation 1576M(77%)->1164M(57%) 0.020s
[6.388s][info][gc       ] GC(176) Minor Collection (Allocation Rate) 1574M(77%)->1164M(57%) 0.020s
[6.432s][info][gc       ] GC(177) Major Collection (Allocation Rate)
[6.432s][info][gc,phases] GC(177) Y: Young Generation
[6.432s][info][gc,phases] GC(177) Y: Pause Mark Start (Major) 0.009ms
[6.441s][info][gc,phases] GC(177) Y: Concurrent Mark 8.326ms
[6.441s][info][gc,phases] GC(177) Y: Pause Mark End 0.011ms
[6.441s][info][gc,phases] GC(177) Y: Concurrent Mark Free 0.002ms
[6.441s][info][gc,phases] GC(177) Y: Concurrent Reset Relocation Set 0.011ms
[6.442s][info][gc,phases] GC(177) Y: Concurrent Select Relocation Set 0.695ms
[6.442s][info][gc,phases] GC(177) Y: Pause Relocate Start 0.011ms
[6.448s][info][gc,phases] GC(177) Y: Concurrent Relocate 5.405ms
[6.448s][info][gc,phases] GC(177) Y: Young Generation 1604M(78%)->1208M(59%) 0.016s
[6.448s][info][gc,phases] GC(177) O: Old Generation
[6.478s][info][gc       ] GC(178) Minor Collection (Allocation Rate)
[6.478s][info][gc,phases] GC(178) y: Young Generation
[6.478s][info][gc,phases] GC(178) y: Pause Mark Start 0.009ms
[6.486s][info][gc,phases] GC(178) y: Concurrent Mark 8.167ms
[6.487s][info][gc,phases] GC(178) y: Pause Mark End 0.012ms
[6.487s][info][gc,phases] GC(178) y: Concurrent Mark Free 0.001ms
[6.487s][info][gc,phases] GC(178) y: Concurrent Reset Relocation Set 0.012ms
[6.487s][info][gc,phases] GC(178) y: Concurrent Select Relocation Set 0.209ms
[6.487s][info][gc,phases] GC(178) y: Pause Relocate Start 0.004ms
[6.491s][info][gc,phases] GC(178) y: Concurrent Relocate 3.790ms
[6.492s][info][gc,phases] GC(178) y: Young Generation 1504M(73%)->1126M(55%) 0.014s
[6.492s][info][gc       ] GC(178) Minor Collection (Allocation Rate) 1502M(73%)->1128M(55%) 0.014s
[6.520s][info][gc,phases] GC(177) O: Concurrent Mark 72.215ms
[6.520s][info][gc,phases] GC(177) O: Pause Mark End 0.012ms
[6.521s][info][gc,phases] GC(177) O: Concurrent Mark Free 0.001ms
[6.525s][info][gc,phases] GC(177) O: Concurrent Process Non-Strong 4.548ms
[6.525s][info][gc,phases] GC(177) O: Concurrent Reset Relocation Set 0.002ms
[6.526s][info][gc,phases] GC(177) O: Concurrent Select Relocation Set 0.202ms
[6.531s][info][gc,phases] GC(177) O: Concurrent Remap Roots 5.561ms
[6.532s][info][gc,phases] GC(177) O: Pause Relocate Start 0.011ms
[6.533s][info][gc,phases] GC(177) O: Concurrent Relocate 1.514ms
[6.533s][info][gc,phases] GC(177) O: Old Generation 1210M(59%)->1338M(65%) 0.085s
[6.533s][info][gc       ] GC(177) Major Collection (Allocation Rate) 1602M(78%)->1338M(65%) 0.102s
[6.556s][info][gc       ] GC(179) Minor Collection (Allocation Rate)
[6.556s][info][gc,phases] GC(179) y: Young Generation
[6.556s][info][gc,phases] GC(179) y: Pause Mark Start 0.008ms
[6.570s][info][gc,phases] GC(179) y: Concurrent Mark 13.755ms
[6.571s][info][gc,phases] GC(179) y: Pause Mark End 0.012ms
[6.571s][info][gc,phases] GC(179) y: Concurrent Mark Free 0.001ms
[6.571s][info][gc,phases] GC(179) y: Concurrent Reset Relocation Set 0.008ms
[6.572s][info][gc,phases] GC(179) y: Concurrent Select Relocation Set 0.878ms
[6.572s][info][gc,phases] GC(179) y: Pause Relocate Start 0.007ms
[6.579s][info][gc,phases] GC(179) y: Concurrent Relocate 6.622ms
[6.579s][info][gc,phases] GC(179) y: Young Generation 1560M(76%)->1034M(50%) 0.023s
[6.579s][info][gc       ] GC(179) Minor Collection (Allocation Rate) 1558M(76%)->1034M(50%) 0.023s
[6.606s][info][gc       ] GC(180) Minor Collection (Allocation Rate)
[6.606s][info][gc,phases] GC(180) y: Young Generation
[6.607s][info][gc,phases] GC(180) y: Pause Mark Start 0.010ms
[6.619s][info][gc,phases] GC(180) y: Concurrent Mark 12.249ms
[6.619s][info][gc,phases] GC(180) y: Pause Mark End 0.015ms
[6.619s][info][gc,phases] GC(180) y: Concurrent Mark Free 0.002ms
[6.619s][info][gc,phases] GC(180) y: Concurrent Reset Relocation Set 0.015ms
[6.620s][info][gc,phases] GC(180) y: Concurrent Select Relocation Set 0.650ms
[6.620s][info][gc,phases] GC(180) y: Pause Relocate Start 0.007ms
[6.625s][info][gc,phases] GC(180) y: Concurrent Relocate 4.416ms
[6.625s][info][gc,phases] GC(180) y: Young Generation 1296M(63%)->1096M(54%) 0.019s
[6.625s][info][gc       ] GC(180) Minor Collection (Allocation Rate) 1294M(63%)->1100M(54%) 0.019s
[6.654s][info][gc       ] GC(181) Minor Collection (Allocation Rate)
[6.654s][info][gc,phases] GC(181) y: Young Generation
[6.654s][info][gc,phases] GC(181) y: Pause Mark Start 0.008ms
[6.666s][info][gc,phases] GC(181) y: Concurrent Mark 11.740ms
[6.666s][info][gc,phases] GC(181) y: Pause Mark End 0.011ms
[6.666s][info][gc,phases] GC(181) y: Concurrent Mark Free 0.002ms
[6.666s][info][gc,phases] GC(181) y: Concurrent Reset Relocation Set 0.012ms
[6.667s][info][gc,phases] GC(181) y: Concurrent Select Relocation Set 0.378ms
[6.667s][info][gc,phases] GC(181) y: Pause Relocate Start 0.004ms
[6.672s][info][gc,phases] GC(181) y: Concurrent Relocate 4.970ms
[6.672s][info][gc,phases] GC(181) y: Young Generation 1428M(70%)->1010M(49%) 0.019s
[6.672s][info][gc       ] GC(181) Minor Collection (Allocation Rate) 1426M(70%)->1014M(50%) 0.019s
[6.721s][info][gc       ] GC(182) Minor Collection (Allocation Rate)
[6.721s][info][gc,phases] GC(182) y: Young Generation
[6.722s][info][gc,phases] GC(182) y: Pause Mark Start 0.009ms
[6.734s][info][gc,phases] GC(182) y: Concurrent Mark 11.698ms
[6.734s][info][gc,phases] GC(182) y: Pause Mark End 0.017ms
[6.734s][info][gc,phases] GC(182) y: Concurrent Mark Free 0.001ms
[6.734s][info][gc,phases] GC(182) y: Concurrent Reset Relocation Set 0.009ms
[6.735s][info][gc,phases] GC(182) y: Concurrent Select Relocation Set 0.700ms
[6.735s][info][gc,phases] GC(182) y: Pause Relocate Start 0.006ms
[6.741s][info][gc,phases] GC(182) y: Concurrent Relocate 5.947ms
[6.741s][info][gc,phases] GC(182) y: Young Generation 1486M(73%)->1132M(55%) 0.020s
[6.741s][info][gc       ] GC(182) Minor Collection (Allocation Rate) 1484M(72%)->1136M(55%) 0.020s
[6.761s][info][gc       ] GC(183) Minor Collection (Allocation Rate)
[6.761s][info][gc,phases] GC(183) y: Young Generation
[6.761s][info][gc,phases] GC(183) y: Pause Mark Start 0.009ms
[6.773s][info][gc,phases] GC(183) y: Concurrent Mark 11.788ms
[6.774s][info][gc,phases] GC(183) y: Pause Mark End 0.012ms
[6.774s][info][gc,phases] GC(183) y: Concurrent Mark Free 0.001ms
[6.774s][info][gc,phases] GC(183) y: Concurrent Reset Relocation Set 0.012ms
[6.774s][info][gc,phases] GC(183) y: Concurrent Select Relocation Set 0.363ms
[6.775s][info][gc,phases] GC(183) y: Pause Relocate Start 0.004ms
[6.780s][info][gc,phases] GC(183) y: Concurrent Relocate 4.897ms
[6.780s][info][gc,phases] GC(183) y: Young Generation 1436M(70%)->1062M(52%) 0.019s
[6.780s][info][gc       ] GC(183) Minor Collection (Allocation Rate) 1436M(70%)->1066M(52%) 0.019s
[6.815s][info][gc       ] GC(184) Minor Collection (Allocation Rate)
[6.815s][info][gc,phases] GC(184) y: Young Generation
[6.815s][info][gc,phases] GC(184) y: Pause Mark Start 0.008ms
[6.827s][info][gc,phases] GC(184) y: Concurrent Mark 11.948ms
[6.828s][info][gc,phases] GC(184) y: Pause Mark End 0.011ms
[6.828s][info][gc,phases] GC(184) y: Concurrent Mark Free 0.001ms
[6.828s][info][gc,phases] GC(184) y: Concurrent Reset Relocation Set 0.008ms
[6.829s][info][gc,phases] GC(184) y: Concurrent Select Relocation Set 0.597ms
[6.829s][info][gc,phases] GC(184) y: Pause Relocate Start 0.004ms
[6.834s][info][gc,phases] GC(184) y: Concurrent Relocate 5.022ms
[6.834s][info][gc,phases] GC(184) y: Young Generation 1446M(71%)->1048M(51%) 0.019s
[6.834s][info][gc       ] GC(184) Minor Collection (Allocation Rate) 1444M(71%)->1052M(51%) 0.019s
[6.880s][info][gc       ] GC(185) Minor Collection (Allocation Rate)
[6.880s][info][gc,phases] GC(185) y: Young Generation
[6.880s][info][gc,phases] GC(185) y: Pause Mark Start 0.008ms
[6.894s][info][gc,phases] GC(185) y: Concurrent Mark 13.402ms
[6.894s][info][gc,phases] GC(185) y: Pause Mark End 0.011ms
[6.894s][info][gc,phases] GC(185) y: Concurrent Mark Free 0.001ms
[6.894s][info][gc,phases] GC(185) y: Concurrent Reset Relocation Set 0.013ms
[6.895s][info][gc,phases] GC(185) y: Concurrent Select Relocation Set 0.619ms
[6.895s][info][gc,phases] GC(185) y: Pause Relocate Start 0.005ms
[6.901s][info][gc,phases] GC(185) y: Concurrent Relocate 5.989ms
[6.901s][info][gc,phases] GC(185) y: Young Generation 1534M(75%)->1080M(53%) 0.021s
[6.901s][info][gc       ] GC(185) Minor Collection (Allocation Rate) 1530M(75%)->1080M(53%) 0.022s
[6.934s][info][gc       ] GC(186) Minor Collection (Allocation Rate)
[6.934s][info][gc,phases] GC(186) y: Young Generation
[6.934s][info][gc,phases] GC(186) y: Pause Mark Start 0.009ms
[6.946s][info][gc,phases] GC(186) y: Concurrent Mark 12.223ms
[6.947s][info][gc,phases] GC(186) y: Pause Mark End 0.012ms
[6.947s][info][gc,phases] GC(186) y: Concurrent Mark Free 0.001ms
[6.947s][info][gc,phases] GC(186) y: Concurrent Reset Relocation Set 0.012ms
[6.947s][info][gc,phases] GC(186) y: Concurrent Select Relocation Set 0.408ms
[6.948s][info][gc,phases] GC(186) y: Pause Relocate Start 0.004ms
[6.952s][info][gc,phases] GC(186) y: Concurrent Relocate 4.255ms
[6.952s][info][gc,phases] GC(186) y: Young Generation 1384M(68%)->1062M(52%) 0.018s
[6.952s][info][gc       ] GC(186) Minor Collection (Allocation Rate) 1384M(68%)->1062M(52%) 0.019s
[6.989s][info][gc       ] GC(187) Minor Collection (Allocation Rate)
[6.989s][info][gc,phases] GC(187) y: Young Generation
[6.989s][info][gc,phases] GC(187) y: Pause Mark Start 0.013ms
[7.001s][info][gc,phases] GC(187) y: Concurrent Mark 11.973ms
[7.002s][info][gc,phases] GC(187) y: Pause Mark End 0.011ms
[7.002s][info][gc,phases] GC(187) y: Concurrent Mark Free 0.002ms
[7.002s][info][gc,phases] GC(187) y: Concurrent Reset Relocation Set 0.008ms
[7.003s][info][gc,phases] GC(187) y: Concurrent Select Relocation Set 0.959ms
[7.003s][info][gc,phases] GC(187) y: Pause Relocate Start 0.005ms
[7.008s][info][gc,phases] GC(187) y: Concurrent Relocate 5.153ms
[7.009s][info][gc,phases] GC(187) y: Young Generation 1412M(69%)->1162M(57%) 0.020s
[7.009s][info][gc       ] GC(187) Minor Collection (Allocation Rate) 1410M(69%)->1166M(57%) 0.020s
[7.046s][info][gc       ] GC(188) Minor Collection (Allocation Rate)
[7.046s][info][gc,phases] GC(188) y: Young Generation
[7.046s][info][gc,phases] GC(188) y: Pause Mark Start 0.009ms
[7.058s][info][gc,phases] GC(188) y: Concurrent Mark 12.121ms
[7.059s][info][gc,phases] GC(188) y: Pause Mark End 0.012ms
[7.059s][info][gc,phases] GC(188) y: Concurrent Mark Free 0.002ms
[7.059s][info][gc,phases] GC(188) y: Concurrent Reset Relocation Set 0.013ms
[7.059s][info][gc,phases] GC(188) y: Concurrent Select Relocation Set 0.377ms
[7.060s][info][gc,phases] GC(188) y: Pause Relocate Start 0.005ms
[7.065s][info][gc,phases] GC(188) y: Concurrent Relocate 4.997ms
[7.065s][info][gc,phases] GC(188) y: Young Generation 1516M(74%)->1082M(53%) 0.019s
[7.065s][info][gc       ] GC(188) Minor Collection (Allocation Rate) 1512M(74%)->1086M(53%) 0.019s
[7.115s][info][gc       ] GC(189) Minor Collection (Allocation Rate)
[7.115s][info][gc,phases] GC(189) y: Young Generation
[7.116s][info][gc,phases] GC(189) y: Pause Mark Start 0.012ms
[7.128s][info][gc,phases] GC(189) y: Concurrent Mark 12.344ms
[7.129s][info][gc,phases] GC(189) y: Pause Mark End 0.011ms
[7.129s][info][gc,phases] GC(189) y: Concurrent Mark Free 0.001ms
[7.129s][info][gc,phases] GC(189) y: Concurrent Reset Relocation Set 0.009ms
[7.129s][info][gc,phases] GC(189) y: Concurrent Select Relocation Set 0.454ms
[7.129s][info][gc,phases] GC(189) y: Pause Relocate Start 0.004ms
[7.135s][info][gc,phases] GC(189) y: Concurrent Relocate 5.467ms
[7.135s][info][gc,phases] GC(189) y: Young Generation 1570M(77%)->1102M(54%) 0.020s
[7.135s][info][gc       ] GC(189) Minor Collection (Allocation Rate) 1570M(77%)->1104M(54%) 0.020s
[7.184s][info][gc       ] GC(190) Minor Collection (Allocation Rate)
[7.185s][info][gc,phases] GC(190) y: Young Generation
[7.185s][info][gc,phases] GC(190) y: Pause Mark Start 0.008ms
[7.198s][info][gc,phases] GC(190) y: Concurrent Mark 13.003ms
[7.198s][info][gc,phases] GC(190) y: Pause Mark End 0.011ms
[7.198s][info][gc,phases] GC(190) y: Concurrent Mark Free 0.001ms
[7.199s][info][gc,phases] GC(190) y: Concurrent Reset Relocation Set 0.010ms
[7.199s][info][gc,phases] GC(190) y: Concurrent Select Relocation Set 0.497ms
[7.199s][info][gc,phases] GC(190) y: Pause Relocate Start 0.005ms
[7.205s][info][gc,phases] GC(190) y: Concurrent Relocate 5.669ms
[7.205s][info][gc,phases] GC(190) y: Young Generation 1570M(77%)->1124M(55%) 0.021s
[7.205s][info][gc       ] GC(190) Minor Collection (Allocation Rate) 1568M(77%)->1126M(55%) 0.021s
[7.244s][info][gc       ] GC(191) Minor Collection (Allocation Rate)
[7.244s][info][gc,phases] GC(191) y: Young Generation
[7.244s][info][gc,phases] GC(191) y: Pause Mark Start 0.009ms
[7.258s][info][gc,phases] GC(191) y: Concurrent Mark 13.314ms
[7.258s][info][gc,phases] GC(191) y: Pause Mark End 0.012ms
[7.258s][info][gc,phases] GC(191) y: Concurrent Mark Free 0.002ms
[7.258s][info][gc,phases] GC(191) y: Concurrent Reset Relocation Set 0.011ms
[7.259s][info][gc,phases] GC(191) y: Concurrent Select Relocation Set 0.717ms
[7.259s][info][gc,phases] GC(191) y: Pause Relocate Start 0.009ms
[7.265s][info][gc,phases] GC(191) y: Concurrent Relocate 5.434ms
[7.265s][info][gc,phases] GC(191) y: Young Generation 1550M(76%)->1138M(56%) 0.021s
[7.265s][info][gc       ] GC(191) Minor Collection (Allocation Rate) 1546M(75%)->1142M(56%) 0.021s
[7.309s][info][gc       ] GC(192) Minor Collection (Allocation Rate)
[7.309s][info][gc,phases] GC(192) y: Young Generation
[7.309s][info][gc,phases] GC(192) y: Pause Mark Start 0.009ms
[7.322s][info][gc,phases] GC(192) y: Concurrent Mark 12.702ms
[7.322s][info][gc,phases] GC(192) y: Pause Mark End 0.012ms
[7.322s][info][gc,phases] GC(192) y: Concurrent Mark Free 0.002ms
[7.322s][info][gc,phases] GC(192) y: Concurrent Reset Relocation Set 0.012ms
[7.323s][info][gc,phases] GC(192) y: Concurrent Select Relocation Set 0.505ms
[7.323s][info][gc,phases] GC(192) y: Pause Relocate Start 0.005ms
[7.329s][info][gc,phases] GC(192) y: Concurrent Relocate 5.467ms
[7.329s][info][gc,phases] GC(192) y: Young Generation 1558M(76%)->1140M(56%) 0.020s
[7.329s][info][gc       ] GC(192) Minor Collection (Allocation Rate) 1556M(76%)->1142M(56%) 0.021s
[7.374s][info][gc       ] GC(193) Minor Collection (Allocation Rate)
[7.374s][info][gc,phases] GC(193) y: Young Generation
[7.374s][info][gc,phases] GC(193) y: Pause Mark Start 0.008ms
[7.388s][info][gc,phases] GC(193) y: Concurrent Mark 13.517ms
[7.388s][info][gc,phases] GC(193) y: Pause Mark End 0.012ms
[7.388s][info][gc,phases] GC(193) y: Concurrent Mark Free 0.002ms
[7.388s][info][gc,phases] GC(193) y: Concurrent Reset Relocation Set 0.012ms
[7.389s][info][gc,phases] GC(193) y: Concurrent Select Relocation Set 0.670ms
[7.389s][info][gc,phases] GC(193) y: Pause Relocate Start 0.004ms
[7.395s][info][gc,phases] GC(193) y: Concurrent Relocate 5.883ms
[7.395s][info][gc,phases] GC(193) y: Young Generation 1570M(77%)->1266M(62%) 0.021s
[7.395s][info][gc       ] GC(193) Minor Collection (Allocation Rate) 1566M(76%)->1270M(62%) 0.022s
[7.416s][info][gc       ] GC(194) Major Collection (Allocation Rate)
[7.416s][info][gc,phases] GC(194) Y: Young Generation
[7.416s][info][gc,phases] GC(194) Y: Pause Mark Start (Major) 0.010ms
[7.424s][info][gc,phases] GC(194) Y: Concurrent Mark 8.003ms
[7.425s][info][gc,phases] GC(194) Y: Pause Mark End 0.011ms
[7.425s][info][gc,phases] GC(194) Y: Concurrent Mark Free 0.001ms
[7.425s][info][gc,phases] GC(194) Y: Concurrent Reset Relocation Set 0.012ms
[7.425s][info][gc,phases] GC(194) Y: Concurrent Select Relocation Set 0.355ms
[7.425s][info][gc,phases] GC(194) Y: Pause Relocate Start 0.004ms
[7.430s][info][gc,phases] GC(194) Y: Concurrent Relocate 4.370ms
[7.430s][info][gc,phases] GC(194) Y: Young Generation 1498M(73%)->1106M(54%) 0.014s
[7.430s][info][gc,phases] GC(194) O: Old Generation
[7.460s][info][gc       ] GC(195) Minor Collection (Allocation Rate)
[7.461s][info][gc,phases] GC(195) y: Young Generation
[7.461s][info][gc,phases] GC(195) y: Pause Mark Start 0.009ms
[7.469s][info][gc,phases] GC(195) y: Concurrent Mark 7.779ms
[7.469s][info][gc,phases] GC(195) y: Pause Mark End 0.012ms
[7.469s][info][gc,phases] GC(195) y: Concurrent Mark Free 0.000ms
[7.469s][info][gc,phases] GC(195) y: Concurrent Reset Relocation Set 0.008ms
[7.469s][info][gc,phases] GC(195) y: Concurrent Select Relocation Set 0.196ms
[7.470s][info][gc,phases] GC(195) y: Pause Relocate Start 0.004ms
[7.473s][info][gc,phases] GC(195) y: Concurrent Relocate 3.415ms
[7.473s][info][gc,phases] GC(195) y: Young Generation 1396M(68%)->1102M(54%) 0.013s
[7.473s][info][gc       ] GC(195) Minor Collection (Allocation Rate) 1394M(68%)->1104M(54%) 0.013s
[7.502s][info][gc,phases] GC(194) O: Concurrent Mark 71.980ms
[7.502s][info][gc,phases] GC(194) O: Pause Mark End 0.012ms
[7.503s][info][gc,phases] GC(194) O: Concurrent Mark Free 0.001ms
[7.507s][info][gc,phases] GC(194) O: Concurrent Process Non-Strong 4.545ms
[7.507s][info][gc,phases] GC(194) O: Concurrent Reset Relocation Set 0.002ms
[7.508s][info][gc,phases] GC(194) O: Concurrent Select Relocation Set 0.201ms
[7.513s][info][gc,phases] GC(194) O: Concurrent Remap Roots 5.585ms
[7.514s][info][gc,phases] GC(194) O: Pause Relocate Start 0.010ms
[7.516s][info][gc,phases] GC(194) O: Concurrent Relocate 2.148ms
[7.516s][info][gc,phases] GC(194) O: Old Generation 1110M(54%)->1318M(64%) 0.086s
[7.516s][info][gc       ] GC(194) Major Collection (Allocation Rate) 1496M(73%)->1320M(64%) 0.100s
[7.537s][info][gc       ] GC(196) Minor Collection (Allocation Rate)
[7.537s][info][gc,phases] GC(196) y: Young Generation
[7.537s][info][gc,phases] GC(196) y: Pause Mark Start 0.008ms
[7.551s][info][gc,phases] GC(196) y: Concurrent Mark 13.034ms
[7.551s][info][gc,phases] GC(196) y: Pause Mark End 0.014ms
[7.551s][info][gc,phases] GC(196) y: Concurrent Mark Free 0.000ms
[7.551s][info][gc,phases] GC(196) y: Concurrent Reset Relocation Set 0.007ms
[7.552s][info][gc,phases] GC(196) y: Concurrent Select Relocation Set 0.751ms
[7.552s][info][gc,phases] GC(196) y: Pause Relocate Start 0.005ms
[7.559s][info][gc,phases] GC(196) y: Concurrent Relocate 6.557ms
[7.559s][info][gc,phases] GC(196) y: Young Generation 1532M(75%)->1078M(53%) 0.022s
[7.559s][info][gc       ] GC(196) Minor Collection (Allocation Rate) 1528M(75%)->1078M(53%) 0.022s
[7.581s][info][gc       ] GC(197) Minor Collection (Allocation Rate)
[7.581s][info][gc,phases] GC(197) y: Young Generation
[7.581s][info][gc,phases] GC(197) y: Pause Mark Start 0.008ms
[7.592s][info][gc,phases] GC(197) y: Concurrent Mark 11.102ms
[7.592s][info][gc,phases] GC(197) y: Pause Mark End 0.011ms
[7.593s][info][gc,phases] GC(197) y: Concurrent Mark Free 0.001ms
[7.593s][info][gc,phases] GC(197) y: Concurrent Reset Relocation Set 0.016ms
[7.593s][info][gc,phases] GC(197) y: Concurrent Select Relocation Set 0.347ms
[7.593s][info][gc,phases] GC(197) y: Pause Relocate Start 0.004ms
[7.597s][info][gc,phases] GC(197) y: Concurrent Relocate 3.986ms
[7.597s][info][gc,phases] GC(197) y: Young Generation 1302M(64%)->982M(48%) 0.017s
[7.598s][info][gc       ] GC(197) Minor Collection (Allocation Rate) 1302M(64%)->986M(48%) 0.017s
[7.644s][info][gc       ] GC(198) Minor Collection (Allocation Rate)
[7.645s][info][gc,phases] GC(198) y: Young Generation
[7.645s][info][gc,phases] GC(198) y: Pause Mark Start 0.008ms
[7.656s][info][gc,phases] GC(198) y: Concurrent Mark 10.922ms
[7.656s][info][gc,phases] GC(198) y: Pause Mark End 0.014ms
[7.656s][info][gc,phases] GC(198) y: Concurrent Mark Free 0.002ms
[7.656s][info][gc,phases] GC(198) y: Concurrent Reset Relocation Set 0.007ms
[7.657s][info][gc,phases] GC(198) y: Concurrent Select Relocation Set 0.712ms
[7.657s][info][gc,phases] GC(198) y: Pause Relocate Start 0.004ms
[7.663s][info][gc,phases] GC(198) y: Concurrent Relocate 5.458ms
[7.663s][info][gc,phases] GC(198) y: Young Generation 1454M(71%)->1130M(55%) 0.019s
[7.663s][info][gc       ] GC(198) Minor Collection (Allocation Rate) 1454M(71%)->1138M(56%) 0.019s
[7.688s][info][gc       ] GC(199) Minor Collection (Allocation Rate)
[7.689s][info][gc,phases] GC(199) y: Young Generation
[7.689s][info][gc,phases] GC(199) y: Pause Mark Start 0.009ms
[7.700s][info][gc,phases] GC(199) y: Concurrent Mark 11.318ms
[7.701s][info][gc,phases] GC(199) y: Pause Mark End 0.012ms
[7.701s][info][gc,phases] GC(199) y: Concurrent Mark Free 0.001ms
[7.701s][info][gc,phases] GC(199) y: Concurrent Reset Relocation Set 0.013ms
[7.701s][info][gc,phases] GC(199) y: Concurrent Select Relocation Set 0.369ms
[7.702s][info][gc,phases] GC(199) y: Pause Relocate Start 0.006ms
[7.707s][info][gc,phases] GC(199) y: Concurrent Relocate 5.075ms
[7.707s][info][gc,phases] GC(199) y: Young Generation 1424M(70%)->1018M(50%) 0.018s
[7.707s][info][gc       ] GC(199) Minor Collection (Allocation Rate) 1420M(69%)->1022M(50%) 0.019s
[7.752s][info][gc       ] GC(200) Minor Collection (Allocation Rate)
[7.752s][info][gc,phases] GC(200) y: Young Generation
[7.752s][info][gc,phases] GC(200) y: Pause Mark Start 0.014ms
[7.764s][info][gc,phases] GC(200) y: Concurrent Mark 11.527ms
[7.764s][info][gc,phases] GC(200) y: Pause Mark End 0.011ms
[7.764s][info][gc,phases] GC(200) y: Concurrent Mark Free 0.002ms
[7.764s][info][gc,phases] GC(200) y: Concurrent Reset Relocation Set 0.008ms
[7.765s][info][gc,phases] GC(200) y: Concurrent Select Relocation Set 0.573ms
[7.765s][info][gc,phases] GC(200) y: Pause Relocate Start 0.006ms
[7.771s][info][gc,phases] GC(200) y: Concurrent Relocate 5.325ms
[7.771s][info][gc,phases] GC(200) y: Young Generation 1482M(72%)->1124M(55%) 0.019s
[7.771s][info][gc       ] GC(200) Minor Collection (Allocation Rate) 1478M(72%)->1128M(55%) 0.019s
[7.808s][info][gc       ] GC(201) Minor Collection (Allocation Rate)
[7.808s][info][gc,phases] GC(201) y: Young Generation
[7.809s][info][gc,phases] GC(201) y: Pause Mark Start 0.009ms
[7.821s][info][gc,phases] GC(201) y: Concurrent Mark 12.348ms
[7.822s][info][gc,phases] GC(201) y: Pause Mark End 0.015ms
[7.822s][info][gc,phases] GC(201) y: Concurrent Mark Free 0.001ms
[7.822s][info][gc,phases] GC(201) y: Concurrent Reset Relocation Set 0.011ms
[7.822s][info][gc,phases] GC(201) y: Concurrent Select Relocation Set 0.349ms
[7.822s][info][gc,phases] GC(201) y: Pause Relocate Start 0.004ms
[7.828s][info][gc,phases] GC(201) y: Concurrent Relocate 5.370ms
[7.828s][info][gc,phases] GC(201) y: Young Generation 1504M(73%)->1058M(52%) 0.020s
[7.828s][info][gc       ] GC(201) Minor Collection (Allocation Rate) 1504M(73%)->1060M(52%) 0.020s
[7.872s][info][gc       ] GC(202) Minor Collection (Allocation Rate)
[7.872s][info][gc,phases] GC(202) y: Young Generation
[7.872s][info][gc,phases] GC(202) y: Pause Mark Start 0.008ms
[7.885s][info][gc,phases] GC(202) y: Concurrent Mark 12.946ms
[7.886s][info][gc,phases] GC(202) y: Pause Mark End 0.010ms
[7.886s][info][gc,phases] GC(202) y: Concurrent Mark Free 0.002ms
[7.886s][info][gc,phases] GC(202) y: Concurrent Reset Relocation Set 0.009ms
[7.887s][info][gc,phases] GC(202) y: Concurrent Select Relocation Set 0.789ms
[7.887s][info][gc,phases] GC(202) y: Pause Relocate Start 0.004ms
[7.893s][info][gc,phases] GC(202) y: Concurrent Relocate 5.585ms
[7.893s][info][gc,phases] GC(202) y: Young Generation 1500M(73%)->1080M(53%) 0.021s
[7.893s][info][gc       ] GC(202) Minor Collection (Allocation Rate) 1500M(73%)->1082M(53%) 0.021s
[7.930s][info][gc       ] GC(203) Minor Collection (Allocation Rate)
[7.931s][info][gc,phases] GC(203) y: Young Generation
[7.931s][info][gc,phases] GC(203) y: Pause Mark Start 0.009ms
[7.943s][info][gc,phases] GC(203) y: Concurrent Mark 12.345ms
[7.944s][info][gc,phases] GC(203) y: Pause Mark End 0.010ms
[7.944s][info][gc,phases] GC(203) y: Concurrent Mark Free 0.001ms
[7.944s][info][gc,phases] GC(203) y: Concurrent Reset Relocation Set 0.012ms
[7.944s][info][gc,phases] GC(203) y: Concurrent Select Relocation Set 0.603ms
[7.945s][info][gc,phases] GC(203) y: Pause Relocate Start 0.004ms
[7.950s][info][gc,phases] GC(203) y: Concurrent Relocate 5.005ms
[7.950s][info][gc,phases] GC(203) y: Young Generation 1462M(71%)->1076M(53%) 0.019s
[7.950s][info][gc       ] GC(203) Minor Collection (Allocation Rate) 1462M(71%)->1078M(53%) 0.020s
[7.995s][info][gc       ] GC(204) Minor Collection (Allocation Rate)
[7.996s][info][gc,phases] GC(204) y: Young Generation
[7.996s][info][gc,phases] GC(204) y: Pause Mark Start 0.008ms
[8.008s][info][gc,phases] GC(204) y: Concurrent Mark 12.345ms
[8.009s][info][gc,phases] GC(204) y: Pause Mark End 0.011ms
[8.009s][info][gc,phases] GC(204) y: Concurrent Mark Free 0.001ms
[8.009s][info][gc,phases] GC(204) y: Concurrent Reset Relocation Set 0.010ms
[8.010s][info][gc,phases] GC(204) y: Concurrent Select Relocation Set 0.399ms
[8.010s][info][gc,phases] GC(204) y: Pause Relocate Start 0.004ms
[8.016s][info][gc,phases] GC(204) y: Concurrent Relocate 5.499ms
[8.016s][info][gc,phases] GC(204) y: Young Generation 1536M(75%)->1142M(56%) 0.020s
[8.016s][info][gc       ] GC(204) Minor Collection (Allocation Rate) 1534M(75%)->1146M(56%) 0.020s
[8.051s][info][gc       ] GC(205) Minor Collection (Allocation Rate)
[8.051s][info][gc,phases] GC(205) y: Young Generation
[8.051s][info][gc,phases] GC(205) y: Pause Mark Start 0.009ms
[8.064s][info][gc,phases] GC(205) y: Concurrent Mark 12.547ms
[8.064s][info][gc,phases] GC(205) y: Pause Mark End 0.011ms
[8.065s][info][gc,phases] GC(205) y: Concurrent Mark Free 0.001ms
[8.065s][info][gc,phases] GC(205) y: Concurrent Reset Relocation Set 0.012ms
[8.065s][info][gc,phases] GC(205) y: Concurrent Select Relocation Set 0.338ms
[8.065s][info][gc,phases] GC(205) y: Pause Relocate Start 0.004ms
[8.070s][info][gc,phases] GC(205) y: Concurrent Relocate 5.164ms
[8.071s][info][gc,phases] GC(205) y: Young Generation 1534M(75%)->1100M(54%) 0.019s
[8.071s][info][gc       ] GC(205) Minor Collection (Allocation Rate) 1534M(75%)->1102M(54%) 0.020s
[8.115s][info][gc       ] GC(206) Minor Collection (Allocation Rate)
[8.115s][info][gc,phases] GC(206) y: Young Generation
[8.115s][info][gc,phases] GC(206) y: Pause Mark Start 0.009ms
[8.129s][info][gc,phases] GC(206) y: Concurrent Mark 13.099ms
[8.129s][info][gc,phases] GC(206) y: Pause Mark End 0.011ms
[8.129s][info][gc,phases] GC(206) y: Concurrent Mark Free 0.002ms
[8.129s][info][gc,phases] GC(206) y: Concurrent Reset Relocation Set 0.009ms
[8.130s][info][gc,phases] GC(206) y: Concurrent Select Relocation Set 0.772ms
[8.130s][info][gc,phases] GC(206) y: Pause Relocate Start 0.008ms
[8.136s][info][gc,phases] GC(206) y: Concurrent Relocate 5.722ms
[8.136s][info][gc,phases] GC(206) y: Young Generation 1548M(76%)->1126M(55%) 0.021s
[8.136s][info][gc       ] GC(206) Minor Collection (Allocation Rate) 1548M(76%)->1130M(55%) 0.021s
[8.175s][info][gc       ] GC(207) Minor Collection (Allocation Rate)
[8.175s][info][gc,phases] GC(207) y: Young Generation
[8.176s][info][gc,phases] GC(207) y: Pause Mark Start 0.010ms
[8.189s][info][gc,phases] GC(207) y: Concurrent Mark 13.003ms
[8.189s][info][gc,phases] GC(207) y: Pause Mark End 0.011ms
[8.189s][info][gc,phases] GC(207) y: Concurrent Mark Free 0.001ms
[8.189s][info][gc,phases] GC(207) y: Concurrent Reset Relocation Set 0.013ms
[8.190s][info][gc,phases] GC(207) y: Concurrent Select Relocation Set 0.512ms
[8.190s][info][gc,phases] GC(207) y: Pause Relocate Start 0.004ms
[8.196s][info][gc,phases] GC(207) y: Concurrent Relocate 5.179ms
[8.196s][info][gc,phases] GC(207) y: Young Generation 1522M(74%)->1126M(55%) 0.020s
[8.196s][info][gc       ] GC(207) Minor Collection (Allocation Rate) 1522M(74%)->1128M(55%) 0.020s
[8.232s][info][gc       ] GC(208) Minor Collection (Allocation Rate)
[8.232s][info][gc,phases] GC(208) y: Young Generation
[8.232s][info][gc,phases] GC(208) y: Pause Mark Start 0.009ms
[8.244s][info][gc,phases] GC(208) y: Concurrent Mark 11.363ms
[8.244s][info][gc,phases] GC(208) y: Pause Mark End 0.013ms
[8.244s][info][gc,phases] GC(208) y: Concurrent Mark Free 0.001ms
[8.244s][info][gc,phases] GC(208) y: Concurrent Reset Relocation Set 0.010ms
[8.245s][info][gc,phases] GC(208) y: Concurrent Select Relocation Set 0.780ms
[8.245s][info][gc,phases] GC(208) y: Pause Relocate Start 0.005ms
[8.251s][info][gc,phases] GC(208) y: Concurrent Relocate 5.489ms
[8.251s][info][gc,phases] GC(208) y: Young Generation 1534M(75%)->1254M(61%) 0.019s
[8.251s][info][gc       ] GC(208) Minor Collection (Allocation Rate) 1532M(75%)->1258M(61%) 0.019s
[8.271s][info][gc       ] GC(209) Minor Collection (Allocation Rate)
[8.271s][info][gc,phases] GC(209) y: Young Generation
[8.272s][info][gc,phases] GC(209) y: Pause Mark Start 0.008ms
[8.284s][info][gc,phases] GC(209) y: Concurrent Mark 11.781ms
[8.284s][info][gc,phases] GC(209) y: Pause Mark End 0.011ms
[8.284s][info][gc,phases] GC(209) y: Concurrent Mark Free 0.001ms
[8.284s][info][gc,phases] GC(209) y: Concurrent Reset Relocation Set 0.012ms
[8.285s][info][gc,phases] GC(209) y: Concurrent Select Relocation Set 0.360ms
[8.285s][info][gc,phases] GC(209) y: Pause Relocate Start 0.006ms
[8.290s][info][gc,phases] GC(209) y: Concurrent Relocate 4.650ms
[8.290s][info][gc,phases] GC(209) y: Young Generation 1494M(73%)->1124M(55%) 0.018s
[8.290s][info][gc       ] GC(209) Minor Collection (Allocation Rate) 1492M(73%)->1126M(55%) 0.019s
[8.323s][info][gc       ] GC(210) Major Collection (Allocation Rate)
[8.323s][info][gc,phases] GC(210) Y: Young Generation
[8.323s][info][gc,phases] GC(210) Y: Pause Mark Start (Major) 0.009ms
[8.331s][info][gc,phases] GC(210) Y: Concurrent Mark 7.925ms
[8.331s][info][gc,phases] GC(210) Y: Pause Mark End 0.011ms
[8.332s][info][gc,phases] GC(210) Y: Concurrent Mark Free 0.002ms
[8.332s][info][gc,phases] GC(210) Y: Concurrent Reset Relocation Set 0.008ms
[8.332s][info][gc,phases] GC(210) Y: Concurrent Select Relocation Set 0.326ms
[8.332s][info][gc,phases] GC(210) Y: Pause Relocate Start 0.004ms
[8.337s][info][gc,phases] GC(210) Y: Concurrent Relocate 4.222ms
[8.337s][info][gc,phases] GC(210) Y: Young Generation 1456M(71%)->1100M(54%) 0.014s
[8.337s][info][gc,phases] GC(210) O: Old Generation
[8.370s][info][gc       ] GC(211) Minor Collection (Allocation Rate)
[8.370s][info][gc,phases] GC(211) y: Young Generation
[8.371s][info][gc,phases] GC(211) y: Pause Mark Start 0.013ms
[8.379s][info][gc,phases] GC(211) y: Concurrent Mark 8.284ms
[8.379s][info][gc,phases] GC(211) y: Pause Mark End 0.014ms
[8.380s][info][gc,phases] GC(211) y: Concurrent Mark Free 0.001ms
[8.380s][info][gc,phases] GC(211) y: Concurrent Reset Relocation Set 0.007ms
[8.380s][info][gc,phases] GC(211) y: Concurrent Select Relocation Set 0.416ms
[8.380s][info][gc,phases] GC(211) y: Pause Relocate Start 0.006ms
[8.385s][info][gc,phases] GC(211) y: Concurrent Relocate 4.273ms
[8.385s][info][gc,phases] GC(211) y: Young Generation 1434M(70%)->1110M(54%) 0.015s
[8.385s][info][gc       ] GC(211) Minor Collection (Allocation Rate) 1432M(70%)->1110M(54%) 0.015s
[8.409s][info][gc,phases] GC(210) O: Concurrent Mark 72.494ms
[8.410s][info][gc,phases] GC(210) O: Pause Mark End 0.011ms
[8.410s][info][gc,phases] GC(210) O: Concurrent Mark Free 0.001ms
[8.414s][info][gc,phases] GC(210) O: Concurrent Process Non-Strong 4.616ms
[8.415s][info][gc,phases] GC(210) O: Concurrent Reset Relocation Set 0.003ms
[8.415s][info][gc,phases] GC(210) O: Concurrent Select Relocation Set 0.151ms
[8.421s][info][gc,phases] GC(210) O: Concurrent Remap Roots 5.936ms
[8.421s][info][gc,phases] GC(210) O: Pause Relocate Start 0.015ms
[8.422s][info][gc,phases] GC(210) O: Concurrent Relocate 0.939ms
[8.422s][info][gc,phases] GC(210) O: Old Generation 1104M(54%)->1298M(63%) 0.086s
[8.422s][info][gc       ] GC(210) Major Collection (Allocation Rate) 1454M(71%)->1300M(63%) 0.100s
[8.447s][info][gc       ] GC(212) Minor Collection (Allocation Rate)
[8.447s][info][gc,phases] GC(212) y: Young Generation
[8.447s][info][gc,phases] GC(212) y: Pause Mark Start 0.008ms
[8.460s][info][gc,phases] GC(212) y: Concurrent Mark 13.021ms
[8.461s][info][gc,phases] GC(212) y: Pause Mark End 0.013ms
[8.461s][info][gc,phases] GC(212) y: Concurrent Mark Free 0.002ms
[8.461s][info][gc,phases] GC(212) y: Concurrent Reset Relocation Set 0.011ms
[8.462s][info][gc,phases] GC(212) y: Concurrent Select Relocation Set 0.989ms
[8.462s][info][gc,phases] GC(212) y: Pause Relocate Start 0.008ms
[8.469s][info][gc,phases] GC(212) y: Concurrent Relocate 6.528ms
[8.469s][info][gc,phases] GC(212) y: Young Generation 1534M(75%)->1120M(55%) 0.022s
[8.469s][info][gc       ] GC(212) Minor Collection (Allocation Rate) 1532M(75%)->1124M(55%) 0.022s
[8.481s][info][gc       ] GC(213) Minor Collection (Allocation Rate)
[8.481s][info][gc,phases] GC(213) y: Young Generation
[8.482s][info][gc,phases] GC(213) y: Pause Mark Start 0.011ms
[8.492s][info][gc,phases] GC(213) y: Concurrent Mark 9.948ms
[8.492s][info][gc,phases] GC(213) y: Pause Mark End 0.017ms
[8.492s][info][gc,phases] GC(213) y: Concurrent Mark Free 0.002ms
[8.492s][info][gc,phases] GC(213) y: Concurrent Reset Relocation Set 0.015ms
[8.493s][info][gc,phases] GC(213) y: Concurrent Select Relocation Set 0.378ms
[8.493s][info][gc,phases] GC(213) y: Pause Relocate Start 0.006ms
[8.497s][info][gc,phases] GC(213) y: Concurrent Relocate 3.693ms
[8.497s][info][gc,phases] GC(213) y: Young Generation 1242M(61%)->1040M(51%) 0.016s
[8.497s][info][gc       ] GC(213) Minor Collection (Allocation Rate) 1242M(61%)->1042M(51%) 0.016s
[8.536s][info][gc       ] GC(214) Minor Collection (Allocation Rate)
[8.536s][info][gc,phases] GC(214) y: Young Generation
[8.536s][info][gc,phases] GC(214) y: Pause Mark Start 0.008ms
[8.549s][info][gc,phases] GC(214) y: Concurrent Mark 12.401ms
[8.549s][info][gc,phases] GC(214) y: Pause Mark End 0.011ms
[8.549s][info][gc,phases] GC(214) y: Concurrent Mark Free 0.001ms
[8.549s][info][gc,phases] GC(214) y: Concurrent Reset Relocation Set 0.006ms
[8.550s][info][gc,phases] GC(214) y: Concurrent Select Relocation Set 0.572ms
[8.550s][info][gc,phases] GC(214) y: Pause Relocate Start 0.004ms
[8.555s][info][gc,phases] GC(214) y: Concurrent Relocate 5.056ms
[8.555s][info][gc,phases] GC(214) y: Young Generation 1414M(69%)->1016M(50%) 0.020s
[8.555s][info][gc       ] GC(214) Minor Collection (Allocation Rate) 1414M(69%)->1018M(50%) 0.020s
[8.598s][info][gc       ] GC(215) Minor Collection (Allocation Rate)
[8.599s][info][gc,phases] GC(215) y: Young Generation
[8.599s][info][gc,phases] GC(215) y: Pause Mark Start 0.012ms
[8.611s][info][gc,phases] GC(215) y: Concurrent Mark 11.892ms
[8.611s][info][gc,phases] GC(215) y: Pause Mark End 0.012ms
[8.611s][info][gc,phases] GC(215) y: Concurrent Mark Free 0.001ms
[8.611s][info][gc,phases] GC(215) y: Concurrent Reset Relocation Set 0.012ms
[8.612s][info][gc,phases] GC(215) y: Concurrent Select Relocation Set 0.724ms
[8.612s][info][gc,phases] GC(215) y: Pause Relocate Start 0.007ms
[8.618s][info][gc,phases] GC(215) y: Concurrent Relocate 5.339ms
[8.618s][info][gc,phases] GC(215) y: Young Generation 1436M(70%)->1114M(54%) 0.019s
[8.618s][info][gc       ] GC(215) Minor Collection (Allocation Rate) 1434M(70%)->1116M(54%) 0.020s
[8.659s][info][gc       ] GC(216) Minor Collection (Allocation Rate)
[8.659s][info][gc,phases] GC(216) y: Young Generation
[8.659s][info][gc,phases] GC(216) y: Pause Mark Start 0.008ms
[8.671s][info][gc,phases] GC(216) y: Concurrent Mark 12.106ms
[8.672s][info][gc,phases] GC(216) y: Pause Mark End 0.012ms
[8.672s][info][gc,phases] GC(216) y: Concurrent Mark Free 0.001ms
[8.672s][info][gc,phases] GC(216) y: Concurrent Reset Relocation Set 0.011ms
[8.672s][info][gc,phases] GC(216) y: Concurrent Select Relocation Set 0.391ms
[8.673s][info][gc,phases] GC(216) y: Pause Relocate Start 0.004ms
[8.678s][info][gc,phases] GC(216) y: Concurrent Relocate 5.624ms
[8.678s][info][gc,phases] GC(216) y: Young Generation 1510M(74%)->1036M(51%) 0.020s
[8.679s][info][gc       ] GC(216) Minor Collection (Allocation Rate) 1508M(74%)->1040M(51%) 0.020s
[8.727s][info][gc       ] GC(217) Minor Collection (Allocation Rate)
[8.727s][info][gc,phases] GC(217) y: Young Generation
[8.727s][info][gc,phases] GC(217) y: Pause Mark Start 0.011ms
[8.740s][info][gc,phases] GC(217) y: Concurrent Mark 12.935ms
[8.741s][info][gc,phases] GC(217) y: Pause Mark End 0.013ms
[8.741s][info][gc,phases] GC(217) y: Concurrent Mark Free 0.002ms
[8.741s][info][gc,phases] GC(217) y: Concurrent Reset Relocation Set 0.010ms
[8.742s][info][gc,phases] GC(217) y: Concurrent Select Relocation Set 0.800ms
[8.742s][info][gc,phases] GC(217) y: Pause Relocate Start 0.008ms
[8.748s][info][gc,phases] GC(217) y: Concurrent Relocate 6.218ms
[8.749s][info][gc,phases] GC(217) y: Young Generation 1542M(75%)->1158M(57%) 0.021s
[8.749s][info][gc       ] GC(217) Minor Collection (Allocation Rate) 1538M(75%)->1162M(57%) 0.022s
[8.771s][info][gc       ] GC(218) Minor Collection (Allocation Rate)
[8.771s][info][gc,phases] GC(218) y: Young Generation
[8.771s][info][gc,phases] GC(218) y: Pause Mark Start 0.008ms
[8.783s][info][gc,phases] GC(218) y: Concurrent Mark 11.940ms
[8.784s][info][gc,phases] GC(218) y: Pause Mark End 0.015ms
[8.784s][info][gc,phases] GC(218) y: Concurrent Mark Free 0.001ms
[8.784s][info][gc,phases] GC(218) y: Concurrent Reset Relocation Set 0.015ms
[8.784s][info][gc,phases] GC(218) y: Concurrent Select Relocation Set 0.406ms
[8.784s][info][gc,phases] GC(218) y: Pause Relocate Start 0.005ms
[8.790s][info][gc,phases] GC(218) y: Concurrent Relocate 4.986ms
[8.790s][info][gc,phases] GC(218) y: Young Generation 1452M(71%)->1068M(52%) 0.019s
[8.790s][info][gc       ] GC(218) Minor Collection (Allocation Rate) 1450M(71%)->1070M(52%) 0.019s
[8.829s][info][gc       ] GC(219) Minor Collection (Allocation Rate)
[8.829s][info][gc,phases] GC(219) y: Young Generation
[8.830s][info][gc,phases] GC(219) y: Pause Mark Start 0.009ms
[8.842s][info][gc,phases] GC(219) y: Concurrent Mark 11.891ms
[8.842s][info][gc,phases] GC(219) y: Pause Mark End 0.011ms
[8.842s][info][gc,phases] GC(219) y: Concurrent Mark Free 0.001ms
[8.842s][info][gc,phases] GC(219) y: Concurrent Reset Relocation Set 0.008ms
[8.843s][info][gc,phases] GC(219) y: Concurrent Select Relocation Set 0.616ms
[8.843s][info][gc,phases] GC(219) y: Pause Relocate Start 0.007ms
[8.848s][info][gc,phases] GC(219) y: Concurrent Relocate 5.014ms
[8.848s][info][gc,phases] GC(219) y: Young Generation 1448M(71%)->1064M(52%) 0.019s
[8.848s][info][gc       ] GC(219) Minor Collection (Allocation Rate) 1448M(71%)->1068M(52%) 0.019s
[8.894s][info][gc       ] GC(220) Minor Collection (Allocation Rate)
[8.894s][info][gc,phases] GC(220) y: Young Generation
[8.894s][info][gc,phases] GC(220) y: Pause Mark Start 0.009ms
[8.908s][info][gc,phases] GC(220) y: Concurrent Mark 13.700ms
[8.908s][info][gc,phases] GC(220) y: Pause Mark End 0.011ms
[8.908s][info][gc,phases] GC(220) y: Concurrent Mark Free 0.001ms
[8.908s][info][gc,phases] GC(220) y: Concurrent Reset Relocation Set 0.012ms
[8.909s][info][gc,phases] GC(220) y: Concurrent Select Relocation Set 0.616ms
[8.909s][info][gc,phases] GC(220) y: Pause Relocate Start 0.007ms
[8.915s][info][gc,phases] GC(220) y: Concurrent Relocate 5.630ms
[8.915s][info][gc,phases] GC(220) y: Young Generation 1522M(74%)->1096M(54%) 0.021s
[8.915s][info][gc       ] GC(220) Minor Collection (Allocation Rate) 1518M(74%)->1098M(54%) 0.022s
[8.950s][info][gc       ] GC(221) Minor Collection (Allocation Rate)
[8.950s][info][gc,phases] GC(221) y: Young Generation
[8.950s][info][gc,phases] GC(221) y: Pause Mark Start 0.010ms
[8.963s][info][gc,phases] GC(221) y: Concurrent Mark 12.538ms
[8.963s][info][gc,phases] GC(221) y: Pause Mark End 0.020ms
[8.963s][info][gc,phases] GC(221) y: Concurrent Mark Free 0.009ms
[8.963s][info][gc,phases] GC(221) y: Concurrent Reset Relocation Set 0.011ms
[8.964s][info][gc,phases] GC(221) y: Concurrent Select Relocation Set 0.401ms
[8.964s][info][gc,phases] GC(221) y: Pause Relocate Start 0.004ms
[8.968s][info][gc,phases] GC(221) y: Concurrent Relocate 4.322ms
[8.968s][info][gc,phases] GC(221) y: Young Generation 1422M(69%)->1082M(53%) 0.019s
[8.968s][info][gc       ] GC(221) Minor Collection (Allocation Rate) 1422M(69%)->1084M(53%) 0.019s
[9.009s][info][gc       ] GC(222) Minor Collection (Allocation Rate)
[9.009s][info][gc,phases] GC(222) y: Young Generation
[9.009s][info][gc,phases] GC(222) y: Pause Mark Start 0.012ms
[9.022s][info][gc,phases] GC(222) y: Concurrent Mark 12.603ms
[9.022s][info][gc,phases] GC(222) y: Pause Mark End 0.011ms
[9.022s][info][gc,phases] GC(222) y: Concurrent Mark Free 0.001ms
[9.022s][info][gc,phases] GC(222) y: Concurrent Reset Relocation Set 0.008ms
[9.023s][info][gc,phases] GC(222) y: Concurrent Select Relocation Set 0.735ms
[9.023s][info][gc,phases] GC(222) y: Pause Relocate Start 0.004ms
[9.028s][info][gc,phases] GC(222) y: Concurrent Relocate 5.051ms
[9.029s][info][gc,phases] GC(222) y: Young Generation 1466M(72%)->1106M(54%) 0.020s
[9.029s][info][gc       ] GC(222) Minor Collection (Allocation Rate) 1464M(71%)->1110M(54%) 0.020s
[9.075s][info][gc       ] GC(223) Minor Collection (Allocation Rate)
[9.075s][info][gc,phases] GC(223) y: Young Generation
[9.075s][info][gc,phases] GC(223) y: Pause Mark Start 0.008ms
[9.088s][info][gc,phases] GC(223) y: Concurrent Mark 12.755ms
[9.089s][info][gc,phases] GC(223) y: Pause Mark End 0.013ms
[9.089s][info][gc,phases] GC(223) y: Concurrent Mark Free 0.002ms
[9.089s][info][gc,phases] GC(223) y: Concurrent Reset Relocation Set 0.011ms
[9.089s][info][gc,phases] GC(223) y: Concurrent Select Relocation Set 0.557ms
[9.090s][info][gc,phases] GC(223) y: Pause Relocate Start 0.004ms
[9.096s][info][gc,phases] GC(223) y: Concurrent Relocate 5.769ms
[9.096s][info][gc,phases] GC(223) y: Young Generation 1554M(76%)->1118M(55%) 0.021s
[9.096s][info][gc       ] GC(223) Minor Collection (Allocation Rate) 1554M(76%)->1124M(55%) 0.021s
[9.144s][info][gc       ] GC(224) Minor Collection (Allocation Rate)
[9.144s][info][gc,phases] GC(224) y: Young Generation
[9.144s][info][gc,phases] GC(224) y: Pause Mark Start 0.011ms
[9.157s][info][gc,phases] GC(224) y: Concurrent Mark 12.531ms
[9.157s][info][gc,phases] GC(224) y: Pause Mark End 0.012ms
[9.158s][info][gc,phases] GC(224) y: Concurrent Mark Free 0.001ms
[9.158s][info][gc,phases] GC(224) y: Concurrent Reset Relocation Set 0.011ms
[9.158s][info][gc,phases] GC(224) y: Concurrent Select Relocation Set 0.410ms
[9.158s][info][gc,phases] GC(224) y: Pause Relocate Start 0.005ms
[9.164s][info][gc,phases] GC(224) y: Concurrent Relocate 5.277ms
[9.164s][info][gc,phases] GC(224) y: Young Generation 1578M(77%)->1156M(56%) 0.020s
[9.164s][info][gc       ] GC(224) Minor Collection (Allocation Rate) 1578M(77%)->1156M(56%) 0.020s
[9.210s][info][gc       ] GC(225) Minor Collection (Allocation Rate)
[9.210s][info][gc,phases] GC(225) y: Young Generation
[9.210s][info][gc,phases] GC(225) y: Pause Mark Start 0.008ms
[9.223s][info][gc,phases] GC(225) y: Concurrent Mark 12.575ms
[9.223s][info][gc,phases] GC(225) y: Pause Mark End 0.012ms
[9.223s][info][gc,phases] GC(225) y: Concurrent Mark Free 0.002ms
[9.223s][info][gc,phases] GC(225) y: Concurrent Reset Relocation Set 0.010ms
[9.224s][info][gc,phases] GC(225) y: Concurrent Select Relocation Set 0.929ms
[9.225s][info][gc,phases] GC(225) y: Pause Relocate Start 0.004ms
[9.231s][info][gc,phases] GC(225) y: Concurrent Relocate 6.235ms
[9.231s][info][gc,phases] GC(225) y: Young Generation 1596M(78%)->1280M(62%) 0.021s
[9.231s][info][gc       ] GC(225) Minor Collection (Allocation Rate) 1596M(78%)->1284M(63%) 0.021s
[9.248s][info][gc       ] GC(226) Major Collection (Allocation Rate)
[9.248s][info][gc,phases] GC(226) Y: Young Generation
[9.249s][info][gc,phases] GC(226) Y: Pause Mark Start (Major) 0.013ms
[9.257s][info][gc,phases] GC(226) Y: Concurrent Mark 7.897ms
[9.257s][info][gc,phases] GC(226) Y: Pause Mark End 0.011ms
[9.257s][info][gc,phases] GC(226) Y: Concurrent Mark Free 0.001ms
[9.257s][info][gc,phases] GC(226) Y: Concurrent Reset Relocation Set 0.015ms
[9.257s][info][gc,phases] GC(226) Y: Concurrent Select Relocation Set 0.176ms
[9.257s][info][gc,phases] GC(226) Y: Pause Relocate Start 0.004ms
[9.262s][info][gc,phases] GC(226) Y: Concurrent Relocate 4.338ms
[9.262s][info][gc,phases] GC(226) Y: Young Generation 1482M(72%)->1098M(54%) 0.014s
[9.262s][info][gc,phases] GC(226) O: Old Generation
[9.287s][info][gc       ] GC(227) Minor Collection (Allocation Rate)
[9.287s][info][gc,phases] GC(227) y: Young Generation
[9.287s][info][gc,phases] GC(227) y: Pause Mark Start 0.011ms
[9.295s][info][gc,phases] GC(227) y: Concurrent Mark 7.342ms
[9.295s][info][gc,phases] GC(227) y: Pause Mark End 0.011ms
[9.295s][info][gc,phases] GC(227) y: Concurrent Mark Free 0.002ms
[9.295s][info][gc,phases] GC(227) y: Concurrent Reset Relocation Set 0.009ms
[9.295s][info][gc,phases] GC(227) y: Concurrent Select Relocation Set 0.173ms
[9.296s][info][gc,phases] GC(227) y: Pause Relocate Start 0.004ms
[9.299s][info][gc,phases] GC(227) y: Concurrent Relocate 3.155ms
[9.299s][info][gc,phases] GC(227) y: Young Generation 1336M(65%)->1084M(53%) 0.012s
[9.299s][info][gc       ] GC(227) Minor Collection (Allocation Rate) 1336M(65%)->1086M(53%) 0.012s
[9.334s][info][gc,phases] GC(226) O: Concurrent Mark 71.777ms
[9.334s][info][gc,phases] GC(226) O: Pause Mark End 0.016ms
[9.334s][info][gc,phases] GC(226) O: Concurrent Mark Free 0.001ms
[9.339s][info][gc,phases] GC(226) O: Concurrent Process Non-Strong 4.503ms
[9.339s][info][gc,phases] GC(226) O: Concurrent Reset Relocation Set 0.001ms
[9.339s][info][gc,phases] GC(226) O: Concurrent Select Relocation Set 0.194ms
[9.345s][info][gc,phases] GC(226) O: Concurrent Remap Roots 5.645ms
[9.345s][info][gc,phases] GC(226) O: Pause Relocate Start 0.014ms
[9.348s][info][gc,phases] GC(226) O: Concurrent Relocate 2.043ms
[9.348s][info][gc,phases] GC(226) O: Old Generation 1100M(54%)->1378M(67%) 0.086s
[9.348s][info][gc       ] GC(226) Major Collection (Allocation Rate) 1478M(72%)->1382M(67%) 0.100s
[9.354s][info][gc       ] GC(228) Minor Collection (Allocation Rate)
[9.354s][info][gc,phases] GC(228) y: Young Generation
[9.354s][info][gc,phases] GC(228) y: Pause Mark Start 0.008ms
[9.368s][info][gc,phases] GC(228) y: Concurrent Mark 13.384ms
[9.368s][info][gc,phases] GC(228) y: Pause Mark End 0.011ms
[9.368s][info][gc,phases] GC(228) y: Concurrent Mark Free 0.001ms
[9.368s][info][gc,phases] GC(228) y: Concurrent Reset Relocation Set 0.006ms
[9.369s][info][gc,phases] GC(228) y: Concurrent Select Relocation Set 0.993ms
[9.370s][info][gc,phases] GC(228) y: Pause Relocate Start 0.004ms
[9.376s][info][gc,phases] GC(228) y: Concurrent Relocate 6.396ms
[9.376s][info][gc,phases] GC(228) y: Young Generation 1498M(73%)->1024M(50%) 0.022s
[9.377s][info][gc       ] GC(228) Minor Collection (Allocation Rate) 1498M(73%)->1028M(50%) 0.022s
[9.398s][info][gc       ] GC(229) Minor Collection (Allocation Rate)
[9.398s][info][gc,phases] GC(229) y: Young Generation
[9.398s][info][gc,phases] GC(229) y: Pause Mark Start 0.012ms
[9.409s][info][gc,phases] GC(229) y: Concurrent Mark 10.939ms
[9.410s][info][gc,phases] GC(229) y: Pause Mark End 0.012ms
[9.410s][info][gc,phases] GC(229) y: Concurrent Mark Free 0.001ms
[9.410s][info][gc,phases] GC(229) y: Concurrent Reset Relocation Set 0.015ms
[9.410s][info][gc,phases] GC(229) y: Concurrent Select Relocation Set 0.312ms
[9.410s][info][gc,phases] GC(229) y: Pause Relocate Start 0.004ms
[9.414s][info][gc,phases] GC(229) y: Concurrent Relocate 3.598ms
[9.414s][info][gc,phases] GC(229) y: Young Generation 1242M(61%)->974M(48%) 0.016s
[9.414s][info][gc       ] GC(229) Minor Collection (Allocation Rate) 1238M(60%)->978M(48%) 0.017s
[9.457s][info][gc       ] GC(230) Minor Collection (Allocation Rate)
[9.457s][info][gc,phases] GC(230) y: Young Generation
[9.457s][info][gc,phases] GC(230) y: Pause Mark Start 0.009ms
[9.469s][info][gc,phases] GC(230) y: Concurrent Mark 11.451ms
[9.469s][info][gc,phases] GC(230) y: Pause Mark End 0.011ms
[9.469s][info][gc,phases] GC(230) y: Concurrent Mark Free 0.001ms
[9.469s][info][gc,phases] GC(230) y: Concurrent Reset Relocation Set 0.007ms
[9.470s][info][gc,phases] GC(230) y: Concurrent Select Relocation Set 0.495ms
[9.470s][info][gc,phases] GC(230) y: Pause Relocate Start 0.004ms
[9.475s][info][gc,phases] GC(230) y: Concurrent Relocate 4.978ms
[9.475s][info][gc,phases] GC(230) y: Young Generation 1402M(68%)->1006M(49%) 0.018s
[9.475s][info][gc       ] GC(230) Minor Collection (Allocation Rate) 1402M(68%)->1006M(49%) 0.019s
[9.525s][info][gc       ] GC(231) Minor Collection (Allocation Rate)
[9.525s][info][gc,phases] GC(231) y: Young Generation
[9.525s][info][gc,phases] GC(231) y: Pause Mark Start 0.008ms
[9.538s][info][gc,phases] GC(231) y: Concurrent Mark 12.410ms
[9.538s][info][gc,phases] GC(231) y: Pause Mark End 0.011ms
[9.538s][info][gc,phases] GC(231) y: Concurrent Mark Free 0.002ms
[9.538s][info][gc,phases] GC(231) y: Concurrent Reset Relocation Set 0.010ms
[9.539s][info][gc,phases] GC(231) y: Concurrent Select Relocation Set 0.627ms
[9.539s][info][gc,phases] GC(231) y: Pause Relocate Start 0.004ms
[9.545s][info][gc,phases] GC(231) y: Concurrent Relocate 5.966ms
[9.546s][info][gc,phases] GC(231) y: Young Generation 1510M(74%)->1038M(51%) 0.020s
[9.546s][info][gc       ] GC(231) Minor Collection (Allocation Rate) 1508M(74%)->1038M(51%) 0.021s
[9.592s][info][gc       ] GC(232) Minor Collection (Allocation Rate)
[9.592s][info][gc,phases] GC(232) y: Young Generation
[9.593s][info][gc,phases] GC(232) y: Pause Mark Start 0.009ms
[9.604s][info][gc,phases] GC(232) y: Concurrent Mark 11.531ms
[9.604s][info][gc,phases] GC(232) y: Pause Mark End 0.014ms
[9.605s][info][gc,phases] GC(232) y: Concurrent Mark Free 0.001ms
[9.605s][info][gc,phases] GC(232) y: Concurrent Reset Relocation Set 0.011ms
[9.605s][info][gc,phases] GC(232) y: Concurrent Select Relocation Set 0.547ms
[9.605s][info][gc,phases] GC(232) y: Pause Relocate Start 0.004ms
[9.611s][info][gc,phases] GC(232) y: Concurrent Relocate 5.608ms
[9.611s][info][gc,phases] GC(232) y: Young Generation 1508M(74%)->1124M(55%) 0.019s
[9.611s][info][gc       ] GC(232) Minor Collection (Allocation Rate) 1508M(74%)->1126M(55%) 0.019s
[9.649s][info][gc       ] GC(233) Minor Collection (Allocation Rate)
[9.650s][info][gc,phases] GC(233) y: Young Generation
[9.651s][info][gc,phases] GC(233) y: Pause Mark Start 0.008ms
[9.664s][info][gc,phases] GC(233) y: Concurrent Mark 12.805ms
[9.664s][info][gc,phases] GC(233) y: Pause Mark End 0.010ms
[9.664s][info][gc,phases] GC(233) y: Concurrent Mark Free 0.002ms
[9.664s][info][gc,phases] GC(233) y: Concurrent Reset Relocation Set 0.012ms
[9.665s][info][gc,phases] GC(233) y: Concurrent Select Relocation Set 0.771ms
[9.665s][info][gc,phases] GC(233) y: Pause Relocate Start 0.005ms
[9.671s][info][gc,phases] GC(233) y: Concurrent Relocate 6.114ms
[9.672s][info][gc,phases] GC(233) y: Young Generation 1518M(74%)->1164M(57%) 0.021s
[9.672s][info][gc       ] GC(233) Minor Collection (Allocation Rate) 1502M(73%)->1166M(57%) 0.023s
[9.695s][info][gc       ] GC(234) Minor Collection (Allocation Rate)
[9.695s][info][gc,phases] GC(234) y: Young Generation
[9.696s][info][gc,phases] GC(234) y: Pause Mark Start 0.012ms
[9.708s][info][gc,phases] GC(234) y: Concurrent Mark 11.723ms
[9.708s][info][gc,phases] GC(234) y: Pause Mark End 0.011ms
[9.708s][info][gc,phases] GC(234) y: Concurrent Mark Free 0.001ms
[9.708s][info][gc,phases] GC(234) y: Concurrent Reset Relocation Set 0.013ms
[9.709s][info][gc,phases] GC(234) y: Concurrent Select Relocation Set 0.380ms
[9.709s][info][gc,phases] GC(234) y: Pause Relocate Start 0.004ms
[9.713s][info][gc,phases] GC(234) y: Concurrent Relocate 4.421ms
[9.713s][info][gc,phases] GC(234) y: Young Generation 1404M(69%)->1048M(51%) 0.018s
[9.713s][info][gc       ] GC(234) Minor Collection (Allocation Rate) 1402M(68%)->1050M(51%) 0.018s
[9.743s][info][gc       ] GC(235) Minor Collection (Allocation Rate)
[9.743s][info][gc,phases] GC(235) y: Young Generation
[9.743s][info][gc,phases] GC(235) y: Pause Mark Start 0.008ms
[9.755s][info][gc,phases] GC(235) y: Concurrent Mark 11.753ms
[9.755s][info][gc,phases] GC(235) y: Pause Mark End 0.010ms
[9.755s][info][gc,phases] GC(235) y: Concurrent Mark Free 0.001ms
[9.755s][info][gc,phases] GC(235) y: Concurrent Reset Relocation Set 0.008ms
[9.756s][info][gc,phases] GC(235) y: Concurrent Select Relocation Set 0.541ms
[9.756s][info][gc,phases] GC(235) y: Pause Relocate Start 0.006ms
[9.761s][info][gc,phases] GC(235) y: Concurrent Relocate 4.901ms
[9.761s][info][gc,phases] GC(235) y: Young Generation 1414M(69%)->1062M(52%) 0.019s
[9.762s][info][gc       ] GC(235) Minor Collection (Allocation Rate) 1414M(69%)->1066M(52%) 0.019s
[9.806s][info][gc       ] GC(236) Minor Collection (Allocation Rate)
[9.807s][info][gc,phases] GC(236) y: Young Generation
[9.807s][info][gc,phases] GC(236) y: Pause Mark Start 0.009ms
[9.819s][info][gc,phases] GC(236) y: Concurrent Mark 12.168ms
[9.820s][info][gc,phases] GC(236) y: Pause Mark End 0.010ms
[9.820s][info][gc,phases] GC(236) y: Concurrent Mark Free 0.001ms
[9.820s][info][gc,phases] GC(236) y: Concurrent Reset Relocation Set 0.010ms
[9.820s][info][gc,phases] GC(236) y: Concurrent Select Relocation Set 0.572ms
[9.821s][info][gc,phases] GC(236) y: Pause Relocate Start 0.005ms
[9.826s][info][gc,phases] GC(236) y: Concurrent Relocate 5.410ms
[9.826s][info][gc,phases] GC(236) y: Young Generation 1518M(74%)->1126M(55%) 0.020s
[9.826s][info][gc       ] GC(236) Minor Collection (Allocation Rate) 1518M(74%)->1130M(55%) 0.020s
[9.859s][info][gc       ] GC(237) Minor Collection (Allocation Rate)
[9.861s][info][gc,phases] GC(237) y: Young Generation
[9.862s][info][gc,phases] GC(237) y: Pause Mark Start 0.008ms
[9.875s][info][gc,phases] GC(237) y: Concurrent Mark 12.981ms
[9.875s][info][gc,phases] GC(237) y: Pause Mark End 0.020ms
[9.875s][info][gc,phases] GC(237) y: Concurrent Mark Free 0.001ms
[9.875s][info][gc,phases] GC(237) y: Concurrent Reset Relocation Set 0.012ms
[9.876s][info][gc,phases] GC(237) y: Concurrent Select Relocation Set 0.362ms
[9.876s][info][gc,phases] GC(237) y: Pause Relocate Start 0.005ms
[9.881s][info][gc,phases] GC(237) y: Concurrent Relocate 5.004ms
[9.881s][info][gc,phases] GC(237) y: Young Generation 1514M(74%)->1136M(55%) 0.020s
[9.881s][info][gc       ] GC(237) Minor Collection (Allocation Rate) 1498M(73%)->1142M(56%) 0.022s
[9.902s][info][gc       ] GC(238) Minor Collection (Allocation Rate)
[9.902s][info][gc,phases] GC(238) y: Young Generation
[9.903s][info][gc,phases] GC(238) y: Pause Mark Start 0.008ms
[9.916s][info][gc,phases] GC(238) y: Concurrent Mark 12.778ms
[9.916s][info][gc,phases] GC(238) y: Pause Mark End 0.015ms
[9.916s][info][gc,phases] GC(238) y: Concurrent Mark Free 0.001ms
[9.916s][info][gc,phases] GC(238) y: Concurrent Reset Relocation Set 0.009ms
[9.917s][info][gc,phases] GC(238) y: Concurrent Select Relocation Set 0.697ms
[9.917s][info][gc,phases] GC(238) y: Pause Relocate Start 0.004ms
[9.923s][info][gc,phases] GC(238) y: Concurrent Relocate 5.245ms
[9.923s][info][gc,phases] GC(238) y: Young Generation 1494M(73%)->1112M(54%) 0.020s
[9.923s][info][gc       ] GC(238) Minor Collection (Allocation Rate) 1492M(73%)->1114M(54%) 0.020s
[9.955s][info][gc       ] GC(239) Minor Collection (Allocation Rate)
[9.955s][info][gc,phases] GC(239) y: Young Generation
[9.955s][info][gc,phases] GC(239) y: Pause Mark Start 0.008ms
[9.966s][info][gc,phases] GC(239) y: Concurrent Mark 10.935ms
[9.967s][info][gc,phases] GC(239) y: Pause Mark End 0.013ms
[9.967s][info][gc,phases] GC(239) y: Concurrent Mark Free 0.001ms
[9.967s][info][gc,phases] GC(239) y: Concurrent Reset Relocation Set 0.012ms
[9.968s][info][gc,phases] GC(239) y: Concurrent Select Relocation Set 0.766ms
[9.968s][info][gc,phases] GC(239) y: Pause Relocate Start 0.004ms
[9.973s][info][gc,phases] GC(239) y: Concurrent Relocate 4.739ms
[9.973s][info][gc,phases] GC(239) y: Young Generation 1440M(70%)->1180M(58%) 0.018s
[9.973s][info][gc       ] GC(239) Minor Collection (Allocation Rate) 1440M(70%)->1182M(58%) 0.018s
[9.998s][info][gc       ] GC(240) Minor Collection (Allocation Rate)
[9.998s][info][gc,phases] GC(240) y: Young Generation
[9.998s][info][gc,phases] GC(240) y: Pause Mark Start 0.008ms
[10.009s][info][gc,phases] GC(240) y: Concurrent Mark 11.243ms
[10.010s][info][gc,phases] GC(240) y: Pause Mark End 0.011ms
[10.010s][info][gc,phases] GC(240) y: Concurrent Mark Free 0.002ms
[10.010s][info][gc,phases] GC(240) y: Concurrent Reset Relocation Set 0.010ms
[10.010s][info][gc,phases] GC(240) y: Concurrent Select Relocation Set 0.370ms
[10.011s][info][gc,phases] GC(240) y: Pause Relocate Start 0.004ms
[10.015s][info][gc,phases] GC(240) y: Concurrent Relocate 4.222ms
[10.015s][info][gc,phases] GC(240) y: Young Generation 1432M(70%)->1102M(54%) 0.017s
[10.015s][info][gc       ] GC(240) Minor Collection (Allocation Rate) 1430M(70%)->1104M(54%) 0.017s
[10.054s][info][gc       ] GC(241) Minor Collection (Allocation Rate)
[10.054s][info][gc,phases] GC(241) y: Young Generation
[10.054s][info][gc,phases] GC(241) y: Pause Mark Start 0.008ms
[10.066s][info][gc,phases] GC(241) y: Concurrent Mark 11.638ms
[10.066s][info][gc,phases] GC(241) y: Pause Mark End 0.011ms
[10.067s][info][gc,phases] GC(241) y: Concurrent Mark Free 0.001ms
[10.067s][info][gc,phases] GC(241) y: Concurrent Reset Relocation Set 0.007ms
[10.067s][info][gc,phases] GC(241) y: Concurrent Select Relocation Set 0.547ms
[10.067s][info][gc,phases] GC(241) y: Pause Relocate Start 0.005ms
[10.073s][info][gc,phases] GC(241) y: Concurrent Relocate 5.026ms
[10.073s][info][gc,phases] GC(241) y: Young Generation 1492M(73%)->1126M(55%) 0.019s
[10.073s][info][gc       ] GC(241) Minor Collection (Allocation Rate) 1492M(73%)->1126M(55%) 0.019s
[10.106s][info][gc       ] GC(242) Major Collection (Allocation Rate)
[10.107s][info][gc,phases] GC(242) Y: Young Generation
[10.107s][info][gc,phases] GC(242) Y: Pause Mark Start (Major) 0.010ms
[10.115s][info][gc,phases] GC(242) Y: Concurrent Mark 8.072ms
[10.115s][info][gc,phases] GC(242) Y: Pause Mark End 0.013ms
[10.116s][info][gc,phases] GC(242) Y: Concurrent Mark Free 0.002ms
[10.116s][info][gc,phases] GC(242) Y: Concurrent Reset Relocation Set 0.014ms
[10.116s][info][gc,phases] GC(242) Y: Concurrent Select Relocation Set 0.372ms
[10.116s][info][gc,phases] GC(242) Y: Pause Relocate Start 0.009ms
[10.121s][info][gc,phases] GC(242) Y: Concurrent Relocate 4.327ms
[10.121s][info][gc,phases] GC(242) Y: Young Generation 1466M(72%)->1098M(54%) 0.014s
[10.121s][info][gc,phases] GC(242) O: Old Generation
[10.157s][info][gc       ] GC(243) Minor Collection (Allocation Rate)
[10.158s][info][gc,phases] GC(243) y: Young Generation
[10.158s][info][gc,phases] GC(243) y: Pause Mark Start 0.008ms
[10.166s][info][gc,phases] GC(243) y: Concurrent Mark 8.555ms
[10.167s][info][gc,phases] GC(243) y: Pause Mark End 0.016ms
[10.167s][info][gc,phases] GC(243) y: Concurrent Mark Free 0.002ms
[10.167s][info][gc,phases] GC(243) y: Concurrent Reset Relocation Set 0.009ms
[10.167s][info][gc,phases] GC(243) y: Concurrent Select Relocation Set 0.368ms
[10.168s][info][gc,phases] GC(243) y: Pause Relocate Start 0.012ms
[10.172s][info][gc,phases] GC(243) y: Concurrent Relocate 4.499ms
[10.172s][info][gc,phases] GC(243) y: Young Generation 1458M(71%)->1108M(54%) 0.015s
[10.172s][info][gc       ] GC(243) Minor Collection (Allocation Rate) 1458M(71%)->1112M(54%) 0.015s
[10.193s][info][gc,phases] GC(242) O: Concurrent Mark 71.730ms
[10.193s][info][gc,phases] GC(242) O: Pause Mark End 0.012ms
[10.193s][info][gc,phases] GC(242) O: Concurrent Mark Free 0.001ms
[10.198s][info][gc,phases] GC(242) O: Concurrent Process Non-Strong 4.681ms
[10.198s][info][gc,phases] GC(242) O: Concurrent Reset Relocation Set 0.004ms
[10.198s][info][gc,phases] GC(242) O: Concurrent Select Relocation Set 0.182ms
[10.204s][info][gc,phases] GC(242) O: Concurrent Remap Roots 5.965ms
[10.205s][info][gc,phases] GC(242) O: Pause Relocate Start 0.011ms
[10.207s][info][gc,phases] GC(242) O: Concurrent Relocate 1.634ms
[10.207s][info][gc,phases] GC(242) O: Old Generation 1102M(54%)->1272M(62%) 0.086s
[10.207s][info][gc       ] GC(242) Major Collection (Allocation Rate) 1466M(72%)->1276M(62%) 0.100s
[10.241s][info][gc       ] GC(244) Minor Collection (Allocation Rate)
[10.241s][info][gc,phases] GC(244) y: Young Generation
[10.241s][info][gc,phases] GC(244) y: Pause Mark Start 0.008ms
[10.255s][info][gc,phases] GC(244) y: Concurrent Mark 13.886ms
[10.256s][info][gc,phases] GC(244) y: Pause Mark End 0.011ms
[10.256s][info][gc,phases] GC(244) y: Concurrent Mark Free 0.001ms
[10.256s][info][gc,phases] GC(244) y: Concurrent Reset Relocation Set 0.009ms
[10.257s][info][gc,phases] GC(244) y: Concurrent Select Relocation Set 0.554ms
[10.257s][info][gc,phases] GC(244) y: Pause Relocate Start 0.005ms
[10.264s][info][gc,phases] GC(244) y: Concurrent Relocate 6.945ms
[10.264s][info][gc,phases] GC(244) y: Young Generation 1616M(79%)->1098M(54%) 0.023s
[10.264s][info][gc       ] GC(244) Minor Collection (Allocation Rate) 1614M(79%)->1102M(54%) 0.023s
[10.284s][info][gc       ] GC(245) Minor Collection (Allocation Rate)
[10.284s][info][gc,phases] GC(245) y: Young Generation
[10.285s][info][gc,phases] GC(245) y: Pause Mark Start 0.011ms
[10.297s][info][gc,phases] GC(245) y: Concurrent Mark 12.072ms
[10.297s][info][gc,phases] GC(245) y: Pause Mark End 0.011ms
[10.297s][info][gc,phases] GC(245) y: Concurrent Mark Free 0.002ms
[10.297s][info][gc,phases] GC(245) y: Concurrent Reset Relocation Set 0.015ms
[10.298s][info][gc,phases] GC(245) y: Concurrent Select Relocation Set 0.391ms
[10.298s][info][gc,phases] GC(245) y: Pause Relocate Start 0.008ms
[10.302s][info][gc,phases] GC(245) y: Concurrent Relocate 4.134ms
[10.302s][info][gc,phases] GC(245) y: Young Generation 1326M(65%)->1032M(50%) 0.018s
[10.302s][info][gc       ] GC(245) Minor Collection (Allocation Rate) 1324M(65%)->1036M(51%) 0.018s
[10.333s][info][gc       ] GC(246) Minor Collection (Allocation Rate)
[10.333s][info][gc,phases] GC(246) y: Young Generation
[10.333s][info][gc,phases] GC(246) y: Pause Mark Start 0.008ms
[10.346s][info][gc,phases] GC(246) y: Concurrent Mark 12.360ms
[10.346s][info][gc,phases] GC(246) y: Pause Mark End 0.011ms
[10.346s][info][gc,phases] GC(246) y: Concurrent Mark Free 0.001ms
[10.346s][info][gc,phases] GC(246) y: Concurrent Reset Relocation Set 0.007ms
[10.347s][info][gc,phases] GC(246) y: Concurrent Select Relocation Set 0.742ms
[10.347s][info][gc,phases] GC(246) y: Pause Relocate Start 0.004ms
[10.352s][info][gc,phases] GC(246) y: Concurrent Relocate 4.877ms
[10.352s][info][gc,phases] GC(246) y: Young Generation 1386M(68%)->1028M(50%) 0.019s
[10.352s][info][gc       ] GC(246) Minor Collection (Allocation Rate) 1384M(68%)->1030M(50%) 0.020s
[10.394s][info][gc       ] GC(247) Minor Collection (Allocation Rate)
[10.394s][info][gc,phases] GC(247) y: Young Generation
[10.394s][info][gc,phases] GC(247) y: Pause Mark Start 0.013ms
[10.407s][info][gc,phases] GC(247) y: Concurrent Mark 12.331ms
[10.407s][info][gc,phases] GC(247) y: Pause Mark End 0.012ms
[10.407s][info][gc,phases] GC(247) y: Concurrent Mark Free 0.001ms
[10.407s][info][gc,phases] GC(247) y: Concurrent Reset Relocation Set 0.012ms
[10.408s][info][gc,phases] GC(247) y: Concurrent Select Relocation Set 0.457ms
[10.408s][info][gc,phases] GC(247) y: Pause Relocate Start 0.007ms
[10.413s][info][gc,phases] GC(247) y: Concurrent Relocate 5.245ms
[10.413s][info][gc,phases] GC(247) y: Young Generation 1442M(70%)->1042M(51%) 0.020s
[10.413s][info][gc       ] GC(247) Minor Collection (Allocation Rate) 1440M(70%)->1044M(51%) 0.020s
[10.454s][info][gc       ] GC(248) Minor Collection (Allocation Rate)
[10.454s][info][gc,phases] GC(248) y: Young Generation
[10.454s][info][gc,phases] GC(248) y: Pause Mark Start 0.010ms
[10.466s][info][gc,phases] GC(248) y: Concurrent Mark 11.885ms
[10.467s][info][gc,phases] GC(248) y: Pause Mark End 0.011ms
[10.467s][info][gc,phases] GC(248) y: Concurrent Mark Free 0.002ms
[10.467s][info][gc,phases] GC(248) y: Concurrent Reset Relocation Set 0.011ms
[10.468s][info][gc,phases] GC(248) y: Concurrent Select Relocation Set 0.509ms
[10.468s][info][gc,phases] GC(248) y: Pause Relocate Start 0.005ms
[10.474s][info][gc,phases] GC(248) y: Concurrent Relocate 5.653ms
[10.474s][info][gc,phases] GC(248) y: Young Generation 1518M(74%)->1082M(53%) 0.020s
[10.474s][info][gc       ] GC(248) Minor Collection (Allocation Rate) 1516M(74%)->1082M(53%) 0.020s
[10.521s][info][gc       ] GC(249) Minor Collection (Allocation Rate)
[10.521s][info][gc,phases] GC(249) y: Young Generation
[10.521s][info][gc,phases] GC(249) y: Pause Mark Start 0.012ms
[10.534s][info][gc,phases] GC(249) y: Concurrent Mark 12.864ms
[10.534s][info][gc,phases] GC(249) y: Pause Mark End 0.012ms
[10.534s][info][gc,phases] GC(249) y: Concurrent Mark Free 0.001ms
[10.535s][info][gc,phases] GC(249) y: Concurrent Reset Relocation Set 0.013ms
[10.535s][info][gc,phases] GC(249) y: Concurrent Select Relocation Set 0.358ms
[10.535s][info][gc,phases] GC(249) y: Pause Relocate Start 0.004ms
[10.541s][info][gc,phases] GC(249) y: Concurrent Relocate 5.527ms
[10.541s][info][gc,phases] GC(249) y: Young Generation 1544M(75%)->1066M(52%) 0.020s
[10.541s][info][gc       ] GC(249) Minor Collection (Allocation Rate) 1540M(75%)->1070M(52%) 0.021s
[10.588s][info][gc       ] GC(250) Minor Collection (Allocation Rate)
[10.588s][info][gc,phases] GC(250) y: Young Generation
[10.589s][info][gc,phases] GC(250) y: Pause Mark Start 0.008ms
[10.602s][info][gc,phases] GC(250) y: Concurrent Mark 13.289ms
[10.602s][info][gc,phases] GC(250) y: Pause Mark End 0.014ms
[10.603s][info][gc,phases] GC(250) y: Concurrent Mark Free 0.000ms
[10.603s][info][gc,phases] GC(250) y: Concurrent Reset Relocation Set 0.009ms
[10.603s][info][gc,phases] GC(250) y: Concurrent Select Relocation Set 0.762ms
[10.604s][info][gc,phases] GC(250) y: Pause Relocate Start 0.004ms
[10.610s][info][gc,phases] GC(250) y: Concurrent Relocate 5.887ms
[10.610s][info][gc,phases] GC(250) y: Young Generation 1540M(75%)->1092M(53%) 0.022s
[10.610s][info][gc       ] GC(250) Minor Collection (Allocation Rate) 1540M(75%)->1098M(54%) 0.022s
[10.649s][info][gc       ] GC(251) Minor Collection (Allocation Rate)
[10.649s][info][gc,phases] GC(251) y: Young Generation
[10.649s][info][gc,phases] GC(251) y: Pause Mark Start 0.010ms
[10.662s][info][gc,phases] GC(251) y: Concurrent Mark 12.255ms
[10.662s][info][gc,phases] GC(251) y: Pause Mark End 0.012ms
[10.662s][info][gc,phases] GC(251) y: Concurrent Mark Free 0.002ms
[10.662s][info][gc,phases] GC(251) y: Concurrent Reset Relocation Set 0.015ms
[10.663s][info][gc,phases] GC(251) y: Concurrent Select Relocation Set 0.597ms
[10.663s][info][gc,phases] GC(251) y: Pause Relocate Start 0.006ms
[10.669s][info][gc,phases] GC(251) y: Concurrent Relocate 5.335ms
[10.669s][info][gc,phases] GC(251) y: Young Generation 1486M(73%)->1174M(57%) 0.020s
[10.669s][info][gc       ] GC(251) Minor Collection (Allocation Rate) 1484M(72%)->1178M(58%) 0.020s
[10.698s][info][gc       ] GC(252) Minor Collection (Allocation Rate)
[10.699s][info][gc,phases] GC(252) y: Young Generation
[10.699s][info][gc,phases] GC(252) y: Pause Mark Start 0.015ms
[10.712s][info][gc,phases] GC(252) y: Concurrent Mark 13.492ms
[10.713s][info][gc,phases] GC(252) y: Pause Mark End 0.011ms
[10.713s][info][gc,phases] GC(252) y: Concurrent Mark Free 0.001ms
[10.713s][info][gc,phases] GC(252) y: Concurrent Reset Relocation Set 0.011ms
[10.714s][info][gc,phases] GC(252) y: Concurrent Select Relocation Set 0.626ms
[10.714s][info][gc,phases] GC(252) y: Pause Relocate Start 0.004ms
[10.719s][info][gc,phases] GC(252) y: Concurrent Relocate 5.143ms
[10.719s][info][gc,phases] GC(252) y: Young Generation 1496M(73%)->1106M(54%) 0.021s
[10.719s][info][gc       ] GC(252) Minor Collection (Allocation Rate) 1496M(73%)->1110M(54%) 0.021s
[10.751s][info][gc       ] GC(253) Minor Collection (Allocation Rate)
[10.751s][info][gc,phases] GC(253) y: Young Generation
[10.751s][info][gc,phases] GC(253) y: Pause Mark Start 0.010ms
[10.764s][info][gc,phases] GC(253) y: Concurrent Mark 12.145ms
[10.764s][info][gc,phases] GC(253) y: Pause Mark End 0.012ms
[10.764s][info][gc,phases] GC(253) y: Concurrent Mark Free 0.001ms
[10.764s][info][gc,phases] GC(253) y: Concurrent Reset Relocation Set 0.012ms
[10.765s][info][gc,phases] GC(253) y: Concurrent Select Relocation Set 0.457ms
[10.765s][info][gc,phases] GC(253) y: Pause Relocate Start 0.017ms
[10.770s][info][gc,phases] GC(253) y: Concurrent Relocate 5.205ms
[10.770s][info][gc,phases] GC(253) y: Young Generation 1482M(72%)->1144M(56%) 0.019s
[10.771s][info][gc       ] GC(253) Minor Collection (Allocation Rate) 1480M(72%)->1148M(56%) 0.020s
[10.798s][info][gc       ] GC(254) Minor Collection (Allocation Rate)
[10.798s][info][gc,phases] GC(254) y: Young Generation
[10.798s][info][gc,phases] GC(254) y: Pause Mark Start 0.009ms
[10.810s][info][gc,phases] GC(254) y: Concurrent Mark 12.057ms
[10.811s][info][gc,phases] GC(254) y: Pause Mark End 0.011ms
[10.811s][info][gc,phases] GC(254) y: Concurrent Mark Free 0.001ms
[10.811s][info][gc,phases] GC(254) y: Concurrent Reset Relocation Set 0.011ms
[10.811s][info][gc,phases] GC(254) y: Concurrent Select Relocation Set 0.520ms
[10.812s][info][gc,phases] GC(254) y: Pause Relocate Start 0.007ms
[10.817s][info][gc,phases] GC(254) y: Concurrent Relocate 4.894ms
[10.817s][info][gc,phases] GC(254) y: Young Generation 1454M(71%)->1122M(55%) 0.019s
[10.817s][info][gc       ] GC(254) Minor Collection (Allocation Rate) 1450M(71%)->1124M(55%) 0.019s
[10.850s][info][gc       ] GC(255) Minor Collection (Allocation Rate)
[10.851s][info][gc,phases] GC(255) y: Young Generation
[10.851s][info][gc,phases] GC(255) y: Pause Mark Start 0.009ms
[10.863s][info][gc,phases] GC(255) y: Concurrent Mark 12.320ms
[10.864s][info][gc,phases] GC(255) y: Pause Mark End 0.013ms
[10.864s][info][gc,phases] GC(255) y: Concurrent Mark Free 0.002ms
[10.864s][info][gc,phases] GC(255) y: Concurrent Reset Relocation Set 0.010ms
[10.865s][info][gc,phases] GC(255) y: Concurrent Select Relocation Set 0.629ms
[10.865s][info][gc,phases] GC(255) y: Pause Relocate Start 0.005ms
[10.870s][info][gc,phases] GC(255) y: Concurrent Relocate 4.988ms
[10.870s][info][gc,phases] GC(255) y: Young Generation 1496M(73%)->1124M(55%) 0.019s
[10.870s][info][gc       ] GC(255) Minor Collection (Allocation Rate) 1494M(73%)->1128M(55%) 0.020s
[10.910s][info][gc       ] GC(256) Minor Collection (Allocation Rate)
[10.910s][info][gc,phases] GC(256) y: Young Generation
[10.910s][info][gc,phases] GC(256) y: Pause Mark Start 0.011ms
[10.922s][info][gc,phases] GC(256) y: Concurrent Mark 12.395ms
[10.923s][info][gc,phases] GC(256) y: Pause Mark End 0.011ms
[10.923s][info][gc,phases] GC(256) y: Concurrent Mark Free 0.001ms
[10.923s][info][gc,phases] GC(256) y: Concurrent Reset Relocation Set 0.010ms
[10.924s][info][gc,phases] GC(256) y: Concurrent Select Relocation Set 0.584ms
[10.924s][info][gc,phases] GC(256) y: Pause Relocate Start 0.005ms
[10.929s][info][gc,phases] GC(256) y: Concurrent Relocate 5.151ms
[10.929s][info][gc,phases] GC(256) y: Young Generation 1524M(74%)->1136M(55%) 0.020s
[10.929s][info][gc       ] GC(256) Minor Collection (Allocation Rate) 1522M(74%)->1136M(55%) 0.020s
[10.961s][info][gc       ] GC(257) Minor Collection (Allocation Rate)
[10.961s][info][gc,phases] GC(257) y: Young Generation
[10.961s][info][gc,phases] GC(257) y: Pause Mark Start 0.008ms
[10.973s][info][gc,phases] GC(257) y: Concurrent Mark 11.422ms
[10.973s][info][gc,phases] GC(257) y: Pause Mark End 0.014ms
[10.973s][info][gc,phases] GC(257) y: Concurrent Mark Free 0.002ms
[10.974s][info][gc,phases] GC(257) y: Concurrent Reset Relocation Set 0.010ms
[10.974s][info][gc,phases] GC(257) y: Concurrent Select Relocation Set 0.729ms
[10.975s][info][gc,phases] GC(257) y: Pause Relocate Start 0.006ms
[10.980s][info][gc,phases] GC(257) y: Concurrent Relocate 5.363ms
[10.980s][info][gc,phases] GC(257) y: Young Generation 1532M(75%)->1222M(60%) 0.019s
[10.980s][info][gc       ] GC(257) Minor Collection (Allocation Rate) 1530M(75%)->1224M(60%) 0.019s
[11.012s][info][gc       ] GC(258) Major Collection (Allocation Rate)
[11.012s][info][gc,phases] GC(258) Y: Young Generation
[11.012s][info][gc,phases] GC(258) Y: Pause Mark Start (Major) 0.009ms
[11.020s][info][gc,phases] GC(258) Y: Concurrent Mark 7.998ms
[11.021s][info][gc,phases] GC(258) Y: Pause Mark End 0.012ms
[11.021s][info][gc,phases] GC(258) Y: Concurrent Mark Free 0.002ms
[11.021s][info][gc,phases] GC(258) Y: Concurrent Reset Relocation Set 0.012ms
[11.021s][info][gc,phases] GC(258) Y: Concurrent Select Relocation Set 0.333ms
[11.022s][info][gc,phases] GC(258) Y: Pause Relocate Start 0.007ms
[11.027s][info][gc,phases] GC(258) Y: Concurrent Relocate 5.255ms
[11.027s][info][gc,phases] GC(258) Y: Young Generation 1542M(75%)->1126M(55%) 0.015s
[11.027s][info][gc,phases] GC(258) O: Old Generation
[11.044s][info][gc       ] GC(259) Minor Collection (Allocation Rate)
[11.044s][info][gc,phases] GC(259) y: Young Generation
[11.044s][info][gc,phases] GC(259) y: Pause Mark Start 0.011ms
[11.052s][info][gc,phases] GC(259) y: Concurrent Mark 7.790ms
[11.052s][info][gc,phases] GC(259) y: Pause Mark End 0.013ms
[11.052s][info][gc,phases] GC(259) y: Concurrent Mark Free 0.001ms
[11.052s][info][gc,phases] GC(259) y: Concurrent Reset Relocation Set 0.009ms
[11.053s][info][gc,phases] GC(259) y: Concurrent Select Relocation Set 0.194ms
[11.053s][info][gc,phases] GC(259) y: Pause Relocate Start 0.004ms
[11.057s][info][gc,phases] GC(259) y: Concurrent Relocate 3.801ms
[11.057s][info][gc,phases] GC(259) y: Young Generation 1424M(70%)->1102M(54%) 0.013s
[11.057s][info][gc       ] GC(259) Minor Collection (Allocation Rate) 1420M(69%)->1104M(54%) 0.013s
[11.093s][info][gc       ] GC(260) Minor Collection (Allocation Rate)
[11.093s][info][gc,phases] GC(260) y: Young Generation
[11.093s][info][gc,phases] GC(260) y: Pause Mark Start 0.011ms
[11.102s][info][gc,phases] GC(260) y: Concurrent Mark 8.411ms
[11.102s][info][gc,phases] GC(258) O: Concurrent Mark 74.698ms
[11.102s][info][gc,phases] GC(260) y: Pause Mark End 0.012ms
[11.102s][info][gc,phases] GC(260) y: Concurrent Mark Free 0.001ms
[11.102s][info][gc,phases] GC(260) y: Concurrent Reset Relocation Set 0.007ms
[11.103s][info][gc,phases] GC(258) O: Pause Mark End 0.005ms
[11.103s][info][gc,phases] GC(258) O: Concurrent Mark Free 0.002ms
[11.103s][info][gc,phases] GC(260) y: Concurrent Select Relocation Set 0.752ms
[11.108s][info][gc,phases] GC(260) y: Pause Relocate Start 0.011ms
[11.111s][info][gc,phases] GC(258) O: Concurrent Process Non-Strong 8.245ms
[11.112s][info][gc,phases] GC(258) O: Concurrent Reset Relocation Set 0.002ms
[11.113s][info][gc,phases] GC(258) O: Concurrent Select Relocation Set 0.449ms
[11.113s][info][gc,phases] GC(260) y: Concurrent Relocate 4.899ms
[11.113s][info][gc,phases] GC(260) y: Young Generation 1460M(71%)->1022M(50%) 0.020s
[11.113s][info][gc       ] GC(260) Minor Collection (Allocation Rate) 1458M(71%)->1024M(50%) 0.020s
[11.119s][info][gc,phases] GC(258) O: Concurrent Remap Roots 6.152ms
[11.120s][info][gc,phases] GC(258) O: Pause Relocate Start 0.013ms
[11.122s][info][gc,phases] GC(258) O: Concurrent Relocate 1.745ms
[11.122s][info][gc,phases] GC(258) O: Old Generation 1132M(55%)->1072M(52%) 0.095s
[11.122s][info][gc       ] GC(258) Major Collection (Allocation Rate) 1540M(75%)->1074M(52%) 0.110s
[11.143s][info][gc       ] GC(261) Minor Collection (Allocation Rate)
[11.143s][info][gc,phases] GC(261) y: Young Generation
[11.143s][info][gc,phases] GC(261) y: Pause Mark Start 0.009ms
[11.155s][info][gc,phases] GC(261) y: Concurrent Mark 11.584ms
[11.155s][info][gc,phases] GC(261) y: Pause Mark End 0.012ms
[11.155s][info][gc,phases] GC(261) y: Concurrent Mark Free 0.001ms
[11.155s][info][gc,phases] GC(261) y: Concurrent Reset Relocation Set 0.011ms
[11.156s][info][gc,phases] GC(261) y: Concurrent Select Relocation Set 0.554ms
[11.156s][info][gc,phases] GC(261) y: Pause Relocate Start 0.004ms
[11.161s][info][gc,phases] GC(261) y: Concurrent Relocate 4.242ms
[11.161s][info][gc,phases] GC(261) y: Young Generation 1282M(63%)->986M(48%) 0.018s
[11.161s][info][gc       ] GC(261) Minor Collection (Allocation Rate) 1280M(62%)->990M(48%) 0.018s
[11.189s][info][gc       ] GC(262) Minor Collection (Allocation Rate)
[11.189s][info][gc,phases] GC(262) y: Young Generation
[11.190s][info][gc,phases] GC(262) y: Pause Mark Start 0.008ms
[11.201s][info][gc,phases] GC(262) y: Concurrent Mark 11.551ms
[11.202s][info][gc,phases] GC(262) y: Pause Mark End 0.012ms
[11.202s][info][gc,phases] GC(262) y: Concurrent Mark Free 0.001ms
[11.202s][info][gc,phases] GC(262) y: Concurrent Reset Relocation Set 0.010ms
[11.202s][info][gc,phases] GC(262) y: Concurrent Select Relocation Set 0.508ms
[11.203s][info][gc,phases] GC(262) y: Pause Relocate Start 0.004ms
[11.207s][info][gc,phases] GC(262) y: Concurrent Relocate 3.894ms
[11.207s][info][gc,phases] GC(262) y: Young Generation 1274M(62%)->1024M(50%) 0.018s
[11.207s][info][gc       ] GC(262) Minor Collection (Allocation Rate) 1272M(62%)->1028M(50%) 0.018s
[11.244s][info][gc       ] GC(263) Minor Collection (Allocation Rate)
[11.244s][info][gc,phases] GC(263) y: Young Generation
[11.245s][info][gc,phases] GC(263) y: Pause Mark Start 0.009ms
[11.256s][info][gc,phases] GC(263) y: Concurrent Mark 11.695ms
[11.257s][info][gc,phases] GC(263) y: Pause Mark End 0.010ms
[11.257s][info][gc,phases] GC(263) y: Concurrent Mark Free 0.001ms
[11.257s][info][gc,phases] GC(263) y: Concurrent Reset Relocation Set 0.008ms
[11.258s][info][gc,phases] GC(263) y: Concurrent Select Relocation Set 0.559ms
[11.258s][info][gc,phases] GC(263) y: Pause Relocate Start 0.004ms
[11.263s][info][gc,phases] GC(263) y: Concurrent Relocate 5.162ms
[11.263s][info][gc,phases] GC(263) y: Young Generation 1444M(71%)->1018M(50%) 0.019s
[11.263s][info][gc       ] GC(263) Minor Collection (Allocation Rate) 1442M(70%)->1018M(50%) 0.019s
[11.302s][info][gc       ] GC(264) Minor Collection (Allocation Rate)
[11.302s][info][gc,phases] GC(264) y: Young Generation
[11.303s][info][gc,phases] GC(264) y: Pause Mark Start 0.008ms
[11.315s][info][gc,phases] GC(264) y: Concurrent Mark 11.983ms
[11.315s][info][gc,phases] GC(264) y: Pause Mark End 0.011ms
[11.315s][info][gc,phases] GC(264) y: Concurrent Mark Free 0.001ms
[11.315s][info][gc,phases] GC(264) y: Concurrent Reset Relocation Set 0.010ms
[11.316s][info][gc,phases] GC(264) y: Concurrent Select Relocation Set 0.410ms
[11.316s][info][gc,phases] GC(264) y: Pause Relocate Start 0.004ms
[11.321s][info][gc,phases] GC(264) y: Concurrent Relocate 5.163ms
[11.321s][info][gc,phases] GC(264) y: Young Generation 1486M(73%)->1030M(50%) 0.019s
[11.321s][info][gc       ] GC(264) Minor Collection (Allocation Rate) 1486M(73%)->1032M(50%) 0.019s
[11.367s][info][gc       ] GC(265) Minor Collection (Allocation Rate)
[11.367s][info][gc,phases] GC(265) y: Young Generation
[11.367s][info][gc,phases] GC(265) y: Pause Mark Start 0.008ms
[11.379s][info][gc,phases] GC(265) y: Concurrent Mark 11.651ms
[11.379s][info][gc,phases] GC(265) y: Pause Mark End 0.011ms
[11.379s][info][gc,phases] GC(265) y: Concurrent Mark Free 0.001ms
[11.379s][info][gc,phases] GC(265) y: Concurrent Reset Relocation Set 0.009ms
[11.380s][info][gc,phases] GC(265) y: Concurrent Select Relocation Set 0.681ms
[11.380s][info][gc,phases] GC(265) y: Pause Relocate Start 0.008ms
[11.386s][info][gc,phases] GC(265) y: Concurrent Relocate 5.960ms
[11.387s][info][gc,phases] GC(265) y: Young Generation 1486M(73%)->1136M(55%) 0.020s
[11.387s][info][gc       ] GC(265) Minor Collection (Allocation Rate) 1486M(73%)->1136M(55%) 0.020s
[11.424s][info][gc       ] GC(266) Minor Collection (Allocation Rate)
[11.424s][info][gc,phases] GC(266) y: Young Generation
[11.424s][info][gc,phases] GC(266) y: Pause Mark Start 0.011ms
[11.437s][info][gc,phases] GC(266) y: Concurrent Mark 12.587ms
[11.437s][info][gc,phases] GC(266) y: Pause Mark End 0.012ms
[11.437s][info][gc,phases] GC(266) y: Concurrent Mark Free 0.001ms
[11.438s][info][gc,phases] GC(266) y: Concurrent Reset Relocation Set 0.013ms
[11.438s][info][gc,phases] GC(266) y: Concurrent Select Relocation Set 0.362ms
[11.438s][info][gc,phases] GC(266) y: Pause Relocate Start 0.004ms
[11.444s][info][gc,phases] GC(266) y: Concurrent Relocate 5.589ms
[11.444s][info][gc,phases] GC(266) y: Young Generation 1510M(74%)->1062M(52%) 0.020s
[11.444s][info][gc       ] GC(266) Minor Collection (Allocation Rate) 1510M(74%)->1064M(52%) 0.020s
[11.490s][info][gc       ] GC(267) Minor Collection (Allocation Rate)
[11.490s][info][gc,phases] GC(267) y: Young Generation
[11.490s][info][gc,phases] GC(267) y: Pause Mark Start 0.008ms
[11.504s][info][gc,phases] GC(267) y: Concurrent Mark 13.141ms
[11.504s][info][gc,phases] GC(267) y: Pause Mark End 0.013ms
[11.504s][info][gc,phases] GC(267) y: Concurrent Mark Free 0.001ms
[11.504s][info][gc,phases] GC(267) y: Concurrent Reset Relocation Set 0.009ms
[11.505s][info][gc,phases] GC(267) y: Concurrent Select Relocation Set 0.744ms
[11.505s][info][gc,phases] GC(267) y: Pause Relocate Start 0.005ms
[11.511s][info][gc,phases] GC(267) y: Concurrent Relocate 6.008ms
[11.512s][info][gc,phases] GC(267) y: Young Generation 1524M(74%)->1088M(53%) 0.021s
[11.512s][info][gc       ] GC(267) Minor Collection (Allocation Rate) 1522M(74%)->1092M(53%) 0.022s
[11.550s][info][gc       ] GC(268) Minor Collection (Allocation Rate)
[11.550s][info][gc,phases] GC(268) y: Young Generation
[11.550s][info][gc,phases] GC(268) y: Pause Mark Start 0.008ms
[11.562s][info][gc,phases] GC(268) y: Concurrent Mark 12.285ms
[11.563s][info][gc,phases] GC(268) y: Pause Mark End 0.011ms
[11.563s][info][gc,phases] GC(268) y: Concurrent Mark Free 0.001ms
[11.563s][info][gc,phases] GC(268) y: Concurrent Reset Relocation Set 0.019ms
[11.563s][info][gc,phases] GC(268) y: Concurrent Select Relocation Set 0.444ms
[11.564s][info][gc,phases] GC(268) y: Pause Relocate Start 0.004ms
[11.569s][info][gc,phases] GC(268) y: Concurrent Relocate 4.832ms
[11.569s][info][gc,phases] GC(268) y: Young Generation 1472M(72%)->1076M(53%) 0.019s
[11.569s][info][gc       ] GC(268) Minor Collection (Allocation Rate) 1470M(72%)->1080M(53%) 0.019s
[11.612s][info][gc       ] GC(269) Minor Collection (Allocation Rate)
[11.612s][info][gc,phases] GC(269) y: Young Generation
[11.613s][info][gc,phases] GC(269) y: Pause Mark Start 0.008ms
[11.626s][info][gc,phases] GC(269) y: Concurrent Mark 12.949ms
[11.626s][info][gc,phases] GC(269) y: Pause Mark End 0.011ms
[11.626s][info][gc,phases] GC(269) y: Concurrent Mark Free 0.002ms
[11.626s][info][gc,phases] GC(269) y: Concurrent Reset Relocation Set 0.009ms
[11.627s][info][gc,phases] GC(269) y: Concurrent Select Relocation Set 0.820ms
[11.627s][info][gc,phases] GC(269) y: Pause Relocate Start 0.004ms
[11.633s][info][gc,phases] GC(269) y: Concurrent Relocate 5.577ms
[11.633s][info][gc,phases] GC(269) y: Young Generation 1514M(74%)->1104M(54%) 0.021s
[11.633s][info][gc       ] GC(269) Minor Collection (Allocation Rate) 1510M(74%)->1104M(54%) 0.021s
[11.676s][info][gc       ] GC(270) Minor Collection (Allocation Rate)
[11.676s][info][gc,phases] GC(270) y: Young Generation
[11.677s][info][gc,phases] GC(270) y: Pause Mark Start 0.008ms
[11.690s][info][gc,phases] GC(270) y: Concurrent Mark 13.190ms
[11.690s][info][gc,phases] GC(270) y: Pause Mark End 0.012ms
[11.690s][info][gc,phases] GC(270) y: Concurrent Mark Free 0.001ms
[11.690s][info][gc,phases] GC(270) y: Concurrent Reset Relocation Set 0.013ms
[11.691s][info][gc,phases] GC(270) y: Concurrent Select Relocation Set 0.528ms
[11.691s][info][gc,phases] GC(270) y: Pause Relocate Start 0.004ms
[11.697s][info][gc,phases] GC(270) y: Concurrent Relocate 5.443ms
[11.697s][info][gc,phases] GC(270) y: Young Generation 1534M(75%)->1110M(54%) 0.021s
[11.697s][info][gc       ] GC(270) Minor Collection (Allocation Rate) 1534M(75%)->1112M(54%) 0.021s
[11.743s][info][gc       ] GC(271) Minor Collection (Allocation Rate)
[11.743s][info][gc,phases] GC(271) y: Young Generation
[11.743s][info][gc,phases] GC(271) y: Pause Mark Start 0.011ms
[11.756s][info][gc,phases] GC(271) y: Concurrent Mark 13.133ms
[11.757s][info][gc,phases] GC(271) y: Pause Mark End 0.011ms
[11.757s][info][gc,phases] GC(271) y: Concurrent Mark Free 0.001ms
[11.757s][info][gc,phases] GC(271) y: Concurrent Reset Relocation Set 0.013ms
[11.757s][info][gc,phases] GC(271) y: Concurrent Select Relocation Set 0.368ms
[11.758s][info][gc,phases] GC(271) y: Pause Relocate Start 0.004ms
[11.763s][info][gc,phases] GC(271) y: Concurrent Relocate 5.426ms
[11.763s][info][gc,phases] GC(271) y: Young Generation 1566M(76%)->1118M(55%) 0.020s
[11.763s][info][gc       ] GC(271) Minor Collection (Allocation Rate) 1564M(76%)->1120M(55%) 0.021s
[11.810s][info][gc       ] GC(272) Minor Collection (Allocation Rate)
[11.810s][info][gc,phases] GC(272) y: Young Generation
[11.810s][info][gc,phases] GC(272) y: Pause Mark Start 0.009ms
[11.824s][info][gc,phases] GC(272) y: Concurrent Mark 13.563ms
[11.824s][info][gc,phases] GC(272) y: Pause Mark End 0.020ms
[11.824s][info][gc,phases] GC(272) y: Concurrent Mark Free 0.002ms
[11.825s][info][gc,phases] GC(272) y: Concurrent Reset Relocation Set 0.009ms
[11.825s][info][gc,phases] GC(272) y: Concurrent Select Relocation Set 0.782ms
[11.826s][info][gc,phases] GC(272) y: Pause Relocate Start 0.008ms
[11.832s][info][gc,phases] GC(272) y: Concurrent Relocate 5.801ms
[11.832s][info][gc,phases] GC(272) y: Young Generation 1578M(77%)->1188M(58%) 0.022s
[11.832s][info][gc       ] GC(272) Minor Collection (Allocation Rate) 1578M(77%)->1192M(58%) 0.022s
[11.860s][info][gc       ] GC(273) Minor Collection (Allocation Rate)
[11.860s][info][gc,phases] GC(273) y: Young Generation
[11.861s][info][gc,phases] GC(273) y: Pause Mark Start 0.008ms
[11.874s][info][gc,phases] GC(273) y: Concurrent Mark 12.926ms
[11.874s][info][gc,phases] GC(273) y: Pause Mark End 0.011ms
[11.874s][info][gc,phases] GC(273) y: Concurrent Mark Free 0.001ms
[11.874s][info][gc,phases] GC(273) y: Concurrent Reset Relocation Set 0.012ms
[11.875s][info][gc,phases] GC(273) y: Concurrent Select Relocation Set 0.573ms
[11.875s][info][gc,phases] GC(273) y: Pause Relocate Start 0.006ms
[11.880s][info][gc,phases] GC(273) y: Concurrent Relocate 5.042ms
[11.880s][info][gc,phases] GC(273) y: Young Generation 1506M(74%)->1138M(56%) 0.020s
[11.881s][info][gc       ] GC(273) Minor Collection (Allocation Rate) 1504M(73%)->1142M(56%) 0.020s
[11.917s][info][gc       ] GC(274) Minor Collection (Allocation Rate)
[11.917s][info][gc,phases] GC(274) y: Young Generation
[11.917s][info][gc,phases] GC(274) y: Pause Mark Start 0.009ms
[11.929s][info][gc,phases] GC(274) y: Concurrent Mark 12.087ms
[11.930s][info][gc,phases] GC(274) y: Pause Mark End 0.013ms
[11.930s][info][gc,phases] GC(274) y: Concurrent Mark Free 0.001ms
[11.930s][info][gc,phases] GC(274) y: Concurrent Reset Relocation Set 0.010ms
[11.931s][info][gc,phases] GC(274) y: Concurrent Select Relocation Set 0.593ms
[11.931s][info][gc,phases] GC(274) y: Pause Relocate Start 0.005ms
[11.936s][info][gc,phases] GC(274) y: Concurrent Relocate 4.912ms
[11.936s][info][gc,phases] GC(274) y: Young Generation 1502M(73%)->1138M(56%) 0.019s
[11.936s][info][gc       ] GC(274) Minor Collection (Allocation Rate) 1500M(73%)->1142M(56%) 0.019s
[11.977s][info][gc       ] GC(275) Major Collection (Allocation Rate)
[11.977s][info][gc,phases] GC(275) Y: Young Generation
[11.977s][info][gc,phases] GC(275) Y: Pause Mark Start (Major) 0.009ms
[11.986s][info][gc,phases] GC(275) Y: Concurrent Mark 8.473ms
[11.986s][info][gc,phases] GC(275) Y: Pause Mark End 0.012ms
[11.986s][info][gc,phases] GC(275) Y: Concurrent Mark Free 0.001ms
[11.986s][info][gc,phases] GC(275) Y: Concurrent Reset Relocation Set 0.010ms
[11.987s][info][gc,phases] GC(275) Y: Concurrent Select Relocation Set 0.391ms
[11.987s][info][gc,phases] GC(275) Y: Pause Relocate Start 0.004ms
[11.992s][info][gc,phases] GC(275) Y: Concurrent Relocate 4.841ms
[11.992s][info][gc,phases] GC(275) Y: Young Generation 1544M(75%)->1154M(56%) 0.015s
[11.992s][info][gc,phases] GC(275) O: Old Generation
[12.011s][info][gc       ] GC(276) Minor Collection (Allocation Rate)
[12.011s][info][gc,phases] GC(276) y: Young Generation
[12.011s][info][gc,phases] GC(276) y: Pause Mark Start 0.014ms
[12.020s][info][gc,phases] GC(276) y: Concurrent Mark 9.084ms
[12.021s][info][gc,phases] GC(276) y: Pause Mark End 0.014ms
[12.021s][info][gc,phases] GC(276) y: Concurrent Mark Free 0.001ms
[12.021s][info][gc,phases] GC(276) y: Concurrent Reset Relocation Set 0.009ms
[12.021s][info][gc,phases] GC(276) y: Concurrent Select Relocation Set 0.381ms
[12.021s][info][gc,phases] GC(276) y: Pause Relocate Start 0.008ms
[12.026s][info][gc,phases] GC(276) y: Concurrent Relocate 4.582ms
[12.026s][info][gc,phases] GC(276) y: Young Generation 1492M(73%)->1128M(55%) 0.015s
[12.026s][info][gc       ] GC(276) Minor Collection (Allocation Rate) 1490M(73%)->1130M(55%) 0.016s
[12.063s][info][gc,phases] GC(275) O: Concurrent Mark 71.101ms
[12.063s][info][gc,phases] GC(275) O: Pause Mark End 0.011ms
[12.064s][info][gc,phases] GC(275) O: Concurrent Mark Free 0.002ms
[12.066s][info][gc       ] GC(277) Minor Collection (Allocation Rate)
[12.066s][info][gc,phases] GC(277) y: Young Generation
[12.068s][info][gc,phases] GC(277) y: Pause Mark Start 0.008ms
[12.073s][info][gc,phases] GC(275) O: Concurrent Process Non-Strong 9.161ms
[12.073s][info][gc,phases] GC(275) O: Concurrent Reset Relocation Set 0.002ms
[12.073s][info][gc,phases] GC(275) O: Concurrent Select Relocation Set 0.154ms
[12.081s][info][gc,phases] GC(277) y: Concurrent Mark 12.302ms
[12.081s][info][gc,phases] GC(277) y: Pause Mark End 0.016ms
[12.081s][info][gc,phases] GC(277) y: Concurrent Mark Free 0.001ms
[12.081s][info][gc,phases] GC(277) y: Concurrent Reset Relocation Set 0.009ms
[12.082s][info][gc,phases] GC(277) y: Concurrent Select Relocation Set 0.732ms
[12.082s][info][gc,phases] GC(277) y: Pause Relocate Start 0.004ms
[12.087s][info][gc,phases] GC(277) y: Concurrent Relocate 5.046ms
[12.087s][info][gc,phases] GC(277) y: Young Generation 1514M(74%)->1026M(50%) 0.021s
[12.088s][info][gc       ] GC(277) Minor Collection (Allocation Rate) 1514M(74%)->1030M(50%) 0.022s
[12.093s][info][gc,phases] GC(275) O: Concurrent Remap Roots 5.886ms
[12.094s][info][gc,phases] GC(275) O: Pause Relocate Start 0.012ms
[12.095s][info][gc,phases] GC(275) O: Concurrent Relocate 1.512ms
[12.096s][info][gc,phases] GC(275) O: Old Generation 1158M(57%)->1070M(52%) 0.104s
[12.096s][info][gc       ] GC(275) Major Collection (Allocation Rate) 1542M(75%)->1072M(52%) 0.119s
[12.121s][info][gc       ] GC(278) Minor Collection (Allocation Rate)
[12.121s][info][gc,phases] GC(278) y: Young Generation
[12.122s][info][gc,phases] GC(278) y: Pause Mark Start 0.009ms
[12.133s][info][gc,phases] GC(278) y: Concurrent Mark 11.611ms
[12.134s][info][gc,phases] GC(278) y: Pause Mark End 0.011ms
[12.134s][info][gc,phases] GC(278) y: Concurrent Mark Free 0.002ms
[12.134s][info][gc,phases] GC(278) y: Concurrent Reset Relocation Set 0.012ms
[12.134s][info][gc,phases] GC(278) y: Concurrent Select Relocation Set 0.519ms
[12.135s][info][gc,phases] GC(278) y: Pause Relocate Start 0.004ms
[12.139s][info][gc,phases] GC(278) y: Concurrent Relocate 4.556ms
[12.139s][info][gc,phases] GC(278) y: Young Generation 1316M(64%)->994M(49%) 0.018s
[12.139s][info][gc       ] GC(278) Minor Collection (Allocation Rate) 1314M(64%)->998M(49%) 0.018s
[12.180s][info][gc       ] GC(279) Minor Collection (Allocation Rate)
[12.180s][info][gc,phases] GC(279) y: Young Generation
[12.180s][info][gc,phases] GC(279) y: Pause Mark Start 0.011ms
[12.192s][info][gc,phases] GC(279) y: Concurrent Mark 11.707ms
[12.193s][info][gc,phases] GC(279) y: Pause Mark End 0.013ms
[12.193s][info][gc,phases] GC(279) y: Concurrent Mark Free 0.001ms
[12.193s][info][gc,phases] GC(279) y: Concurrent Reset Relocation Set 0.010ms
[12.193s][info][gc,phases] GC(279) y: Concurrent Select Relocation Set 0.531ms
[12.194s][info][gc,phases] GC(279) y: Pause Relocate Start 0.004ms
[12.199s][info][gc,phases] GC(279) y: Concurrent Relocate 5.313ms
[12.199s][info][gc,phases] GC(279) y: Young Generation 1428M(70%)->1026M(50%) 0.019s
[12.199s][info][gc       ] GC(279) Minor Collection (Allocation Rate) 1424M(70%)->1028M(50%) 0.019s
[12.247s][info][gc       ] GC(280) Minor Collection (Allocation Rate)
[12.247s][info][gc,phases] GC(280) y: Young Generation
[12.247s][info][gc,phases] GC(280) y: Pause Mark Start 0.008ms
[12.260s][info][gc,phases] GC(280) y: Concurrent Mark 12.409ms
[12.260s][info][gc,phases] GC(280) y: Pause Mark End 0.012ms
[12.260s][info][gc,phases] GC(280) y: Concurrent Mark Free 0.001ms
[12.260s][info][gc,phases] GC(280) y: Concurrent Reset Relocation Set 0.010ms
[12.260s][info][gc,phases] GC(280) y: Concurrent Select Relocation Set 0.181ms
[12.261s][info][gc,phases] GC(280) y: Pause Relocate Start 0.004ms
[12.266s][info][gc,phases] GC(280) y: Concurrent Relocate 5.283ms
[12.266s][info][gc,phases] GC(280) y: Young Generation 1482M(72%)->1020M(50%) 0.019s
[12.266s][info][gc       ] GC(280) Minor Collection (Allocation Rate) 1478M(72%)->1024M(50%) 0.020s
[12.320s][info][gc       ] GC(281) Minor Collection (Allocation Rate)
[12.320s][info][gc,phases] GC(281) y: Young Generation
[12.321s][info][gc,phases] GC(281) y: Pause Mark Start 0.009ms
[12.333s][info][gc,phases] GC(281) y: Concurrent Mark 12.826ms
[12.334s][info][gc,phases] GC(281) y: Pause Mark End 0.013ms
[12.334s][info][gc,phases] GC(281) y: Concurrent Mark Free 0.002ms
[12.334s][info][gc,phases] GC(281) y: Concurrent Reset Relocation Set 0.011ms
[12.335s][info][gc,phases] GC(281) y: Concurrent Select Relocation Set 0.950ms
[12.335s][info][gc,phases] GC(281) y: Pause Relocate Start 0.007ms
[12.342s][info][gc,phases] GC(281) y: Concurrent Relocate 6.661ms
[12.342s][info][gc,phases] GC(281) y: Young Generation 1572M(77%)->1158M(57%) 0.022s
[12.342s][info][gc       ] GC(281) Minor Collection (Allocation Rate) 1570M(77%)->1160M(57%) 0.022s
[12.372s][info][gc       ] GC(282) Minor Collection (Allocation Rate)
[12.372s][info][gc,phases] GC(282) y: Young Generation
[12.372s][info][gc,phases] GC(282) y: Pause Mark Start 0.008ms
[12.384s][info][gc,phases] GC(282) y: Concurrent Mark 12.123ms
[12.385s][info][gc,phases] GC(282) y: Pause Mark End 0.010ms
[12.385s][info][gc,phases] GC(282) y: Concurrent Mark Free 0.001ms
[12.385s][info][gc,phases] GC(282) y: Concurrent Reset Relocation Set 0.016ms
[12.385s][info][gc,phases] GC(282) y: Concurrent Select Relocation Set 0.392ms
[12.386s][info][gc,phases] GC(282) y: Pause Relocate Start 0.004ms
[12.391s][info][gc,phases] GC(282) y: Concurrent Relocate 5.103ms
[12.391s][info][gc,phases] GC(282) y: Young Generation 1442M(70%)->1040M(51%) 0.019s
[12.391s][info][gc       ] GC(282) Minor Collection (Allocation Rate) 1438M(70%)->1042M(51%) 0.019s
[12.439s][info][gc       ] GC(283) Minor Collection (Allocation Rate)
[12.439s][info][gc,phases] GC(283) y: Young Generation
[12.439s][info][gc,phases] GC(283) y: Pause Mark Start 0.009ms
[12.452s][info][gc,phases] GC(283) y: Concurrent Mark 12.684ms
[12.453s][info][gc,phases] GC(283) y: Pause Mark End 0.016ms
[12.453s][info][gc,phases] GC(283) y: Concurrent Mark Free 0.001ms
[12.453s][info][gc,phases] GC(283) y: Concurrent Reset Relocation Set 0.012ms
[12.454s][info][gc,phases] GC(283) y: Concurrent Select Relocation Set 0.586ms
[12.454s][info][gc,phases] GC(283) y: Pause Relocate Start 0.007ms
[12.460s][info][gc,phases] GC(283) y: Concurrent Relocate 5.725ms
[12.460s][info][gc,phases] GC(283) y: Young Generation 1498M(73%)->1092M(53%) 0.021s
[12.460s][info][gc       ] GC(283) Minor Collection (Allocation Rate) 1496M(73%)->1096M(54%) 0.021s
[12.498s][info][gc       ] GC(284) Minor Collection (Allocation Rate)
[12.499s][info][gc,phases] GC(284) y: Young Generation
[12.499s][info][gc,phases] GC(284) y: Pause Mark Start 0.008ms
[12.512s][info][gc,phases] GC(284) y: Concurrent Mark 12.822ms
[12.512s][info][gc,phases] GC(284) y: Pause Mark End 0.010ms
[12.512s][info][gc,phases] GC(284) y: Concurrent Mark Free 0.001ms
[12.512s][info][gc,phases] GC(284) y: Concurrent Reset Relocation Set 0.013ms
[12.513s][info][gc,phases] GC(284) y: Concurrent Select Relocation Set 0.621ms
[12.513s][info][gc,phases] GC(284) y: Pause Relocate Start 0.004ms
[12.519s][info][gc,phases] GC(284) y: Concurrent Relocate 5.585ms
[12.519s][info][gc,phases] GC(284) y: Young Generation 1526M(75%)->1080M(53%) 0.020s
[12.519s][info][gc       ] GC(284) Minor Collection (Allocation Rate) 1524M(74%)->1082M(53%) 0.021s
[12.567s][info][gc       ] GC(285) Minor Collection (Allocation Rate)
[12.567s][info][gc,phases] GC(285) y: Young Generation
[12.567s][info][gc,phases] GC(285) y: Pause Mark Start 0.009ms
[12.581s][info][gc,phases] GC(285) y: Concurrent Mark 13.756ms
[12.581s][info][gc,phases] GC(285) y: Pause Mark End 0.012ms
[12.581s][info][gc,phases] GC(285) y: Concurrent Mark Free 0.001ms
[12.582s][info][gc,phases] GC(285) y: Concurrent Reset Relocation Set 0.013ms
[12.582s][info][gc,phases] GC(285) y: Concurrent Select Relocation Set 0.537ms
[12.582s][info][gc,phases] GC(285) y: Pause Relocate Start 0.008ms
[12.588s][info][gc,phases] GC(285) y: Concurrent Relocate 5.611ms
[12.588s][info][gc,phases] GC(285) y: Young Generation 1540M(75%)->1168M(57%) 0.021s
[12.588s][info][gc       ] GC(285) Minor Collection (Allocation Rate) 1540M(75%)->1168M(57%) 0.022s
[12.623s][info][gc       ] GC(286) Minor Collection (Allocation Rate)
[12.623s][info][gc,phases] GC(286) y: Young Generation
[12.623s][info][gc,phases] GC(286) y: Pause Mark Start 0.009ms
[12.636s][info][gc,phases] GC(286) y: Concurrent Mark 12.465ms
[12.636s][info][gc,phases] GC(286) y: Pause Mark End 0.012ms
[12.636s][info][gc,phases] GC(286) y: Concurrent Mark Free 0.001ms
[12.636s][info][gc,phases] GC(286) y: Concurrent Reset Relocation Set 0.013ms
[12.637s][info][gc,phases] GC(286) y: Concurrent Select Relocation Set 0.395ms
[12.637s][info][gc,phases] GC(286) y: Pause Relocate Start 0.004ms
[12.642s][info][gc,phases] GC(286) y: Concurrent Relocate 5.011ms
[12.642s][info][gc,phases] GC(286) y: Young Generation 1500M(73%)->1092M(53%) 0.019s
[12.642s][info][gc       ] GC(286) Minor Collection (Allocation Rate) 1498M(73%)->1094M(53%) 0.020s
[12.686s][info][gc       ] GC(287) Minor Collection (Allocation Rate)
[12.686s][info][gc,phases] GC(287) y: Young Generation
[12.686s][info][gc,phases] GC(287) y: Pause Mark Start 0.011ms
[12.699s][info][gc,phases] GC(287) y: Concurrent Mark 12.833ms
[12.699s][info][gc,phases] GC(287) y: Pause Mark End 0.011ms
[12.699s][info][gc,phases] GC(287) y: Concurrent Mark Free 0.001ms
[12.699s][info][gc,phases] GC(287) y: Concurrent Reset Relocation Set 0.009ms
[12.700s][info][gc,phases] GC(287) y: Concurrent Select Relocation Set 0.802ms
[12.700s][info][gc,phases] GC(287) y: Pause Relocate Start 0.004ms
[12.706s][info][gc,phases] GC(287) y: Concurrent Relocate 5.431ms
[12.706s][info][gc,phases] GC(287) y: Young Generation 1512M(74%)->1110M(54%) 0.020s
[12.706s][info][gc       ] GC(287) Minor Collection (Allocation Rate) 1512M(74%)->1114M(54%) 0.021s
[12.737s][info][gc       ] GC(288) Minor Collection (Allocation Rate)
[12.738s][info][gc,phases] GC(288) y: Young Generation
[12.738s][info][gc,phases] GC(288) y: Pause Mark Start 0.015ms
[12.750s][info][gc,phases] GC(288) y: Concurrent Mark 12.190ms
[12.751s][info][gc,phases] GC(288) y: Pause Mark End 0.011ms
[12.751s][info][gc,phases] GC(288) y: Concurrent Mark Free 0.002ms
[12.751s][info][gc,phases] GC(288) y: Concurrent Reset Relocation Set 0.014ms
[12.752s][info][gc,phases] GC(288) y: Concurrent Select Relocation Set 0.736ms
[12.752s][info][gc,phases] GC(288) y: Pause Relocate Start 0.008ms
[12.757s][info][gc,phases] GC(288) y: Concurrent Relocate 5.510ms
[12.758s][info][gc,phases] GC(288) y: Young Generation 1524M(74%)->1244M(61%) 0.020s
[12.758s][info][gc       ] GC(288) Minor Collection (Allocation Rate) 1520M(74%)->1248M(61%) 0.020s
[12.777s][info][gc       ] GC(289) Minor Collection (Allocation Rate)
[12.777s][info][gc,phases] GC(289) y: Young Generation
[12.777s][info][gc,phases] GC(289) y: Pause Mark Start 0.008ms
[12.789s][info][gc,phases] GC(289) y: Concurrent Mark 11.601ms
[12.789s][info][gc,phases] GC(289) y: Pause Mark End 0.011ms
[12.789s][info][gc,phases] GC(289) y: Concurrent Mark Free 0.001ms
[12.789s][info][gc,phases] GC(289) y: Concurrent Reset Relocation Set 0.013ms
[12.790s][info][gc,phases] GC(289) y: Concurrent Select Relocation Set 0.374ms
[12.790s][info][gc,phases] GC(289) y: Pause Relocate Start 0.004ms
[12.794s][info][gc,phases] GC(289) y: Concurrent Relocate 4.418ms
[12.795s][info][gc,phases] GC(289) y: Young Generation 1462M(71%)->1104M(54%) 0.018s
[12.795s][info][gc       ] GC(289) Minor Collection (Allocation Rate) 1462M(71%)->1108M(54%) 0.018s
[12.827s][info][gc       ] GC(290) Minor Collection (Allocation Rate)
[12.827s][info][gc,phases] GC(290) y: Young Generation
[12.827s][info][gc,phases] GC(290) y: Pause Mark Start 0.008ms
[12.839s][info][gc,phases] GC(290) y: Concurrent Mark 11.214ms
[12.839s][info][gc,phases] GC(290) y: Pause Mark End 0.015ms
[12.839s][info][gc,phases] GC(290) y: Concurrent Mark Free 0.001ms
[12.839s][info][gc,phases] GC(290) y: Concurrent Reset Relocation Set 0.024ms
[12.840s][info][gc,phases] GC(290) y: Concurrent Select Relocation Set 0.360ms
[12.840s][info][gc,phases] GC(290) y: Pause Relocate Start 0.004ms
[12.844s][info][gc,phases] GC(290) y: Concurrent Relocate 4.236ms
[12.844s][info][gc,phases] GC(290) y: Young Generation 1412M(69%)->1148M(56%) 0.017s
[12.844s][info][gc       ] GC(290) Minor Collection (Allocation Rate) 1410M(69%)->1152M(56%) 0.018s
[12.877s][info][gc       ] GC(291) Minor Collection (Allocation Rate)
[12.877s][info][gc,phases] GC(291) y: Young Generation
[12.878s][info][gc,phases] GC(291) y: Pause Mark Start 0.009ms
[12.890s][info][gc,phases] GC(291) y: Concurrent Mark 11.811ms
[12.890s][info][gc,phases] GC(291) y: Pause Mark End 0.011ms
[12.890s][info][gc,phases] GC(291) y: Concurrent Mark Free 0.001ms
[12.890s][info][gc,phases] GC(291) y: Concurrent Reset Relocation Set 0.011ms
[12.891s][info][gc,phases] GC(291) y: Concurrent Select Relocation Set 0.588ms
[12.891s][info][gc,phases] GC(291) y: Pause Relocate Start 0.006ms
[12.896s][info][gc,phases] GC(291) y: Concurrent Relocate 4.660ms
[12.896s][info][gc,phases] GC(291) y: Young Generation 1470M(72%)->1128M(55%) 0.019s
[12.896s][info][gc       ] GC(291) Minor Collection (Allocation Rate) 1468M(72%)->1130M(55%) 0.019s
[12.932s][info][gc       ] GC(292) Minor Collection (Allocation Rate)
[12.932s][info][gc,phases] GC(292) y: Young Generation
[12.932s][info][gc,phases] GC(292) y: Pause Mark Start 0.012ms
[12.944s][info][gc,phases] GC(292) y: Concurrent Mark 11.444ms
[12.944s][info][gc,phases] GC(292) y: Pause Mark End 0.012ms
[12.944s][info][gc,phases] GC(292) y: Concurrent Mark Free 0.002ms
[12.945s][info][gc,phases] GC(292) y: Concurrent Reset Relocation Set 0.009ms
[12.945s][info][gc,phases] GC(292) y: Concurrent Select Relocation Set 0.703ms
[12.946s][info][gc,phases] GC(292) y: Pause Relocate Start 0.005ms
[12.950s][info][gc,phases] GC(292) y: Concurrent Relocate 4.622ms
[12.950s][info][gc,phases] GC(292) y: Young Generation 1476M(72%)->1214M(59%) 0.018s
[12.951s][info][gc       ] GC(292) Minor Collection (Allocation Rate) 1476M(72%)->1218M(59%) 0.019s
[12.982s][info][gc       ] GC(293) Major Collection (Allocation Rate)
[12.982s][info][gc,phases] GC(293) Y: Young Generation
[12.982s][info][gc,phases] GC(293) Y: Pause Mark Start (Major) 0.009ms
[12.990s][info][gc,phases] GC(293) Y: Concurrent Mark 7.815ms
[12.991s][info][gc,phases] GC(293) Y: Pause Mark End 0.011ms
[12.991s][info][gc,phases] GC(293) Y: Concurrent Mark Free 0.001ms
[12.991s][info][gc,phases] GC(293) Y: Concurrent Reset Relocation Set 0.011ms
[12.991s][info][gc,phases] GC(293) Y: Concurrent Select Relocation Set 0.427ms
[12.991s][info][gc,phases] GC(293) Y: Pause Relocate Start 0.004ms
[12.996s][info][gc,phases] GC(293) Y: Concurrent Relocate 4.537ms
[12.996s][info][gc,phases] GC(293) Y: Young Generation 1520M(74%)->1114M(54%) 0.014s
[12.996s][info][gc,phases] GC(293) O: Old Generation
[13.040s][info][gc       ] GC(294) Minor Collection (Allocation Rate)
[13.040s][info][gc,phases] GC(294) y: Young Generation
[13.040s][info][gc,phases] GC(294) y: Pause Mark Start 0.009ms
[13.048s][info][gc,phases] GC(294) y: Concurrent Mark 7.992ms
[13.048s][info][gc,phases] GC(294) y: Pause Mark End 0.011ms
[13.049s][info][gc,phases] GC(294) y: Concurrent Mark Free 0.002ms
[13.049s][info][gc,phases] GC(294) y: Concurrent Reset Relocation Set 0.009ms
[13.049s][info][gc,phases] GC(294) y: Concurrent Select Relocation Set 0.279ms
[13.049s][info][gc,phases] GC(294) y: Pause Relocate Start 0.008ms
[13.054s][info][gc,phases] GC(294) y: Concurrent Relocate 4.600ms
[13.054s][info][gc,phases] GC(294) y: Young Generation 1530M(75%)->1124M(55%) 0.014s
[13.054s][info][gc       ] GC(294) Minor Collection (Allocation Rate) 1530M(75%)->1124M(55%) 0.014s
[13.068s][info][gc,phases] GC(293) O: Concurrent Mark 71.817ms
[13.068s][info][gc,phases] GC(293) O: Pause Mark End 0.011ms
[13.069s][info][gc,phases] GC(293) O: Concurrent Mark Free 0.001ms
[13.073s][info][gc,phases] GC(293) O: Concurrent Process Non-Strong 4.458ms
[13.073s][info][gc,phases] GC(293) O: Concurrent Reset Relocation Set 0.005ms
[13.073s][info][gc,phases] GC(293) O: Concurrent Select Relocation Set 0.192ms
[13.079s][info][gc,phases] GC(293) O: Concurrent Remap Roots 5.718ms
[13.080s][info][gc,phases] GC(293) O: Pause Relocate Start 0.011ms
[13.081s][info][gc,phases] GC(293) O: Concurrent Relocate 1.460ms
[13.081s][info][gc,phases] GC(293) O: Old Generation 1114M(54%)->1188M(58%) 0.085s
[13.081s][info][gc       ] GC(293) Major Collection (Allocation Rate) 1518M(74%)->1188M(58%) 0.100s
[13.125s][info][gc       ] GC(295) Minor Collection (Allocation Rate)
[13.126s][info][gc,phases] GC(295) y: Young Generation
[13.126s][info][gc,phases] GC(295) y: Pause Mark Start 0.009ms
[13.140s][info][gc,phases] GC(295) y: Concurrent Mark 13.624ms
[13.140s][info][gc,phases] GC(295) y: Pause Mark End 0.010ms
[13.140s][info][gc,phases] GC(295) y: Concurrent Mark Free 0.001ms
[13.140s][info][gc,phases] GC(295) y: Concurrent Reset Relocation Set 0.009ms
[13.141s][info][gc,phases] GC(295) y: Concurrent Select Relocation Set 0.502ms
[13.141s][info][gc,phases] GC(295) y: Pause Relocate Start 0.009ms
[13.148s][info][gc,phases] GC(295) y: Concurrent Relocate 7.025ms
[13.148s][info][gc,phases] GC(295) y: Young Generation 1616M(79%)->1036M(51%) 0.023s
[13.148s][info][gc       ] GC(295) Minor Collection (Allocation Rate) 1616M(79%)->1040M(51%) 0.023s
[13.177s][info][gc       ] GC(296) Minor Collection (Allocation Rate)
[13.178s][info][gc,phases] GC(296) y: Young Generation
[13.178s][info][gc,phases] GC(296) y: Pause Mark Start 0.008ms
[13.190s][info][gc,phases] GC(296) y: Concurrent Mark 11.614ms
[13.190s][info][gc,phases] GC(296) y: Pause Mark End 0.011ms
[13.190s][info][gc,phases] GC(296) y: Concurrent Mark Free 0.001ms
[13.190s][info][gc,phases] GC(296) y: Concurrent Reset Relocation Set 0.015ms
[13.190s][info][gc,phases] GC(296) y: Concurrent Select Relocation Set 0.328ms
[13.191s][info][gc,phases] GC(296) y: Pause Relocate Start 0.007ms
[13.195s][info][gc,phases] GC(296) y: Concurrent Relocate 4.402ms
[13.195s][info][gc,phases] GC(296) y: Young Generation 1322M(65%)->1048M(51%) 0.018s
[13.195s][info][gc       ] GC(296) Minor Collection (Allocation Rate) 1322M(65%)->1050M(51%) 0.018s
[13.237s][info][gc       ] GC(297) Minor Collection (Allocation Rate)
[13.237s][info][gc,phases] GC(297) y: Young Generation
[13.238s][info][gc,phases] GC(297) y: Pause Mark Start 0.008ms
[13.250s][info][gc,phases] GC(297) y: Concurrent Mark 12.561ms
[13.251s][info][gc,phases] GC(297) y: Pause Mark End 0.011ms
[13.251s][info][gc,phases] GC(297) y: Concurrent Mark Free 0.001ms
[13.251s][info][gc,phases] GC(297) y: Concurrent Reset Relocation Set 0.009ms
[13.251s][info][gc,phases] GC(297) y: Concurrent Select Relocation Set 0.520ms
[13.252s][info][gc,phases] GC(297) y: Pause Relocate Start 0.004ms
[13.257s][info][gc,phases] GC(297) y: Concurrent Relocate 5.453ms
[13.257s][info][gc,phases] GC(297) y: Young Generation 1458M(71%)->1024M(50%) 0.020s
[13.257s][info][gc       ] GC(297) Minor Collection (Allocation Rate) 1456M(71%)->1028M(50%) 0.020s
[13.305s][info][gc       ] GC(298) Minor Collection (Allocation Rate)
[13.305s][info][gc,phases] GC(298) y: Young Generation
[13.306s][info][gc,phases] GC(298) y: Pause Mark Start 0.009ms
[13.319s][info][gc,phases] GC(298) y: Concurrent Mark 13.076ms
[13.319s][info][gc,phases] GC(298) y: Pause Mark End 0.011ms
[13.319s][info][gc,phases] GC(298) y: Concurrent Mark Free 0.002ms
[13.319s][info][gc,phases] GC(298) y: Concurrent Reset Relocation Set 0.013ms
[13.320s][info][gc,phases] GC(298) y: Concurrent Select Relocation Set 0.616ms
[13.320s][info][gc,phases] GC(298) y: Pause Relocate Start 0.003ms
[13.326s][info][gc,phases] GC(298) y: Concurrent Relocate 5.529ms
[13.326s][info][gc,phases] GC(298) y: Young Generation 1488M(73%)->1046M(51%) 0.021s
[13.326s][info][gc       ] GC(298) Minor Collection (Allocation Rate) 1488M(73%)->1046M(51%) 0.021s
[13.376s][info][gc       ] GC(299) Minor Collection (Allocation Rate)
[13.376s][info][gc,phases] GC(299) y: Young Generation
[13.376s][info][gc,phases] GC(299) y: Pause Mark Start 0.008ms
[13.389s][info][gc,phases] GC(299) y: Concurrent Mark 12.712ms
[13.389s][info][gc,phases] GC(299) y: Pause Mark End 0.011ms
[13.390s][info][gc,phases] GC(299) y: Concurrent Mark Free 0.001ms
[13.390s][info][gc,phases] GC(299) y: Concurrent Reset Relocation Set 0.011ms
[13.390s][info][gc,phases] GC(299) y: Concurrent Select Relocation Set 0.381ms
[13.390s][info][gc,phases] GC(299) y: Pause Relocate Start 0.004ms
[13.396s][info][gc,phases] GC(299) y: Concurrent Relocate 5.575ms
[13.396s][info][gc,phases] GC(299) y: Young Generation 1532M(75%)->1052M(51%) 0.020s
[13.396s][info][gc       ] GC(299) Minor Collection (Allocation Rate) 1532M(75%)->1052M(51%) 0.020s
[13.449s][info][gc       ] GC(300) Minor Collection (Allocation Rate)
[13.449s][info][gc,phases] GC(300) y: Young Generation
[13.449s][info][gc,phases] GC(300) y: Pause Mark Start 0.008ms
[13.463s][info][gc,phases] GC(300) y: Concurrent Mark 13.567ms
[13.463s][info][gc,phases] GC(300) y: Pause Mark End 0.013ms
[13.464s][info][gc,phases] GC(300) y: Concurrent Mark Free 0.001ms
[13.464s][info][gc,phases] GC(300) y: Concurrent Reset Relocation Set 0.011ms
[13.464s][info][gc,phases] GC(300) y: Concurrent Select Relocation Set 0.571ms
[13.465s][info][gc,phases] GC(300) y: Pause Relocate Start 0.008ms
[13.471s][info][gc,phases] GC(300) y: Concurrent Relocate 6.271ms
[13.471s][info][gc,phases] GC(300) y: Young Generation 1562M(76%)->1098M(54%) 0.022s
[13.471s][info][gc       ] GC(300) Minor Collection (Allocation Rate) 1562M(76%)->1102M(54%) 0.022s
[13.510s][info][gc       ] GC(301) Minor Collection (Allocation Rate)
[13.510s][info][gc,phases] GC(301) y: Young Generation
[13.510s][info][gc,phases] GC(301) y: Pause Mark Start 0.008ms
[13.524s][info][gc,phases] GC(301) y: Concurrent Mark 13.750ms
[13.525s][info][gc,phases] GC(301) y: Pause Mark End 0.012ms
[13.525s][info][gc,phases] GC(301) y: Concurrent Mark Free 0.001ms
[13.525s][info][gc,phases] GC(301) y: Concurrent Reset Relocation Set 0.012ms
[13.526s][info][gc,phases] GC(301) y: Concurrent Select Relocation Set 0.812ms
[13.526s][info][gc,phases] GC(301) y: Pause Relocate Start 0.009ms
[13.532s][info][gc,phases] GC(301) y: Concurrent Relocate 5.819ms
[13.532s][info][gc,phases] GC(301) y: Young Generation 1508M(74%)->1088M(53%) 0.022s
[13.532s][info][gc       ] GC(301) Minor Collection (Allocation Rate) 1506M(74%)->1088M(53%) 0.022s
[13.576s][info][gc       ] GC(302) Minor Collection (Allocation Rate)
[13.576s][info][gc,phases] GC(302) y: Young Generation
[13.577s][info][gc,phases] GC(302) y: Pause Mark Start 0.011ms
[13.590s][info][gc,phases] GC(302) y: Concurrent Mark 12.866ms
[13.590s][info][gc,phases] GC(302) y: Pause Mark End 0.011ms
[13.590s][info][gc,phases] GC(302) y: Concurrent Mark Free 0.002ms
[13.590s][info][gc,phases] GC(302) y: Concurrent Reset Relocation Set 0.013ms
[13.591s][info][gc,phases] GC(302) y: Concurrent Select Relocation Set 0.433ms
[13.591s][info][gc,phases] GC(302) y: Pause Relocate Start 0.009ms
[13.597s][info][gc,phases] GC(302) y: Concurrent Relocate 5.754ms
[13.597s][info][gc,phases] GC(302) y: Young Generation 1518M(74%)->1092M(53%) 0.021s
[13.597s][info][gc       ] GC(302) Minor Collection (Allocation Rate) 1516M(74%)->1096M(54%) 0.021s
[13.641s][info][gc       ] GC(303) Minor Collection (Allocation Rate)
[13.641s][info][gc,phases] GC(303) y: Young Generation
[13.642s][info][gc,phases] GC(303) y: Pause Mark Start 0.010ms
[13.654s][info][gc,phases] GC(303) y: Concurrent Mark 12.468ms
[13.655s][info][gc,phases] GC(303) y: Pause Mark End 0.010ms
[13.655s][info][gc,phases] GC(303) y: Concurrent Mark Free 0.001ms
[13.655s][info][gc,phases] GC(303) y: Concurrent Reset Relocation Set 0.013ms
[13.656s][info][gc,phases] GC(303) y: Concurrent Select Relocation Set 0.811ms
[13.656s][info][gc,phases] GC(303) y: Pause Relocate Start 0.004ms
[13.662s][info][gc,phases] GC(303) y: Concurrent Relocate 5.845ms
[13.662s][info][gc,phases] GC(303) y: Young Generation 1548M(76%)->1192M(58%) 0.021s
[13.662s][info][gc       ] GC(303) Minor Collection (Allocation Rate) 1546M(75%)->1192M(58%) 0.021s
[13.696s][info][gc       ] GC(304) Minor Collection (Allocation Rate)
[13.696s][info][gc,phases] GC(304) y: Young Generation
[13.697s][info][gc,phases] GC(304) y: Pause Mark Start 0.008ms
[13.709s][info][gc,phases] GC(304) y: Concurrent Mark 12.170ms
[13.709s][info][gc,phases] GC(304) y: Pause Mark End 0.011ms
[13.709s][info][gc,phases] GC(304) y: Concurrent Mark Free 0.002ms
[13.709s][info][gc,phases] GC(304) y: Concurrent Reset Relocation Set 0.013ms
[13.710s][info][gc,phases] GC(304) y: Concurrent Select Relocation Set 0.393ms
[13.710s][info][gc,phases] GC(304) y: Pause Relocate Start 0.004ms
[13.716s][info][gc,phases] GC(304) y: Concurrent Relocate 5.305ms
[13.716s][info][gc,phases] GC(304) y: Young Generation 1524M(74%)->1096M(54%) 0.019s
[13.716s][info][gc       ] GC(304) Minor Collection (Allocation Rate) 1524M(74%)->1096M(54%) 0.020s
[13.747s][info][gc       ] GC(305) Minor Collection (Allocation Rate)
[13.747s][info][gc,phases] GC(305) y: Young Generation
[13.747s][info][gc,phases] GC(305) y: Pause Mark Start 0.011ms
[13.759s][info][gc,phases] GC(305) y: Concurrent Mark 12.432ms
[13.760s][info][gc,phases] GC(305) y: Pause Mark End 0.012ms
[13.760s][info][gc,phases] GC(305) y: Concurrent Mark Free 0.002ms
[13.760s][info][gc,phases] GC(305) y: Concurrent Reset Relocation Set 0.010ms
[13.761s][info][gc,phases] GC(305) y: Concurrent Select Relocation Set 0.810ms
[13.761s][info][gc,phases] GC(305) y: Pause Relocate Start 0.004ms
[13.767s][info][gc,phases] GC(305) y: Concurrent Relocate 5.467ms
[13.767s][info][gc,phases] GC(305) y: Young Generation 1504M(73%)->1178M(58%) 0.020s
[13.767s][info][gc       ] GC(305) Minor Collection (Allocation Rate) 1500M(73%)->1180M(58%) 0.020s
[13.796s][info][gc       ] GC(306) Minor Collection (Allocation Rate)
[13.796s][info][gc,phases] GC(306) y: Young Generation
[13.796s][info][gc,phases] GC(306) y: Pause Mark Start 0.010ms
[13.808s][info][gc,phases] GC(306) y: Concurrent Mark 11.883ms
[13.809s][info][gc,phases] GC(306) y: Pause Mark End 0.011ms
[13.809s][info][gc,phases] GC(306) y: Concurrent Mark Free 0.001ms
[13.809s][info][gc,phases] GC(306) y: Concurrent Reset Relocation Set 0.012ms
[13.809s][info][gc,phases] GC(306) y: Concurrent Select Relocation Set 0.367ms
[13.810s][info][gc,phases] GC(306) y: Pause Relocate Start 0.004ms
[13.814s][info][gc,phases] GC(306) y: Concurrent Relocate 4.386ms
[13.814s][info][gc,phases] GC(306) y: Young Generation 1460M(71%)->1102M(54%) 0.018s
[13.814s][info][gc       ] GC(306) Minor Collection (Allocation Rate) 1460M(71%)->1104M(54%) 0.018s
[13.852s][info][gc       ] GC(307) Minor Collection (Allocation Rate)
[13.852s][info][gc,phases] GC(307) y: Young Generation
[13.852s][info][gc,phases] GC(307) y: Pause Mark Start 0.008ms
[13.864s][info][gc,phases] GC(307) y: Concurrent Mark 11.782ms
[13.865s][info][gc,phases] GC(307) y: Pause Mark End 0.011ms
[13.865s][info][gc,phases] GC(307) y: Concurrent Mark Free 0.001ms
[13.865s][info][gc,phases] GC(307) y: Concurrent Reset Relocation Set 0.008ms
[13.866s][info][gc,phases] GC(307) y: Concurrent Select Relocation Set 0.582ms
[13.866s][info][gc,phases] GC(307) y: Pause Relocate Start 0.004ms
[13.870s][info][gc,phases] GC(307) y: Concurrent Relocate 4.594ms
[13.871s][info][gc,phases] GC(307) y: Young Generation 1472M(72%)->1116M(54%) 0.018s
[13.871s][info][gc       ] GC(307) Minor Collection (Allocation Rate) 1472M(72%)->1120M(55%) 0.019s
[13.914s][info][gc       ] GC(308) Minor Collection (Allocation Rate)
[13.914s][info][gc,phases] GC(308) y: Young Generation
[13.914s][info][gc,phases] GC(308) y: Pause Mark Start 0.009ms
[13.927s][info][gc,phases] GC(308) y: Concurrent Mark 12.429ms
[13.927s][info][gc,phases] GC(308) y: Pause Mark End 0.012ms
[13.927s][info][gc,phases] GC(308) y: Concurrent Mark Free 0.001ms
[13.927s][info][gc,phases] GC(308) y: Concurrent Reset Relocation Set 0.010ms
[13.928s][info][gc,phases] GC(308) y: Concurrent Select Relocation Set 0.567ms
[13.928s][info][gc,phases] GC(308) y: Pause Relocate Start 0.005ms
[13.933s][info][gc,phases] GC(308) y: Concurrent Relocate 5.118ms
[13.934s][info][gc,phases] GC(308) y: Young Generation 1532M(75%)->1132M(55%) 0.020s
[13.934s][info][gc       ] GC(308) Minor Collection (Allocation Rate) 1530M(75%)->1136M(55%) 0.020s
[13.972s][info][gc       ] GC(309) Minor Collection (Allocation Rate)
[13.973s][info][gc,phases] GC(309) y: Young Generation
[13.973s][info][gc,phases] GC(309) y: Pause Mark Start 0.010ms
[13.985s][info][gc,phases] GC(309) y: Concurrent Mark 12.270ms
[13.986s][info][gc,phases] GC(309) y: Pause Mark End 0.012ms
[13.986s][info][gc,phases] GC(309) y: Concurrent Mark Free 0.001ms
[13.986s][info][gc,phases] GC(309) y: Concurrent Reset Relocation Set 0.013ms
[13.986s][info][gc,phases] GC(309) y: Concurrent Select Relocation Set 0.371ms
[13.987s][info][gc,phases] GC(309) y: Pause Relocate Start 0.009ms
[13.991s][info][gc,phases] GC(309) y: Concurrent Relocate 4.695ms
[13.992s][info][gc,phases] GC(309) y: Young Generation 1508M(74%)->1170M(57%) 0.019s
[13.992s][info][gc       ] GC(309) Minor Collection (Allocation Rate) 1506M(74%)->1174M(57%) 0.019s
[14.028s][info][gc       ] GC(310) Minor Collection (Allocation Rate)
[14.028s][info][gc,phases] GC(310) y: Young Generation
[14.029s][info][gc,phases] GC(310) y: Pause Mark Start 0.009ms
[14.042s][info][gc,phases] GC(310) y: Concurrent Mark 12.953ms
[14.042s][info][gc,phases] GC(310) y: Pause Mark End 0.011ms
[14.042s][info][gc,phases] GC(310) y: Concurrent Mark Free 0.001ms
[14.042s][info][gc,phases] GC(310) y: Concurrent Reset Relocation Set 0.009ms
[14.043s][info][gc,phases] GC(310) y: Concurrent Select Relocation Set 0.729ms
[14.043s][info][gc,phases] GC(310) y: Pause Relocate Start 0.004ms
[14.049s][info][gc,phases] GC(310) y: Concurrent Relocate 5.311ms
[14.049s][info][gc,phases] GC(310) y: Young Generation 1568M(77%)->1164M(57%) 0.020s
[14.049s][info][gc       ] GC(310) Minor Collection (Allocation Rate) 1566M(76%)->1166M(57%) 0.021s
[14.088s][info][gc       ] GC(311) Major Collection (Allocation Rate)
[14.089s][info][gc,phases] GC(311) Y: Young Generation
[14.089s][info][gc,phases] GC(311) Y: Pause Mark Start (Major) 0.009ms
[14.097s][info][gc,phases] GC(311) Y: Concurrent Mark 8.547ms
[14.098s][info][gc,phases] GC(311) Y: Pause Mark End 0.015ms
[14.098s][info][gc,phases] GC(311) Y: Concurrent Mark Free 0.001ms
[14.098s][info][gc,phases] GC(311) Y: Concurrent Reset Relocation Set 0.012ms
[14.098s][info][gc,phases] GC(311) Y: Concurrent Select Relocation Set 0.405ms
[14.099s][info][gc,phases] GC(311) Y: Pause Relocate Start 0.004ms
[14.104s][info][gc,phases] GC(311) Y: Concurrent Relocate 4.701ms
[14.104s][info][gc,phases] GC(311) Y: Young Generation 1542M(75%)->1128M(55%) 0.015s
[14.104s][info][gc,phases] GC(311) O: Old Generation
[14.145s][info][gc       ] GC(312) Minor Collection (Allocation Rate)
[14.145s][info][gc,phases] GC(312) y: Young Generation
[14.146s][info][gc,phases] GC(312) y: Pause Mark Start 0.011ms
[14.155s][info][gc,phases] GC(312) y: Concurrent Mark 8.931ms
[14.155s][info][gc,phases] GC(312) y: Pause Mark End 0.011ms
[14.155s][info][gc,phases] GC(312) y: Concurrent Mark Free 0.002ms
[14.155s][info][gc,phases] GC(312) y: Concurrent Reset Relocation Set 0.008ms
[14.156s][info][gc,phases] GC(312) y: Concurrent Select Relocation Set 0.368ms
[14.156s][info][gc,phases] GC(312) y: Pause Relocate Start 0.007ms
[14.161s][info][gc,phases] GC(312) y: Concurrent Relocate 5.035ms
[14.161s][info][gc,phases] GC(312) y: Young Generation 1518M(74%)->1172M(57%) 0.016s
[14.161s][info][gc       ] GC(312) Minor Collection (Allocation Rate) 1516M(74%)->1176M(57%) 0.016s
[14.176s][info][gc,phases] GC(311) O: Concurrent Mark 71.807ms
[14.176s][info][gc,phases] GC(311) O: Pause Mark End 0.016ms
[14.176s][info][gc,phases] GC(311) O: Concurrent Mark Free 0.001ms
[14.181s][info][gc,phases] GC(311) O: Concurrent Process Non-Strong 4.610ms
[14.181s][info][gc,phases] GC(311) O: Concurrent Reset Relocation Set 0.002ms
[14.181s][info][gc,phases] GC(311) O: Concurrent Select Relocation Set 0.172ms
[14.187s][info][gc,phases] GC(311) O: Concurrent Remap Roots 5.950ms
[14.187s][info][gc,phases] GC(311) O: Pause Relocate Start 0.013ms
[14.189s][info][gc,phases] GC(311) O: Concurrent Relocate 1.778ms
[14.190s][info][gc,phases] GC(311) O: Old Generation 1130M(55%)->1364M(67%) 0.086s
[14.190s][info][gc       ] GC(311) Major Collection (Allocation Rate) 1542M(75%)->1366M(67%) 0.101s
[14.209s][info][gc       ] GC(313) Minor Collection (Allocation Rate)
[14.209s][info][gc,phases] GC(313) y: Young Generation
[14.210s][info][gc,phases] GC(313) y: Pause Mark Start 0.008ms
[14.223s][info][gc,phases] GC(313) y: Concurrent Mark 13.423ms
[14.223s][info][gc,phases] GC(313) y: Pause Mark End 0.015ms
[14.224s][info][gc,phases] GC(313) y: Concurrent Mark Free 0.002ms
[14.224s][info][gc,phases] GC(313) y: Concurrent Reset Relocation Set 0.010ms
[14.225s][info][gc,phases] GC(313) y: Concurrent Select Relocation Set 0.876ms
[14.225s][info][gc,phases] GC(313) y: Pause Relocate Start 0.007ms
[14.232s][info][gc,phases] GC(313) y: Concurrent Relocate 7.010ms
[14.232s][info][gc,phases] GC(313) y: Young Generation 1562M(76%)->1152M(56%) 0.023s
[14.232s][info][gc       ] GC(313) Minor Collection (Allocation Rate) 1560M(76%)->1156M(56%) 0.023s
[14.237s][info][gc       ] GC(314) Minor Collection (Allocation Rate)
[14.238s][info][gc,phases] GC(314) y: Young Generation
[14.238s][info][gc,phases] GC(314) y: Pause Mark Start 0.008ms
[14.249s][info][gc,phases] GC(314) y: Concurrent Mark 11.337ms
[14.250s][info][gc,phases] GC(314) y: Pause Mark End 0.011ms
[14.250s][info][gc,phases] GC(314) y: Concurrent Mark Free 0.002ms
[14.250s][info][gc,phases] GC(314) y: Concurrent Reset Relocation Set 0.016ms
[14.250s][info][gc,phases] GC(314) y: Concurrent Select Relocation Set 0.351ms
[14.250s][info][gc,phases] GC(314) y: Pause Relocate Start 0.006ms
[14.254s][info][gc,phases] GC(314) y: Concurrent Relocate 3.584ms
[14.254s][info][gc,phases] GC(314) y: Young Generation 1228M(60%)->1056M(52%) 0.017s
[14.254s][info][gc       ] GC(314) Minor Collection (Allocation Rate) 1226M(60%)->1060M(52%) 0.017s
[14.263s][info][gc       ] GC(315) Minor Collection (Allocation Rate)
[14.263s][info][gc,phases] GC(315) y: Young Generation
[14.264s][info][gc,phases] GC(315) y: Pause Mark Start 0.008ms
[14.275s][info][gc,phases] GC(315) y: Concurrent Mark 10.908ms
[14.275s][info][gc,phases] GC(315) y: Pause Mark End 0.011ms
[14.275s][info][gc,phases] GC(315) y: Concurrent Mark Free 0.001ms
[14.275s][info][gc,phases] GC(315) y: Concurrent Reset Relocation Set 0.006ms
[14.276s][info][gc,phases] GC(315) y: Concurrent Select Relocation Set 0.563ms
[14.276s][info][gc,phases] GC(315) y: Pause Relocate Start 0.018ms
[14.280s][info][gc,phases] GC(315) y: Concurrent Relocate 3.756ms
[14.280s][info][gc,phases] GC(315) y: Young Generation 1220M(60%)->1000M(49%) 0.017s
[14.280s][info][gc       ] GC(315) Minor Collection (Allocation Rate) 1218M(59%)->1002M(49%) 0.017s
[14.303s][info][gc       ] GC(316) Minor Collection (Allocation Rate)
[14.303s][info][gc,phases] GC(316) y: Young Generation
[14.304s][info][gc,phases] GC(316) y: Pause Mark Start 0.008ms
[14.314s][info][gc,phases] GC(316) y: Concurrent Mark 10.501ms
[14.315s][info][gc,phases] GC(316) y: Pause Mark End 0.011ms
[14.315s][info][gc,phases] GC(316) y: Concurrent Mark Free 0.001ms
[14.315s][info][gc,phases] GC(316) y: Concurrent Reset Relocation Set 0.012ms
[14.315s][info][gc,phases] GC(316) y: Concurrent Select Relocation Set 0.381ms
[14.316s][info][gc,phases] GC(316) y: Pause Relocate Start 0.009ms
[14.319s][info][gc,phases] GC(316) y: Concurrent Relocate 3.693ms
[14.319s][info][gc,phases] GC(316) y: Young Generation 1276M(62%)->994M(49%) 0.016s
[14.320s][info][gc       ] GC(316) Minor Collection (Allocation Rate) 1276M(62%)->996M(49%) 0.016s
[14.366s][info][gc       ] GC(317) Minor Collection (Allocation Rate)
[14.366s][info][gc,phases] GC(317) y: Young Generation
[14.366s][info][gc,phases] GC(317) y: Pause Mark Start 0.008ms
[14.378s][info][gc,phases] GC(317) y: Concurrent Mark 11.543ms
[14.378s][info][gc,phases] GC(317) y: Pause Mark End 0.010ms
[14.378s][info][gc,phases] GC(317) y: Concurrent Mark Free 0.001ms
[14.378s][info][gc,phases] GC(317) y: Concurrent Reset Relocation Set 0.007ms
[14.379s][info][gc,phases] GC(317) y: Concurrent Select Relocation Set 0.525ms
[14.379s][info][gc,phases] GC(317) y: Pause Relocate Start 0.004ms
[14.385s][info][gc,phases] GC(317) y: Concurrent Relocate 5.258ms
[14.385s][info][gc,phases] GC(317) y: Young Generation 1462M(71%)->1034M(50%) 0.019s
[14.385s][info][gc       ] GC(317) Minor Collection (Allocation Rate) 1460M(71%)->1036M(51%) 0.019s
[14.418s][info][gc       ] GC(318) Minor Collection (Allocation Rate)
[14.418s][info][gc,phases] GC(318) y: Young Generation
[14.419s][info][gc,phases] GC(318) y: Pause Mark Start 0.009ms
[14.430s][info][gc,phases] GC(318) y: Concurrent Mark 11.420ms
[14.431s][info][gc,phases] GC(318) y: Pause Mark End 0.010ms
[14.431s][info][gc,phases] GC(318) y: Concurrent Mark Free 0.001ms
[14.431s][info][gc,phases] GC(318) y: Concurrent Reset Relocation Set 0.010ms
[14.431s][info][gc,phases] GC(318) y: Concurrent Select Relocation Set 0.382ms
[14.432s][info][gc,phases] GC(318) y: Pause Relocate Start 0.004ms
[14.436s][info][gc,phases] GC(318) y: Concurrent Relocate 4.253ms
[14.436s][info][gc,phases] GC(318) y: Young Generation 1376M(67%)->1032M(50%) 0.018s
[14.436s][info][gc       ] GC(318) Minor Collection (Allocation Rate) 1372M(67%)->1032M(50%) 0.018s
[14.479s][info][gc       ] GC(319) Minor Collection (Allocation Rate)
[14.479s][info][gc,phases] GC(319) y: Young Generation
[14.479s][info][gc,phases] GC(319) y: Pause Mark Start 0.011ms
[14.492s][info][gc,phases] GC(319) y: Concurrent Mark 12.309ms
[14.492s][info][gc,phases] GC(319) y: Pause Mark End 0.011ms
[14.492s][info][gc,phases] GC(319) y: Concurrent Mark Free 0.001ms
[14.492s][info][gc,phases] GC(319) y: Concurrent Reset Relocation Set 0.008ms
[14.493s][info][gc,phases] GC(319) y: Concurrent Select Relocation Set 0.450ms
[14.493s][info][gc,phases] GC(319) y: Pause Relocate Start 0.007ms
[14.498s][info][gc,phases] GC(319) y: Concurrent Relocate 5.198ms
[14.498s][info][gc,phases] GC(319) y: Young Generation 1464M(71%)->1064M(52%) 0.019s
[14.498s][info][gc       ] GC(319) Minor Collection (Allocation Rate) 1462M(71%)->1064M(52%) 0.019s
[14.538s][info][gc       ] GC(320) Minor Collection (Allocation Rate)
[14.538s][info][gc,phases] GC(320) y: Young Generation
[14.539s][info][gc,phases] GC(320) y: Pause Mark Start 0.009ms
[14.551s][info][gc,phases] GC(320) y: Concurrent Mark 12.172ms
[14.551s][info][gc,phases] GC(320) y: Pause Mark End 0.011ms
[14.551s][info][gc,phases] GC(320) y: Concurrent Mark Free 0.001ms
[14.552s][info][gc,phases] GC(320) y: Concurrent Reset Relocation Set 0.011ms
[14.552s][info][gc,phases] GC(320) y: Concurrent Select Relocation Set 0.590ms
[14.552s][info][gc,phases] GC(320) y: Pause Relocate Start 0.004ms
[14.558s][info][gc,phases] GC(320) y: Concurrent Relocate 5.488ms
[14.558s][info][gc,phases] GC(320) y: Young Generation 1506M(74%)->1074M(52%) 0.020s
[14.558s][info][gc       ] GC(320) Minor Collection (Allocation Rate) 1504M(73%)->1078M(53%) 0.020s
[14.606s][info][gc       ] GC(321) Minor Collection (Allocation Rate)
[14.606s][info][gc,phases] GC(321) y: Young Generation
[14.607s][info][gc,phases] GC(321) y: Pause Mark Start 0.008ms
[14.620s][info][gc,phases] GC(321) y: Concurrent Mark 12.874ms
[14.620s][info][gc,phases] GC(321) y: Pause Mark End 0.011ms
[14.620s][info][gc,phases] GC(321) y: Concurrent Mark Free 0.001ms
[14.620s][info][gc,phases] GC(321) y: Concurrent Reset Relocation Set 0.012ms
[14.621s][info][gc,phases] GC(321) y: Concurrent Select Relocation Set 0.380ms
[14.621s][info][gc,phases] GC(321) y: Pause Relocate Start 0.005ms
[14.626s][info][gc,phases] GC(321) y: Concurrent Relocate 5.521ms
[14.627s][info][gc,phases] GC(321) y: Young Generation 1554M(76%)->1134M(55%) 0.020s
[14.627s][info][gc       ] GC(321) Minor Collection (Allocation Rate) 1552M(76%)->1138M(56%) 0.021s
[14.656s][info][gc       ] GC(322) Minor Collection (Allocation Rate)
[14.656s][info][gc,phases] GC(322) y: Young Generation
[14.657s][info][gc,phases] GC(322) y: Pause Mark Start 0.010ms
[14.670s][info][gc,phases] GC(322) y: Concurrent Mark 13.581ms
[14.671s][info][gc,phases] GC(322) y: Pause Mark End 0.011ms
[14.671s][info][gc,phases] GC(322) y: Concurrent Mark Free 0.001ms
[14.671s][info][gc,phases] GC(322) y: Concurrent Reset Relocation Set 0.010ms
[14.672s][info][gc,phases] GC(322) y: Concurrent Select Relocation Set 0.741ms
[14.672s][info][gc,phases] GC(322) y: Pause Relocate Start 0.004ms
[14.677s][info][gc,phases] GC(322) y: Concurrent Relocate 5.384ms
[14.678s][info][gc,phases] GC(322) y: Young Generation 1514M(74%)->1110M(54%) 0.021s
[14.678s][info][gc       ] GC(322) Minor Collection (Allocation Rate) 1510M(74%)->1114M(54%) 0.022s
[14.712s][info][gc       ] GC(323) Minor Collection (Allocation Rate)
[14.712s][info][gc,phases] GC(323) y: Young Generation
[14.713s][info][gc,phases] GC(323) y: Pause Mark Start 0.008ms
[14.725s][info][gc,phases] GC(323) y: Concurrent Mark 12.136ms
[14.725s][info][gc,phases] GC(323) y: Pause Mark End 0.019ms
[14.725s][info][gc,phases] GC(323) y: Concurrent Mark Free 0.001ms
[14.726s][info][gc,phases] GC(323) y: Concurrent Reset Relocation Set 0.014ms
[14.726s][info][gc,phases] GC(323) y: Concurrent Select Relocation Set 0.569ms
[14.726s][info][gc,phases] GC(323) y: Pause Relocate Start 0.005ms
[14.731s][info][gc,phases] GC(323) y: Concurrent Relocate 4.989ms
[14.732s][info][gc,phases] GC(323) y: Young Generation 1460M(71%)->1102M(54%) 0.019s
[14.732s][info][gc       ] GC(323) Minor Collection (Allocation Rate) 1458M(71%)->1104M(54%) 0.020s
[14.759s][info][gc       ] GC(324) Minor Collection (Allocation Rate)
[14.760s][info][gc,phases] GC(324) y: Young Generation
[14.760s][info][gc,phases] GC(324) y: Pause Mark Start 0.008ms
[14.772s][info][gc,phases] GC(324) y: Concurrent Mark 12.276ms
[14.773s][info][gc,phases] GC(324) y: Pause Mark End 0.011ms
[14.773s][info][gc,phases] GC(324) y: Concurrent Mark Free 0.002ms
[14.773s][info][gc,phases] GC(324) y: Concurrent Reset Relocation Set 0.011ms
[14.773s][info][gc,phases] GC(324) y: Concurrent Select Relocation Set 0.587ms
[14.774s][info][gc,phases] GC(324) y: Pause Relocate Start 0.004ms
[14.779s][info][gc,phases] GC(324) y: Concurrent Relocate 5.018ms
[14.779s][info][gc,phases] GC(324) y: Young Generation 1486M(73%)->1112M(54%) 0.019s
[14.779s][info][gc       ] GC(324) Minor Collection (Allocation Rate) 1484M(72%)->1114M(54%) 0.020s
[14.818s][info][gc       ] GC(325) Minor Collection (Allocation Rate)
[14.818s][info][gc,phases] GC(325) y: Young Generation
[14.818s][info][gc,phases] GC(325) y: Pause Mark Start 0.008ms
[14.830s][info][gc,phases] GC(325) y: Concurrent Mark 11.980ms
[14.831s][info][gc,phases] GC(325) y: Pause Mark End 0.011ms
[14.831s][info][gc,phases] GC(325) y: Concurrent Mark Free 0.001ms
[14.831s][info][gc,phases] GC(325) y: Concurrent Reset Relocation Set 0.010ms
[14.832s][info][gc,phases] GC(325) y: Concurrent Select Relocation Set 0.582ms
[14.832s][info][gc,phases] GC(325) y: Pause Relocate Start 0.004ms
[14.837s][info][gc,phases] GC(325) y: Concurrent Relocate 4.935ms
[14.837s][info][gc,phases] GC(325) y: Young Generation 1512M(74%)->1120M(55%) 0.019s
[14.837s][info][gc       ] GC(325) Minor Collection (Allocation Rate) 1510M(74%)->1124M(55%) 0.019s
[14.872s][info][gc       ] GC(326) Minor Collection (Allocation Rate)
[14.872s][info][gc,phases] GC(326) y: Young Generation
[14.873s][info][gc,phases] GC(326) y: Pause Mark Start 0.008ms
[14.885s][info][gc,phases] GC(326) y: Concurrent Mark 12.011ms
[14.885s][info][gc,phases] GC(326) y: Pause Mark End 0.012ms
[14.885s][info][gc,phases] GC(326) y: Concurrent Mark Free 0.001ms
[14.885s][info][gc,phases] GC(326) y: Concurrent Reset Relocation Set 0.011ms
[14.886s][info][gc,phases] GC(326) y: Concurrent Select Relocation Set 0.378ms
[14.886s][info][gc,phases] GC(326) y: Pause Relocate Start 0.004ms
[14.891s][info][gc,phases] GC(326) y: Concurrent Relocate 5.189ms
[14.891s][info][gc,phases] GC(326) y: Young Generation 1540M(75%)->1130M(55%) 0.019s
[14.891s][info][gc       ] GC(326) Minor Collection (Allocation Rate) 1540M(75%)->1134M(55%) 0.019s
[14.934s][info][gc       ] GC(327) Minor Collection (Allocation Rate)
[14.934s][info][gc,phases] GC(327) y: Young Generation
[14.934s][info][gc,phases] GC(327) y: Pause Mark Start 0.008ms
[14.947s][info][gc,phases] GC(327) y: Concurrent Mark 12.820ms
[14.948s][info][gc,phases] GC(327) y: Pause Mark End 0.011ms
[14.948s][info][gc,phases] GC(327) y: Concurrent Mark Free 0.000ms
[14.948s][info][gc,phases] GC(327) y: Concurrent Reset Relocation Set 0.008ms
[14.949s][info][gc,phases] GC(327) y: Concurrent Select Relocation Set 0.756ms
[14.949s][info][gc,phases] GC(327) y: Pause Relocate Start 0.004ms
[14.955s][info][gc,phases] GC(327) y: Concurrent Relocate 5.766ms
[14.955s][info][gc,phases] GC(327) y: Young Generation 1564M(76%)->1154M(56%) 0.021s
[14.955s][info][gc       ] GC(327) Minor Collection (Allocation Rate) 1562M(76%)->1158M(57%) 0.021s
[14.986s][info][gc       ] GC(328) Major Collection (Allocation Rate)
[14.986s][info][gc,phases] GC(328) Y: Young Generation
[14.987s][info][gc,phases] GC(328) Y: Pause Mark Start (Major) 0.012ms
[14.995s][info][gc,phases] GC(328) Y: Concurrent Mark 7.818ms
[14.995s][info][gc,phases] GC(328) Y: Pause Mark End 0.014ms
[14.995s][info][gc,phases] GC(328) Y: Concurrent Mark Free 0.001ms
[14.995s][info][gc,phases] GC(328) Y: Concurrent Reset Relocation Set 0.011ms
[14.996s][info][gc,phases] GC(328) Y: Concurrent Select Relocation Set 0.364ms
[14.996s][info][gc,phases] GC(328) Y: Pause Relocate Start 0.006ms
[15.000s][info][gc,phases] GC(328) Y: Concurrent Relocate 4.311ms
[15.000s][info][gc,phases] GC(328) Y: Young Generation 1476M(72%)->1200M(59%) 0.014s
[15.000s][info][gc,phases] GC(328) O: Old Generation
[15.013s][info][gc       ] GC(329) Minor Collection (Allocation Rate)
[15.013s][info][gc,phases] GC(329) y: Young Generation
[15.013s][info][gc,phases] GC(329) y: Pause Mark Start 0.013ms
[15.022s][info][gc,phases] GC(329) y: Concurrent Mark 8.139ms
[15.022s][info][gc,phases] GC(329) y: Pause Mark End 0.010ms
[15.022s][info][gc,phases] GC(329) y: Concurrent Mark Free 0.002ms
[15.022s][info][gc,phases] GC(329) y: Concurrent Reset Relocation Set 0.011ms
[15.022s][info][gc,phases] GC(329) y: Concurrent Select Relocation Set 0.218ms
[15.023s][info][gc,phases] GC(329) y: Pause Relocate Start 0.007ms
[15.027s][info][gc,phases] GC(329) y: Concurrent Relocate 3.822ms
[15.027s][info][gc,phases] GC(329) y: Young Generation 1426M(70%)->1108M(54%) 0.014s
[15.027s][info][gc       ] GC(329) Minor Collection (Allocation Rate) 1424M(70%)->1110M(54%) 0.014s
[15.063s][info][gc       ] GC(330) Minor Collection (Allocation Rate)
[15.063s][info][gc,phases] GC(330) y: Young Generation
[15.064s][info][gc,phases] GC(330) y: Pause Mark Start 0.012ms
[15.072s][info][gc,phases] GC(330) y: Concurrent Mark 8.443ms
[15.072s][info][gc,phases] GC(328) O: Concurrent Mark 71.957ms
[15.073s][info][gc,phases] GC(330) y: Pause Mark End 0.010ms
[15.073s][info][gc,phases] GC(330) y: Concurrent Mark Free 0.001ms
[15.073s][info][gc,phases] GC(330) y: Concurrent Reset Relocation Set 0.008ms
[15.073s][info][gc,phases] GC(328) O: Pause Mark End 0.005ms
[15.073s][info][gc,phases] GC(328) O: Concurrent Mark Free 0.001ms
[15.074s][info][gc,phases] GC(330) y: Concurrent Select Relocation Set 0.724ms
[15.077s][info][gc,phases] GC(330) y: Pause Relocate Start 0.013ms
[15.078s][info][gc,phases] GC(328) O: Concurrent Process Non-Strong 4.633ms
[15.078s][info][gc,phases] GC(328) O: Concurrent Reset Relocation Set 0.001ms
[15.078s][info][gc,phases] GC(328) O: Concurrent Select Relocation Set 0.174ms
[15.082s][info][gc,phases] GC(330) y: Concurrent Relocate 4.574ms
[15.082s][info][gc,phases] GC(330) y: Young Generation 1474M(72%)->1018M(50%) 0.019s
[15.082s][info][gc       ] GC(330) Minor Collection (Allocation Rate) 1474M(72%)->1018M(50%) 0.019s
[15.089s][info][gc,phases] GC(328) O: Concurrent Remap Roots 6.101ms
[15.089s][info][gc,phases] GC(328) O: Pause Relocate Start 0.034ms
[15.090s][info][gc,phases] GC(328) O: Concurrent Relocate 1.380ms
[15.091s][info][gc,phases] GC(328) O: Old Generation 1204M(59%)->1074M(52%) 0.090s
[15.091s][info][gc       ] GC(328) Major Collection (Allocation Rate) 1476M(72%)->1076M(53%) 0.104s
[15.108s][info][gc       ] GC(331) Minor Collection (Allocation Rate)
[15.108s][info][gc,phases] GC(331) y: Young Generation
[15.108s][info][gc,phases] GC(331) y: Pause Mark Start 0.009ms
[15.120s][info][gc,phases] GC(331) y: Concurrent Mark 11.314ms
[15.120s][info][gc,phases] GC(331) y: Pause Mark End 0.011ms
[15.120s][info][gc,phases] GC(331) y: Concurrent Mark Free 0.001ms
[15.120s][info][gc,phases] GC(331) y: Concurrent Reset Relocation Set 0.011ms
[15.121s][info][gc,phases] GC(331) y: Concurrent Select Relocation Set 0.543ms
[15.121s][info][gc,phases] GC(331) y: Pause Relocate Start 0.007ms
[15.125s][info][gc,phases] GC(331) y: Concurrent Relocate 4.221ms
[15.126s][info][gc,phases] GC(331) y: Young Generation 1314M(64%)->982M(48%) 0.017s
[15.126s][info][gc       ] GC(331) Minor Collection (Allocation Rate) 1314M(64%)->986M(48%) 0.018s
[15.162s][info][gc       ] GC(332) Minor Collection (Allocation Rate)
[15.162s][info][gc,phases] GC(332) y: Young Generation
[15.163s][info][gc,phases] GC(332) y: Pause Mark Start 0.008ms
[15.174s][info][gc,phases] GC(332) y: Concurrent Mark 11.232ms
[15.174s][info][gc,phases] GC(332) y: Pause Mark End 0.011ms
[15.175s][info][gc,phases] GC(332) y: Concurrent Mark Free 0.001ms
[15.175s][info][gc,phases] GC(332) y: Concurrent Reset Relocation Set 0.009ms
[15.175s][info][gc,phases] GC(332) y: Concurrent Select Relocation Set 0.291ms
[15.175s][info][gc,phases] GC(332) y: Pause Relocate Start 0.004ms
[15.180s][info][gc,phases] GC(332) y: Concurrent Relocate 4.314ms
[15.180s][info][gc,phases] GC(332) y: Young Generation 1344M(66%)->990M(48%) 0.017s
[15.180s][info][gc       ] GC(332) Minor Collection (Allocation Rate) 1344M(66%)->994M(49%) 0.017s
[15.223s][info][gc       ] GC(333) Minor Collection (Allocation Rate)
[15.224s][info][gc,phases] GC(333) y: Young Generation
[15.224s][info][gc,phases] GC(333) y: Pause Mark Start 0.010ms
[15.236s][info][gc,phases] GC(333) y: Concurrent Mark 12.381ms
[15.237s][info][gc,phases] GC(333) y: Pause Mark End 0.011ms
[15.237s][info][gc,phases] GC(333) y: Concurrent Mark Free 0.001ms
[15.237s][info][gc,phases] GC(333) y: Concurrent Reset Relocation Set 0.009ms
[15.238s][info][gc,phases] GC(333) y: Concurrent Select Relocation Set 0.732ms
[15.238s][info][gc,phases] GC(333) y: Pause Relocate Start 0.010ms
[15.243s][info][gc,phases] GC(333) y: Concurrent Relocate 5.202ms
[15.243s][info][gc,phases] GC(333) y: Young Generation 1418M(69%)->1024M(50%) 0.020s
[15.244s][info][gc       ] GC(333) Minor Collection (Allocation Rate) 1418M(69%)->1026M(50%) 0.020s
[15.282s][info][gc       ] GC(334) Minor Collection (Allocation Rate)
[15.282s][info][gc,phases] GC(334) y: Young Generation
[15.282s][info][gc,phases] GC(334) y: Pause Mark Start 0.009ms
[15.294s][info][gc,phases] GC(334) y: Concurrent Mark 11.983ms
[15.295s][info][gc,phases] GC(334) y: Pause Mark End 0.010ms
[15.295s][info][gc,phases] GC(334) y: Concurrent Mark Free 0.001ms
[15.295s][info][gc,phases] GC(334) y: Concurrent Reset Relocation Set 0.012ms
[15.295s][info][gc,phases] GC(334) y: Concurrent Select Relocation Set 0.417ms
[15.296s][info][gc,phases] GC(334) y: Pause Relocate Start 0.004ms
[15.301s][info][gc,phases] GC(334) y: Concurrent Relocate 4.770ms
[15.301s][info][gc,phases] GC(334) y: Young Generation 1396M(68%)->1024M(50%) 0.019s
[15.301s][info][gc       ] GC(334) Minor Collection (Allocation Rate) 1394M(68%)->1026M(50%) 0.019s
[15.347s][info][gc       ] GC(335) Minor Collection (Allocation Rate)
[15.347s][info][gc,phases] GC(335) y: Young Generation
[15.348s][info][gc,phases] GC(335) y: Pause Mark Start 0.009ms
[15.361s][info][gc,phases] GC(335) y: Concurrent Mark 13.696ms
[15.362s][info][gc,phases] GC(335) y: Pause Mark End 0.012ms
[15.362s][info][gc,phases] GC(335) y: Concurrent Mark Free 0.002ms
[15.362s][info][gc,phases] GC(335) y: Concurrent Reset Relocation Set 0.009ms
[15.363s][info][gc,phases] GC(335) y: Concurrent Select Relocation Set 0.753ms
[15.363s][info][gc,phases] GC(335) y: Pause Relocate Start 0.005ms
[15.369s][info][gc,phases] GC(335) y: Concurrent Relocate 6.227ms
[15.370s][info][gc,phases] GC(335) y: Young Generation 1550M(76%)->1068M(52%) 0.022s
[15.370s][info][gc       ] GC(335) Minor Collection (Allocation Rate) 1548M(76%)->1072M(52%) 0.023s
[15.401s][info][gc       ] GC(336) Minor Collection (Allocation Rate)
[15.401s][info][gc,phases] GC(336) y: Young Generation
[15.401s][info][gc,phases] GC(336) y: Pause Mark Start 0.013ms
[15.414s][info][gc,phases] GC(336) y: Concurrent Mark 12.435ms
[15.414s][info][gc,phases] GC(336) y: Pause Mark End 0.011ms
[15.414s][info][gc,phases] GC(336) y: Concurrent Mark Free 0.000ms
[15.414s][info][gc,phases] GC(336) y: Concurrent Reset Relocation Set 0.014ms
[15.415s][info][gc,phases] GC(336) y: Concurrent Select Relocation Set 0.399ms
[15.415s][info][gc,phases] GC(336) y: Pause Relocate Start 0.004ms
[15.420s][info][gc,phases] GC(336) y: Concurrent Relocate 4.726ms
[15.420s][info][gc,phases] GC(336) y: Young Generation 1432M(70%)->1048M(51%) 0.019s
[15.420s][info][gc       ] GC(336) Minor Collection (Allocation Rate) 1432M(70%)->1048M(51%) 0.019s
[15.462s][info][gc       ] GC(337) Minor Collection (Allocation Rate)
[15.462s][info][gc,phases] GC(337) y: Young Generation
[15.463s][info][gc,phases] GC(337) y: Pause Mark Start 0.008ms
[15.476s][info][gc,phases] GC(337) y: Concurrent Mark 13.100ms
[15.476s][info][gc,phases] GC(337) y: Pause Mark End 0.013ms
[15.476s][info][gc,phases] GC(337) y: Concurrent Mark Free 0.001ms
[15.476s][info][gc,phases] GC(337) y: Concurrent Reset Relocation Set 0.009ms
[15.477s][info][gc,phases] GC(337) y: Concurrent Select Relocation Set 0.751ms
[15.477s][info][gc,phases] GC(337) y: Pause Relocate Start 0.007ms
[15.483s][info][gc,phases] GC(337) y: Concurrent Relocate 5.475ms
[15.483s][info][gc,phases] GC(337) y: Young Generation 1456M(71%)->1076M(53%) 0.021s
[15.483s][info][gc       ] GC(337) Minor Collection (Allocation Rate) 1454M(71%)->1078M(53%) 0.021s
[15.527s][info][gc       ] GC(338) Minor Collection (Allocation Rate)
[15.527s][info][gc,phases] GC(338) y: Young Generation
[15.527s][info][gc,phases] GC(338) y: Pause Mark Start 0.009ms
[15.540s][info][gc,phases] GC(338) y: Concurrent Mark 12.250ms
[15.540s][info][gc,phases] GC(338) y: Pause Mark End 0.013ms
[15.540s][info][gc,phases] GC(338) y: Concurrent Mark Free 0.001ms
[15.540s][info][gc,phases] GC(338) y: Concurrent Reset Relocation Set 0.012ms
[15.541s][info][gc,phases] GC(338) y: Concurrent Select Relocation Set 0.585ms
[15.541s][info][gc,phases] GC(338) y: Pause Relocate Start 0.007ms
[15.547s][info][gc,phases] GC(338) y: Concurrent Relocate 5.247ms
[15.547s][info][gc,phases] GC(338) y: Young Generation 1500M(73%)->1112M(54%) 0.020s
[15.547s][info][gc       ] GC(338) Minor Collection (Allocation Rate) 1498M(73%)->1114M(54%) 0.020s
[15.584s][info][gc       ] GC(339) Minor Collection (Allocation Rate)
[15.584s][info][gc,phases] GC(339) y: Young Generation
[15.585s][info][gc,phases] GC(339) y: Pause Mark Start 0.009ms
[15.597s][info][gc,phases] GC(339) y: Concurrent Mark 12.362ms
[15.597s][info][gc,phases] GC(339) y: Pause Mark End 0.011ms
[15.598s][info][gc,phases] GC(339) y: Concurrent Mark Free 0.000ms
[15.598s][info][gc,phases] GC(339) y: Concurrent Reset Relocation Set 0.013ms
[15.598s][info][gc,phases] GC(339) y: Concurrent Select Relocation Set 0.642ms
[15.598s][info][gc,phases] GC(339) y: Pause Relocate Start 0.005ms
[15.604s][info][gc,phases] GC(339) y: Concurrent Relocate 5.577ms
[15.604s][info][gc,phases] GC(339) y: Young Generation 1544M(75%)->1138M(56%) 0.020s
[15.604s][info][gc       ] GC(339) Minor Collection (Allocation Rate) 1540M(75%)->1138M(56%) 0.020s
[15.645s][info][gc       ] GC(340) Minor Collection (Allocation Rate)
[15.645s][info][gc,phases] GC(340) y: Young Generation
[15.645s][info][gc,phases] GC(340) y: Pause Mark Start 0.010ms
[15.658s][info][gc,phases] GC(340) y: Concurrent Mark 13.277ms
[15.659s][info][gc,phases] GC(340) y: Pause Mark End 0.023ms
[15.659s][info][gc,phases] GC(340) y: Concurrent Mark Free 0.002ms
[15.659s][info][gc,phases] GC(340) y: Concurrent Reset Relocation Set 0.012ms
[15.660s][info][gc,phases] GC(340) y: Concurrent Select Relocation Set 0.400ms
[15.660s][info][gc,phases] GC(340) y: Pause Relocate Start 0.011ms
[15.666s][info][gc,phases] GC(340) y: Concurrent Relocate 5.589ms
[15.666s][info][gc,phases] GC(340) y: Young Generation 1522M(74%)->1118M(55%) 0.021s
[15.666s][info][gc       ] GC(340) Minor Collection (Allocation Rate) 1520M(74%)->1122M(55%) 0.022s
[15.704s][info][gc       ] GC(341) Minor Collection (Allocation Rate)
[15.704s][info][gc,phases] GC(341) y: Young Generation
[15.705s][info][gc,phases] GC(341) y: Pause Mark Start 0.009ms
[15.717s][info][gc,phases] GC(341) y: Concurrent Mark 12.196ms
[15.717s][info][gc,phases] GC(341) y: Pause Mark End 0.011ms
[15.717s][info][gc,phases] GC(341) y: Concurrent Mark Free 0.001ms
[15.717s][info][gc,phases] GC(341) y: Concurrent Reset Relocation Set 0.012ms
[15.718s][info][gc,phases] GC(341) y: Concurrent Select Relocation Set 0.593ms
[15.718s][info][gc,phases] GC(341) y: Pause Relocate Start 0.004ms
[15.723s][info][gc,phases] GC(341) y: Concurrent Relocate 4.943ms
[15.724s][info][gc,phases] GC(341) y: Young Generation 1484M(72%)->1104M(54%) 0.019s
[15.724s][info][gc       ] GC(341) Minor Collection (Allocation Rate) 1484M(72%)->1106M(54%) 0.019s
[15.762s][info][gc       ] GC(342) Minor Collection (Allocation Rate)
[15.762s][info][gc,phases] GC(342) y: Young Generation
[15.762s][info][gc,phases] GC(342) y: Pause Mark Start 0.008ms
[15.775s][info][gc,phases] GC(342) y: Concurrent Mark 12.471ms
[15.775s][info][gc,phases] GC(342) y: Pause Mark End 0.011ms
[15.775s][info][gc,phases] GC(342) y: Concurrent Mark Free 0.001ms
[15.775s][info][gc,phases] GC(342) y: Concurrent Reset Relocation Set 0.011ms
[15.776s][info][gc,phases] GC(342) y: Concurrent Select Relocation Set 0.765ms
[15.776s][info][gc,phases] GC(342) y: Pause Relocate Start 0.008ms
[15.782s][info][gc,phases] GC(342) y: Concurrent Relocate 5.245ms
[15.782s][info][gc,phases] GC(342) y: Young Generation 1510M(74%)->1242M(61%) 0.020s
[15.782s][info][gc       ] GC(342) Minor Collection (Allocation Rate) 1508M(74%)->1246M(61%) 0.020s
[15.807s][info][gc       ] GC(343) Minor Collection (Allocation Rate)
[15.808s][info][gc,phases] GC(343) y: Young Generation
[15.808s][info][gc,phases] GC(343) y: Pause Mark Start 0.009ms
[15.820s][info][gc,phases] GC(343) y: Concurrent Mark 11.942ms
[15.820s][info][gc,phases] GC(343) y: Pause Mark End 0.011ms
[15.820s][info][gc,phases] GC(343) y: Concurrent Mark Free 0.001ms
[15.820s][info][gc,phases] GC(343) y: Concurrent Reset Relocation Set 0.012ms
[15.821s][info][gc,phases] GC(343) y: Concurrent Select Relocation Set 0.402ms
[15.821s][info][gc,phases] GC(343) y: Pause Relocate Start 0.004ms
[15.826s][info][gc,phases] GC(343) y: Concurrent Relocate 4.815ms
[15.826s][info][gc,phases] GC(343) y: Young Generation 1522M(74%)->1116M(54%) 0.019s
[15.826s][info][gc       ] GC(343) Minor Collection (Allocation Rate) 1522M(74%)->1118M(55%) 0.019s
[15.866s][info][gc       ] GC(344) Minor Collection (Allocation Rate)
[15.866s][info][gc,phases] GC(344) y: Young Generation
[15.866s][info][gc,phases] GC(344) y: Pause Mark Start 0.009ms
[15.884s][info][gc,phases] GC(344) y: Concurrent Mark 16.969ms
[15.884s][info][gc,phases] GC(344) y: Pause Mark End 0.011ms
[15.884s][info][gc,phases] GC(344) y: Concurrent Mark Free 0.002ms
[15.884s][info][gc,phases] GC(344) y: Concurrent Reset Relocation Set 0.009ms
[15.885s][info][gc,phases] GC(344) y: Concurrent Select Relocation Set 0.574ms
[15.885s][info][gc,phases] GC(344) y: Pause Relocate Start 0.006ms
[15.890s][info][gc,phases] GC(344) y: Concurrent Relocate 5.042ms
[15.890s][info][gc,phases] GC(344) y: Young Generation 1498M(73%)->1192M(58%) 0.024s
[15.890s][info][gc       ] GC(344) Minor Collection (Allocation Rate) 1498M(73%)->1194M(58%) 0.024s
[15.895s][info][gc       ] GC(345) Major Collection (Allocation Rate)
[15.895s][info][gc,phases] GC(345) Y: Young Generation
[15.895s][info][gc,phases] GC(345) Y: Pause Mark Start (Major) 0.012ms
[15.902s][info][gc,phases] GC(345) Y: Concurrent Mark 7.520ms
[15.903s][info][gc,phases] GC(345) Y: Pause Mark End 0.016ms
[15.903s][info][gc,phases] GC(345) Y: Concurrent Mark Free 0.001ms
[15.903s][info][gc,phases] GC(345) Y: Concurrent Reset Relocation Set 0.010ms
[15.903s][info][gc,phases] GC(345) Y: Concurrent Select Relocation Set 0.384ms
[15.904s][info][gc,phases] GC(345) Y: Pause Relocate Start 0.004ms
[15.907s][info][gc,phases] GC(345) Y: Concurrent Relocate 2.818ms
[15.907s][info][gc,phases] GC(345) Y: Young Generation 1270M(62%)->1078M(53%) 0.012s
[15.907s][info][gc,phases] GC(345) O: Old Generation
[15.929s][info][gc       ] GC(346) Minor Collection (Allocation Rate)
[15.929s][info][gc,phases] GC(346) y: Young Generation
[15.929s][info][gc,phases] GC(346) y: Pause Mark Start 0.009ms
[15.937s][info][gc,phases] GC(346) y: Concurrent Mark 7.717ms
[15.938s][info][gc,phases] GC(346) y: Pause Mark End 0.012ms
[15.938s][info][gc,phases] GC(346) y: Concurrent Mark Free 0.001ms
[15.938s][info][gc,phases] GC(346) y: Concurrent Reset Relocation Set 0.005ms
[15.939s][info][gc,phases] GC(346) y: Concurrent Select Relocation Set 0.789ms
[15.939s][info][gc,phases] GC(346) y: Pause Relocate Start 0.007ms
[15.942s][info][gc,phases] GC(346) y: Concurrent Relocate 3.297ms
[15.942s][info][gc,phases] GC(346) y: Young Generation 1288M(63%)->1092M(53%) 0.013s
[15.943s][info][gc       ] GC(346) Minor Collection (Allocation Rate) 1288M(63%)->1096M(54%) 0.014s
[15.979s][info][gc,phases] GC(345) O: Concurrent Mark 72.274ms
[15.979s][info][gc,phases] GC(345) O: Pause Mark End 0.012ms
[15.980s][info][gc,phases] GC(345) O: Concurrent Mark Free 0.001ms
[15.982s][info][gc       ] GC(347) Minor Collection (Allocation Rate)
[15.982s][info][gc,phases] GC(347) y: Young Generation
[15.984s][info][gc,phases] GC(347) y: Pause Mark Start 0.012ms
[15.989s][info][gc,phases] GC(345) O: Concurrent Process Non-Strong 9.077ms
[15.989s][info][gc,phases] GC(345) O: Concurrent Reset Relocation Set 0.002ms
[15.989s][info][gc,phases] GC(345) O: Concurrent Select Relocation Set 0.114ms
[15.994s][info][gc,phases] GC(347) y: Concurrent Mark 10.196ms
[15.995s][info][gc,phases] GC(347) y: Pause Mark End 0.012ms
[15.995s][info][gc,phases] GC(347) y: Concurrent Mark Free 0.005ms
[15.995s][info][gc,phases] GC(347) y: Concurrent Reset Relocation Set 0.010ms
[15.995s][info][gc,phases] GC(347) y: Concurrent Select Relocation Set 0.399ms
[15.996s][info][gc,phases] GC(347) y: Pause Relocate Start 0.005ms
[16.000s][info][gc,phases] GC(347) y: Concurrent Relocate 4.482ms
[16.000s][info][gc,phases] GC(347) y: Young Generation 1456M(71%)->996M(49%) 0.019s
[16.000s][info][gc       ] GC(347) Minor Collection (Allocation Rate) 1456M(71%)->998M(49%) 0.019s
[16.007s][info][gc,phases] GC(345) O: Concurrent Remap Roots 6.284ms
[16.007s][info][gc,phases] GC(345) O: Pause Relocate Start 0.012ms
[16.009s][info][gc,phases] GC(345) O: Concurrent Relocate 1.347ms
[16.009s][info][gc,phases] GC(345) O: Old Generation 1080M(53%)->1034M(50%) 0.102s
[16.009s][info][gc       ] GC(345) Major Collection (Allocation Rate) 1270M(62%)->1036M(51%) 0.114s
[16.041s][info][gc       ] GC(348) Minor Collection (Allocation Rate)
[16.041s][info][gc,phases] GC(348) y: Young Generation
[16.042s][info][gc,phases] GC(348) y: Pause Mark Start 0.009ms
[16.053s][info][gc,phases] GC(348) y: Concurrent Mark 11.288ms
[16.053s][info][gc,phases] GC(348) y: Pause Mark End 0.012ms
[16.054s][info][gc,phases] GC(348) y: Concurrent Mark Free 0.001ms
[16.054s][info][gc,phases] GC(348) y: Concurrent Reset Relocation Set 0.008ms
[16.054s][info][gc,phases] GC(348) y: Concurrent Select Relocation Set 0.264ms
[16.054s][info][gc,phases] GC(348) y: Pause Relocate Start 0.004ms
[16.059s][info][gc,phases] GC(348) y: Concurrent Relocate 4.821ms
[16.059s][info][gc,phases] GC(348) y: Young Generation 1380M(67%)->1032M(50%) 0.018s
[16.059s][info][gc       ] GC(348) Minor Collection (Allocation Rate) 1378M(67%)->1036M(51%) 0.018s
[16.094s][info][gc       ] GC(349) Minor Collection (Allocation Rate)
[16.094s][info][gc,phases] GC(349) y: Young Generation
[16.094s][info][gc,phases] GC(349) y: Pause Mark Start 0.009ms
[16.106s][info][gc,phases] GC(349) y: Concurrent Mark 11.208ms
[16.106s][info][gc,phases] GC(349) y: Pause Mark End 0.014ms
[16.106s][info][gc,phases] GC(349) y: Concurrent Mark Free 0.002ms
[16.106s][info][gc,phases] GC(349) y: Concurrent Reset Relocation Set 0.008ms
[16.107s][info][gc,phases] GC(349) y: Concurrent Select Relocation Set 0.594ms
[16.107s][info][gc,phases] GC(349) y: Pause Relocate Start 0.004ms
[16.113s][info][gc,phases] GC(349) y: Concurrent Relocate 5.453ms
[16.113s][info][gc,phases] GC(349) y: Young Generation 1460M(71%)->1098M(54%) 0.019s
[16.113s][info][gc       ] GC(349) Minor Collection (Allocation Rate) 1458M(71%)->1100M(54%) 0.019s
[16.141s][info][gc       ] GC(350) Minor Collection (Allocation Rate)
[16.141s][info][gc,phases] GC(350) y: Young Generation
[16.142s][info][gc,phases] GC(350) y: Pause Mark Start 0.008ms
[16.154s][info][gc,phases] GC(350) y: Concurrent Mark 11.799ms
[16.154s][info][gc,phases] GC(350) y: Pause Mark End 0.015ms
[16.154s][info][gc,phases] GC(350) y: Concurrent Mark Free 0.001ms
[16.154s][info][gc,phases] GC(350) y: Concurrent Reset Relocation Set 0.011ms
[16.154s][info][gc,phases] GC(350) y: Concurrent Select Relocation Set 0.168ms
[16.154s][info][gc,phases] GC(350) y: Pause Relocate Start 0.004ms
[16.159s][info][gc,phases] GC(350) y: Concurrent Relocate 4.725ms
[16.160s][info][gc,phases] GC(350) y: Young Generation 1388M(68%)->1024M(50%) 0.018s
[16.160s][info][gc       ] GC(350) Minor Collection (Allocation Rate) 1386M(68%)->1024M(50%) 0.018s
[16.202s][info][gc       ] GC(351) Minor Collection (Allocation Rate)
[16.202s][info][gc,phases] GC(351) y: Young Generation
[16.203s][info][gc,phases] GC(351) y: Pause Mark Start 0.009ms
[16.216s][info][gc,phases] GC(351) y: Concurrent Mark 13.030ms
[16.216s][info][gc,phases] GC(351) y: Pause Mark End 0.012ms
[16.216s][info][gc,phases] GC(351) y: Concurrent Mark Free 0.002ms
[16.216s][info][gc,phases] GC(351) y: Concurrent Reset Relocation Set 0.008ms
[16.217s][info][gc,phases] GC(351) y: Concurrent Select Relocation Set 0.739ms
[16.217s][info][gc,phases] GC(351) y: Pause Relocate Start 0.005ms
[16.223s][info][gc,phases] GC(351) y: Concurrent Relocate 5.433ms
[16.223s][info][gc,phases] GC(351) y: Young Generation 1448M(71%)->1052M(51%) 0.021s
[16.223s][info][gc       ] GC(351) Minor Collection (Allocation Rate) 1448M(71%)->1056M(52%) 0.021s
[16.259s][info][gc       ] GC(352) Minor Collection (Allocation Rate)
[16.259s][info][gc,phases] GC(352) y: Young Generation
[16.259s][info][gc,phases] GC(352) y: Pause Mark Start 0.008ms
[16.272s][info][gc,phases] GC(352) y: Concurrent Mark 12.218ms
[16.272s][info][gc,phases] GC(352) y: Pause Mark End 0.011ms
[16.272s][info][gc,phases] GC(352) y: Concurrent Mark Free 0.001ms
[16.272s][info][gc,phases] GC(352) y: Concurrent Reset Relocation Set 0.013ms
[16.273s][info][gc,phases] GC(352) y: Concurrent Select Relocation Set 0.486ms
[16.273s][info][gc,phases] GC(352) y: Pause Relocate Start 0.006ms
[16.278s][info][gc,phases] GC(352) y: Concurrent Relocate 4.922ms
[16.278s][info][gc,phases] GC(352) y: Young Generation 1412M(69%)->1046M(51%) 0.019s
[16.278s][info][gc       ] GC(352) Minor Collection (Allocation Rate) 1410M(69%)->1048M(51%) 0.019s
[16.310s][info][gc       ] GC(353) Minor Collection (Allocation Rate)
[16.310s][info][gc,phases] GC(353) y: Young Generation
[16.311s][info][gc,phases] GC(353) y: Pause Mark Start 0.009ms
[16.323s][info][gc,phases] GC(353) y: Concurrent Mark 12.036ms
[16.323s][info][gc,phases] GC(353) y: Pause Mark End 0.012ms
[16.323s][info][gc,phases] GC(353) y: Concurrent Mark Free 0.001ms
[16.323s][info][gc,phases] GC(353) y: Concurrent Reset Relocation Set 0.010ms
[16.324s][info][gc,phases] GC(353) y: Concurrent Select Relocation Set 0.566ms
[16.324s][info][gc,phases] GC(353) y: Pause Relocate Start 0.005ms
[16.330s][info][gc,phases] GC(353) y: Concurrent Relocate 5.215ms
[16.330s][info][gc,phases] GC(353) y: Young Generation 1468M(72%)->1060M(52%) 0.019s
[16.330s][info][gc       ] GC(353) Minor Collection (Allocation Rate) 1464M(71%)->1064M(52%) 0.020s
[16.379s][info][gc       ] GC(354) Minor Collection (Allocation Rate)
[16.379s][info][gc,phases] GC(354) y: Young Generation
[16.380s][info][gc,phases] GC(354) y: Pause Mark Start 0.009ms
[16.392s][info][gc,phases] GC(354) y: Concurrent Mark 12.413ms
[16.393s][info][gc,phases] GC(354) y: Pause Mark End 0.014ms
[16.393s][info][gc,phases] GC(354) y: Concurrent Mark Free 0.001ms
[16.393s][info][gc,phases] GC(354) y: Concurrent Reset Relocation Set 0.020ms
[16.393s][info][gc,phases] GC(354) y: Concurrent Select Relocation Set 0.353ms
[16.393s][info][gc,phases] GC(354) y: Pause Relocate Start 0.004ms
[16.399s][info][gc,phases] GC(354) y: Concurrent Relocate 5.559ms
[16.399s][info][gc,phases] GC(354) y: Young Generation 1558M(76%)->1078M(53%) 0.020s
[16.399s][info][gc       ] GC(354) Minor Collection (Allocation Rate) 1554M(76%)->1082M(53%) 0.020s
[16.448s][info][gc       ] GC(355) Minor Collection (Allocation Rate)
[16.448s][info][gc,phases] GC(355) y: Young Generation
[16.448s][info][gc,phases] GC(355) y: Pause Mark Start 0.009ms
[16.462s][info][gc,phases] GC(355) y: Concurrent Mark 13.250ms
[16.462s][info][gc,phases] GC(355) y: Pause Mark End 0.011ms
[16.462s][info][gc,phases] GC(355) y: Concurrent Mark Free 0.002ms
[16.462s][info][gc,phases] GC(355) y: Concurrent Reset Relocation Set 0.011ms
[16.463s][info][gc,phases] GC(355) y: Concurrent Select Relocation Set 0.763ms
[16.463s][info][gc,phases] GC(355) y: Pause Relocate Start 0.007ms
[16.469s][info][gc,phases] GC(355) y: Concurrent Relocate 5.985ms
[16.470s][info][gc,phases] GC(355) y: Young Generation 1566M(76%)->1106M(54%) 0.022s
[16.470s][info][gc       ] GC(355) Minor Collection (Allocation Rate) 1566M(76%)->1110M(54%) 0.022s
[16.507s][info][gc       ] GC(356) Minor Collection (Allocation Rate)
[16.507s][info][gc,phases] GC(356) y: Young Generation
[16.507s][info][gc,phases] GC(356) y: Pause Mark Start 0.008ms
[16.520s][info][gc,phases] GC(356) y: Concurrent Mark 12.503ms
[16.520s][info][gc,phases] GC(356) y: Pause Mark End 0.011ms
[16.520s][info][gc,phases] GC(356) y: Concurrent Mark Free 0.002ms
[16.520s][info][gc,phases] GC(356) y: Concurrent Reset Relocation Set 0.012ms
[16.521s][info][gc,phases] GC(356) y: Concurrent Select Relocation Set 0.336ms
[16.521s][info][gc,phases] GC(356) y: Pause Relocate Start 0.004ms
[16.526s][info][gc,phases] GC(356) y: Concurrent Relocate 4.746ms
[16.526s][info][gc,phases] GC(356) y: Young Generation 1484M(72%)->1128M(55%) 0.019s
[16.526s][info][gc       ] GC(356) Minor Collection (Allocation Rate) 1482M(72%)->1132M(55%) 0.019s
[16.560s][info][gc       ] GC(357) Minor Collection (Allocation Rate)
[16.560s][info][gc,phases] GC(357) y: Young Generation
[16.560s][info][gc,phases] GC(357) y: Pause Mark Start 0.009ms
[16.573s][info][gc,phases] GC(357) y: Concurrent Mark 12.928ms
[16.573s][info][gc,phases] GC(357) y: Pause Mark End 0.013ms
[16.574s][info][gc,phases] GC(357) y: Concurrent Mark Free 0.001ms
[16.574s][info][gc,phases] GC(357) y: Concurrent Reset Relocation Set 0.009ms
[16.574s][info][gc,phases] GC(357) y: Concurrent Select Relocation Set 0.610ms
[16.574s][info][gc,phases] GC(357) y: Pause Relocate Start 0.008ms
[16.580s][info][gc,phases] GC(357) y: Concurrent Relocate 5.479ms
[16.580s][info][gc,phases] GC(357) y: Young Generation 1510M(74%)->1142M(56%) 0.020s
[16.580s][info][gc       ] GC(357) Minor Collection (Allocation Rate) 1508M(74%)->1144M(56%) 0.021s
[16.610s][info][gc       ] GC(358) Minor Collection (Allocation Rate)
[16.610s][info][gc,phases] GC(358) y: Young Generation
[16.610s][info][gc,phases] GC(358) y: Pause Mark Start 0.008ms
[16.622s][info][gc,phases] GC(358) y: Concurrent Mark 12.128ms
[16.623s][info][gc,phases] GC(358) y: Pause Mark End 0.011ms
[16.623s][info][gc,phases] GC(358) y: Concurrent Mark Free 0.001ms
[16.623s][info][gc,phases] GC(358) y: Concurrent Reset Relocation Set 0.012ms
[16.624s][info][gc,phases] GC(358) y: Concurrent Select Relocation Set 0.620ms
[16.624s][info][gc,phases] GC(358) y: Pause Relocate Start 0.006ms
[16.629s][info][gc,phases] GC(358) y: Concurrent Relocate 5.032ms
[16.629s][info][gc,phases] GC(358) y: Young Generation 1474M(72%)->1114M(54%) 0.019s
[16.629s][info][gc       ] GC(358) Minor Collection (Allocation Rate) 1470M(72%)->1118M(55%) 0.020s
[16.665s][info][gc       ] GC(359) Minor Collection (Allocation Rate)
[16.666s][info][gc,phases] GC(359) y: Young Generation
[16.666s][info][gc,phases] GC(359) y: Pause Mark Start 0.008ms
[16.678s][info][gc,phases] GC(359) y: Concurrent Mark 11.761ms
[16.678s][info][gc,phases] GC(359) y: Pause Mark End 0.011ms
[16.678s][info][gc,phases] GC(359) y: Concurrent Mark Free 0.001ms
[16.678s][info][gc,phases] GC(359) y: Concurrent Reset Relocation Set 0.011ms
[16.679s][info][gc,phases] GC(359) y: Concurrent Select Relocation Set 0.577ms
[16.679s][info][gc,phases] GC(359) y: Pause Relocate Start 0.008ms
[16.684s][info][gc,phases] GC(359) y: Concurrent Relocate 4.682ms
[16.684s][info][gc,phases] GC(359) y: Young Generation 1482M(72%)->1116M(54%) 0.018s
[16.684s][info][gc       ] GC(359) Minor Collection (Allocation Rate) 1482M(72%)->1118M(55%) 0.019s
[16.725s][info][gc       ] GC(360) Minor Collection (Allocation Rate)
[16.726s][info][gc,phases] GC(360) y: Young Generation
[16.726s][info][gc,phases] GC(360) y: Pause Mark Start 0.008ms
[16.737s][info][gc,phases] GC(360) y: Concurrent Mark 11.075ms
[16.737s][info][gc,phases] GC(360) y: Pause Mark End 0.015ms
[16.737s][info][gc,phases] GC(360) y: Concurrent Mark Free 0.001ms
[16.738s][info][gc,phases] GC(360) y: Concurrent Reset Relocation Set 0.011ms
[16.738s][info][gc,phases] GC(360) y: Concurrent Select Relocation Set 0.757ms
[16.739s][info][gc,phases] GC(360) y: Pause Relocate Start 0.004ms
[16.744s][info][gc,phases] GC(360) y: Concurrent Relocate 5.288ms
[16.744s][info][gc,phases] GC(360) y: Young Generation 1538M(75%)->1208M(59%) 0.019s
[16.744s][info][gc       ] GC(360) Minor Collection (Allocation Rate) 1538M(75%)->1212M(59%) 0.019s
[16.780s][info][gc       ] GC(361) Minor Collection (Allocation Rate)
[16.780s][info][gc,phases] GC(361) y: Young Generation
[16.780s][info][gc,phases] GC(361) y: Pause Mark Start 0.008ms
[16.792s][info][gc,phases] GC(361) y: Concurrent Mark 11.609ms
[16.792s][info][gc,phases] GC(361) y: Pause Mark End 0.011ms
[16.792s][info][gc,phases] GC(361) y: Concurrent Mark Free 0.001ms
[16.792s][info][gc,phases] GC(361) y: Concurrent Reset Relocation Set 0.012ms
[16.793s][info][gc,phases] GC(361) y: Concurrent Select Relocation Set 0.341ms
[16.793s][info][gc,phases] GC(361) y: Pause Relocate Start 0.004ms
[16.798s][info][gc,phases] GC(361) y: Concurrent Relocate 4.940ms
[16.798s][info][gc,phases] GC(361) y: Young Generation 1568M(77%)->1172M(57%) 0.018s
[16.798s][info][gc       ] GC(361) Minor Collection (Allocation Rate) 1566M(76%)->1176M(57%) 0.019s
[16.832s][info][gc       ] GC(362) Minor Collection (Allocation Rate)
[16.833s][info][gc,phases] GC(362) y: Young Generation
[16.833s][info][gc,phases] GC(362) y: Pause Mark Start 0.008ms
[16.846s][info][gc,phases] GC(362) y: Concurrent Mark 12.729ms
[16.846s][info][gc,phases] GC(362) y: Pause Mark End 0.011ms
[16.846s][info][gc,phases] GC(362) y: Concurrent Mark Free 0.001ms
[16.846s][info][gc,phases] GC(362) y: Concurrent Reset Relocation Set 0.010ms
[16.847s][info][gc,phases] GC(362) y: Concurrent Select Relocation Set 0.570ms
[16.847s][info][gc,phases] GC(362) y: Pause Relocate Start 0.004ms
[16.852s][info][gc,phases] GC(362) y: Concurrent Relocate 5.148ms
[16.853s][info][gc,phases] GC(362) y: Young Generation 1560M(76%)->1160M(57%) 0.020s
[16.853s][info][gc       ] GC(362) Minor Collection (Allocation Rate) 1560M(76%)->1162M(57%) 0.020s
[16.885s][info][gc       ] GC(363) Major Collection (Allocation Rate)
[16.885s][info][gc,phases] GC(363) Y: Young Generation
[16.885s][info][gc,phases] GC(363) Y: Pause Mark Start (Major) 0.012ms
[16.894s][info][gc,phases] GC(363) Y: Concurrent Mark 8.304ms
[16.894s][info][gc,phases] GC(363) Y: Pause Mark End 0.011ms
[16.894s][info][gc,phases] GC(363) Y: Concurrent Mark Free 0.002ms
[16.894s][info][gc,phases] GC(363) Y: Concurrent Reset Relocation Set 0.011ms
[16.895s][info][gc,phases] GC(363) Y: Concurrent Select Relocation Set 0.392ms
[16.895s][info][gc,phases] GC(363) Y: Pause Relocate Start 0.004ms
[16.899s][info][gc,phases] GC(363) Y: Concurrent Relocate 4.284ms
[16.899s][info][gc,phases] GC(363) Y: Young Generation 1488M(73%)->1122M(55%) 0.014s
[16.899s][info][gc,phases] GC(363) O: Old Generation
[16.934s][info][gc       ] GC(364) Minor Collection (Allocation Rate)
[16.934s][info][gc,phases] GC(364) y: Young Generation
[16.935s][info][gc,phases] GC(364) y: Pause Mark Start 0.008ms
[16.943s][info][gc,phases] GC(364) y: Concurrent Mark 8.574ms
[16.944s][info][gc,phases] GC(364) y: Pause Mark End 0.016ms
[16.944s][info][gc,phases] GC(364) y: Concurrent Mark Free 0.001ms
[16.944s][info][gc,phases] GC(364) y: Concurrent Reset Relocation Set 0.009ms
[16.944s][info][gc,phases] GC(364) y: Concurrent Select Relocation Set 0.358ms
[16.944s][info][gc,phases] GC(364) y: Pause Relocate Start 0.005ms
[16.949s][info][gc,phases] GC(364) y: Concurrent Relocate 4.188ms
[16.949s][info][gc,phases] GC(364) y: Young Generation 1470M(72%)->1130M(55%) 0.014s
[16.949s][info][gc       ] GC(364) Minor Collection (Allocation Rate) 1470M(72%)->1130M(55%) 0.015s
[16.971s][info][gc,phases] GC(363) O: Concurrent Mark 71.191ms
[16.971s][info][gc,phases] GC(363) O: Pause Mark End 0.015ms
[16.971s][info][gc,phases] GC(363) O: Concurrent Mark Free 0.002ms
[16.976s][info][gc,phases] GC(363) O: Concurrent Process Non-Strong 4.648ms
[16.976s][info][gc,phases] GC(363) O: Concurrent Reset Relocation Set 0.002ms
[16.976s][info][gc,phases] GC(363) O: Concurrent Select Relocation Set 0.229ms
[16.982s][info][gc,phases] GC(363) O: Concurrent Remap Roots 6.013ms
[16.983s][info][gc,phases] GC(363) O: Pause Relocate Start 0.016ms
[16.986s][info][gc,phases] GC(363) O: Concurrent Relocate 3.086ms
[16.986s][info][gc,phases] GC(363) O: Old Generation 1126M(55%)->1292M(63%) 0.087s
[16.986s][info][gc       ] GC(363) Major Collection (Allocation Rate) 1488M(73%)->1294M(63%) 0.102s
[17.014s][info][gc       ] GC(365) Minor Collection (Allocation Rate)
[17.014s][info][gc,phases] GC(365) y: Young Generation
[17.014s][info][gc,phases] GC(365) y: Pause Mark Start 0.010ms
[17.028s][info][gc,phases] GC(365) y: Concurrent Mark 13.590ms
[17.028s][info][gc,phases] GC(365) y: Pause Mark End 0.012ms
[17.029s][info][gc,phases] GC(365) y: Concurrent Mark Free 0.001ms
[17.029s][info][gc,phases] GC(365) y: Concurrent Reset Relocation Set 0.010ms
[17.029s][info][gc,phases] GC(365) y: Concurrent Select Relocation Set 0.776ms
[17.030s][info][gc,phases] GC(365) y: Pause Relocate Start 0.004ms
[17.036s][info][gc,phases] GC(365) y: Concurrent Relocate 6.673ms
[17.037s][info][gc,phases] GC(365) y: Young Generation 1562M(76%)->1026M(50%) 0.023s
[17.037s][info][gc       ] GC(365) Minor Collection (Allocation Rate) 1560M(76%)->1026M(50%) 0.023s
[17.065s][info][gc       ] GC(366) Minor Collection (Allocation Rate)
[17.066s][info][gc,phases] GC(366) y: Young Generation
[17.066s][info][gc,phases] GC(366) y: Pause Mark Start 0.008ms
[17.078s][info][gc,phases] GC(366) y: Concurrent Mark 11.744ms
[17.078s][info][gc,phases] GC(366) y: Pause Mark End 0.010ms
[17.078s][info][gc,phases] GC(366) y: Concurrent Mark Free 0.001ms
[17.078s][info][gc,phases] GC(366) y: Concurrent Reset Relocation Set 0.015ms
[17.079s][info][gc,phases] GC(366) y: Concurrent Select Relocation Set 0.350ms
[17.079s][info][gc,phases] GC(366) y: Pause Relocate Start 0.004ms
[17.083s][info][gc,phases] GC(366) y: Concurrent Relocate 3.998ms
[17.083s][info][gc,phases] GC(366) y: Young Generation 1304M(64%)->986M(48%) 0.018s
[17.083s][info][gc       ] GC(366) Minor Collection (Allocation Rate) 1304M(64%)->988M(48%) 0.018s
[17.135s][info][gc       ] GC(367) Minor Collection (Allocation Rate)
[17.135s][info][gc,phases] GC(367) y: Young Generation
[17.136s][info][gc,phases] GC(367) y: Pause Mark Start 0.012ms
[17.149s][info][gc,phases] GC(367) y: Concurrent Mark 13.244ms
[17.149s][info][gc,phases] GC(367) y: Pause Mark End 0.011ms
[17.150s][info][gc,phases] GC(367) y: Concurrent Mark Free 0.001ms
[17.150s][info][gc,phases] GC(367) y: Concurrent Reset Relocation Set 0.008ms
[17.150s][info][gc,phases] GC(367) y: Concurrent Select Relocation Set 0.729ms
[17.151s][info][gc,phases] GC(367) y: Pause Relocate Start 0.010ms
[17.157s][info][gc,phases] GC(367) y: Concurrent Relocate 5.800ms
[17.157s][info][gc,phases] GC(367) y: Young Generation 1490M(73%)->1032M(50%) 0.021s
[17.157s][info][gc       ] GC(367) Minor Collection (Allocation Rate) 1488M(73%)->1034M(50%) 0.022s
[17.203s][info][gc       ] GC(368) Minor Collection (Allocation Rate)
[17.203s][info][gc,phases] GC(368) y: Young Generation
[17.204s][info][gc,phases] GC(368) y: Pause Mark Start 0.008ms
[17.216s][info][gc,phases] GC(368) y: Concurrent Mark 12.619ms
[17.217s][info][gc,phases] GC(368) y: Pause Mark End 0.011ms
[17.217s][info][gc,phases] GC(368) y: Concurrent Mark Free 0.001ms
[17.217s][info][gc,phases] GC(368) y: Concurrent Reset Relocation Set 0.014ms
[17.218s][info][gc,phases] GC(368) y: Concurrent Select Relocation Set 0.640ms
[17.218s][info][gc,phases] GC(368) y: Pause Relocate Start 0.004ms
[17.223s][info][gc,phases] GC(368) y: Concurrent Relocate 5.510ms
[17.224s][info][gc,phases] GC(368) y: Young Generation 1484M(72%)->1036M(51%) 0.020s
[17.224s][info][gc       ] GC(368) Minor Collection (Allocation Rate) 1482M(72%)->1036M(51%) 0.020s
[17.276s][info][gc       ] GC(369) Minor Collection (Allocation Rate)
[17.277s][info][gc,phases] GC(369) y: Young Generation
[17.277s][info][gc,phases] GC(369) y: Pause Mark Start 0.009ms
[17.290s][info][gc,phases] GC(369) y: Concurrent Mark 13.304ms
[17.291s][info][gc,phases] GC(369) y: Pause Mark End 0.012ms
[17.291s][info][gc,phases] GC(369) y: Concurrent Mark Free 0.002ms
[17.291s][info][gc,phases] GC(369) y: Concurrent Reset Relocation Set 0.012ms
[17.291s][info][gc,phases] GC(369) y: Concurrent Select Relocation Set 0.481ms
[17.292s][info][gc,phases] GC(369) y: Pause Relocate Start 0.006ms
[17.298s][info][gc,phases] GC(369) y: Concurrent Relocate 6.169ms
[17.298s][info][gc,phases] GC(369) y: Young Generation 1546M(75%)->1110M(54%) 0.021s
[17.298s][info][gc       ] GC(369) Minor Collection (Allocation Rate) 1544M(75%)->1112M(54%) 0.022s
[17.341s][info][gc       ] GC(370) Minor Collection (Allocation Rate)
[17.342s][info][gc,phases] GC(370) y: Young Generation
[17.342s][info][gc,phases] GC(370) y: Pause Mark Start 0.009ms
[17.355s][info][gc,phases] GC(370) y: Concurrent Mark 13.482ms
[17.356s][info][gc,phases] GC(370) y: Pause Mark End 0.012ms
[17.356s][info][gc,phases] GC(370) y: Concurrent Mark Free 0.001ms
[17.356s][info][gc,phases] GC(370) y: Concurrent Reset Relocation Set 0.014ms
[17.357s][info][gc,phases] GC(370) y: Concurrent Select Relocation Set 0.794ms
[17.357s][info][gc,phases] GC(370) y: Pause Relocate Start 0.005ms
[17.363s][info][gc,phases] GC(370) y: Concurrent Relocate 6.012ms
[17.363s][info][gc,phases] GC(370) y: Young Generation 1524M(74%)->1166M(57%) 0.022s
[17.363s][info][gc       ] GC(370) Minor Collection (Allocation Rate) 1522M(74%)->1168M(57%) 0.022s
[17.395s][info][gc       ] GC(371) Minor Collection (Allocation Rate)
[17.395s][info][gc,phases] GC(371) y: Young Generation
[17.395s][info][gc,phases] GC(371) y: Pause Mark Start 0.008ms
[17.408s][info][gc,phases] GC(371) y: Concurrent Mark 12.398ms
[17.408s][info][gc,phases] GC(371) y: Pause Mark End 0.014ms
[17.408s][info][gc,phases] GC(371) y: Concurrent Mark Free 0.001ms
[17.409s][info][gc,phases] GC(371) y: Concurrent Reset Relocation Set 0.015ms
[17.409s][info][gc,phases] GC(371) y: Concurrent Select Relocation Set 0.337ms
[17.409s][info][gc,phases] GC(371) y: Pause Relocate Start 0.004ms
[17.414s][info][gc,phases] GC(371) y: Concurrent Relocate 5.126ms
[17.415s][info][gc,phases] GC(371) y: Young Generation 1474M(72%)->1056M(52%) 0.019s
[17.415s][info][gc       ] GC(371) Minor Collection (Allocation Rate) 1470M(72%)->1060M(52%) 0.020s
[17.459s][info][gc       ] GC(372) Minor Collection (Allocation Rate)
[17.459s][info][gc,phases] GC(372) y: Young Generation
[17.459s][info][gc,phases] GC(372) y: Pause Mark Start 0.009ms
[17.472s][info][gc,phases] GC(372) y: Concurrent Mark 12.743ms
[17.472s][info][gc,phases] GC(372) y: Pause Mark End 0.011ms
[17.473s][info][gc,phases] GC(372) y: Concurrent Mark Free 0.002ms
[17.473s][info][gc,phases] GC(372) y: Concurrent Reset Relocation Set 0.010ms
[17.473s][info][gc,phases] GC(372) y: Concurrent Select Relocation Set 0.715ms
[17.474s][info][gc,phases] GC(372) y: Pause Relocate Start 0.004ms
[17.479s][info][gc,phases] GC(372) y: Concurrent Relocate 5.663ms
[17.479s][info][gc,phases] GC(372) y: Young Generation 1480M(72%)->1176M(57%) 0.020s
[17.479s][info][gc       ] GC(372) Minor Collection (Allocation Rate) 1478M(72%)->1180M(58%) 0.021s
[17.507s][info][gc       ] GC(373) Minor Collection (Allocation Rate)
[17.508s][info][gc,phases] GC(373) y: Young Generation
[17.508s][info][gc,phases] GC(373) y: Pause Mark Start 0.009ms
[17.520s][info][gc,phases] GC(373) y: Concurrent Mark 12.058ms
[17.520s][info][gc,phases] GC(373) y: Pause Mark End 0.012ms
[17.521s][info][gc,phases] GC(373) y: Concurrent Mark Free 0.002ms
[17.521s][info][gc,phases] GC(373) y: Concurrent Reset Relocation Set 0.012ms
[17.521s][info][gc,phases] GC(373) y: Concurrent Select Relocation Set 0.332ms
[17.521s][info][gc,phases] GC(373) y: Pause Relocate Start 0.012ms
[17.526s][info][gc,phases] GC(373) y: Concurrent Relocate 5.016ms
[17.527s][info][gc,phases] GC(373) y: Young Generation 1492M(73%)->1074M(52%) 0.019s
[17.527s][info][gc       ] GC(373) Minor Collection (Allocation Rate) 1492M(73%)->1076M(53%) 0.019s
[17.571s][info][gc       ] GC(374) Minor Collection (Allocation Rate)
[17.571s][info][gc,phases] GC(374) y: Young Generation
[17.571s][info][gc,phases] GC(374) y: Pause Mark Start 0.008ms
[17.584s][info][gc,phases] GC(374) y: Concurrent Mark 12.403ms
[17.584s][info][gc,phases] GC(374) y: Pause Mark End 0.012ms
[17.584s][info][gc,phases] GC(374) y: Concurrent Mark Free 0.002ms
[17.584s][info][gc,phases] GC(374) y: Concurrent Reset Relocation Set 0.009ms
[17.585s][info][gc,phases] GC(374) y: Concurrent Select Relocation Set 0.379ms
[17.585s][info][gc,phases] GC(374) y: Pause Relocate Start 0.004ms
[17.590s][info][gc,phases] GC(374) y: Concurrent Relocate 5.127ms
[17.590s][info][gc,phases] GC(374) y: Young Generation 1500M(73%)->1162M(57%) 0.019s
[17.590s][info][gc       ] GC(374) Minor Collection (Allocation Rate) 1498M(73%)->1166M(57%) 0.020s
[17.610s][info][gc       ] GC(375) Minor Collection (Allocation Rate)
[17.610s][info][gc,phases] GC(375) y: Young Generation
[17.611s][info][gc,phases] GC(375) y: Pause Mark Start 0.008ms
[17.623s][info][gc,phases] GC(375) y: Concurrent Mark 11.980ms
[17.623s][info][gc,phases] GC(375) y: Pause Mark End 0.011ms
[17.623s][info][gc,phases] GC(375) y: Concurrent Mark Free 0.001ms
[17.623s][info][gc,phases] GC(375) y: Concurrent Reset Relocation Set 0.011ms
[17.624s][info][gc,phases] GC(375) y: Concurrent Select Relocation Set 0.398ms
[17.624s][info][gc,phases] GC(375) y: Pause Relocate Start 0.004ms
[17.629s][info][gc,phases] GC(375) y: Concurrent Relocate 4.702ms
[17.629s][info][gc,phases] GC(375) y: Young Generation 1478M(72%)->1092M(53%) 0.019s
[17.629s][info][gc       ] GC(375) Minor Collection (Allocation Rate) 1478M(72%)->1094M(53%) 0.019s
[17.670s][info][gc       ] GC(376) Minor Collection (Allocation Rate)
[17.670s][info][gc,phases] GC(376) y: Young Generation
[17.670s][info][gc,phases] GC(376) y: Pause Mark Start 0.008ms
[17.682s][info][gc,phases] GC(376) y: Concurrent Mark 12.411ms
[17.683s][info][gc,phases] GC(376) y: Pause Mark End 0.018ms
[17.683s][info][gc,phases] GC(376) y: Concurrent Mark Free 0.002ms
[17.683s][info][gc,phases] GC(376) y: Concurrent Reset Relocation Set 0.010ms
[17.684s][info][gc,phases] GC(376) y: Concurrent Select Relocation Set 0.791ms
[17.684s][info][gc,phases] GC(376) y: Pause Relocate Start 0.008ms
[17.690s][info][gc,phases] GC(376) y: Concurrent Relocate 5.351ms
[17.690s][info][gc,phases] GC(376) y: Young Generation 1486M(73%)->1212M(59%) 0.020s
[17.690s][info][gc       ] GC(376) Minor Collection (Allocation Rate) 1486M(73%)->1216M(59%) 0.020s
[17.714s][info][gc       ] GC(377) Minor Collection (Allocation Rate)
[17.714s][info][gc,phases] GC(377) y: Young Generation
[17.715s][info][gc,phases] GC(377) y: Pause Mark Start 0.010ms
[17.727s][info][gc,phases] GC(377) y: Concurrent Mark 12.115ms
[17.727s][info][gc,phases] GC(377) y: Pause Mark End 0.020ms
[17.727s][info][gc,phases] GC(377) y: Concurrent Mark Free 0.002ms
[17.728s][info][gc,phases] GC(377) y: Concurrent Reset Relocation Set 0.015ms
[17.728s][info][gc,phases] GC(377) y: Concurrent Select Relocation Set 0.391ms
[17.728s][info][gc,phases] GC(377) y: Pause Relocate Start 0.004ms
[17.733s][info][gc,phases] GC(377) y: Concurrent Relocate 4.366ms
[17.733s][info][gc,phases] GC(377) y: Young Generation 1450M(71%)->1108M(54%) 0.018s
[17.733s][info][gc       ] GC(377) Minor Collection (Allocation Rate) 1448M(71%)->1108M(54%) 0.019s
[17.770s][info][gc       ] GC(378) Minor Collection (Allocation Rate)
[17.770s][info][gc,phases] GC(378) y: Young Generation
[17.770s][info][gc,phases] GC(378) y: Pause Mark Start 0.009ms
[17.782s][info][gc,phases] GC(378) y: Concurrent Mark 11.854ms
[17.782s][info][gc,phases] GC(378) y: Pause Mark End 0.012ms
[17.782s][info][gc,phases] GC(378) y: Concurrent Mark Free 0.001ms
[17.783s][info][gc,phases] GC(378) y: Concurrent Reset Relocation Set 0.008ms
[17.783s][info][gc,phases] GC(378) y: Concurrent Select Relocation Set 0.368ms
[17.783s][info][gc,phases] GC(378) y: Pause Relocate Start 0.005ms
[17.788s][info][gc,phases] GC(378) y: Concurrent Relocate 4.909ms
[17.788s][info][gc,phases] GC(378) y: Young Generation 1492M(73%)->1144M(56%) 0.019s
[17.788s][info][gc       ] GC(378) Minor Collection (Allocation Rate) 1490M(73%)->1146M(56%) 0.019s
[17.824s][info][gc       ] GC(379) Minor Collection (Allocation Rate)
[17.825s][info][gc,phases] GC(379) y: Young Generation
[17.825s][info][gc,phases] GC(379) y: Pause Mark Start 0.008ms
[17.837s][info][gc,phases] GC(379) y: Concurrent Mark 11.957ms
[17.837s][info][gc,phases] GC(379) y: Pause Mark End 0.011ms
[17.837s][info][gc,phases] GC(379) y: Concurrent Mark Free 0.001ms
[17.837s][info][gc,phases] GC(379) y: Concurrent Reset Relocation Set 0.011ms
[17.838s][info][gc,phases] GC(379) y: Concurrent Select Relocation Set 0.506ms
[17.838s][info][gc,phases] GC(379) y: Pause Relocate Start 0.005ms
[17.843s][info][gc,phases] GC(379) y: Concurrent Relocate 5.005ms
[17.844s][info][gc,phases] GC(379) y: Young Generation 1522M(74%)->1134M(55%) 0.019s
[17.844s][info][gc       ] GC(379) Minor Collection (Allocation Rate) 1518M(74%)->1138M(56%) 0.019s
[17.888s][info][gc       ] GC(380) Minor Collection (Allocation Rate)
[17.888s][info][gc,phases] GC(380) y: Young Generation
[17.888s][info][gc,phases] GC(380) y: Pause Mark Start 0.009ms
[17.900s][info][gc,phases] GC(380) y: Concurrent Mark 12.141ms
[17.901s][info][gc,phases] GC(380) y: Pause Mark End 0.012ms
[17.901s][info][gc,phases] GC(380) y: Concurrent Mark Free 0.001ms
[17.901s][info][gc,phases] GC(380) y: Concurrent Reset Relocation Set 0.014ms
[17.901s][info][gc,phases] GC(380) y: Concurrent Select Relocation Set 0.401ms
[17.902s][info][gc,phases] GC(380) y: Pause Relocate Start 0.005ms
[17.907s][info][gc,phases] GC(380) y: Concurrent Relocate 5.038ms
[17.907s][info][gc,phases] GC(380) y: Young Generation 1560M(76%)->1146M(56%) 0.019s
[17.907s][info][gc       ] GC(380) Minor Collection (Allocation Rate) 1558M(76%)->1148M(56%) 0.020s
[17.951s][info][gc       ] GC(381) Minor Collection (Allocation Rate)
[17.951s][info][gc,phases] GC(381) y: Young Generation
[17.951s][info][gc,phases] GC(381) y: Pause Mark Start 0.009ms
[17.964s][info][gc,phases] GC(381) y: Concurrent Mark 12.963ms
[17.964s][info][gc,phases] GC(381) y: Pause Mark End 0.011ms
[17.965s][info][gc,phases] GC(381) y: Concurrent Mark Free 0.002ms
[17.965s][info][gc,phases] GC(381) y: Concurrent Reset Relocation Set 0.010ms
[17.965s][info][gc,phases] GC(381) y: Concurrent Select Relocation Set 0.685ms
[17.966s][info][gc,phases] GC(381) y: Pause Relocate Start 0.004ms
[17.971s][info][gc,phases] GC(381) y: Concurrent Relocate 5.384ms
[17.971s][info][gc,phases] GC(381) y: Young Generation 1570M(77%)->1166M(57%) 0.021s
[17.971s][info][gc       ] GC(381) Minor Collection (Allocation Rate) 1570M(77%)->1170M(57%) 0.021s
[18.010s][info][gc       ] GC(382) Major Collection (Allocation Rate)
[18.010s][info][gc,phases] GC(382) Y: Young Generation
[18.010s][info][gc,phases] GC(382) Y: Pause Mark Start (Major) 0.010ms
[18.019s][info][gc,phases] GC(382) Y: Concurrent Mark 8.473ms
[18.019s][info][gc,phases] GC(382) Y: Pause Mark End 0.010ms
[18.019s][info][gc,phases] GC(382) Y: Concurrent Mark Free 0.001ms
[18.019s][info][gc,phases] GC(382) Y: Concurrent Reset Relocation Set 0.011ms
[18.020s][info][gc,phases] GC(382) Y: Concurrent Select Relocation Set 0.395ms
[18.020s][info][gc,phases] GC(382) Y: Pause Relocate Start 0.007ms
[18.025s][info][gc,phases] GC(382) Y: Concurrent Relocate 4.830ms
[18.025s][info][gc,phases] GC(382) Y: Young Generation 1546M(75%)->1132M(55%) 0.015s
[18.025s][info][gc,phases] GC(382) O: Old Generation
[18.065s][info][gc       ] GC(383) Minor Collection (Allocation Rate)
[18.065s][info][gc,phases] GC(383) y: Young Generation
[18.065s][info][gc,phases] GC(383) y: Pause Mark Start 0.008ms
[18.075s][info][gc,phases] GC(383) y: Concurrent Mark 9.368ms
[18.075s][info][gc,phases] GC(383) y: Pause Mark End 0.013ms
[18.075s][info][gc,phases] GC(383) y: Concurrent Mark Free 0.001ms
[18.075s][info][gc,phases] GC(383) y: Concurrent Reset Relocation Set 0.008ms
[18.075s][info][gc,phases] GC(383) y: Concurrent Select Relocation Set 0.365ms
[18.076s][info][gc,phases] GC(383) y: Pause Relocate Start 0.004ms
[18.080s][info][gc,phases] GC(383) y: Concurrent Relocate 4.629ms
[18.081s][info][gc,phases] GC(383) y: Young Generation 1510M(74%)->1146M(56%) 0.016s
[18.081s][info][gc       ] GC(383) Minor Collection (Allocation Rate) 1508M(74%)->1146M(56%) 0.016s
[18.097s][info][gc,phases] GC(382) O: Concurrent Mark 71.626ms
[18.097s][info][gc,phases] GC(382) O: Pause Mark End 0.012ms
[18.097s][info][gc,phases] GC(382) O: Concurrent Mark Free 0.001ms
[18.102s][info][gc,phases] GC(382) O: Concurrent Process Non-Strong 4.784ms
[18.102s][info][gc,phases] GC(382) O: Concurrent Reset Relocation Set 0.002ms
[18.103s][info][gc,phases] GC(382) O: Concurrent Select Relocation Set 0.201ms
[18.108s][info][gc,phases] GC(382) O: Concurrent Remap Roots 5.677ms
[18.109s][info][gc,phases] GC(382) O: Pause Relocate Start 0.011ms
[18.110s][info][gc,phases] GC(382) O: Concurrent Relocate 1.589ms
[18.110s][info][gc,phases] GC(382) O: Old Generation 1136M(55%)->1236M(60%) 0.085s
[18.110s][info][gc       ] GC(382) Major Collection (Allocation Rate) 1544M(75%)->1240M(61%) 0.101s
[18.140s][info][gc       ] GC(384) Minor Collection (Allocation Rate)
[18.141s][info][gc,phases] GC(384) y: Young Generation
[18.141s][info][gc,phases] GC(384) y: Pause Mark Start 0.009ms
[18.154s][info][gc,phases] GC(384) y: Concurrent Mark 12.772ms
[18.154s][info][gc,phases] GC(384) y: Pause Mark End 0.010ms
[18.154s][info][gc,phases] GC(384) y: Concurrent Mark Free 0.001ms
[18.154s][info][gc,phases] GC(384) y: Concurrent Reset Relocation Set 0.010ms
[18.155s][info][gc,phases] GC(384) y: Concurrent Select Relocation Set 0.895ms
[18.155s][info][gc,phases] GC(384) y: Pause Relocate Start 0.006ms
[18.163s][info][gc,phases] GC(384) y: Concurrent Relocate 7.354ms
[18.163s][info][gc,phases] GC(384) y: Young Generation 1598M(78%)->1122M(55%) 0.022s
[18.163s][info][gc       ] GC(384) Minor Collection (Allocation Rate) 1596M(78%)->1126M(55%) 0.023s
[18.179s][info][gc       ] GC(385) Minor Collection (Allocation Rate)
[18.179s][info][gc,phases] GC(385) y: Young Generation
[18.179s][info][gc,phases] GC(385) y: Pause Mark Start 0.008ms
[18.190s][info][gc,phases] GC(385) y: Concurrent Mark 10.666ms
[18.190s][info][gc,phases] GC(385) y: Pause Mark End 0.014ms
[18.190s][info][gc,phases] GC(385) y: Concurrent Mark Free 0.001ms
[18.191s][info][gc,phases] GC(385) y: Concurrent Reset Relocation Set 0.018ms
[18.191s][info][gc,phases] GC(385) y: Concurrent Select Relocation Set 0.355ms
[18.191s][info][gc,phases] GC(385) y: Pause Relocate Start 0.004ms
[18.195s][info][gc,phases] GC(385) y: Concurrent Relocate 3.870ms
[18.195s][info][gc,phases] GC(385) y: Young Generation 1278M(62%)->982M(48%) 0.016s
[18.195s][info][gc       ] GC(385) Minor Collection (Allocation Rate) 1276M(62%)->984M(48%) 0.017s
[18.235s][info][gc       ] GC(386) Minor Collection (Allocation Rate)
[18.235s][info][gc,phases] GC(386) y: Young Generation
[18.235s][info][gc,phases] GC(386) y: Pause Mark Start 0.008ms
[18.247s][info][gc,phases] GC(386) y: Concurrent Mark 11.640ms
[18.247s][info][gc,phases] GC(386) y: Pause Mark End 0.011ms
[18.247s][info][gc,phases] GC(386) y: Concurrent Mark Free 0.001ms
[18.248s][info][gc,phases] GC(386) y: Concurrent Reset Relocation Set 0.007ms
[18.248s][info][gc,phases] GC(386) y: Concurrent Select Relocation Set 0.440ms
[18.248s][info][gc,phases] GC(386) y: Pause Relocate Start 0.004ms
[18.253s][info][gc,phases] GC(386) y: Concurrent Relocate 4.638ms
[18.253s][info][gc,phases] GC(386) y: Young Generation 1368M(67%)->1008M(49%) 0.018s
[18.253s][info][gc       ] GC(386) Minor Collection (Allocation Rate) 1368M(67%)->1010M(49%) 0.018s
[18.304s][info][gc       ] GC(387) Minor Collection (Allocation Rate)
[18.304s][info][gc,phases] GC(387) y: Young Generation
[18.305s][info][gc,phases] GC(387) y: Pause Mark Start 0.008ms
[18.317s][info][gc,phases] GC(387) y: Concurrent Mark 12.425ms
[18.317s][info][gc,phases] GC(387) y: Pause Mark End 0.010ms
[18.318s][info][gc,phases] GC(387) y: Concurrent Mark Free 0.001ms
[18.318s][info][gc,phases] GC(387) y: Concurrent Reset Relocation Set 0.010ms
[18.318s][info][gc,phases] GC(387) y: Concurrent Select Relocation Set 0.669ms
[18.319s][info][gc,phases] GC(387) y: Pause Relocate Start 0.004ms
[18.325s][info][gc,phases] GC(387) y: Concurrent Relocate 5.947ms
[18.325s][info][gc,phases] GC(387) y: Young Generation 1506M(74%)->1044M(51%) 0.021s
[18.325s][info][gc       ] GC(387) Minor Collection (Allocation Rate) 1504M(73%)->1046M(51%) 0.021s
[18.367s][info][gc       ] GC(388) Minor Collection (Allocation Rate)
[18.367s][info][gc,phases] GC(388) y: Young Generation
[18.367s][info][gc,phases] GC(388) y: Pause Mark Start 0.008ms
[18.379s][info][gc,phases] GC(388) y: Concurrent Mark 12.021ms
[18.380s][info][gc,phases] GC(388) y: Pause Mark End 0.011ms
[18.380s][info][gc,phases] GC(388) y: Concurrent Mark Free 0.001ms
[18.380s][info][gc,phases] GC(388) y: Concurrent Reset Relocation Set 0.012ms
[18.380s][info][gc,phases] GC(388) y: Concurrent Select Relocation Set 0.379ms
[18.381s][info][gc,phases] GC(388) y: Pause Relocate Start 0.004ms
[18.386s][info][gc,phases] GC(388) y: Concurrent Relocate 5.066ms
[18.386s][info][gc,phases] GC(388) y: Young Generation 1454M(71%)->1038M(51%) 0.019s
[18.386s][info][gc       ] GC(388) Minor Collection (Allocation Rate) 1452M(71%)->1040M(51%) 0.019s
[18.439s][info][gc       ] GC(389) Minor Collection (Allocation Rate)
[18.440s][info][gc,phases] GC(389) y: Young Generation
[18.440s][info][gc,phases] GC(389) y: Pause Mark Start 0.007ms
[18.453s][info][gc,phases] GC(389) y: Concurrent Mark 13.053ms
[18.453s][info][gc,phases] GC(389) y: Pause Mark End 0.011ms
[18.453s][info][gc,phases] GC(389) y: Concurrent Mark Free 0.001ms
[18.453s][info][gc,phases] GC(389) y: Concurrent Reset Relocation Set 0.009ms
[18.454s][info][gc,phases] GC(389) y: Concurrent Select Relocation Set 0.732ms
[18.454s][info][gc,phases] GC(389) y: Pause Relocate Start 0.005ms
[18.461s][info][gc,phases] GC(389) y: Concurrent Relocate 6.178ms
[18.461s][info][gc,phases] GC(389) y: Young Generation 1558M(76%)->1070M(52%) 0.021s
[18.461s][info][gc       ] GC(389) Minor Collection (Allocation Rate) 1556M(76%)->1074M(52%) 0.022s
[18.509s][info][gc       ] GC(390) Minor Collection (Allocation Rate)
[18.509s][info][gc,phases] GC(390) y: Young Generation
[18.509s][info][gc,phases] GC(390) y: Pause Mark Start 0.008ms
[18.522s][info][gc,phases] GC(390) y: Concurrent Mark 12.902ms
[18.523s][info][gc,phases] GC(390) y: Pause Mark End 0.010ms
[18.523s][info][gc,phases] GC(390) y: Concurrent Mark Free 0.001ms
[18.523s][info][gc,phases] GC(390) y: Concurrent Reset Relocation Set 0.013ms
[18.523s][info][gc,phases] GC(390) y: Concurrent Select Relocation Set 0.433ms
[18.524s][info][gc,phases] GC(390) y: Pause Relocate Start 0.004ms
[18.529s][info][gc,phases] GC(390) y: Concurrent Relocate 5.503ms
[18.529s][info][gc,phases] GC(390) y: Young Generation 1538M(75%)->1074M(52%) 0.020s
[18.529s][info][gc       ] GC(390) Minor Collection (Allocation Rate) 1536M(75%)->1074M(52%) 0.021s
[18.580s][info][gc       ] GC(391) Minor Collection (Allocation Rate)
[18.580s][info][gc,phases] GC(391) y: Young Generation
[18.580s][info][gc,phases] GC(391) y: Pause Mark Start 0.008ms
[18.595s][info][gc,phases] GC(391) y: Concurrent Mark 14.126ms
[18.595s][info][gc,phases] GC(391) y: Pause Mark End 0.015ms
[18.595s][info][gc,phases] GC(391) y: Concurrent Mark Free 0.001ms
[18.595s][info][gc,phases] GC(391) y: Concurrent Reset Relocation Set 0.011ms
[18.596s][info][gc,phases] GC(391) y: Concurrent Select Relocation Set 0.792ms
[18.596s][info][gc,phases] GC(391) y: Pause Relocate Start 0.004ms
[18.602s][info][gc,phases] GC(391) y: Concurrent Relocate 6.015ms
[18.603s][info][gc,phases] GC(391) y: Young Generation 1564M(76%)->1104M(54%) 0.022s
[18.603s][info][gc       ] GC(391) Minor Collection (Allocation Rate) 1562M(76%)->1106M(54%) 0.023s
[18.647s][info][gc       ] GC(392) Minor Collection (Allocation Rate)
[18.647s][info][gc,phases] GC(392) y: Young Generation
[18.647s][info][gc,phases] GC(392) y: Pause Mark Start 0.012ms
[18.660s][info][gc,phases] GC(392) y: Concurrent Mark 12.979ms
[18.660s][info][gc,phases] GC(392) y: Pause Mark End 0.011ms
[18.660s][info][gc,phases] GC(392) y: Concurrent Mark Free 0.001ms
[18.661s][info][gc,phases] GC(392) y: Concurrent Reset Relocation Set 0.014ms
[18.661s][info][gc,phases] GC(392) y: Concurrent Select Relocation Set 0.349ms
[18.661s][info][gc,phases] GC(392) y: Pause Relocate Start 0.004ms
[18.666s][info][gc,phases] GC(392) y: Concurrent Relocate 5.174ms
[18.667s][info][gc,phases] GC(392) y: Young Generation 1528M(75%)->1132M(55%) 0.020s
[18.667s][info][gc       ] GC(392) Minor Collection (Allocation Rate) 1528M(75%)->1136M(55%) 0.020s
[18.702s][info][gc       ] GC(393) Minor Collection (Allocation Rate)
[18.702s][info][gc,phases] GC(393) y: Young Generation
[18.702s][info][gc,phases] GC(393) y: Pause Mark Start 0.009ms
[18.716s][info][gc,phases] GC(393) y: Concurrent Mark 13.315ms
[18.716s][info][gc,phases] GC(393) y: Pause Mark End 0.011ms
[18.716s][info][gc,phases] GC(393) y: Concurrent Mark Free 0.001ms
[18.716s][info][gc,phases] GC(393) y: Concurrent Reset Relocation Set 0.015ms
[18.717s][info][gc,phases] GC(393) y: Concurrent Select Relocation Set 0.691ms
[18.717s][info][gc,phases] GC(393) y: Pause Relocate Start 0.008ms
[18.723s][info][gc,phases] GC(393) y: Concurrent Relocate 5.470ms
[18.723s][info][gc,phases] GC(393) y: Young Generation 1508M(74%)->1116M(54%) 0.021s
[18.723s][info][gc       ] GC(393) Minor Collection (Allocation Rate) 1508M(74%)->1120M(55%) 0.021s
[18.754s][info][gc       ] GC(394) Minor Collection (Allocation Rate)
[18.754s][info][gc,phases] GC(394) y: Young Generation
[18.755s][info][gc,phases] GC(394) y: Pause Mark Start 0.011ms
[18.767s][info][gc,phases] GC(394) y: Concurrent Mark 12.555ms
[18.768s][info][gc,phases] GC(394) y: Pause Mark End 0.011ms
[18.768s][info][gc,phases] GC(394) y: Concurrent Mark Free 0.001ms
[18.768s][info][gc,phases] GC(394) y: Concurrent Reset Relocation Set 0.011ms
[18.768s][info][gc,phases] GC(394) y: Concurrent Select Relocation Set 0.533ms
[18.769s][info][gc,phases] GC(394) y: Pause Relocate Start 0.004ms
[18.774s][info][gc,phases] GC(394) y: Concurrent Relocate 4.992ms
[18.774s][info][gc,phases] GC(394) y: Young Generation 1502M(73%)->1150M(56%) 0.020s
[18.774s][info][gc       ] GC(394) Minor Collection (Allocation Rate) 1500M(73%)->1154M(56%) 0.020s
[18.804s][info][gc       ] GC(395) Minor Collection (Allocation Rate)
[18.804s][info][gc,phases] GC(395) y: Young Generation
[18.804s][info][gc,phases] GC(395) y: Pause Mark Start 0.009ms
[18.817s][info][gc,phases] GC(395) y: Concurrent Mark 12.324ms
[18.817s][info][gc,phases] GC(395) y: Pause Mark End 0.011ms
[18.817s][info][gc,phases] GC(395) y: Concurrent Mark Free 0.002ms
[18.817s][info][gc,phases] GC(395) y: Concurrent Reset Relocation Set 0.012ms
[18.818s][info][gc,phases] GC(395) y: Concurrent Select Relocation Set 0.583ms
[18.818s][info][gc,phases] GC(395) y: Pause Relocate Start 0.008ms
[18.823s][info][gc,phases] GC(395) y: Concurrent Relocate 4.948ms
[18.823s][info][gc,phases] GC(395) y: Young Generation 1462M(71%)->1146M(56%) 0.019s
[18.823s][info][gc       ] GC(395) Minor Collection (Allocation Rate) 1462M(71%)->1152M(56%) 0.020s
[18.853s][info][gc       ] GC(396) Minor Collection (Allocation Rate)
[18.853s][info][gc,phases] GC(396) y: Young Generation
[18.853s][info][gc,phases] GC(396) y: Pause Mark Start 0.012ms
[18.865s][info][gc,phases] GC(396) y: Concurrent Mark 11.720ms
[18.866s][info][gc,phases] GC(396) y: Pause Mark End 0.010ms
[18.866s][info][gc,phases] GC(396) y: Concurrent Mark Free 0.001ms
[18.866s][info][gc,phases] GC(396) y: Concurrent Reset Relocation Set 0.010ms
[18.866s][info][gc,phases] GC(396) y: Concurrent Select Relocation Set 0.555ms
[18.867s][info][gc,phases] GC(396) y: Pause Relocate Start 0.004ms
[18.872s][info][gc,phases] GC(396) y: Concurrent Relocate 4.776ms
[18.872s][info][gc,phases] GC(396) y: Young Generation 1476M(72%)->1120M(55%) 0.019s
[18.872s][info][gc       ] GC(396) Minor Collection (Allocation Rate) 1476M(72%)->1124M(55%) 0.019s
[18.914s][info][gc       ] GC(397) Minor Collection (Allocation Rate)
[18.914s][info][gc,phases] GC(397) y: Young Generation
[18.915s][info][gc,phases] GC(397) y: Pause Mark Start 0.009ms
[18.927s][info][gc,phases] GC(397) y: Concurrent Mark 12.253ms
[18.927s][info][gc,phases] GC(397) y: Pause Mark End 0.012ms
[18.927s][info][gc,phases] GC(397) y: Concurrent Mark Free 0.002ms
[18.928s][info][gc,phases] GC(397) y: Concurrent Reset Relocation Set 0.012ms
[18.928s][info][gc,phases] GC(397) y: Concurrent Select Relocation Set 0.543ms
[18.928s][info][gc,phases] GC(397) y: Pause Relocate Start 0.005ms
[18.934s][info][gc,phases] GC(397) y: Concurrent Relocate 5.335ms
[18.934s][info][gc,phases] GC(397) y: Young Generation 1534M(75%)->1136M(55%) 0.020s
[18.934s][info][gc       ] GC(397) Minor Collection (Allocation Rate) 1534M(75%)->1140M(56%) 0.020s
[18.969s][info][gc       ] GC(398) Major Collection (Allocation Rate)
[18.970s][info][gc,phases] GC(398) Y: Young Generation
[18.970s][info][gc,phases] GC(398) Y: Pause Mark Start (Major) 0.010ms
[18.978s][info][gc,phases] GC(398) Y: Concurrent Mark 8.272ms
[18.979s][info][gc,phases] GC(398) Y: Pause Mark End 0.011ms
[18.979s][info][gc,phases] GC(398) Y: Concurrent Mark Free 0.002ms
[18.979s][info][gc,phases] GC(398) Y: Concurrent Reset Relocation Set 0.011ms
[18.979s][info][gc,phases] GC(398) Y: Concurrent Select Relocation Set 0.361ms
[18.979s][info][gc,phases] GC(398) Y: Pause Relocate Start 0.005ms
[18.984s][info][gc,phases] GC(398) Y: Concurrent Relocate 4.801ms
[18.985s][info][gc,phases] GC(398) Y: Young Generation 1508M(74%)->1122M(55%) 0.015s
[18.985s][info][gc,phases] GC(398) O: Old Generation
[19.021s][info][gc       ] GC(399) Minor Collection (Allocation Rate)
[19.021s][info][gc,phases] GC(399) y: Young Generation
[19.022s][info][gc,phases] GC(399) y: Pause Mark Start 0.009ms
[19.031s][info][gc,phases] GC(399) y: Concurrent Mark 8.745ms
[19.031s][info][gc,phases] GC(399) y: Pause Mark End 0.011ms
[19.031s][info][gc,phases] GC(399) y: Concurrent Mark Free 0.001ms
[19.031s][info][gc,phases] GC(399) y: Concurrent Reset Relocation Set 0.010ms
[19.031s][info][gc,phases] GC(399) y: Concurrent Select Relocation Set 0.354ms
[19.032s][info][gc,phases] GC(399) y: Pause Relocate Start 0.005ms
[19.036s][info][gc,phases] GC(399) y: Concurrent Relocate 4.484ms
[19.036s][info][gc,phases] GC(399) y: Young Generation 1472M(72%)->1118M(55%) 0.015s
[19.036s][info][gc       ] GC(399) Minor Collection (Allocation Rate) 1472M(72%)->1120M(55%) 0.015s
[19.056s][info][gc,phases] GC(398) O: Concurrent Mark 71.666ms
[19.057s][info][gc,phases] GC(398) O: Pause Mark End 0.017ms
[19.057s][info][gc,phases] GC(398) O: Concurrent Mark Free 0.001ms
[19.061s][info][gc,phases] GC(398) O: Concurrent Process Non-Strong 4.499ms
[19.062s][info][gc,phases] GC(398) O: Concurrent Reset Relocation Set 0.002ms
[19.062s][info][gc,phases] GC(398) O: Concurrent Select Relocation Set 0.210ms
[19.068s][info][gc,phases] GC(398) O: Concurrent Remap Roots 5.764ms
[19.068s][info][gc,phases] GC(398) O: Pause Relocate Start 0.010ms
[19.070s][info][gc,phases] GC(398) O: Concurrent Relocate 2.428ms
[19.071s][info][gc,phases] GC(398) O: Old Generation 1126M(55%)->1270M(62%) 0.086s
[19.071s][info][gc       ] GC(398) Major Collection (Allocation Rate) 1508M(74%)->1274M(62%) 0.101s
[19.094s][info][gc       ] GC(400) Minor Collection (Allocation Rate)
[19.094s][info][gc,phases] GC(400) y: Young Generation
[19.094s][info][gc,phases] GC(400) y: Pause Mark Start 0.009ms
[19.109s][info][gc,phases] GC(400) y: Concurrent Mark 14.621ms
[19.109s][info][gc,phases] GC(400) y: Pause Mark End 0.011ms
[19.110s][info][gc,phases] GC(400) y: Concurrent Mark Free 0.002ms
[19.110s][info][gc,phases] GC(400) y: Concurrent Reset Relocation Set 0.010ms
[19.111s][info][gc,phases] GC(400) y: Concurrent Select Relocation Set 0.936ms
[19.111s][info][gc,phases] GC(400) y: Pause Relocate Start 0.007ms
[19.118s][info][gc,phases] GC(400) y: Concurrent Relocate 7.214ms
[19.118s][info][gc,phases] GC(400) y: Young Generation 1598M(78%)->1116M(54%) 0.024s
[19.119s][info][gc       ] GC(400) Minor Collection (Allocation Rate) 1596M(78%)->1120M(55%) 0.025s
[19.125s][info][gc       ] GC(401) Minor Collection (Allocation Rate)
[19.125s][info][gc,phases] GC(401) y: Young Generation
[19.125s][info][gc,phases] GC(401) y: Pause Mark Start 0.009ms
[19.136s][info][gc,phases] GC(401) y: Concurrent Mark 10.623ms
[19.136s][info][gc,phases] GC(401) y: Pause Mark End 0.011ms
[19.136s][info][gc,phases] GC(401) y: Concurrent Mark Free 0.001ms
[19.136s][info][gc,phases] GC(401) y: Concurrent Reset Relocation Set 0.016ms
[19.137s][info][gc,phases] GC(401) y: Concurrent Select Relocation Set 0.370ms
[19.137s][info][gc,phases] GC(401) y: Pause Relocate Start 0.004ms
[19.140s][info][gc,phases] GC(401) y: Concurrent Relocate 3.008ms
[19.140s][info][gc,phases] GC(401) y: Young Generation 1182M(58%)->994M(49%) 0.015s
[19.140s][info][gc       ] GC(401) Minor Collection (Allocation Rate) 1182M(58%)->998M(49%) 0.016s
[19.165s][info][gc       ] GC(402) Minor Collection (Allocation Rate)
[19.166s][info][gc,phases] GC(402) y: Young Generation
[19.166s][info][gc,phases] GC(402) y: Pause Mark Start 0.009ms
[19.176s][info][gc,phases] GC(402) y: Concurrent Mark 9.956ms
[19.176s][info][gc,phases] GC(402) y: Pause Mark End 0.014ms
[19.176s][info][gc,phases] GC(402) y: Concurrent Mark Free 0.001ms
[19.177s][info][gc,phases] GC(402) y: Concurrent Reset Relocation Set 0.006ms
[19.177s][info][gc,phases] GC(402) y: Concurrent Select Relocation Set 0.775ms
[19.178s][info][gc,phases] GC(402) y: Pause Relocate Start 0.004ms
[19.182s][info][gc,phases] GC(402) y: Concurrent Relocate 4.119ms
[19.182s][info][gc,phases] GC(402) y: Young Generation 1272M(62%)->1060M(52%) 0.016s
[19.182s][info][gc       ] GC(402) Minor Collection (Allocation Rate) 1270M(62%)->1062M(52%) 0.017s
[19.214s][info][gc       ] GC(403) Minor Collection (Allocation Rate)
[19.215s][info][gc,phases] GC(403) y: Young Generation
[19.215s][info][gc,phases] GC(403) y: Pause Mark Start 0.009ms
[19.226s][info][gc,phases] GC(403) y: Concurrent Mark 11.135ms
[19.226s][info][gc,phases] GC(403) y: Pause Mark End 0.012ms
[19.227s][info][gc,phases] GC(403) y: Concurrent Mark Free 0.002ms
[19.227s][info][gc,phases] GC(403) y: Concurrent Reset Relocation Set 0.011ms
[19.227s][info][gc,phases] GC(403) y: Concurrent Select Relocation Set 0.276ms
[19.227s][info][gc,phases] GC(403) y: Pause Relocate Start 0.004ms
[19.232s][info][gc,phases] GC(403) y: Concurrent Relocate 4.767ms
[19.232s][info][gc,phases] GC(403) y: Young Generation 1388M(68%)->1010M(49%) 0.018s
[19.232s][info][gc       ] GC(403) Minor Collection (Allocation Rate) 1386M(68%)->1010M(49%) 0.018s
[19.281s][info][gc       ] GC(404) Minor Collection (Allocation Rate)
[19.281s][info][gc,phases] GC(404) y: Young Generation
[19.282s][info][gc,phases] GC(404) y: Pause Mark Start 0.009ms
[19.294s][info][gc,phases] GC(404) y: Concurrent Mark 12.342ms
[19.295s][info][gc,phases] GC(404) y: Pause Mark End 0.012ms
[19.295s][info][gc,phases] GC(404) y: Concurrent Mark Free 0.001ms
[19.295s][info][gc,phases] GC(404) y: Concurrent Reset Relocation Set 0.009ms
[19.295s][info][gc,phases] GC(404) y: Concurrent Select Relocation Set 0.344ms
[19.295s][info][gc,phases] GC(404) y: Pause Relocate Start 0.004ms
[19.301s][info][gc,phases] GC(404) y: Concurrent Relocate 5.642ms
[19.301s][info][gc,phases] GC(404) y: Young Generation 1494M(73%)->1040M(51%) 0.020s
[19.301s][info][gc       ] GC(404) Minor Collection (Allocation Rate) 1490M(73%)->1044M(51%) 0.020s
[19.336s][info][gc       ] GC(405) Minor Collection (Allocation Rate)
[19.336s][info][gc,phases] GC(405) y: Young Generation
[19.336s][info][gc,phases] GC(405) y: Pause Mark Start 0.008ms
[19.349s][info][gc,phases] GC(405) y: Concurrent Mark 12.329ms
[19.349s][info][gc,phases] GC(405) y: Pause Mark End 0.011ms
[19.349s][info][gc,phases] GC(405) y: Concurrent Mark Free 0.002ms
[19.349s][info][gc,phases] GC(405) y: Concurrent Reset Relocation Set 0.010ms
[19.350s][info][gc,phases] GC(405) y: Concurrent Select Relocation Set 0.632ms
[19.350s][info][gc,phases] GC(405) y: Pause Relocate Start 0.006ms
[19.355s][info][gc,phases] GC(405) y: Concurrent Relocate 5.181ms
[19.356s][info][gc,phases] GC(405) y: Young Generation 1424M(70%)->1122M(55%) 0.020s
[19.356s][info][gc       ] GC(405) Minor Collection (Allocation Rate) 1422M(69%)->1126M(55%) 0.020s
[19.396s][info][gc       ] GC(406) Minor Collection (Allocation Rate)
[19.396s][info][gc,phases] GC(406) y: Young Generation
[19.396s][info][gc,phases] GC(406) y: Pause Mark Start 0.009ms
[19.409s][info][gc,phases] GC(406) y: Concurrent Mark 12.374ms
[19.409s][info][gc,phases] GC(406) y: Pause Mark End 0.015ms
[19.409s][info][gc,phases] GC(406) y: Concurrent Mark Free 0.001ms
[19.409s][info][gc,phases] GC(406) y: Concurrent Reset Relocation Set 0.012ms
[19.410s][info][gc,phases] GC(406) y: Concurrent Select Relocation Set 0.792ms
[19.410s][info][gc,phases] GC(406) y: Pause Relocate Start 0.008ms
[19.416s][info][gc,phases] GC(406) y: Concurrent Relocate 5.835ms
[19.417s][info][gc,phases] GC(406) y: Young Generation 1514M(74%)->1148M(56%) 0.021s
[19.417s][info][gc       ] GC(406) Minor Collection (Allocation Rate) 1512M(74%)->1150M(56%) 0.021s
[19.446s][info][gc       ] GC(407) Minor Collection (Allocation Rate)
[19.446s][info][gc,phases] GC(407) y: Young Generation
[19.446s][info][gc,phases] GC(407) y: Pause Mark Start 0.010ms
[19.458s][info][gc,phases] GC(407) y: Concurrent Mark 12.004ms
[19.459s][info][gc,phases] GC(407) y: Pause Mark End 0.011ms
[19.459s][info][gc,phases] GC(407) y: Concurrent Mark Free 0.002ms
[19.459s][info][gc,phases] GC(407) y: Concurrent Reset Relocation Set 0.013ms
[19.459s][info][gc,phases] GC(407) y: Concurrent Select Relocation Set 0.333ms
[19.460s][info][gc,phases] GC(407) y: Pause Relocate Start 0.004ms
[19.465s][info][gc,phases] GC(407) y: Concurrent Relocate 4.878ms
[19.465s][info][gc,phases] GC(407) y: Young Generation 1462M(71%)->1098M(54%) 0.019s
[19.465s][info][gc       ] GC(407) Minor Collection (Allocation Rate) 1460M(71%)->1102M(54%) 0.019s
[19.495s][info][gc       ] GC(408) Minor Collection (Allocation Rate)
[19.495s][info][gc,phases] GC(408) y: Young Generation
[19.495s][info][gc,phases] GC(408) y: Pause Mark Start 0.026ms
[19.507s][info][gc,phases] GC(408) y: Concurrent Mark 11.984ms
[19.508s][info][gc,phases] GC(408) y: Pause Mark End 0.011ms
[19.508s][info][gc,phases] GC(408) y: Concurrent Mark Free 0.002ms
[19.508s][info][gc,phases] GC(408) y: Concurrent Reset Relocation Set 0.009ms
[19.508s][info][gc,phases] GC(408) y: Concurrent Select Relocation Set 0.595ms
[19.509s][info][gc,phases] GC(408) y: Pause Relocate Start 0.004ms
[19.514s][info][gc,phases] GC(408) y: Concurrent Relocate 5.010ms
[19.514s][info][gc,phases] GC(408) y: Young Generation 1460M(71%)->1076M(53%) 0.019s
[19.514s][info][gc       ] GC(408) Minor Collection (Allocation Rate) 1456M(71%)->1078M(53%) 0.019s
[19.559s][info][gc       ] GC(409) Minor Collection (Allocation Rate)
[19.559s][info][gc,phases] GC(409) y: Young Generation
[19.559s][info][gc,phases] GC(409) y: Pause Mark Start 0.013ms
[19.571s][info][gc,phases] GC(409) y: Concurrent Mark 12.039ms
[19.572s][info][gc,phases] GC(409) y: Pause Mark End 0.015ms
[19.572s][info][gc,phases] GC(409) y: Concurrent Mark Free 0.001ms
[19.572s][info][gc,phases] GC(409) y: Concurrent Reset Relocation Set 0.010ms
[19.573s][info][gc,phases] GC(409) y: Concurrent Select Relocation Set 0.607ms
[19.573s][info][gc,phases] GC(409) y: Pause Relocate Start 0.005ms
[19.579s][info][gc,phases] GC(409) y: Concurrent Relocate 5.676ms
[19.579s][info][gc,phases] GC(409) y: Young Generation 1528M(75%)->1130M(55%) 0.020s
[19.579s][info][gc       ] GC(409) Minor Collection (Allocation Rate) 1524M(74%)->1136M(55%) 0.020s
[19.614s][info][gc       ] GC(410) Minor Collection (Allocation Rate)
[19.614s][info][gc,phases] GC(410) y: Young Generation
[19.614s][info][gc,phases] GC(410) y: Pause Mark Start 0.009ms
[19.626s][info][gc,phases] GC(410) y: Concurrent Mark 12.019ms
[19.627s][info][gc,phases] GC(410) y: Pause Mark End 0.011ms
[19.627s][info][gc,phases] GC(410) y: Concurrent Mark Free 0.001ms
[19.627s][info][gc,phases] GC(410) y: Concurrent Reset Relocation Set 0.011ms
[19.627s][info][gc,phases] GC(410) y: Concurrent Select Relocation Set 0.393ms
[19.627s][info][gc,phases] GC(410) y: Pause Relocate Start 0.004ms
[19.633s][info][gc,phases] GC(410) y: Concurrent Relocate 5.131ms
[19.633s][info][gc,phases] GC(410) y: Young Generation 1508M(74%)->1098M(54%) 0.019s
[19.633s][info][gc       ] GC(410) Minor Collection (Allocation Rate) 1508M(74%)->1102M(54%) 0.019s
[19.677s][info][gc       ] GC(411) Minor Collection (Allocation Rate)
[19.677s][info][gc,phases] GC(411) y: Young Generation
[19.677s][info][gc,phases] GC(411) y: Pause Mark Start 0.009ms
[19.690s][info][gc,phases] GC(411) y: Concurrent Mark 13.122ms
[19.691s][info][gc,phases] GC(411) y: Pause Mark End 0.010ms
[19.691s][info][gc,phases] GC(411) y: Concurrent Mark Free 0.001ms
[19.691s][info][gc,phases] GC(411) y: Concurrent Reset Relocation Set 0.015ms
[19.692s][info][gc,phases] GC(411) y: Concurrent Select Relocation Set 0.777ms
[19.692s][info][gc,phases] GC(411) y: Pause Relocate Start 0.008ms
[19.697s][info][gc,phases] GC(411) y: Concurrent Relocate 5.400ms
[19.698s][info][gc,phases] GC(411) y: Young Generation 1534M(75%)->1124M(55%) 0.021s
[19.698s][info][gc       ] GC(411) Minor Collection (Allocation Rate) 1534M(75%)->1128M(55%) 0.021s
[19.734s][info][gc       ] GC(412) Minor Collection (Allocation Rate)
[19.734s][info][gc,phases] GC(412) y: Young Generation
[19.735s][info][gc,phases] GC(412) y: Pause Mark Start 0.008ms
[19.747s][info][gc,phases] GC(412) y: Concurrent Mark 12.150ms
[19.747s][info][gc,phases] GC(412) y: Pause Mark End 0.013ms
[19.747s][info][gc,phases] GC(412) y: Concurrent Mark Free 0.001ms
[19.748s][info][gc,phases] GC(412) y: Concurrent Reset Relocation Set 0.013ms
[19.748s][info][gc,phases] GC(412) y: Concurrent Select Relocation Set 0.442ms
[19.748s][info][gc,phases] GC(412) y: Pause Relocate Start 0.007ms
[19.753s][info][gc,phases] GC(412) y: Concurrent Relocate 4.877ms
[19.753s][info][gc,phases] GC(412) y: Young Generation 1494M(73%)->1128M(55%) 0.019s
[19.753s][info][gc       ] GC(412) Minor Collection (Allocation Rate) 1494M(73%)->1132M(55%) 0.019s
[19.789s][info][gc       ] GC(413) Minor Collection (Allocation Rate)
[19.790s][info][gc,phases] GC(413) y: Young Generation
[19.790s][info][gc,phases] GC(413) y: Pause Mark Start 0.008ms
[19.802s][info][gc,phases] GC(413) y: Concurrent Mark 12.240ms
[19.802s][info][gc,phases] GC(413) y: Pause Mark End 0.012ms
[19.803s][info][gc,phases] GC(413) y: Concurrent Mark Free 0.001ms
[19.803s][info][gc,phases] GC(413) y: Concurrent Reset Relocation Set 0.010ms
[19.803s][info][gc,phases] GC(413) y: Concurrent Select Relocation Set 0.595ms
[19.803s][info][gc,phases] GC(413) y: Pause Relocate Start 0.004ms
[19.809s][info][gc,phases] GC(413) y: Concurrent Relocate 5.273ms
[19.809s][info][gc,phases] GC(413) y: Young Generation 1556M(76%)->1134M(55%) 0.019s
[19.809s][info][gc       ] GC(413) Minor Collection (Allocation Rate) 1554M(76%)->1140M(56%) 0.020s
[19.852s][info][gc       ] GC(414) Minor Collection (Allocation Rate)
[19.852s][info][gc,phases] GC(414) y: Young Generation
[19.852s][info][gc,phases] GC(414) y: Pause Mark Start 0.008ms
[19.864s][info][gc,phases] GC(414) y: Concurrent Mark 11.478ms
[19.864s][info][gc,phases] GC(414) y: Pause Mark End 0.015ms
[19.864s][info][gc,phases] GC(414) y: Concurrent Mark Free 0.000ms
[19.864s][info][gc,phases] GC(414) y: Concurrent Reset Relocation Set 0.011ms
[19.865s][info][gc,phases] GC(414) y: Concurrent Select Relocation Set 0.738ms
[19.865s][info][gc,phases] GC(414) y: Pause Relocate Start 0.004ms
[19.871s][info][gc,phases] GC(414) y: Concurrent Relocate 5.331ms
[19.871s][info][gc,phases] GC(414) y: Young Generation 1564M(76%)->1226M(60%) 0.019s
[19.871s][info][gc       ] GC(414) Minor Collection (Allocation Rate) 1564M(76%)->1230M(60%) 0.019s
[19.901s][info][gc       ] GC(415) Major Collection (Allocation Rate)
[19.901s][info][gc,phases] GC(415) Y: Young Generation
[19.901s][info][gc,phases] GC(415) Y: Pause Mark Start (Major) 0.013ms
[19.909s][info][gc,phases] GC(415) Y: Concurrent Mark 7.914ms
[19.910s][info][gc,phases] GC(415) Y: Pause Mark End 0.011ms
[19.910s][info][gc,phases] GC(415) Y: Concurrent Mark Free 0.002ms
[19.910s][info][gc,phases] GC(415) Y: Concurrent Reset Relocation Set 0.014ms
[19.910s][info][gc,phases] GC(415) Y: Concurrent Select Relocation Set 0.338ms
[19.910s][info][gc,phases] GC(415) Y: Pause Relocate Start 0.004ms
[19.915s][info][gc,phases] GC(415) Y: Concurrent Relocate 4.875ms
[19.916s][info][gc,phases] GC(415) Y: Young Generation 1526M(75%)->1110M(54%) 0.015s
[19.916s][info][gc,phases] GC(415) O: Old Generation
[19.952s][info][gc       ] GC(416) Minor Collection (Allocation Rate)
[19.952s][info][gc,phases] GC(416) y: Young Generation
[19.952s][info][gc,phases] GC(416) y: Pause Mark Start 0.012ms
[19.960s][info][gc,phases] GC(416) y: Concurrent Mark 7.856ms
[19.961s][info][gc,phases] GC(416) y: Pause Mark End 0.012ms
[19.961s][info][gc,phases] GC(416) y: Concurrent Mark Free 0.002ms
[19.961s][info][gc,phases] GC(416) y: Concurrent Reset Relocation Set 0.008ms
[19.961s][info][gc,phases] GC(416) y: Concurrent Select Relocation Set 0.179ms
[19.961s][info][gc,phases] GC(416) y: Pause Relocate Start 0.004ms
[19.965s][info][gc,phases] GC(416) y: Concurrent Relocate 4.012ms
[19.966s][info][gc,phases] GC(416) y: Young Generation 1470M(72%)->1106M(54%) 0.014s
[19.966s][info][gc       ] GC(416) Minor Collection (Allocation Rate) 1470M(72%)->1108M(54%) 0.014s
[19.989s][info][gc,phases] GC(415) O: Concurrent Mark 73.030ms
[19.989s][info][gc,phases] GC(415) O: Pause Mark End 0.013ms
[19.989s][info][gc,phases] GC(415) O: Concurrent Mark Free 0.001ms
[19.994s][info][gc,phases] GC(415) O: Concurrent Process Non-Strong 4.463ms
[19.994s][info][gc,phases] GC(415) O: Concurrent Reset Relocation Set 0.002ms
[19.994s][info][gc,phases] GC(415) O: Concurrent Select Relocation Set 0.201ms
[20.000s][info][gc,phases] GC(415) O: Concurrent Remap Roots 5.592ms
[20.000s][info][gc,phases] GC(415) O: Pause Relocate Start 0.011ms
[20.002s][info][gc,phases] GC(415) O: Concurrent Relocate 1.794ms
[20.002s][info][gc,phases] GC(415) O: Old Generation 1112M(54%)->1288M(63%) 0.086s
[20.002s][info][gc       ] GC(415) Major Collection (Allocation Rate) 1526M(75%)->1292M(63%) 0.101s
[20.023s][info][gc       ] GC(417) Minor Collection (Allocation Rate)
[20.023s][info][gc,phases] GC(417) y: Young Generation
[20.023s][info][gc,phases] GC(417) y: Pause Mark Start 0.009ms
[20.037s][info][gc,phases] GC(417) y: Concurrent Mark 13.470ms
[20.037s][info][gc,phases] GC(417) y: Pause Mark End 0.012ms
[20.037s][info][gc,phases] GC(417) y: Concurrent Mark Free 0.001ms
[20.037s][info][gc,phases] GC(417) y: Concurrent Reset Relocation Set 0.008ms
[20.038s][info][gc,phases] GC(417) y: Concurrent Select Relocation Set 0.751ms
[20.038s][info][gc,phases] GC(417) y: Pause Relocate Start 0.004ms
[20.045s][info][gc,phases] GC(417) y: Concurrent Relocate 6.501ms
[20.045s][info][gc,phases] GC(417) y: Young Generation 1562M(76%)->1030M(50%) 0.022s
[20.045s][info][gc       ] GC(417) Minor Collection (Allocation Rate) 1562M(76%)->1032M(50%) 0.022s
[20.070s][info][gc       ] GC(418) Minor Collection (Allocation Rate)
[20.071s][info][gc,phases] GC(418) y: Young Generation
[20.071s][info][gc,phases] GC(418) y: Pause Mark Start 0.008ms
[20.082s][info][gc,phases] GC(418) y: Concurrent Mark 11.444ms
[20.083s][info][gc,phases] GC(418) y: Pause Mark End 0.011ms
[20.083s][info][gc,phases] GC(418) y: Concurrent Mark Free 0.001ms
[20.083s][info][gc,phases] GC(418) y: Concurrent Reset Relocation Set 0.014ms
[20.083s][info][gc,phases] GC(418) y: Concurrent Select Relocation Set 0.393ms
[20.084s][info][gc,phases] GC(418) y: Pause Relocate Start 0.007ms
[20.088s][info][gc,phases] GC(418) y: Concurrent Relocate 3.933ms
[20.088s][info][gc,phases] GC(418) y: Young Generation 1288M(63%)->990M(48%) 0.017s
[20.088s][info][gc       ] GC(418) Minor Collection (Allocation Rate) 1288M(63%)->990M(48%) 0.017s
[20.134s][info][gc       ] GC(419) Minor Collection (Allocation Rate)
[20.134s][info][gc,phases] GC(419) y: Young Generation
[20.134s][info][gc,phases] GC(419) y: Pause Mark Start 0.013ms
[20.147s][info][gc,phases] GC(419) y: Concurrent Mark 12.584ms
[20.147s][info][gc,phases] GC(419) y: Pause Mark End 0.011ms
[20.147s][info][gc,phases] GC(419) y: Concurrent Mark Free 0.001ms
[20.147s][info][gc,phases] GC(419) y: Concurrent Reset Relocation Set 0.007ms
[20.148s][info][gc,phases] GC(419) y: Concurrent Select Relocation Set 0.712ms
[20.148s][info][gc,phases] GC(419) y: Pause Relocate Start 0.006ms
[20.154s][info][gc,phases] GC(419) y: Concurrent Relocate 5.509ms
[20.154s][info][gc,phases] GC(419) y: Young Generation 1452M(71%)->1032M(50%) 0.020s
[20.154s][info][gc       ] GC(419) Minor Collection (Allocation Rate) 1452M(71%)->1034M(50%) 0.020s
[20.197s][info][gc       ] GC(420) Minor Collection (Allocation Rate)
[20.197s][info][gc,phases] GC(420) y: Young Generation
[20.198s][info][gc,phases] GC(420) y: Pause Mark Start 0.008ms
[20.210s][info][gc,phases] GC(420) y: Concurrent Mark 12.342ms
[20.210s][info][gc,phases] GC(420) y: Pause Mark End 0.010ms
[20.210s][info][gc,phases] GC(420) y: Concurrent Mark Free 0.001ms
[20.210s][info][gc,phases] GC(420) y: Concurrent Reset Relocation Set 0.012ms
[20.211s][info][gc,phases] GC(420) y: Concurrent Select Relocation Set 0.677ms
[20.211s][info][gc,phases] GC(420) y: Pause Relocate Start 0.004ms
[20.217s][info][gc,phases] GC(420) y: Concurrent Relocate 5.574ms
[20.217s][info][gc,phases] GC(420) y: Young Generation 1470M(72%)->1040M(51%) 0.020s
[20.217s][info][gc       ] GC(420) Minor Collection (Allocation Rate) 1470M(72%)->1042M(51%) 0.020s
[20.264s][info][gc       ] GC(421) Minor Collection (Allocation Rate)
[20.264s][info][gc,phases] GC(421) y: Young Generation
[20.265s][info][gc,phases] GC(421) y: Pause Mark Start 0.009ms
[20.277s][info][gc,phases] GC(421) y: Concurrent Mark 12.508ms
[20.278s][info][gc,phases] GC(421) y: Pause Mark End 0.011ms
[20.278s][info][gc,phases] GC(421) y: Concurrent Mark Free 0.002ms
[20.278s][info][gc,phases] GC(421) y: Concurrent Reset Relocation Set 0.013ms
[20.278s][info][gc,phases] GC(421) y: Concurrent Select Relocation Set 0.368ms
[20.278s][info][gc,phases] GC(421) y: Pause Relocate Start 0.004ms
[20.284s][info][gc,phases] GC(421) y: Concurrent Relocate 5.445ms
[20.284s][info][gc,phases] GC(421) y: Young Generation 1512M(74%)->1050M(51%) 0.020s
[20.284s][info][gc       ] GC(421) Minor Collection (Allocation Rate) 1510M(74%)->1050M(51%) 0.020s
[20.336s][info][gc       ] GC(422) Minor Collection (Allocation Rate)
[20.336s][info][gc,phases] GC(422) y: Young Generation
[20.337s][info][gc,phases] GC(422) y: Pause Mark Start 0.009ms
[20.351s][info][gc,phases] GC(422) y: Concurrent Mark 13.927ms
[20.351s][info][gc,phases] GC(422) y: Pause Mark End 0.011ms
[20.351s][info][gc,phases] GC(422) y: Concurrent Mark Free 0.001ms
[20.351s][info][gc,phases] GC(422) y: Concurrent Reset Relocation Set 0.010ms
[20.352s][info][gc,phases] GC(422) y: Concurrent Select Relocation Set 0.714ms
[20.352s][info][gc,phases] GC(422) y: Pause Relocate Start 0.007ms
[20.359s][info][gc,phases] GC(422) y: Concurrent Relocate 6.324ms
[20.359s][info][gc,phases] GC(422) y: Young Generation 1572M(77%)->1086M(53%) 0.022s
[20.359s][info][gc       ] GC(422) Minor Collection (Allocation Rate) 1570M(77%)->1088M(53%) 0.023s
[20.399s][info][gc       ] GC(423) Minor Collection (Allocation Rate)
[20.399s][info][gc,phases] GC(423) y: Young Generation
[20.399s][info][gc,phases] GC(423) y: Pause Mark Start 0.008ms
[20.412s][info][gc,phases] GC(423) y: Concurrent Mark 12.812ms
[20.413s][info][gc,phases] GC(423) y: Pause Mark End 0.014ms
[20.413s][info][gc,phases] GC(423) y: Concurrent Mark Free 0.002ms
[20.413s][info][gc,phases] GC(423) y: Concurrent Reset Relocation Set 0.016ms
[20.413s][info][gc,phases] GC(423) y: Concurrent Select Relocation Set 0.398ms
[20.413s][info][gc,phases] GC(423) y: Pause Relocate Start 0.011ms
[20.419s][info][gc,phases] GC(423) y: Concurrent Relocate 5.431ms
[20.419s][info][gc,phases] GC(423) y: Young Generation 1490M(73%)->1074M(52%) 0.020s
[20.419s][info][gc       ] GC(423) Minor Collection (Allocation Rate) 1486M(73%)->1074M(52%) 0.020s
[20.465s][info][gc       ] GC(424) Minor Collection (Allocation Rate)
[20.465s][info][gc,phases] GC(424) y: Young Generation
[20.465s][info][gc,phases] GC(424) y: Pause Mark Start 0.008ms
[20.479s][info][gc,phases] GC(424) y: Concurrent Mark 13.482ms
[20.479s][info][gc,phases] GC(424) y: Pause Mark End 0.014ms
[20.479s][info][gc,phases] GC(424) y: Concurrent Mark Free 0.001ms
[20.479s][info][gc,phases] GC(424) y: Concurrent Reset Relocation Set 0.011ms
[20.480s][info][gc,phases] GC(424) y: Concurrent Select Relocation Set 0.810ms
[20.480s][info][gc,phases] GC(424) y: Pause Relocate Start 0.006ms
[20.486s][info][gc,phases] GC(424) y: Concurrent Relocate 5.649ms
[20.486s][info][gc,phases] GC(424) y: Young Generation 1530M(75%)->1154M(56%) 0.021s
[20.486s][info][gc       ] GC(424) Minor Collection (Allocation Rate) 1528M(75%)->1158M(57%) 0.022s
[20.517s][info][gc       ] GC(425) Minor Collection (Allocation Rate)
[20.517s][info][gc,phases] GC(425) y: Young Generation
[20.517s][info][gc,phases] GC(425) y: Pause Mark Start 0.009ms
[20.530s][info][gc,phases] GC(425) y: Concurrent Mark 12.615ms
[20.530s][info][gc,phases] GC(425) y: Pause Mark End 0.011ms
[20.530s][info][gc,phases] GC(425) y: Concurrent Mark Free 0.002ms
[20.530s][info][gc,phases] GC(425) y: Concurrent Reset Relocation Set 0.015ms
[20.531s][info][gc,phases] GC(425) y: Concurrent Select Relocation Set 0.634ms
[20.531s][info][gc,phases] GC(425) y: Pause Relocate Start 0.004ms
[20.536s][info][gc,phases] GC(425) y: Concurrent Relocate 5.180ms
[20.537s][info][gc,phases] GC(425) y: Young Generation 1494M(73%)->1094M(53%) 0.020s
[20.537s][info][gc       ] GC(425) Minor Collection (Allocation Rate) 1494M(73%)->1096M(54%) 0.020s
[20.575s][info][gc       ] GC(426) Minor Collection (Allocation Rate)
[20.575s][info][gc,phases] GC(426) y: Young Generation
[20.576s][info][gc,phases] GC(426) y: Pause Mark Start 0.008ms
[20.589s][info][gc,phases] GC(426) y: Concurrent Mark 13.425ms
[20.589s][info][gc,phases] GC(426) y: Pause Mark End 0.012ms
[20.590s][info][gc,phases] GC(426) y: Concurrent Mark Free 0.001ms
[20.590s][info][gc,phases] GC(426) y: Concurrent Reset Relocation Set 0.010ms
[20.590s][info][gc,phases] GC(426) y: Concurrent Select Relocation Set 0.531ms
[20.591s][info][gc,phases] GC(426) y: Pause Relocate Start 0.008ms
[20.596s][info][gc,phases] GC(426) y: Concurrent Relocate 5.487ms
[20.596s][info][gc,phases] GC(426) y: Young Generation 1488M(73%)->1148M(56%) 0.021s
[20.596s][info][gc       ] GC(426) Minor Collection (Allocation Rate) 1488M(73%)->1152M(56%) 0.021s
[20.626s][info][gc       ] GC(427) Minor Collection (Allocation Rate)
[20.627s][info][gc,phases] GC(427) y: Young Generation
[20.627s][info][gc,phases] GC(427) y: Pause Mark Start 0.009ms
[20.639s][info][gc,phases] GC(427) y: Concurrent Mark 11.775ms
[20.639s][info][gc,phases] GC(427) y: Pause Mark End 0.014ms
[20.639s][info][gc,phases] GC(427) y: Concurrent Mark Free 0.002ms
[20.639s][info][gc,phases] GC(427) y: Concurrent Reset Relocation Set 0.010ms
[20.640s][info][gc,phases] GC(427) y: Concurrent Select Relocation Set 0.815ms
[20.640s][info][gc,phases] GC(427) y: Pause Relocate Start 0.010ms
[20.646s][info][gc,phases] GC(427) y: Concurrent Relocate 5.089ms
[20.646s][info][gc,phases] GC(427) y: Young Generation 1484M(72%)->1192M(58%) 0.019s
[20.646s][info][gc       ] GC(427) Minor Collection (Allocation Rate) 1482M(72%)->1192M(58%) 0.019s
[20.676s][info][gc       ] GC(428) Minor Collection (Allocation Rate)
[20.676s][info][gc,phases] GC(428) y: Young Generation
[20.676s][info][gc,phases] GC(428) y: Pause Mark Start 0.008ms
[20.689s][info][gc,phases] GC(428) y: Concurrent Mark 12.240ms
[20.689s][info][gc,phases] GC(428) y: Pause Mark End 0.010ms
[20.689s][info][gc,phases] GC(428) y: Concurrent Mark Free 0.001ms
[20.689s][info][gc,phases] GC(428) y: Concurrent Reset Relocation Set 0.012ms
[20.690s][info][gc,phases] GC(428) y: Concurrent Select Relocation Set 0.398ms
[20.690s][info][gc,phases] GC(428) y: Pause Relocate Start 0.008ms
[20.695s][info][gc,phases] GC(428) y: Concurrent Relocate 4.790ms
[20.695s][info][gc,phases] GC(428) y: Young Generation 1492M(73%)->1110M(54%) 0.019s
[20.695s][info][gc       ] GC(428) Minor Collection (Allocation Rate) 1490M(73%)->1112M(54%) 0.019s
[20.740s][info][gc       ] GC(429) Minor Collection (Allocation Rate)
[20.740s][info][gc,phases] GC(429) y: Young Generation
[20.740s][info][gc,phases] GC(429) y: Pause Mark Start 0.009ms
[20.752s][info][gc,phases] GC(429) y: Concurrent Mark 11.899ms
[20.752s][info][gc,phases] GC(429) y: Pause Mark End 0.011ms
[20.752s][info][gc,phases] GC(429) y: Concurrent Mark Free 0.002ms
[20.752s][info][gc,phases] GC(429) y: Concurrent Reset Relocation Set 0.009ms
[20.753s][info][gc,phases] GC(429) y: Concurrent Select Relocation Set 0.805ms
[20.754s][info][gc,phases] GC(429) y: Pause Relocate Start 0.006ms
[20.759s][info][gc,phases] GC(429) y: Concurrent Relocate 5.764ms
[20.760s][info][gc,phases] GC(429) y: Young Generation 1550M(76%)->1222M(60%) 0.020s
[20.760s][info][gc       ] GC(429) Minor Collection (Allocation Rate) 1548M(76%)->1226M(60%) 0.020s
[20.783s][info][gc       ] GC(430) Minor Collection (Allocation Rate)
[20.784s][info][gc,phases] GC(430) y: Young Generation
[20.784s][info][gc,phases] GC(430) y: Pause Mark Start 0.010ms
[20.796s][info][gc,phases] GC(430) y: Concurrent Mark 11.797ms
[20.796s][info][gc,phases] GC(430) y: Pause Mark End 0.011ms
[20.796s][info][gc,phases] GC(430) y: Concurrent Mark Free 0.002ms
[20.796s][info][gc,phases] GC(430) y: Concurrent Reset Relocation Set 0.012ms
[20.797s][info][gc,phases] GC(430) y: Concurrent Select Relocation Set 0.343ms
[20.797s][info][gc,phases] GC(430) y: Pause Relocate Start 0.004ms
[20.802s][info][gc,phases] GC(430) y: Concurrent Relocate 4.844ms
[20.802s][info][gc,phases] GC(430) y: Young Generation 1528M(75%)->1130M(55%) 0.019s
[20.802s][info][gc       ] GC(430) Minor Collection (Allocation Rate) 1526M(75%)->1132M(55%) 0.019s
[20.841s][info][gc       ] GC(431) Major Collection (Allocation Rate)
[20.841s][info][gc,phases] GC(431) Y: Young Generation
[20.841s][info][gc,phases] GC(431) Y: Pause Mark Start (Major) 0.009ms
[20.849s][info][gc,phases] GC(431) Y: Concurrent Mark 7.964ms
[20.850s][info][gc,phases] GC(431) Y: Pause Mark End 0.054ms
[20.850s][info][gc,phases] GC(431) Y: Concurrent Mark Free 0.002ms
[20.850s][info][gc,phases] GC(431) Y: Concurrent Reset Relocation Set 0.010ms
[20.851s][info][gc,phases] GC(431) Y: Concurrent Select Relocation Set 0.600ms
[20.851s][info][gc,phases] GC(431) Y: Pause Relocate Start 0.007ms
[20.856s][info][gc,phases] GC(431) Y: Concurrent Relocate 4.975ms
[20.856s][info][gc,phases] GC(431) Y: Young Generation 1524M(74%)->1176M(57%) 0.015s
[20.856s][info][gc,phases] GC(431) O: Old Generation
[20.888s][info][gc       ] GC(432) Minor Collection (Allocation Rate)
[20.888s][info][gc,phases] GC(432) y: Young Generation
[20.888s][info][gc,phases] GC(432) y: Pause Mark Start 0.009ms
[20.896s][info][gc,phases] GC(432) y: Concurrent Mark 8.133ms
[20.897s][info][gc,phases] GC(432) y: Pause Mark End 0.014ms
[20.897s][info][gc,phases] GC(432) y: Concurrent Mark Free 0.001ms
[20.897s][info][gc,phases] GC(432) y: Concurrent Reset Relocation Set 0.013ms
[20.897s][info][gc,phases] GC(432) y: Concurrent Select Relocation Set 0.174ms
[20.897s][info][gc,phases] GC(432) y: Pause Relocate Start 0.008ms
[20.902s][info][gc,phases] GC(432) y: Concurrent Relocate 4.178ms
[20.902s][info][gc,phases] GC(432) y: Young Generation 1484M(72%)->1110M(54%) 0.014s
[20.902s][info][gc       ] GC(432) Minor Collection (Allocation Rate) 1482M(72%)->1110M(54%) 0.014s
[20.928s][info][gc,phases] GC(431) O: Concurrent Mark 72.056ms
[20.929s][info][gc,phases] GC(431) O: Pause Mark End 0.012ms
[20.929s][info][gc,phases] GC(431) O: Concurrent Mark Free 0.000ms
[20.934s][info][gc,phases] GC(431) O: Concurrent Process Non-Strong 4.938ms
[20.934s][info][gc,phases] GC(431) O: Concurrent Reset Relocation Set 0.002ms
[20.934s][info][gc,phases] GC(431) O: Concurrent Select Relocation Set 0.210ms
[20.940s][info][gc,phases] GC(431) O: Concurrent Remap Roots 5.708ms
[20.940s][info][gc,phases] GC(431) O: Pause Relocate Start 0.012ms
[20.943s][info][gc,phases] GC(431) O: Concurrent Relocate 1.942ms
[20.943s][info][gc,phases] GC(431) O: Old Generation 1176M(57%)->1314M(64%) 0.086s
[20.943s][info][gc       ] GC(431) Major Collection (Allocation Rate) 1522M(74%)->1318M(64%) 0.102s
[20.966s][info][gc       ] GC(433) Minor Collection (Allocation Rate)
[20.966s][info][gc,phases] GC(433) y: Young Generation
[20.967s][info][gc,phases] GC(433) y: Pause Mark Start 0.009ms
[20.981s][info][gc,phases] GC(433) y: Concurrent Mark 13.704ms
[20.981s][info][gc,phases] GC(433) y: Pause Mark End 0.016ms
[20.981s][info][gc,phases] GC(433) y: Concurrent Mark Free 0.002ms
[20.981s][info][gc,phases] GC(433) y: Concurrent Reset Relocation Set 0.007ms
[20.982s][info][gc,phases] GC(433) y: Concurrent Select Relocation Set 0.720ms
[20.982s][info][gc,phases] GC(433) y: Pause Relocate Start 0.004ms
[20.989s][info][gc,phases] GC(433) y: Concurrent Relocate 6.597ms
[20.989s][info][gc,phases] GC(433) y: Young Generation 1542M(75%)->1024M(50%) 0.023s
[20.989s][info][gc       ] GC(433) Minor Collection (Allocation Rate) 1542M(75%)->1028M(50%) 0.023s
[21.008s][info][gc       ] GC(434) Minor Collection (Allocation Rate)
[21.008s][info][gc,phases] GC(434) y: Young Generation
[21.009s][info][gc,phases] GC(434) y: Pause Mark Start 0.010ms
[21.020s][info][gc,phases] GC(434) y: Concurrent Mark 11.248ms
[21.020s][info][gc,phases] GC(434) y: Pause Mark End 0.015ms
[21.021s][info][gc,phases] GC(434) y: Concurrent Mark Free 0.001ms
[21.021s][info][gc,phases] GC(434) y: Concurrent Reset Relocation Set 0.015ms
[21.021s][info][gc,phases] GC(434) y: Concurrent Select Relocation Set 0.367ms
[21.021s][info][gc,phases] GC(434) y: Pause Relocate Start 0.004ms
[21.025s][info][gc,phases] GC(434) y: Concurrent Relocate 3.318ms
[21.025s][info][gc,phases] GC(434) y: Young Generation 1210M(59%)->976M(48%) 0.016s
[21.025s][info][gc       ] GC(434) Minor Collection (Allocation Rate) 1208M(59%)->978M(48%) 0.017s
[21.071s][info][gc       ] GC(435) Minor Collection (Allocation Rate)
[21.072s][info][gc,phases] GC(435) y: Young Generation
[21.072s][info][gc,phases] GC(435) y: Pause Mark Start 0.009ms
[21.084s][info][gc,phases] GC(435) y: Concurrent Mark 12.567ms
[21.085s][info][gc,phases] GC(435) y: Pause Mark End 0.012ms
[21.085s][info][gc,phases] GC(435) y: Concurrent Mark Free 0.001ms
[21.085s][info][gc,phases] GC(435) y: Concurrent Reset Relocation Set 0.006ms
[21.086s][info][gc,phases] GC(435) y: Concurrent Select Relocation Set 0.928ms
[21.086s][info][gc,phases] GC(435) y: Pause Relocate Start 0.007ms
[21.092s][info][gc,phases] GC(435) y: Concurrent Relocate 5.580ms
[21.092s][info][gc,phases] GC(435) y: Young Generation 1420M(69%)->1022M(50%) 0.021s
[21.092s][info][gc       ] GC(435) Minor Collection (Allocation Rate) 1420M(69%)->1024M(50%) 0.021s
[21.138s][info][gc       ] GC(436) Minor Collection (Allocation Rate)
[21.139s][info][gc,phases] GC(436) y: Young Generation
[21.139s][info][gc,phases] GC(436) y: Pause Mark Start 0.008ms
[21.150s][info][gc,phases] GC(436) y: Concurrent Mark 10.598ms
[21.151s][info][gc,phases] GC(436) y: Pause Mark End 0.014ms
[21.151s][info][gc,phases] GC(436) y: Concurrent Mark Free 0.009ms
[21.151s][info][gc,phases] GC(436) y: Concurrent Reset Relocation Set 0.016ms
[21.151s][info][gc,phases] GC(436) y: Concurrent Select Relocation Set 0.381ms
[21.152s][info][gc,phases] GC(436) y: Pause Relocate Start 0.004ms
[21.157s][info][gc,phases] GC(436) y: Concurrent Relocate 5.226ms
[21.157s][info][gc,phases] GC(436) y: Young Generation 1468M(72%)->1104M(54%) 0.019s
[21.157s][info][gc       ] GC(436) Minor Collection (Allocation Rate) 1468M(72%)->1108M(54%) 0.019s
[21.194s][info][gc       ] GC(437) Minor Collection (Allocation Rate)
[21.194s][info][gc,phases] GC(437) y: Young Generation
[21.195s][info][gc,phases] GC(437) y: Pause Mark Start 0.009ms
[21.207s][info][gc,phases] GC(437) y: Concurrent Mark 12.155ms
[21.207s][info][gc,phases] GC(437) y: Pause Mark End 0.012ms
[21.208s][info][gc,phases] GC(437) y: Concurrent Mark Free 0.001ms
[21.208s][info][gc,phases] GC(437) y: Concurrent Reset Relocation Set 0.010ms
[21.208s][info][gc,phases] GC(437) y: Concurrent Select Relocation Set 0.307ms
[21.208s][info][gc,phases] GC(437) y: Pause Relocate Start 0.008ms
[21.213s][info][gc,phases] GC(437) y: Concurrent Relocate 5.102ms
[21.214s][info][gc,phases] GC(437) y: Young Generation 1466M(72%)->1032M(50%) 0.019s
[21.214s][info][gc       ] GC(437) Minor Collection (Allocation Rate) 1464M(71%)->1032M(50%) 0.019s
[21.262s][info][gc       ] GC(438) Minor Collection (Allocation Rate)
[21.262s][info][gc,phases] GC(438) y: Young Generation
[21.263s][info][gc,phases] GC(438) y: Pause Mark Start 0.008ms
[21.276s][info][gc,phases] GC(438) y: Concurrent Mark 12.922ms
[21.276s][info][gc,phases] GC(438) y: Pause Mark End 0.012ms
[21.276s][info][gc,phases] GC(438) y: Concurrent Mark Free 0.001ms
[21.276s][info][gc,phases] GC(438) y: Concurrent Reset Relocation Set 0.009ms
[21.277s][info][gc,phases] GC(438) y: Concurrent Select Relocation Set 0.529ms
[21.277s][info][gc,phases] GC(438) y: Pause Relocate Start 0.004ms
[21.283s][info][gc,phases] GC(438) y: Concurrent Relocate 5.536ms
[21.283s][info][gc,phases] GC(438) y: Young Generation 1502M(73%)->1058M(52%) 0.021s
[21.283s][info][gc       ] GC(438) Minor Collection (Allocation Rate) 1502M(73%)->1058M(52%) 0.021s
[21.331s][info][gc       ] GC(439) Minor Collection (Allocation Rate)
[21.331s][info][gc,phases] GC(439) y: Young Generation
[21.331s][info][gc,phases] GC(439) y: Pause Mark Start 0.015ms
[21.344s][info][gc,phases] GC(439) y: Concurrent Mark 13.309ms
[21.345s][info][gc,phases] GC(439) y: Pause Mark End 0.011ms
[21.345s][info][gc,phases] GC(439) y: Concurrent Mark Free 0.001ms
[21.345s][info][gc,phases] GC(439) y: Concurrent Reset Relocation Set 0.012ms
[21.346s][info][gc,phases] GC(439) y: Concurrent Select Relocation Set 0.778ms
[21.346s][info][gc,phases] GC(439) y: Pause Relocate Start 0.007ms
[21.352s][info][gc,phases] GC(439) y: Concurrent Relocate 5.790ms
[21.352s][info][gc,phases] GC(439) y: Young Generation 1516M(74%)->1080M(53%) 0.021s
[21.352s][info][gc       ] GC(439) Minor Collection (Allocation Rate) 1516M(74%)->1080M(53%) 0.022s
[21.393s][info][gc       ] GC(440) Minor Collection (Allocation Rate)
[21.394s][info][gc,phases] GC(440) y: Young Generation
[21.395s][info][gc,phases] GC(440) y: Pause Mark Start 0.009ms
[21.407s][info][gc,phases] GC(440) y: Concurrent Mark 12.577ms
[21.408s][info][gc,phases] GC(440) y: Pause Mark End 0.010ms
[21.408s][info][gc,phases] GC(440) y: Concurrent Mark Free 0.002ms
[21.408s][info][gc,phases] GC(440) y: Concurrent Reset Relocation Set 0.012ms
[21.408s][info][gc,phases] GC(440) y: Concurrent Select Relocation Set 0.298ms
[21.409s][info][gc,phases] GC(440) y: Pause Relocate Start 0.004ms
[21.414s][info][gc,phases] GC(440) y: Concurrent Relocate 5.140ms
[21.414s][info][gc,phases] GC(440) y: Young Generation 1508M(74%)->1072M(52%) 0.019s
[21.414s][info][gc       ] GC(440) Minor Collection (Allocation Rate) 1498M(73%)->1076M(53%) 0.021s
[21.462s][info][gc       ] GC(441) Minor Collection (Allocation Rate)
[21.463s][info][gc,phases] GC(441) y: Young Generation
[21.463s][info][gc,phases] GC(441) y: Pause Mark Start 0.008ms
[21.476s][info][gc,phases] GC(441) y: Concurrent Mark 13.186ms
[21.476s][info][gc,phases] GC(441) y: Pause Mark End 0.013ms
[21.477s][info][gc,phases] GC(441) y: Concurrent Mark Free 0.001ms
[21.477s][info][gc,phases] GC(441) y: Concurrent Reset Relocation Set 0.011ms
[21.477s][info][gc,phases] GC(441) y: Concurrent Select Relocation Set 0.730ms
[21.478s][info][gc,phases] GC(441) y: Pause Relocate Start 0.008ms
[21.484s][info][gc,phases] GC(441) y: Concurrent Relocate 5.758ms
[21.484s][info][gc,phases] GC(441) y: Young Generation 1546M(75%)->1100M(54%) 0.021s
[21.484s][info][gc       ] GC(441) Minor Collection (Allocation Rate) 1546M(75%)->1104M(54%) 0.021s
[21.530s][info][gc       ] GC(442) Minor Collection (Allocation Rate)
[21.530s][info][gc,phases] GC(442) y: Young Generation
[21.530s][info][gc,phases] GC(442) y: Pause Mark Start 0.012ms
[21.543s][info][gc,phases] GC(442) y: Concurrent Mark 12.772ms
[21.543s][info][gc,phases] GC(442) y: Pause Mark End 0.011ms
[21.543s][info][gc,phases] GC(442) y: Concurrent Mark Free 0.001ms
[21.543s][info][gc,phases] GC(442) y: Concurrent Reset Relocation Set 0.013ms
[21.544s][info][gc,phases] GC(442) y: Concurrent Select Relocation Set 0.405ms
[21.544s][info][gc,phases] GC(442) y: Pause Relocate Start 0.008ms
[21.549s][info][gc,phases] GC(442) y: Concurrent Relocate 5.268ms
[21.550s][info][gc,phases] GC(442) y: Young Generation 1548M(76%)->1100M(54%) 0.020s
[21.550s][info][gc       ] GC(442) Minor Collection (Allocation Rate) 1548M(76%)->1104M(54%) 0.020s
[21.598s][info][gc       ] GC(443) Minor Collection (Allocation Rate)
[21.598s][info][gc,phases] GC(443) y: Young Generation
[21.598s][info][gc,phases] GC(443) y: Pause Mark Start 0.010ms
[21.612s][info][gc,phases] GC(443) y: Concurrent Mark 13.309ms
[21.612s][info][gc,phases] GC(443) y: Pause Mark End 0.015ms
[21.612s][info][gc,phases] GC(443) y: Concurrent Mark Free 0.001ms
[21.612s][info][gc,phases] GC(443) y: Concurrent Reset Relocation Set 0.009ms
[21.613s][info][gc,phases] GC(443) y: Concurrent Select Relocation Set 0.765ms
[21.613s][info][gc,phases] GC(443) y: Pause Relocate Start 0.004ms
[21.619s][info][gc,phases] GC(443) y: Concurrent Relocate 5.757ms
[21.619s][info][gc,phases] GC(443) y: Young Generation 1568M(77%)->1124M(55%) 0.021s
[21.619s][info][gc       ] GC(443) Minor Collection (Allocation Rate) 1568M(77%)->1128M(55%) 0.022s
[21.664s][info][gc       ] GC(444) Minor Collection (Allocation Rate)
[21.664s][info][gc,phases] GC(444) y: Young Generation
[21.664s][info][gc,phases] GC(444) y: Pause Mark Start 0.008ms
[21.677s][info][gc,phases] GC(444) y: Concurrent Mark 12.638ms
[21.677s][info][gc,phases] GC(444) y: Pause Mark End 0.011ms
[21.677s][info][gc,phases] GC(444) y: Concurrent Mark Free 0.001ms
[21.678s][info][gc,phases] GC(444) y: Concurrent Reset Relocation Set 0.012ms
[21.678s][info][gc,phases] GC(444) y: Concurrent Select Relocation Set 0.181ms
[21.678s][info][gc,phases] GC(444) y: Pause Relocate Start 0.005ms
[21.683s][info][gc,phases] GC(444) y: Concurrent Relocate 5.235ms
[21.683s][info][gc,phases] GC(444) y: Young Generation 1560M(76%)->1122M(55%) 0.019s
[21.684s][info][gc       ] GC(444) Minor Collection (Allocation Rate) 1560M(76%)->1122M(55%) 0.020s
[21.730s][info][gc       ] GC(445) Minor Collection (Allocation Rate)
[21.730s][info][gc,phases] GC(445) y: Young Generation
[21.730s][info][gc,phases] GC(445) y: Pause Mark Start 0.011ms
[21.742s][info][gc,phases] GC(445) y: Concurrent Mark 12.149ms
[21.743s][info][gc,phases] GC(445) y: Pause Mark End 0.013ms
[21.743s][info][gc,phases] GC(445) y: Concurrent Mark Free 0.001ms
[21.743s][info][gc,phases] GC(445) y: Concurrent Reset Relocation Set 0.010ms
[21.744s][info][gc,phases] GC(445) y: Concurrent Select Relocation Set 0.957ms
[21.744s][info][gc,phases] GC(445) y: Pause Relocate Start 0.004ms
[21.750s][info][gc,phases] GC(445) y: Concurrent Relocate 6.019ms
[21.751s][info][gc,phases] GC(445) y: Young Generation 1572M(77%)->1230M(60%) 0.021s
[21.751s][info][gc       ] GC(445) Minor Collection (Allocation Rate) 1572M(77%)->1234M(60%) 0.021s
[21.781s][info][gc       ] GC(446) Minor Collection (Allocation Rate)
[21.781s][info][gc,phases] GC(446) y: Young Generation
[21.782s][info][gc,phases] GC(446) y: Pause Mark Start 0.009ms
[21.793s][info][gc,phases] GC(446) y: Concurrent Mark 11.277ms
[21.793s][info][gc,phases] GC(446) y: Pause Mark End 0.010ms
[21.793s][info][gc,phases] GC(446) y: Concurrent Mark Free 0.001ms
[21.793s][info][gc,phases] GC(446) y: Concurrent Reset Relocation Set 0.013ms
[21.794s][info][gc,phases] GC(446) y: Concurrent Select Relocation Set 0.403ms
[21.794s][info][gc,phases] GC(446) y: Pause Relocate Start 0.004ms
[21.799s][info][gc,phases] GC(446) y: Concurrent Relocate 4.674ms
[21.799s][info][gc,phases] GC(446) y: Young Generation 1532M(75%)->1244M(61%) 0.018s
[21.799s][info][gc       ] GC(446) Minor Collection (Allocation Rate) 1530M(75%)->1248M(61%) 0.018s
[21.813s][info][gc       ] GC(447) Major Collection (Allocation Rate)
[21.814s][info][gc,phases] GC(447) Y: Young Generation
[21.814s][info][gc,phases] GC(447) Y: Pause Mark Start (Major) 0.011ms
[21.822s][info][gc,phases] GC(447) Y: Concurrent Mark 7.978ms
[21.822s][info][gc,phases] GC(447) Y: Pause Mark End 0.011ms
[21.822s][info][gc,phases] GC(447) Y: Concurrent Mark Free 0.001ms
[21.822s][info][gc,phases] GC(447) Y: Concurrent Reset Relocation Set 0.010ms
[21.823s][info][gc,phases] GC(447) Y: Concurrent Select Relocation Set 0.347ms
[21.823s][info][gc,phases] GC(447) Y: Pause Relocate Start 0.004ms
[21.827s][info][gc,phases] GC(447) Y: Concurrent Relocate 3.947ms
[21.827s][info][gc,phases] GC(447) Y: Young Generation 1430M(70%)->1096M(54%) 0.014s
[21.827s][info][gc,phases] GC(447) O: Old Generation
[21.856s][info][gc       ] GC(448) Minor Collection (Allocation Rate)
[21.856s][info][gc,phases] GC(448) y: Young Generation
[21.857s][info][gc,phases] GC(448) y: Pause Mark Start 0.010ms
[21.865s][info][gc,phases] GC(448) y: Concurrent Mark 8.184ms
[21.865s][info][gc,phases] GC(448) y: Pause Mark End 0.010ms
[21.865s][info][gc,phases] GC(448) y: Concurrent Mark Free 0.001ms
[21.865s][info][gc,phases] GC(448) y: Concurrent Reset Relocation Set 0.007ms
[21.866s][info][gc,phases] GC(448) y: Concurrent Select Relocation Set 0.603ms
[21.866s][info][gc,phases] GC(448) y: Pause Relocate Start 0.006ms
[21.870s][info][gc,phases] GC(448) y: Concurrent Relocate 3.857ms
[21.870s][info][gc,phases] GC(448) y: Young Generation 1372M(67%)->1100M(54%) 0.014s
[21.870s][info][gc       ] GC(448) Minor Collection (Allocation Rate) 1372M(67%)->1104M(54%) 0.014s
[21.899s][info][gc,phases] GC(447) O: Concurrent Mark 71.248ms
[21.899s][info][gc,phases] GC(447) O: Pause Mark End 0.012ms
[21.899s][info][gc,phases] GC(447) O: Concurrent Mark Free 0.002ms
[21.903s][info][gc,phases] GC(447) O: Concurrent Process Non-Strong 4.300ms
[21.903s][info][gc,phases] GC(447) O: Concurrent Reset Relocation Set 0.002ms
[21.904s][info][gc,phases] GC(447) O: Concurrent Select Relocation Set 0.136ms
[21.909s][info][gc,phases] GC(447) O: Concurrent Remap Roots 5.080ms
[21.909s][info][gc,phases] GC(447) O: Pause Relocate Start 0.012ms
[21.911s][info][gc,phases] GC(447) O: Concurrent Relocate 1.247ms
[21.911s][info][gc,phases] GC(447) O: Old Generation 1098M(54%)->1378M(67%) 0.083s
[21.911s][info][gc       ] GC(447) Major Collection (Allocation Rate) 1428M(70%)->1382M(67%) 0.097s
[21.920s][info][gc       ] GC(449) Minor Collection (Allocation Rate)
[21.921s][info][gc,phases] GC(449) y: Young Generation
[21.921s][info][gc,phases] GC(449) y: Pause Mark Start 0.008ms
[21.934s][info][gc,phases] GC(449) y: Concurrent Mark 13.414ms
[21.935s][info][gc,phases] GC(449) y: Pause Mark End 0.011ms
[21.935s][info][gc,phases] GC(449) y: Concurrent Mark Free 0.002ms
[21.935s][info][gc,phases] GC(449) y: Concurrent Reset Relocation Set 0.011ms
[21.935s][info][gc,phases] GC(449) y: Concurrent Select Relocation Set 0.548ms
[21.936s][info][gc,phases] GC(449) y: Pause Relocate Start 0.007ms
[21.942s][info][gc,phases] GC(449) y: Concurrent Relocate 6.334ms
[21.942s][info][gc,phases] GC(449) y: Young Generation 1546M(75%)->1016M(50%) 0.022s
[21.942s][info][gc       ] GC(449) Minor Collection (Allocation Rate) 1546M(75%)->1018M(50%) 0.022s
[21.965s][info][gc       ] GC(450) Minor Collection (Allocation Rate)
[21.966s][info][gc,phases] GC(450) y: Young Generation
[21.966s][info][gc,phases] GC(450) y: Pause Mark Start 0.009ms
[21.977s][info][gc,phases] GC(450) y: Concurrent Mark 11.149ms
[21.977s][info][gc,phases] GC(450) y: Pause Mark End 0.016ms
[21.977s][info][gc,phases] GC(450) y: Concurrent Mark Free 0.001ms
[21.978s][info][gc,phases] GC(450) y: Concurrent Reset Relocation Set 0.013ms
[21.978s][info][gc,phases] GC(450) y: Concurrent Select Relocation Set 0.365ms
[21.978s][info][gc,phases] GC(450) y: Pause Relocate Start 0.007ms
[21.982s][info][gc,phases] GC(450) y: Concurrent Relocate 3.760ms
[21.982s][info][gc,phases] GC(450) y: Young Generation 1242M(61%)->976M(48%) 0.017s
[21.982s][info][gc       ] GC(450) Minor Collection (Allocation Rate) 1242M(61%)->980M(48%) 0.017s
[22.027s][info][gc       ] GC(451) Minor Collection (Allocation Rate)
[22.027s][info][gc,phases] GC(451) y: Young Generation
[22.027s][info][gc,phases] GC(451) y: Pause Mark Start 0.010ms
[22.040s][info][gc,phases] GC(451) y: Concurrent Mark 12.424ms
[22.040s][info][gc,phases] GC(451) y: Pause Mark End 0.011ms
[22.040s][info][gc,phases] GC(451) y: Concurrent Mark Free 0.002ms
[22.040s][info][gc,phases] GC(451) y: Concurrent Reset Relocation Set 0.006ms
[22.041s][info][gc,phases] GC(451) y: Concurrent Select Relocation Set 0.674ms
[22.041s][info][gc,phases] GC(451) y: Pause Relocate Start 0.004ms
[22.046s][info][gc,phases] GC(451) y: Concurrent Relocate 5.177ms
[22.047s][info][gc,phases] GC(451) y: Young Generation 1408M(69%)->1014M(50%) 0.020s
[22.047s][info][gc       ] GC(451) Minor Collection (Allocation Rate) 1406M(69%)->1018M(50%) 0.020s
[22.090s][info][gc       ] GC(452) Minor Collection (Allocation Rate)
[22.090s][info][gc,phases] GC(452) y: Young Generation
[22.090s][info][gc,phases] GC(452) y: Pause Mark Start 0.008ms
[22.103s][info][gc,phases] GC(452) y: Concurrent Mark 12.351ms
[22.103s][info][gc,phases] GC(452) y: Pause Mark End 0.010ms
[22.103s][info][gc,phases] GC(452) y: Concurrent Mark Free 0.001ms
[22.103s][info][gc,phases] GC(452) y: Concurrent Reset Relocation Set 0.013ms
[22.104s][info][gc,phases] GC(452) y: Concurrent Select Relocation Set 0.616ms
[22.104s][info][gc,phases] GC(452) y: Pause Relocate Start 0.004ms
[22.110s][info][gc,phases] GC(452) y: Concurrent Relocate 5.221ms
[22.110s][info][gc,phases] GC(452) y: Young Generation 1434M(70%)->1026M(50%) 0.020s
[22.110s][info][gc       ] GC(452) Minor Collection (Allocation Rate) 1432M(70%)->1026M(50%) 0.020s
[22.160s][info][gc       ] GC(453) Minor Collection (Allocation Rate)
[22.160s][info][gc,phases] GC(453) y: Young Generation
[22.160s][info][gc,phases] GC(453) y: Pause Mark Start 0.008ms
[22.173s][info][gc,phases] GC(453) y: Concurrent Mark 12.430ms
[22.173s][info][gc,phases] GC(453) y: Pause Mark End 0.011ms
[22.173s][info][gc,phases] GC(453) y: Concurrent Mark Free 0.001ms
[22.174s][info][gc,phases] GC(453) y: Concurrent Reset Relocation Set 0.011ms
[22.174s][info][gc,phases] GC(453) y: Concurrent Select Relocation Set 0.350ms
[22.174s][info][gc,phases] GC(453) y: Pause Relocate Start 0.004ms
[22.180s][info][gc,phases] GC(453) y: Concurrent Relocate 5.631ms
[22.180s][info][gc,phases] GC(453) y: Young Generation 1510M(74%)->1086M(53%) 0.020s
[22.180s][info][gc       ] GC(453) Minor Collection (Allocation Rate) 1510M(74%)->1090M(53%) 0.020s
[22.225s][info][gc       ] GC(454) Minor Collection (Allocation Rate)
[22.225s][info][gc,phases] GC(454) y: Young Generation
[22.225s][info][gc,phases] GC(454) y: Pause Mark Start 0.009ms
[22.238s][info][gc,phases] GC(454) y: Concurrent Mark 13.318ms
[22.239s][info][gc,phases] GC(454) y: Pause Mark End 0.011ms
[22.239s][info][gc,phases] GC(454) y: Concurrent Mark Free 0.001ms
[22.239s][info][gc,phases] GC(454) y: Concurrent Reset Relocation Set 0.014ms
[22.240s][info][gc,phases] GC(454) y: Concurrent Select Relocation Set 0.555ms
[22.240s][info][gc,phases] GC(454) y: Pause Relocate Start 0.004ms
[22.246s][info][gc,phases] GC(454) y: Concurrent Relocate 6.156ms
[22.246s][info][gc,phases] GC(454) y: Young Generation 1552M(76%)->1064M(52%) 0.021s
[22.246s][info][gc       ] GC(454) Minor Collection (Allocation Rate) 1550M(76%)->1068M(52%) 0.022s
[22.287s][info][gc       ] GC(455) Minor Collection (Allocation Rate)
[22.287s][info][gc,phases] GC(455) y: Young Generation
[22.288s][info][gc,phases] GC(455) y: Pause Mark Start 0.009ms
[22.301s][info][gc,phases] GC(455) y: Concurrent Mark 13.482ms
[22.302s][info][gc,phases] GC(455) y: Pause Mark End 0.011ms
[22.302s][info][gc,phases] GC(455) y: Concurrent Mark Free 0.001ms
[22.302s][info][gc,phases] GC(455) y: Concurrent Reset Relocation Set 0.012ms
[22.302s][info][gc,phases] GC(455) y: Concurrent Select Relocation Set 0.583ms
[22.303s][info][gc,phases] GC(455) y: Pause Relocate Start 0.004ms
[22.308s][info][gc,phases] GC(455) y: Concurrent Relocate 5.357ms
[22.308s][info][gc,phases] GC(455) y: Young Generation 1486M(73%)->1070M(52%) 0.021s
[22.308s][info][gc       ] GC(455) Minor Collection (Allocation Rate) 1486M(73%)->1072M(52%) 0.021s
[22.357s][info][gc       ] GC(456) Minor Collection (Allocation Rate)
[22.357s][info][gc,phases] GC(456) y: Young Generation
[22.357s][info][gc,phases] GC(456) y: Pause Mark Start 0.008ms
[22.371s][info][gc,phases] GC(456) y: Concurrent Mark 13.866ms
[22.372s][info][gc,phases] GC(456) y: Pause Mark End 0.061ms
[22.372s][info][gc,phases] GC(456) y: Concurrent Mark Free 0.002ms
[22.372s][info][gc,phases] GC(456) y: Concurrent Reset Relocation Set 0.015ms
[22.373s][info][gc,phases] GC(456) y: Concurrent Select Relocation Set 1.030ms
[22.373s][info][gc,phases] GC(456) y: Pause Relocate Start 0.010ms
[22.380s][info][gc,phases] GC(456) y: Concurrent Relocate 6.611ms
[22.380s][info][gc,phases] GC(456) y: Young Generation 1544M(75%)->1226M(60%) 0.023s
[22.380s][info][gc       ] GC(456) Minor Collection (Allocation Rate) 1542M(75%)->1230M(60%) 0.023s
[22.395s][info][gc       ] GC(457) Minor Collection (Allocation Rate)
[22.395s][info][gc,phases] GC(457) y: Young Generation
[22.395s][info][gc,phases] GC(457) y: Pause Mark Start 0.009ms
[22.407s][info][gc,phases] GC(457) y: Concurrent Mark 11.701ms
[22.408s][info][gc,phases] GC(457) y: Pause Mark End 0.015ms
[22.408s][info][gc,phases] GC(457) y: Concurrent Mark Free 0.001ms
[22.408s][info][gc,phases] GC(457) y: Concurrent Reset Relocation Set 0.014ms
[22.408s][info][gc,phases] GC(457) y: Concurrent Select Relocation Set 0.352ms
[22.408s][info][gc,phases] GC(457) y: Pause Relocate Start 0.004ms
[22.413s][info][gc,phases] GC(457) y: Concurrent Relocate 4.397ms
[22.413s][info][gc,phases] GC(457) y: Young Generation 1426M(70%)->1062M(52%) 0.018s
[22.413s][info][gc       ] GC(457) Minor Collection (Allocation Rate) 1424M(70%)->1066M(52%) 0.018s
[22.445s][info][gc       ] GC(458) Minor Collection (Allocation Rate)
[22.445s][info][gc,phases] GC(458) y: Young Generation
[22.446s][info][gc,phases] GC(458) y: Pause Mark Start 0.012ms
[22.458s][info][gc,phases] GC(458) y: Concurrent Mark 11.600ms
[22.458s][info][gc,phases] GC(458) y: Pause Mark End 0.011ms
[22.458s][info][gc,phases] GC(458) y: Concurrent Mark Free 0.002ms
[22.458s][info][gc,phases] GC(458) y: Concurrent Reset Relocation Set 0.008ms
[22.459s][info][gc,phases] GC(458) y: Concurrent Select Relocation Set 0.728ms
[22.459s][info][gc,phases] GC(458) y: Pause Relocate Start 0.008ms
[22.464s][info][gc,phases] GC(458) y: Concurrent Relocate 4.448ms
[22.464s][info][gc,phases] GC(458) y: Young Generation 1374M(67%)->1154M(56%) 0.018s
[22.464s][info][gc       ] GC(458) Minor Collection (Allocation Rate) 1372M(67%)->1158M(57%) 0.019s
[22.486s][info][gc       ] GC(459) Minor Collection (Allocation Rate)
[22.486s][info][gc,phases] GC(459) y: Young Generation
[22.487s][info][gc,phases] GC(459) y: Pause Mark Start 0.014ms
[22.499s][info][gc,phases] GC(459) y: Concurrent Mark 11.798ms
[22.499s][info][gc,phases] GC(459) y: Pause Mark End 0.014ms
[22.499s][info][gc,phases] GC(459) y: Concurrent Mark Free 0.002ms
[22.499s][info][gc,phases] GC(459) y: Concurrent Reset Relocation Set 0.010ms
[22.499s][info][gc,phases] GC(459) y: Concurrent Select Relocation Set 0.191ms
[22.500s][info][gc,phases] GC(459) y: Pause Relocate Start 0.007ms
[22.504s][info][gc,phases] GC(459) y: Concurrent Relocate 4.236ms
[22.504s][info][gc,phases] GC(459) y: Young Generation 1412M(69%)->1096M(54%) 0.018s
[22.504s][info][gc       ] GC(459) Minor Collection (Allocation Rate) 1410M(69%)->1100M(54%) 0.018s
[22.545s][info][gc       ] GC(460) Minor Collection (Allocation Rate)
[22.545s][info][gc,phases] GC(460) y: Young Generation
[22.545s][info][gc,phases] GC(460) y: Pause Mark Start 0.009ms
[22.558s][info][gc,phases] GC(460) y: Concurrent Mark 11.973ms
[22.558s][info][gc,phases] GC(460) y: Pause Mark End 0.010ms
[22.558s][info][gc,phases] GC(460) y: Concurrent Mark Free 0.002ms
[22.558s][info][gc,phases] GC(460) y: Concurrent Reset Relocation Set 0.007ms
[22.559s][info][gc,phases] GC(460) y: Concurrent Select Relocation Set 0.564ms
[22.559s][info][gc,phases] GC(460) y: Pause Relocate Start 0.004ms
[22.564s][info][gc,phases] GC(460) y: Concurrent Relocate 4.967ms
[22.564s][info][gc,phases] GC(460) y: Young Generation 1502M(73%)->1138M(56%) 0.019s
[22.564s][info][gc       ] GC(460) Minor Collection (Allocation Rate) 1502M(73%)->1142M(56%) 0.019s
[22.590s][info][gc       ] GC(461) Minor Collection (Allocation Rate)
[22.590s][info][gc,phases] GC(461) y: Young Generation
[22.591s][info][gc,phases] GC(461) y: Pause Mark Start 0.007ms
[22.602s][info][gc,phases] GC(461) y: Concurrent Mark 11.136ms
[22.602s][info][gc,phases] GC(461) y: Pause Mark End 0.012ms
[22.602s][info][gc,phases] GC(461) y: Concurrent Mark Free 0.002ms
[22.602s][info][gc,phases] GC(461) y: Concurrent Reset Relocation Set 0.011ms
[22.603s][info][gc,phases] GC(461) y: Concurrent Select Relocation Set 0.534ms
[22.603s][info][gc,phases] GC(461) y: Pause Relocate Start 0.004ms
[22.608s][info][gc,phases] GC(461) y: Concurrent Relocate 4.908ms
[22.608s][info][gc,phases] GC(461) y: Young Generation 1510M(74%)->1158M(57%) 0.018s
[22.608s][info][gc       ] GC(461) Minor Collection (Allocation Rate) 1508M(74%)->1160M(57%) 0.018s
[22.645s][info][gc       ] GC(462) Minor Collection (Allocation Rate)
[22.645s][info][gc,phases] GC(462) y: Young Generation
[22.645s][info][gc,phases] GC(462) y: Pause Mark Start 0.009ms
[22.658s][info][gc,phases] GC(462) y: Concurrent Mark 12.723ms
[22.658s][info][gc,phases] GC(462) y: Pause Mark End 0.011ms
[22.658s][info][gc,phases] GC(462) y: Concurrent Mark Free 0.002ms
[22.659s][info][gc,phases] GC(462) y: Concurrent Reset Relocation Set 0.010ms
[22.659s][info][gc,phases] GC(462) y: Concurrent Select Relocation Set 0.420ms
[22.659s][info][gc,phases] GC(462) y: Pause Relocate Start 0.004ms
[22.664s][info][gc,phases] GC(462) y: Concurrent Relocate 4.995ms
[22.665s][info][gc,phases] GC(462) y: Young Generation 1524M(74%)->1126M(55%) 0.020s
[22.665s][info][gc       ] GC(462) Minor Collection (Allocation Rate) 1520M(74%)->1128M(55%) 0.020s
[22.703s][info][gc       ] GC(463) Major Collection (Allocation Rate)
[22.704s][info][gc,phases] GC(463) Y: Young Generation
[22.704s][info][gc,phases] GC(463) Y: Pause Mark Start (Major) 0.010ms
[22.713s][info][gc,phases] GC(463) Y: Concurrent Mark 8.947ms
[22.713s][info][gc,phases] GC(463) Y: Pause Mark End 0.013ms
[22.713s][info][gc,phases] GC(463) Y: Concurrent Mark Free 0.002ms
[22.713s][info][gc,phases] GC(463) Y: Concurrent Reset Relocation Set 0.011ms
[22.714s][info][gc,phases] GC(463) Y: Concurrent Select Relocation Set 0.785ms
[22.714s][info][gc,phases] GC(463) Y: Pause Relocate Start 0.010ms
[22.719s][info][gc,phases] GC(463) Y: Concurrent Relocate 4.893ms
[22.720s][info][gc,phases] GC(463) Y: Young Generation 1498M(73%)->1174M(57%) 0.016s
[22.720s][info][gc,phases] GC(463) O: Old Generation
[22.754s][info][gc       ] GC(464) Minor Collection (Allocation Rate)
[22.754s][info][gc,phases] GC(464) y: Young Generation
[22.754s][info][gc,phases] GC(464) y: Pause Mark Start 0.013ms
[22.762s][info][gc,phases] GC(464) y: Concurrent Mark 8.329ms
[22.763s][info][gc,phases] GC(464) y: Pause Mark End 0.014ms
[22.763s][info][gc,phases] GC(464) y: Concurrent Mark Free 0.001ms
[22.763s][info][gc,phases] GC(464) y: Concurrent Reset Relocation Set 0.013ms
[22.764s][info][gc,phases] GC(464) y: Concurrent Select Relocation Set 0.540ms
[22.764s][info][gc,phases] GC(464) y: Pause Relocate Start 0.008ms
[22.769s][info][gc,phases] GC(464) y: Concurrent Relocate 4.787ms
[22.769s][info][gc,phases] GC(464) y: Young Generation 1494M(73%)->1180M(58%) 0.015s
[22.769s][info][gc       ] GC(464) Minor Collection (Allocation Rate) 1492M(73%)->1184M(58%) 0.016s
[22.792s][info][gc,phases] GC(463) O: Concurrent Mark 72.469ms
[22.793s][info][gc,phases] GC(463) O: Pause Mark End 0.012ms
[22.793s][info][gc,phases] GC(463) O: Concurrent Mark Free 0.001ms
[22.797s][info][gc,phases] GC(463) O: Concurrent Process Non-Strong 4.550ms
[22.797s][info][gc,phases] GC(463) O: Concurrent Reset Relocation Set 0.002ms
[22.798s][info][gc,phases] GC(463) O: Concurrent Select Relocation Set 0.187ms
[22.803s][info][gc,phases] GC(463) O: Concurrent Remap Roots 5.589ms
[22.804s][info][gc,phases] GC(463) O: Pause Relocate Start 0.010ms
[22.805s][info][gc,phases] GC(463) O: Concurrent Relocate 1.380ms
[22.805s][info][gc,phases] GC(463) O: Old Generation 1174M(57%)->1360M(66%) 0.086s
[22.805s][info][gc       ] GC(463) Major Collection (Allocation Rate) 1496M(73%)->1362M(67%) 0.102s
[22.824s][info][gc       ] GC(465) Minor Collection (Allocation Rate)
[22.824s][info][gc,phases] GC(465) y: Young Generation
[22.825s][info][gc,phases] GC(465) y: Pause Mark Start 0.009ms
[22.838s][info][gc,phases] GC(465) y: Concurrent Mark 12.833ms
[22.838s][info][gc,phases] GC(465) y: Pause Mark End 0.014ms
[22.839s][info][gc,phases] GC(465) y: Concurrent Mark Free 0.001ms
[22.839s][info][gc,phases] GC(465) y: Concurrent Reset Relocation Set 0.011ms
[22.839s][info][gc,phases] GC(465) y: Concurrent Select Relocation Set 0.736ms
[22.840s][info][gc,phases] GC(465) y: Pause Relocate Start 0.007ms
[22.847s][info][gc,phases] GC(465) y: Concurrent Relocate 6.803ms
[22.847s][info][gc,phases] GC(465) y: Young Generation 1550M(76%)->1148M(56%) 0.022s
[22.847s][info][gc       ] GC(465) Minor Collection (Allocation Rate) 1550M(76%)->1152M(56%) 0.023s
[22.859s][info][gc       ] GC(466) Minor Collection (Allocation Rate)
[22.859s][info][gc,phases] GC(466) y: Young Generation
[22.859s][info][gc,phases] GC(466) y: Pause Mark Start 0.009ms
[22.871s][info][gc,phases] GC(466) y: Concurrent Mark 11.404ms
[22.871s][info][gc,phases] GC(466) y: Pause Mark End 0.012ms
[22.871s][info][gc,phases] GC(466) y: Concurrent Mark Free 0.002ms
[22.871s][info][gc,phases] GC(466) y: Concurrent Reset Relocation Set 0.017ms
[22.872s][info][gc,phases] GC(466) y: Concurrent Select Relocation Set 0.276ms
[22.872s][info][gc,phases] GC(466) y: Pause Relocate Start 0.004ms
[22.876s][info][gc,phases] GC(466) y: Concurrent Relocate 4.401ms
[22.877s][info][gc,phases] GC(466) y: Young Generation 1292M(63%)->1026M(50%) 0.018s
[22.877s][info][gc       ] GC(466) Minor Collection (Allocation Rate) 1290M(63%)->1028M(50%) 0.018s
[22.904s][info][gc       ] GC(467) Minor Collection (Allocation Rate)
[22.904s][info][gc,phases] GC(467) y: Young Generation
[22.904s][info][gc,phases] GC(467) y: Pause Mark Start 0.031ms
[22.915s][info][gc,phases] GC(467) y: Concurrent Mark 10.661ms
[22.915s][info][gc,phases] GC(467) y: Pause Mark End 0.015ms
[22.915s][info][gc,phases] GC(467) y: Concurrent Mark Free 0.002ms
[22.915s][info][gc,phases] GC(467) y: Concurrent Reset Relocation Set 0.007ms
[22.916s][info][gc,phases] GC(467) y: Concurrent Select Relocation Set 0.800ms
[22.916s][info][gc,phases] GC(467) y: Pause Relocate Start 0.005ms
[22.921s][info][gc,phases] GC(467) y: Concurrent Relocate 4.953ms
[22.922s][info][gc,phases] GC(467) y: Young Generation 1366M(67%)->1088M(53%) 0.018s
[22.922s][info][gc       ] GC(467) Minor Collection (Allocation Rate) 1362M(67%)->1092M(53%) 0.018s
[22.953s][info][gc       ] GC(468) Minor Collection (Allocation Rate)
[22.953s][info][gc,phases] GC(468) y: Young Generation
[22.953s][info][gc,phases] GC(468) y: Pause Mark Start 0.009ms
[22.965s][info][gc,phases] GC(468) y: Concurrent Mark 11.145ms
[22.965s][info][gc,phases] GC(468) y: Pause Mark End 0.011ms
[22.965s][info][gc,phases] GC(468) y: Concurrent Mark Free 0.001ms
[22.965s][info][gc,phases] GC(468) y: Concurrent Reset Relocation Set 0.011ms
[22.966s][info][gc,phases] GC(468) y: Concurrent Select Relocation Set 0.388ms
[22.966s][info][gc,phases] GC(468) y: Pause Relocate Start 0.004ms
[22.971s][info][gc,phases] GC(468) y: Concurrent Relocate 4.714ms
[22.971s][info][gc,phases] GC(468) y: Young Generation 1408M(69%)->1018M(50%) 0.018s
[22.971s][info][gc       ] GC(468) Minor Collection (Allocation Rate) 1406M(69%)->1018M(50%) 0.018s
[23.020s][info][gc       ] GC(469) Minor Collection (Allocation Rate)
[23.020s][info][gc,phases] GC(469) y: Young Generation
[23.020s][info][gc,phases] GC(469) y: Pause Mark Start 0.009ms
[23.033s][info][gc,phases] GC(469) y: Concurrent Mark 12.346ms
[23.033s][info][gc,phases] GC(469) y: Pause Mark End 0.013ms
[23.033s][info][gc,phases] GC(469) y: Concurrent Mark Free 0.001ms
[23.033s][info][gc,phases] GC(469) y: Concurrent Reset Relocation Set 0.009ms
[23.034s][info][gc,phases] GC(469) y: Concurrent Select Relocation Set 0.393ms
[23.034s][info][gc,phases] GC(469) y: Pause Relocate Start 0.004ms
[23.040s][info][gc,phases] GC(469) y: Concurrent Relocate 5.536ms
[23.040s][info][gc,phases] GC(469) y: Young Generation 1510M(74%)->1050M(51%) 0.020s
[23.040s][info][gc       ] GC(469) Minor Collection (Allocation Rate) 1510M(74%)->1052M(51%) 0.020s
[23.075s][info][gc       ] GC(470) Minor Collection (Allocation Rate)
[23.075s][info][gc,phases] GC(470) y: Young Generation
[23.075s][info][gc,phases] GC(470) y: Pause Mark Start 0.008ms
[23.087s][info][gc,phases] GC(470) y: Concurrent Mark 11.724ms
[23.088s][info][gc,phases] GC(470) y: Pause Mark End 0.015ms
[23.088s][info][gc,phases] GC(470) y: Concurrent Mark Free 0.002ms
[23.088s][info][gc,phases] GC(470) y: Concurrent Reset Relocation Set 0.009ms
[23.089s][info][gc,phases] GC(470) y: Concurrent Select Relocation Set 0.701ms
[23.089s][info][gc,phases] GC(470) y: Pause Relocate Start 0.004ms
[23.094s][info][gc,phases] GC(470) y: Concurrent Relocate 4.939ms
[23.094s][info][gc,phases] GC(470) y: Young Generation 1416M(69%)->1130M(55%) 0.019s
[23.094s][info][gc       ] GC(470) Minor Collection (Allocation Rate) 1412M(69%)->1130M(55%) 0.019s
[23.132s][info][gc       ] GC(471) Minor Collection (Allocation Rate)
[23.133s][info][gc,phases] GC(471) y: Young Generation
[23.133s][info][gc,phases] GC(471) y: Pause Mark Start 0.012ms
[23.146s][info][gc,phases] GC(471) y: Concurrent Mark 12.665ms
[23.146s][info][gc,phases] GC(471) y: Pause Mark End 0.012ms
[23.146s][info][gc,phases] GC(471) y: Concurrent Mark Free 0.001ms
[23.146s][info][gc,phases] GC(471) y: Concurrent Reset Relocation Set 0.012ms
[23.147s][info][gc,phases] GC(471) y: Concurrent Select Relocation Set 0.517ms
[23.147s][info][gc,phases] GC(471) y: Pause Relocate Start 0.005ms
[23.153s][info][gc,phases] GC(471) y: Concurrent Relocate 5.570ms
[23.153s][info][gc,phases] GC(471) y: Young Generation 1516M(74%)->1076M(53%) 0.020s
[23.153s][info][gc       ] GC(471) Minor Collection (Allocation Rate) 1514M(74%)->1078M(53%) 0.021s
[23.198s][info][gc       ] GC(472) Minor Collection (Allocation Rate)
[23.198s][info][gc,phases] GC(472) y: Young Generation
[23.198s][info][gc,phases] GC(472) y: Pause Mark Start 0.008ms
[23.211s][info][gc,phases] GC(472) y: Concurrent Mark 12.409ms
[23.211s][info][gc,phases] GC(472) y: Pause Mark End 0.011ms
[23.211s][info][gc,phases] GC(472) y: Concurrent Mark Free 0.001ms
[23.211s][info][gc,phases] GC(472) y: Concurrent Reset Relocation Set 0.015ms
[23.212s][info][gc,phases] GC(472) y: Concurrent Select Relocation Set 0.393ms
[23.212s][info][gc,phases] GC(472) y: Pause Relocate Start 0.007ms
[23.217s][info][gc,phases] GC(472) y: Concurrent Relocate 5.557ms
[23.218s][info][gc,phases] GC(472) y: Young Generation 1530M(75%)->1088M(53%) 0.020s
[23.218s][info][gc       ] GC(472) Minor Collection (Allocation Rate) 1530M(75%)->1090M(53%) 0.020s
[23.262s][info][gc       ] GC(473) Minor Collection (Allocation Rate)
[23.263s][info][gc,phases] GC(473) y: Young Generation
[23.263s][info][gc,phases] GC(473) y: Pause Mark Start 0.008ms
[23.276s][info][gc,phases] GC(473) y: Concurrent Mark 12.676ms
[23.276s][info][gc,phases] GC(473) y: Pause Mark End 0.011ms
[23.276s][info][gc,phases] GC(473) y: Concurrent Mark Free 0.001ms
[23.276s][info][gc,phases] GC(473) y: Concurrent Reset Relocation Set 0.012ms
[23.277s][info][gc,phases] GC(473) y: Concurrent Select Relocation Set 0.364ms
[23.277s][info][gc,phases] GC(473) y: Pause Relocate Start 0.008ms
[23.282s][info][gc,phases] GC(473) y: Concurrent Relocate 5.462ms
[23.283s][info][gc,phases] GC(473) y: Young Generation 1544M(75%)->1098M(54%) 0.020s
[23.283s][info][gc       ] GC(473) Minor Collection (Allocation Rate) 1544M(75%)->1106M(54%) 0.021s
[23.325s][info][gc       ] GC(474) Minor Collection (Allocation Rate)
[23.325s][info][gc,phases] GC(474) y: Young Generation
[23.325s][info][gc,phases] GC(474) y: Pause Mark Start 0.009ms
[23.339s][info][gc,phases] GC(474) y: Concurrent Mark 13.671ms
[23.339s][info][gc,phases] GC(474) y: Pause Mark End 0.011ms
[23.339s][info][gc,phases] GC(474) y: Concurrent Mark Free 0.001ms
[23.340s][info][gc,phases] GC(474) y: Concurrent Reset Relocation Set 0.010ms
[23.340s][info][gc,phases] GC(474) y: Concurrent Select Relocation Set 0.761ms
[23.341s][info][gc,phases] GC(474) y: Pause Relocate Start 0.004ms
[23.346s][info][gc,phases] GC(474) y: Concurrent Relocate 5.829ms
[23.347s][info][gc,phases] GC(474) y: Young Generation 1558M(76%)->1124M(55%) 0.022s
[23.347s][info][gc       ] GC(474) Minor Collection (Allocation Rate) 1554M(76%)->1128M(55%) 0.022s
[23.384s][info][gc       ] GC(475) Minor Collection (Allocation Rate)
[23.384s][info][gc,phases] GC(475) y: Young Generation
[23.384s][info][gc,phases] GC(475) y: Pause Mark Start 0.013ms
[23.397s][info][gc,phases] GC(475) y: Concurrent Mark 12.840ms
[23.397s][info][gc,phases] GC(475) y: Pause Mark End 0.012ms
[23.397s][info][gc,phases] GC(475) y: Concurrent Mark Free 0.002ms
[23.397s][info][gc,phases] GC(475) y: Concurrent Reset Relocation Set 0.015ms
[23.398s][info][gc,phases] GC(475) y: Concurrent Select Relocation Set 0.590ms
[23.398s][info][gc,phases] GC(475) y: Pause Relocate Start 0.005ms
[23.404s][info][gc,phases] GC(475) y: Concurrent Relocate 5.298ms
[23.404s][info][gc,phases] GC(475) y: Young Generation 1500M(73%)->1120M(55%) 0.020s
[23.404s][info][gc       ] GC(475) Minor Collection (Allocation Rate) 1498M(73%)->1122M(55%) 0.021s
[23.444s][info][gc       ] GC(476) Minor Collection (Allocation Rate)
[23.444s][info][gc,phases] GC(476) y: Young Generation
[23.444s][info][gc,phases] GC(476) y: Pause Mark Start 0.008ms
[23.457s][info][gc,phases] GC(476) y: Concurrent Mark 12.330ms
[23.457s][info][gc,phases] GC(476) y: Pause Mark End 0.014ms
[23.457s][info][gc,phases] GC(476) y: Concurrent Mark Free 0.001ms
[23.457s][info][gc,phases] GC(476) y: Concurrent Reset Relocation Set 0.010ms
[23.458s][info][gc,phases] GC(476) y: Concurrent Select Relocation Set 0.594ms
[23.458s][info][gc,phases] GC(476) y: Pause Relocate Start 0.006ms
[23.464s][info][gc,phases] GC(476) y: Concurrent Relocate 5.543ms
[23.464s][info][gc,phases] GC(476) y: Young Generation 1526M(75%)->1126M(55%) 0.020s
[23.464s][info][gc       ] GC(476) Minor Collection (Allocation Rate) 1526M(75%)->1130M(55%) 0.020s
[23.506s][info][gc       ] GC(477) Minor Collection (Allocation Rate)
[23.506s][info][gc,phases] GC(477) y: Young Generation
[23.507s][info][gc,phases] GC(477) y: Pause Mark Start 0.008ms
[23.518s][info][gc,phases] GC(477) y: Concurrent Mark 11.364ms
[23.518s][info][gc,phases] GC(477) y: Pause Mark End 0.013ms
[23.519s][info][gc,phases] GC(477) y: Concurrent Mark Free 0.001ms
[23.519s][info][gc,phases] GC(477) y: Concurrent Reset Relocation Set 0.011ms
[23.519s][info][gc,phases] GC(477) y: Concurrent Select Relocation Set 0.765ms
[23.520s][info][gc,phases] GC(477) y: Pause Relocate Start 0.005ms
[23.526s][info][gc,phases] GC(477) y: Concurrent Relocate 5.733ms
[23.526s][info][gc,phases] GC(477) y: Young Generation 1552M(76%)->1212M(59%) 0.019s
[23.526s][info][gc       ] GC(477) Minor Collection (Allocation Rate) 1552M(76%)->1214M(59%) 0.020s
[23.558s][info][gc       ] GC(478) Major Collection (Allocation Rate)
[23.558s][info][gc,phases] GC(478) Y: Young Generation
[23.559s][info][gc,phases] GC(478) Y: Pause Mark Start (Major) 0.009ms
[23.567s][info][gc,phases] GC(478) Y: Concurrent Mark 8.064ms
[23.567s][info][gc,phases] GC(478) Y: Pause Mark End 0.010ms
[23.567s][info][gc,phases] GC(478) Y: Concurrent Mark Free 0.001ms
[23.567s][info][gc,phases] GC(478) Y: Concurrent Reset Relocation Set 0.013ms
[23.568s][info][gc,phases] GC(478) Y: Concurrent Select Relocation Set 0.390ms
[23.568s][info][gc,phases] GC(478) Y: Pause Relocate Start 0.004ms
[23.573s][info][gc,phases] GC(478) Y: Concurrent Relocate 4.914ms
[23.573s][info][gc,phases] GC(478) Y: Young Generation 1544M(75%)->1102M(54%) 0.015s
[23.573s][info][gc,phases] GC(478) O: Old Generation
[23.609s][info][gc       ] GC(479) Minor Collection (Allocation Rate)
[23.609s][info][gc,phases] GC(479) y: Young Generation
[23.610s][info][gc,phases] GC(479) y: Pause Mark Start 0.012ms
[23.618s][info][gc,phases] GC(479) y: Concurrent Mark 7.999ms
[23.618s][info][gc,phases] GC(479) y: Pause Mark End 0.011ms
[23.618s][info][gc,phases] GC(479) y: Concurrent Mark Free 0.001ms
[23.618s][info][gc,phases] GC(479) y: Concurrent Reset Relocation Set 0.009ms
[23.618s][info][gc,phases] GC(479) y: Concurrent Select Relocation Set 0.171ms
[23.618s][info][gc,phases] GC(479) y: Pause Relocate Start 0.010ms
[23.623s][info][gc,phases] GC(479) y: Concurrent Relocate 4.137ms
[23.623s][info][gc,phases] GC(479) y: Young Generation 1462M(71%)->1100M(54%) 0.014s
[23.623s][info][gc       ] GC(479) Minor Collection (Allocation Rate) 1462M(71%)->1102M(54%) 0.014s
[23.646s][info][gc,phases] GC(478) O: Concurrent Mark 72.207ms
[23.646s][info][gc,phases] GC(478) O: Pause Mark End 0.014ms
[23.646s][info][gc,phases] GC(478) O: Concurrent Mark Free 0.001ms
[23.651s][info][gc,phases] GC(478) O: Concurrent Process Non-Strong 4.730ms
[23.651s][info][gc,phases] GC(478) O: Concurrent Reset Relocation Set 0.002ms
[23.651s][info][gc,phases] GC(478) O: Concurrent Select Relocation Set 0.183ms
[23.657s][info][gc,phases] GC(478) O: Concurrent Remap Roots 5.690ms
[23.657s][info][gc,phases] GC(478) O: Pause Relocate Start 0.010ms
[23.659s][info][gc,phases] GC(478) O: Concurrent Relocate 1.899ms
[23.660s][info][gc,phases] GC(478) O: Old Generation 1106M(54%)->1282M(63%) 0.086s
[23.660s][info][gc       ] GC(478) Major Collection (Allocation Rate) 1542M(75%)->1284M(63%) 0.101s
[23.689s][info][gc       ] GC(480) Minor Collection (Allocation Rate)
[23.689s][info][gc,phases] GC(480) y: Young Generation
[23.689s][info][gc,phases] GC(480) y: Pause Mark Start 0.008ms
[23.703s][info][gc,phases] GC(480) y: Concurrent Mark 13.720ms
[23.704s][info][gc,phases] GC(480) y: Pause Mark End 0.010ms
[23.704s][info][gc,phases] GC(480) y: Concurrent Mark Free 0.001ms
[23.704s][info][gc,phases] GC(480) y: Concurrent Reset Relocation Set 0.008ms
[23.705s][info][gc,phases] GC(480) y: Concurrent Select Relocation Set 0.807ms
[23.705s][info][gc,phases] GC(480) y: Pause Relocate Start 0.009ms
[23.712s][info][gc,phases] GC(480) y: Concurrent Relocate 6.970ms
[23.712s][info][gc,phases] GC(480) y: Young Generation 1578M(77%)->1036M(51%) 0.023s
[23.712s][info][gc       ] GC(480) Minor Collection (Allocation Rate) 1576M(77%)->1040M(51%) 0.023s
[23.734s][info][gc       ] GC(481) Minor Collection (Allocation Rate)
[23.735s][info][gc,phases] GC(481) y: Young Generation
[23.735s][info][gc,phases] GC(481) y: Pause Mark Start 0.008ms
[23.747s][info][gc,phases] GC(481) y: Concurrent Mark 11.710ms
[23.747s][info][gc,phases] GC(481) y: Pause Mark End 0.012ms
[23.747s][info][gc,phases] GC(481) y: Concurrent Mark Free 0.002ms
[23.747s][info][gc,phases] GC(481) y: Concurrent Reset Relocation Set 0.015ms
[23.748s][info][gc,phases] GC(481) y: Concurrent Select Relocation Set 0.386ms
[23.748s][info][gc,phases] GC(481) y: Pause Relocate Start 0.009ms
[23.752s][info][gc,phases] GC(481) y: Concurrent Relocate 3.829ms
[23.752s][info][gc,phases] GC(481) y: Young Generation 1260M(62%)->992M(48%) 0.018s
[23.752s][info][gc       ] GC(481) Minor Collection (Allocation Rate) 1260M(62%)->994M(49%) 0.018s
[23.791s][info][gc       ] GC(482) Minor Collection (Allocation Rate)
[23.791s][info][gc,phases] GC(482) y: Young Generation
[23.791s][info][gc,phases] GC(482) y: Pause Mark Start 0.011ms
[23.804s][info][gc,phases] GC(482) y: Concurrent Mark 12.932ms
[23.805s][info][gc,phases] GC(482) y: Pause Mark End 0.011ms
[23.805s][info][gc,phases] GC(482) y: Concurrent Mark Free 0.000ms
[23.805s][info][gc,phases] GC(482) y: Concurrent Reset Relocation Set 0.006ms
[23.806s][info][gc,phases] GC(482) y: Concurrent Select Relocation Set 1.009ms
[23.806s][info][gc,phases] GC(482) y: Pause Relocate Start 0.004ms
[23.812s][info][gc,phases] GC(482) y: Concurrent Relocate 5.722ms
[23.812s][info][gc,phases] GC(482) y: Young Generation 1426M(70%)->1082M(53%) 0.021s
[23.812s][info][gc       ] GC(482) Minor Collection (Allocation Rate) 1424M(70%)->1086M(53%) 0.021s
