seq	status	host	at_ms	latency_us	detail
1	ack	r1	1790218660765	1815	
2	ack	r1	1790218660770	351	
3	ack	r1	1790218660771	872	
4	ack	r1	1790218660772	371	
5	ack	r1	1790218660772	109	
6	ack	r1	1790218660777	155	
7	ack	r1	1790218660782	423	
8	ack	r1	1790218660787	149	
9	ack	r1	1790218660792	189	
10	ack	r1	1790218660797	458	
11	ack	r1	1790218660802	436	
12	ack	r1	1790218660807	431	
13	ack	r1	1790218660812	417	
14	ack	r1	1790218660817	120	
15	ack	r1	1790218660822	405	
16	ack	r1	1790218660827	408	
17	ack	r1	1790218660832	117	
18	ack	r1	1790218660837	145	
19	ack	r1	1790218660842	106	
20	ack	r1	1790218660847	121	
21	ack	r1	1790218660852	418	
22	ack	r1	1790218660857	101	
23	ack	r1	1790218660862	403	
24	ack	r1	1790218660867	128	
25	ack	r1	1790218660872	111	
26	ack	r1	1790218660877	125	
27	ack	r1	1790218660882	401	
28	ack	r1	1790218660887	402	
29	ack	r1	1790218660892	111	
30	ack	r1	1790218660897	106	
31	ack	r1	1790218660902	411	
32	ack	r1	1790218660907	398	
33	ack	r1	1790218660912	398	
34	ack	r1	1790218660917	110	
35	ack	r1	1790218660922	424	
36	ack	r1	1790218660927	413	
37	ack	r1	1790218660932	481	
38	ack	r1	1790218660937	145	
39	ack	r1	1790218660942	430	
40	ack	r1	1790218660947	98	
41	ack	r1	1790218660952	423	
42	ack	r1	1790218660957	415	
43	ack	r1	1790218660962	117	
44	ack	r1	1790218660967	160	
45	ack	r1	1790218660972	123	
46	ack	r1	1790218660977	114	
47	ack	r1	1790218660982	132	
48	ack	r1	1790218660987	416	
49	ack	r1	1790218660992	427	
50	ack	r1	1790218660997	207	
51	ack	r1	1790218661002	138	
52	ack	r1	1790218661007	145	
53	ack	r1	1790218661012	407	
54	ack	r1	1790218661017	418	
55	ack	r1	1790218661022	423	
56	ack	r1	1790218661027	258	
57	ack	r1	1790218661032	419	
58	ack	r1	1790218661037	419	
59	ack	r1	1790218661042	416	
60	ack	r1	1790218661047	405	
61	ack	r1	1790218661052	205	
62	ack	r1	1790218661057	409	
63	ack	r1	1790218661062	416	
64	ack	r1	1790218661067	146	
65	ack	r1	1790218661072	163	
66	ack	r1	1790218661077	136	
67	ack	r1	1790218661082	414	
68	ack	r1	1790218661087	162	
69	ack	r1	1790218661092	411	
70	ack	r1	1790218661097	416	
71	ack	r1	1790218661102	133	
72	ack	r1	1790218661107	195	
73	ack	r1	1790218661112	415	
74	ack	r1	1790218661117	110	
75	ack	r1	1790218661122	188	
76	ack	r1	1790218661127	163	
77	ack	r1	1790218661132	163	
78	ack	r1	1790218661137	409	
79	ack	r1	1790218661142	286	
80	ack	r1	1790218661147	121	
81	ack	r1	1790218661152	134	
82	ack	r1	1790218661157	410	
83	ack	r1	1790218661162	91	
84	ack	r1	1790218661167	140	
85	ack	r1	1790218661172	174	
86	ack	r1	1790218661177	408	
87	ack	r1	1790218661182	118	
88	ack	r1	1790218661187	155	
89	ack	r1	1790218661192	146	
90	ack	r1	1790218661197	145	
91	ack	r1	1790218661202	403	
92	ack	r1	1790218661207	425	
93	ack	r1	1790218661212	168	
94	ack	r1	1790218661217	405	
95	ack	r1	1790218661222	123	
96	ack	r1	1790218661227	417	
97	ack	r1	1790218661232	417	
98	ack	r1	1790218661237	420	
99	ack	r1	1790218661242	151	
100	ack	r1	1790218661247	326	
101	ack	r1	1790218661252	111	
102	ack	r1	1790218661257	157	
103	ack	r1	1790218661262	391	
104	ack	r1	1790218661267	407	
105	ack	r1	1790218661272	416	
106	ack	r1	1790218661277	180	
107	ack	r1	1790218661282	412	
108	ack	r1	1790218661287	416	
109	ack	r1	1790218661292	420	
110	ack	r1	1790218661297	406	
111	ack	r1	1790218661302	136	
112	ack	r1	1790218661307	414	
113	ack	r1	1790218661312	405	
114	ack	r1	1790218661317	244	
115	ack	r1	1790218661322	194	
116	ack	r1	1790218661327	104	
117	ack	r1	1790218661332	119	
118	ack	r1	1790218661337	192	
119	ack	r1	1790218661342	473	
120	ack	r1	1790218661347	97	
121	ack	r1	1790218661352	145	
122	ack	r1	1790218661357	170	
123	ack	r1	1790218661364	1467	
124	ack	r1	1790218661367	168	
125	ack	r1	1790218661372	439	
126	ack	r1	1790218661377	107	
127	ack	r1	1790218661382	153	
128	ack	r1	1790218661387	127	
129	ack	r1	1790218661392	143	
130	ack	r1	1790218661397	435	
131	ack	r1	1790218661402	418	
132	ack	r1	1790218661407	422	
133	ack	r1	1790218661412	118	
134	ack	r1	1790218661417	399	
135	ack	r1	1790218661422	121	
136	ack	r1	1790218661427	117	
137	ack	r1	1790218661432	418	
138	ack	r1	1790218661437	428	
139	ack	r1	1790218661442	412	
140	ack	r1	1790218661447	213	
141	ack	r1	1790218661452	124	
142	ack	r1	1790218661457	86	
143	ack	r1	1790218661462	112	
144	ack	r1	1790218661467	403	
145	ack	r1	1790218661472	116	
146	ack	r1	1790218661477	398	
147	ack	r1	1790218661482	181	
148	ack	r1	1790218661487	125	
149	ack	r1	1790218661492	403	
150	ack	r1	1790218661497	104	
151	ack	r1	1790218661502	128	
152	ack	r1	1790218661507	410	
153	ack	r1	1790218661512	117	
154	ack	r1	1790218661517	105	
155	ack	r1	1790218661522	137	
156	ack	r1	1790218661527	400	
157	ack	r1	1790218661532	82	
158	ack	r1	1790218661537	106	
159	ack	r1	1790218661542	408	
160	ack	r1	1790218661547	146	
161	ack	r1	1790218661552	86	
162	ack	r1	1790218661557	400	
163	ack	r1	1790218661562	122	
164	ack	r1	1790218661567	383	
165	ack	r1	1790218661572	350	
166	ack	r1	1790218661577	409	
167	ack	r1	1790218661582	274	
168	ack	r1	1790218661587	478	
169	ack	r1	1790218661592	416	
170	ack	r1	1790218661637	15485	
171	ack	r1	1790218661638	346	
172	ack	r1	1790218661639	969	
173	ack	r1	1790218661640	168	
174	ack	r1	1790218661640	164	
175	ack	r1	1790218661642	211	
176	ack	r1	1790218661643	300	
177	ack	r1	1790218661643	164	
178	ack	r1	1790218661643	87	
179	ack	r1	1790218661644	136	
180	ack	r1	1790218661649	1670	
181	ack	r1	1790218661652	266	
182	ack	r1	1790218661657	110	
183	ack	r1	1790218661662	714	
184	ack	r1	1790218661667	174	
185	ack	r1	1790218661672	363	
186	ack	r1	1790218661677	363	
187	ack	r1	1790218661682	406	
188	ack	r1	1790218661687	494	
189	ack	r1	1790218661692	300	
190	ack	r1	1790218661697	420	
191	ack	r1	1790218661702	411	
192	ack	r1	1790218661707	423	
193	ack	r1	1790218661712	418	
194	ack	r1	1790218661717	206	
195	ack	r1	1790218661722	401	
196	ack	r1	1790218661727	406	
197	ack	r1	1790218661732	166	
198	ack	r1	1790218661737	410	
199	ack	r1	1790218661742	216	
200	ack	r1	1790218661747	435	
201	ack	r1	1790218661752	218	
202	ack	r1	1790218661757	174	
203	ack	r1	1790218661762	88	
204	ack	r1	1790218661767	318	
205	ack	r1	1790218661772	274	
206	ack	r1	1790218661777	187	
207	ack	r1	1790218661782	166	
208	ack	r1	1790218661787	249	
209	ack	r1	1790218661792	219	
210	ack	r1	1790218661797	443	
211	ack	r1	1790218661802	431	
212	ack	r1	1790218661807	424	
213	ack	r1	1790218661812	462	
214	ack	r1	1790218661817	184	
215	ack	r1	1790218661822	428	
216	ack	r1	1790218661827	362	
217	ack	r1	1790218661832	140	
218	ack	r1	1790218661837	484	
219	ack	r1	1790218661842	415	
220	ack	r1	1790218661847	434	
221	ack	r1	1790218661852	128	
222	ack	r1	1790218661857	312	
223	ack	r1	1790218661862	705	
224	ack	r1	1790218661867	427	
225	ack	r1	1790218661872	317	
226	ack	r1	1790218661880	1219	
227	ack	r1	1790218661882	446	
228	ack	r1	1790218661887	378	
229	ack	r1	1790218661892	281	
230	ack	r1	1790218661897	376	
231	ack	r1	1790218661902	429	
232	ack	r1	1790218661907	493	
233	ack	r1	1790218661912	445	
234	ack	r1	1790218661917	452	
235	ack	r1	1790218661922	391	
236	ack	r1	1790218661927	143	
237	ack	r1	1790218661932	341	
238	ack	r1	1790218661937	261	
239	ack	r1	1790218661942	238	
240	ack	r1	1790218661947	173	
241	ack	r1	1790218661952	377	
242	ack	r1	1790218661957	214	
243	ack	r1	1790218661962	171	
244	ack	r1	1790218661967	412	
245	ack	r1	1790218661972	141	
246	ack	r1	1790218661977	235	
247	ack	r1	1790218661982	87	
248	ack	r1	1790218661991	1906	
249	ack	r1	1790218661998	3611	
250	ack	r1	1790218662000	370	
251	ack	r1	1790218662004	391	
252	ack	r1	1790218662012	2768	
253	ack	r1	1790218662014	976	
254	ack	r1	1790218662018	499	
255	ack	r1	1790218662022	379	
256	ack	r1	1790218662027	308	
257	ack	r1	1790218662032	832	
258	ack	r1	1790218662037	297	
259	ack	r1	1790218662042	93	
260	ack	r1	1790218662047	402	
261	ack	r1	1790218662052	83	
262	ack	r1	1790218662057	107	
263	ack	r1	1790218662062	401	
264	ack	r1	1790218662067	395	
265	ack	r1	1790218662072	93	
266	ack	r1	1790218662077	110	
267	ack	r1	1790218662082	95	
268	ack	r1	1790218662087	141	
269	ack	r1	1790218662092	113	
270	ack	r1	1790218662097	109	
271	ack	r1	1790218662102	401	
272	ack	r1	1790218662107	412	
273	ack	r1	1790218662112	150	
274	ack	r1	1790218662117	407	
275	ack	r1	1790218662122	84	
276	ack	r1	1790218662127	501	
277	ack	r1	1790218662132	432	
278	ack	r1	1790218662137	425	
279	ack	r1	1790218662142	410	
280	ack	r1	1790218662147	120	
281	ack	r1	1790218662152	401	
282	ack	r1	1790218662157	135	
283	ack	r1	1790218662162	90	
284	ack	r1	1790218662167	102	
285	ack	r1	1790218662172	106	
286	ack	r1	1790218662177	138	
287	ack	r1	1790218662182	100	
288	ack	r1	1790218662187	143	
289	ack	r1	1790218662192	79	
290	ack	r1	1790218662197	409	
291	ack	r1	1790218662202	128	
292	ack	r1	1790218662207	126	
293	ack	r1	1790218662212	97	
294	ack	r1	1790218662217	409	
295	ack	r1	1790218662222	411	
296	ack	r1	1790218662227	222	
297	ack	r1	1790218662232	274	
298	ack	r1	1790218662237	328	
299	ack	r1	1790218662242	235	
300	ack	r1	1790218662247	203	
301	ack	r1	1790218662252	165	
302	ack	r1	1790218662257	357	
303	ack	r1	1790218662262	541	
304	ack	r1	1790218662267	144	
305	ack	r1	1790218662272	455	
306	ack	r1	1790218662277	388	
307	ack	r1	1790218662282	152	
308	ack	r1	1790218662287	159	
309	ack	r1	1790218662292	147	
310	ack	r1	1790218662297	139	
311	ack	r1	1790218662302	406	
312	ack	r1	1790218662307	147	
313	ack	r1	1790218662312	111	
314	ack	r1	1790218662317	116	
315	ack	r1	1790218662322	591	
316	ack	r1	1790218662327	155	
317	ack	r1	1790218662332	116	
318	ack	r1	1790218662337	403	
319	ack	r1	1790218662342	414	
320	ack	r1	1790218662347	419	
321	ack	r1	1790218662352	116	
322	ack	r1	1790218662357	148	
323	ack	r1	1790218662362	90	
324	ack	r1	1790218662367	114	
325	ack	r1	1790218662372	99	
326	ack	r1	1790218662377	209	
327	ack	r1	1790218662382	416	
328	ack	r1	1790218662387	207	
329	ack	r1	1790218662392	149	
330	ack	r1	1790218662397	185	
331	ack	r1	1790218662402	415	
332	ack	r1	1790218662407	425	
333	ack	r1	1790218662412	412	
334	ack	r1	1790218662417	247	
335	ack	r1	1790218662422	195	
336	ack	r1	1790218662427	199	
337	ack	r1	1790218662432	415	
338	ack	r1	1790218662437	117	
339	ack	r1	1790218662442	215	
340	ack	r1	1790218662447	195	
341	ack	r1	1790218662452	403	
342	ack	r1	1790218662457	214	
343	ack	r1	1790218662462	139	
344	ack	r1	1790218662467	320	
345	ack	r1	1790218662472	167	
346	ack	r1	1790218662477	314	
347	ack	r1	1790218662482	416	
348	ack	r1	1790218662487	238	
349	ack	r1	1790218662492	411	
350	ack	r1	1790218662497	410	
351	ack	r1	1790218662502	159	
352	ack	r1	1790218662508	700	
353	ack	r1	1790218662512	332	
354	ack	r1	1790218662517	265	
355	ack	r1	1790218662522	296	
356	ack	r1	1790218662527	164	
357	ack	r1	1790218662532	413	
358	ack	r1	1790218662537	147	
359	ack	r1	1790218662542	451	
360	ack	r1	1790218662547	414	
361	ack	r1	1790218662552	97	
362	ack	r1	1790218662557	405	
363	ack	r1	1790218662562	181	
364	ack	r1	1790218662567	198	
365	ack	r1	1790218662572	85	
366	ack	r1	1790218662577	533	
367	ack	r1	1790218662582	138	
368	ack	r1	1790218662587	165	
369	ack	r1	1790218662592	221	
370	ack	r1	1790218662597	411	
371	ack	r1	1790218662602	213	
372	ack	r1	1790218662607	405	
373	ack	r1	1790218662612	193	
374	ack	r1	1790218662617	501	
375	ack	r1	1790218662622	126	
376	ack	r1	1790218662627	413	
377	ack	r1	1790218662632	412	
378	ack	r1	1790218662637	411	
379	ack	r1	1790218662642	118	
380	ack	r1	1790218662647	146	
381	ack	r1	1790218662652	112	
382	ack	r1	1790218662657	100	
383	ack	r1	1790218662662	398	
384	ack	r1	1790218662667	263	
385	ack	r1	1790218662672	421	
386	ack	r1	1790218662677	332	
387	ack	r1	1790218662682	176	
388	ack	r1	1790218662687	109	
389	ack	r1	1790218662692	156	
390	ack	r1	1790218662697	160	
391	ack	r1	1790218662702	412	
392	ack	r1	1790218662707	415	
393	ack	r1	1790218662712	415	
394	ack	r1	1790218662717	415	
395	ack	r1	1790218662722	149	
396	ack	r1	1790218662727	154	
397	ack	r1	1790218662732	408	
398	ack	r1	1790218662737	129	
399	ack	r1	1790218662742	413	
400	ack	r1	1790218662747	405	
401	ack	r1	1790218662752	412	
402	ack	r1	1790218662757	405	
403	ack	r1	1790218662764	264	
404	ack	r1	1790218662767	455	
405	ack	r1	1790218662772	429	
406	ack	r1	1790218662777	239	
407	ack	r1	1790218662782	416	
408	ack	r1	1790218662787	105	
409	ack	r1	1790218662792	402	
410	ack	r1	1790218662797	242	
411	ack	r1	1790218662802	408	
412	ack	r1	1790218662807	170	
413	ack	r1	1790218662812	417	
414	ack	r1	1790218662817	363	
415	ack	r1	1790218662822	564	
416	ack	r1	1790218662827	389	
417	ack	r1	1790218662832	189	
418	ack	r1	1790218662837	420	
419	ack	r1	1790218662842	239	
420	ack	r1	1790218662847	405	
421	ack	r1	1790218662852	135	
422	ack	r1	1790218662857	162	
423	ack	r1	1790218662862	215	
424	ack	r1	1790218662867	145	
425	ack	r1	1790218662872	404	
426	ack	r1	1790218662877	216	
427	ack	r1	1790218662882	157	
428	ack	r1	1790218662887	407	
429	ack	r1	1790218662892	426	
430	ack	r1	1790218662897	128	
431	ack	r1	1790218662902	125	
432	ack	r1	1790218662907	419	
433	ack	r1	1790218662912	403	
434	ack	r1	1790218662917	136	
435	ack	r1	1790218662922	82	
436	ack	r1	1790218662927	392	
437	ack	r1	1790218662932	409	
438	ack	r1	1790218662937	407	
439	ack	r1	1790218662942	404	
440	ack	r1	1790218662947	416	
441	ack	r1	1790218662952	184	
442	ack	r1	1790218662957	430	
443	ack	r1	1790218662962	142	
444	ack	r1	1790218662967	113	
445	ack	r1	1790218662972	129	
446	ack	r1	1790218662977	415	
447	ack	r1	1790218662982	142	
448	ack	r1	1790218662987	122	
449	ack	r1	1790218662992	407	
450	ack	r1	1790218662997	113	
451	ack	r1	1790218663002	97	
452	ack	r1	1790218663007	419	
453	ack	r1	1790218663012	409	
454	ack	r1	1790218663017	113	
455	ack	r1	1790218663022	234	
456	ack	r1	1790218663027	221	
457	ack	r1	1790218663032	249	
458	ack	r1	1790218663037	421	
459	ack	r1	1790218663042	180	
460	ack	r1	1790218663047	407	
461	ack	r1	1790218663052	409	
462	ack	r1	1790218663057	212	
463	ack	r1	1790218663062	400	
464	ack	r1	1790218663067	169	
465	ack	r1	1790218663072	211	
466	ack	r1	1790218663077	239	
467	ack	r1	1790218663083	286	
468	ack	r1	1790218663087	839	
469	ack	r1	1790218663092	379	
470	ack	r1	1790218663098	1257	
471	ack	r1	1790218663102	434	
472	ack	r1	1790218663107	213	
473	ack	r1	1790218663112	425	
474	ack	r1	1790218663117	489	
475	ack	r1	1790218663122	238	
476	ack	r1	1790218663127	150	
477	ack	r1	1790218663132	170	
478	ack	r1	1790218663137	102	
479	ack	r1	1790218663142	415	
480	ack	r1	1790218663147	138	
481	ack	r1	1790218663152	410	
482	ack	r1	1790218663157	118	
483	ack	r1	1790218663162	407	
484	ack	r1	1790218663167	99	
485	ack	r1	1790218663172	109	
486	ack	r1	1790218663177	85	
487	ack	r1	1790218663182	103	
488	ack	r1	1790218663187	94	
489	ack	r1	1790218663192	405	
490	ack	r1	1790218663197	416	
491	ack	r1	1790218663202	394	
492	ack	r1	1790218663207	270	
493	ack	r1	1790218663212	407	
494	ack	r1	1790218663217	119	
495	ack	r1	1790218663222	101	
496	ack	r1	1790218663227	418	
497	ack	r1	1790218663232	153	
498	ack	r1	1790218663237	410	
499	ack	r1	1790218663242	132	
500	ack	r1	1790218663247	119	
501	ack	r1	1790218663252	411	
502	ack	r1	1790218663257	111	
503	ack	r1	1790218663262	90	
504	ack	r1	1790218663267	122	
505	ack	r1	1790218663272	407	
506	ack	r1	1790218663277	105	
507	ack	r1	1790218663282	108	
508	ack	r1	1790218663287	401	
509	ack	r1	1790218663292	123	
510	ack	r1	1790218663297	114	
511	ack	r1	1790218663302	140	
512	ack	r1	1790218663307	163	
513	ack	r1	1790218663312	190	
514	ack	r1	1790218663317	111	
515	ack	r1	1790218663322	413	
516	ack	r1	1790218663327	102	
517	ack	r1	1790218663332	91	
518	ack	r1	1790218663337	100	
519	ack	r1	1790218663342	397	
520	ack	r1	1790218663347	120	
521	ack	r1	1790218663352	416	
522	ack	r1	1790218663357	90	
523	ack	r1	1790218663362	412	
524	ack	r1	1790218663367	134	
525	ack	r1	1790218663372	103	
526	ack	r1	1790218663377	403	
527	ack	r1	1790218663382	116	
528	ack	r1	1790218663387	409	
529	ack	r1	1790218663392	403	
530	ack	r1	1790218663397	107	
531	ack	r1	1790218663402	508	
532	ack	r1	1790218663407	90	
533	ack	r1	1790218663412	92	
534	ack	r1	1790218663417	410	
535	ack	r1	1790218663422	120	
536	ack	r1	1790218663427	399	
537	ack	r1	1790218663432	102	
538	ack	r1	1790218663437	95	
539	ack	r1	1790218663442	102	
540	ack	r1	1790218663447	109	
541	ack	r1	1790218663452	413	
542	ack	r1	1790218663457	402	
543	ack	r1	1790218663462	76	
544	ack	r1	1790218663467	214	
545	ack	r1	1790218663472	94	
546	ack	r1	1790218663477	396	
547	ack	r1	1790218663482	398	
548	ack	r1	1790218663487	402	
549	ack	r1	1790218663492	73	
550	ack	r1	1790218663497	92	
551	ack	r1	1790218663502	77	
552	ack	r1	1790218663507	397	
553	ack	r1	1790218663512	72	
554	ack	r1	1790218663517	95	
555	ack	r1	1790218663522	76	
556	ack	r1	1790218663527	397	
557	ack	r1	1790218663532	148	
558	ack	r1	1790218663537	87	
559	ack	r1	1790218663542	80	
560	ack	r1	1790218663547	100	
561	ack	r1	1790218663552	84	
562	ack	r1	1790218663557	396	
563	ack	r1	1790218663562	138	
564	ack	r1	1790218663567	92	
565	ack	r1	1790218663572	80	
566	ack	r1	1790218663577	81	
567	ack	r1	1790218663582	407	
568	ack	r1	1790218663587	398	
569	ack	r1	1790218663592	93	
570	ack	r1	1790218663597	404	
571	ack	r1	1790218663602	415	
572	ack	r1	1790218663607	146	
573	ack	r1	1790218663612	84	
574	ack	r1	1790218663617	415	
575	ack	r1	1790218663622	119	
576	ack	r1	1790218663627	416	
577	ack	r1	1790218663632	117	
578	ack	r1	1790218663637	96	
579	ack	r1	1790218663642	81	
580	ack	r1	1790218663647	98	
581	ack	r1	1790218663652	88	
582	ack	r1	1790218663657	400	
583	ack	r1	1790218663662	68	
584	ack	r1	1790218663667	99	
585	ack	r1	1790218663672	105	
586	ack	r1	1790218663677	87	
587	ack	r1	1790218663682	417	
588	ack	r1	1790218663687	264	
589	ack	r1	1790218663692	316	
590	ack	r1	1790218663697	146	
591	ack	r1	1790218663702	90	
592	ack	r1	1790218663707	400	
593	ack	r1	1790218663712	85	
594	ack	r1	1790218663717	394	
595	ack	r1	1790218663722	93	
596	ack	r1	1790218663727	141	
597	ack	r1	1790218663732	114	
598	ack	r1	1790218663737	322	
599	ack	r1	1790218663742	118	
600	ack	r1	1790218663747	398	
601	ack	r1	1790218663752	396	
602	ack	r1	1790218663757	109	
603	ack	r1	1790218663762	103	
604	ack	r1	1790218663767	97	
605	ack	r1	1790218663772	124	
606	ack	r1	1790218663777	95	
607	ack	r1	1790218663782	76	
608	ack	r1	1790218663787	100	
609	ack	r1	1790218663792	88	
610	ack	r1	1790218663797	95	
611	ack	r1	1790218663802	125	
612	ack	r1	1790218663807	74	
613	ack	r1	1790218663812	112	
614	ack	r1	1790218663817	404	
615	ack	r1	1790218663822	69	
616	ack	r1	1790218663827	114	
617	ack	r1	1790218663832	69	
618	ack	r1	1790218663837	408	
619	ack	r1	1790218663842	134	
620	ack	r1	1790218663847	395	
621	ack	r1	1790218663852	101	
622	ack	r1	1790218663857	127	
623	ack	r1	1790218663862	84	
624	ack	r1	1790218663867	400	
625	ack	r1	1790218663872	413	
626	ack	r1	1790218663877	111	
627	ack	r1	1790218663882	115	
628	ack	r1	1790218663887	79	
629	ack	r1	1790218663892	83	
630	ack	r1	1790218663897	92	
631	ack	r1	1790218663902	399	
632	ack	r1	1790218663907	143	
633	ack	r1	1790218663912	417	
634	ack	r1	1790218663917	78	
635	ack	r1	1790218663922	405	
636	ack	r1	1790218663927	110	
637	ack	r1	1790218663932	574	
638	ack	r1	1790218663937	413	
639	ack	r1	1790218663942	116	
640	ack	r1	1790218663947	402	
641	ack	r1	1790218663952	78	
642	ack	r1	1790218663957	72	
643	ack	r1	1790218663962	102	
644	ack	r1	1790218663967	98	
645	ack	r1	1790218663972	132	
646	ack	r1	1790218663977	117	
647	ack	r1	1790218663982	186	
648	ack	r1	1790218663987	412	
649	ack	r1	1790218663992	409	
650	ack	r1	1790218663997	115	
651	ack	r1	1790218664002	76	
652	ack	r1	1790218664007	374	
653	ack	r1	1790218664012	193	
654	ack	r1	1790218664017	161	
655	ack	r1	1790218664022	115	
656	ack	r1	1790218664027	103	
657	ack	r1	1790218664032	101	
658	ack	r1	1790218664037	402	
659	ack	r1	1790218664042	401	
660	ack	r1	1790218664047	112	
661	ack	r1	1790218664052	81	
662	ack	r1	1790218664057	114	
663	ack	r1	1790218664062	94	
664	ack	r1	1790218664067	100	
665	ack	r1	1790218664072	113	
666	ack	r1	1790218664077	401	
667	ack	r1	1790218664082	107	
668	ack	r1	1790218664087	91	
669	ack	r1	1790218664092	100	
670	ack	r1	1790218664097	400	
671	ack	r1	1790218664102	127	
672	ack	r1	1790218664107	405	
673	ack	r1	1790218664112	105	
674	ack	r1	1790218664117	401	
675	ack	r1	1790218664122	405	
676	ack	r1	1790218664127	115	
677	ack	r1	1790218664132	108	
678	ack	r1	1790218664137	114	
679	ack	r1	1790218664142	114	
680	ack	r1	1790218664147	411	
681	ack	r1	1790218664152	236	
682	ack	r1	1790218664157	423	
683	ack	r1	1790218664162	413	
684	ack	r1	1790218664167	262	
685	ack	r1	1790218664172	45	
686	ack	r1	1790218664177	143	
687	ack	r1	1790218664182	97	
688	ack	r1	1790218664187	138	
689	ack	r1	1790218664192	415	
690	ack	r1	1790218664197	179	
691	ack	r1	1790218664202	165	
692	ack	r1	1790218664207	143	
693	ack	r1	1790218664212	426	
694	ack	r1	1790218664217	438	
695	ack	r1	1790218664222	424	
696	ack	r1	1790218664227	449	
697	ack	r1	1790218664232	139	
698	ack	r1	1790218664237	97	
699	ack	r1	1790218664242	408	
700	ack	r1	1790218664247	196	
701	ack	r1	1790218664252	428	
702	ack	r1	1790218664257	419	
703	ack	r1	1790218664262	144	
704	ack	r1	1790218664267	121	
705	ack	r1	1790218664272	160	
706	ack	r1	1790218664277	364	
707	ack	r1	1790218664282	175	
708	ack	r1	1790218664287	185	
709	ack	r1	1790218664292	140	
710	ack	r1	1790218664297	414	
711	ack	r1	1790218664302	145	
712	ack	r1	1790218664307	426	
713	ack	r1	1790218664312	441	
714	ack	r1	1790218664317	81	
715	ack	r1	1790218664322	410	
716	ack	r1	1790218664327	167	
717	ack	r1	1790218664332	156	
718	ack	r1	1790218664337	437	
719	ack	r1	1790218664342	402	
720	ack	r1	1790218664347	122	
721	ack	r1	1790218664352	148	
722	ack	r1	1790218664357	419	
723	ack	r1	1790218664362	165	
724	ack	r1	1790218664367	141	
725	ack	r1	1790218664372	114	
726	ack	r1	1790218664377	484	
727	ack	r1	1790218664382	176	
728	ack	r1	1790218664387	191	
729	ack	r1	1790218664392	412	
730	ack	r1	1790218664397	410	
731	ack	r1	1790218664402	405	
732	ack	r1	1790218664407	136	
733	ack	r1	1790218664412	423	
734	ack	r1	1790218664417	414	
735	ack	r1	1790218664422	407	
736	ack	r1	1790218664427	149	
737	ack	r1	1790218664432	426	
738	ack	r1	1790218664437	404	
739	ack	r1	1790218664442	402	
740	ack	r1	1790218664447	449	
741	ack	r1	1790218664452	181	
742	ack	r1	1790218664457	419	
743	ack	r1	1790218664462	440	
744	ack	r1	1790218664467	223	
745	ack	r1	1790218664472	460	
746	ack	r1	1790218664477	406	
747	ack	r1	1790218664482	127	
748	ack	r1	1790218664487	422	
749	ack	r1	1790218664492	409	
750	ack	r1	1790218664497	148	
751	ack	r1	1790218664502	136	
752	ack	r1	1790218664507	95	
753	ack	r1	1790218664512	177	
754	ack	r1	1790218664517	436	
755	ack	r1	1790218664522	411	
756	ack	r1	1790218664527	113	
757	ack	r1	1790218664532	588	
758	ack	r1	1790218664537	351	
759	ack	r1	1790218664542	367	
760	ack	r1	1790218664547	164	
761	ack	r1	1790218664552	135	
762	ack	r1	1790218664557	166	
763	ack	r1	1790218664562	431	
764	ack	r1	1790218664567	150	
765	ack	r1	1790218664572	89	
766	ack	r1	1790218664577	417	
767	ack	r1	1790218664582	416	
768	ack	r1	1790218664587	164	
769	ack	r1	1790218664592	155	
770	ack	r1	1790218664597	418	
771	ack	r1	1790218664602	117	
772	ack	r1	1790218664607	160	
773	ack	r1	1790218664612	192	
774	ack	r1	1790218664617	164	
775	ack	r1	1790218664622	205	
776	ack	r1	1790218664627	133	
777	ack	r1	1790218664632	423	
778	ack	r1	1790218664637	195	
779	ack	r1	1790218664642	449	
780	ack	r1	1790218664647	231	
781	ack	r1	1790218664652	198	
782	ack	r1	1790218664657	249	
783	ack	r1	1790218664662	314	
784	ack	r1	1790218664667	422	
785	ack	r1	1790218664672	215	
786	ack	r1	1790218664677	443	
787	ack	r1	1790218664682	414	
788	ack	r1	1790218664687	419	
789	ack	r1	1790218664692	240	
790	ack	r1	1790218664697	239	
791	ack	r1	1790218664702	325	
792	ack	r1	1790218664707	185	
793	ack	r1	1790218664712	237	
794	ack	r1	1790218664717	412	
795	ack	r1	1790218664722	292	
796	ack	r1	1790218664727	463	
797	ack	r1	1790218664732	233	
798	ack	r1	1790218664737	204	
799	ack	r1	1790218664742	228	
800	ack	r1	1790218664747	439	
801	ack	r1	1790218664752	426	
802	ack	r1	1790218664757	163	
803	ack	r1	1790218664762	401	
804	ack	r1	1790218664767	209	
805	ack	r1	1790218664772	126	
806	io_error	r1	1790218664777	141	连接被关闭
807	skipped	r1	1790218664787	0	no connection
808	skipped	r1	1790218664790	0	no connection
809	skipped	r1	1790218664792	0	no connection
810	skipped	r1	1790218664796	0	no connection
811	skipped	r1	1790218664801	0	no connection
812	skipped	r1	1790218664807	0	no connection
813	skipped	r1	1790218664811	0	no connection
814	skipped	r1	1790218664816	0	no connection
815	skipped	r1	1790218664821	0	no connection
816	skipped	r1	1790218664826	0	no connection
817	skipped	r1	1790218664831	0	no connection
818	skipped	r1	1790218665833	0	no connection
819	skipped	r1	1790218666838	0	no connection
820	skipped	r1	1790218667839	0	no connection
821	skipped	r1	1790218668840	0	no connection
822	ack	r3	1790218669850	225	
823	ack	r3	1790218669851	224	
824	ack	r3	1790218669851	411	
825	ack	r3	1790218669852	440	
826	ack	r3	1790218669853	284	
827	ack	r3	1790218669853	261	
828	ack	r3	1790218669854	335	
829	ack	r3	1790218669855	290	
830	ack	r3	1790218669857	1135	
831	ack	r3	1790218669858	602	
832	ack	r3	1790218669858	291	
833	ack	r3	1790218669859	641	
834	ack	r3	1790218669860	196	
835	ack	r3	1790218669860	105	
836	ack	r3	1790218669861	181	
837	ack	r3	1790218669861	90	
838	ack	r3	1790218669861	175	
839	ack	r3	1790218669862	203	
840	ack	r3	1790218669862	150	
841	ack	r3	1790218669863	128	
842	ack	r3	1790218669863	154	
843	ack	r3	1790218669863	174	
844	ack	r3	1790218669864	152	
845	ack	r3	1790218669864	128	
846	ack	r3	1790218669865	178	
847	ack	r3	1790218669865	118	
848	ack	r3	1790218669865	141	
849	ack	r3	1790218669866	188	
850	ack	r3	1790218669866	113	
851	ack	r3	1790218669866	103	
852	ack	r3	1790218669867	218	
853	ack	r3	1790218669867	314	
854	ack	r3	1790218669868	119	
855	ack	r3	1790218669868	105	
856	ack	r3	1790218669870	525	
857	ack	r3	1790218669870	150	
858	ack	r3	1790218669871	287	
859	ack	r3	1790218669871	670	
860	ack	r3	1790218669872	139	
861	ack	r3	1790218669873	973	
862	ack	r3	1790218669874	128	
863	ack	r3	1790218669874	170	
864	ack	r3	1790218669875	232	
865	ack	r3	1790218669875	115	
866	ack	r3	1790218669875	115	
867	ack	r3	1790218669876	113	
868	ack	r3	1790218669876	116	
869	ack	r3	1790218669876	109	
870	ack	r3	1790218669877	135	
871	ack	r3	1790218669877	91	
872	ack	r3	1790218669877	122	
873	ack	r3	1790218669877	117	
874	ack	r3	1790218669878	93	
875	ack	r3	1790218669878	104	
876	ack	r3	1790218669878	137	
877	ack	r3	1790218669878	135	
878	ack	r3	1790218669879	142	
879	ack	r3	1790218669879	91	
880	ack	r3	1790218669879	77	
881	ack	r3	1790218669879	127	
882	ack	r3	1790218669880	132	
883	ack	r3	1790218669880	107	
884	ack	r3	1790218669880	92	
885	ack	r3	1790218669880	109	
886	ack	r3	1790218669881	96	
887	ack	r3	1790218669881	106	
888	ack	r3	1790218669881	142	
889	ack	r3	1790218669881	121	
890	ack	r3	1790218669882	90	
891	ack	r3	1790218669882	135	
892	ack	r3	1790218669882	81	
893	ack	r3	1790218669882	111	
894	ack	r3	1790218669883	125	
895	ack	r3	1790218669883	104	
896	ack	r3	1790218669883	135	
897	ack	r3	1790218669883	72	
898	ack	r3	1790218669883	96	
899	ack	r3	1790218669884	144	
900	ack	r3	1790218669884	48	
901	ack	r3	1790218669884	125	
902	ack	r3	1790218669884	90	
903	ack	r3	1790218669885	135	
904	ack	r3	1790218669885	138	
905	ack	r3	1790218669885	66	
906	ack	r3	1790218669885	94	
907	ack	r3	1790218669886	101	
908	ack	r3	1790218669886	88	
909	ack	r3	1790218669886	128	
910	ack	r3	1790218669886	98	
911	ack	r3	1790218669886	63	
912	ack	r3	1790218669887	87	
913	ack	r3	1790218669887	88	
914	ack	r3	1790218669887	90	
915	ack	r3	1790218669887	125	
916	ack	r3	1790218669887	113	
917	ack	r3	1790218669888	101	
918	ack	r3	1790218669888	120	
919	ack	r3	1790218669888	88	
920	ack	r3	1790218669888	59	
921	ack	r3	1790218669889	89	
922	ack	r3	1790218669889	80	
923	ack	r3	1790218669889	127	
924	ack	r3	1790218669889	110	
925	ack	r3	1790218669889	74	
926	ack	r3	1790218669890	87	
927	ack	r3	1790218669890	63	
928	ack	r3	1790218669890	80	
929	ack	r3	1790218669890	83	
930	ack	r3	1790218669891	113	
931	ack	r3	1790218669891	108	
932	ack	r3	1790218669891	97	
933	ack	r3	1790218669891	97	
934	ack	r3	1790218669892	95	
935	ack	r3	1790218669892	66	
936	ack	r3	1790218669892	85	
937	ack	r3	1790218669892	77	
938	ack	r3	1790218669892	125	
939	ack	r3	1790218669893	72	
940	ack	r3	1790218669893	90	
941	ack	r3	1790218669893	126	
942	ack	r3	1790218669893	80	
943	ack	r3	1790218669893	88	
944	ack	r3	1790218669893	96	
945	ack	r3	1790218669894	88	
946	ack	r3	1790218669894	116	
947	ack	r3	1790218669894	113	
948	ack	r3	1790218669894	91	
949	ack	r3	1790218669894	119	
950	ack	r3	1790218669895	78	
951	ack	r3	1790218669895	85	
952	ack	r3	1790218669895	78	
953	ack	r3	1790218669895	80	
954	ack	r3	1790218669895	114	
955	ack	r3	1790218669896	139	
956	ack	r3	1790218669896	99	
957	ack	r3	1790218669896	86	
958	ack	r3	1790218669896	78	
959	ack	r3	1790218669896	79	
960	ack	r3	1790218669897	86	
961	ack	r3	1790218669897	78	
962	ack	r3	1790218669897	89	
963	ack	r3	1790218669897	61	
964	ack	r3	1790218669897	79	
965	ack	r3	1790218669897	64	
966	ack	r3	1790218669898	84	
967	ack	r3	1790218669898	75	
968	ack	r3	1790218669898	95	
969	ack	r3	1790218669898	114	
970	ack	r3	1790218669898	85	
971	ack	r3	1790218669899	82	
972	ack	r3	1790218669899	80	
973	ack	r3	1790218669899	77	
974	ack	r3	1790218669899	94	
975	ack	r3	1790218669899	114	
976	ack	r3	1790218669900	108	
977	ack	r3	1790218669900	87	
978	ack	r3	1790218669900	91	
979	ack	r3	1790218669900	99	
980	ack	r3	1790218669900	92	
981	ack	r3	1790218669901	54	
982	ack	r3	1790218669901	72	
983	ack	r3	1790218669901	121	
984	ack	r3	1790218669901	93	
985	ack	r3	1790218669901	62	
986	ack	r3	1790218669901	75	
987	ack	r3	1790218669902	76	
988	ack	r3	1790218669902	115	
989	ack	r3	1790218669902	100	
990	ack	r3	1790218669902	104	
991	ack	r3	1790218669902	114	
992	ack	r3	1790218669903	76	
993	ack	r3	1790218669903	69	
994	ack	r3	1790218669903	72	
995	ack	r3	1790218669903	116	
996	ack	r3	1790218669903	82	
997	ack	r3	1790218669904	127	
998	ack	r3	1790218669904	89	
999	ack	r3	1790218669904	114	
1000	ack	r3	1790218669904	84	
1001	ack	r3	1790218669904	77	
1002	ack	r3	1790218669905	135	
1003	ack	r3	1790218669905	73	
1004	ack	r3	1790218669905	82	
1005	ack	r3	1790218669905	57	
1006	ack	r3	1790218669905	71	
1007	ack	r3	1790218669905	46	
1008	ack	r3	1790218669906	66	
1009	ack	r3	1790218669906	64	
1010	ack	r3	1790218669906	78	
1011	ack	r3	1790218669906	65	
1012	ack	r3	1790218669906	90	
1013	ack	r3	1790218669906	67	
1014	ack	r3	1790218669907	118	
1015	ack	r3	1790218669907	91	
1016	ack	r3	1790218669907	36	
1017	ack	r3	1790218669907	111	
1018	ack	r3	1790218669907	97	
1019	ack	r3	1790218669908	77	
1020	ack	r3	1790218669908	112	
1021	ack	r3	1790218669908	77	
1022	ack	r3	1790218669908	80	
1023	ack	r3	1790218669908	101	
1024	ack	r3	1790218669909	46	
1025	ack	r3	1790218669909	112	
1026	ack	r3	1790218669909	106	
1027	ack	r3	1790218669909	81	
1028	ack	r3	1790218669909	113	
1029	ack	r3	1790218669910	69	
1030	ack	r3	1790218669910	86	
1031	ack	r3	1790218669910	109	
1032	ack	r3	1790218669910	76	
1033	ack	r3	1790218669910	59	
1034	ack	r3	1790218669910	73	
1035	ack	r3	1790218669911	103	
1036	ack	r3	1790218669911	92	
1037	ack	r3	1790218669911	76	
1038	ack	r3	1790218669911	94	
1039	ack	r3	1790218669911	138	
1040	ack	r3	1790218669912	86	
1041	ack	r3	1790218669912	102	
1042	ack	r3	1790218669912	102	
1043	ack	r3	1790218669912	83	
1044	ack	r3	1790218669912	82	
1045	ack	r3	1790218669913	90	
1046	ack	r3	1790218669913	88	
1047	ack	r3	1790218669913	121	
1048	ack	r3	1790218669913	72	
1049	ack	r3	1790218669913	82	
1050	ack	r3	1790218669914	91	
1051	ack	r3	1790218669914	104	
1052	ack	r3	1790218669914	33	
1053	ack	r3	1790218669914	123	
1054	ack	r3	1790218669914	66	
1055	ack	r3	1790218669914	28	
1056	ack	r3	1790218669915	99	
1057	ack	r3	1790218669915	92	
1058	ack	r3	1790218669915	83	
1059	ack	r3	1790218669915	96	
1060	ack	r3	1790218669915	83	
1061	ack	r3	1790218669915	61	
1062	ack	r3	1790218669916	103	
1063	ack	r3	1790218669916	89	
1064	ack	r3	1790218669916	55	
1065	ack	r3	1790218669916	77	
1066	ack	r3	1790218669916	87	
1067	ack	r3	1790218669917	86	
1068	ack	r3	1790218669917	79	
1069	ack	r3	1790218669917	83	
1070	ack	r3	1790218669917	93	
1071	ack	r3	1790218669917	99	
1072	ack	r3	1790218669918	116	
1073	ack	r3	1790218669918	88	
1074	ack	r3	1790218669918	54	
1075	ack	r3	1790218669918	65	
1076	ack	r3	1790218669918	74	
1077	ack	r3	1790218669918	90	
1078	ack	r3	1790218669919	96	
1079	ack	r3	1790218669919	69	
1080	ack	r3	1790218669919	86	
1081	ack	r3	1790218669919	71	
1082	ack	r3	1790218669919	99	
1083	ack	r3	1790218669920	77	
1084	ack	r3	1790218669920	78	
1085	ack	r3	1790218669920	57	
1086	ack	r3	1790218669920	75	
1087	ack	r3	1790218669920	74	
1088	ack	r3	1790218669920	70	
1089	ack	r3	1790218669921	67	
1090	ack	r3	1790218669921	94	
1091	ack	r3	1790218669921	91	
1092	ack	r3	1790218669921	82	
1093	ack	r3	1790218669921	99	
1094	ack	r3	1790218669921	80	
1095	ack	r3	1790218669922	59	
1096	ack	r3	1790218669922	96	
1097	ack	r3	1790218669922	73	
1098	ack	r3	1790218669922	81	
1099	ack	r3	1790218669922	75	
1100	ack	r3	1790218669922	70	
1101	ack	r3	1790218669923	78	
1102	ack	r3	1790218669923	93	
1103	ack	r3	1790218669923	83	
1104	ack	r3	1790218669923	92	
1105	ack	r3	1790218669923	88	
1106	ack	r3	1790218669923	83	
1107	ack	r3	1790218669924	87	
1108	ack	r3	1790218669924	66	
1109	ack	r3	1790218669924	89	
1110	ack	r3	1790218669924	111	
1111	ack	r3	1790218669924	102	
1112	ack	r3	1790218669925	53	
1113	ack	r3	1790218669925	101	
1114	ack	r3	1790218669925	61	
1115	ack	r3	1790218669925	91	
1116	ack	r3	1790218669925	125	
1117	ack	r3	1790218669926	73	
1118	ack	r3	1790218669926	87	
1119	ack	r3	1790218669926	104	
1120	ack	r3	1790218669926	107	
1121	ack	r3	1790218669926	90	
1122	ack	r3	1790218669927	83	
1123	ack	r3	1790218669927	101	
1124	ack	r3	1790218669927	65	
1125	ack	r3	1790218669927	75	
1126	ack	r3	1790218669927	105	
1127	ack	r3	1790218669928	74	
1128	ack	r3	1790218669928	119	
1129	ack	r3	1790218669928	100	
1130	ack	r3	1790218669928	89	
1131	ack	r3	1790218669928	92	
1132	ack	r3	1790218669929	54	
1133	ack	r3	1790218669929	94	
1134	ack	r3	1790218669929	90	
1135	ack	r3	1790218669929	113	
1136	ack	r3	1790218669929	143	
1137	ack	r3	1790218669930	75	
1138	ack	r3	1790218669930	92	
1139	ack	r3	1790218669930	46	
1140	ack	r3	1790218669930	87	
1141	ack	r3	1790218669930	84	
1142	ack	r3	1790218669930	112	
1143	ack	r3	1790218669931	89	
1144	ack	r3	1790218669931	83	
1145	ack	r3	1790218669931	92	
1146	ack	r3	1790218669931	117	
1147	ack	r3	1790218669931	88	
1148	ack	r3	1790218669932	85	
1149	ack	r3	1790218669932	67	
1150	ack	r3	1790218669932	74	
1151	ack	r3	1790218669932	87	
1152	ack	r3	1790218669932	131	
1153	ack	r3	1790218669933	88	
1154	ack	r3	1790218669933	63	
1155	ack	r3	1790218669933	54	
1156	ack	r3	1790218669933	113	
1157	ack	r3	1790218669933	130	
1158	ack	r3	1790218669933	65	
1159	ack	r3	1790218669934	94	
1160	ack	r3	1790218669934	100	
1161	ack	r3	1790218669934	93	
1162	ack	r3	1790218669934	107	
1163	ack	r3	1790218669935	123	
1164	ack	r3	1790218669935	90	
1165	ack	r3	1790218669935	75	
1166	ack	r3	1790218669935	81	
1167	ack	r3	1790218669935	89	
1168	ack	r3	1790218669935	95	
1169	ack	r3	1790218669936	95	
1170	ack	r3	1790218669936	78	
1171	ack	r3	1790218669936	98	
1172	ack	r3	1790218669936	54	
1173	ack	r3	1790218669936	98	
1174	ack	r3	1790218669937	82	
1175	ack	r3	1790218669937	86	
1176	ack	r3	1790218669937	104	
1177	ack	r3	1790218669937	94	
1178	ack	r3	1790218669937	69	
1179	ack	r3	1790218669938	82	
1180	ack	r3	1790218669938	93	
1181	ack	r3	1790218669938	130	
1182	ack	r3	1790218669938	101	
1183	ack	r3	1790218669938	94	
1184	ack	r3	1790218669939	89	
1185	ack	r3	1790218669939	70	
1186	ack	r3	1790218669939	83	
1187	ack	r3	1790218669939	86	
1188	ack	r3	1790218669939	79	
1189	ack	r3	1790218669940	97	
1190	ack	r3	1790218669940	122	
1191	ack	r3	1790218669940	85	
1192	ack	r3	1790218669940	104	
1193	ack	r3	1790218669941	125	
1194	ack	r3	1790218669941	89	
1195	ack	r3	1790218669941	87	
1196	ack	r3	1790218669941	110	
1197	ack	r3	1790218669941	24	
1198	ack	r3	1790218669941	96	
1199	ack	r3	1790218669942	125	
1200	ack	r3	1790218669942	71	
1201	ack	r3	1790218669942	90	
1202	ack	r3	1790218669942	55	
1203	ack	r3	1790218669942	71	
1204	ack	r3	1790218669943	122	
1205	ack	r3	1790218669943	83	
1206	ack	r3	1790218669943	116	
1207	ack	r3	1790218669943	109	
1208	ack	r3	1790218669943	70	
1209	ack	r3	1790218669944	106	
1210	ack	r3	1790218669944	94	
1211	ack	r3	1790218669944	92	
1212	ack	r3	1790218669944	96	
1213	ack	r3	1790218669944	100	
1214	ack	r3	1790218669945	92	
1215	ack	r3	1790218669945	89	
1216	ack	r3	1790218669945	111	
1217	ack	r3	1790218669945	35	
1218	ack	r3	1790218669945	108	
1219	ack	r3	1790218669946	116	
1220	ack	r3	1790218669946	59	
1221	ack	r3	1790218669946	77	
1222	ack	r3	1790218669946	78	
1223	ack	r3	1790218669946	63	
1224	ack	r3	1790218669946	87	
1225	ack	r3	1790218669947	51	
1226	ack	r3	1790218669947	92	
1227	ack	r3	1790218669947	95	
1228	ack	r3	1790218669947	40	
1229	ack	r3	1790218669947	182	
1230	ack	r3	1790218669948	107	
1231	ack	r3	1790218669948	95	
1232	ack	r3	1790218669948	93	
1233	ack	r3	1790218669948	104	
1234	ack	r3	1790218669949	72	
1235	ack	r3	1790218669949	89	
1236	ack	r3	1790218669949	111	
1237	ack	r3	1790218669949	92	
1238	ack	r3	1790218669949	141	
1239	ack	r3	1790218669950	113	
1240	ack	r3	1790218669950	105	
1241	ack	r3	1790218669950	81	
1242	ack	r3	1790218669950	121	
1243	ack	r3	1790218669951	122	
1244	ack	r3	1790218669951	68	
1245	ack	r3	1790218669951	124	
1246	ack	r3	1790218669951	85	
1247	ack	r3	1790218669952	150	
1248	ack	r3	1790218669952	95	
1249	ack	r3	1790218669952	81	
1250	ack	r3	1790218669952	88	
1251	ack	r3	1790218669952	67	
1252	ack	r3	1790218669952	55	
1253	ack	r3	1790218669953	90	
1254	ack	r3	1790218669953	70	
1255	ack	r3	1790218669953	84	
1256	ack	r3	1790218669953	73	
1257	ack	r3	1790218669953	94	
1258	ack	r3	1790218669954	110	
1259	ack	r3	1790218669954	102	
1260	ack	r3	1790218669954	87	
1261	ack	r3	1790218669954	113	
1262	ack	r3	1790218669954	114	
1263	ack	r3	1790218669955	66	
1264	ack	r3	1790218669955	86	
1265	ack	r3	1790218669955	110	
1266	ack	r3	1790218669955	89	
1267	ack	r3	1790218669955	57	
1268	ack	r3	1790218669956	96	
1269	ack	r3	1790218669956	79	
1270	ack	r3	1790218669956	83	
1271	ack	r3	1790218669956	60	
1272	ack	r3	1790218669956	153	
1273	ack	r3	1790218669957	88	
1274	ack	r3	1790218669957	109	
1275	ack	r3	1790218669957	99	
1276	ack	r3	1790218669957	96	
1277	ack	r3	1790218669958	123	
1278	ack	r3	1790218669958	109	
1279	ack	r3	1790218669958	118	
1280	ack	r3	1790218669958	64	
1281	ack	r3	1790218669959	87	
1282	ack	r3	1790218669959	93	
1283	ack	r3	1790218669959	118	
1284	ack	r3	1790218669959	67	
1285	ack	r3	1790218669960	118	
1286	ack	r3	1790218669960	51	
1287	ack	r3	1790218669960	93	
1288	ack	r3	1790218669960	104	
1289	ack	r3	1790218669960	87	
1290	ack	r3	1790218669961	153	
1291	ack	r3	1790218669961	98	
1292	ack	r3	1790218669961	48	
1293	ack	r3	1790218669961	88	
1294	ack	r3	1790218669961	67	
1295	ack	r3	1790218669962	98	
1296	ack	r3	1790218669962	122	
1297	ack	r3	1790218669962	116	
1298	ack	r3	1790218669962	98	
1299	ack	r3	1790218669963	112	
1300	ack	r3	1790218669963	71	
1301	ack	r3	1790218669963	26	
1302	ack	r3	1790218669963	87	
1303	ack	r3	1790218669963	115	
1304	ack	r3	1790218669964	85	
1305	ack	r3	1790218669964	107	
1306	ack	r3	1790218669964	86	
1307	ack	r3	1790218669964	131	
1308	ack	r3	1790218669965	91	
1309	ack	r3	1790218669965	94	
1310	ack	r3	1790218669965	58	
1311	ack	r3	1790218669965	149	
1312	ack	r3	1790218669965	68	
1313	ack	r3	1790218669966	82	
1314	ack	r3	1790218669966	69	
1315	ack	r3	1790218669966	91	
1316	ack	r3	1790218669966	93	
1317	ack	r3	1790218669966	95	
1318	ack	r3	1790218669967	89	
1319	ack	r3	1790218669967	92	
1320	ack	r3	1790218669967	111	
1321	ack	r3	1790218669967	99	
1322	ack	r3	1790218669967	109	
1323	ack	r3	1790218669968	77	
1324	ack	r3	1790218669968	97	
1325	ack	r3	1790218669968	110	
1326	ack	r3	1790218669968	93	
1327	ack	r3	1790218669969	83	
1328	ack	r3	1790218669969	88	
1329	ack	r3	1790218669969	88	
1330	ack	r3	1790218669969	87	
1331	ack	r3	1790218669969	94	
1332	ack	r3	1790218669969	69	
1333	ack	r3	1790218669970	76	
1334	ack	r3	1790218669970	92	
1335	ack	r3	1790218669970	99	
1336	ack	r3	1790218669970	94	
1337	ack	r3	1790218669970	67	
1338	ack	r3	1790218669970	105	
1339	ack	r3	1790218669971	103	
1340	ack	r3	1790218669971	68	
1341	ack	r3	1790218669971	71	
1342	ack	r3	1790218669971	79	
1343	ack	r3	1790218669971	75	
1344	ack	r3	1790218669972	85	
1345	ack	r3	1790218669972	79	
1346	ack	r3	1790218669972	61	
1347	ack	r3	1790218669972	55	
1348	ack	r3	1790218669972	72	
1349	ack	r3	1790218669972	92	
1350	ack	r3	1790218669973	55	
1351	ack	r3	1790218669973	56	
1352	ack	r3	1790218669973	98	
1353	ack	r3	1790218669973	76	
1354	ack	r3	1790218669973	81	
1355	ack	r3	1790218669973	77	
1356	ack	r3	1790218669974	101	
1357	ack	r3	1790218669974	76	
1358	ack	r3	1790218669974	90	
1359	ack	r3	1790218669974	120	
1360	ack	r3	1790218669975	64	
1361	ack	r3	1790218669975	119	
1362	ack	r3	1790218669975	166	
1363	ack	r3	1790218669975	96	
1364	ack	r3	1790218669976	130	
1365	ack	r3	1790218669976	76	
1366	ack	r3	1790218669976	37	
1367	ack	r3	1790218669976	110	
1368	ack	r3	1790218669976	133	
1369	ack	r3	1790218669977	81	
1370	ack	r3	1790218669977	112	
1371	ack	r3	1790218669977	95	
1372	ack	r3	1790218669977	126	
1373	ack	r3	1790218669978	95	
1374	ack	r3	1790218669978	98	
1375	ack	r3	1790218669978	124	
1376	ack	r3	1790218669978	92	
1377	ack	r3	1790218669978	57	
1378	ack	r3	1790218669979	137	
1379	ack	r3	1790218669979	117	
1380	ack	r3	1790218669979	84	
1381	ack	r3	1790218669979	118	
1382	ack	r3	1790218669980	63	
1383	ack	r3	1790218669980	95	
1384	ack	r3	1790218669980	108	
1385	ack	r3	1790218669980	99	
1386	ack	r3	1790218669980	67	
1387	ack	r3	1790218669981	87	
1388	ack	r3	1790218669981	92	
1389	ack	r3	1790218669981	64	
1390	ack	r3	1790218669981	85	
1391	ack	r3	1790218669981	91	
1392	ack	r3	1790218669981	96	
1393	ack	r3	1790218669982	83	
1394	ack	r3	1790218669982	79	
1395	ack	r3	1790218669982	89	
1396	ack	r3	1790218669982	95	
1397	ack	r3	1790218669982	75	
1398	ack	r3	1790218669983	94	
1399	ack	r3	1790218669983	93	
1400	ack	r3	1790218669983	60	
1401	ack	r3	1790218669983	110	
1402	ack	r3	1790218669983	94	
1403	ack	r3	1790218669984	106	
1404	ack	r3	1790218669984	76	
1405	ack	r3	1790218669984	110	
1406	ack	r3	1790218669984	55	
1407	ack	r3	1790218669984	86	
1408	ack	r3	1790218669984	72	
1409	ack	r3	1790218669985	93	
1410	ack	r3	1790218669985	84	
1411	ack	r3	1790218669985	92	
1412	ack	r3	1790218669985	66	
1413	ack	r3	1790218669985	70	
1414	ack	r3	1790218669986	56	
1415	ack	r3	1790218669986	92	
1416	ack	r3	1790218669986	94	
1417	ack	r3	1790218669986	63	
1418	ack	r3	1790218669986	79	
1419	ack	r3	1790218669987	57	
1420	ack	r3	1790218669987	87	
1421	ack	r3	1790218669987	43	
1422	ack	r3	1790218669987	85	
1423	ack	r3	1790218669987	87	
1424	ack	r3	1790218669987	79	
1425	ack	r3	1790218669988	87	
1426	ack	r3	1790218669988	56	
1427	ack	r3	1790218669988	120	
1428	ack	r3	1790218669988	96	
1429	ack	r3	1790218669988	54	
1430	ack	r3	1790218669989	53	
1431	ack	r3	1790218669989	153	
1432	ack	r3	1790218669989	68	
1433	ack	r3	1790218669989	86	
1434	ack	r3	1790218669990	185	
1435	ack	r3	1790218669990	218	
1436	ack	r3	1790218669990	118	
1437	ack	r3	1790218669991	330	
1438	ack	r3	1790218669991	115	
1439	ack	r3	1790218669991	62	
1440	ack	r3	1790218669992	107	
1441	ack	r3	1790218669992	81	
1442	ack	r3	1790218669992	230	
1443	ack	r3	1790218669992	110	
1444	ack	r3	1790218669993	106	
1445	ack	r3	1790218669993	100	
1446	ack	r3	1790218669993	129	
1447	ack	r3	1790218669993	84	
1448	ack	r3	1790218669994	112	
1449	ack	r3	1790218669994	116	
1450	ack	r3	1790218669994	83	
1451	ack	r3	1790218669994	216	
1452	ack	r3	1790218669995	111	
1453	ack	r3	1790218669995	93	
1454	ack	r3	1790218669995	94	
1455	ack	r3	1790218669996	80	
1456	ack	r3	1790218669996	94	
1457	ack	r3	1790218669996	93	
1458	ack	r3	1790218669996	74	
1459	ack	r3	1790218669996	120	
1460	ack	r3	1790218669997	121	
1461	ack	r3	1790218669997	94	
1462	ack	r3	1790218669998	79	
1463	ack	r3	1790218669998	66	
1464	ack	r3	1790218669998	94	
1465	ack	r3	1790218669998	77	
1466	ack	r3	1790218669998	103	
1467	ack	r3	1790218669999	68	
1468	ack	r3	1790218669999	78	
1469	ack	r3	1790218669999	105	
1470	ack	r3	1790218669999	118	
1471	ack	r3	1790218670000	92	
1472	ack	r3	1790218670000	57	
1473	ack	r3	1790218670000	118	
1474	ack	r3	1790218670000	70	
1475	ack	r3	1790218670001	79	
1476	ack	r3	1790218670001	70	
1477	ack	r3	1790218670001	47	
1478	ack	r3	1790218670001	111	
1479	ack	r3	1790218670001	117	
1480	ack	r3	1790218670002	60	
1481	ack	r3	1790218670002	120	
1482	ack	r3	1790218670002	89	
1483	ack	r3	1790218670002	62	
1484	ack	r3	1790218670003	186	
1485	ack	r3	1790218670003	87	
1486	ack	r3	1790218670003	95	
1487	ack	r3	1790218670003	115	
1488	ack	r3	1790218670004	130	
1489	ack	r3	1790218670004	60	
1490	ack	r3	1790218670004	110	
1491	ack	r3	1790218670004	77	
1492	ack	r3	1790218670005	142	
1493	ack	r3	1790218670005	169	
1494	ack	r3	1790218670005	93	
1495	ack	r3	1790218670005	92	
1496	ack	r3	1790218670006	80	
1497	ack	r3	1790218670006	60	
1498	ack	r3	1790218670006	62	
1499	ack	r3	1790218670006	104	
1500	ack	r3	1790218670007	120	
1501	ack	r3	1790218670007	55	
1502	ack	r3	1790218670007	187	
1503	ack	r3	1790218670007	170	
1504	ack	r3	1790218670008	108	
1505	ack	r3	1790218670008	121	
1506	ack	r3	1790218670008	209	
1507	ack	r3	1790218670008	85	
1508	ack	r3	1790218670009	119	
1509	ack	r3	1790218670009	80	
1510	ack	r3	1790218670009	106	
1511	ack	r3	1790218670009	96	
1512	ack	r3	1790218670010	115	
1513	ack	r3	1790218670010	155	
1514	ack	r3	1790218670010	54	
1515	ack	r3	1790218670010	60	
1516	ack	r3	1790218670010	51	
1517	ack	r3	1790218670010	59	
1518	ack	r3	1790218670011	67	
1519	ack	r3	1790218670011	77	
1520	ack	r3	1790218670011	67	
1521	ack	r3	1790218670011	132	
1522	ack	r3	1790218670012	114	
1523	ack	r3	1790218670012	91	
1524	ack	r3	1790218670012	140	
1525	ack	r3	1790218670012	147	
1526	ack	r3	1790218670013	67	
1527	ack	r3	1790218670013	101	
1528	ack	r3	1790218670013	74	
1529	ack	r3	1790218670013	62	
1530	ack	r3	1790218670013	92	
1531	ack	r3	1790218670013	65	
1532	ack	r3	1790218670014	74	
1533	ack	r3	1790218670014	113	
1534	ack	r3	1790218670014	81	
1535	ack	r3	1790218670014	63	
1536	ack	r3	1790218670015	356	
1537	ack	r3	1790218670016	295	
1538	ack	r3	1790218670016	85	
1539	ack	r3	1790218670017	588	
1540	ack	r3	1790218670018	451	
1541	ack	r3	1790218670019	382	
1542	ack	r3	1790218670022	2076	
1543	ack	r3	1790218670023	127	
1544	ack	r3	1790218670023	110	
1545	ack	r3	1790218670023	168	
1546	ack	r3	1790218670024	148	
1547	ack	r3	1790218670024	80	
1548	ack	r3	1790218670024	86	
1549	ack	r3	1790218670024	95	
1550	ack	r3	1790218670025	132	
1551	ack	r3	1790218670025	43	
1552	ack	r3	1790218670025	71	
1553	ack	r3	1790218670025	126	
1554	ack	r3	1790218670026	42	
1555	ack	r3	1790218670026	90	
1556	ack	r3	1790218670026	77	
1557	ack	r3	1790218670026	83	
1558	ack	r3	1790218670026	62	
1559	ack	r3	1790218670026	64	
1560	ack	r3	1790218670027	65	
1561	ack	r3	1790218670027	108	
1562	ack	r3	1790218670027	117	
1563	ack	r3	1790218670027	93	
1564	ack	r3	1790218670027	91	
1565	ack	r3	1790218670028	72	
1566	ack	r3	1790218670028	97	
1567	ack	r3	1790218670028	81	
1568	ack	r3	1790218670028	74	
1569	ack	r3	1790218670028	60	
1570	ack	r3	1790218670029	151	
1571	ack	r3	1790218670029	268	
1572	ack	r3	1790218670029	54	
1573	ack	r3	1790218670029	115	
1574	ack	r3	1790218670030	87	
1575	ack	r3	1790218670030	120	
1576	ack	r3	1790218670030	45	
1577	ack	r3	1790218670030	147	
1578	ack	r3	1790218670031	118	
1579	ack	r3	1790218670031	78	
1580	ack	r3	1790218670031	250	
1581	ack	r3	1790218670031	185	
1582	ack	r3	1790218670032	78	
1583	ack	r3	1790218670032	70	
1584	ack	r3	1790218670032	83	
1585	ack	r3	1790218670032	67	
1586	ack	r3	1790218670032	70	
1587	ack	r3	1790218670033	86	
1588	ack	r3	1790218670033	128	
1589	ack	r3	1790218670033	71	
1590	ack	r3	1790218670034	188	
1591	ack	r3	1790218670034	57	
1592	ack	r3	1790218670034	69	
1593	ack	r3	1790218670034	99	
1594	ack	r3	1790218670034	104	
1595	ack	r3	1790218670035	131	
1596	ack	r3	1790218670035	82	
1597	ack	r3	1790218670035	91	
1598	ack	r3	1790218670035	93	
1599	ack	r3	1790218670036	54	
1600	ack	r3	1790218670036	73	
1601	ack	r3	1790218670036	56	
1602	ack	r3	1790218670036	133	
1603	ack	r3	1790218670037	153	
1604	ack	r3	1790218670037	85	
1605	ack	r3	1790218670037	94	
1606	ack	r3	1790218670037	64	
1607	ack	r3	1790218670037	86	
1608	ack	r3	1790218670038	80	
1609	ack	r3	1790218670038	73	
1610	ack	r3	1790218670038	65	
1611	ack	r3	1790218670038	93	
1612	ack	r3	1790218670038	91	
1613	ack	r3	1790218670038	59	
1614	ack	r3	1790218670039	77	
1615	ack	r3	1790218670039	168	
1616	ack	r3	1790218670039	141	
1617	ack	r3	1790218670039	130	
1618	ack	r3	1790218670040	93	
1619	ack	r3	1790218670040	106	
1620	ack	r3	1790218670040	126	
1621	ack	r3	1790218670040	121	
1622	ack	r3	1790218670041	121	
1623	ack	r3	1790218670041	89	
1624	ack	r3	1790218670041	87	
1625	ack	r3	1790218670041	80	
1626	ack	r3	1790218670041	103	
1627	ack	r3	1790218670042	44	
1628	ack	r3	1790218670042	80	
1629	ack	r3	1790218670042	66	
1630	ack	r3	1790218670042	97	
1631	ack	r3	1790218670042	65	
1632	ack	r3	1790218670042	34	
1633	ack	r3	1790218670043	55	
1634	ack	r3	1790218670043	64	
1635	ack	r3	1790218670043	39	
1636	ack	r3	1790218670043	87	
1637	ack	r3	1790218670043	71	
1638	ack	r3	1790218670043	63	
1639	ack	r3	1790218670044	55	
1640	ack	r3	1790218670044	58	
1641	ack	r3	1790218670044	67	
1642	ack	r3	1790218670044	48	
1643	ack	r3	1790218670044	62	
1644	ack	r3	1790218670044	36	
1645	ack	r3	1790218670044	89	
1646	ack	r3	1790218670050	321	
1647	ack	r3	1790218670051	129	
1648	ack	r3	1790218670052	88	
1649	ack	r3	1790218670052	58	
1650	ack	r3	1790218670052	48	
1651	ack	r3	1790218670052	53	
1652	ack	r3	1790218670052	43	
1653	ack	r3	1790218670052	38	
1654	ack	r3	1790218670052	54	
1655	ack	r3	1790218670052	63	
1656	ack	r3	1790218670053	40	
1657	ack	r3	1790218670053	53	
1658	ack	r3	1790218670053	73	
1659	ack	r3	1790218670053	68	
1660	ack	r3	1790218670053	75	
1661	ack	r3	1790218670053	56	
1662	ack	r3	1790218670053	33	
1663	ack	r3	1790218670054	67	
1664	ack	r3	1790218670054	48	
1665	ack	r3	1790218670054	39	
1666	ack	r3	1790218670054	68	
1667	ack	r3	1790218670054	66	
1668	ack	r3	1790218670054	48	
1669	ack	r3	1790218670054	53	
1670	ack	r3	1790218670054	57	
1671	ack	r3	1790218670055	71	
1672	ack	r3	1790218670055	38	
1673	ack	r3	1790218670055	53	
1674	ack	r3	1790218670055	47	
1675	ack	r3	1790218670055	64	
1676	ack	r3	1790218670055	44	
1677	ack	r3	1790218670055	42	
1678	ack	r3	1790218670056	62	
1679	ack	r3	1790218670056	32	
1680	ack	r3	1790218670056	78	
1681	ack	r3	1790218670056	47	
1682	ack	r3	1790218670056	80	
1683	ack	r3	1790218670056	44	
1684	ack	r3	1790218670056	25	
1685	ack	r3	1790218670056	98	
1686	ack	r3	1790218670057	66	
1687	ack	r3	1790218670057	61	
1688	ack	r3	1790218670057	58	
1689	ack	r3	1790218670057	41	
1690	ack	r3	1790218670057	74	
1691	ack	r3	1790218670057	45	
1692	ack	r3	1790218670057	47	
1693	ack	r3	1790218670058	45	
1694	ack	r3	1790218670058	110	
1695	ack	r3	1790218670058	67	
1696	ack	r3	1790218670058	53	
1697	ack	r3	1790218670058	52	
1698	ack	r3	1790218670058	61	
1699	ack	r3	1790218670060	1271	
1700	ack	r3	1790218670060	91	
1701	ack	r3	1790218670060	95	
1702	ack	r3	1790218670060	54	
1703	ack	r3	1790218670061	99	
1704	ack	r3	1790218670061	83	
1705	ack	r3	1790218670061	84	
1706	ack	r3	1790218670061	69	
1707	ack	r3	1790218670061	90	
1708	ack	r3	1790218670061	97	
1709	ack	r3	1790218670062	76	
1710	ack	r3	1790218670062	87	
1711	ack	r3	1790218670062	69	
1712	ack	r3	1790218670062	44	
1713	ack	r3	1790218670062	43	
1714	ack	r3	1790218670062	55	
1715	ack	r3	1790218670063	56	
1716	ack	r3	1790218670063	54	
1717	ack	r3	1790218670063	48	
1718	ack	r3	1790218670063	43	
1719	ack	r3	1790218670063	47	
1720	ack	r3	1790218670063	58	
1721	ack	r3	1790218670063	102	
1722	ack	r3	1790218670063	76	
1723	ack	r3	1790218670064	65	
1724	ack	r3	1790218670064	37	
1725	ack	r3	1790218670064	70	
1726	ack	r3	1790218670064	60	
1727	ack	r3	1790218670064	38	
1728	ack	r3	1790218670064	65	
1729	ack	r3	1790218670064	58	
1730	ack	r3	1790218670065	82	
1731	ack	r3	1790218670065	43	
1732	ack	r3	1790218670065	89	
1733	ack	r3	1790218670065	78	
1734	ack	r3	1790218670065	75	
1735	ack	r3	1790218670065	102	
1736	ack	r3	1790218670066	83	
1737	ack	r3	1790218670066	72	
1738	ack	r3	1790218670066	85	
1739	ack	r3	1790218670066	89	
1740	ack	r3	1790218670066	84	
1741	ack	r3	1790218670066	45	
1742	ack	r3	1790218670067	89	
1743	ack	r3	1790218670067	78	
1744	ack	r3	1790218670067	55	
1745	ack	r3	1790218670067	52	
1746	ack	r3	1790218670067	95	
1747	ack	r3	1790218670067	74	
1748	ack	r3	1790218670068	105	
1749	ack	r3	1790218670068	76	
1750	ack	r3	1790218670068	64	
1751	ack	r3	1790218670068	119	
1752	ack	r3	1790218670069	301	
1753	ack	r3	1790218670069	118	
1754	ack	r3	1790218670070	523	
1755	ack	r3	1790218670070	78	
1756	ack	r3	1790218670070	64	
1757	ack	r3	1790218670070	103	
1758	ack	r3	1790218670071	131	
1759	ack	r3	1790218670071	60	
1760	ack	r3	1790218670071	81	
1761	ack	r3	1790218670071	75	
1762	ack	r3	1790218670071	50	
1763	ack	r3	1790218670072	142	
1764	ack	r3	1790218670072	176	
1765	ack	r3	1790218670072	62	
1766	ack	r3	1790218670072	101	
1767	ack	r3	1790218670072	83	
1768	ack	r3	1790218670073	94	
1769	ack	r3	1790218670073	100	
1770	ack	r3	1790218670073	127	
1771	ack	r3	1790218670073	78	
1772	ack	r3	1790218670073	74	
1773	ack	r3	1790218670074	96	
1774	ack	r3	1790218670074	63	
1775	ack	r3	1790218670074	73	
1776	ack	r3	1790218670074	66	
1777	ack	r3	1790218670074	86	
1778	ack	r3	1790218670074	45	
1779	ack	r3	1790218670075	44	
1780	ack	r3	1790218670075	81	
1781	ack	r3	1790218670075	66	
1782	ack	r3	1790218670075	53	
1783	ack	r3	1790218670075	30	
1784	ack	r3	1790218670075	64	
1785	ack	r3	1790218670075	87	
1786	ack	r3	1790218670076	82	
1787	ack	r3	1790218670076	74	
1788	ack	r3	1790218670076	70	
1789	ack	r3	1790218670076	60	
1790	ack	r3	1790218670076	27	
1791	ack	r3	1790218670076	71	
1792	ack	r3	1790218670077	60	
1793	ack	r3	1790218670077	78	
1794	ack	r3	1790218670077	74	
1795	ack	r3	1790218670077	68	
1796	ack	r3	1790218670077	100	
1797	ack	r3	1790218670077	34	
1798	ack	r3	1790218670078	90	
1799	ack	r3	1790218670078	69	
1800	ack	r3	1790218670078	43	
1801	ack	r3	1790218670078	81	
1802	ack	r3	1790218670078	52	
1803	ack	r3	1790218670078	82	
1804	ack	r3	1790218670078	87	
1805	ack	r3	1790218670079	73	
1806	ack	r3	1790218670079	52	
1807	ack	r3	1790218670079	55	
1808	ack	r3	1790218670079	87	
1809	ack	r3	1790218670079	64	
1810	ack	r3	1790218670080	89	
1811	ack	r3	1790218670080	98	
1812	ack	r3	1790218670080	41	
1813	ack	r3	1790218670080	71	
1814	ack	r3	1790218670080	65	
1815	ack	r3	1790218670080	116	
1816	ack	r3	1790218670081	64	
1817	ack	r3	1790218670081	114	
1818	ack	r3	1790218670081	61	
1819	ack	r3	1790218670081	58	
1820	ack	r3	1790218670081	111	
1821	ack	r3	1790218670082	96	
1822	ack	r3	1790218670082	82	
1823	ack	r3	1790218670082	26	
1824	ack	r3	1790218670082	72	
1825	ack	r3	1790218670082	65	
1826	ack	r3	1790218670082	50	
1827	ack	r3	1790218670083	72	
1828	ack	r3	1790218670083	89	
1829	ack	r3	1790218670083	98	
1830	ack	r3	1790218670083	60	
1831	ack	r3	1790218670083	54	
1832	ack	r3	1790218670084	71	
1833	ack	r3	1790218670084	37	
1834	ack	r3	1790218670084	52	
1835	ack	r3	1790218670084	54	
1836	ack	r3	1790218670084	75	
1837	ack	r3	1790218670084	58	
1838	ack	r3	1790218670084	35	
1839	ack	r3	1790218670085	62	
1840	ack	r3	1790218670085	48	
1841	ack	r3	1790218670085	65	
1842	ack	r3	1790218670085	65	
1843	ack	r3	1790218670085	35	
1844	ack	r3	1790218670085	70	
1845	ack	r3	1790218670085	42	
1846	ack	r3	1790218670085	88	
1847	ack	r3	1790218670086	67	
1848	ack	r3	1790218670086	67	
1849	ack	r3	1790218670086	58	
1850	ack	r3	1790218670086	62	
1851	ack	r3	1790218670086	54	
1852	ack	r3	1790218670086	59	
1853	ack	r3	1790218670087	78	
1854	ack	r3	1790218670087	31	
1855	ack	r3	1790218670087	54	
1856	ack	r3	1790218670087	46	
1857	ack	r3	1790218670087	27	
1858	ack	r3	1790218670087	68	
1859	ack	r3	1790218670087	33	
1860	ack	r3	1790218670087	83	
1861	ack	r3	1790218670088	72	
1862	ack	r3	1790218670088	48	
1863	ack	r3	1790218670088	45	
1864	ack	r3	1790218670088	38	
1865	ack	r3	1790218670088	61	
1866	ack	r3	1790218670088	30	
1867	ack	r3	1790218670088	71	
1868	ack	r3	1790218670088	71	
1869	ack	r3	1790218670092	241	
1870	ack	r3	1790218670097	96	
1871	ack	r3	1790218670102	53	
1872	ack	r3	1790218670107	92	
1873	ack	r3	1790218670112	280	
1874	ack	r3	1790218670117	132	
1875	ack	r3	1790218670122	226	
1876	ack	r3	1790218670127	172	
1877	ack	r3	1790218670132	171	
1878	ack	r3	1790218670137	113	
1879	ack	r3	1790218670142	109	
1880	ack	r3	1790218670147	106	
1881	ack	r3	1790218670152	133	
1882	ack	r3	1790218670157	70	
1883	ack	r3	1790218670162	118	
1884	ack	r3	1790218670167	123	
1885	ack	r3	1790218670172	96	
1886	ack	r3	1790218670177	90	
1887	ack	r3	1790218670182	145	
1888	ack	r3	1790218670187	149	
1889	ack	r3	1790218670192	226	
1890	ack	r3	1790218670197	319	
1891	ack	r3	1790218670204	2038	
1892	ack	r3	1790218670209	126	
1893	ack	r3	1790218670212	246	
1894	ack	r3	1790218670217	145	
1895	ack	r3	1790218670222	115	
1896	ack	r3	1790218670227	162	
1897	ack	r3	1790218670232	195	
1898	ack	r3	1790218670237	247	
1899	ack	r3	1790218670242	134	
1900	ack	r3	1790218670248	67	
1901	ack	r3	1790218670252	252	
1902	ack	r3	1790218670257	254	
1903	ack	r3	1790218670262	88	
1904	ack	r3	1790218670267	129	
1905	ack	r3	1790218670272	225	
1906	ack	r3	1790218670277	157	
1907	ack	r3	1790218670282	177	
1908	ack	r3	1790218670287	96	
1909	ack	r3	1790218670292	78	
1910	ack	r3	1790218670297	206	
1911	ack	r3	1790218670302	115	
1912	ack	r3	1790218670307	169	
1913	ack	r3	1790218670312	164	
1914	ack	r3	1790218670317	77	
1915	ack	r3	1790218670322	118	
1916	ack	r3	1790218670327	121	
1917	ack	r3	1790218670332	122	
1918	ack	r3	1790218670337	130	
1919	ack	r3	1790218670342	88	
1920	ack	r3	1790218670347	55	
1921	ack	r3	1790218670352	119	
1922	ack	r3	1790218670357	99	
1923	ack	r3	1790218670362	143	
1924	ack	r3	1790218670367	160	
1925	ack	r3	1790218670372	98	
1926	ack	r3	1790218670377	124	
1927	ack	r3	1790218670382	134	
1928	ack	r3	1790218670387	98	
1929	ack	r3	1790218670392	83	
1930	ack	r3	1790218670397	135	
1931	ack	r3	1790218670402	97	
1932	ack	r3	1790218670407	92	
1933	ack	r3	1790218670412	79	
1934	ack	r3	1790218670417	109	
1935	ack	r3	1790218670422	83	
1936	ack	r3	1790218670427	203	
1937	ack	r3	1790218670432	86	
1938	ack	r3	1790218670437	89	
1939	ack	r3	1790218670442	131	
1940	ack	r3	1790218670447	68	
1941	ack	r3	1790218670452	108	
1942	ack	r3	1790218670457	155	
1943	ack	r3	1790218670462	110	
1944	ack	r3	1790218670467	143	
1945	ack	r3	1790218670472	64	
1946	ack	r3	1790218670477	70	
1947	ack	r3	1790218670482	77	
1948	ack	r3	1790218670487	83	
1949	ack	r3	1790218670492	80	
1950	ack	r3	1790218670497	115	
1951	ack	r3	1790218670502	96	
1952	ack	r3	1790218670507	122	
1953	ack	r3	1790218670512	67	
1954	ack	r3	1790218670517	80	
1955	ack	r3	1790218670522	97	
1956	ack	r3	1790218670527	156	
1957	ack	r3	1790218670532	76	
1958	ack	r3	1790218670537	82	
1959	ack	r3	1790218670542	119	
1960	ack	r3	1790218670547	153	
1961	ack	r3	1790218670552	86	
1962	ack	r3	1790218670557	136	
1963	ack	r3	1790218670562	117	
1964	ack	r3	1790218670567	90	
1965	ack	r3	1790218670572	98	
1966	ack	r3	1790218670577	93	
1967	ack	r3	1790218670582	154	
1968	ack	r3	1790218670587	120	
1969	ack	r3	1790218670592	110	
1970	ack	r3	1790218670597	107	
1971	ack	r3	1790218670602	108	
1972	ack	r3	1790218670607	88	
1973	ack	r3	1790218670612	60	
1974	ack	r3	1790218670617	68	
1975	ack	r3	1790218670622	86	
1976	ack	r3	1790218670627	86	
1977	ack	r3	1790218670632	184	
1978	ack	r3	1790218670637	105	
1979	ack	r3	1790218670642	79	
1980	ack	r3	1790218670647	96	
1981	ack	r3	1790218670652	79	
1982	ack	r3	1790218670657	89	
1983	ack	r3	1790218670662	110	
1984	ack	r3	1790218670667	112	
1985	ack	r3	1790218670672	56	
1986	ack	r3	1790218670677	85	
1987	ack	r3	1790218670682	81	
1988	ack	r3	1790218670687	91	
1989	ack	r3	1790218670692	93	
1990	ack	r3	1790218670697	95	
1991	ack	r3	1790218670702	23	
1992	ack	r3	1790218670707	70	
1993	ack	r3	1790218670712	90	
1994	ack	r3	1790218670717	96	
1995	ack	r3	1790218670722	74	
1996	ack	r3	1790218670727	75	
1997	ack	r3	1790218670732	113	
1998	ack	r3	1790218670737	75	
1999	ack	r3	1790218670742	76	
2000	ack	r3	1790218670747	67	
2001	ack	r3	1790218670752	168	
2002	ack	r3	1790218670757	85	
2003	ack	r3	1790218670762	120	
2004	ack	r3	1790218670767	106	
2005	ack	r3	1790218670772	109	
2006	ack	r3	1790218670777	106	
2007	ack	r3	1790218670782	94	
2008	ack	r3	1790218670787	138	
2009	ack	r3	1790218670792	162	
2010	ack	r3	1790218670797	167	
2011	ack	r3	1790218670802	70	
2012	ack	r3	1790218670807	222	
2013	ack	r3	1790218670812	121	
2014	ack	r3	1790218670817	159	
2015	ack	r3	1790218670822	178	
2016	ack	r3	1790218670827	224	
2017	ack	r3	1790218670832	126	
2018	ack	r3	1790218670837	66	
2019	ack	r3	1790218670842	185	
2020	ack	r3	1790218670847	58	
2021	ack	r3	1790218670852	106	
2022	ack	r3	1790218670857	110	
2023	ack	r3	1790218670862	77	
2024	ack	r3	1790218670867	98	
2025	ack	r3	1790218670872	86	
2026	ack	r3	1790218670877	166	
2027	ack	r3	1790218670882	78	
2028	ack	r3	1790218670887	182	
2029	ack	r3	1790218670892	128	
2030	ack	r3	1790218670897	124	
2031	ack	r3	1790218670902	107	
2032	ack	r3	1790218670907	95	
2033	ack	r3	1790218670912	108	
2034	ack	r3	1790218670917	99	
2035	ack	r3	1790218670922	79	
2036	ack	r3	1790218670927	71	
2037	ack	r3	1790218670932	112	
2038	ack	r3	1790218670937	62	
2039	ack	r3	1790218670942	84	
2040	ack	r3	1790218670947	120	
2041	ack	r3	1790218670952	77	
2042	ack	r3	1790218670957	114	
2043	ack	r3	1790218670962	61	
2044	ack	r3	1790218670967	99	
2045	ack	r3	1790218670972	106	
2046	ack	r3	1790218670977	59	
2047	ack	r3	1790218670982	63	
2048	ack	r3	1790218670987	92	
2049	ack	r3	1790218670992	95	
2050	ack	r3	1790218670997	85	
2051	ack	r3	1790218671002	107	
2052	ack	r3	1790218671007	107	
2053	ack	r3	1790218671012	96	
2054	ack	r3	1790218671017	94	
2055	ack	r3	1790218671022	91	
2056	ack	r3	1790218671027	60	
2057	ack	r3	1790218671032	84	
2058	ack	r3	1790218671037	134	
2059	ack	r3	1790218671042	163	
2060	ack	r3	1790218671047	101	
2061	ack	r3	1790218671052	84	
2062	ack	r3	1790218671057	105	
2063	ack	r3	1790218671062	74	
2064	ack	r3	1790218671067	71	
2065	ack	r3	1790218671072	110	
2066	ack	r3	1790218671077	89	
2067	ack	r3	1790218671082	83	
2068	ack	r3	1790218671087	96	
2069	ack	r3	1790218671092	127	
2070	ack	r3	1790218671097	157	
2071	ack	r3	1790218671102	88	
2072	ack	r3	1790218671107	129	
2073	ack	r3	1790218671112	65	
2074	ack	r3	1790218671117	81	
2075	ack	r3	1790218671122	97	
2076	ack	r3	1790218671127	64	
2077	ack	r3	1790218671132	131	
2078	ack	r3	1790218671137	101	
2079	ack	r3	1790218671142	144	
2080	ack	r3	1790218671147	99	
2081	ack	r3	1790218671152	117	
2082	ack	r3	1790218671157	76	
2083	ack	r3	1790218671162	98	
2084	ack	r3	1790218671168	951	
2085	ack	r3	1790218671172	446	
2086	ack	r3	1790218671177	171	
2087	ack	r3	1790218671182	151	
2088	ack	r3	1790218671187	106	
2089	ack	r3	1790218671192	60	
2090	ack	r3	1790218671197	89	
2091	ack	r3	1790218671202	73	
2092	ack	r3	1790218671207	114	
2093	ack	r3	1790218671212	92	
2094	ack	r3	1790218671217	67	
2095	ack	r3	1790218671222	394	
2096	ack	r3	1790218671227	70	
2097	ack	r3	1790218671232	398	
2098	ack	r3	1790218671237	79	
2099	ack	r3	1790218671242	115	
2100	ack	r3	1790218671247	87	
2101	ack	r3	1790218671252	107	
2102	ack	r3	1790218671257	407	
2103	ack	r3	1790218671262	402	
2104	ack	r3	1790218671267	403	
2105	ack	r3	1790218671272	396	
2106	ack	r3	1790218671277	401	
2107	ack	r3	1790218671282	413	
2108	ack	r3	1790218671287	406	
2109	ack	r3	1790218671292	411	
2110	ack	r3	1790218671297	406	
2111	ack	r3	1790218671302	393	
2112	ack	r3	1790218671307	405	
2113	ack	r3	1790218671312	399	
2114	ack	r3	1790218671317	397	
2115	ack	r3	1790218671322	401	
2116	ack	r3	1790218671327	79	
2117	ack	r3	1790218671332	78	
2118	ack	r3	1790218671337	395	
2119	ack	r3	1790218671342	397	
2120	ack	r3	1790218671347	398	
2121	ack	r3	1790218671352	132	
2122	ack	r3	1790218671357	415	
2123	ack	r3	1790218671362	415	
2124	ack	r3	1790218671367	406	
2125	ack	r3	1790218671372	419	
2126	ack	r3	1790218671377	95	
2127	ack	r3	1790218671382	118	
2128	ack	r3	1790218671387	137	
2129	ack	r3	1790218671392	414	
2130	ack	r3	1790218671397	197	
2131	ack	r3	1790218671402	239	
2132	ack	r3	1790218671407	194	
2133	ack	r3	1790218671412	213	
2134	ack	r3	1790218671417	251	
2135	ack	r3	1790218671422	110	
2136	ack	r3	1790218671427	418	
2137	ack	r3	1790218671432	129	
2138	ack	r3	1790218671437	120	
2139	ack	r3	1790218671442	399	
2140	ack	r3	1790218671447	118	
2141	ack	r3	1790218671452	98	
2142	ack	r3	1790218671457	397	
2143	ack	r3	1790218671462	407	
2144	ack	r3	1790218671467	398	
2145	ack	r3	1790218671472	401	
2146	ack	r3	1790218671477	400	
2147	ack	r3	1790218671482	404	
2148	ack	r3	1790218671487	400	
2149	ack	r3	1790218671492	56	
2150	ack	r3	1790218671497	114	
2151	ack	r3	1790218671502	402	
2152	ack	r3	1790218671507	422	
2153	ack	r3	1790218671512	197	
2154	ack	r3	1790218671517	112	
2155	ack	r3	1790218671522	84	
2156	ack	r3	1790218671527	101	
2157	ack	r3	1790218671532	400	
2158	ack	r3	1790218671537	401	
2159	ack	r3	1790218671542	102	
2160	ack	r3	1790218671547	92	
2161	ack	r3	1790218671552	65	
2162	ack	r3	1790218671557	405	
2163	ack	r3	1790218671562	64	
2164	ack	r3	1790218671567	408	
2165	ack	r3	1790218671572	401	
2166	ack	r3	1790218671577	399	
2167	ack	r3	1790218671582	68	
2168	ack	r3	1790218671587	398	
2169	ack	r3	1790218671592	398	
2170	ack	r3	1790218671597	413	
2171	ack	r3	1790218671602	110	
2172	ack	r3	1790218671607	401	
2173	ack	r3	1790218671612	109	
2174	ack	r3	1790218671617	88	
2175	ack	r3	1790218671622	403	
2176	ack	r3	1790218671627	399	
2177	ack	r3	1790218671632	399	
2178	ack	r3	1790218671637	82	
2179	ack	r3	1790218671642	403	
2180	ack	r3	1790218671647	104	
2181	ack	r3	1790218671652	397	
2182	ack	r3	1790218671657	398	
2183	ack	r3	1790218671662	63	
2184	ack	r3	1790218671667	397	
2185	ack	r3	1790218671672	398	
2186	ack	r3	1790218671677	399	
2187	ack	r3	1790218671682	87	
2188	ack	r3	1790218671687	397	
2189	ack	r3	1790218671692	64	
2190	ack	r3	1790218671697	104	
2191	ack	r3	1790218671702	401	
2192	ack	r3	1790218671707	460	
2193	ack	r3	1790218671712	401	
2194	ack	r3	1790218671717	395	
2195	ack	r3	1790218671722	396	
2196	ack	r3	1790218671727	405	
2197	ack	r3	1790218671732	92	
2198	ack	r3	1790218671737	83	
2199	ack	r3	1790218671742	92	
2200	ack	r3	1790218671747	91	
2201	ack	r3	1790218671752	66	
2202	ack	r3	1790218671757	396	
2203	ack	r3	1790218671762	88	
2204	ack	r3	1790218671767	400	
2205	ack	r3	1790218671772	88	
2206	ack	r3	1790218671777	398	
2207	ack	r3	1790218671782	445	
2208	ack	r3	1790218671787	127	
2209	ack	r3	1790218671792	397	
2210	ack	r3	1790218671797	156	
2211	ack	r3	1790218671802	117	
2212	ack	r3	1790218671807	394	
2213	ack	r3	1790218671812	88	
2214	ack	r3	1790218671817	156	
2215	ack	r3	1790218671822	413	
2216	ack	r3	1790218671827	419	
2217	ack	r3	1790218671832	224	
2218	ack	r3	1790218671837	137	
2219	ack	r3	1790218671842	226	
2220	ack	r3	1790218671848	133	
2221	ack	r3	1790218671852	111	
2222	ack	r3	1790218671857	406	
2223	ack	r3	1790218671862	407	
2224	ack	r3	1790218671867	413	
2225	ack	r3	1790218671872	64	
2226	ack	r3	1790218671877	156	
2227	ack	r3	1790218671882	406	
2228	ack	r3	1790218671887	104	
2229	ack	r3	1790218671892	144	
2230	ack	r3	1790218671897	388	
2231	ack	r3	1790218671902	63	
2232	ack	r3	1790218671907	161	
2233	ack	r3	1790218671912	102	
2234	ack	r3	1790218671917	408	
2235	ack	r3	1790218671922	89	
2236	ack	r3	1790218671927	277	
2237	ack	r3	1790218671932	407	
2238	ack	r3	1790218671937	82	
2239	ack	r3	1790218671942	416	
2240	ack	r3	1790218671947	427	
2241	ack	r3	1790218671952	384	
2242	ack	r3	1790218671957	412	
2243	ack	r3	1790218671962	398	
2244	ack	r3	1790218671967	109	
2245	ack	r3	1790218671972	412	
2246	ack	r3	1790218671977	413	
2247	ack	r3	1790218671982	167	
2248	ack	r3	1790218671987	408	
2249	ack	r3	1790218671992	147	
2250	ack	r3	1790218671997	416	
2251	ack	r3	1790218672002	414	
2252	ack	r3	1790218672007	139	
2253	ack	r3	1790218672012	427	
2254	ack	r3	1790218672017	148	
2255	ack	r3	1790218672022	108	
2256	ack	r3	1790218672027	407	
2257	ack	r3	1790218672032	420	
2258	ack	r3	1790218672037	411	
2259	ack	r3	1790218672042	410	
2260	ack	r3	1790218672047	164	
2261	ack	r3	1790218672055	3088	
2262	ack	r3	1790218672057	129	
2263	ack	r3	1790218672062	166	
2264	ack	r3	1790218672067	517	
2265	ack	r3	1790218672072	217	
2266	ack	r3	1790218672077	209	
2267	ack	r3	1790218672082	145	
2268	ack	r3	1790218672087	235	
2269	ack	r3	1790218672092	173	
2270	ack	r3	1790218672097	185	
2271	ack	r3	1790218672102	233	
2272	ack	r3	1790218672107	127	
2273	ack	r3	1790218672112	408	
2274	ack	r3	1790218672117	409	
2275	ack	r3	1790218672122	410	
2276	ack	r3	1790218672127	332	
2277	ack	r3	1790218672132	421	
2278	ack	r3	1790218672137	177	
2279	ack	r3	1790218672142	428	
2280	ack	r3	1790218672147	201	
2281	ack	r3	1790218672152	412	
2282	ack	r3	1790218672162	273	
2283	ack	r3	1790218672162	231	
2284	ack	r3	1790218672167	425	
2285	ack	r3	1790218672173	586	
2286	ack	r3	1790218672177	168	
2287	ack	r3	1790218672182	300	
2288	ack	r3	1790218672187	441	
2289	ack	r3	1790218672192	188	
2290	ack	r3	1790218672197	357	
2291	ack	r3	1790218672202	258	
2292	ack	r3	1790218672207	403	
2293	ack	r3	1790218672212	169	
2294	ack	r3	1790218672217	79	
2295	ack	r3	1790218672222	103	
2296	ack	r3	1790218672227	97	
2297	ack	r3	1790218672232	407	
2298	ack	r3	1790218672237	171	
2299	ack	r3	1790218672242	401	
2300	ack	r3	1790218672247	101	
2301	ack	r3	1790218672252	77	
2302	ack	r3	1790218672257	401	
2303	ack	r3	1790218672262	223	
2304	ack	r3	1790218672267	421	
2305	ack	r3	1790218672272	434	
2306	ack	r3	1790218672277	128	
2307	ack	r3	1790218672282	456	
2308	ack	r3	1790218672287	414	
2309	ack	r3	1790218672292	103	
2310	ack	r3	1790218672297	405	
2311	ack	r3	1790218672302	100	
2312	ack	r3	1790218672307	404	
2313	ack	r3	1790218672312	94	
2314	ack	r3	1790218672317	135	
2315	ack	r3	1790218672322	134	
2316	ack	r3	1790218672327	79	
2317	ack	r3	1790218672332	410	
2318	ack	r3	1790218672337	413	
2319	ack	r3	1790218672342	113	
2320	ack	r3	1790218672347	408	
2321	ack	r3	1790218672352	405	
2322	ack	r3	1790218672357	414	
2323	ack	r3	1790218672362	401	
2324	ack	r3	1790218672367	401	
2325	ack	r3	1790218672372	400	
2326	ack	r3	1790218672377	90	
2327	ack	r3	1790218672382	88	
2328	ack	r3	1790218672387	83	
2329	ack	r3	1790218672392	401	
2330	ack	r3	1790218672397	88	
2331	ack	r3	1790218672402	397	
2332	ack	r3	1790218672407	86	
2333	ack	r3	1790218672412	86	
2334	ack	r3	1790218672417	398	
2335	ack	r3	1790218672422	67	
2336	ack	r3	1790218672427	396	
2337	ack	r3	1790218672432	403	
2338	ack	r3	1790218672437	83	
2339	ack	r3	1790218672442	89	
2340	ack	r3	1790218672447	421	
2341	ack	r3	1790218672452	75	
2342	ack	r3	1790218672457	66	
2343	ack	r3	1790218672462	404	
2344	ack	r3	1790218672467	411	
2345	ack	r3	1790218672472	96	
2346	ack	r3	1790218672477	97	
2347	ack	r3	1790218672482	234	
2348	ack	r3	1790218672487	407	
2349	ack	r3	1790218672492	400	
2350	ack	r3	1790218672497	404	
2351	ack	r3	1790218672502	111	
2352	ack	r3	1790218672507	88	
2353	ack	r3	1790218672512	400	
2354	ack	r3	1790218672517	398	
2355	ack	r3	1790218672522	65	
2356	ack	r3	1790218672527	400	
2357	ack	r3	1790218672532	141	
2358	ack	r3	1790218672537	105	
2359	ack	r3	1790218672542	398	
2360	ack	r3	1790218672547	418	
2361	ack	r3	1790218672552	413	
2362	ack	r3	1790218672557	405	
2363	ack	r3	1790218672562	143	
2364	ack	r3	1790218672567	146	
2365	ack	r3	1790218672572	131	
2366	ack	r3	1790218672577	125	
2367	ack	r3	1790218672582	405	
2368	ack	r3	1790218672587	410	
2369	ack	r3	1790218672592	406	
2370	ack	r3	1790218672597	398	
2371	ack	r3	1790218672602	157	
2372	ack	r3	1790218672607	94	
2373	ack	r3	1790218672612	185	
2374	ack	r3	1790218672617	420	
2375	ack	r3	1790218672622	420	
2376	ack	r3	1790218672627	159	
2377	ack	r3	1790218672632	100	
2378	ack	r3	1790218672637	394	
2379	ack	r3	1790218672642	79	
2380	ack	r3	1790218672647	83	
2381	ack	r3	1790218672652	90	
2382	ack	r3	1790218672657	399	
2383	ack	r3	1790218672662	189	
2384	ack	r3	1790218672667	398	
2385	ack	r3	1790218672672	400	
2386	ack	r3	1790218672677	92	
2387	ack	r3	1790218672682	95	
2388	ack	r3	1790218672687	399	
2389	ack	r3	1790218672692	260	
2390	ack	r3	1790218672697	367	
2391	ack	r3	1790218672702	399	
2392	ack	r3	1790218672707	412	
2393	ack	r3	1790218672712	407	
2394	ack	r3	1790218672717	101	
2395	ack	r3	1790218672722	405	
2396	ack	r3	1790218672727	418	
2397	ack	r3	1790218672732	416	
2398	ack	r3	1790218672737	404	
2399	ack	r3	1790218672742	64	
2400	ack	r3	1790218672747	407	
2401	ack	r3	1790218672752	74	
2402	ack	r3	1790218672757	99	
2403	ack	r3	1790218672762	395	
2404	ack	r3	1790218672767	86	
2405	ack	r3	1790218672772	399	
2406	ack	r3	1790218672777	448	
2407	ack	r3	1790218672782	462	
2408	ack	r3	1790218672787	543	
2409	ack	r3	1790218672792	136	
2410	ack	r3	1790218672797	99	
2411	ack	r3	1790218672802	399	
2412	ack	r3	1790218672807	402	
2413	ack	r3	1790218672812	400	
2414	ack	r3	1790218672817	399	
2415	ack	r3	1790218672822	72	
2416	ack	r3	1790218672827	406	
2417	ack	r3	1790218672832	400	
2418	ack	r3	1790218672837	415	
2419	ack	r3	1790218672842	67	
2420	ack	r3	1790218672847	93	
2421	ack	r3	1790218672852	63	
2422	ack	r3	1790218672857	66	
2423	ack	r3	1790218672862	69	
2424	ack	r3	1790218672867	90	
2425	ack	r3	1790218672872	86	
2426	ack	r3	1790218672877	405	
2427	ack	r3	1790218672882	61	
2428	ack	r3	1790218672887	63	
2429	ack	r3	1790218672892	62	
2430	ack	r3	1790218672897	85	
2431	ack	r3	1790218672902	86	
2432	ack	r3	1790218672907	261	
2433	ack	r3	1790218672912	401	
2434	ack	r3	1790218672917	110	
2435	ack	r3	1790218672922	174	
2436	ack	r3	1790218672927	426	
2437	ack	r3	1790218672932	104	
2438	ack	r3	1790218672937	69	
2439	ack	r3	1790218672942	77	
2440	ack	r3	1790218672947	398	
2441	ack	r3	1790218672952	92	
2442	ack	r3	1790218672957	99	
2443	ack	r3	1790218672962	397	
2444	ack	r3	1790218672967	96	
2445	ack	r3	1790218672972	398	
2446	ack	r3	1790218672977	60	
2447	ack	r3	1790218672982	395	
2448	ack	r3	1790218672987	397	
2449	ack	r3	1790218672992	402	
2450	ack	r3	1790218672997	116	
2451	ack	r3	1790218673002	400	
2452	ack	r3	1790218673007	394	
2453	ack	r3	1790218673012	94	
2454	ack	r3	1790218673017	394	
2455	ack	r3	1790218673022	61	
2456	ack	r3	1790218673027	62	
2457	ack	r3	1790218673032	396	
2458	ack	r3	1790218673037	401	
2459	ack	r3	1790218673042	403	
2460	ack	r3	1790218673047	139	
2461	ack	r3	1790218673052	61	
2462	ack	r3	1790218673057	400	
2463	ack	r3	1790218673062	396	
2464	ack	r3	1790218673067	403	
2465	ack	r3	1790218673072	62	
2466	ack	r3	1790218673077	83	
2467	ack	r3	1790218673082	397	
2468	ack	r3	1790218673087	83	
2469	ack	r3	1790218673092	60	
2470	ack	r3	1790218673097	398	
2471	ack	r3	1790218673102	129	
2472	ack	r3	1790218673107	65	
2473	ack	r3	1790218673112	118	
2474	ack	r3	1790218673117	92	
2475	ack	r3	1790218673122	286	
2476	ack	r3	1790218673127	400	
2477	ack	r3	1790218673132	77	
2478	ack	r3	1790218673137	128	
2479	ack	r3	1790218673142	110	
2480	ack	r3	1790218673147	321	
2481	ack	r3	1790218673152	140	
2482	ack	r3	1790218673157	169	
2483	ack	r3	1790218673162	172	
2484	ack	r3	1790218673167	420	
2485	ack	r3	1790218673172	414	
2486	ack	r3	1790218673177	111	
2487	ack	r3	1790218673182	85	
2488	ack	r3	1790218673187	428	
2489	ack	r3	1790218673192	166	
2490	ack	r3	1790218673197	230	
2491	ack	r3	1790218673202	403	
2492	ack	r3	1790218673207	203	
2493	ack	r3	1790218673212	176	
2494	ack	r3	1790218673217	424	
2495	ack	r3	1790218673222	101	
2496	ack	r3	1790218673227	398	
2497	ack	r3	1790218673232	94	
2498	ack	r3	1790218673237	72	
2499	ack	r3	1790218673242	76	
2500	ack	r3	1790218673247	147	
2501	ack	r3	1790218673252	86	
2502	ack	r3	1790218673257	155	
2503	ack	r3	1790218673262	101	
2504	ack	r3	1790218673267	143	
2505	ack	r3	1790218673272	91	
2506	ack	r3	1790218673277	400	
2507	ack	r3	1790218673282	416	
2508	ack	r3	1790218673287	398	
2509	ack	r3	1790218673292	403	
2510	ack	r3	1790218673297	414	
2511	ack	r3	1790218673302	402	
2512	ack	r3	1790218673307	88	
2513	ack	r3	1790218673312	400	
2514	ack	r3	1790218673317	407	
2515	ack	r3	1790218673322	93	
2516	ack	r3	1790218673327	401	
2517	ack	r3	1790218673332	132	
2518	ack	r3	1790218673337	407	
2519	ack	r3	1790218673342	122	
2520	ack	r3	1790218673347	124	
2521	ack	r3	1790218673352	402	
2522	ack	r3	1790218673357	400	
2523	ack	r3	1790218673362	62	
2524	ack	r3	1790218673367	76	
2525	ack	r3	1790218673372	83	
2526	ack	r3	1790218673377	398	
2527	ack	r3	1790218673382	403	
2528	ack	r3	1790218673387	399	
2529	ack	r3	1790218673392	66	
2530	ack	r3	1790218673397	415	
2531	ack	r3	1790218673402	398	
2532	ack	r3	1790218673407	65	
2533	ack	r3	1790218673412	395	
2534	ack	r3	1790218673417	82	
2535	ack	r3	1790218673422	399	
2536	ack	r3	1790218673427	397	
2537	ack	r3	1790218673432	396	
2538	ack	r3	1790218673437	394	
2539	ack	r3	1790218673442	398	
2540	ack	r3	1790218673447	564	
2541	ack	r3	1790218673452	96	
2542	ack	r3	1790218673457	94	
2543	ack	r3	1790218673462	86	
2544	ack	r3	1790218673467	68	
2545	ack	r3	1790218673472	399	
2546	ack	r3	1790218673477	394	
2547	ack	r3	1790218673482	558	
2548	ack	r3	1790218673487	429	
2549	ack	r3	1790218673492	101	
2550	ack	r3	1790218673497	406	
2551	ack	r3	1790218673502	409	
2552	ack	r3	1790218673507	100	
2553	ack	r3	1790218673512	68	
2554	ack	r3	1790218673517	399	
2555	ack	r3	1790218673522	396	
2556	ack	r3	1790218673527	92	
2557	ack	r3	1790218673532	399	
2558	ack	r3	1790218673537	400	
2559	ack	r3	1790218673542	70	
2560	ack	r3	1790218673547	67	
2561	ack	r3	1790218673552	399	
2562	ack	r3	1790218673557	401	
2563	ack	r3	1790218673562	400	
2564	ack	r3	1790218673567	64	
2565	ack	r3	1790218673572	397	
2566	ack	r3	1790218673577	400	
2567	ack	r3	1790218673582	400	
2568	ack	r3	1790218673587	61	
2569	ack	r3	1790218673592	64	
2570	ack	r3	1790218673597	398	
2571	ack	r3	1790218673602	395	
2572	ack	r3	1790218673607	90	
2573	ack	r3	1790218673612	61	
2574	ack	r3	1790218673617	405	
2575	ack	r3	1790218673622	124	
2576	ack	r3	1790218673627	103	
2577	ack	r3	1790218673632	397	
2578	ack	r3	1790218673637	397	
2579	ack	r3	1790218673642	403	
2580	ack	r3	1790218673647	113	
2581	ack	r3	1790218673655	106	
2582	ack	r3	1790218673657	154	
2583	ack	r3	1790218673662	414	
2584	ack	r3	1790218673667	132	
2585	ack	r3	1790218673672	406	
2586	ack	r3	1790218673677	402	
2587	ack	r3	1790218673682	78	
2588	ack	r3	1790218673687	403	
2589	ack	r3	1790218673692	118	
2590	ack	r3	1790218673697	397	
2591	ack	r3	1790218673702	407	
2592	ack	r3	1790218673707	405	
2593	ack	r3	1790218673712	407	
2594	ack	r3	1790218673717	398	
2595	ack	r3	1790218673722	108	
2596	ack	r3	1790218673727	254	
2597	ack	r3	1790218673732	167	
2598	ack	r3	1790218673737	406	
2599	ack	r3	1790218673742	421	
2600	ack	r3	1790218673747	166	
2601	ack	r3	1790218673752	405	
2602	ack	r3	1790218673757	433	
2603	ack	r3	1790218673762	407	
2604	ack	r3	1790218673767	426	
2605	ack	r3	1790218673772	428	
2606	ack	r3	1790218673777	98	
2607	ack	r3	1790218673782	255	
2608	ack	r3	1790218673787	422	
2609	ack	r3	1790218673792	415	
2610	ack	r3	1790218673797	359	
2611	ack	r3	1790218673802	338	
2612	ack	r3	1790218673807	291	
2613	ack	r3	1790218673812	150	
2614	ack	r3	1790218673817	150	
2615	ack	r3	1790218673822	405	
2616	ack	r3	1790218673827	409	
2617	ack	r3	1790218673832	129	
2618	ack	r3	1790218673837	95	
2619	ack	r3	1790218673842	112	
2620	ack	r3	1790218673847	424	
2621	ack	r3	1790218673852	93	
2622	ack	r3	1790218673859	2149	
2623	ack	r3	1790218673862	417	
2624	ack	r3	1790218673867	92	
2625	ack	r3	1790218673872	120	
2626	ack	r3	1790218673877	114	
2627	ack	r3	1790218673882	100	
2628	ack	r3	1790218673887	399	
2629	ack	r3	1790218673892	129	
2630	ack	r3	1790218673897	396	
2631	ack	r3	1790218673902	402	
2632	ack	r3	1790218673907	126	
2633	ack	r3	1790218673912	113	
2634	ack	r3	1790218673917	407	
2635	ack	r3	1790218673922	141	
2636	ack	r3	1790218673927	246	
2637	ack	r3	1790218673932	424	
2638	ack	r3	1790218673937	667	
2639	ack	r3	1790218673942	167	
2640	ack	r3	1790218673947	162	
2641	ack	r3	1790218673952	85	
2642	ack	r3	1790218673957	422	
2643	ack	r3	1790218673962	84	
2644	ack	r3	1790218673967	101	
2645	ack	r3	1790218673972	404	
2646	ack	r3	1790218673977	230	
2647	ack	r3	1790218673982	85	
2648	ack	r3	1790218673987	86	
2649	ack	r3	1790218673992	117	
2650	ack	r3	1790218673997	117	
2651	ack	r3	1790218674002	106	
2652	ack	r3	1790218674007	416	
2653	ack	r3	1790218674012	403	
2654	ack	r3	1790218674017	68	
2655	ack	r3	1790218674022	80	
2656	ack	r3	1790218674027	112	
2657	ack	r3	1790218674032	396	
2658	ack	r3	1790218674037	401	
2659	ack	r3	1790218674042	415	
2660	ack	r3	1790218674047	316	
2661	ack	r3	1790218674052	283	
2662	ack	r3	1790218674057	401	
2663	ack	r3	1790218674062	120	
2664	ack	r3	1790218674067	408	
2665	ack	r3	1790218674072	413	
2666	ack	r3	1790218674077	77	
2667	ack	r3	1790218674082	407	
2668	ack	r3	1790218674087	127	
2669	ack	r3	1790218674092	399	
2670	ack	r3	1790218674097	102	
2671	ack	r3	1790218674102	106	
2672	ack	r3	1790218674107	409	
2673	ack	r3	1790218674112	412	
2674	ack	r3	1790218674117	404	
2675	ack	r3	1790218674122	99	
2676	ack	r3	1790218674127	114	
2677	ack	r3	1790218674132	407	
2678	ack	r3	1790218674137	409	
2679	ack	r3	1790218674142	242	
2680	ack	r3	1790218674147	77	
2681	ack	r3	1790218674152	67	
2682	ack	r3	1790218674157	110	
2683	ack	r3	1790218674162	199	
2684	ack	r3	1790218674167	222	
2685	ack	r3	1790218674172	116	
2686	ack	r3	1790218674177	442	
2687	ack	r3	1790218674182	100	
2688	ack	r3	1790218674187	404	
2689	ack	r3	1790218674192	132	
2690	ack	r3	1790218674197	397	
2691	ack	r3	1790218674202	406	
2692	ack	r3	1790218674207	405	
2693	ack	r3	1790218674212	117	
2694	ack	r3	1790218674217	77	
2695	ack	r3	1790218674222	113	
2696	ack	r3	1790218674227	114	
2697	ack	r3	1790218674232	408	
2698	ack	r3	1790218674237	406	
2699	ack	r3	1790218674242	72	
2700	ack	r3	1790218674247	242	
2701	ack	r3	1790218674252	110	
2702	ack	r3	1790218674257	88	
2703	ack	r3	1790218674262	97	
2704	ack	r3	1790218674267	97	
2705	ack	r3	1790218674272	92	
2706	ack	r3	1790218674277	106	
2707	ack	r3	1790218674282	96	
2708	ack	r3	1790218674287	75	
2709	ack	r3	1790218674292	121	
2710	ack	r3	1790218674297	407	
2711	ack	r3	1790218674302	401	
2712	ack	r3	1790218674307	112	
2713	ack	r3	1790218674312	97	
2714	ack	r3	1790218674317	411	
2715	ack	r3	1790218674322	408	
2716	ack	r3	1790218674327	119	
2717	ack	r3	1790218674332	166	
2718	ack	r3	1790218674337	157	
2719	ack	r3	1790218674342	408	
2720	ack	r3	1790218674347	134	
2721	ack	r3	1790218674352	418	
2722	ack	r3	1790218674357	401	
2723	ack	r3	1790218674362	130	
2724	ack	r3	1790218674367	405	
2725	ack	r3	1790218674372	137	
2726	ack	r3	1790218674377	202	
2727	ack	r3	1790218674382	438	
2728	ack	r3	1790218674387	276	
2729	ack	r3	1790218674392	154	
2730	ack	r3	1790218674398	1137	
2731	ack	r3	1790218674402	211	
2732	ack	r3	1790218674407	151	
2733	ack	r3	1790218674412	419	
2734	ack	r3	1790218674417	125	
2735	ack	r3	1790218674422	417	
2736	ack	r3	1790218674427	96	
2737	ack	r3	1790218674432	95	
2738	ack	r3	1790218674437	111	
2739	ack	r3	1790218674442	412	
2740	ack	r3	1790218674447	164	
2741	ack	r3	1790218674452	406	
2742	ack	r3	1790218674457	405	
2743	ack	r3	1790218674464	85	
2744	ack	r3	1790218674467	95	
2745	ack	r3	1790218674472	92	
2746	ack	r3	1790218674477	83	
2747	ack	r3	1790218674482	76	
2748	ack	r3	1790218674487	398	
2749	ack	r3	1790218674492	397	
2750	ack	r3	1790218674497	411	
2751	ack	r3	1790218674502	400	
2752	ack	r3	1790218674507	83	
2753	ack	r3	1790218674512	95	
2754	ack	r3	1790218674517	400	
2755	ack	r3	1790218674522	403	
2756	ack	r3	1790218674527	400	
2757	ack	r3	1790218674532	113	
2758	ack	r3	1790218674537	99	
2759	ack	r3	1790218674542	88	
2760	ack	r3	1790218674547	422	
2761	ack	r3	1790218674552	400	
2762	ack	r3	1790218674557	407	
2763	ack	r3	1790218674562	398	
2764	ack	r3	1790218674567	402	
2765	ack	r3	1790218674572	396	
2766	ack	r3	1790218674577	397	
2767	ack	r3	1790218674582	402	
2768	ack	r3	1790218674587	398	
2769	ack	r3	1790218674592	85	
2770	ack	r3	1790218674597	399	
2771	ack	r3	1790218674602	397	
2772	ack	r3	1790218674607	90	
2773	ack	r3	1790218674612	398	
2774	ack	r3	1790218674617	404	
2775	ack	r3	1790218674622	394	
2776	ack	r3	1790218674627	75	
2777	ack	r3	1790218674632	73	
2778	ack	r3	1790218674637	81	
2779	ack	r3	1790218674642	394	
2780	ack	r3	1790218674647	117	
2781	ack	r3	1790218674652	399	
2782	ack	r3	1790218674657	400	
2783	ack	r3	1790218674662	395	
2784	ack	r3	1790218674667	66	
2785	ack	r3	1790218674672	400	
2786	ack	r3	1790218674677	417	
2787	ack	r3	1790218674682	75	
2788	ack	r3	1790218674687	402	
2789	ack	r3	1790218674692	91	
2790	ack	r3	1790218674697	81	
2791	ack	r3	1790218674702	401	
2792	ack	r3	1790218674707	398	
2793	ack	r3	1790218674712	393	
2794	ack	r3	1790218674717	397	
2795	ack	r3	1790218674722	397	
2796	ack	r3	1790218674727	396	
2797	ack	r3	1790218674732	77	
2798	ack	r3	1790218674737	87	
2799	ack	r3	1790218674742	93	
2800	ack	r3	1790218674747	58	
2801	ack	r3	1790218674752	180	
2802	ack	r3	1790218674757	411	
2803	ack	r3	1790218674762	395	
2804	ack	r3	1790218674767	396	
2805	ack	r3	1790218674772	396	
2806	ack	r3	1790218674777	393	
2807	ack	r3	1790218674782	399	
2808	ack	r3	1790218674787	397	
2809	ack	r3	1790218674792	59	
2810	ack	r3	1790218674797	61	
2811	ack	r3	1790218674802	395	
2812	ack	r3	1790218674807	395	
2813	ack	r3	1790218674812	90	
2814	ack	r3	1790218674817	400	
2815	ack	r3	1790218674822	64	
2816	ack	r3	1790218674827	398	
2817	ack	r3	1790218674832	291	
2818	ack	r3	1790218674837	402	
2819	ack	r3	1790218674842	59	
2820	ack	r3	1790218674847	122	
2821	ack	r3	1790218674852	86	
2822	ack	r3	1790218674857	397	
2823	ack	r3	1790218674862	77	
2824	ack	r3	1790218674867	72	
2825	ack	r3	1790218674872	84	
2826	ack	r3	1790218674877	399	
2827	ack	r3	1790218674882	395	
2828	ack	r3	1790218674887	395	
2829	ack	r3	1790218674892	399	
2830	ack	r3	1790218674897	63	
2831	ack	r3	1790218674902	91	
2832	ack	r3	1790218674907	407	
2833	ack	r3	1790218674912	60	
2834	ack	r3	1790218674917	396	
2835	ack	r3	1790218674922	120	
2836	ack	r3	1790218674927	405	
2837	ack	r3	1790218674932	105	
2838	ack	r3	1790218674937	171	
2839	ack	r3	1790218674942	186	
2840	ack	r3	1790218674947	590	
2841	ack	r3	1790218674952	85	
2842	ack	r3	1790218674957	149	
2843	ack	r3	1790218674962	407	
2844	ack	r3	1790218674967	183	
2845	ack	r3	1790218674972	438	
2846	ack	r3	1790218674977	413	
2847	ack	r3	1790218674982	202	
2848	ack	r3	1790218674987	153	
2849	ack	r3	1790218674992	416	
2850	ack	r3	1790218674997	148	
2851	ack	r3	1790218675002	113	
2852	ack	r3	1790218675007	160	
2853	ack	r3	1790218675012	132	
2854	ack	r3	1790218675017	118	
2855	ack	r3	1790218675022	123	
2856	ack	r3	1790218675027	66	
2857	ack	r3	1790218675032	103	
2858	ack	r3	1790218675037	94	
2859	ack	r3	1790218675042	401	
2860	ack	r3	1790218675047	79	
2861	ack	r3	1790218675052	399	
2862	ack	r3	1790218675057	403	
2863	ack	r3	1790218675062	397	
2864	ack	r3	1790218675067	72	
2865	ack	r3	1790218675072	91	
2866	ack	r3	1790218675077	399	
2867	ack	r3	1790218675082	89	
2868	ack	r3	1790218675087	92	
2869	ack	r3	1790218675092	87	
2870	ack	r3	1790218675097	82	
2871	ack	r3	1790218675102	399	
2872	ack	r3	1790218675107	66	
2873	ack	r3	1790218675112	409	
2874	ack	r3	1790218675117	409	
2875	ack	r3	1790218675122	403	
2876	ack	r3	1790218675127	71	
2877	ack	r3	1790218675132	90	
2878	ack	r3	1790218675137	76	
2879	ack	r3	1790218675142	393	
2880	ack	r3	1790218675147	136	
2881	ack	r3	1790218675152	396	
2882	ack	r3	1790218675157	398	
2883	ack	r3	1790218675162	396	
2884	ack	r3	1790218675167	395	
2885	ack	r3	1790218675172	408	
2886	ack	r3	1790218675177	136	
2887	ack	r3	1790218675182	123	
2888	ack	r3	1790218675187	398	
2889	ack	r3	1790218675192	125	
2890	ack	r3	1790218675197	413	
2891	ack	r3	1790218675202	406	
2892	ack	r3	1790218675207	62	
2893	ack	r3	1790218675212	63	
2894	ack	r3	1790218675217	400	
2895	ack	r3	1790218675222	67	
2896	ack	r3	1790218675227	64	
2897	ack	r3	1790218675232	402	
2898	ack	r3	1790218675237	88	
2899	ack	r3	1790218675242	397	
2900	ack	r3	1790218675247	87	
2901	ack	r3	1790218675252	413	
2902	ack	r3	1790218675257	395	
2903	ack	r3	1790218675262	398	
2904	ack	r3	1790218675267	68	
2905	ack	r3	1790218675272	399	
2906	ack	r3	1790218675277	107	
2907	ack	r3	1790218675282	397	
2908	ack	r3	1790218675287	400	
2909	ack	r3	1790218675292	400	
2910	ack	r3	1790218675297	395	
2911	ack	r3	1790218675302	96	
2912	ack	r3	1790218675307	94	
2913	ack	r3	1790218675312	84	
2914	ack	r3	1790218675317	400	
2915	ack	r3	1790218675322	397	
2916	ack	r3	1790218675327	92	
2917	ack	r3	1790218675332	83	
2918	ack	r3	1790218675337	62	
2919	ack	r3	1790218675342	58	
2920	ack	r3	1790218675347	397	
2921	ack	r3	1790218675352	78	
2922	ack	r3	1790218675357	396	
2923	ack	r3	1790218675362	397	
2924	ack	r3	1790218675367	84	
2925	ack	r3	1790218675372	80	
2926	ack	r3	1790218675377	396	
2927	ack	r3	1790218675382	83	
2928	ack	r3	1790218675387	185	
2929	ack	r3	1790218675392	64	
2930	ack	r3	1790218675397	66	
2931	ack	r3	1790218675402	86	
2932	ack	r3	1790218675407	96	
2933	ack	r3	1790218675412	83	
2934	ack	r3	1790218675417	399	
2935	ack	r3	1790218675422	397	
2936	ack	r3	1790218675427	400	
2937	ack	r3	1790218675432	63	
2938	ack	r3	1790218675437	85	
2939	ack	r3	1790218675442	82	
2940	ack	r3	1790218675447	85	
2941	ack	r3	1790218675452	57	
2942	ack	r3	1790218675457	74	
2943	ack	r3	1790218675462	396	
2944	ack	r3	1790218675467	119	
2945	ack	r3	1790218675472	59	
2946	ack	r3	1790218675477	396	
2947	ack	r3	1790218675482	395	
2948	ack	r3	1790218675487	396	
2949	ack	r3	1790218675492	61	
2950	ack	r3	1790218675497	101	
2951	ack	r3	1790218675502	398	
2952	ack	r3	1790218675507	79	
2953	ack	r3	1790218675512	57	
2954	ack	r3	1790218675517	93	
2955	ack	r3	1790218675522	77	
2956	ack	r3	1790218675527	403	
2957	ack	r3	1790218675532	418	
2958	ack	r3	1790218675537	416	
2959	ack	r3	1790218675542	128	
2960	ack	r3	1790218675547	143	
2961	ack	r3	1790218675552	131	
2962	ack	r3	1790218675557	137	
2963	ack	r3	1790218675562	139	
2964	ack	r3	1790218675567	414	
2965	ack	r3	1790218675572	118	
2966	ack	r3	1790218675577	111	
2967	ack	r3	1790218675582	211	
2968	ack	r3	1790218675587	231	
2969	ack	r3	1790218675592	97	
2970	ack	r3	1790218675597	112	
2971	ack	r3	1790218675602	134	
2972	ack	r3	1790218675607	129	
2973	ack	r3	1790218675612	109	
2974	ack	r3	1790218675617	91	
2975	ack	r3	1790218675622	89	
2976	ack	r3	1790218675627	93	
2977	ack	r3	1790218675632	401	
2978	ack	r3	1790218675637	390	
2979	ack	r3	1790218675642	99	
2980	ack	r3	1790218675647	98	
2981	ack	r3	1790218675652	565	
2982	ack	r3	1790218675657	411	
2983	ack	r3	1790218675662	77	
2984	ack	r3	1790218675667	92	
2985	ack	r3	1790218675672	100	
2986	ack	r3	1790218675677	399	
2987	ack	r3	1790218675682	410	
2988	ack	r3	1790218675687	179	
2989	ack	r3	1790218675692	401	
2990	ack	r3	1790218675697	112	
2991	ack	r3	1790218675702	466	
2992	ack	r3	1790218675707	466	
2993	ack	r3	1790218675712	147	
2994	ack	r3	1790218675717	147	
2995	ack	r3	1790218675722	417	
2996	ack	r3	1790218675727	408	
2997	ack	r3	1790218675732	426	
2998	ack	r3	1790218675737	400	
2999	ack	r3	1790218675742	175	
3000	ack	r3	1790218675747	410	
3001	ack	r3	1790218675752	78	
3002	ack	r3	1790218675757	402	
3003	ack	r3	1790218675762	228	
3004	ack	r3	1790218675767	430	
3005	ack	r3	1790218675772	453	
3006	ack	r3	1790218675777	412	
3007	ack	r3	1790218675782	424	
3008	ack	r3	1790218675787	405	
3009	ack	r3	1790218675792	409	
3010	ack	r3	1790218675797	413	
3011	ack	r3	1790218675802	402	
3012	ack	r3	1790218675807	91	
3013	ack	r3	1790218675812	395	
3014	ack	r3	1790218675817	176	
3015	ack	r3	1790218675822	405	
3016	ack	r3	1790218675827	268	
3017	ack	r3	1790218675832	92	
3018	ack	r3	1790218675837	399	
3019	ack	r3	1790218675842	61	
3020	ack	r3	1790218675847	394	
3021	ack	r3	1790218675852	420	
3022	ack	r3	1790218675857	90	
3023	ack	r3	1790218675862	104	
3024	ack	r3	1790218675867	73	
3025	ack	r3	1790218675872	409	
3026	ack	r3	1790218675877	414	
3027	ack	r3	1790218675882	402	
3028	ack	r3	1790218675887	396	
3029	ack	r3	1790218675892	154	
3030	ack	r3	1790218675897	118	
3031	ack	r3	1790218675902	398	
3032	ack	r3	1790218675907	404	
3033	ack	r3	1790218675912	398	
3034	ack	r3	1790218675917	401	
3035	ack	r3	1790218675922	95	
3036	ack	r3	1790218675927	88	
3037	ack	r3	1790218675932	93	
3038	ack	r3	1790218675937	65	
3039	ack	r3	1790218675942	397	
3040	ack	r3	1790218675947	397	
3041	ack	r3	1790218675952	80	
3042	ack	r3	1790218675957	77	
3043	ack	r3	1790218675962	455	
3044	ack	r3	1790218675967	446	
3045	ack	r3	1790218675972	939	
3046	ack	r3	1790218675977	204	
3047	ack	r3	1790218675982	110	
3048	ack	r3	1790218675987	152	
3049	ack	r3	1790218675992	86	
3050	ack	r3	1790218675997	102	
3051	ack	r3	1790218676002	400	
3052	ack	r3	1790218676007	93	
3053	ack	r3	1790218676012	403	
3054	ack	r3	1790218676017	119	
3055	ack	r3	1790218676022	83	
3056	ack	r3	1790218676027	61	
3057	ack	r3	1790218676032	99	
3058	ack	r3	1790218676037	75	
3059	ack	r3	1790218676042	92	
3060	ack	r3	1790218676047	66	
3061	ack	r3	1790218676052	619	
3062	ack	r3	1790218676057	92	
3063	ack	r3	1790218676062	410	
3064	ack	r3	1790218676067	76	
3065	ack	r3	1790218676072	90	
3066	ack	r3	1790218676077	100	
3067	ack	r3	1790218676082	73	
3068	ack	r3	1790218676087	79	
3069	ack	r3	1790218676092	64	
3070	ack	r3	1790218676097	87	
3071	ack	r3	1790218676102	397	
3072	ack	r3	1790218676107	395	
3073	ack	r3	1790218676112	157	
3074	ack	r3	1790218676117	145	
3075	ack	r3	1790218676122	99	
3076	ack	r3	1790218676127	103	
3077	ack	r3	1790218676132	409	
3078	ack	r3	1790218676137	130	
3079	ack	r3	1790218676142	129	
3080	ack	r3	1790218676147	413	
3081	ack	r3	1790218676152	426	
3082	ack	r3	1790218676157	410	
3083	ack	r3	1790218676162	106	
3084	ack	r3	1790218676167	411	
3085	ack	r3	1790218676172	149	
3086	ack	r3	1790218676177	240	
3087	ack	r3	1790218676182	157	
3088	ack	r3	1790218676187	102	
3089	ack	r3	1790218676192	171	
3090	ack	r3	1790218676197	342	
3091	ack	r3	1790218676202	409	
3092	ack	r3	1790218676207	227	
3093	ack	r3	1790218676212	408	
3094	ack	r3	1790218676217	408	
3095	ack	r3	1790218676222	72	
3096	ack	r3	1790218676227	63	
3097	ack	r3	1790218676232	152	
3098	ack	r3	1790218676237	419	
3099	ack	r3	1790218676242	75	
3100	ack	r3	1790218676247	100	
3101	ack	r3	1790218676252	566	
3102	ack	r3	1790218676257	101	
3103	ack	r3	1790218676262	399	
3104	ack	r3	1790218676267	78	
3105	ack	r3	1790218676272	67	
3106	ack	r3	1790218676277	396	
3107	ack	r3	1790218676282	90	
3108	ack	r3	1790218676287	93	
3109	ack	r3	1790218676292	399	
3110	ack	r3	1790218676297	94	
3111	ack	r3	1790218676302	107	
3112	ack	r3	1790218676307	67	
3113	ack	r3	1790218676312	409	
3114	ack	r3	1790218676317	106	
3115	ack	r3	1790218676322	91	
3116	ack	r3	1790218676327	87	
3117	ack	r3	1790218676332	94	
3118	ack	r3	1790218676337	398	
3119	ack	r3	1790218676342	80	
3120	ack	r3	1790218676347	92	
3121	ack	r3	1790218676352	441	
3122	ack	r3	1790218676357	412	
3123	ack	r3	1790218676362	70	
3124	ack	r3	1790218676367	405	
3125	ack	r3	1790218676372	407	
3126	ack	r3	1790218676377	84	
3127	ack	r3	1790218676382	409	
3128	ack	r3	1790218676387	407	
3129	ack	r3	1790218676392	92	
3130	ack	r3	1790218676397	91	
3131	ack	r3	1790218676402	87	
3132	ack	r3	1790218676407	84	
3133	ack	r3	1790218676412	77	
3134	ack	r3	1790218676417	397	
3135	ack	r3	1790218676422	60	
3136	ack	r3	1790218676427	396	
3137	ack	r3	1790218676432	398	
3138	ack	r3	1790218676437	405	
3139	ack	r3	1790218676442	437	
3140	ack	r3	1790218676447	405	
3141	ack	r3	1790218676452	428	
3142	ack	r3	1790218676457	398	
3143	ack	r3	1790218676462	409	
3144	ack	r3	1790218676467	72	
3145	ack	r3	1790218676472	67	
3146	ack	r3	1790218676477	415	
3147	ack	r3	1790218676482	69	
3148	ack	r3	1790218676487	73	
3149	ack	r3	1790218676492	398	
3150	ack	r3	1790218676497	96	
3151	ack	r3	1790218676502	88	
3152	ack	r3	1790218676507	398	
3153	ack	r3	1790218676512	395	
3154	ack	r3	1790218676517	397	
3155	ack	r3	1790218676522	396	
3156	ack	r3	1790218676527	81	
3157	ack	r3	1790218676532	399	
3158	ack	r3	1790218676537	401	
3159	ack	r3	1790218676542	399	
3160	ack	r3	1790218676547	88	
3161	ack	r3	1790218676552	395	
3162	ack	r3	1790218676557	396	
3163	ack	r3	1790218676562	89	
3164	ack	r3	1790218676567	401	
3165	ack	r3	1790218676572	92	
3166	ack	r3	1790218676577	70	
3167	ack	r3	1790218676582	397	
3168	ack	r3	1790218676587	82	
3169	ack	r3	1790218676592	138	
3170	ack	r3	1790218676597	173	
3171	ack	r3	1790218676602	400	
3172	ack	r3	1790218676607	400	
3173	ack	r3	1790218676612	395	
3174	ack	r3	1790218676617	87	
3175	ack	r3	1790218676622	398	
3176	ack	r3	1790218676627	86	
3177	ack	r3	1790218676632	83	
3178	ack	r3	1790218676637	397	
3179	ack	r3	1790218676642	91	
3180	ack	r3	1790218676647	396	
3181	ack	r3	1790218676652	85	
3182	ack	r3	1790218676657	137	
3183	ack	r3	1790218676662	167	
3184	ack	r3	1790218676667	71	
3185	ack	r3	1790218676672	85	
3186	ack	r3	1790218676677	398	
3187	ack	r3	1790218676682	397	
3188	ack	r3	1790218676687	399	
3189	ack	r3	1790218676692	397	
3190	ack	r3	1790218676697	398	
3191	ack	r3	1790218676702	395	
3192	ack	r3	1790218676707	60	
3193	ack	r3	1790218676712	138	
3194	ack	r3	1790218676717	69	
3195	ack	r3	1790218676722	78	
3196	ack	r3	1790218676727	419	
3197	ack	r3	1790218676732	421	
3198	ack	r3	1790218676737	407	
3199	ack	r3	1790218676742	108	
3200	ack	r3	1790218676747	139	
3201	ack	r3	1790218676752	76	
3202	ack	r3	1790218676757	83	
3203	ack	r3	1790218676762	269	
3204	ack	r3	1790218676767	136	
3205	ack	r3	1790218676772	149	
3206	ack	r3	1790218676777	417	
3207	ack	r3	1790218676782	136	
3208	ack	r3	1790218676787	417	
3209	ack	r3	1790218676792	428	
3210	ack	r3	1790218676795	143	
3211	ack	r3	1790218676800	96	
3212	ack	r3	1790218676805	417	
3213	ack	r3	1790218676810	412	
3214	ack	r3	1790218676815	110	
3215	ack	r3	1790218676820	67	
3216	ack	r3	1790218676825	399	
3217	ack	r3	1790218676830	92	
3218	ack	r3	1790218676835	71	
3219	ack	r3	1790218676840	62	
3220	ack	r3	1790218676845	413	
3221	ack	r3	1790218676850	402	
3222	ack	r3	1790218676855	430	
3223	ack	r3	1790218676860	82	
3224	ack	r3	1790218676865	400	
3225	ack	r3	1790218676870	67	
3226	ack	r3	1790218676875	91	
3227	ack	r3	1790218676880	399	
3228	ack	r3	1790218676885	84	
3229	ack	r3	1790218676890	86	
3230	ack	r3	1790218676895	61	
3231	ack	r3	1790218676900	406	
3232	ack	r3	1790218676905	73	
3233	ack	r3	1790218676910	93	
3234	ack	r3	1790218676915	67	
3235	ack	r3	1790218676920	397	
3236	ack	r3	1790218676925	89	
3237	ack	r3	1790218676930	103	
3238	ack	r3	1790218676935	405	
3239	ack	r3	1790218676940	94	
3240	ack	r3	1790218676945	80	
3241	ack	r3	1790218676950	90	
3242	ack	r3	1790218676955	119	
3243	ack	r3	1790218676960	75	
3244	ack	r3	1790218676965	394	
3245	ack	r3	1790218676970	62	
3246	ack	r3	1790218676975	139	
3247	ack	r3	1790218676980	402	
3248	ack	r3	1790218676985	417	
3249	ack	r3	1790218676990	145	
3250	ack	r3	1790218676995	419	
3251	ack	r3	1790218677000	400	
3252	ack	r3	1790218677005	83	
3253	ack	r3	1790218677010	401	
3254	ack	r3	1790218677015	95	
3255	ack	r3	1790218677020	396	
3256	ack	r3	1790218677025	63	
3257	ack	r3	1790218677030	88	
3258	ack	r3	1790218677035	171	
3259	ack	r3	1790218677040	405	
3260	ack	r3	1790218677045	395	
3261	ack	r3	1790218677050	393	
3262	ack	r3	1790218677055	421	
3263	ack	r3	1790218677060	397	
3264	ack	r3	1790218677065	66	
3265	ack	r3	1790218677070	72	
3266	ack	r3	1790218677075	395	
3267	ack	r3	1790218677080	97	
3268	ack	r3	1790218677085	398	
3269	ack	r3	1790218677090	398	
3270	ack	r3	1790218677095	65	
3271	ack	r3	1790218677100	395	
3272	ack	r3	1790218677105	398	
3273	ack	r3	1790218677110	402	
3274	ack	r3	1790218677115	86	
3275	ack	r3	1790218677120	73	
3276	ack	r3	1790218677125	60	
3277	ack	r3	1790218677130	94	
3278	ack	r3	1790218677135	397	
3279	ack	r3	1790218677140	398	
3280	ack	r3	1790218677145	399	
3281	ack	r3	1790218677150	97	
3282	ack	r3	1790218677155	397	
3283	ack	r3	1790218677160	63	
3284	ack	r3	1790218677165	395	
3285	ack	r3	1790218677170	59	
3286	ack	r3	1790218677175	393	
3287	ack	r3	1790218677180	393	
3288	ack	r3	1790218677185	398	
3289	ack	r3	1790218677190	400	
3290	ack	r3	1790218677195	395	
3291	ack	r3	1790218677200	109	
3292	ack	r3	1790218677205	98	
3293	ack	r3	1790218677210	415	
3294	ack	r3	1790218677215	240	
3295	ack	r3	1790218677220	237	
3296	ack	r3	1790218677225	407	
3297	ack	r3	1790218677230	365	
3298	ack	r3	1790218677235	129	
3299	ack	r3	1790218677240	82	
3300	ack	r3	1790218677245	401	
3301	ack	r3	1790218677250	89	
3302	ack	r3	1790218677255	65	
3303	ack	r3	1790218677260	78	
3304	ack	r3	1790218677265	104	
3305	ack	r3	1790218677270	130	
3306	ack	r3	1790218677275	428	
3307	ack	r3	1790218677280	412	
3308	ack	r3	1790218677285	106	
3309	ack	r3	1790218677290	96	
3310	ack	r3	1790218677295	398	
3311	ack	r3	1790218677300	97	
3312	ack	r3	1790218677305	162	
3313	ack	r3	1790218677310	419	
3314	ack	r3	1790218677315	149	
3315	ack	r3	1790218677320	117	
3316	ack	r3	1790218677325	416	
3317	ack	r3	1790218677330	419	
3318	ack	r3	1790218677335	119	
3319	ack	r3	1790218677340	114	
3320	ack	r3	1790218677345	423	
3321	ack	r3	1790218677350	413	
3322	ack	r3	1790218677355	155	
3323	ack	r3	1790218677360	180	
3324	ack	r3	1790218677365	377	
3325	ack	r3	1790218677370	69	
3326	ack	r3	1790218677375	429	
3327	ack	r3	1790218677380	425	
3328	ack	r3	1790218677385	145	
3329	ack	r3	1790218677390	404	
3330	ack	r3	1790218677395	106	
3331	ack	r3	1790218677400	411	
3332	ack	r3	1790218677405	91	
3333	ack	r3	1790218677410	404	
3334	ack	r3	1790218677415	404	
3335	ack	r3	1790218677420	85	
3336	ack	r3	1790218677425	402	
3337	ack	r3	1790218677430	408	
3338	ack	r3	1790218677435	99	
3339	ack	r3	1790218677440	98	
3340	ack	r3	1790218677445	107	
3341	ack	r3	1790218677450	77	
3342	ack	r3	1790218677455	229	
3343	ack	r3	1790218677460	405	
3344	ack	r3	1790218677465	411	
3345	ack	r3	1790218677474	949	
3346	ack	r3	1790218677475	93	
3347	ack	r3	1790218677480	408	
3348	ack	r3	1790218677485	402	
3349	ack	r3	1790218677490	71	
3350	ack	r3	1790218677495	79	
3351	ack	r3	1790218677500	408	
3352	ack	r3	1790218677505	404	
3353	ack	r3	1790218677510	137	
3354	ack	r3	1790218677515	411	
3355	ack	r3	1790218677520	409	
3356	ack	r3	1790218677525	154	
3357	ack	r3	1790218677530	97	
3358	ack	r3	1790218677535	408	
3359	ack	r3	1790218677540	408	
3360	ack	r3	1790218677545	138	
3361	ack	r3	1790218677550	109	
3362	ack	r3	1790218677555	167	
3363	ack	r3	1790218677560	67	
3364	ack	r3	1790218677565	65	
3365	ack	r3	1790218677570	102	
3366	ack	r3	1790218677575	95	
3367	ack	r3	1790218677580	406	
3368	ack	r3	1790218677585	406	
3369	ack	r3	1790218677590	416	
3370	ack	r3	1790218677595	168	
3371	ack	r3	1790218677600	122	
3372	ack	r3	1790218677605	94	
3373	ack	r3	1790218677610	92	
3374	ack	r3	1790218677615	76	
3375	ack	r3	1790218677620	63	
3376	ack	r3	1790218677625	104	
3377	ack	r3	1790218677630	68	
3378	ack	r3	1790218677635	399	
3379	ack	r3	1790218677640	410	
3380	ack	r3	1790218677645	91	
3381	ack	r3	1790218677650	71	
3382	ack	r3	1790218677655	104	
3383	ack	r3	1790218677660	401	
3384	ack	r3	1790218677665	401	
3385	ack	r3	1790218677670	71	
3386	ack	r3	1790218677675	398	
3387	ack	r3	1790218677680	83	
3388	ack	r3	1790218677685	398	
3389	ack	r3	1790218677690	399	
3390	ack	r3	1790218677695	397	
3391	ack	r3	1790218677700	399	
3392	ack	r3	1790218677705	80	
3393	ack	r3	1790218677710	90	
3394	ack	r3	1790218677715	399	
3395	ack	r3	1790218677720	63	
3396	ack	r3	1790218677725	106	
3397	ack	r3	1790218677730	217	
3398	ack	r3	1790218677735	409	
3399	ack	r3	1790218677740	112	
3400	ack	r3	1790218677745	409	
3401	ack	r3	1790218677750	166	
3402	ack	r3	1790218677755	405	
3403	ack	r3	1790218677760	410	
3404	ack	r3	1790218677765	86	
3405	ack	r3	1790218677770	407	
3406	ack	r3	1790218677775	404	
3407	ack	r3	1790218677780	400	
3408	ack	r3	1790218677785	394	
3409	ack	r3	1790218677790	399	
3410	ack	r3	1790218677795	405	
3411	ack	r3	1790218677800	79	
3412	ack	r3	1790218677805	396	
3413	ack	r3	1790218677810	394	
3414	ack	r3	1790218677815	62	
3415	ack	r3	1790218677820	404	
3416	ack	r3	1790218677825	86	
3417	ack	r3	1790218677830	401	
3418	ack	r3	1790218677835	399	
3419	ack	r3	1790218677840	402	
3420	ack	r3	1790218677845	92	
3421	ack	r3	1790218677850	61	
3422	ack	r3	1790218677855	81	
3423	ack	r3	1790218677860	65	
3424	ack	r3	1790218677865	84	
3425	ack	r3	1790218677872	1443	
3426	ack	r3	1790218677875	123	
3427	ack	r3	1790218677880	158	
3428	ack	r3	1790218677885	399	
3429	ack	r3	1790218677890	397	
3430	ack	r3	1790218677895	138	
3431	ack	r3	1790218677900	408	
3432	ack	r3	1790218677905	414	
3433	ack	r3	1790218677910	110	
3434	ack	r3	1790218677915	407	
3435	ack	r3	1790218677920	416	
3436	ack	r3	1790218677925	91	
3437	ack	r3	1790218677930	110	
3438	ack	r3	1790218677935	421	
3439	ack	r3	1790218677940	148	
3440	ack	r3	1790218677945	306	
3441	ack	r3	1790218677950	204	
3442	ack	r3	1790218677955	123	
3443	ack	r3	1790218677960	152	
3444	ack	r3	1790218677965	109	
3445	ack	r3	1790218677970	133	
3446	ack	r3	1790218677975	409	
3447	ack	r3	1790218677980	121	
3448	ack	r3	1790218677985	401	
3449	ack	r3	1790218677990	299	
3450	ack	r3	1790218677995	342	
3451	ack	r3	1790218678000	63	
3452	ack	r3	1790218678005	162	
3453	ack	r3	1790218678010	125	
3454	ack	r3	1790218678015	410	
3455	ack	r3	1790218678020	395	
3456	ack	r3	1790218678025	401	
3457	ack	r3	1790218678030	79	
3458	ack	r3	1790218678035	62	
3459	ack	r3	1790218678040	411	
3460	ack	r3	1790218678045	415	
3461	ack	r3	1790218678050	407	
3462	ack	r3	1790218678055	423	
3463	ack	r3	1790218678060	106	
3464	ack	r3	1790218678065	401	
3465	ack	r3	1790218678070	96	
3466	ack	r3	1790218678075	401	
3467	ack	r3	1790218678080	200	
3468	ack	r3	1790218678085	397	
3469	ack	r3	1790218678090	83	
3470	ack	r3	1790218678095	415	
3471	ack	r3	1790218678100	163	
3472	ack	r3	1790218678105	94	
3473	ack	r3	1790218678110	123	
3474	ack	r3	1790218678115	405	
3475	ack	r3	1790218678120	83	
3476	ack	r3	1790218678125	103	
3477	ack	r3	1790218678130	409	
3478	ack	r3	1790218678135	70	
3479	ack	r3	1790218678140	71	
3480	ack	r3	1790218678145	70	
3481	ack	r3	1790218678150	397	
3482	ack	r3	1790218678155	71	
3483	ack	r3	1790218678160	85	
3484	ack	r3	1790218678165	63	
3485	ack	r3	1790218678170	397	
3486	ack	r3	1790218678175	83	
3487	ack	r3	1790218678180	66	
3488	ack	r3	1790218678185	398	
3489	ack	r3	1790218678190	409	
3490	ack	r3	1790218678195	94	
3491	ack	r3	1790218678200	277	
3492	ack	r3	1790218678205	126	
3493	ack	r3	1790218678210	139	
3494	ack	r3	1790218678215	100	
3495	ack	r3	1790218678220	399	
3496	ack	r3	1790218678225	420	
3497	ack	r3	1790218678230	414	
3498	ack	r3	1790218678235	103	
3499	ack	r3	1790218678240	415	
3500	ack	r3	1790218678245	394	
3501	ack	r3	1790218678250	82	
3502	ack	r3	1790218678255	307	
3503	ack	r3	1790218678260	68	
3504	ack	r3	1790218678265	401	
3505	ack	r3	1790218678270	61	
3506	ack	r3	1790218678275	400	
3507	ack	r3	1790218678280	395	
3508	ack	r3	1790218678285	399	
3509	ack	r3	1790218678290	66	
3510	ack	r3	1790218678295	396	
3511	ack	r3	1790218678300	61	
3512	ack	r3	1790218678305	81	
3513	ack	r3	1790218678310	397	
3514	ack	r3	1790218678315	409	
3515	ack	r3	1790218678320	397	
3516	ack	r3	1790218678325	72	
3517	ack	r3	1790218678330	397	
3518	ack	r3	1790218678335	64	
3519	ack	r3	1790218678340	91	
3520	ack	r3	1790218678345	61	
3521	ack	r3	1790218678350	96	
3522	ack	r3	1790218678355	410	
3523	ack	r3	1790218678360	91	
3524	ack	r3	1790218678365	72	
3525	ack	r3	1790218678370	403	
3526	ack	r3	1790218678375	396	
3527	ack	r3	1790218678380	105	
3528	ack	r3	1790218678385	66	
3529	ack	r3	1790218678390	101	
3530	ack	r3	1790218678395	400	
3531	ack	r3	1790218678400	67	
3532	ack	r3	1790218678405	80	
3533	ack	r3	1790218678410	397	
3534	ack	r3	1790218678415	404	
3535	ack	r3	1790218678420	80	
3536	ack	r3	1790218678425	160	
3537	ack	r3	1790218678430	397	
3538	ack	r3	1790218678435	398	
3539	ack	r3	1790218678440	64	
3540	ack	r3	1790218678445	396	
3541	ack	r3	1790218678450	397	
3542	ack	r3	1790218678455	276	
3543	ack	r3	1790218678460	87	
3544	ack	r3	1790218678465	400	
3545	ack	r3	1790218678473	2241	
3546	ack	r3	1790218678475	393	
3547	ack	r3	1790218678480	407	
3548	ack	r3	1790218678485	395	
3549	ack	r3	1790218678490	96	
3550	ack	r3	1790218678495	103	
3551	ack	r3	1790218678500	412	
3552	ack	r3	1790218678505	386	
3553	ack	r3	1790218678510	102	
3554	ack	r3	1790218678515	403	
3555	ack	r3	1790218678520	402	
3556	ack	r3	1790218678525	120	
3557	ack	r3	1790218678530	410	
3558	ack	r3	1790218678535	104	
3559	ack	r3	1790218678540	362	
3560	ack	r3	1790218678545	130	
3561	ack	r3	1790218678550	262	
3562	ack	r3	1790218678555	146	
3563	ack	r3	1790218678560	383	
3564	ack	r3	1790218678565	415	
3565	ack	r3	1790218678570	140	
3566	ack	r3	1790218678575	110	
3567	ack	r3	1790218678580	73	
3568	ack	r3	1790218678585	79	
3569	ack	r3	1790218678590	398	
3570	ack	r3	1790218678595	162	
3571	ack	r3	1790218678600	71	
3572	ack	r3	1790218678605	157	
3573	ack	r3	1790218678610	81	
3574	ack	r3	1790218678615	411	
3575	ack	r3	1790218678620	99	
3576	ack	r3	1790218678625	75	
3577	ack	r3	1790218678630	92	
3578	ack	r3	1790218678635	90	
3579	ack	r3	1790218678640	89	
3580	ack	r3	1790218678645	144	
3581	ack	r3	1790218678650	400	
3582	ack	r3	1790218678655	64	
3583	ack	r3	1790218678660	81	
3584	ack	r3	1790218678665	94	
3585	ack	r3	1790218678670	55	
3586	ack	r3	1790218678675	78	
3587	ack	r3	1790218678680	405	
3588	ack	r3	1790218678685	396	
3589	ack	r3	1790218678690	403	
3590	ack	r3	1790218678695	408	
3591	ack	r3	1790218678700	396	
3592	ack	r3	1790218678705	396	
3593	ack	r3	1790218678710	88	
3594	ack	r3	1790218678715	79	
3595	ack	r3	1790218678720	397	
3596	ack	r3	1790218678725	399	
3597	ack	r3	1790218678730	398	
3598	ack	r3	1790218678735	69	
3599	ack	r3	1790218678740	400	
3600	ack	r3	1790218678745	404	
3601	ack	r3	1790218678750	407	
3602	ack	r3	1790218678755	57	
3603	ack	r3	1790218678760	400	
3604	ack	r3	1790218678765	396	
3605	ack	r3	1790218678770	85	
3606	ack	r3	1790218678775	86	
3607	ack	r3	1790218678780	66	
3608	ack	r3	1790218678785	86	
3609	ack	r3	1790218678790	74	
3610	ack	r3	1790218678795	401	
3611	ack	r3	1790218678800	398	
3612	ack	r3	1790218678805	60	
3613	ack	r3	1790218678810	95	
3614	ack	r3	1790218678815	401	
3615	ack	r3	1790218678820	399	
3616	ack	r3	1790218678825	80	
3617	ack	r3	1790218678830	65	
3618	ack	r3	1790218678835	397	
3619	ack	r3	1790218678840	396	
3620	ack	r3	1790218678845	399	
3621	ack	r3	1790218678850	95	
3622	ack	r3	1790218678855	395	
3623	ack	r3	1790218678860	124	
3624	ack	r3	1790218678865	406	
3625	ack	r3	1790218678870	97	
3626	ack	r3	1790218678875	99	
3627	ack	r3	1790218678880	397	
3628	ack	r3	1790218678885	396	
3629	ack	r3	1790218678890	396	
3630	ack	r3	1790218678895	93	
3631	ack	r3	1790218678900	397	
3632	ack	r3	1790218678905	403	
3633	ack	r3	1790218678910	82	
3634	ack	r3	1790218678915	397	
3635	ack	r3	1790218678920	397	
3636	ack	r3	1790218678925	96	
3637	ack	r3	1790218678930	397	
3638	ack	r3	1790218678935	93	
3639	ack	r3	1790218678940	89	
3640	ack	r3	1790218678945	88	
3641	ack	r3	1790218678950	395	
3642	ack	r3	1790218678955	82	
3643	ack	r3	1790218678960	84	
3644	ack	r3	1790218678965	61	
3645	ack	r3	1790218678970	396	
3646	ack	r3	1790218678975	396	
3647	ack	r3	1790218678980	88	
3648	ack	r3	1790218678985	398	
3649	ack	r3	1790218678990	394	
3650	ack	r3	1790218678995	399	
3651	ack	r3	1790218679000	396	
3652	ack	r3	1790218679005	58	
3653	ack	r3	1790218679010	419	
3654	ack	r3	1790218679015	229	
3655	ack	r3	1790218679020	250	
3656	ack	r3	1790218679025	110	
3657	ack	r3	1790218679030	405	
3658	ack	r3	1790218679035	385	
3659	ack	r3	1790218679040	95	
3660	ack	r3	1790218679045	83	
3661	ack	r3	1790218679050	365	
3662	ack	r3	1790218679055	451	
3663	ack	r3	1790218679060	140	
3664	ack	r3	1790218679065	121	
3665	ack	r3	1790218679070	87	
3666	ack	r3	1790218679075	411	
3667	ack	r3	1790218679080	77	
3668	ack	r3	1790218679085	401	
3669	ack	r3	1790218679090	401	
3670	ack	r3	1790218679095	117	
3671	ack	r3	1790218679100	110	
3672	ack	r3	1790218679105	126	
3673	ack	r3	1790218679110	98	
3674	ack	r3	1790218679115	406	
3675	ack	r3	1790218679120	413	
3676	ack	r3	1790218679125	95	
3677	ack	r3	1790218679130	128	
3678	ack	r3	1790218679135	429	
3679	ack	r3	1790218679140	213	
3680	ack	r3	1790218679145	197	
3681	ack	r3	1790218679150	405	
3682	ack	r3	1790218679155	129	
3683	ack	r3	1790218679160	125	
3684	ack	r3	1790218679165	125	
3685	ack	r3	1790218679170	406	
3686	ack	r3	1790218679175	385	
3687	ack	r3	1790218679180	416	
3688	ack	r3	1790218679185	396	
3689	ack	r3	1790218679190	66	
3690	ack	r3	1790218679195	65	
3691	ack	r3	1790218679200	402	
3692	ack	r3	1790218679205	402	
3693	ack	r3	1790218679210	88	
3694	ack	r3	1790218679215	424	
3695	ack	r3	1790218679220	404	
3696	ack	r3	1790218679225	400	
3697	ack	r3	1790218679230	83	
3698	ack	r3	1790218679235	97	
3699	ack	r3	1790218679240	267	
3700	ack	r3	1790218679245	124	
3701	ack	r3	1790218679250	146	
3702	ack	r3	1790218679255	118	
3703	ack	r3	1790218679260	418	
3704	ack	r3	1790218679265	111	
3705	ack	r3	1790218679272	66	
3706	ack	r3	1790218679275	62	
3707	ack	r3	1790218679280	85	
3708	ack	r3	1790218679285	400	
3709	ack	r3	1790218679290	102	
3710	ack	r3	1790218679295	107	
3711	ack	r3	1790218679300	58	
3712	ack	r3	1790218679305	98	
3713	ack	r3	1790218679310	398	
3714	ack	r3	1790218679315	403	
3715	ack	r3	1790218679320	137	
3716	ack	r3	1790218679325	400	
3717	ack	r3	1790218679330	415	
3718	ack	r3	1790218679335	398	
3719	ack	r3	1790218679340	400	
3720	ack	r3	1790218679345	396	
3721	ack	r3	1790218679350	67	
3722	ack	r3	1790218679355	87	
3723	ack	r3	1790218679360	90	
3724	ack	r3	1790218679365	91	
3725	ack	r3	1790218679370	398	
3726	ack	r3	1790218679375	89	
3727	ack	r3	1790218679380	398	
3728	ack	r3	1790218679385	82	
3729	ack	r3	1790218679390	89	
3730	ack	r3	1790218679395	399	
3731	ack	r3	1790218679400	82	
3732	ack	r3	1790218679405	84	
3733	ack	r3	1790218679410	405	
3734	ack	r3	1790218679415	394	
3735	ack	r3	1790218679420	85	
3736	ack	r3	1790218679425	64	
3737	ack	r3	1790218679430	92	
3738	ack	r3	1790218679435	400	
3739	ack	r3	1790218679440	82	
3740	ack	r3	1790218679445	397	
3741	ack	r3	1790218679450	403	
3742	ack	r3	1790218679455	406	
3743	ack	r3	1790218679460	79	
3744	ack	r3	1790218679465	100	
3745	ack	r3	1790218679470	78	
3746	ack	r3	1790218679475	68	
3747	ack	r3	1790218679480	401	
3748	ack	r3	1790218679485	94	
3749	ack	r3	1790218679490	395	
3750	ack	r3	1790218679495	81	
3751	ack	r3	1790218679500	393	
3752	ack	r3	1790218679505	396	
3753	ack	r3	1790218679510	132	
3754	ack	r3	1790218679515	396	
3755	ack	r3	1790218679520	398	
3756	ack	r3	1790218679525	399	
3757	ack	r3	1790218679530	394	
3758	ack	r3	1790218679535	396	
3759	ack	r3	1790218679540	89	
3760	ack	r3	1790218679545	400	
3761	ack	r3	1790218679550	61	
3762	ack	r3	1790218679555	396	
3763	ack	r3	1790218679560	399	
3764	ack	r3	1790218679565	396	
3765	ack	r3	1790218679570	81	
3766	ack	r3	1790218679575	87	
3767	ack	r3	1790218679580	398	
3768	ack	r3	1790218679585	398	
3769	ack	r3	1790218679590	398	
3770	ack	r3	1790218679595	284	
3771	ack	r3	1790218679600	88	
3772	ack	r3	1790218679605	84	
3773	ack	r3	1790218679610	66	
3774	ack	r3	1790218679615	396	
3775	ack	r3	1790218679620	85	
3776	ack	r3	1790218679625	68	
3777	ack	r3	1790218679630	392	
3778	ack	r3	1790218679635	395	
3779	ack	r3	1790218679640	396	
3780	ack	r3	1790218679645	94	
3781	ack	r3	1790218679650	84	
3782	ack	r3	1790218679655	396	
3783	ack	r3	1790218679660	400	
3784	ack	r3	1790218679665	395	
3785	ack	r3	1790218679670	136	
3786	ack	r3	1790218679675	86	
3787	ack	r3	1790218679680	116	
3788	ack	r3	1790218679685	126	
3789	ack	r3	1790218679690	124	
3790	ack	r3	1790218679695	126	
3791	ack	r3	1790218679700	109	
3792	ack	r3	1790218679705	133	
3793	ack	r3	1790218679710	438	
3794	ack	r3	1790218679715	416	
3795	ack	r3	1790218679720	410	
3796	ack	r3	1790218679725	85	
3797	ack	r3	1790218679730	142	
3798	ack	r3	1790218679735	124	
3799	ack	r3	1790218679740	152	
3800	ack	r3	1790218679745	414	
3801	ack	r3	1790218679750	177	
3802	ack	r3	1790218679755	112	
3803	ack	r3	1790218679760	96	
3804	ack	r3	1790218679765	410	
3805	ack	r3	1790218679770	69	
3806	ack	r3	1790218679775	409	
3807	ack	r3	1790218679780	102	
3808	ack	r3	1790218679785	99	
3809	ack	r3	1790218679790	91	
3810	ack	r3	1790218679795	99	
3811	ack	r3	1790218679800	90	
3812	ack	r3	1790218679805	398	
3813	ack	r3	1790218679810	84	
3814	ack	r3	1790218679815	80	
3815	ack	r3	1790218679820	69	
3816	ack	r3	1790218679825	88	
3817	ack	r3	1790218679830	401	
3818	ack	r3	1790218679835	396	
3819	ack	r3	1790218679840	396	
3820	ack	r3	1790218679845	407	
3821	ack	r3	1790218679850	100	
3822	ack	r3	1790218679855	402	
3823	ack	r3	1790218679860	409	
3824	ack	r3	1790218679865	406	
3825	ack	r3	1790218679870	101	
3826	ack	r3	1790218679875	411	
3827	ack	r3	1790218679880	409	
3828	ack	r3	1790218679885	417	
3829	ack	r3	1790218679890	415	
3830	ack	r3	1790218679895	128	
3831	ack	r3	1790218679900	147	
3832	ack	r3	1790218679905	183	
3833	ack	r3	1790218679910	71	
3834	ack	r3	1790218679915	406	
3835	ack	r3	1790218679920	64	
3836	ack	r3	1790218679925	82	
3837	ack	r3	1790218679930	401	
3838	ack	r3	1790218679935	88	
3839	ack	r3	1790218679940	101	
3840	ack	r3	1790218679945	94	
3841	ack	r3	1790218679950	412	
3842	ack	r3	1790218679955	398	
3843	ack	r3	1790218679960	67	
3844	ack	r3	1790218679965	396	
3845	ack	r3	1790218679970	416	
3846	ack	r3	1790218679975	99	
3847	ack	r3	1790218679980	113	
3848	ack	r3	1790218679985	414	
3849	ack	r3	1790218679990	410	
3850	ack	r3	1790218679995	403	
3851	ack	r3	1790218680000	68	
3852	ack	r3	1790218680005	422	
3853	ack	r3	1790218680010	158	
3854	ack	r3	1790218680015	172	
3855	ack	r3	1790218680020	309	
3856	ack	r3	1790218680025	201	
3857	ack	r3	1790218680030	143	
3858	ack	r3	1790218680035	111	
3859	ack	r3	1790218680040	421	
3860	ack	r3	1790218680045	275	
3861	ack	r3	1790218680050	104	
3862	ack	r3	1790218680055	398	
3863	ack	r3	1790218680060	410	
3864	ack	r3	1790218680065	407	
3865	ack	r3	1790218680071	103	
3866	ack	r3	1790218680075	401	
3867	ack	r3	1790218680080	95	
3868	ack	r3	1790218680085	397	
3869	ack	r3	1790218680090	400	
3870	ack	r3	1790218680095	102	
3871	ack	r3	1790218680100	402	
3872	ack	r3	1790218680105	400	
3873	ack	r3	1790218680110	413	
3874	ack	r3	1790218680115	417	
3875	ack	r3	1790218680120	401	
3876	ack	r3	1790218680125	403	
3877	ack	r3	1790218680130	402	
3878	ack	r3	1790218680135	401	
3879	ack	r3	1790218680140	104	
3880	ack	r3	1790218680145	400	
3881	ack	r3	1790218680150	94	
3882	ack	r3	1790218680155	421	
3883	ack	r3	1790218680160	95	
3884	ack	r3	1790218680165	402	
3885	ack	r3	1790218680170	395	
3886	ack	r3	1790218680175	410	
3887	ack	r3	1790218680180	401	
3888	ack	r3	1790218680185	98	
3889	ack	r3	1790218680190	408	
3890	ack	r3	1790218680195	77	
3891	ack	r3	1790218680200	101	
3892	ack	r3	1790218680205	92	
3893	ack	r3	1790218680210	408	
3894	ack	r3	1790218680215	94	
3895	ack	r3	1790218680220	160	
3896	ack	r3	1790218680225	196	
3897	ack	r3	1790218680230	419	
3898	ack	r3	1790218680235	421	
3899	ack	r3	1790218680240	147	
3900	ack	r3	1790218680245	415	
3901	ack	r3	1790218680250	161	
3902	ack	r3	1790218680255	68	
3903	ack	r3	1790218680260	206	
3904	ack	r3	1790218680265	431	
3905	ack	r3	1790218680270	135	
3906	ack	r3	1790218680275	163	
3907	ack	r3	1790218680280	175	
3908	ack	r3	1790218680285	418	
3909	ack	r3	1790218680290	100	
3910	ack	r3	1790218680295	167	
3911	ack	r3	1790218680300	140	
3912	ack	r3	1790218680305	405	
3913	ack	r3	1790218680310	431	
3914	ack	r3	1790218680315	411	
3915	ack	r3	1790218680320	429	
3916	ack	r3	1790218680325	171	
3917	ack	r3	1790218680330	199	
3918	ack	r3	1790218680335	136	
3919	ack	r3	1790218680340	65	
3920	ack	r3	1790218680345	420	
3921	ack	r3	1790218680350	160	
3922	ack	r3	1790218680355	169	
3923	ack	r3	1790218680360	218	
3924	ack	r3	1790218680365	165	
3925	ack	r3	1790218680370	373	
3926	ack	r3	1790218680375	406	
3927	ack	r3	1790218680380	126	
3928	ack	r3	1790218680385	127	
3929	ack	r3	1790218680390	139	
3930	ack	r3	1790218680395	105	
3931	ack	r3	1790218680400	408	
3932	ack	r3	1790218680405	414	
3933	ack	r3	1790218680410	161	
3934	ack	r3	1790218680415	172	
3935	ack	r3	1790218680420	155	
3936	ack	r3	1790218680425	249	
3937	ack	r3	1790218680430	178	
3938	ack	r3	1790218680435	410	
3939	ack	r3	1790218680440	421	
3940	ack	r3	1790218680445	98	
3941	ack	r3	1790218680450	136	
3942	ack	r3	1790218680455	185	
3943	ack	r3	1790218680460	424	
3944	ack	r3	1790218680465	344	
3945	ack	r3	1790218680470	124	
3946	ack	r3	1790218680475	380	
3947	ack	r3	1790218680480	243	
3948	ack	r3	1790218680485	116	
3949	ack	r3	1790218680490	145	
3950	ack	r3	1790218680495	99	
3951	ack	r3	1790218680500	254	
3952	ack	r3	1790218680505	149	
3953	ack	r3	1790218680510	409	
3954	ack	r3	1790218680515	211	
3955	ack	r3	1790218680520	159	
3956	ack	r3	1790218680525	182	
3957	ack	r3	1790218680530	150	
3958	ack	r3	1790218680535	183	
3959	ack	r3	1790218680540	139	
3960	ack	r3	1790218680545	428	
3961	ack	r3	1790218680550	442	
3962	ack	r3	1790218680555	407	
3963	ack	r3	1790218680560	121	
3964	ack	r3	1790218680565	410	
3965	ack	r3	1790218680570	404	
3966	ack	r3	1790218680575	128	
3967	ack	r3	1790218680580	138	
3968	ack	r3	1790218680585	339	
3969	ack	r3	1790218680590	218	
3970	ack	r3	1790218680595	412	
3971	ack	r3	1790218680600	179	
3972	ack	r3	1790218680605	417	
3973	ack	r3	1790218680610	124	
3974	ack	r3	1790218680615	336	
3975	ack	r3	1790218680620	424	
3976	ack	r3	1790218680625	145	
3977	ack	r3	1790218680630	188	
3978	ack	r3	1790218680635	187	
3979	ack	r3	1790218680640	411	
3980	ack	r3	1790218680645	170	
3981	ack	r3	1790218680650	93	
3982	ack	r3	1790218680655	425	
3983	ack	r3	1790218680660	409	
3984	ack	r3	1790218680665	114	
3985	ack	r3	1790218680670	104	
3986	ack	r3	1790218680675	206	
3987	ack	r3	1790218680680	415	
3988	ack	r3	1790218680685	253	
3989	ack	r3	1790218680690	167	
3990	ack	r3	1790218680695	424	
3991	ack	r3	1790218680700	81	
3992	ack	r3	1790218680705	408	
3993	ack	r3	1790218680710	122	
3994	ack	r3	1790218680715	409	
3995	ack	r3	1790218680720	123	
3996	ack	r3	1790218680725	143	
3997	ack	r3	1790218680730	132	
3998	ack	r3	1790218680735	190	
3999	ack	r3	1790218680740	432	
4000	ack	r3	1790218680745	206	
4001	ack	r3	1790218680750	188	
4002	ack	r3	1790218680755	132	
4003	ack	r3	1790218680760	117	
4004	ack	r3	1790218680765	227	
4005	ack	r3	1790218680770	202	
4006	ack	r3	1790218680775	185	
4007	ack	r3	1790218680780	98	
4008	ack	r3	1790218680785	406	
4009	ack	r3	1790218680790	136	
4010	ack	r3	1790218680795	152	
4011	ack	r3	1790218680800	436	
4012	ack	r3	1790218680805	187	
4013	ack	r3	1790218680810	145	
4014	ack	r3	1790218680815	111	
4015	ack	r3	1790218680820	134	
4016	ack	r3	1790218680825	118	
4017	ack	r3	1790218680830	187	
4018	ack	r3	1790218680835	264	
4019	ack	r3	1790218680840	389	
4020	ack	r3	1790218680845	159	
4021	ack	r3	1790218680850	371	
4022	ack	r3	1790218680855	142	
4023	ack	r3	1790218680860	416	
4024	ack	r3	1790218680865	131	
4025	ack	r3	1790218680871	104	
4026	ack	r3	1790218680875	410	
4027	ack	r3	1790218680880	105	
4028	ack	r3	1790218680885	128	
4029	ack	r3	1790218680890	414	
4030	ack	r3	1790218680895	420	
4031	ack	r3	1790218680900	146	
4032	ack	r3	1790218680905	109	
4033	ack	r3	1790218680910	126	
4034	ack	r3	1790218680915	191	
4035	ack	r3	1790218680920	578	
4036	ack	r3	1790218680925	149	
4037	ack	r3	1790218680930	409	
4038	ack	r3	1790218680935	412	
4039	ack	r3	1790218680940	427	
4040	ack	r3	1790218680945	430	
4041	ack	r3	1790218680950	409	
4042	ack	r3	1790218680955	105	
4043	ack	r3	1790218680960	405	
4044	ack	r3	1790218680965	76	
4045	ack	r3	1790218680970	67	
4046	ack	r3	1790218680975	68	
4047	ack	r3	1790218680980	314	
4048	ack	r3	1790218680985	451	
4049	ack	r3	1790218680990	108	
4050	ack	r3	1790218680995	414	
4051	ack	r3	1790218681000	154	
4052	ack	r3	1790218681005	403	
4053	ack	r3	1790218681010	110	
4054	ack	r3	1790218681015	120	
4055	ack	r3	1790218681020	111	
4056	ack	r3	1790218681025	407	
4057	ack	r3	1790218681030	116	
4058	ack	r3	1790218681035	66	
4059	ack	r3	1790218681040	275	
4060	ack	r3	1790218681045	415	
4061	ack	r3	1790218681050	408	
4062	ack	r3	1790218681055	150	
4063	ack	r3	1790218681060	131	
4064	ack	r3	1790218681065	129	
4065	ack	r3	1790218681070	107	
4066	ack	r3	1790218681075	76	
4067	ack	r3	1790218681080	415	
4068	ack	r3	1790218681085	408	
4069	ack	r3	1790218681090	107	
4070	ack	r3	1790218681095	398	
4071	ack	r3	1790218681100	83	
4072	ack	r3	1790218681105	399	
4073	ack	r3	1790218681110	116	
4074	ack	r3	1790218681115	140	
4075	ack	r3	1790218681120	87	
4076	ack	r3	1790218681125	406	
4077	ack	r3	1790218681130	415	
4078	ack	r3	1790218681135	409	
4079	ack	r3	1790218681140	405	
4080	ack	r3	1790218681145	399	
4081	ack	r3	1790218681150	403	
4082	ack	r3	1790218681155	100	
4083	ack	r3	1790218681160	97	
4084	ack	r3	1790218681165	106	
4085	ack	r3	1790218681170	89	
4086	ack	r3	1790218681175	88	
4087	ack	r3	1790218681180	92	
4088	ack	r3	1790218681185	97	
4089	ack	r3	1790218681190	398	
4090	ack	r3	1790218681195	86	
4091	ack	r3	1790218681200	97	
4092	ack	r3	1790218681205	397	
4093	ack	r3	1790218681210	410	
4094	ack	r3	1790218681215	84	
4095	ack	r3	1790218681220	107	
4096	ack	r3	1790218681225	88	
4097	ack	r3	1790218681230	76	
4098	ack	r3	1790218681235	265	
4099	ack	r3	1790218681240	103	
4100	ack	r3	1790218681245	87	
4101	ack	r3	1790218681250	396	
4102	ack	r3	1790218681255	104	
4103	ack	r3	1790218681260	100	
4104	ack	r3	1790218681265	398	
4105	ack	r3	1790218681270	115	
4106	ack	r3	1790218681275	121	
4107	ack	r3	1790218681280	74	
4108	ack	r3	1790218681285	417	
4109	ack	r3	1790218681290	87	
4110	ack	r3	1790218681295	404	
4111	ack	r3	1790218681300	402	
4112	ack	r3	1790218681305	395	
4113	ack	r3	1790218681310	398	
4114	ack	r3	1790218681315	404	
4115	ack	r3	1790218681320	400	
4116	ack	r3	1790218681325	91	
4117	ack	r3	1790218681330	103	
4118	ack	r3	1790218681335	399	
4119	ack	r3	1790218681340	84	
4120	ack	r3	1790218681345	103	
4121	ack	r3	1790218681350	77	
4122	ack	r3	1790218681355	403	
4123	ack	r3	1790218681360	115	
4124	ack	r3	1790218681365	399	
4125	ack	r3	1790218681370	412	
4126	ack	r3	1790218681375	400	
4127	ack	r3	1790218681380	110	
4128	ack	r3	1790218681385	395	
4129	ack	r3	1790218681390	395	
4130	ack	r3	1790218681395	72	
4131	ack	r3	1790218681400	86	
4132	ack	r3	1790218681405	396	
4133	ack	r3	1790218681410	395	
4134	ack	r3	1790218681415	69	
4135	ack	r3	1790218681420	396	
4136	ack	r3	1790218681425	151	
4137	ack	r3	1790218681430	401	
4138	ack	r3	1790218681435	400	
4139	ack	r3	1790218681440	94	
4140	ack	r3	1790218681445	69	
4141	ack	r3	1790218681450	396	
4142	ack	r3	1790218681455	397	
4143	ack	r3	1790218681460	396	
4144	ack	r3	1790218681465	69	
4145	ack	r3	1790218681470	97	
4146	ack	r3	1790218681475	88	
4147	ack	r3	1790218681480	83	
4148	ack	r3	1790218681485	73	
4149	ack	r3	1790218681490	91	
4150	ack	r3	1790218681495	398	
4151	ack	r3	1790218681500	66	
4152	ack	r3	1790218681505	115	
4153	ack	r3	1790218681510	78	
4154	ack	r3	1790218681515	396	
4155	ack	r3	1790218681520	397	
4156	ack	r3	1790218681525	399	
4157	ack	r3	1790218681530	73	
4158	ack	r3	1790218681535	99	
4159	ack	r3	1790218681540	399	
4160	ack	r3	1790218681545	90	
4161	ack	r3	1790218681550	397	
4162	ack	r3	1790218681555	89	
4163	ack	r3	1790218681560	400	
4164	ack	r3	1790218681565	99	
4165	ack	r3	1790218681570	72	
4166	ack	r3	1790218681575	396	
4167	ack	r3	1790218681580	411	
4168	ack	r3	1790218681585	76	
4169	ack	r3	1790218681590	400	
4170	ack	r3	1790218681595	86	
4171	ack	r3	1790218681600	397	
4172	ack	r3	1790218681605	398	
4173	ack	r3	1790218681610	67	
4174	ack	r3	1790218681615	399	
4175	ack	r3	1790218681620	399	
4176	ack	r3	1790218681625	97	
4177	ack	r3	1790218681630	406	
4178	ack	r3	1790218681635	405	
4179	ack	r3	1790218681640	394	
4180	ack	r3	1790218681645	73	
4181	ack	r3	1790218681650	88	
4182	ack	r3	1790218681655	99	
4183	ack	r3	1790218681660	397	
4184	ack	r3	1790218681665	402	
4185	ack	r3	1790218681670	121	
4186	ack	r3	1790218681675	148	
4187	ack	r3	1790218681680	74	
4188	ack	r3	1790218681685	400	
4189	ack	r3	1790218681690	93	
4190	ack	r3	1790218681695	83	
4191	ack	r3	1790218681700	106	
4192	ack	r3	1790218681705	104	
4193	ack	r3	1790218681710	90	
4194	ack	r3	1790218681715	88	
4195	ack	r3	1790218681720	396	
4196	ack	r3	1790218681725	404	
4197	ack	r3	1790218681730	411	
4198	ack	r3	1790218681735	112	
4199	ack	r3	1790218681740	111	
4200	ack	r3	1790218681745	405	
4201	ack	r3	1790218681750	399	
4202	ack	r3	1790218681755	104	
4203	ack	r3	1790218681760	103	
4204	ack	r3	1790218681765	90	
4205	ack	r3	1790218681770	92	
4206	ack	r3	1790218681775	89	
4207	ack	r3	1790218681780	69	
4208	ack	r3	1790218681785	400	
4209	ack	r3	1790218681790	104	
4210	ack	r3	1790218681795	103	
4211	ack	r3	1790218681800	396	
4212	ack	r3	1790218681805	396	
4213	ack	r3	1790218681810	92	
4214	ack	r3	1790218681815	401	
4215	ack	r3	1790218681820	85	
4216	ack	r3	1790218681825	396	
4217	ack	r3	1790218681830	232	
4218	ack	r3	1790218681835	106	
4219	ack	r3	1790218681840	93	
4220	ack	r3	1790218681845	97	
4221	ack	r3	1790218681850	106	
4222	ack	r3	1790218681855	396	
4223	ack	r3	1790218681860	85	
4224	ack	r3	1790218681865	103	
4225	ack	r3	1790218681870	68	
4226	ack	r3	1790218681875	111	
4227	ack	r3	1790218681880	393	
4228	ack	r3	1790218681885	94	
4229	ack	r3	1790218681890	405	
4230	ack	r3	1790218681895	81	
4231	ack	r3	1790218681900	64	
4232	ack	r3	1790218681905	396	
4233	ack	r3	1790218681910	401	
4234	ack	r3	1790218681915	400	
4235	ack	r3	1790218681920	399	
4236	ack	r3	1790218681925	69	
4237	ack	r3	1790218681930	61	
4238	ack	r3	1790218681935	226	
4239	ack	r3	1790218681940	104	
4240	ack	r3	1790218681945	400	
4241	ack	r3	1790218681950	397	
4242	ack	r3	1790218681955	65	
4243	ack	r3	1790218681960	102	
4244	ack	r3	1790218681965	403	
4245	ack	r3	1790218681970	100	
4246	ack	r3	1790218681975	398	
4247	ack	r3	1790218681980	106	
4248	ack	r3	1790218681985	99	
4249	ack	r3	1790218681990	402	
4250	ack	r3	1790218681995	87	
4251	ack	r3	1790218682000	105	
4252	ack	r3	1790218682005	67	
4253	ack	r3	1790218682010	66	
4254	ack	r3	1790218682015	93	
4255	ack	r3	1790218682020	59	
4256	ack	r3	1790218682025	87	
4257	ack	r3	1790218682030	81	
4258	ack	r3	1790218682035	400	
4259	ack	r3	1790218682040	93	
4260	ack	r3	1790218682045	70	
4261	ack	r3	1790218682050	101	
4262	ack	r3	1790218682055	114	
4263	ack	r3	1790218682060	405	
4264	ack	r3	1790218682065	666	
4265	ack	r3	1790218682070	105	
4266	ack	r3	1790218682075	102	
4267	ack	r3	1790218682080	75	
4268	ack	r3	1790218682085	402	
4269	ack	r3	1790218682090	133	
4270	ack	r3	1790218682095	97	
4271	ack	r3	1790218682100	76	
4272	ack	r3	1790218682105	77	
4273	ack	r3	1790218682110	83	
4274	ack	r3	1790218682115	404	
4275	ack	r3	1790218682120	105	
4276	ack	r3	1790218682125	83	
4277	ack	r3	1790218682130	83	
4278	ack	r3	1790218682135	111	
4279	ack	r3	1790218682140	77	
4280	ack	r3	1790218682145	79	
4281	ack	r3	1790218682150	397	
4282	ack	r3	1790218682155	397	
4283	ack	r3	1790218682160	395	
4284	ack	r3	1790218682165	72	
4285	ack	r3	1790218682170	92	
4286	ack	r3	1790218682175	91	
4287	ack	r3	1790218682180	398	
4288	ack	r3	1790218682185	71	
4289	ack	r3	1790218682190	409	
4290	ack	r3	1790218682195	92	
4291	ack	r3	1790218682200	310	
4292	ack	r3	1790218682205	399	
4293	ack	r3	1790218682210	118	
4294	ack	r3	1790218682215	171	
4295	ack	r3	1790218682220	407	
4296	ack	r3	1790218682225	111	
4297	ack	r3	1790218682230	107	
4298	ack	r3	1790218682235	77	
4299	ack	r3	1790218682240	398	
4300	ack	r3	1790218682245	78	
4301	ack	r3	1790218682250	104	
4302	ack	r3	1790218682255	401	
4303	ack	r3	1790218682260	396	
4304	ack	r3	1790218682265	118	
4305	ack	r3	1790218682270	45	
4306	ack	r3	1790218682275	404	
4307	ack	r3	1790218682280	411	
4308	ack	r3	1790218682285	102	
4309	ack	r3	1790218682290	132	
4310	ack	r3	1790218682295	87	
4311	ack	r3	1790218682300	430	
4312	ack	r3	1790218682305	175	
4313	ack	r3	1790218682310	130	
4314	ack	r3	1790218682315	410	
4315	ack	r3	1790218682320	77	
4316	ack	r3	1790218682325	97	
4317	ack	r3	1790218682330	167	
4318	ack	r3	1790218682335	102	
4319	ack	r3	1790218682340	403	
4320	ack	r3	1790218682345	78	
4321	ack	r3	1790218682350	393	
4322	ack	r3	1790218682355	176	
4323	ack	r3	1790218682360	84	
4324	ack	r3	1790218682365	114	
4325	ack	r3	1790218682370	397	
4326	ack	r3	1790218682375	402	
4327	ack	r3	1790218682380	71	
4328	ack	r3	1790218682385	97	
4329	ack	r3	1790218682390	407	
4330	ack	r3	1790218682395	126	
4331	ack	r3	1790218682400	406	
4332	ack	r3	1790218682405	66	
4333	ack	r3	1790218682410	400	
4334	ack	r3	1790218682415	101	
4335	ack	r3	1790218682420	399	
4336	ack	r3	1790218682425	60	
4337	ack	r3	1790218682430	115	
4338	ack	r3	1790218682435	401	
4339	ack	r3	1790218682440	74	
4340	ack	r3	1790218682445	89	
4341	ack	r3	1790218682450	89	
4342	ack	r3	1790218682455	118	
4343	ack	r3	1790218682460	79	
4344	ack	r3	1790218682465	96	
4345	ack	r3	1790218682470	137	
4346	ack	r3	1790218682475	131	
4347	ack	r3	1790218682480	100	
4348	ack	r3	1790218682485	104	
4349	ack	r3	1790218682490	126	
4350	ack	r3	1790218682495	402	
4351	ack	r3	1790218682500	76	
4352	ack	r3	1790218682505	393	
4353	ack	r3	1790218682510	68	
4354	ack	r3	1790218682515	97	
4355	ack	r3	1790218682520	406	
4356	ack	r3	1790218682525	110	
4357	ack	r3	1790218682530	73	
4358	ack	r3	1790218682535	97	
4359	ack	r3	1790218682540	83	
4360	ack	r3	1790218682545	412	
4361	ack	r3	1790218682550	396	
4362	ack	r3	1790218682555	178	
4363	ack	r3	1790218682560	118	
4364	ack	r3	1790218682565	110	
4365	ack	r3	1790218682570	98	
4366	ack	r3	1790218682575	77	
4367	ack	r3	1790218682580	403	
4368	ack	r3	1790218682585	111	
4369	ack	r3	1790218682590	112	
4370	ack	r3	1790218682595	416	
4371	ack	r3	1790218682600	400	
4372	ack	r3	1790218682605	68	
4373	ack	r3	1790218682610	396	
4374	ack	r3	1790218682615	408	
4375	ack	r3	1790218682620	406	
4376	ack	r3	1790218682625	248	
4377	ack	r3	1790218682630	409	
4378	ack	r3	1790218682635	101	
4379	ack	r3	1790218682640	131	
4380	ack	r3	1790218682645	94	
4381	ack	r3	1790218682650	388	
4382	ack	r3	1790218682655	89	
4383	ack	r3	1790218682660	406	
4384	ack	r3	1790218682665	96	
4385	ack	r3	1790218682670	114	
4386	ack	r3	1790218682675	402	
4387	ack	r3	1790218682680	91	
4388	ack	r3	1790218682685	82	
4389	ack	r3	1790218682690	75	
4390	ack	r3	1790218682695	396	
4391	ack	r3	1790218682700	104	
4392	ack	r3	1790218682705	408	
4393	ack	r3	1790218682710	107	
4394	ack	r3	1790218682715	110	
4395	ack	r3	1790218682720	103	
4396	ack	r3	1790218682725	98	
4397	ack	r3	1790218682730	413	
4398	ack	r3	1790218682735	408	
4399	ack	r3	1790218682740	407	
4400	ack	r3	1790218682745	110	
4401	ack	r3	1790218682750	393	
4402	ack	r3	1790218682755	86	
4403	ack	r3	1790218682760	81	
4404	ack	r3	1790218682765	399	
4405	ack	r3	1790218682770	106	
4406	ack	r3	1790218682775	172	
4407	ack	r3	1790218682780	99	
4408	ack	r3	1790218682785	96	
4409	ack	r3	1790218682790	397	
4410	ack	r3	1790218682795	68	
4411	ack	r3	1790218682800	396	
4412	ack	r3	1790218682805	284	
4413	ack	r3	1790218682810	86	
4414	ack	r3	1790218682815	403	
4415	ack	r3	1790218682820	87	
4416	ack	r3	1790218682825	70	
4417	ack	r3	1790218682830	396	
4418	ack	r3	1790218682835	109	
4419	ack	r3	1790218682840	97	
4420	ack	r3	1790218682845	101	
4421	ack	r3	1790218682850	67	
4422	ack	r3	1790218682855	71	
4423	ack	r3	1790218682860	161	
4424	ack	r3	1790218682865	433	
4425	ack	r3	1790218682870	118	
4426	ack	r3	1790218682875	397	
4427	ack	r3	1790218682880	82	
4428	ack	r3	1790218682885	66	
4429	ack	r3	1790218682890	79	
4430	ack	r3	1790218682895	402	
4431	ack	r3	1790218682900	84	
4432	ack	r3	1790218682905	88	
4433	ack	r3	1790218682910	94	
4434	ack	r3	1790218682915	396	
4435	ack	r3	1790218682920	399	
4436	ack	r3	1790218682925	73	
4437	ack	r3	1790218682930	102	
4438	ack	r3	1790218682935	93	
4439	ack	r3	1790218682940	404	
4440	ack	r3	1790218682945	103	
4441	ack	r3	1790218682950	399	
4442	ack	r3	1790218682955	93	
4443	ack	r3	1790218682960	81	
4444	ack	r3	1790218682965	406	
4445	ack	r3	1790218682970	96	
4446	ack	r3	1790218682975	82	
4447	ack	r3	1790218682980	103	
4448	ack	r3	1790218682985	404	
4449	ack	r3	1790218682990	396	
4450	ack	r3	1790218682995	400	
4451	ack	r3	1790218683000	83	
4452	ack	r3	1790218683005	396	
4453	ack	r3	1790218683010	74	
4454	ack	r3	1790218683015	393	
4455	ack	r3	1790218683020	395	
4456	ack	r3	1790218683025	148	
4457	ack	r3	1790218683030	116	
4458	ack	r3	1790218683035	352	
4459	ack	r3	1790218683040	584	
4460	ack	r3	1790218683045	423	
4461	ack	r3	1790218683050	439	
4462	ack	r3	1790218683056	1159	
4463	ack	r3	1790218683061	372	
4464	ack	r3	1790218683065	174	
4465	ack	r3	1790218683070	121	
4466	ack	r3	1790218683075	328	
4467	ack	r3	1790218683080	374	
4468	ack	r3	1790218683085	104	
4469	ack	r3	1790218683090	167	
4470	ack	r3	1790218683095	100	
4471	ack	r3	1790218683100	97	
4472	ack	r3	1790218683105	398	
4473	ack	r3	1790218683110	419	
4474	ack	r3	1790218683115	134	
4475	ack	r3	1790218683120	418	
4476	ack	r3	1790218683125	406	
4477	ack	r3	1790218683130	100	
4478	ack	r3	1790218683135	413	
4479	ack	r3	1790218683140	395	
4480	ack	r3	1790218683145	94	
4481	ack	r3	1790218683150	91	
4482	ack	r3	1790218683155	399	
4483	ack	r3	1790218683160	404	
4484	ack	r3	1790218683165	105	
4485	ack	r3	1790218683170	101	
4486	ack	r3	1790218683175	82	
4487	ack	r3	1790218683180	92	
4488	ack	r3	1790218683185	408	
4489	ack	r3	1790218683190	66	
4490	ack	r3	1790218683195	67	
4491	ack	r3	1790218683200	83	
4492	ack	r3	1790218683205	89	
4493	ack	r3	1790218683210	416	
4494	ack	r3	1790218683215	81	
4495	ack	r3	1790218683220	78	
4496	ack	r3	1790218683225	408	
4497	ack	r3	1790218683230	164	
4498	ack	r3	1790218683235	87	
4499	ack	r3	1790218683240	396	
4500	ack	r3	1790218683245	70	
4501	ack	r3	1790218683250	102	
4502	ack	r3	1790218683255	110	
4503	ack	r3	1790218683260	397	
4504	ack	r3	1790218683265	98	
4505	ack	r3	1790218683270	181	
4506	ack	r3	1790218683275	97	
4507	ack	r3	1790218683280	193	
4508	ack	r3	1790218683285	82	
4509	ack	r3	1790218683290	393	
4510	ack	r3	1790218683295	103	
4511	ack	r3	1790218683300	105	
4512	ack	r3	1790218683305	381	
4513	ack	r3	1790218683310	80	
4514	ack	r3	1790218683315	419	
4515	ack	r3	1790218683320	77	
4516	ack	r3	1790218683325	92	
4517	ack	r3	1790218683330	68	
4518	ack	r3	1790218683335	405	
4519	ack	r3	1790218683340	403	
4520	ack	r3	1790218683345	77	
4521	ack	r3	1790218683350	67	
4522	ack	r3	1790218683355	94	
4523	ack	r3	1790218683360	74	
4524	ack	r3	1790218683365	124	
4525	ack	r3	1790218683370	88	
4526	ack	r3	1790218683375	405	
4527	ack	r3	1790218683380	114	
4528	ack	r3	1790218683385	101	
4529	ack	r3	1790218683390	99	
4530	ack	r3	1790218683395	82	
4531	ack	r3	1790218683400	99	
4532	ack	r3	1790218683405	400	
4533	ack	r3	1790218683410	82	
4534	ack	r3	1790218683415	68	
4535	ack	r3	1790218683420	408	
4536	ack	r3	1790218683425	108	
4537	ack	r3	1790218683430	396	
4538	ack	r3	1790218683435	402	
4539	ack	r3	1790218683440	85	
4540	ack	r3	1790218683445	102	
4541	ack	r3	1790218683450	393	
4542	ack	r3	1790218683455	82	
4543	ack	r3	1790218683460	108	
4544	ack	r3	1790218683465	404	
4545	ack	r3	1790218683470	100	
4546	ack	r3	1790218683475	102	
4547	ack	r3	1790218683480	106	
4548	ack	r3	1790218683485	83	
4549	ack	r3	1790218683490	401	
4550	ack	r3	1790218683495	74	
4551	ack	r3	1790218683500	93	
4552	ack	r3	1790218683505	79	
4553	ack	r3	1790218683510	92	
4554	ack	r3	1790218683515	412	
4555	ack	r3	1790218683520	74	
4556	ack	r3	1790218683525	404	
4557	ack	r3	1790218683530	403	
4558	ack	r3	1790218683535	399	
4559	ack	r3	1790218683540	407	
4560	ack	r3	1790218683545	399	
4561	ack	r3	1790218683550	88	
4562	ack	r3	1790218683555	100	
4563	ack	r3	1790218683560	82	
4564	ack	r3	1790218683565	101	
4565	ack	r3	1790218683570	400	
4566	ack	r3	1790218683575	105	
4567	ack	r3	1790218683580	404	
4568	ack	r3	1790218683585	62	
4569	ack	r3	1790218683590	408	
4570	ack	r3	1790218683595	461	
4571	ack	r3	1790218683600	169	
4572	ack	r3	1790218683605	397	
4573	ack	r3	1790218683610	400	
4574	ack	r3	1790218683615	119	
4575	ack	r3	1790218683620	402	
4576	ack	r3	1790218683625	72	
4577	ack	r3	1790218683630	495	
4578	ack	r3	1790218683635	96	
4579	ack	r3	1790218683640	247	
4580	ack	r3	1790218683645	392	
4581	ack	r3	1790218683650	68	
4582	ack	r3	1790218683655	396	
4583	ack	r3	1790218683660	67	
4584	ack	r3	1790218683665	70	
4585	ack	r3	1790218683670	85	
4586	ack	r3	1790218683675	95	
4587	ack	r3	1790218683680	70	
4588	ack	r3	1790218683685	401	
4589	ack	r3	1790218683690	102	
4590	ack	r3	1790218683695	166	
4591	ack	r3	1790218683700	82	
4592	ack	r3	1790218683705	397	
4593	ack	r3	1790218683710	398	
4594	ack	r3	1790218683715	95	
4595	ack	r3	1790218683720	63	
4596	ack	r3	1790218683725	405	
4597	ack	r3	1790218683730	66	
4598	ack	r3	1790218683735	97	
4599	ack	r3	1790218683740	90	
4600	ack	r3	1790218683745	75	
4601	ack	r3	1790218683750	83	
4602	ack	r3	1790218683755	88	
4603	ack	r3	1790218683760	68	
4604	ack	r3	1790218683765	65	
4605	ack	r3	1790218683770	408	
4606	ack	r3	1790218683775	112	
4607	ack	r3	1790218683780	105	
4608	ack	r3	1790218683785	398	
4609	ack	r3	1790218683790	68	
4610	ack	r3	1790218683795	104	
4611	ack	r3	1790218683800	401	
4612	ack	r3	1790218683805	88	
4613	ack	r3	1790218683810	92	
4614	ack	r3	1790218683815	75	
4615	ack	r3	1790218683820	65	
4616	ack	r3	1790218683825	400	
4617	ack	r3	1790218683830	88	
4618	ack	r3	1790218683835	398	
4619	ack	r3	1790218683840	76	
4620	ack	r3	1790218683845	86	
4621	ack	r3	1790218683850	101	
4622	ack	r3	1790218683855	99	
4623	ack	r3	1790218683860	428	
4624	ack	r3	1790218683865	181	
4625	ack	r3	1790218683870	120	
4626	ack	r3	1790218683875	135	
4627	ack	r3	1790218683880	124	
4628	ack	r3	1790218683885	103	
4629	ack	r3	1790218683890	133	
4630	ack	r3	1790218683895	410	
4631	ack	r3	1790218683900	409	
4632	ack	r3	1790218683905	74	
4633	ack	r3	1790218683910	79	
4634	ack	r3	1790218683915	107	
4635	ack	r3	1790218683920	394	
4636	ack	r3	1790218683925	97	
4637	ack	r3	1790218683930	106	
4638	ack	r3	1790218683935	407	
4639	ack	r3	1790218683940	423	
4640	ack	r3	1790218683945	105	
4641	ack	r3	1790218683950	400	
4642	ack	r3	1790218683955	109	
4643	ack	r3	1790218683960	80	
