seq	status	host	at_ms	latency_us	detail
1	ack	r1	1790218737567	4197	
2	ack	r1	1790218737574	1038	
3	ack	r1	1790218737575	873	
4	ack	r1	1790218737576	876	
5	ack	r1	1790218737577	879	
6	ack	r1	1790218737577	345	
7	ack	r1	1790218737580	2371	
8	ack	r1	1790218737582	940	
9	ack	r1	1790218737583	155	
10	ack	r1	1790218737588	112	
11	ack	r1	1790218737594	267	
12	ack	r1	1790218737599	1136	
13	ack	r1	1790218737604	1062	
14	ack	r1	1790218737610	1958	
15	ack	r1	1790218737613	141	
16	ack	r1	1790218737619	952	
17	ack	r1	1790218737623	114	
18	ack	r1	1790218737629	953	
19	ack	r1	1790218737634	1093	
20	ack	r1	1790218737638	101	
21	ack	r1	1790218737643	146	
22	ack	r1	1790218737648	89	
23	ack	r1	1790218737654	949	
24	ack	r1	1790218737659	100	
25	ack	r1	1790218737663	101	
26	ack	r1	1790218737668	109	
27	ack	r1	1790218737673	138	
28	ack	r1	1790218737679	960	
29	ack	r1	1790218737683	144	
30	ack	r1	1790218737688	104	
31	ack	r1	1790218737695	2000	
32	ack	r1	1790218737698	194	
33	ack	r1	1790218737703	107	
34	ack	r1	1790218737709	989	
35	ack	r1	1790218737713	115	
36	ack	r1	1790218737718	177	
37	ack	r1	1790218737723	179	
38	ack	r1	1790218737728	70	
39	ack	r1	1790218737734	1005	
40	ack	r1	1790218737741	1004	
41	ack	r1	1790218737743	87	
42	ack	r1	1790218737751	2929	
43	ack	r1	1790218737753	115	
44	ack	r1	1790218737758	105	
45	ack	r1	1790218737763	97	
46	ack	r1	1790218737770	1933	
47	ack	r1	1790218737774	1052	
48	ack	r1	1790218737779	1249	
49	ack	r1	1790218737784	1173	
50	ack	r1	1790218737788	225	
51	ack	r1	1790218737794	802	
52	ack	r1	1790218737798	118	
53	ack	r1	1790218737806	1002	
54	ack	r1	1790218737808	71	
55	ack	r1	1790218737813	118	
56	ack	r1	1790218737818	101	
57	ack	r1	1790218737825	1940	
58	ack	r1	1790218737829	136	
59	ack	r1	1790218737833	143	
60	ack	r1	1790218737838	80	
61	ack	r1	1790218737845	175	
62	ack	r1	1790218737848	105	
63	ack	r1	1790218737853	123	
64	ack	r1	1790218737858	117	
65	ack	r1	1790218737866	2946	
66	ack	r1	1790218737868	97	
67	ack	r1	1790218737874	947	
68	ack	r1	1790218737878	70	
69	ack	r1	1790218737885	1946	
70	ack	r1	1790218737888	115	
71	ack	r1	1790218737894	947	
72	ack	r1	1790218737898	77	
73	ack	r1	1790218737903	133	
74	ack	r1	1790218737910	2104	
75	ack	r1	1790218737913	118	
76	ack	r1	1790218737918	95	
77	ack	r1	1790218737923	137	
78	ack	r1	1790218737928	93	
79	ack	r1	1790218737933	79	
80	ack	r1	1790218737938	89	
81	ack	r1	1790218737943	114	
82	ack	r1	1790218737948	114	
83	ack	r1	1790218737953	84	
84	ack	r1	1790218737962	935	
85	ack	r1	1790218737963	138	
86	ack	r1	1790218737969	951	
87	ack	r1	1790218737973	113	
88	ack	r1	1790218737978	131	
89	ack	r1	1790218737984	953	
90	ack	r1	1790218737990	2031	
91	ack	r1	1790218737997	1005	
92	ack	r1	1790218737998	140	
93	ack	r1	1790218738003	126	
94	ack	r1	1790218738008	132	
95	ack	r1	1790218738014	946	
96	ack	r1	1790218738022	3938	
97	ack	r1	1790218738023	62	
98	ack	r1	1790218738028	103	
99	ack	r1	1790218738033	56	
100	ack	r1	1790218738038	80	
101	ack	r1	1790218738043	108	
102	ack	r1	1790218738048	102	
103	ack	r1	1790218738054	945	
104	ack	r1	1790218738058	64	
105	ack	r1	1790218738063	193	
106	ack	r1	1790218738070	1956	
107	ack	r1	1790218738073	112	
108	ack	r1	1790218738078	116	
109	ack	r1	1790218738083	108	
110	ack	r1	1790218738088	95	
111	ack	r1	1790218738093	98	
112	ack	r1	1790218738098	99	
113	ack	r1	1790218738103	81	
114	ack	r1	1790218738111	1007	
115	ack	r1	1790218738113	105	
116	ack	r1	1790218738118	76	
117	ack	r1	1790218738123	189	
118	ack	r1	1790218738129	951	
119	ack	r1	1790218738133	72	
120	ack	r1	1790218738138	101	
121	ack	r1	1790218738143	147	
122	ack	r1	1790218738148	148	
123	ack	r1	1790218738155	1936	
124	ack	r1	1790218738161	944	
125	ack	r1	1790218738164	125	
126	ack	r1	1790218738168	77	
127	ack	r1	1790218738173	117	
128	ack	r1	1790218738180	2061	
129	ack	r1	1790218738183	90	
130	ack	r1	1790218738188	55	
131	ack	r1	1790218738193	124	
132	ack	r1	1790218738199	139	
133	ack	r1	1790218738203	184	
134	ack	r1	1790218738208	194	
135	ack	r1	1790218738213	173	
136	ack	r1	1790218738219	1204	
137	ack	r1	1790218738223	128	
138	ack	r1	1790218738228	106	
139	ack	r1	1790218738233	129	
140	ack	r1	1790218738238	80	
141	ack	r1	1790218738247	3936	
142	ack	r1	1790218738248	105	
143	ack	r1	1790218738254	946	
144	ack	r1	1790218738258	47	
145	ack	r1	1790218738263	126	
146	ack	r1	1790218738269	947	
147	ack	r1	1790218738277	3937	
148	ack	r1	1790218738278	170	
149	ack	r1	1790218738283	109	
150	ack	r1	1790218738288	104	
151	ack	r1	1790218738296	2930	
152	ack	r1	1790218738298	89	
153	ack	r1	1790218738304	942	
154	ack	r1	1790218738308	44	
155	ack	r1	1790218738313	97	
156	ack	r1	1790218738318	118	
157	ack	r1	1790218738323	122	
158	ack	r1	1790218738328	87	
159	ack	r1	1790218738333	117	
160	ack	r1	1790218738338	63	
161	ack	r1	1790218738343	79	
162	ack	r1	1790218738348	184	
163	ack	r1	1790218738354	948	
164	ack	r1	1790218738360	81	
165	ack	r1	1790218738363	66	
166	ack	r1	1790218738369	945	
167	ack	r1	1790218738375	2061	
168	ack	r1	1790218738378	76	
169	ack	r1	1790218738383	173	
170	ack	r1	1790218738388	90	
171	ack	r1	1790218738393	122	
172	ack	r1	1790218738398	117	
173	ack	r1	1790218738403	64	
174	ack	r1	1790218738408	213	
175	ack	r1	1790218738414	383	
176	ack	r1	1790218738418	144	
177	ack	r1	1790218738424	150	
178	ack	r1	1790218738429	149	
179	ack	r1	1790218738434	1255	
180	ack	r1	1790218738440	2080	
181	ack	r1	1790218738444	995	
182	ack	r1	1790218738451	2936	
183	ack	r1	1790218738453	88	
184	ack	r1	1790218738458	88	
185	ack	r1	1790218738464	106	
186	ack	r1	1790218738468	166	
187	ack	r1	1790218738474	1323	
188	ack	r1	1790218738478	229	
189	ack	r1	1790218738484	1002	
190	ack	r1	1790218738488	97	
191	ack	r1	1790218738493	120	
192	ack	r1	1790218738498	131	
193	ack	r1	1790218738503	170	
194	ack	r1	1790218738508	98	
195	ack	r1	1790218738516	952	
196	ack	r1	1790218738518	119	
197	ack	r1	1790218738523	84	
198	ack	r1	1790218738528	90	
199	ack	r1	1790218738533	80	
200	ack	r1	1790218738539	953	
201	ack	r1	1790218738543	89	
202	ack	r1	1790218738548	110	
203	ack	r1	1790218738553	126	
204	ack	r1	1790218738559	351	
205	ack	r1	1790218738564	469	
206	ack	r1	1790218738568	157	
207	ack	r1	1790218738573	152	
208	ack	r1	1790218738578	124	
209	ack	r1	1790218738585	2238	
210	ack	r1	1790218738588	95	
211	ack	r1	1790218738593	63	
212	ack	r1	1790218738598	88	
213	ack	r1	1790218738605	960	
214	ack	r1	1790218738608	80	
215	ack	r1	1790218738613	98	
216	ack	r1	1790218738619	1290	
217	ack	r1	1790218738623	87	
218	ack	r1	1790218738628	81	
219	ack	r1	1790218738633	110	
220	ack	r1	1790218738638	101	
221	ack	r1	1790218738643	107	
222	ack	r1	1790218738648	58	
223	ack	r1	1790218738654	1008	
224	ack	r1	1790218738658	71	
225	ack	r1	1790218738663	76	
226	ack	r1	1790218738668	87	
227	ack	r1	1790218738674	81	
228	ack	r1	1790218738681	952	
229	ack	r1	1790218738683	62	
230	ack	r1	1790218738690	960	
231	ack	r1	1790218738695	1999	
232	ack	r1	1790218738698	111	
233	ack	r1	1790218738703	98	
234	ack	r1	1790218738709	959	
235	ack	r1	1790218738713	113	
236	ack	r1	1790218738719	946	
237	ack	r1	1790218738725	205	
238	ack	r1	1790218738728	103	
239	ack	r1	1790218738733	153	
240	ack	r1	1790218738742	3936	
241	ack	r1	1790218738743	67	
242	ack	r1	1790218738748	77	
243	ack	r1	1790218738756	2950	
244	ack	r1	1790218738758	102	
245	ack	r1	1790218738765	881	
246	ack	r1	1790218738769	1262	
247	ack	r1	1790218738774	1024	
248	ack	r1	1790218738780	150	
249	ack	r1	1790218738783	192	
250	ack	r1	1790218738790	2129	
251	ack	r1	1790218738793	119	
252	ack	r1	1790218738798	95	
253	ack	r1	1790218738803	99	
254	ack	r1	1790218738810	1940	
255	ack	r1	1790218738813	85	
256	ack	r1	1790218738821	2951	
257	ack	r1	1790218738823	104	
258	ack	r1	1790218738830	2079	
259	ack	r1	1790218738833	151	
260	ack	r1	1790218738838	83	
261	ack	r1	1790218738843	150	
262	ack	r1	1790218738848	69	
263	ack	r1	1790218738854	947	
264	ack	r1	1790218738859	103	
265	ack	r1	1790218738863	60	
266	ack	r1	1790218738868	93	
267	ack	r1	1790218738873	88	
268	ack	r1	1790218738878	78	
269	ack	r1	1790218738883	73	
270	ack	r1	1790218738891	2942	
271	ack	r1	1790218738893	104	
272	ack	r1	1790218738898	94	
273	ack	r1	1790218738903	83	
274	ack	r1	1790218738909	944	
275	ack	r1	1790218738913	46	
276	ack	r1	1790218738919	948	
277	ack	r1	1790218738923	74	
278	ack	r1	1790218738929	947	
279	ack	r1	1790218738933	72	
280	ack	r1	1790218738941	2954	
281	ack	r1	1790218738943	52	
282	ack	r1	1790218738948	103	
283	ack	r1	1790218738954	87	
284	ack	r1	1790218738958	71	
285	ack	r1	1790218738965	907	
286	ack	r1	1790218738968	88	
287	ack	r1	1790218738973	117	
288	ack	r1	1790218738981	1000	
289	ack	r1	1790218738983	114	
290	ack	r1	1790218738988	98	
291	ack	r1	1790218738993	126	
292	ack	r1	1790218739000	967	
293	ack	r1	1790218739003	155	
294	ack	r1	1790218739008	137	
295	ack	r1	1790218739014	945	
296	ack	r1	1790218739021	2940	
297	ack	r1	1790218739023	121	
298	ack	r1	1790218739028	101	
299	ack	r1	1790218739037	3942	
300	ack	r1	1790218739038	107	
301	ack	r1	1790218739043	105	
302	ack	r1	1790218739048	104	
303	ack	r1	1790218739056	955	
304	ack	r1	1790218739058	98	
305	ack	r1	1790218739063	102	
306	ack	r1	1790218739069	978	
307	ack	r1	1790218739074	1268	
308	ack	r1	1790218739078	109	
309	ack	r1	1790218739083	101	
310	ack	r1	1790218739088	84	
311	ack	r1	1790218739093	55	
312	ack	r1	1790218739098	108	
313	ack	r1	1790218739104	953	
314	ack	r1	1790218739108	76	
315	ack	r1	1790218739113	107	
316	ack	r1	1790218739119	946	
317	ack	r1	1790218739124	990	
318	ack	r1	1790218739128	75	
319	ack	r1	1790218739133	96	
320	ack	r1	1790218739139	940	
321	ack	r1	1790218739144	82	
322	ack	r1	1790218739148	96	
323	ack	r1	1790218739154	943	
324	ack	r1	1790218739161	1008	
325	ack	r1	1790218739163	83	
326	ack	r1	1790218739168	51	
327	ack	r1	1790218739173	119	
328	ack	r1	1790218739179	944	
329	ack	r1	1790218739184	1216	
330	ack	r1	1790218739188	89	
331	ack	r1	1790218739193	75	
332	ack	r1	1790218739198	84	
333	ack	r1	1790218739203	102	
334	ack	r1	1790218739208	90	
335	ack	r1	1790218739213	72	
336	ack	r1	1790218739218	93	
337	ack	r1	1790218739224	879	
338	ack	r1	1790218739231	1014	
339	ack	r1	1790218739233	97	
340	ack	r1	1790218739238	56	
341	ack	r1	1790218739244	108	
342	ack	r1	1790218739249	1092	
343	ack	r1	1790218739255	2070	
344	ack	r1	1790218739259	122	
345	ack	r1	1790218739265	1943	
346	ack	r1	1790218739269	945	
347	ack	r1	1790218739276	2936	
348	ack	r1	1790218739278	122	
349	ack	r1	1790218739283	114	
350	ack	r1	1790218739288	152	
351	ack	r1	1790218739297	3938	
352	ack	r1	1790218739298	97	
353	ack	r1	1790218739303	117	
354	ack	r1	1790218739311	2940	
355	ack	r1	1790218739313	118	
356	ack	r1	1790218739318	117	
357	ack	r1	1790218739326	2939	
358	ack	r1	1790218739328	111	
359	ack	r1	1790218739333	45	
360	ack	r1	1790218739338	91	
361	ack	r1	1790218739344	960	
362	ack	r1	1790218739349	1365	
363	ack	r1	1790218739355	2063	
364	ack	r1	1790218739360	955	
365	ack	r1	1790218739365	88	
366	ack	r1	1790218739368	67	
367	ack	r1	1790218739373	82	
368	ack	r1	1790218739378	87	
369	ack	r1	1790218739385	2012	
370	ack	r1	1790218739388	122	
371	ack	r1	1790218739393	85	
372	ack	r1	1790218739398	42	
373	ack	r1	1790218739403	159	
374	ack	r1	1790218739409	1173	
375	ack	r1	1790218739413	138	
376	ack	r1	1790218739421	2941	
377	ack	r1	1790218739423	85	
378	ack	r1	1790218739429	778	
379	ack	r1	1790218739434	922	
380	ack	r1	1790218739438	652	
381	ack	r1	1790218739443	145	
382	ack	r1	1790218739448	114	
383	ack	r1	1790218739453	64	
384	ack	r1	1790218739458	64	
385	ack	r1	1790218739463	113	
386	ack	r1	1790218739468	76	
387	ack	r1	1790218739473	91	
388	ack	r1	1790218739478	100	
389	ack	r1	1790218739483	604	
390	ack	r1	1790218739489	985	
391	ack	r1	1790218739493	107	
392	ack	r1	1790218739498	130	
393	ack	r1	1790218739503	104	
394	ack	r1	1790218739508	110	
395	ack	r1	1790218739513	128	
396	ack	r1	1790218739518	119	
397	ack	r1	1790218739523	93	
398	ack	r1	1790218739528	59	
399	ack	r1	1790218739534	943	
400	ack	r1	1790218739540	2060	
401	ack	r1	1790218739545	961	
402	ack	r1	1790218739548	114	
403	ack	r1	1790218739553	109	
404	ack	r1	1790218739558	100	
405	ack	r1	1790218739565	1554	
406	ack	r1	1790218739568	125	
407	ack	r1	1790218739574	228	
408	ack	r1	1790218739579	95	
409	ack	r1	1790218739583	131	
410	ack	r1	1790218739588	52	
411	ack	r1	1790218739597	3947	
412	ack	r1	1790218739598	108	
413	ack	r1	1790218739603	86	
414	ack	r1	1790218739609	949	
415	ack	r1	1790218739615	1992	
416	ack	r1	1790218739619	940	
417	ack	r1	1790218739627	3934	
418	ack	r1	1790218739628	109	
419	ack	r1	1790218739634	939	
420	ack	r1	1790218739638	59	
421	ack	r1	1790218739646	943	
422	ack	r1	1790218739648	91	
423	ack	r1	1790218739656	2929	
424	ack	r1	1790218739658	140	
425	ack	r1	1790218739664	1077	
426	ack	r1	1790218739668	48	
427	ack	r1	1790218739673	75	
428	ack	r1	1790218739681	3057	
429	ack	r1	1790218739684	945	
430	ack	r1	1790218739689	948	
431	ack	r1	1790218739693	53	
432	ack	r1	1790218739698	111	
433	ack	r1	1790218739703	85	
434	ack	r1	1790218739708	78	
435	ack	r1	1790218739713	57	
436	ack	r1	1790218739718	105	
437	ack	r1	1790218739724	956	
438	ack	r1	1790218739732	3933	
439	ack	r1	1790218739733	100	
440	ack	r1	1790218739739	941	
441	ack	r1	1790218739743	63	
442	ack	r1	1790218739748	112	
443	ack	r1	1790218739754	943	
444	ack	r1	1790218739758	45	
445	ack	r1	1790218739765	940	
446	ack	r1	1790218739771	998	
447	ack	r1	1790218739773	57	
448	ack	r1	1790218739779	958	
449	ack	r1	1790218739786	1001	
450	ack	r1	1790218739788	148	
451	ack	r1	1790218739794	944	
452	ack	r1	1790218739798	61	
453	ack	r1	1790218739803	109	
454	ack	r1	1790218739809	948	
455	ack	r1	1790218739813	67	
456	ack	r1	1790218739819	950	
457	ack	r1	1790218739826	1002	
458	ack	r1	1790218739828	71	
459	ack	r1	1790218739833	79	
460	ack	r1	1790218739838	97	
461	ack	r1	1790218739844	947	
462	ack	r1	1790218739848	69	
463	ack	r1	1790218739853	75	
464	ack	r1	1790218739858	66	
465	ack	r1	1790218739863	118	
466	ack	r1	1790218739869	997	
467	ack	r1	1790218739873	45	
468	ack	r1	1790218739879	946	
469	ack	r1	1790218739885	760	
470	ack	r1	1790218739888	66	
471	ack	r1	1790218739897	1001	
472	ack	r1	1790218739898	95	
473	ack	r1	1790218739903	77	
474	ack	r1	1790218739908	97	
475	ack	r1	1790218739915	1932	
476	ack	r1	1790218739918	94	
477	ack	r1	1790218739923	77	
478	ack	r1	1790218739929	943	
479	ack	r1	1790218739937	1004	
480	ack	r1	1790218739938	87	
481	ack	r1	1790218739944	1216	
482	ack	r1	1790218739948	63	
483	ack	r1	1790218739953	65	
484	ack	r1	1790218739958	47	
485	ack	r1	1790218739965	938	
486	ack	r1	1790218739968	54	
487	ack	r1	1790218739973	130	
488	ack	r1	1790218739978	80	
489	ack	r1	1790218739984	80	
490	ack	r1	1790218739991	1006	
491	ack	r1	1790218739993	95	
492	ack	r1	1790218739998	84	
493	ack	r1	1790218740004	944	
494	ack	r1	1790218740008	123	
495	ack	r1	1790218740014	1017	
496	ack	r1	1790218740019	1236	
497	ack	r1	1790218740024	756	
498	ack	r1	1790218740028	111	
499	ack	r1	1790218740035	132	
500	ack	r1	1790218740038	61	
501	ack	r1	1790218740044	943	
502	ack	r1	1790218740048	84	
503	ack	r1	1790218740054	944	
504	ack	r1	1790218740058	59	
505	ack	r1	1790218740064	946	
506	ack	r1	1790218740071	2937	
507	ack	r1	1790218740074	948	
508	ack	r1	1790218740079	940	
509	ack	r1	1790218740083	150	
510	ack	r1	1790218740089	67	
511	ack	r1	1790218740093	76	
512	ack	r1	1790218740098	76	
513	ack	r1	1790218740104	999	
514	ack	r1	1790218740109	1085	
515	ack	r1	1790218740115	1940	
516	ack	r1	1790218740120	1988	
517	ack	r1	1790218740123	94	
518	ack	r1	1790218740128	105	
519	ack	r1	1790218740135	2080	
520	ack	r1	1790218740138	94	
521	ack	r1	1790218740144	990	
522	ack	r1	1790218740150	944	
523	ack	r1	1790218740154	75	
524	ack	r1	1790218740158	54	
525	ack	r1	1790218740163	113	
526	ack	r1	1790218740168	66	
527	ack	r1	1790218740173	122	
528	ack	r1	1790218740178	110	
529	ack	r1	1790218740183	87	
530	ack	r1	1790218740189	1148	
531	ack	r1	1790218740193	68	
532	ack	r1	1790218740199	1173	
533	ack	r1	1790218740205	1984	
534	ack	r1	1790218740209	985	
535	ack	r1	1790218740213	96	
536	ack	r1	1790218740218	110	
537	ack	r1	1790218740224	1586	
538	ack	r1	1790218740228	134	
539	ack	r1	1790218740233	116	
540	ack	r1	1790218740238	145	
541	ack	r1	1790218740244	1002	
542	ack	r1	1790218740248	62	
543	ack	r1	1790218740253	183	
544	ack	r1	1790218740260	1950	
545	ack	r1	1790218740263	134	
546	ack	r1	1790218740268	105	
547	ack	r1	1790218740273	111	
548	ack	r1	1790218740278	105	
549	ack	r1	1790218740283	121	
550	ack	r1	1790218740289	951	
551	ack	r1	1790218740296	2942	
552	ack	r1	1790218740298	116	
553	ack	r1	1790218740304	1165	
554	ack	r1	1790218740311	1002	
555	ack	r1	1790218740313	101	
556	ack	r1	1790218740318	97	
557	ack	r1	1790218740325	133	
558	ack	r1	1790218740328	109	
559	ack	r1	1790218740333	72	
560	ack	r1	1790218740338	91	
561	ack	r1	1790218740343	50	
562	ack	r1	1790218740348	60	
563	ack	r1	1790218740353	78	
564	ack	r1	1790218740358	88	
565	ack	r1	1790218740367	667	
566	ack	r1	1790218740368	101	
567	ack	r1	1790218740374	1173	
568	ack	r1	1790218740378	55	
569	ack	r1	1790218740383	75	
570	ack	r1	1790218740388	99	
571	ack	r1	1790218740394	990	
572	ack	r1	1790218740399	1274	
573	ack	r1	1790218740404	1083	
574	ack	r1	1790218740408	172	
575	ack	r1	1790218740413	110	
576	ack	r1	1790218740421	2949	
577	ack	r1	1790218740423	77	
578	ack	r1	1790218740428	85	
579	ack	r1	1790218740435	1942	
580	ack	r1	1790218740441	949	
581	ack	r1	1790218740443	102	
582	ack	r1	1790218740449	312	
583	ack	r1	1790218740453	106	
584	ack	r1	1790218740458	75	
585	ack	r1	1790218740463	83	
586	ack	r1	1790218740469	1148	
587	ack	r1	1790218740475	777	
588	ack	r1	1790218740479	1169	
589	ack	r1	1790218740483	51	
590	ack	r1	1790218740488	97	
591	ack	r1	1790218740494	939	
592	ack	r1	1790218740498	150	
593	ack	r1	1790218740503	126	
594	ack	r1	1790218740509	678	
595	ack	r1	1790218740513	100	
596	ack	r1	1790218740518	107	
597	ack	r1	1790218740523	92	
598	ack	r1	1790218740529	946	
599	ack	r1	1790218740533	72	
600	ack	r1	1790218740538	125	
601	ack	r1	1790218740544	1158	
602	ack	r1	1790218740551	1005	
603	ack	r1	1790218740554	942	
604	ack	r1	1790218740558	53	
605	ack	r1	1790218740563	152	
606	ack	r1	1790218740568	87	
607	ack	r1	1790218740576	1003	
608	ack	r1	1790218740578	90	
609	ack	r1	1790218740583	95	
610	ack	r1	1790218740589	822	
611	ack	r1	1790218740595	78	
612	ack	r1	1790218740598	73	
613	ack	r1	1790218740603	100	
614	ack	r1	1790218740608	129	
615	ack	r1	1790218740613	66	
616	ack	r1	1790218740618	98	
617	ack	r1	1790218740624	87	
618	ack	r1	1790218740628	45	
619	ack	r1	1790218740635	1941	
620	ack	r1	1790218740639	78	
621	ack	r1	1790218740645	1995	
622	ack	r1	1790218740648	41	
623	ack	r1	1790218740654	943	
624	ack	r1	1790218740658	54	
625	ack	r1	1790218740663	77	
626	ack	r1	1790218740668	83	
627	ack	r1	1790218740673	59	
628	ack	r1	1790218740678	110	
629	ack	r1	1790218740683	74	
630	ack	r1	1790218740688	103	
631	ack	r1	1790218740693	99	
632	ack	r1	1790218740698	111	
633	ack	r1	1790218740704	951	
634	ack	r1	1790218740708	120	
635	ack	r1	1790218740715	1989	
636	ack	r1	1790218740722	1004	
637	ack	r1	1790218740723	100	
638	ack	r1	1790218740728	111	
639	ack	r1	1790218740734	118	
640	ack	r1	1790218740738	104	
641	ack	r1	1790218740745	1988	
642	ack	r1	1790218740748	70	
643	ack	r1	1790218740753	100	
644	ack	r1	1790218740762	3944	
645	ack	r1	1790218740763	62	
646	ack	r1	1790218740768	112	
647	ack	r1	1790218740777	995	
648	ack	r1	1790218740778	98	
649	ack	r1	1790218740783	71	
650	ack	r1	1790218740788	68	
651	ack	r1	1790218740793	91	
652	ack	r1	1790218740798	48	
653	ack	r1	1790218740803	96	
654	ack	r1	1790218740808	51	
655	ack	r1	1790218740813	68	
656	ack	r1	1790218740818	97	
657	ack	r1	1790218740823	79	
658	ack	r1	1790218740832	3942	
659	ack	r1	1790218740833	95	
660	ack	r1	1790218740839	941	
661	ack	r1	1790218740843	81	
662	ack	r1	1790218740848	97	
663	ack	r1	1790218740855	1993	
664	ack	r1	1790218740858	35	
665	ack	r1	1790218740863	66	
666	ack	r1	1790218740868	107	
667	ack	r1	1790218740876	999	
668	ack	r1	1790218740878	153	
669	ack	r1	1790218740883	96	
670	ack	r1	1790218740889	948	
671	ack	r1	1790218740896	1009	
672	ack	r1	1790218740898	76	
673	ack	r1	1790218740903	71	
674	ack	r1	1790218740908	74	
675	ack	r1	1790218740914	1141	
676	ack	r1	1790218740918	59	
677	ack	r1	1790218740923	54	
678	ack	r1	1790218740930	1988	
679	ack	r1	1790218740934	957	
680	ack	r1	1790218740938	92	
681	ack	r1	1790218740945	1936	
682	ack	r1	1790218740950	1942	
683	ack	r1	1790218740956	2943	
684	ack	r1	1790218740958	81	
685	ack	r1	1790218740964	113	
686	ack	r1	1790218740968	64	
687	ack	r1	1790218740973	82	
688	ack	r1	1790218740978	55	
689	ack	r1	1790218740983	124	
690	ack	r1	1790218740988	151	
691	ack	r1	1790218740994	948	
692	ack	r1	1790218741001	1016	
693	ack	r1	1790218741003	91	
694	ack	r1	1790218741009	943	
695	ack	r1	1790218741013	127	
696	ack	r1	1790218741021	998	
697	ack	r1	1790218741023	147	
698	ack	r1	1790218741029	942	
699	ack	r1	1790218741033	141	
700	ack	r1	1790218741039	696	
701	ack	r1	1790218741043	130	
702	ack	r1	1790218741048	207	
703	ack	r1	1790218741054	700	
704	ack	r1	1790218741059	1020	
705	ack	r1	1790218741063	138	
706	ack	r1	1790218741068	439	
707	ack	r1	1790218741073	447	
708	ack	r1	1790218741078	122	
709	ack	r1	1790218741084	946	
710	ack	r1	1790218741091	2945	
711	ack	r1	1790218741093	103	
712	ack	r1	1790218741098	100	
713	ack	r1	1790218741103	194	
714	ack	r1	1790218741108	156	
715	ack	r1	1790218741113	95	
716	ack	r1	1790218741118	175	
717	ack	r1	1790218741123	400	
718	ack	r1	1790218741128	390	
719	ack	r1	1790218741134	954	
720	ack	r1	1790218741138	128	
721	ack	r1	1790218741143	138	
722	ack	r1	1790218741149	952	
723	ack	r1	1790218741156	2967	
724	ack	r1	1790218741159	995	
725	ack	r1	1790218741166	899	
726	ack	r1	1790218741168	192	
727	ack	r1	1790218741173	126	
728	ack	r1	1790218741178	134	
729	ack	r1	1790218741183	132	
730	ack	r1	1790218741188	104	
731	ack	r1	1790218741193	118	
732	ack	r1	1790218741198	105	
733	ack	r1	1790218741203	217	
734	ack	r1	1790218741208	143	
735	ack	r1	1790218741213	416	
736	ack	r1	1790218741219	748	
737	ack	r1	1790218741223	136	
738	ack	r1	1790218741228	117	
739	ack	r1	1790218741234	710	
740	ack	r1	1790218741238	143	
741	ack	r1	1790218741244	1204	
742	ack	r1	1790218741249	1177	
743	ack	r1	1790218741253	144	
744	ack	r1	1790218741258	108	
745	ack	r1	1790218741263	124	
746	ack	r1	1790218741268	125	
747	ack	r1	1790218741274	948	
748	ack	r1	1790218741278	199	
749	ack	r1	1790218741283	178	
750	ack	r1	1790218741288	81	
751	ack	r1	1790218741294	324	
752	ack	r1	1790218741298	109	
753	ack	r1	1790218741303	240	
754	ack	r1	1790218741309	935	
755	ack	r1	1790218741314	284	
756	ack	r1	1790218741318	109	
757	ack	r1	1790218741323	141	
758	ack	r1	1790218741328	166	
759	ack	r1	1790218741333	128	
760	ack	r1	1790218741339	946	
761	ack	r1	1790218741343	127	
762	ack	r1	1790218741348	141	
763	ack	r1	1790218741354	1012	
764	ack	r1	1790218741360	2005	
765	ack	r1	1790218741366	2463	
766	ack	r1	1790218741368	179	
767	ack	r1	1790218741374	943	
768	ack	r1	1790218741378	186	
769	ack	r1	1790218741383	103	
770	ack	r1	1790218741388	140	
771	ack	r1	1790218741394	940	
772	ack	r1	1790218741398	356	
773	ack	r1	1790218741404	943	
774	ack	r1	1790218741408	140	
775	ack	r1	1790218741414	962	
776	ack	r1	1790218741419	1213	
777	ack	r1	1790218741424	1025	
778	ack	r1	1790218741428	122	
779	ack	r1	1790218741434	969	
780	ack	r1	1790218741439	137	
781	ack	r1	1790218741443	132	
782	ack	r1	1790218741448	110	
783	ack	r1	1790218741453	126	
784	ack	r1	1790218741458	220	
785	ack	r1	1790218741463	154	
786	ack	r1	1790218741468	135	
787	ack	r1	1790218741474	160	
788	ack	r1	1790218741478	91	
789	ack	r1	1790218741483	136	
790	ack	r1	1790218741489	1162	
791	ack	r1	1790218741493	117	
792	ack	r1	1790218741498	90	
793	ack	r1	1790218741503	114	
794	ack	r1	1790218741508	122	
795	ack	r1	1790218741514	166	
796	ack	r1	1790218741519	99	
797	ack	r1	1790218741523	658	
798	ack	r1	1790218741528	121	
799	ack	r1	1790218741533	136	
800	ack	r1	1790218741538	124	
801	ack	r1	1790218741543	131	
802	ack	r1	1790218741548	154	
803	ack	r1	1790218741553	132	
804	ack	r1	1790218741558	241	
805	ack	r1	1790218741566	917	
806	ack	r1	1790218741568	165	
807	ack	r1	1790218741574	949	
808	ack	r1	1790218741579	1193	
809	ack	r1	1790218741584	1009	
810	ack	r1	1790218741590	2002	
811	ack	r1	1790218741594	1006	
812	ack	r1	1790218741598	94	
813	ack	r1	1790218741603	190	
814	ack	r1	1790218741608	73	
815	ack	r1	1790218741613	78	
816	ack	r1	1790218741618	114	
817	ack	r1	1790218741623	78	
818	ack	r1	1790218741628	85	
819	ack	r1	1790218741633	67	
820	ack	r1	1790218741638	65	
821	ack	r1	1790218741643	60	
822	ack	r1	1790218741648	66	
823	ack	r1	1790218741653	204	
824	ack	r1	1790218741658	169	
825	ack	r1	1790218741663	216	
826	ack	r1	1790218741668	168	
827	ack	r1	1790218741673	167	
828	ack	r1	1790218741678	148	
829	ack	r1	1790218741683	180	
830	ack	r1	1790218741688	124	
831	ack	r1	1790218741693	140	
832	ack	r1	1790218741698	148	
833	ack	r1	1790218741703	83	
834	ack	r1	1790218741708	160	
835	ack	r1	1790218741713	149	
836	ack	r1	1790218741718	160	
837	ack	r1	1790218741723	149	
838	ack	r1	1790218741728	128	
839	ack	r1	1790218741733	91	
840	ack	r1	1790218741738	199	
841	ack	r1	1790218741743	221	
842	ack	r1	1790218741748	146	
843	ack	r1	1790218741753	171	
844	ack	r1	1790218741758	94	
845	ack	r1	1790218741763	77	
846	ack	r1	1790218741768	145	
847	ack	r1	1790218741773	80	
848	ack	r1	1790218741778	67	
849	ack	r1	1790218741783	73	
850	ack	r1	1790218741788	174	
851	ack	r1	1790218741793	85	
852	ack	r1	1790218741798	78	
853	ack	r1	1790218741803	84	
854	ack	r1	1790218741808	75	
855	ack	r1	1790218741813	63	
856	ack	r1	1790218741818	105	
857	ack	r1	1790218741823	67	
858	ack	r1	1790218741828	66	
859	ack	r1	1790218741833	82	
860	ack	r1	1790218741838	86	
861	ack	r1	1790218741843	72	
862	ack	r1	1790218741848	73	
863	ack	r1	1790218741853	86	
864	ack	r1	1790218741858	73	
865	ack	r1	1790218741863	62	
866	ack	r1	1790218741868	100	
867	ack	r1	1790218741873	81	
868	ack	r1	1790218741878	64	
869	ack	r1	1790218741883	73	
870	ack	r1	1790218741888	84	
871	ack	r1	1790218741893	67	
872	ack	r1	1790218741898	69	
873	ack	r1	1790218741903	87	
874	ack	r1	1790218741908	79	
875	ack	r1	1790218741913	120	
876	ack	r1	1790218741918	118	
877	ack	r1	1790218741923	110	
878	ack	r1	1790218741928	69	
879	ack	r1	1790218741933	78	
880	ack	r1	1790218741938	87	
881	ack	r1	1790218741943	65	
882	ack	r1	1790218741948	66	
883	ack	r1	1790218741953	66	
884	ack	r1	1790218741958	63	
885	ack	r1	1790218741963	98	
886	ack	r1	1790218741968	85	
887	ack	r1	1790218741973	77	
888	ack	r1	1790218741978	72	
889	ack	r1	1790218741983	66	
890	ack	r1	1790218741988	85	
891	ack	r1	1790218741993	69	
892	ack	r1	1790218741998	70	
893	ack	r1	1790218742003	131	
894	ack	r1	1790218742008	68	
895	ack	r1	1790218742013	72	
896	ack	r1	1790218742018	65	
897	ack	r1	1790218742023	66	
898	ack	r1	1790218742028	107	
899	ack	r1	1790218742033	111	
900	ack	r1	1790218742038	95	
901	ack	r1	1790218742044	186	
902	ack	r1	1790218742048	89	
903	ack	r1	1790218742053	66	
904	ack	r1	1790218742058	74	
905	ack	r1	1790218742063	82	
906	ack	r1	1790218742068	78	
907	ack	r1	1790218742073	68	
908	ack	r1	1790218742078	65	
909	ack	r1	1790218742083	70	
910	ack	r1	1790218742088	68	
911	ack	r1	1790218742093	67	
912	ack	r1	1790218742098	66	
913	ack	r1	1790218742103	65	
914	ack	r1	1790218742108	126	
915	ack	r1	1790218742113	81	
916	ack	r1	1790218742118	86	
917	ack	r1	1790218742123	72	
918	ack	r1	1790218742128	72	
919	ack	r1	1790218742133	107	
920	ack	r1	1790218742138	66	
921	ack	r1	1790218742143	64	
922	ack	r1	1790218742148	67	
923	ack	r1	1790218742153	70	
924	ack	r1	1790218742158	65	
925	ack	r1	1790218742163	65	
926	ack	r1	1790218742168	64	
927	ack	r1	1790218742173	71	
928	ack	r1	1790218742178	71	
929	ack	r1	1790218742183	69	
930	ack	r1	1790218742188	79	
931	ack	r1	1790218742193	68	
932	ack	r1	1790218742198	73	
933	ack	r1	1790218742203	110	
934	ack	r1	1790218742208	84	
935	ack	r1	1790218742213	81	
936	ack	r1	1790218742218	70	
937	ack	r1	1790218742223	69	
938	ack	r1	1790218742228	72	
939	ack	r1	1790218742233	63	
940	ack	r1	1790218742238	99	
941	ack	r1	1790218742243	64	
942	ack	r1	1790218742248	67	
943	ack	r1	1790218742253	66	
944	ack	r1	1790218742258	136	
945	ack	r1	1790218742263	168	
946	ack	r1	1790218742268	112	
947	ack	r1	1790218742273	172	
948	ack	r1	1790218742278	166	
949	ack	r1	1790218742283	157	
950	ack	r1	1790218742288	141	
951	ack	r1	1790218742293	106	
952	ack	r1	1790218742298	133	
953	ack	r1	1790218742303	119	
954	ack	r1	1790218742308	154	
955	ack	r1	1790218742313	179	
956	ack	r1	1790218742318	183	
957	ack	r1	1790218742323	132	
958	ack	r1	1790218742328	122	
959	ack	r1	1790218742333	192	
960	ack	r1	1790218742338	147	
961	ack	r1	1790218742343	128	
962	ack	r1	1790218742348	89	
963	ack	r1	1790218742353	102	
964	ack	r1	1790218742358	81	
965	ack	r1	1790218742363	98	
966	ack	r1	1790218742368	105	
967	ack	r1	1790218742373	70	
968	ack	r1	1790218742378	76	
969	ack	r1	1790218742383	68	
970	ack	r1	1790218742388	64	
971	ack	r1	1790218742393	71	
972	ack	r1	1790218742398	66	
973	ack	r1	1790218742403	70	
974	ack	r1	1790218742408	65	
975	ack	r1	1790218742413	70	
976	ack	r1	1790218742418	108	
977	ack	r1	1790218742423	72	
978	ack	r1	1790218742428	75	
979	ack	r1	1790218742433	70	
980	ack	r1	1790218742438	85	
981	ack	r1	1790218742443	70	
982	ack	r1	1790218742448	104	
983	ack	r1	1790218742453	68	
984	ack	r1	1790218742458	66	
985	ack	r1	1790218742463	72	
986	ack	r1	1790218742468	75	
987	ack	r1	1790218742473	72	
988	ack	r1	1790218742478	93	
989	ack	r1	1790218742483	121	
990	ack	r1	1790218742488	140	
991	ack	r1	1790218742493	128	
992	ack	r1	1790218742498	93	
993	ack	r1	1790218742503	89	
994	ack	r1	1790218742508	143	
995	ack	r1	1790218742513	78	
996	ack	r1	1790218742518	71	
997	ack	r1	1790218742523	71	
998	ack	r1	1790218742528	129	
999	ack	r1	1790218742533	116	
1000	ack	r1	1790218742538	125	
1001	ack	r1	1790218742543	158	
1002	ack	r1	1790218742548	94	
1003	ack	r1	1790218742553	105	
1004	ack	r1	1790218742558	72	
1005	ack	r1	1790218742563	68	
1006	ack	r1	1790218742568	67	
1007	ack	r1	1790218742573	69	
1008	ack	r1	1790218742578	71	
1009	ack	r1	1790218742583	73	
1010	ack	r1	1790218742588	88	
1011	ack	r1	1790218742593	101	
1012	ack	r1	1790218742598	80	
1013	ack	r1	1790218742603	71	
1014	ack	r1	1790218742608	93	
1015	ack	r1	1790218742613	86	
1016	ack	r1	1790218742618	71	
1017	ack	r1	1790218742623	67	
1018	ack	r1	1790218742628	67	
1019	ack	r1	1790218742633	72	
1020	ack	r1	1790218742638	71	
1021	ack	r1	1790218742643	67	
1022	ack	r1	1790218742648	66	
1023	ack	r1	1790218742653	68	
1024	ack	r1	1790218742658	114	
1025	ack	r1	1790218742663	68	
1026	ack	r1	1790218742668	71	
1027	ack	r1	1790218742673	111	
1028	ack	r1	1790218742678	112	
1029	ack	r1	1790218742683	70	
1030	ack	r1	1790218742688	136	
1031	ack	r1	1790218742693	89	
1032	ack	r1	1790218742698	72	
1033	ack	r1	1790218742703	70	
1034	ack	r1	1790218742708	75	
1035	ack	r1	1790218742713	69	
1036	ack	r1	1790218742718	65	
1037	ack	r1	1790218742723	74	
1038	ack	r1	1790218742728	73	
1039	ack	r1	1790218742733	64	
1040	ack	r1	1790218742738	64	
1041	ack	r1	1790218742743	64	
1042	ack	r1	1790218742748	67	
1043	ack	r1	1790218742753	107	
1044	ack	r1	1790218742758	92	
1045	ack	r1	1790218742763	125	
1046	ack	r1	1790218742768	71	
1047	ack	r1	1790218742773	68	
1048	ack	r1	1790218742778	64	
1049	ack	r1	1790218742783	71	
1050	ack	r1	1790218742788	80	
1051	ack	r1	1790218742793	67	
1052	ack	r1	1790218742798	67	
1053	ack	r1	1790218742803	70	
1054	ack	r1	1790218742808	71	
1055	ack	r1	1790218742813	64	
1056	ack	r1	1790218742818	67	
1057	ack	r1	1790218742823	75	
1058	ack	r1	1790218742828	66	
1059	ack	r1	1790218742833	67	
1060	ack	r1	1790218742838	67	
1061	ack	r1	1790218742843	68	
1062	ack	r1	1790218742848	126	
1063	ack	r1	1790218742853	105	
1064	ack	r1	1790218742858	89	
1065	ack	r1	1790218742863	161	
1066	ack	r1	1790218742868	150	
1067	ack	r1	1790218742873	130	
1068	ack	r1	1790218742878	88	
1069	ack	r1	1790218742883	85	
1070	ack	r1	1790218742888	71	
1071	ack	r1	1790218742893	195	
1072	ack	r1	1790218742898	128	
1073	ack	r1	1790218742903	90	
1074	ack	r1	1790218742908	118	
1075	ack	r1	1790218742913	149	
1076	ack	r1	1790218742918	165	
1077	ack	r1	1790218742923	173	
1078	ack	r1	1790218742928	124	
1079	ack	r1	1790218742933	137	
1080	ack	r1	1790218742938	185	
1081	ack	r1	1790218742943	73	
1082	ack	r1	1790218742948	79	
1083	ack	r1	1790218742953	94	
1084	ack	r1	1790218742958	93	
1085	ack	r1	1790218742963	71	
1086	ack	r1	1790218742968	116	
1087	ack	r1	1790218742973	125	
1088	ack	r1	1790218742978	64	
1089	ack	r1	1790218742983	70	
1090	ack	r1	1790218742988	79	
1091	ack	r1	1790218742993	74	
1092	ack	r1	1790218742998	65	
1093	ack	r1	1790218743003	104	
1094	ack	r1	1790218743008	72	
1095	ack	r1	1790218743013	135	
1096	ack	r1	1790218743018	95	
1097	ack	r1	1790218743023	75	
1098	ack	r1	1790218743028	78	
1099	ack	r1	1790218743033	73	
1100	ack	r1	1790218743038	80	
1101	ack	r1	1790218743043	81	
1102	ack	r1	1790218743048	64	
1103	ack	r1	1790218743053	80	
1104	ack	r1	1790218743058	70	
1105	ack	r1	1790218743063	70	
1106	ack	r1	1790218743068	117	
1107	ack	r1	1790218743073	73	
1108	ack	r1	1790218743078	113	
1109	ack	r1	1790218743083	73	
1110	ack	r1	1790218743088	84	
1111	ack	r1	1790218743093	66	
1112	ack	r1	1790218743098	73	
1113	ack	r1	1790218743103	99	
1114	ack	r1	1790218743108	68	
1115	ack	r1	1790218743113	79	
1116	ack	r1	1790218743118	76	
1117	ack	r1	1790218743123	77	
1118	ack	r1	1790218743128	82	
1119	ack	r1	1790218743133	73	
1120	ack	r1	1790218743138	73	
1121	ack	r1	1790218743143	73	
1122	ack	r1	1790218743148	58	
1123	ack	r1	1790218743153	75	
1124	ack	r1	1790218743158	69	
1125	ack	r1	1790218743163	57	
1126	ack	r1	1790218743168	67	
1127	ack	r1	1790218743173	91	
1128	ack	r1	1790218743178	64	
1129	ack	r1	1790218743183	84	
1130	ack	r1	1790218743188	66	
1131	ack	r1	1790218743193	64	
1132	ack	r1	1790218743198	68	
1133	ack	r1	1790218743203	68	
1134	ack	r1	1790218743208	183	
1135	ack	r1	1790218743213	142	
1136	ack	r1	1790218743218	101	
1137	ack	r1	1790218743223	76	
1138	ack	r1	1790218743228	71	
1139	ack	r1	1790218743233	80	
1140	ack	r1	1790218743238	86	
1141	ack	r1	1790218743243	70	
1142	ack	r1	1790218743248	65	
1143	ack	r1	1790218743253	79	
1144	ack	r1	1790218743258	67	
1145	ack	r1	1790218743263	71	
1146	ack	r1	1790218743268	68	
1147	ack	r1	1790218743273	66	
1148	ack	r1	1790218743278	63	
1149	ack	r1	1790218743283	69	
1150	ack	r1	1790218743288	113	
1151	ack	r1	1790218743293	72	
1152	ack	r1	1790218743298	65	
1153	ack	r1	1790218743303	68	
1154	ack	r1	1790218743308	68	
1155	ack	r1	1790218743313	66	
1156	ack	r1	1790218743318	77	
1157	ack	r1	1790218743323	131	
1158	ack	r1	1790218743328	87	
1159	ack	r1	1790218743333	73	
1160	ack	r1	1790218743338	77	
1161	ack	r1	1790218743343	71	
1162	ack	r1	1790218743348	70	
1163	ack	r1	1790218743353	68	
1164	ack	r1	1790218743358	70	
1165	ack	r1	1790218743363	65	
1166	ack	r1	1790218743368	72	
1167	ack	r1	1790218743373	79	
1168	ack	r1	1790218743378	65	
1169	ack	r1	1790218743383	68	
1170	ack	r1	1790218743388	69	
1171	ack	r1	1790218743393	92	
1172	ack	r1	1790218743398	87	
1173	ack	r1	1790218743403	68	
1174	ack	r1	1790218743408	66	
1175	ack	r1	1790218743413	63	
1176	ack	r1	1790218743418	63	
1177	ack	r1	1790218743423	62	
1178	ack	r1	1790218743428	57	
1179	ack	r1	1790218743433	72	
1180	ack	r1	1790218743438	59	
1181	ack	r1	1790218743443	78	
1182	ack	r1	1790218743448	153	
1183	ack	r1	1790218743453	142	
1184	ack	r1	1790218743458	111	
1185	ack	r1	1790218743463	136	
1186	ack	r1	1790218743468	152	
1187	ack	r1	1790218743473	96	
1188	ack	r1	1790218743478	191	
1189	ack	r1	1790218743483	178	
1190	ack	r1	1790218743488	97	
1191	ack	r1	1790218743493	158	
1192	ack	r1	1790218743498	217	
1193	ack	r1	1790218743503	98	
1194	ack	r1	1790218743508	156	
1195	ack	r1	1790218743513	180	
1196	ack	r1	1790218743518	249	
1197	ack	r1	1790218743523	354	
1198	ack	r1	1790218743528	139	
1199	ack	r1	1790218743533	136	
1200	ack	r1	1790218743538	77	
1201	ack	r1	1790218743543	255	
1202	ack	r1	1790218743548	161	
1203	ack	r1	1790218743553	150	
1204	ack	r1	1790218743558	113	
1205	ack	r1	1790218743563	64	
1206	ack	r1	1790218743568	107	
1207	ack	r1	1790218743573	73	
1208	ack	r1	1790218743578	68	
1209	ack	r1	1790218743583	74	
1210	ack	r1	1790218743588	100	
1211	ack	r1	1790218743593	77	
1212	ack	r1	1790218743598	78	
1213	ack	r1	1790218743603	197	
1214	ack	r1	1790218743608	70	
1215	ack	r1	1790218743613	80	
1216	ack	r1	1790218743618	121	
1217	ack	r1	1790218743623	73	
1218	ack	r1	1790218743628	65	
1219	ack	r1	1790218743633	68	
1220	ack	r1	1790218743638	87	
1221	ack	r1	1790218743643	77	
1222	ack	r1	1790218743648	180	
1223	ack	r1	1790218743653	110	
1224	ack	r1	1790218743658	74	
1225	ack	r1	1790218743663	68	
1226	ack	r1	1790218743668	107	
1227	ack	r1	1790218743673	88	
1228	ack	r1	1790218743678	76	
1229	ack	r1	1790218743683	74	
1230	ack	r1	1790218743688	133	
1231	ack	r1	1790218743693	138	
1232	ack	r1	1790218743698	102	
1233	ack	r1	1790218743703	130	
1234	ack	r1	1790218743708	118	
1235	ack	r1	1790218743713	95	
1236	ack	r1	1790218743718	139	
1237	ack	r1	1790218743723	77	
1238	ack	r1	1790218743728	76	
1239	ack	r1	1790218743733	64	
1240	ack	r1	1790218743738	149	
1241	ack	r1	1790218743743	86	
1242	ack	r1	1790218743748	74	
1243	ack	r1	1790218743753	70	
1244	ack	r1	1790218743758	68	
1245	ack	r1	1790218743763	74	
1246	ack	r1	1790218743768	69	
1247	ack	r1	1790218743773	119	
1248	ack	r1	1790218743778	109	
1249	ack	r1	1790218743783	99	
1250	ack	r1	1790218743788	114	
1251	ack	r1	1790218743793	95	
1252	ack	r1	1790218743798	84	
1253	ack	r1	1790218743803	98	
1254	ack	r1	1790218743808	99	
1255	ack	r1	1790218743813	145	
1256	ack	r1	1790218743818	68	
1257	ack	r1	1790218743823	84	
1258	ack	r1	1790218743828	67	
1259	ack	r1	1790218743833	67	
1260	ack	r1	1790218743838	73	
1261	ack	r1	1790218743843	63	
1262	ack	r1	1790218743848	70	
1263	ack	r1	1790218743853	65	
1264	ack	r1	1790218743858	64	
1265	ack	r1	1790218743863	67	
1266	ack	r1	1790218743868	65	
1267	ack	r1	1790218743873	56	
1268	ack	r1	1790218743878	59	
1269	ack	r1	1790218743883	63	
1270	ack	r1	1790218743888	118	
1271	ack	r1	1790218743893	105	
1272	ack	r1	1790218743898	79	
1273	ack	r1	1790218743903	70	
1274	ack	r1	1790218743908	65	
1275	ack	r1	1790218743913	70	
1276	ack	r1	1790218743918	103	
1277	ack	r1	1790218743923	63	
1278	ack	r1	1790218743928	64	
1279	ack	r1	1790218743933	69	
1280	ack	r1	1790218743938	107	
1281	ack	r1	1790218743943	89	
1282	ack	r1	1790218743948	69	
1283	ack	r1	1790218743953	66	
1284	ack	r1	1790218743958	63	
1285	ack	r1	1790218743963	67	
1286	ack	r1	1790218743968	71	
1287	ack	r1	1790218743973	71	
1288	ack	r1	1790218743978	86	
1289	ack	r1	1790218743983	75	
1290	ack	r1	1790218743988	87	
1291	ack	r1	1790218743993	77	
1292	ack	r1	1790218743998	73	
1293	ack	r1	1790218744003	77	
1294	ack	r1	1790218744008	65	
1295	ack	r1	1790218744013	77	
1296	ack	r1	1790218744018	63	
1297	ack	r1	1790218744023	144	
1298	ack	r1	1790218744028	62	
1299	ack	r1	1790218744033	63	
1300	ack	r1	1790218744038	65	
1301	ack	r1	1790218744043	58	
1302	ack	r1	1790218744048	108	
1303	ack	r1	1790218744053	147	
1304	ack	r1	1790218744058	155	
1305	ack	r1	1790218744063	137	
1306	ack	r1	1790218744068	144	
1307	ack	r1	1790218744073	122	
1308	ack	r1	1790218744078	147	
1309	ack	r1	1790218744083	144	
1310	ack	r1	1790218744088	250	
1311	ack	r1	1790218744093	139	
1312	ack	r1	1790218744098	89	
1313	ack	r1	1790218744103	168	
1314	ack	r1	1790218744108	129	
1315	ack	r1	1790218744113	148	
1316	ack	r1	1790218744118	81	
1317	ack	r1	1790218744123	160	
1318	ack	r1	1790218744128	217	
1319	ack	r1	1790218744133	158	
1320	ack	r1	1790218744138	120	
1321	ack	r1	1790218744143	62	
1322	ack	r1	1790218744148	67	
1323	ack	r1	1790218744153	113	
1324	ack	r1	1790218744158	89	
1325	ack	r1	1790218744163	72	
1326	ack	r1	1790218744168	112	
1327	ack	r1	1790218744173	108	
1328	ack	r1	1790218744178	111	
1329	ack	r1	1790218744183	97	
1330	ack	r1	1790218744188	113	
1331	ack	r1	1790218744193	68	
1332	ack	r1	1790218744198	73	
1333	ack	r1	1790218744203	88	
1334	ack	r1	1790218744208	81	
1335	ack	r1	1790218744213	70	
1336	ack	r1	1790218744218	128	
1337	ack	r1	1790218744223	73	
1338	ack	r1	1790218744228	68	
1339	ack	r1	1790218744233	106	
1340	ack	r1	1790218744238	77	
1341	ack	r1	1790218744243	109	
1342	ack	r1	1790218744248	91	
1343	ack	r1	1790218744253	105	
1344	ack	r1	1790218744258	97	
1345	ack	r1	1790218744263	62	
1346	ack	r1	1790218744268	97	
1347	ack	r1	1790218744273	64	
1348	ack	r1	1790218744278	59	
1349	ack	r1	1790218744283	62	
1350	ack	r1	1790218744288	79	
1351	ack	r1	1790218744293	76	
1352	ack	r1	1790218744298	65	
1353	ack	r1	1790218744303	83	
1354	ack	r1	1790218744308	75	
1355	ack	r1	1790218744313	64	
1356	ack	r1	1790218744318	61	
1357	ack	r1	1790218744323	71	
1358	ack	r1	1790218744328	64	
1359	ack	r1	1790218744333	85	
1360	ack	r1	1790218744338	130	
1361	ack	r1	1790218744343	67	
1362	ack	r1	1790218744348	71	
1363	ack	r1	1790218744353	67	
1364	ack	r1	1790218744358	74	
1365	ack	r1	1790218744363	100	
1366	ack	r1	1790218744368	93	
1367	ack	r1	1790218744373	66	
1368	ack	r1	1790218744378	67	
1369	ack	r1	1790218744383	58	
1370	ack	r1	1790218744388	62	
1371	ack	r1	1790218744393	64	
1372	ack	r1	1790218744398	92	
1373	ack	r1	1790218744403	62	
1374	ack	r1	1790218744408	68	
1375	ack	r1	1790218744413	61	
1376	ack	r1	1790218744418	59	
1377	ack	r1	1790218744423	66	
1378	ack	r1	1790218744428	63	
1379	ack	r1	1790218744433	64	
1380	ack	r1	1790218744438	64	
1381	ack	r1	1790218744443	87	
1382	ack	r1	1790218744448	69	
1383	ack	r1	1790218744453	58	
1384	ack	r1	1790218744458	64	
1385	ack	r1	1790218744463	61	
1386	ack	r1	1790218744468	66	
1387	ack	r1	1790218744473	59	
1388	ack	r1	1790218744478	60	
1389	ack	r1	1790218744483	69	
1390	ack	r1	1790218744488	88	
1391	ack	r1	1790218744493	77	
1392	ack	r1	1790218744498	68	
1393	ack	r1	1790218744503	69	
1394	ack	r1	1790218744508	108	
1395	ack	r1	1790218744513	107	
1396	ack	r1	1790218744518	52	
1397	ack	r1	1790218744523	126	
1398	error	r1	1790218744528	164	NOREPLICAS Not enough good replicas to write.
1399	error	r1	1790218744533	142	NOREPLICAS Not enough good replicas to write.
1400	error	r1	1790218744538	115	NOREPLICAS Not enough good replicas to write.
1401	error	r1	1790218744543	209	NOREPLICAS Not enough good replicas to write.
1402	error	r1	1790218744548	138	NOREPLICAS Not enough good replicas to write.
1403	error	r1	1790218744553	175	NOREPLICAS Not enough good replicas to write.
1404	error	r1	1790218744558	211	NOREPLICAS Not enough good replicas to write.
1405	error	r1	1790218744564	117	NOREPLICAS Not enough good replicas to write.
1406	error	r1	1790218744568	105	NOREPLICAS Not enough good replicas to write.
1407	error	r1	1790218744573	202	NOREPLICAS Not enough good replicas to write.
1408	error	r1	1790218744578	105	NOREPLICAS Not enough good replicas to write.
1409	error	r1	1790218744583	152	NOREPLICAS Not enough good replicas to write.
1410	error	r1	1790218744588	80	NOREPLICAS Not enough good replicas to write.
1411	error	r1	1790218744593	106	NOREPLICAS Not enough good replicas to write.
1412	error	r1	1790218744598	87	NOREPLICAS Not enough good replicas to write.
1413	error	r1	1790218744603	73	NOREPLICAS Not enough good replicas to write.
1414	error	r1	1790218744608	154	NOREPLICAS Not enough good replicas to write.
1415	error	r1	1790218744613	64	NOREPLICAS Not enough good replicas to write.
1416	error	r1	1790218744618	123	NOREPLICAS Not enough good replicas to write.
1417	error	r1	1790218744623	71	NOREPLICAS Not enough good replicas to write.
1418	error	r1	1790218744628	160	NOREPLICAS Not enough good replicas to write.
1419	error	r1	1790218744633	93	NOREPLICAS Not enough good replicas to write.
1420	error	r1	1790218744638	101	NOREPLICAS Not enough good replicas to write.
1421	error	r1	1790218744643	251	NOREPLICAS Not enough good replicas to write.
1422	error	r1	1790218744648	88	NOREPLICAS Not enough good replicas to write.
1423	error	r1	1790218744653	116	NOREPLICAS Not enough good replicas to write.
1424	error	r1	1790218744658	146	NOREPLICAS Not enough good replicas to write.
1425	error	r1	1790218744663	147	NOREPLICAS Not enough good replicas to write.
1426	error	r1	1790218744668	187	NOREPLICAS Not enough good replicas to write.
1427	error	r1	1790218744673	177	NOREPLICAS Not enough good replicas to write.
1428	error	r1	1790218744678	114	NOREPLICAS Not enough good replicas to write.
1429	error	r1	1790218744683	83	NOREPLICAS Not enough good replicas to write.
1430	error	r1	1790218744688	124	NOREPLICAS Not enough good replicas to write.
1431	error	r1	1790218744693	216	NOREPLICAS Not enough good replicas to write.
1432	error	r1	1790218744698	197	NOREPLICAS Not enough good replicas to write.
1433	error	r1	1790218744703	214	NOREPLICAS Not enough good replicas to write.
1434	error	r1	1790218744708	212	NOREPLICAS Not enough good replicas to write.
1435	error	r1	1790218744713	94	NOREPLICAS Not enough good replicas to write.
1436	error	r1	1790218744718	181	NOREPLICAS Not enough good replicas to write.
1437	error	r1	1790218744723	130	NOREPLICAS Not enough good replicas to write.
1438	error	r1	1790218744728	137	NOREPLICAS Not enough good replicas to write.
1439	error	r1	1790218744733	107	NOREPLICAS Not enough good replicas to write.
1440	error	r1	1790218744738	124	NOREPLICAS Not enough good replicas to write.
1441	error	r1	1790218744743	99	NOREPLICAS Not enough good replicas to write.
1442	error	r1	1790218744748	81	NOREPLICAS Not enough good replicas to write.
1443	error	r1	1790218744753	97	NOREPLICAS Not enough good replicas to write.
1444	error	r1	1790218744758	73	NOREPLICAS Not enough good replicas to write.
1445	error	r1	1790218744763	78	NOREPLICAS Not enough good replicas to write.
1446	error	r1	1790218744768	159	NOREPLICAS Not enough good replicas to write.
1447	error	r1	1790218744773	64	NOREPLICAS Not enough good replicas to write.
1448	error	r1	1790218744778	79	NOREPLICAS Not enough good replicas to write.
1449	error	r1	1790218744783	109	NOREPLICAS Not enough good replicas to write.
1450	error	r1	1790218744788	95	NOREPLICAS Not enough good replicas to write.
1451	error	r1	1790218744793	104	NOREPLICAS Not enough good replicas to write.
1452	error	r1	1790218744798	77	NOREPLICAS Not enough good replicas to write.
1453	error	r1	1790218744803	87	NOREPLICAS Not enough good replicas to write.
1454	error	r1	1790218744808	78	NOREPLICAS Not enough good replicas to write.
1455	error	r1	1790218744813	72	NOREPLICAS Not enough good replicas to write.
1456	error	r1	1790218744818	146	NOREPLICAS Not enough good replicas to write.
1457	error	r1	1790218744823	73	NOREPLICAS Not enough good replicas to write.
1458	error	r1	1790218744828	75	NOREPLICAS Not enough good replicas to write.
1459	error	r1	1790218744833	61	NOREPLICAS Not enough good replicas to write.
1460	error	r1	1790218744838	108	NOREPLICAS Not enough good replicas to write.
1461	error	r1	1790218744843	213	NOREPLICAS Not enough good replicas to write.
1462	error	r1	1790218744848	92	NOREPLICAS Not enough good replicas to write.
1463	error	r1	1790218744853	116	NOREPLICAS Not enough good replicas to write.
1464	error	r1	1790218744858	84	NOREPLICAS Not enough good replicas to write.
1465	error	r1	1790218744863	46	NOREPLICAS Not enough good replicas to write.
1466	error	r1	1790218744868	175	NOREPLICAS Not enough good replicas to write.
1467	error	r1	1790218744873	75	NOREPLICAS Not enough good replicas to write.
1468	error	r1	1790218744878	175	NOREPLICAS Not enough good replicas to write.
1469	error	r1	1790218744883	77	NOREPLICAS Not enough good replicas to write.
1470	error	r1	1790218744888	106	NOREPLICAS Not enough good replicas to write.
1471	error	r1	1790218744893	91	NOREPLICAS Not enough good replicas to write.
1472	error	r1	1790218744898	94	NOREPLICAS Not enough good replicas to write.
1473	error	r1	1790218744903	120	NOREPLICAS Not enough good replicas to write.
1474	error	r1	1790218744908	76	NOREPLICAS Not enough good replicas to write.
1475	error	r1	1790218744913	49	NOREPLICAS Not enough good replicas to write.
1476	error	r1	1790218744918	157	NOREPLICAS Not enough good replicas to write.
1477	error	r1	1790218744923	103	NOREPLICAS Not enough good replicas to write.
1478	error	r1	1790218744928	77	NOREPLICAS Not enough good replicas to write.
1479	error	r1	1790218744933	73	NOREPLICAS Not enough good replicas to write.
1480	error	r1	1790218744938	110	NOREPLICAS Not enough good replicas to write.
1481	error	r1	1790218744943	83	NOREPLICAS Not enough good replicas to write.
1482	error	r1	1790218744948	89	NOREPLICAS Not enough good replicas to write.
1483	error	r1	1790218744953	46	NOREPLICAS Not enough good replicas to write.
1484	error	r1	1790218744958	163	NOREPLICAS Not enough good replicas to write.
1485	error	r1	1790218744963	83	NOREPLICAS Not enough good replicas to write.
1486	error	r1	1790218744968	96	NOREPLICAS Not enough good replicas to write.
1487	error	r1	1790218744973	77	NOREPLICAS Not enough good replicas to write.
1488	error	r1	1790218744978	67	NOREPLICAS Not enough good replicas to write.
1489	error	r1	1790218744983	97	NOREPLICAS Not enough good replicas to write.
1490	error	r1	1790218744988	87	NOREPLICAS Not enough good replicas to write.
1491	error	r1	1790218744993	67	NOREPLICAS Not enough good replicas to write.
1492	error	r1	1790218744998	101	NOREPLICAS Not enough good replicas to write.
1493	error	r1	1790218745003	62	NOREPLICAS Not enough good replicas to write.
1494	error	r1	1790218745008	74	NOREPLICAS Not enough good replicas to write.
1495	error	r1	1790218745013	73	NOREPLICAS Not enough good replicas to write.
1496	error	r1	1790218745018	63	NOREPLICAS Not enough good replicas to write.
1497	error	r1	1790218745023	70	NOREPLICAS Not enough good replicas to write.
1498	error	r1	1790218745028	69	NOREPLICAS Not enough good replicas to write.
1499	error	r1	1790218745033	76	NOREPLICAS Not enough good replicas to write.
1500	error	r1	1790218745038	157	NOREPLICAS Not enough good replicas to write.
1501	error	r1	1790218745043	192	NOREPLICAS Not enough good replicas to write.
1502	error	r1	1790218745048	98	NOREPLICAS Not enough good replicas to write.
1503	error	r1	1790218745053	71	NOREPLICAS Not enough good replicas to write.
1504	error	r1	1790218745058	105	NOREPLICAS Not enough good replicas to write.
1505	error	r1	1790218745063	75	NOREPLICAS Not enough good replicas to write.
1506	error	r1	1790218745068	44	NOREPLICAS Not enough good replicas to write.
1507	error	r1	1790218745073	50	NOREPLICAS Not enough good replicas to write.
1508	error	r1	1790218745078	87	NOREPLICAS Not enough good replicas to write.
1509	error	r1	1790218745083	67	NOREPLICAS Not enough good replicas to write.
1510	error	r1	1790218745088	81	NOREPLICAS Not enough good replicas to write.
1511	error	r1	1790218745093	87	NOREPLICAS Not enough good replicas to write.
1512	error	r1	1790218745098	103	NOREPLICAS Not enough good replicas to write.
1513	error	r1	1790218745103	85	NOREPLICAS Not enough good replicas to write.
1514	error	r1	1790218745108	99	NOREPLICAS Not enough good replicas to write.
1515	error	r1	1790218745113	99	NOREPLICAS Not enough good replicas to write.
1516	error	r1	1790218745118	85	NOREPLICAS Not enough good replicas to write.
1517	error	r1	1790218745123	76	NOREPLICAS Not enough good replicas to write.
1518	error	r1	1790218745128	46	NOREPLICAS Not enough good replicas to write.
1519	error	r1	1790218745133	59	NOREPLICAS Not enough good replicas to write.
1520	error	r1	1790218745138	98	NOREPLICAS Not enough good replicas to write.
1521	error	r1	1790218745143	129	NOREPLICAS Not enough good replicas to write.
1522	error	r1	1790218745148	102	NOREPLICAS Not enough good replicas to write.
1523	error	r1	1790218745153	77	NOREPLICAS Not enough good replicas to write.
1524	error	r1	1790218745158	87	NOREPLICAS Not enough good replicas to write.
1525	error	r1	1790218745164	100	NOREPLICAS Not enough good replicas to write.
1526	error	r1	1790218745168	236	NOREPLICAS Not enough good replicas to write.
1527	error	r1	1790218745173	144	NOREPLICAS Not enough good replicas to write.
1528	error	r1	1790218745178	139	NOREPLICAS Not enough good replicas to write.
1529	error	r1	1790218745183	108	NOREPLICAS Not enough good replicas to write.
1530	error	r1	1790218745188	131	NOREPLICAS Not enough good replicas to write.
1531	error	r1	1790218745193	164	NOREPLICAS Not enough good replicas to write.
1532	error	r1	1790218745198	106	NOREPLICAS Not enough good replicas to write.
1533	error	r1	1790218745203	152	NOREPLICAS Not enough good replicas to write.
1534	error	r1	1790218745208	129	NOREPLICAS Not enough good replicas to write.
1535	error	r1	1790218745213	136	NOREPLICAS Not enough good replicas to write.
1536	error	r1	1790218745218	136	NOREPLICAS Not enough good replicas to write.
1537	error	r1	1790218745223	101	NOREPLICAS Not enough good replicas to write.
1538	error	r1	1790218745228	58	NOREPLICAS Not enough good replicas to write.
1539	error	r1	1790218745233	213	NOREPLICAS Not enough good replicas to write.
1540	error	r1	1790218745238	67	NOREPLICAS Not enough good replicas to write.
1541	error	r1	1790218745243	292	NOREPLICAS Not enough good replicas to write.
1542	error	r1	1790218745248	137	NOREPLICAS Not enough good replicas to write.
1543	error	r1	1790218745253	72	NOREPLICAS Not enough good replicas to write.
1544	error	r1	1790218745258	179	NOREPLICAS Not enough good replicas to write.
1545	error	r1	1790218745263	222	NOREPLICAS Not enough good replicas to write.
1546	error	r1	1790218745268	143	NOREPLICAS Not enough good replicas to write.
1547	error	r1	1790218745273	140	NOREPLICAS Not enough good replicas to write.
1548	error	r1	1790218745281	2957	NOREPLICAS Not enough good replicas to write.
1549	error	r1	1790218745285	1979	NOREPLICAS Not enough good replicas to write.
1550	error	r1	1790218745289	280	NOREPLICAS Not enough good replicas to write.
1551	error	r1	1790218745294	262	NOREPLICAS Not enough good replicas to write.
1552	error	r1	1790218745298	471	NOREPLICAS Not enough good replicas to write.
1553	error	r1	1790218745303	603	NOREPLICAS Not enough good replicas to write.
1554	error	r1	1790218745308	273	NOREPLICAS Not enough good replicas to write.
1555	error	r1	1790218745314	763	NOREPLICAS Not enough good replicas to write.
1556	error	r1	1790218745320	2048	NOREPLICAS Not enough good replicas to write.
1557	error	r1	1790218745323	140	NOREPLICAS Not enough good replicas to write.
1558	error	r1	1790218745329	985	NOREPLICAS Not enough good replicas to write.
1559	error	r1	1790218745334	1168	NOREPLICAS Not enough good replicas to write.
1560	error	r1	1790218745339	1002	NOREPLICAS Not enough good replicas to write.
1561	error	r1	1790218745345	2002	NOREPLICAS Not enough good replicas to write.
1562	error	r1	1790218745348	96	NOREPLICAS Not enough good replicas to write.
1563	error	r1	1790218745354	1013	NOREPLICAS Not enough good replicas to write.
1564	error	r1	1790218745359	1016	NOREPLICAS Not enough good replicas to write.
1565	error	r1	1790218745367	931	NOREPLICAS Not enough good replicas to write.
1566	error	r1	1790218745368	133	NOREPLICAS Not enough good replicas to write.
1567	error	r1	1790218745373	76	NOREPLICAS Not enough good replicas to write.
1568	error	r1	1790218745379	1033	NOREPLICAS Not enough good replicas to write.
1569	error	r1	1790218745386	2951	NOREPLICAS Not enough good replicas to write.
1570	error	r1	1790218745388	83	NOREPLICAS Not enough good replicas to write.
1571	error	r1	1790218745394	1573	NOREPLICAS Not enough good replicas to write.
1572	error	r1	1790218745401	2958	NOREPLICAS Not enough good replicas to write.
1573	error	r1	1790218745403	96	NOREPLICAS Not enough good replicas to write.
1574	error	r1	1790218745408	62	NOREPLICAS Not enough good replicas to write.
1575	error	r1	1790218745413	197	NOREPLICAS Not enough good replicas to write.
1576	error	r1	1790218745420	981	NOREPLICAS Not enough good replicas to write.
1577	error	r1	1790218745423	84	NOREPLICAS Not enough good replicas to write.
1578	error	r1	1790218745429	1194	NOREPLICAS Not enough good replicas to write.
1579	error	r1	1790218745436	2952	NOREPLICAS Not enough good replicas to write.
1580	error	r1	1790218745438	77	NOREPLICAS Not enough good replicas to write.
1581	error	r1	1790218745444	950	NOREPLICAS Not enough good replicas to write.
1582	error	r1	1790218745448	65	NOREPLICAS Not enough good replicas to write.
1583	error	r1	1790218745454	1180	NOREPLICAS Not enough good replicas to write.
1584	error	r1	1790218745461	2946	NOREPLICAS Not enough good replicas to write.
1585	error	r1	1790218745463	81	NOREPLICAS Not enough good replicas to write.
1586	error	r1	1790218745469	945	NOREPLICAS Not enough good replicas to write.
1587	error	r1	1790218745473	82	NOREPLICAS Not enough good replicas to write.
1588	error	r1	1790218745480	1995	NOREPLICAS Not enough good replicas to write.
1589	error	r1	1790218745484	863	NOREPLICAS Not enough good replicas to write.
1590	error	r1	1790218745489	1000	NOREPLICAS Not enough good replicas to write.
1591	error	r1	1790218745495	1996	NOREPLICAS Not enough good replicas to write.
1592	error	r1	1790218745501	2962	NOREPLICAS Not enough good replicas to write.
1593	error	r1	1790218745503	73	NOREPLICAS Not enough good replicas to write.
1594	error	r1	1790218745508	75	NOREPLICAS Not enough good replicas to write.
1595	error	r1	1790218745513	62	NOREPLICAS Not enough good replicas to write.
1596	error	r1	1790218745519	993	NOREPLICAS Not enough good replicas to write.
1597	error	r1	1790218745524	311	NOREPLICAS Not enough good replicas to write.
1598	error	r1	1790218745529	687	NOREPLICAS Not enough good replicas to write.
1599	error	r1	1790218745534	900	NOREPLICAS Not enough good replicas to write.
1600	error	r1	1790218745538	231	NOREPLICAS Not enough good replicas to write.
1601	error	r1	1790218745545	1984	NOREPLICAS Not enough good replicas to write.
1602	error	r1	1790218745549	909	NOREPLICAS Not enough good replicas to write.
1603	error	r1	1790218745554	1140	NOREPLICAS Not enough good replicas to write.
1604	error	r1	1790218745559	997	NOREPLICAS Not enough good replicas to write.
1605	error	r1	1790218745563	113	NOREPLICAS Not enough good replicas to write.
1606	error	r1	1790218745568	68	NOREPLICAS Not enough good replicas to write.
1607	error	r1	1790218745573	94	NOREPLICAS Not enough good replicas to write.
1608	error	r1	1790218745578	412	NOREPLICAS Not enough good replicas to write.
1609	error	r1	1790218745585	194	NOREPLICAS Not enough good replicas to write.
1610	error	r1	1790218745589	954	NOREPLICAS Not enough good replicas to write.
1611	error	r1	1790218745593	115	NOREPLICAS Not enough good replicas to write.
1612	error	r1	1790218745599	1015	NOREPLICAS Not enough good replicas to write.
1613	error	r1	1790218745603	142	NOREPLICAS Not enough good replicas to write.
1614	error	r1	1790218745609	981	NOREPLICAS Not enough good replicas to write.
1615	error	r1	1790218745613	120	NOREPLICAS Not enough good replicas to write.
1616	error	r1	1790218745619	1062	NOREPLICAS Not enough good replicas to write.
1617	error	r1	1790218745626	2940	NOREPLICAS Not enough good replicas to write.
1618	error	r1	1790218745628	76	NOREPLICAS Not enough good replicas to write.
1619	error	r1	1790218745634	997	NOREPLICAS Not enough good replicas to write.
1620	error	r1	1790218745639	1018	NOREPLICAS Not enough good replicas to write.
1621	error	r1	1790218745644	1198	NOREPLICAS Not enough good replicas to write.
1622	error	r1	1790218745648	86	NOREPLICAS Not enough good replicas to write.
1623	error	r1	1790218745654	953	NOREPLICAS Not enough good replicas to write.
1624	error	r1	1790218745661	2934	NOREPLICAS Not enough good replicas to write.
1625	error	r1	1790218745663	59	NOREPLICAS Not enough good replicas to write.
1626	error	r1	1790218745668	114	NOREPLICAS Not enough good replicas to write.
1627	error	r1	1790218745673	120	NOREPLICAS Not enough good replicas to write.
1628	error	r1	1790218745679	681	NOREPLICAS Not enough good replicas to write.
1629	error	r1	1790218745684	281	NOREPLICAS Not enough good replicas to write.
1630	error	r1	1790218745688	88	NOREPLICAS Not enough good replicas to write.
1631	error	r1	1790218745693	74	NOREPLICAS Not enough good replicas to write.
1632	error	r1	1790218745699	994	NOREPLICAS Not enough good replicas to write.
1633	error	r1	1790218745705	1992	NOREPLICAS Not enough good replicas to write.
1634	error	r1	1790218745709	952	NOREPLICAS Not enough good replicas to write.
1635	error	r1	1790218745713	81	NOREPLICAS Not enough good replicas to write.
1636	error	r1	1790218745719	376	NOREPLICAS Not enough good replicas to write.
1637	error	r1	1790218745724	866	NOREPLICAS Not enough good replicas to write.
1638	error	r1	1790218745729	1095	NOREPLICAS Not enough good replicas to write.
1639	error	r1	1790218745734	964	NOREPLICAS Not enough good replicas to write.
1640	error	r1	1790218745739	1188	NOREPLICAS Not enough good replicas to write.
1641	error	r1	1790218745745	2000	NOREPLICAS Not enough good replicas to write.
1642	error	r1	1790218745751	2956	NOREPLICAS Not enough good replicas to write.
1643	error	r1	1790218745753	89	NOREPLICAS Not enough good replicas to write.
1644	error	r1	1790218745761	2939	NOREPLICAS Not enough good replicas to write.
1645	error	r1	1790218745765	952	NOREPLICAS Not enough good replicas to write.
1646	error	r1	1790218745768	98	NOREPLICAS Not enough good replicas to write.
1647	error	r1	1790218745775	1990	NOREPLICAS Not enough good replicas to write.
1648	error	r1	1790218745779	993	NOREPLICAS Not enough good replicas to write.
1649	error	r1	1790218745785	62	NOREPLICAS Not enough good replicas to write.
1650	error	r1	1790218745789	1175	NOREPLICAS Not enough good replicas to write.
1651	error	r1	1790218745793	118	NOREPLICAS Not enough good replicas to write.
1652	error	r1	1790218745799	948	NOREPLICAS Not enough good replicas to write.
1653	error	r1	1790218745803	93	NOREPLICAS Not enough good replicas to write.
1654	error	r1	1790218745809	1188	NOREPLICAS Not enough good replicas to write.
1655	error	r1	1790218745815	1994	NOREPLICAS Not enough good replicas to write.
1656	error	r1	1790218745819	1005	NOREPLICAS Not enough good replicas to write.
1657	error	r1	1790218745825	1987	NOREPLICAS Not enough good replicas to write.
1658	error	r1	1790218745831	2951	NOREPLICAS Not enough good replicas to write.
1659	error	r1	1790218745833	155	NOREPLICAS Not enough good replicas to write.
1660	error	r1	1790218745839	979	NOREPLICAS Not enough good replicas to write.
1661	error	r1	1790218745846	2985	NOREPLICAS Not enough good replicas to write.
1662	error	r1	1790218745848	168	NOREPLICAS Not enough good replicas to write.
1663	error	r1	1790218745853	164	NOREPLICAS Not enough good replicas to write.
1664	error	r1	1790218745861	3033	NOREPLICAS Not enough good replicas to write.
1665	error	r1	1790218745863	115	NOREPLICAS Not enough good replicas to write.
1666	error	r1	1790218745868	87	NOREPLICAS Not enough good replicas to write.
1667	error	r1	1790218745874	977	NOREPLICAS Not enough good replicas to write.
1668	error	r1	1790218745878	128	NOREPLICAS Not enough good replicas to write.
1669	error	r1	1790218745884	133	NOREPLICAS Not enough good replicas to write.
1670	error	r1	1790218745889	182	NOREPLICAS Not enough good replicas to write.
1671	error	r1	1790218745893	505	NOREPLICAS Not enough good replicas to write.
1672	error	r1	1790218745900	915	NOREPLICAS Not enough good replicas to write.
1673	error	r1	1790218745903	61	NOREPLICAS Not enough good replicas to write.
1674	error	r1	1790218745911	2963	NOREPLICAS Not enough good replicas to write.
1675	error	r1	1790218745913	195	NOREPLICAS Not enough good replicas to write.
1676	error	r1	1790218745919	968	NOREPLICAS Not enough good replicas to write.
1677	error	r1	1790218745926	2945	NOREPLICAS Not enough good replicas to write.
1678	error	r1	1790218745929	944	NOREPLICAS Not enough good replicas to write.
1679	error	r1	1790218745933	64	NOREPLICAS Not enough good replicas to write.
1680	error	r1	1790218745939	1012	NOREPLICAS Not enough good replicas to write.
1681	error	r1	1790218745944	999	NOREPLICAS Not enough good replicas to write.
1682	error	r1	1790218745950	1988	NOREPLICAS Not enough good replicas to write.
1683	error	r1	1790218745955	2003	NOREPLICAS Not enough good replicas to write.
1684	error	r1	1790218745960	1989	NOREPLICAS Not enough good replicas to write.
1685	error	r1	1790218745965	623	NOREPLICAS Not enough good replicas to write.
1686	error	r1	1790218745968	95	NOREPLICAS Not enough good replicas to write.
1687	error	r1	1790218745974	1000	NOREPLICAS Not enough good replicas to write.
1688	error	r1	1790218745980	1996	NOREPLICAS Not enough good replicas to write.
1689	error	r1	1790218745983	70	NOREPLICAS Not enough good replicas to write.
1690	error	r1	1790218745989	999	NOREPLICAS Not enough good replicas to write.
1691	error	r1	1790218745993	61	NOREPLICAS Not enough good replicas to write.
1692	error	r1	1790218745999	945	NOREPLICAS Not enough good replicas to write.
1693	error	r1	1790218746004	77	NOREPLICAS Not enough good replicas to write.
1694	error	r1	1790218746010	1979	NOREPLICAS Not enough good replicas to write.
1695	error	r1	1790218746017	1005	NOREPLICAS Not enough good replicas to write.
1696	error	r1	1790218746018	138	NOREPLICAS Not enough good replicas to write.
1697	error	r1	1790218746024	1071	NOREPLICAS Not enough good replicas to write.
1698	error	r1	1790218746029	999	NOREPLICAS Not enough good replicas to write.
1699	error	r1	1790218746035	2003	NOREPLICAS Not enough good replicas to write.
1700	error	r1	1790218746038	46	NOREPLICAS Not enough good replicas to write.
1701	error	r1	1790218746045	2001	NOREPLICAS Not enough good replicas to write.
1702	error	r1	1790218746048	122	NOREPLICAS Not enough good replicas to write.
1703	error	r1	1790218746054	950	NOREPLICAS Not enough good replicas to write.
1704	error	r1	1790218746060	1992	NOREPLICAS Not enough good replicas to write.
1705	error	r1	1790218746063	57	NOREPLICAS Not enough good replicas to write.
1706	error	r1	1790218746068	75	NOREPLICAS Not enough good replicas to write.
1707	error	r1	1790218746073	105	NOREPLICAS Not enough good replicas to write.
1708	error	r1	1790218746078	124	NOREPLICAS Not enough good replicas to write.
1709	error	r1	1790218746084	945	NOREPLICAS Not enough good replicas to write.
1710	error	r1	1790218746089	1208	NOREPLICAS Not enough good replicas to write.
1711	error	r1	1790218746093	137	NOREPLICAS Not enough good replicas to write.
1712	error	r1	1790218746099	958	NOREPLICAS Not enough good replicas to write.
1713	error	r1	1790218746106	2945	NOREPLICAS Not enough good replicas to write.
1714	error	r1	1790218746108	40	NOREPLICAS Not enough good replicas to write.
1715	error	r1	1790218746113	70	NOREPLICAS Not enough good replicas to write.
1716	error	r1	1790218746121	1010	NOREPLICAS Not enough good replicas to write.
1717	error	r1	1790218746123	106	NOREPLICAS Not enough good replicas to write.
1718	error	r1	1790218746128	73	NOREPLICAS Not enough good replicas to write.
1719	error	r1	1790218746134	947	NOREPLICAS Not enough good replicas to write.
1720	error	r1	1790218746138	90	NOREPLICAS Not enough good replicas to write.
1721	error	r1	1790218746145	1878	NOREPLICAS Not enough good replicas to write.
1722	error	r1	1790218746149	985	NOREPLICAS Not enough good replicas to write.
1723	error	r1	1790218746155	1976	NOREPLICAS Not enough good replicas to write.
1724	error	r1	1790218746159	1156	NOREPLICAS Not enough good replicas to write.
1725	error	r1	1790218746165	240	NOREPLICAS Not enough good replicas to write.
1726	error	r1	1790218746169	271	NOREPLICAS Not enough good replicas to write.
1727	error	r1	1790218746175	1997	NOREPLICAS Not enough good replicas to write.
1728	error	r1	1790218746179	982	NOREPLICAS Not enough good replicas to write.
1729	error	r1	1790218746186	2939	NOREPLICAS Not enough good replicas to write.
1730	error	r1	1790218746188	82	NOREPLICAS Not enough good replicas to write.
1731	error	r1	1790218746194	1159	NOREPLICAS Not enough good replicas to write.
1732	error	r1	1790218746199	1003	NOREPLICAS Not enough good replicas to write.
1733	error	r1	1790218746205	2023	NOREPLICAS Not enough good replicas to write.
1734	error	r1	1790218746209	944	NOREPLICAS Not enough good replicas to write.
1735	error	r1	1790218746213	62	NOREPLICAS Not enough good replicas to write.
1736	error	r1	1790218746218	79	NOREPLICAS Not enough good replicas to write.
1737	error	r1	1790218746223	139	NOREPLICAS Not enough good replicas to write.
1738	error	r1	1790218746228	55	NOREPLICAS Not enough good replicas to write.
1739	error	r1	1790218746234	1187	NOREPLICAS Not enough good replicas to write.
1740	error	r1	1790218746240	1993	NOREPLICAS Not enough good replicas to write.
1741	error	r1	1790218746243	71	NOREPLICAS Not enough good replicas to write.
1742	error	r1	1790218746248	61	NOREPLICAS Not enough good replicas to write.
1743	error	r1	1790218746253	148	NOREPLICAS Not enough good replicas to write.
1744	error	r1	1790218746259	946	NOREPLICAS Not enough good replicas to write.
1745	error	r1	1790218746264	994	NOREPLICAS Not enough good replicas to write.
1746	error	r1	1790218746270	1997	NOREPLICAS Not enough good replicas to write.
1747	error	r1	1790218746273	72	NOREPLICAS Not enough good replicas to write.
1748	error	r1	1790218746281	2948	NOREPLICAS Not enough good replicas to write.
1749	error	r1	1790218746283	81	NOREPLICAS Not enough good replicas to write.
1750	error	r1	1790218746289	483	NOREPLICAS Not enough good replicas to write.
1751	error	r1	1790218746297	3943	NOREPLICAS Not enough good replicas to write.
1752	error	r1	1790218746298	78	NOREPLICAS Not enough good replicas to write.
1753	error	r1	1790218746303	58	NOREPLICAS Not enough good replicas to write.
1754	error	r1	1790218746309	989	NOREPLICAS Not enough good replicas to write.
1755	error	r1	1790218746314	1535	NOREPLICAS Not enough good replicas to write.
1756	error	r1	1790218746319	1603	NOREPLICAS Not enough good replicas to write.
1757	error	r1	1790218746324	1095	NOREPLICAS Not enough good replicas to write.
1758	error	r1	1790218746328	164	NOREPLICAS Not enough good replicas to write.
1759	error	r1	1790218746334	973	NOREPLICAS Not enough good replicas to write.
1760	error	r1	1790218746340	2186	NOREPLICAS Not enough good replicas to write.
1761	error	r1	1790218746343	70	NOREPLICAS Not enough good replicas to write.
1762	error	r1	1790218746348	112	NOREPLICAS Not enough good replicas to write.
1763	error	r1	1790218746355	1952	NOREPLICAS Not enough good replicas to write.
1764	error	r1	1790218746358	88	NOREPLICAS Not enough good replicas to write.
1765	error	r1	1790218746366	2942	NOREPLICAS Not enough good replicas to write.
1766	ack	r3	1790218746372	261	
1767	ack	r3	1790218746374	934	
1768	ack	r3	1790218746378	145	
1769	ack	r3	1790218746384	1226	
1770	ack	r3	1790218746388	81	
1771	ack	r3	1790218746394	999	
1772	ack	r3	1790218746400	1857	
1773	ack	r3	1790218746403	543	
1774	ack	r3	1790218746408	110	
1775	ack	r3	1790218746413	126	
1776	ack	r3	1790218746419	992	
1777	ack	r3	1790218746426	2942	
1778	ack	r3	1790218746428	97	
1779	ack	r3	1790218746433	140	
1780	ack	r3	1790218746438	211	
1781	ack	r3	1790218746443	158	
1782	ack	r3	1790218746449	995	
1783	ack	r3	1790218746453	222	
1784	ack	r3	1790218746458	84	
1785	ack	r3	1790218746463	151	
1786	ack	r3	1790218746469	1041	
1787	ack	r3	1790218746473	139	
1788	ack	r3	1790218746478	179	
1789	ack	r3	1790218746484	143	
1790	ack	r3	1790218746488	147	
1791	ack	r3	1790218746493	125	
1792	ack	r3	1790218746498	86	
1793	ack	r3	1790218746506	676	
1794	ack	r3	1790218746508	122	
1795	ack	r3	1790218746513	117	
1796	ack	r3	1790218746519	988	
1797	ack	r3	1790218746523	77	
1798	ack	r3	1790218746528	120	
1799	ack	r3	1790218746533	70	
1800	ack	r3	1790218746538	189	
1801	ack	r3	1790218746544	1341	
1802	ack	r3	1790218746548	175	
1803	ack	r3	1790218746553	326	
1804	ack	r3	1790218746561	1005	
1805	ack	r3	1790218746563	125	
1806	ack	r3	1790218746569	110	
1807	ack	r3	1790218746574	91	
1808	ack	r3	1790218746579	207	
1809	ack	r3	1790218746583	613	
1810	ack	r3	1790218746588	126	
1811	ack	r3	1790218746593	403	
1812	ack	r3	1790218746598	352	
1813	ack	r3	1790218746603	127	
1814	ack	r3	1790218746608	156	
1815	ack	r3	1790218746614	1181	
1816	ack	r3	1790218746618	91	
1817	ack	r3	1790218746623	113	
1818	ack	r3	1790218746628	120	
1819	ack	r3	1790218746633	109	
1820	ack	r3	1790218746638	86	
1821	ack	r3	1790218746643	588	
1822	ack	r3	1790218746650	1948	
1823	ack	r3	1790218746653	130	
1824	ack	r3	1790218746658	86	
1825	ack	r3	1790218746663	83	
1826	ack	r3	1790218746668	89	
1827	ack	r3	1790218746673	71	
1828	ack	r3	1790218746678	74	
1829	ack	r3	1790218746685	1969	
1830	ack	r3	1790218746688	91	
1831	ack	r3	1790218746694	1165	
1832	ack	r3	1790218746699	1026	
1833	ack	r3	1790218746703	85	
1834	ack	r3	1790218746708	53	
1835	ack	r3	1790218746714	944	
1836	ack	r3	1790218746718	189	
1837	ack	r3	1790218746723	96	
1838	ack	r3	1790218746728	72	
1839	ack	r3	1790218746733	377	
1840	ack	r3	1790218746739	813	
1841	ack	r3	1790218746743	105	
1842	ack	r3	1790218746748	142	
1843	ack	r3	1790218746753	78	
1844	ack	r3	1790218746758	85	
1845	ack	r3	1790218746763	67	
1846	ack	r3	1790218746770	147	
1847	ack	r3	1790218746773	97	
1848	ack	r3	1790218746778	96	
1849	ack	r3	1790218746784	940	
1850	ack	r3	1790218746788	79	
1851	ack	r3	1790218746794	996	
1852	ack	r3	1790218746798	70	
1853	ack	r3	1790218746803	92	
1854	ack	r3	1790218746809	941	
1855	ack	r3	1790218746813	52	
1856	ack	r3	1790218746818	74	
1857	ack	r3	1790218746823	47	
1858	ack	r3	1790218746828	69	
1859	ack	r3	1790218746833	153	
1860	ack	r3	1790218746838	77	
1861	ack	r3	1790218746844	939	
1862	ack	r3	1790218746849	1263	
1863	ack	r3	1790218746853	126	
1864	ack	r3	1790218746858	61	
1865	ack	r3	1790218746863	43	
1866	ack	r3	1790218746868	105	
1867	ack	r3	1790218746874	939	
1868	ack	r3	1790218746881	955	
1869	ack	r3	1790218746883	73	
1870	ack	r3	1790218746890	1982	
1871	ack	r3	1790218746893	78	
1872	ack	r3	1790218746898	59	
1873	ack	r3	1790218746906	2939	
1874	ack	r3	1790218746908	56	
1875	ack	r3	1790218746913	81	
1876	ack	r3	1790218746920	1941	
1877	ack	r3	1790218746923	61	
1878	ack	r3	1790218746929	986	
1879	ack	r3	1790218746934	1002	
1880	ack	r3	1790218746938	47	
1881	ack	r3	1790218746943	58	
1882	ack	r3	1790218746949	945	
1883	ack	r3	1790218746953	74	
1884	ack	r3	1790218746958	85	
1885	ack	r3	1790218746963	71	
1886	ack	r3	1790218746969	725	
1887	ack	r3	1790218746973	73	
1888	ack	r3	1790218746978	81	
1889	ack	r3	1790218746983	93	
1890	ack	r3	1790218746988	81	
1891	ack	r3	1790218746994	942	
1892	ack	r3	1790218746998	35	
1893	ack	r3	1790218747003	43	
1894	ack	r3	1790218747008	83	
1895	ack	r3	1790218747013	73	
1896	ack	r3	1790218747018	75	
1897	ack	r3	1790218747024	1169	
1898	ack	r3	1790218747028	82	
1899	ack	r3	1790218747033	76	
1900	ack	r3	1790218747038	62	
1901	ack	r3	1790218747043	55	
1902	ack	r3	1790218747049	941	
1903	ack	r3	1790218747055	1988	
1904	ack	r3	1790218747058	99	
1905	ack	r3	1790218747063	78	
1906	ack	r3	1790218747068	54	
1907	ack	r3	1790218747073	42	
1908	ack	r3	1790218747079	1099	
1909	ack	r3	1790218747083	69	
1910	ack	r3	1790218747089	938	
1911	ack	r3	1790218747093	70	
1912	ack	r3	1790218747099	938	
1913	ack	r3	1790218747103	73	
1914	ack	r3	1790218747108	43	
1915	ack	r3	1790218747113	60	
1916	ack	r3	1790218747119	945	
1917	ack	r3	1790218747123	76	
1918	ack	r3	1790218747128	90	
1919	ack	r3	1790218747134	942	
1920	ack	r3	1790218747140	1986	
1921	ack	r3	1790218747143	64	
1922	ack	r3	1790218747148	63	
1923	ack	r3	1790218747153	60	
1924	ack	r3	1790218747158	81	
1925	ack	r3	1790218747163	83	
1926	ack	r3	1790218747171	794	
1927	ack	r3	1790218747173	90	
1928	ack	r3	1790218747179	938	
1929	ack	r3	1790218747183	99	
1930	ack	r3	1790218747188	89	
1931	ack	r3	1790218747194	943	
1932	ack	r3	1790218747199	1168	
1933	ack	r3	1790218747204	752	
1934	ack	r3	1790218747208	74	
1935	ack	r3	1790218747213	82	
1936	ack	r3	1790218747219	946	
1937	ack	r3	1790218747223	115	
1938	ack	r3	1790218747229	938	
1939	ack	r3	1790218747233	74	
1940	ack	r3	1790218747238	55	
1941	ack	r3	1790218747243	54	
1942	ack	r3	1790218747249	780	
1943	ack	r3	1790218747253	170	
1944	ack	r3	1790218747259	941	
1945	ack	r3	1790218747263	80	
1946	ack	r3	1790218747269	951	
1947	ack	r3	1790218747273	106	
1948	ack	r3	1790218747278	100	
1949	ack	r3	1790218747283	52	
1950	ack	r3	1790218747288	59	
1951	ack	r3	1790218747294	61	
1952	ack	r3	1790218747300	64	
1953	ack	r3	1790218747303	90	
1954	ack	r3	1790218747308	77	
1955	ack	r3	1790218747313	92	
1956	ack	r3	1790218747318	61	
1957	ack	r3	1790218747327	999	
1958	ack	r3	1790218747328	85	
1959	ack	r3	1790218747333	79	
1960	ack	r3	1790218747338	85	
1961	ack	r3	1790218747343	100	
1962	ack	r3	1790218747349	212	
1963	ack	r3	1790218747353	108	
1964	ack	r3	1790218747359	943	
1965	ack	r3	1790218747363	71	
1966	ack	r3	1790218747369	615	
1967	ack	r3	1790218747377	3939	
1968	ack	r3	1790218747378	101	
1969	ack	r3	1790218747383	54	
1970	ack	r3	1790218747388	42	
1971	ack	r3	1790218747395	64	
1972	ack	r3	1790218747398	88	
1973	ack	r3	1790218747403	81	
1974	ack	r3	1790218747408	52	
1975	ack	r3	1790218747413	146	
1976	ack	r3	1790218747420	1942	
1977	ack	r3	1790218747423	97	
1978	ack	r3	1790218747429	1186	
1979	ack	r3	1790218747434	1168	
1980	ack	r3	1790218747438	48	
1981	ack	r3	1790218747444	1187	
1982	ack	r3	1790218747448	69	
1983	ack	r3	1790218747453	74	
1984	ack	r3	1790218747458	55	
1985	ack	r3	1790218747464	948	
1986	ack	r3	1790218747468	45	
1987	ack	r3	1790218747473	95	
1988	ack	r3	1790218747478	79	
1989	ack	r3	1790218747483	84	
1990	ack	r3	1790218747488	132	
1991	ack	r3	1790218747494	939	
1992	ack	r3	1790218747499	366	
1993	ack	r3	1790218747505	970	
1994	ack	r3	1790218747508	48	
1995	ack	r3	1790218747513	314	
1996	ack	r3	1790218747522	1008	
1997	ack	r3	1790218747523	147	
1998	ack	r3	1790218747531	952	
1999	ack	r3	1790218747533	96	
2000	ack	r3	1790218747539	938	
2001	ack	r3	1790218747546	2939	
2002	ack	r3	1790218747548	47	
2003	ack	r3	1790218747553	85	
2004	ack	r3	1790218747559	120	
2005	ack	r3	1790218747564	84	
2006	ack	r3	1790218747570	950	
2007	ack	r3	1790218747573	130	
2008	ack	r3	1790218747579	939	
2009	ack	r3	1790218747584	977	
2010	ack	r3	1790218747589	958	
2011	ack	r3	1790218747594	57	
2012	ack	r3	1790218747598	95	
2013	ack	r3	1790218747604	938	
2014	ack	r3	1790218747608	104	
2015	ack	r3	1790218747613	92	
2016	ack	r3	1790218747620	1986	
2017	ack	r3	1790218747623	584	
2018	ack	r3	1790218747628	111	
2019	ack	r3	1790218747634	74	
2020	ack	r3	1790218747638	102	
2021	ack	r3	1790218747646	2931	
2022	ack	r3	1790218747648	81	
2023	ack	r3	1790218747653	86	
2024	ack	r3	1790218747661	2939	
2025	ack	r3	1790218747663	93	
2026	ack	r3	1790218747668	606	
2027	ack	r3	1790218747676	2930	
2028	ack	r3	1790218747678	92	
2029	ack	r3	1790218747683	69	
2030	ack	r3	1790218747690	1944	
2031	ack	r3	1790218747693	98	
2032	ack	r3	1790218747700	1947	
2033	ack	r3	1790218747703	69	
2034	ack	r3	1790218747708	80	
2035	ack	r3	1790218747713	76	
2036	ack	r3	1790218747718	72	
2037	ack	r3	1790218747723	89	
2038	ack	r3	1790218747728	55	
2039	ack	r3	1790218747735	1940	
2040	ack	r3	1790218747738	66	
2041	ack	r3	1790218747743	69	
2042	ack	r3	1790218747749	944	
2043	ack	r3	1790218747753	89	
2044	ack	r3	1790218747758	60	
2045	ack	r3	1790218747763	92	
2046	ack	r3	1790218747769	582	
2047	ack	r3	1790218747773	37	
2048	ack	r3	1790218747778	77	
2049	ack	r3	1790218747784	941	
2050	ack	r3	1790218747788	95	
2051	ack	r3	1790218747793	103	
2052	ack	r3	1790218747798	111	
2053	ack	r3	1790218747804	991	
2054	ack	r3	1790218747809	942	
2055	ack	r3	1790218747813	63	
2056	ack	r3	1790218747818	63	
2057	ack	r3	1790218747823	73	
2058	ack	r3	1790218747828	85	
2059	ack	r3	1790218747833	102	
2060	ack	r3	1790218747841	965	
2061	ack	r3	1790218747843	63	
2062	ack	r3	1790218747848	60	
2063	ack	r3	1790218747854	938	
2064	ack	r3	1790218747858	92	
2065	ack	r3	1790218747863	581	
2066	ack	r3	1790218747868	39	
2067	ack	r3	1790218747873	80	
2068	ack	r3	1790218747879	938	
2069	ack	r3	1790218747885	2194	
2070	ack	r3	1790218747888	71	
2071	ack	r3	1790218747893	64	
2072	ack	r3	1790218747898	68	
2073	ack	r3	1790218747903	73	
2074	ack	r3	1790218747909	939	
2075	ack	r3	1790218747913	88	
2076	ack	r3	1790218747919	939	
2077	ack	r3	1790218747923	73	
2078	ack	r3	1790218747930	1994	
2079	ack	r3	1790218747933	81	
2080	ack	r3	1790218747938	52	
2081	ack	r3	1790218747945	2036	
2082	ack	r3	1790218747948	79	
2083	ack	r3	1790218747954	943	
2084	ack	r3	1790218747961	2935	
2085	ack	r3	1790218747963	63	
2086	ack	r3	1790218747969	62	
2087	ack	r3	1790218747975	2039	
2088	ack	r3	1790218747978	111	
2089	ack	r3	1790218747983	65	
2090	ack	r3	1790218747991	958	
2091	ack	r3	1790218747993	64	
2092	ack	r3	1790218747999	941	
2093	ack	r3	1790218748003	48	
2094	ack	r3	1790218748008	58	
2095	ack	r3	1790218748014	938	
2096	ack	r3	1790218748018	23	
2097	ack	r3	1790218748024	1179	
2098	ack	r3	1790218748028	72	
2099	ack	r3	1790218748033	74	
2100	ack	r3	1790218748038	76	
2101	ack	r3	1790218748043	66	
2102	ack	r3	1790218748048	53	
2103	ack	r3	1790218748053	58	
2104	ack	r3	1790218748058	64	
2105	ack	r3	1790218748065	953	
2106	ack	r3	1790218748068	98	
2107	ack	r3	1790218748073	40	
2108	ack	r3	1790218748078	86	
2109	ack	r3	1790218748083	56	
2110	ack	r3	1790218748089	945	
2111	ack	r3	1790218748093	17	
2112	ack	r3	1790218748099	1090	
2113	ack	r3	1790218748106	1001	
2114	ack	r3	1790218748108	67	
2115	ack	r3	1790218748114	998	
2116	ack	r3	1790218748118	90	
2117	ack	r3	1790218748123	74	
2118	ack	r3	1790218748131	2946	
2119	ack	r3	1790218748133	83	
2120	ack	r3	1790218748138	61	
2121	ack	r3	1790218748146	1003	
2122	ack	r3	1790218748148	63	
2123	ack	r3	1790218748153	90	
2124	ack	r3	1790218748158	50	
2125	ack	r3	1790218748165	961	
2126	ack	r3	1790218748168	79	
2127	ack	r3	1790218748174	938	
2128	ack	r3	1790218748178	40	
2129	ack	r3	1790218748183	61	
2130	ack	r3	1790218748188	71	
2131	ack	r3	1790218748195	1948	
2132	ack	r3	1790218748198	95	
2133	ack	r3	1790218748203	98	
2134	ack	r3	1790218748208	460	
2135	ack	r3	1790218748213	435	
2136	ack	r3	1790218748218	228	
2137	ack	r3	1790218748223	112	
2138	ack	r3	1790218748228	48	
2139	ack	r3	1790218748233	48	
2140	ack	r3	1790218748238	84	
2141	ack	r3	1790218748244	944	
2142	ack	r3	1790218748250	708	
2143	ack	r3	1790218748253	67	
2144	ack	r3	1790218748258	96	
2145	ack	r3	1790218748263	57	
2146	ack	r3	1790218748269	942	
2147	ack	r3	1790218748273	79	
2148	ack	r3	1790218748279	1175	
2149	ack	r3	1790218748283	107	
2150	ack	r3	1790218748289	938	
2151	ack	r3	1790218748293	77	
2152	ack	r3	1790218748299	1129	
2153	ack	r3	1790218748303	76	
2154	ack	r3	1790218748309	946	
2155	ack	r3	1790218748313	28	
2156	ack	r3	1790218748318	55	
2157	ack	r3	1790218748323	72	
2158	ack	r3	1790218748329	982	
2159	ack	r3	1790218748333	76	
2160	ack	r3	1790218748339	938	
2161	ack	r3	1790218748343	68	
2162	ack	r3	1790218748348	97	
2163	ack	r3	1790218748353	90	
2164	ack	r3	1790218748358	83	
2165	ack	r3	1790218748366	2939	
2166	ack	r3	1790218748368	64	
2167	ack	r3	1790218748373	68	
2168	ack	r3	1790218748378	85	
2169	ack	r3	1790218748385	552	
2170	ack	r3	1790218748388	74	
2171	ack	r3	1790218748393	57	
2172	ack	r3	1790218748398	55	
2173	ack	r3	1790218748403	47	
2174	ack	r3	1790218748410	998	
2175	ack	r3	1790218748413	84	
2176	ack	r3	1790218748418	82	
2177	ack	r3	1790218748426	989	
2178	ack	r3	1790218748429	943	
2179	ack	r3	1790218748433	72	
2180	ack	r3	1790218748439	945	
2181	ack	r3	1790218748446	2939	
2182	ack	r3	1790218748448	57	
2183	ack	r3	1790218748453	82	
2184	ack	r3	1790218748458	77	
2185	ack	r3	1790218748463	38	
2186	ack	r3	1790218748470	1989	
2187	ack	r3	1790218748473	72	
2188	ack	r3	1790218748478	90	
2189	ack	r3	1790218748483	64	
2190	ack	r3	1790218748488	72	
2191	ack	r3	1790218748495	1999	
2192	ack	r3	1790218748498	91	
2193	ack	r3	1790218748503	57	
2194	ack	r3	1790218748509	1166	
2195	ack	r3	1790218748513	71	
2196	ack	r3	1790218748519	938	
2197	ack	r3	1790218748525	946	
2198	ack	r3	1790218748528	82	
2199	ack	r3	1790218748533	347	
2200	ack	r3	1790218748538	94	
2201	ack	r3	1790218748543	91	
2202	ack	r3	1790218748548	46	
2203	ack	r3	1790218748554	938	
2204	ack	r3	1790218748558	123	
2205	ack	r3	1790218748563	100	
2206	ack	r3	1790218748569	171	
2207	ack	r3	1790218748573	283	
2208	ack	r3	1790218748579	493	
2209	ack	r3	1790218748584	112	
2210	ack	r3	1790218748588	131	
2211	ack	r3	1790218748593	80	
2212	ack	r3	1790218748598	54	
2213	ack	r3	1790218748603	70	
2214	ack	r3	1790218748608	135	
2215	ack	r3	1790218748613	86	
2216	ack	r3	1790218748618	78	
2217	ack	r3	1790218748623	62	
2218	ack	r3	1790218748628	108	
2219	ack	r3	1790218748633	114	
2220	ack	r3	1790218748639	220	
2221	ack	r3	1790218748643	89	
2222	ack	r3	1790218748649	688	
2223	ack	r3	1790218748653	140	
2224	ack	r3	1790218748659	954	
2225	ack	r3	1790218748663	67	
2226	ack	r3	1790218748669	950	
2227	ack	r3	1790218748673	123	
2228	ack	r3	1790218748678	102	
2229	ack	r3	1790218748684	955	
2230	ack	r3	1790218748689	966	
2231	ack	r3	1790218748694	388	
2232	ack	r3	1790218748698	110	
2233	ack	r3	1790218748704	442	
2234	ack	r3	1790218748709	130	
2235	ack	r3	1790218748713	121	
2236	ack	r3	1790218748719	1170	
2237	ack	r3	1790218748723	125	
2238	ack	r3	1790218748729	725	
2239	ack	r3	1790218748733	96	
2240	ack	r3	1790218748738	95	
2241	ack	r3	1790218748745	2019	
2242	ack	r3	1790218748748	105	
2243	ack	r3	1790218748753	114	
2244	ack	r3	1790218748759	997	
2245	ack	r3	1790218748763	67	
2246	ack	r3	1790218748769	169	
2247	ack	r3	1790218748773	107	
2248	ack	r3	1790218748778	101	
2249	ack	r3	1790218748783	112	
2250	ack	r3	1790218748789	110	
2251	ack	r3	1790218748793	121	
2252	ack	r3	1790218748798	110	
2253	ack	r3	1790218748803	120	
2254	ack	r3	1790218748808	588	
2255	ack	r3	1790218748813	120	
2256	ack	r3	1790218748819	942	
2257	ack	r3	1790218748825	950	
2258	ack	r3	1790218748828	64	
2259	ack	r3	1790218748834	944	
2260	ack	r3	1790218748839	1204	
2261	ack	r3	1790218748843	67	
2262	ack	r3	1790218748848	101	
2263	ack	r3	1790218748853	94	
2264	ack	r3	1790218748858	85	
2265	ack	r3	1790218748866	2944	
2266	ack	r3	1790218748868	139	
2267	ack	r3	1790218748873	197	
2268	ack	r3	1790218748878	129	
2269	ack	r3	1790218748883	110	
2270	ack	r3	1790218748888	129	
2271	ack	r3	1790218748894	979	
2272	ack	r3	1790218748899	136	
2273	ack	r3	1790218748903	85	
2274	ack	r3	1790218748908	412	
2275	ack	r3	1790218748913	65	
2276	ack	r3	1790218748918	100	
2277	ack	r3	1790218748924	781	
2278	ack	r3	1790218748929	1193	
2279	ack	r3	1790218748933	46	
2280	ack	r3	1790218748938	108	
2281	ack	r3	1790218748944	952	
2282	ack	r3	1790218748948	105	
2283	ack	r3	1790218748953	90	
2284	ack	r3	1790218748958	128	
2285	ack	r3	1790218748963	74	
2286	ack	r3	1790218748972	913	
2287	ack	r3	1790218748973	130	
2288	ack	r3	1790218748978	91	
2289	ack	r3	1790218748983	340	
2290	ack	r3	1790218748989	657	
2291	ack	r3	1790218748993	659	
2292	ack	r3	1790218748998	105	
2293	ack	r3	1790218749004	128	
2294	ack	r3	1790218749009	559	
2295	ack	r3	1790218749013	140	
2296	ack	r3	1790218749018	93	
2297	ack	r3	1790218749023	78	
2298	ack	r3	1790218749028	56	
2299	ack	r3	1790218749033	204	
2300	ack	r3	1790218749040	1940	
2301	ack	r3	1790218749043	80	
2302	ack	r3	1790218749048	50	
2303	ack	r3	1790218749053	72	
2304	ack	r3	1790218749058	87	
2305	ack	r3	1790218749063	70	
2306	ack	r3	1790218749068	89	
2307	ack	r3	1790218749073	83	
2308	ack	r3	1790218749078	107	
2309	ack	r3	1790218749083	85	
2310	ack	r3	1790218749088	82	
2311	ack	r3	1790218749093	161	
2312	ack	r3	1790218749098	96	
2313	ack	r3	1790218749103	121	
2314	ack	r3	1790218749111	1004	
2315	ack	r3	1790218749113	76	
2316	ack	r3	1790218749118	89	
2317	ack	r3	1790218749124	986	
2318	ack	r3	1790218749129	939	
2319	ack	r3	1790218749136	994	
2320	ack	r3	1790218749138	86	
2321	ack	r3	1790218749143	85	
2322	ack	r3	1790218749149	947	
2323	ack	r3	1790218749153	96	
2324	ack	r3	1790218749158	103	
2325	ack	r3	1790218749164	939	
2326	ack	r3	1790218749172	413	
2327	ack	r3	1790218749173	83	
2328	ack	r3	1790218749178	104	
2329	ack	r3	1790218749183	39	
2330	ack	r3	1790218749188	95	
2331	ack	r3	1790218749195	1942	
2332	ack	r3	1790218749198	125	
2333	ack	r3	1790218749203	110	
2334	ack	r3	1790218749208	150	
2335	ack	r3	1790218749213	95	
2336	ack	r3	1790218749219	108	
2337	ack	r3	1790218749224	178	
2338	ack	r3	1790218749228	119	
2339	ack	r3	1790218749233	131	
2340	ack	r3	1790218749239	942	
2341	ack	r3	1790218749243	75	
2342	ack	r3	1790218749249	1166	
2343	ack	r3	1790218749253	63	
2344	ack	r3	1790218749259	942	
2345	ack	r3	1790218749264	1169	
2346	ack	r3	1790218749268	91	
2347	ack	r3	1790218749273	85	
2348	ack	r3	1790218749279	994	
2349	ack	r3	1790218749285	1990	
2350	ack	r3	1790218749290	942	
2351	ack	r3	1790218749295	1998	
2352	ack	r3	1790218749299	1138	
2353	ack	r3	1790218749305	2009	
2354	ack	r3	1790218749308	103	
2355	ack	r3	1790218749313	78	
2356	ack	r3	1790218749318	64	
2357	ack	r3	1790218749323	87	
2358	ack	r3	1790218749329	938	
2359	ack	r3	1790218749336	2940	
2360	ack	r3	1790218749338	58	
2361	ack	r3	1790218749343	61	
2362	ack	r3	1790218749348	65	
2363	ack	r3	1790218749353	182	
2364	ack	r3	1790218749358	109	
2365	ack	r3	1790218749363	98	
2366	ack	r3	1790218749369	64	
2367	ack	r3	1790218749377	3936	
2368	ack	r3	1790218749378	81	
2369	ack	r3	1790218749383	74	
2370	ack	r3	1790218749388	42	
2371	ack	r3	1790218749393	80	
2372	ack	r3	1790218749398	77	
2373	ack	r3	1790218749404	938	
2374	ack	r3	1790218749408	72	
2375	ack	r3	1790218749413	83	
2376	ack	r3	1790218749419	1183	
2377	ack	r3	1790218749424	185	
2378	ack	r3	1790218749428	42	
2379	ack	r3	1790218749433	84	
2380	ack	r3	1790218749438	28	
2381	ack	r3	1790218749443	78	
2382	ack	r3	1790218749448	60	
2383	ack	r3	1790218749453	57	
2384	ack	r3	1790218749458	62	
2385	ack	r3	1790218749463	48	
2386	ack	r3	1790218749468	62	
2387	ack	r3	1790218749473	65	
2388	ack	r3	1790218749478	75	
2389	ack	r3	1790218749483	84	
2390	ack	r3	1790218749489	992	
2391	ack	r3	1790218749493	64	
2392	ack	r3	1790218749498	87	
2393	ack	r3	1790218749504	938	
2394	ack	r3	1790218749510	1935	
2395	ack	r3	1790218749514	1010	
2396	ack	r3	1790218749518	69	
2397	ack	r3	1790218749524	998	
2398	ack	r3	1790218749530	1985	
2399	ack	r3	1790218749533	106	
2400	ack	r3	1790218749538	160	
2401	ack	r3	1790218749544	951	
2402	ack	r3	1790218749549	1023	
2403	ack	r3	1790218749553	91	
2404	ack	r3	1790218749558	73	
2405	ack	r3	1790218749563	77	
2406	ack	r3	1790218749570	877	
2407	ack	r3	1790218749573	60	
2408	ack	r3	1790218749579	1168	
2409	ack	r3	1790218749583	168	
2410	ack	r3	1790218749588	128	
2411	ack	r3	1790218749594	961	
2412	ack	r3	1790218749599	1088	
2413	ack	r3	1790218749603	122	
2414	ack	r3	1790218749609	941	
2415	ack	r3	1790218749613	135	
2416	ack	r3	1790218749618	62	
2417	ack	r3	1790218749623	89	
2418	ack	r3	1790218749631	957	
2419	ack	r3	1790218749633	85	
2420	ack	r3	1790218749639	1000	
2421	ack	r3	1790218749644	1147	
2422	ack	r3	1790218749650	2001	
2423	ack	r3	1790218749653	100	
2424	ack	r3	1790218749658	140	
2425	ack	r3	1790218749664	1035	
2426	ack	r3	1790218749668	97	
2427	ack	r3	1790218749673	56	
2428	ack	r3	1790218749679	945	
2429	ack	r3	1790218749684	1047	
2430	ack	r3	1790218749688	48	
2431	ack	r3	1790218749693	69	
2432	ack	r3	1790218749698	89	
2433	ack	r3	1790218749703	53	
2434	ack	r3	1790218749708	52	
2435	ack	r3	1790218749713	86	
2436	ack	r3	1790218749718	153	
2437	ack	r3	1790218749723	68	
2438	ack	r3	1790218749728	66	
2439	ack	r3	1790218749733	150	
2440	ack	r3	1790218749738	88	
2441	ack	r3	1790218749743	72	
2442	ack	r3	1790218749750	1985	
2443	ack	r3	1790218749753	97	
2444	ack	r3	1790218749759	938	
2445	ack	r3	1790218749763	42	
2446	ack	r3	1790218749771	932	
2447	ack	r3	1790218749773	88	
2448	ack	r3	1790218749779	942	
2449	ack	r3	1790218749783	71	
2450	ack	r3	1790218749788	69	
2451	ack	r3	1790218749794	651	
2452	ack	r3	1790218749798	186	
2453	ack	r3	1790218749803	122	
2454	ack	r3	1790218749808	86	
2455	ack	r3	1790218749813	66	
2456	ack	r3	1790218749818	123	
2457	ack	r3	1790218749823	83	
2458	ack	r3	1790218749829	952	
2459	ack	r3	1790218749836	1007	
2460	ack	r3	1790218749838	92	
2461	ack	r3	1790218749844	947	
2462	ack	r3	1790218749848	44	
2463	ack	r3	1790218749854	947	
2464	ack	r3	1790218749861	1000	
2465	ack	r3	1790218749863	82	
2466	ack	r3	1790218749868	58	
2467	ack	r3	1790218749873	59	
2468	ack	r3	1790218749879	938	
2469	ack	r3	1790218749883	103	
2470	ack	r3	1790218749889	940	
2471	ack	r3	1790218749893	63	
2472	ack	r3	1790218749898	105	
2473	ack	r3	1790218749904	945	
2474	ack	r3	1790218749910	2149	
2475	ack	r3	1790218749913	86	
2476	ack	r3	1790218749918	103	
2477	ack	r3	1790218749924	944	
2478	ack	r3	1790218749928	51	
2479	ack	r3	1790218749933	85	
2480	ack	r3	1790218749941	2026	
2481	ack	r3	1790218749943	57	
2482	ack	r3	1790218749948	66	
2483	ack	r3	1790218749953	37	
2484	ack	r3	1790218749958	74	
2485	ack	r3	1790218749965	1997	
2486	ack	r3	1790218749971	936	
2487	ack	r3	1790218749973	83	
2488	ack	r3	1790218749978	59	
2489	ack	r3	1790218749986	999	
2490	ack	r3	1790218749988	64	
2491	ack	r3	1790218749993	70	
2492	ack	r3	1790218749998	64	
2493	ack	r3	1790218750005	86	
2494	ack	r3	1790218750008	94	
2495	ack	r3	1790218750013	357	
2496	ack	r3	1790218750018	76	
2497	ack	r3	1790218750023	102	
2498	ack	r3	1790218750029	996	
2499	ack	r3	1790218750034	64	
2500	ack	r3	1790218750039	982	
2501	ack	r3	1790218750044	64	
2502	ack	r3	1790218750050	951	
2503	ack	r3	1790218750053	76	
2504	ack	r3	1790218750058	62	
2505	ack	r3	1790218750065	2054	
2506	ack	r3	1790218750068	65	
2507	ack	r3	1790218750074	1631	
2508	ack	r3	1790218750078	83	
2509	ack	r3	1790218750083	74	
2510	ack	r3	1790218750088	41	
2511	ack	r3	1790218750093	93	
2512	ack	r3	1790218750098	78	
2513	ack	r3	1790218750103	141	
2514	ack	r3	1790218750110	1945	
2515	ack	r3	1790218750113	48	
2516	ack	r3	1790218750118	96	
2517	ack	r3	1790218750123	137	
2518	ack	r3	1790218750130	1948	
2519	ack	r3	1790218750133	100	
2520	ack	r3	1790218750138	111	
2521	ack	r3	1790218750144	944	
2522	ack	r3	1790218750148	83	
2523	ack	r3	1790218750153	113	
2524	ack	r3	1790218750159	950	
2525	ack	r3	1790218750164	1073	
2526	ack	r3	1790218750171	917	
2527	ack	r3	1790218750173	213	
2528	ack	r3	1790218750178	90	
2529	ack	r3	1790218750184	801	
2530	ack	r3	1790218750188	94	
2531	ack	r3	1790218750193	137	
2532	ack	r3	1790218750198	137	
2533	ack	r3	1790218750204	999	
2534	ack	r3	1790218750208	61	
2535	ack	r3	1790218750213	51	
2536	ack	r3	1790218750218	96	
2537	ack	r3	1790218750223	45	
2538	ack	r3	1790218750228	68	
2539	ack	r3	1790218750233	592	
2540	ack	r3	1790218750239	1127	
2541	ack	r3	1790218750245	2012	
2542	ack	r3	1790218750249	1160	
2543	ack	r3	1790218750253	153	
2544	ack	r3	1790218750258	125	
2545	ack	r3	1790218750263	92	
2546	ack	r3	1790218750269	940	
2547	ack	r3	1790218750273	117	
2548	ack	r3	1790218750278	259	
2549	ack	r3	1790218750284	954	
2550	ack	r3	1790218750289	1185	
2551	ack	r3	1790218750293	91	
2552	ack	r3	1790218750299	942	
2553	ack	r3	1790218750303	46	
2554	ack	r3	1790218750309	945	
2555	ack	r3	1790218750314	941	
2556	ack	r3	1790218750318	121	
2557	ack	r3	1790218750323	84	
2558	ack	r3	1790218750329	1002	
2559	ack	r3	1790218750333	68	
2560	ack	r3	1790218750338	96	
2561	ack	r3	1790218750343	97	
2562	ack	r3	1790218750348	46	
2563	ack	r3	1790218750353	67	
2564	ack	r3	1790218750358	88	
2565	ack	r3	1790218750364	943	
2566	ack	r3	1790218750369	65	
2567	ack	r3	1790218750373	48	
2568	ack	r3	1790218750378	81	
2569	ack	r3	1790218750383	95	
2570	ack	r3	1790218750389	945	
2571	ack	r3	1790218750393	44	
2572	ack	r3	1790218750398	66	
2573	ack	r3	1790218750403	49	
2574	ack	r3	1790218750411	1003	
2575	ack	r3	1790218750413	85	
2576	ack	r3	1790218750419	939	
2577	ack	r3	1790218750423	50	
2578	ack	r3	1790218750428	41	
2579	ack	r3	1790218750433	75	
2580	ack	r3	1790218750438	85	
2581	ack	r3	1790218750443	69	
2582	ack	r3	1790218750448	43	
2583	ack	r3	1790218750453	45	
2584	ack	r3	1790218750458	212	
2585	ack	r3	1790218750465	1934	
2586	ack	r3	1790218750468	83	
2587	ack	r3	1790218750476	995	
2588	ack	r3	1790218750478	53	
2589	ack	r3	1790218750483	69	
2590	ack	r3	1790218750490	969	
2591	ack	r3	1790218750493	69	
2592	ack	r3	1790218750498	73	
2593	ack	r3	1790218750504	988	
2594	ack	r3	1790218750508	68	
2595	ack	r3	1790218750513	69	
2596	ack	r3	1790218750518	55	
2597	ack	r3	1790218750526	996	
2598	ack	r3	1790218750528	89	
2599	ack	r3	1790218750534	938	
2600	ack	r3	1790218750538	45	
2601	ack	r3	1790218750544	1153	
2602	ack	r3	1790218750548	38	
2603	ack	r3	1790218750554	77	
2604	ack	r3	1790218750559	260	
2605	ack	r3	1790218750563	78	
2606	ack	r3	1790218750570	952	
2607	ack	r3	1790218750573	71	
2608	ack	r3	1790218750578	39	
2609	ack	r3	1790218750583	84	
2610	ack	r3	1790218750590	1941	
2611	ack	r3	1790218750593	70	
2612	ack	r3	1790218750598	50	
2613	ack	r3	1790218750604	879	
2614	ack	r3	1790218750608	107	
2615	ack	r3	1790218750614	777	
2616	ack	r3	1790218750618	199	
2617	ack	r3	1790218750623	50	
2618	ack	r3	1790218750628	119	
2619	ack	r3	1790218750633	101	
2620	ack	r3	1790218750639	1010	
2621	ack	r3	1790218750643	95	
2622	ack	r3	1790218750648	64	
2623	ack	r3	1790218750653	95	
2624	ack	r3	1790218750658	97	
2625	ack	r3	1790218750664	196	
2626	ack	r3	1790218750668	615	
2627	ack	r3	1790218750674	949	
2628	ack	r3	1790218750678	98	
2629	ack	r3	1790218750684	939	
2630	ack	r3	1790218750688	51	
2631	ack	r3	1790218750693	94	
2632	ack	r3	1790218750699	89	
2633	ack	r3	1790218750703	66	
2634	ack	r3	1790218750708	75	
2635	ack	r3	1790218750713	116	
2636	ack	r3	1790218750718	152	
2637	ack	r3	1790218750723	91	
2638	ack	r3	1790218750729	789	
2639	ack	r3	1790218750733	93	
2640	ack	r3	1790218750738	118	
2641	ack	r3	1790218750743	160	
2642	ack	r3	1790218750750	1954	
2643	ack	r3	1790218750753	152	
2644	ack	r3	1790218750758	170	
2645	ack	r3	1790218750763	113	
2646	ack	r3	1790218750768	69	
2647	ack	r3	1790218750774	472	
2648	ack	r3	1790218750778	435	
2649	ack	r3	1790218750783	108	
2650	ack	r3	1790218750789	646	
2651	ack	r3	1790218750793	62	
2652	ack	r3	1790218750798	145	
2653	ack	r3	1790218750803	111	
2654	ack	r3	1790218750808	92	
2655	ack	r3	1790218750814	798	
2656	ack	r3	1790218750822	1005	
2657	ack	r3	1790218750823	100	
2658	ack	r3	1790218750829	944	
2659	ack	r3	1790218750833	56	
2660	ack	r3	1790218750838	80	
2661	ack	r3	1790218750843	69	
2662	ack	r3	1790218750849	939	
2663	ack	r3	1790218750853	178	
2664	ack	r3	1790218750859	938	
2665	ack	r3	1790218750863	63	
2666	ack	r3	1790218750868	101	
2667	ack	r3	1790218750873	99	
2668	ack	r3	1790218750878	56	
2669	ack	r3	1790218750884	945	
2670	ack	r3	1790218750888	55	
2671	ack	r3	1790218750893	75	
2672	ack	r3	1790218750899	942	
2673	ack	r3	1790218750904	704	
2674	ack	r3	1790218750908	144	
2675	ack	r3	1790218750915	1995	
2676	ack	r3	1790218750918	98	
2677	ack	r3	1790218750923	64	
2678	ack	r3	1790218750928	65	
2679	ack	r3	1790218750934	995	
2680	ack	r3	1790218750938	80	
2681	ack	r3	1790218750943	86	
2682	ack	r3	1790218750949	938	
2683	ack	r3	1790218750953	128	
2684	ack	r3	1790218750958	87	
2685	ack	r3	1790218750964	81	
2686	ack	r3	1790218750970	925	
2687	ack	r3	1790218750973	42	
2688	ack	r3	1790218750978	68	
2689	ack	r3	1790218750983	107	
2690	ack	r3	1790218750988	89	
2691	ack	r3	1790218750994	938	
2692	ack	r3	1790218750999	989	
2693	ack	r3	1790218751003	92	
2694	ack	r3	1790218751009	937	
2695	ack	r3	1790218751013	67	
2696	ack	r3	1790218751018	57	
2697	ack	r3	1790218751023	88	
2698	ack	r3	1790218751030	1993	
2699	ack	r3	1790218751033	79	
2700	ack	r3	1790218751039	938	
2701	ack	r3	1790218751043	101	
2702	ack	r3	1790218751048	79	
2703	ack	r3	1790218751053	86	
2704	ack	r3	1790218751059	941	
2705	ack	r3	1790218751065	1989	
2706	ack	r3	1790218751068	61	
2707	ack	r3	1790218751074	1200	
2708	ack	r3	1790218751078	102	
2709	ack	r3	1790218751083	72	
2710	ack	r3	1790218751089	937	
2711	ack	r3	1790218751095	2018	
2712	ack	r3	1790218751098	40	
2713	ack	r3	1790218751103	64	
2714	ack	r3	1790218751108	54	
2715	ack	r3	1790218751115	1230	
2716	ack	r3	1790218751118	35	
2717	ack	r3	1790218751123	53	
2718	ack	r3	1790218751129	954	
2719	ack	r3	1790218751135	1970	
2720	ack	r3	1790218751138	96	
2721	ack	r3	1790218751143	80	
2722	ack	r3	1790218751148	55	
2723	ack	r3	1790218751153	72	
2724	ack	r3	1790218751159	944	
2725	ack	r3	1790218751166	2940	
2726	ack	r3	1790218751170	952	
2727	ack	r3	1790218751173	69	
2728	ack	r3	1790218751179	942	
2729	ack	r3	1790218751183	72	
2730	ack	r3	1790218751189	937	
2731	ack	r3	1790218751195	1936	
2732	ack	r3	1790218751201	952	
2733	ack	r3	1790218751203	93	
2734	ack	r3	1790218751209	942	
2735	ack	r3	1790218751213	74	
2736	ack	r3	1790218751219	938	
2737	ack	r3	1790218751223	68	
2738	ack	r3	1790218751228	74	
2739	ack	r3	1790218751233	70	
2740	ack	r3	1790218751238	88	
2741	ack	r3	1790218751244	937	
2742	ack	r3	1790218751248	144	
2743	ack	r3	1790218751253	81	
2744	ack	r3	1790218751258	53	
2745	ack	r3	1790218751263	78	
2746	ack	r3	1790218751269	941	
2747	ack	r3	1790218751273	73	
2748	ack	r3	1790218751278	60	
2749	ack	r3	1790218751285	1985	
2750	ack	r3	1790218751288	80	
2751	ack	r3	1790218751293	66	
2752	ack	r3	1790218751298	80	
2753	ack	r3	1790218751303	80	
2754	ack	r3	1790218751310	2171	
2755	ack	r3	1790218751313	89	
2756	ack	r3	1790218751318	121	
2757	ack	r3	1790218751324	949	
2758	ack	r3	1790218751329	149	
2759	ack	r3	1790218751333	115	
2760	ack	r3	1790218751338	127	
2761	ack	r3	1790218751343	89	
2762	ack	r3	1790218751348	106	
2763	ack	r3	1790218751353	98	
2764	ack	r3	1790218751359	951	
2765	ack	r3	1790218751363	90	
2766	ack	r3	1790218751369	116	
2767	ack	r3	1790218751374	212	
2768	ack	r3	1790218751380	1938	
2769	ack	r3	1790218751383	295	
2770	ack	r3	1790218751391	1002	
2771	ack	r3	1790218751393	108	
2772	ack	r3	1790218751398	149	
2773	ack	r3	1790218751404	959	
2774	ack	r3	1790218751408	101	
2775	ack	r3	1790218751413	80	
2776	ack	r3	1790218751419	1184	
2777	ack	r3	1790218751424	1079	
2778	ack	r3	1790218751428	147	
2779	ack	r3	1790218751434	944	
2780	ack	r3	1790218751438	109	
2781	ack	r3	1790218751443	62	
2782	ack	r3	1790218751450	952	
2783	ack	r3	1790218751454	994	
2784	ack	r3	1790218751458	66	
2785	ack	r3	1790218751464	1178	
2786	ack	r3	1790218751469	69	
2787	ack	r3	1790218751474	1181	
2788	ack	r3	1790218751478	70	
2789	ack	r3	1790218751483	72	
2790	ack	r3	1790218751488	93	
2791	ack	r3	1790218751493	48	
2792	ack	r3	1790218751498	92	
2793	ack	r3	1790218751506	2930	
2794	ack	r3	1790218751508	88	
2795	ack	r3	1790218751513	86	
2796	ack	r3	1790218751518	67	
2797	ack	r3	1790218751526	991	
2798	ack	r3	1790218751528	73	
2799	ack	r3	1790218751535	1999	
2800	ack	r3	1790218751538	62	
2801	ack	r3	1790218751544	938	
2802	ack	r3	1790218751552	996	
2803	ack	r3	1790218751553	88	
2804	ack	r3	1790218751558	83	
2805	ack	r3	1790218751565	1939	
2806	ack	r3	1790218751568	79	
2807	ack	r3	1790218751573	39	
2808	ack	r3	1790218751579	939	
2809	ack	r3	1790218751585	939	
2810	ack	r3	1790218751588	82	
2811	ack	r3	1790218751594	938	
2812	ack	r3	1790218751598	73	
2813	ack	r3	1790218751603	76	
2814	ack	r3	1790218751612	1000	
2815	ack	r3	1790218751613	101	
2816	ack	r3	1790218751618	523	
2817	ack	r3	1790218751623	84	
2818	ack	r3	1790218751629	865	
2819	ack	r3	1790218751633	101	
2820	ack	r3	1790218751638	109	
2821	ack	r3	1790218751643	84	
2822	ack	r3	1790218751648	80	
2823	ack	r3	1790218751653	88	
2824	ack	r3	1790218751658	78	
2825	ack	r3	1790218751663	84	
2826	ack	r3	1790218751668	71	
2827	ack	r3	1790218751674	116	
2828	ack	r3	1790218751679	346	
2829	ack	r3	1790218751684	763	
2830	ack	r3	1790218751689	946	
2831	ack	r3	1790218751695	1995	
2832	ack	r3	1790218751699	946	
2833	ack	r3	1790218751706	2945	
2834	ack	r3	1790218751708	75	
2835	ack	r3	1790218751713	40	
2836	ack	r3	1790218751718	47	
2837	ack	r3	1790218751723	70	
2838	ack	r3	1790218751728	43	
2839	ack	r3	1790218751735	1941	
2840	ack	r3	1790218751740	951	
2841	ack	r3	1790218751743	81	
2842	ack	r3	1790218751748	62	
2843	ack	r3	1790218751754	938	
2844	ack	r3	1790218751761	999	
2845	ack	r3	1790218751763	65	
2846	ack	r3	1790218751770	944	
2847	ack	r3	1790218751773	47	
2848	ack	r3	1790218751780	1985	
2849	ack	r3	1790218751783	70	
2850	ack	r3	1790218751788	90	
2851	ack	r3	1790218751794	980	
2852	ack	r3	1790218751799	1011	
2853	ack	r3	1790218751803	61	
2854	ack	r3	1790218751808	81	
2855	ack	r3	1790218751813	109	
2856	ack	r3	1790218751818	107	
2857	ack	r3	1790218751824	203	
2858	ack	r3	1790218751828	38	
2859	ack	r3	1790218751833	104	
2860	ack	r3	1790218751838	48	
2861	ack	r3	1790218751844	938	
2862	ack	r3	1790218751849	89	
2863	ack	r3	1790218751853	95	
2864	ack	r3	1790218751859	939	
2865	ack	r3	1790218751863	62	
2866	ack	r3	1790218751868	77	
2867	ack	r3	1790218751873	48	
2868	ack	r3	1790218751878	86	
2869	ack	r3	1790218751884	938	
2870	ack	r3	1790218751888	60	
2871	ack	r3	1790218751893	88	
2872	ack	r3	1790218751898	78	
2873	ack	r3	1790218751904	1164	
2874	ack	r3	1790218751908	112	
2875	ack	r3	1790218751915	1943	
2876	ack	r3	1790218751918	177	
2877	ack	r3	1790218751923	89	
2878	ack	r3	1790218751930	1994	
2879	ack	r3	1790218751934	996	
2880	ack	r3	1790218751938	84	
2881	ack	r3	1790218751943	46	
2882	ack	r3	1790218751948	77	
2883	ack	r3	1790218751953	196	
2884	ack	r3	1790218751958	110	
2885	ack	r3	1790218751964	167	
2886	ack	r3	1790218751969	196	
2887	ack	r3	1790218751973	633	
2888	ack	r3	1790218751979	826	
2889	ack	r3	1790218751983	68	
2890	ack	r3	1790218751989	1010	
2891	ack	r3	1790218751993	54	
2892	ack	r3	1790218751999	1171	
2893	ack	r3	1790218752003	95	
2894	ack	r3	1790218752009	938	
2895	ack	r3	1790218752013	40	
2896	ack	r3	1790218752018	287	
2897	ack	r3	1790218752025	1953	
2898	ack	r3	1790218752030	1983	
2899	ack	r3	1790218752033	70	
2900	ack	r3	1790218752038	90	
2901	ack	r3	1790218752044	938	
2902	ack	r3	1790218752048	75	
2903	ack	r3	1790218752054	1231	
2904	ack	r3	1790218752058	75	
2905	ack	r3	1790218752063	122	
2906	ack	r3	1790218752068	44	
2907	ack	r3	1790218752073	63	
2908	ack	r3	1790218752080	1989	
2909	ack	r3	1790218752083	75	
2910	ack	r3	1790218752090	1949	
2911	ack	r3	1790218752093	82	
2912	ack	r3	1790218752098	62	
2913	ack	r3	1790218752103	69	
2914	ack	r3	1790218752108	69	
2915	ack	r3	1790218752114	1176	
2916	ack	r3	1790218752118	79	
2917	ack	r3	1790218752124	939	
2918	ack	r3	1790218752128	94	
2919	ack	r3	1790218752134	1008	
2920	ack	r3	1790218752138	98	
2921	ack	r3	1790218752143	82	
2922	ack	r3	1790218752148	78	
2923	ack	r3	1790218752154	946	
2924	ack	r3	1790218752162	3932	
2925	ack	r3	1790218752163	71	
2926	ack	r3	1790218752169	563	
2927	ack	r3	1790218752174	1105	
2928	ack	r3	1790218752181	1005	
2929	ack	r3	1790218752183	62	
2930	ack	r3	1790218752188	78	
2931	ack	r3	1790218752193	64	
2932	ack	r3	1790218752198	95	
2933	ack	r3	1790218752203	644	
2934	ack	r3	1790218752208	84	
2935	ack	r3	1790218752214	949	
2936	ack	r3	1790218752218	61	
2937	ack	r3	1790218752223	248	
2938	ack	r3	1790218752229	1066	
2939	ack	r3	1790218752234	64	
2940	ack	r3	1790218752240	1981	
2941	ack	r3	1790218752245	1984	
2942	ack	r3	1790218752249	980	
2943	ack	r3	1790218752253	52	
2944	ack	r3	1790218752258	86	
2945	ack	r3	1790218752263	73	
2946	ack	r3	1790218752268	109	
2947	ack	r3	1790218752273	78	
2948	ack	r3	1790218752281	2937	
2949	ack	r3	1790218752283	75	
2950	ack	r3	1790218752289	944	
2951	ack	r3	1790218752293	84	
2952	ack	r3	1790218752299	942	
2953	ack	r3	1790218752306	942	
2954	ack	r3	1790218752308	93	
2955	ack	r3	1790218752314	937	
2956	ack	r3	1790218752318	73	
2957	ack	r3	1790218752324	945	
2958	ack	r3	1790218752328	55	
2959	ack	r3	1790218752333	86	
2960	ack	r3	1790218752338	66	
2961	ack	r3	1790218752343	68	
2962	ack	r3	1790218752348	42	
2963	ack	r3	1790218752355	1944	
2964	ack	r3	1790218752358	47	
2965	ack	r3	1790218752363	51	
2966	ack	r3	1790218752369	58	
2967	ack	r3	1790218752376	1002	
2968	ack	r3	1790218752379	945	
2969	ack	r3	1790218752383	94	
2970	ack	r3	1790218752389	954	
2971	ack	r3	1790218752395	814	
2972	ack	r3	1790218752398	57	
2973	ack	r3	1790218752403	75	
2974	ack	r3	1790218752408	600	
2975	ack	r3	1790218752413	63	
2976	ack	r3	1790218752420	1995	
2977	ack	r3	1790218752424	1173	
2978	ack	r3	1790218752428	84	
2979	ack	r3	1790218752433	88	
2980	ack	r3	1790218752438	87	
2981	ack	r3	1790218752444	63	
2982	ack	r3	1790218752448	71	
2983	ack	r3	1790218752453	71	
2984	ack	r3	1790218752459	1162	
2985	ack	r3	1790218752463	36	
2986	ack	r3	1790218752468	85	
2987	ack	r3	1790218752473	83	
2988	ack	r3	1790218752479	997	
2989	ack	r3	1790218752483	73	
2990	ack	r3	1790218752490	1978	
2991	ack	r3	1790218752493	67	
2992	ack	r3	1790218752498	60	
2993	ack	r3	1790218752504	939	
2994	ack	r3	1790218752508	57	
2995	ack	r3	1790218752513	116	
2996	ack	r3	1790218752518	96	
2997	ack	r3	1790218752524	972	
2998	ack	r3	1790218752528	72	
2999	ack	r3	1790218752533	88	
3000	ack	r3	1790218752538	82	
3001	ack	r3	1790218752546	950	
3002	ack	r3	1790218752548	92	
3003	ack	r3	1790218752553	134	
3004	ack	r3	1790218752558	109	
3005	ack	r3	1790218752563	102	
3006	ack	r3	1790218752570	492	
3007	ack	r3	1790218752574	733	
3008	ack	r3	1790218752578	94	
3009	ack	r3	1790218752583	81	
3010	ack	r3	1790218752588	127	
3011	ack	r3	1790218752595	1941	
3012	ack	r3	1790218752598	44	
3013	ack	r3	1790218752603	67	
3014	ack	r3	1790218752610	1990	
3015	ack	r3	1790218752616	2943	
3016	ack	r3	1790218752618	106	
3017	ack	r3	1790218752624	82	
3018	ack	r3	1790218752628	42	
3019	ack	r3	1790218752633	84	
3020	ack	r3	1790218752639	389	
3021	ack	r3	1790218752643	94	
3022	ack	r3	1790218752648	553	
3023	ack	r3	1790218752653	81	
3024	ack	r3	1790218752658	95	
3025	ack	r3	1790218752663	93	
3026	ack	r3	1790218752669	947	
3027	ack	r3	1790218752673	98	
3028	ack	r3	1790218752679	940	
3029	ack	r3	1790218752683	69	
3030	ack	r3	1790218752688	84	
3031	ack	r3	1790218752696	962	
3032	ack	r3	1790218752699	942	
3033	ack	r3	1790218752703	111	
3034	ack	r3	1790218752709	951	
3035	ack	r3	1790218752715	1940	
3036	ack	r3	1790218752718	98	
3037	ack	r3	1790218752724	941	
3038	ack	r3	1790218752728	73	
3039	ack	r3	1790218752733	59	
3040	ack	r3	1790218752738	87	
3041	ack	r3	1790218752743	73	
3042	ack	r3	1790218752748	66	
3043	ack	r3	1790218752753	95	
3044	ack	r3	1790218752758	151	
3045	ack	r3	1790218752763	85	
3046	ack	r3	1790218752768	95	
3047	ack	r3	1790218752775	845	
3048	ack	r3	1790218752778	51	
3049	ack	r3	1790218752784	976	
3050	ack	r3	1790218752788	45	
3051	ack	r3	1790218752794	991	
3052	ack	r3	1790218752800	75	
3053	ack	r3	1790218752805	2010	
3054	ack	r3	1790218752808	66	
3055	ack	r3	1790218752814	973	
3056	ack	r3	1790218752818	93	
3057	ack	r3	1790218752824	78	
3058	ack	r3	1790218752828	79	
3059	ack	r3	1790218752833	130	
3060	ack	r3	1790218752838	108	
3061	ack	r3	1790218752843	89	
3062	ack	r3	1790218752848	91	
3063	ack	r3	1790218752853	95	
3064	ack	r3	1790218752859	1230	
3065	ack	r3	1790218752865	946	
3066	ack	r3	1790218752868	78	
3067	ack	r3	1790218752876	1007	
3068	ack	r3	1790218752878	85	
3069	ack	r3	1790218752884	1191	
3070	ack	r3	1790218752891	1001	
3071	ack	r3	1790218752893	54	
3072	ack	r3	1790218752898	62	
3073	ack	r3	1790218752903	60	
3074	ack	r3	1790218752911	2927	
3075	ack	r3	1790218752913	55	
3076	ack	r3	1790218752918	66	
3077	ack	r3	1790218752923	36	
3078	ack	r3	1790218752929	937	
3079	ack	r3	1790218752934	1012	
3080	ack	r3	1790218752938	41	
3081	ack	r3	1790218752943	70	
3082	ack	r3	1790218752948	82	
3083	ack	r3	1790218752953	77	
3084	ack	r3	1790218752959	941	
3085	ack	r3	1790218752963	33	
3086	ack	r3	1790218752969	1176	
3087	ack	r3	1790218752977	941	
3088	ack	r3	1790218752978	78	
3089	ack	r3	1790218752985	1942	
3090	ack	r3	1790218752989	1001	
3091	ack	r3	1790218752993	162	
3092	ack	r3	1790218752998	40	
3093	ack	r3	1790218753004	940	
3094	ack	r3	1790218753008	68	
3095	ack	r3	1790218753013	74	
3096	ack	r3	1790218753019	938	
3097	ack	r3	1790218753023	83	
3098	ack	r3	1790218753028	67	
3099	ack	r3	1790218753034	941	
3100	ack	r3	1790218753040	72	
3101	ack	r3	1790218753043	60	
3102	ack	r3	1790218753048	71	
3103	ack	r3	1790218753053	62	
3104	ack	r3	1790218753058	58	
3105	ack	r3	1790218753064	1217	
3106	ack	r3	1790218753069	1075	
3107	ack	r3	1790218753073	98	
3108	ack	r3	1790218753079	989	
3109	ack	r3	1790218753084	1008	
3110	ack	r3	1790218753088	87	
3111	ack	r3	1790218753093	163	
3112	ack	r3	1790218753100	2009	
3113	ack	r3	1790218753103	586	
3114	ack	r3	1790218753108	79	
3115	ack	r3	1790218753113	126	
3116	ack	r3	1790218753118	155	
3117	ack	r3	1790218753123	82	
3118	ack	r3	1790218753128	87	
3119	ack	r3	1790218753134	984	
3120	ack	r3	1790218753138	77	
3121	ack	r3	1790218753143	74	
3122	ack	r3	1790218753148	174	
3123	ack	r3	1790218753153	238	
3124	ack	r3	1790218753158	88	
3125	ack	r3	1790218753163	127	
3126	ack	r3	1790218753169	172	
3127	ack	r3	1790218753175	737	
3128	ack	r3	1790218753178	429	
3129	ack	r3	1790218753183	104	
3130	ack	r3	1790218753188	86	
3131	ack	r3	1790218753194	135	
3132	ack	r3	1790218753198	51	
3133	ack	r3	1790218753203	96	
3134	ack	r3	1790218753208	97	
3135	ack	r3	1790218753214	954	
3136	ack	r3	1790218753220	129	
3137	ack	r3	1790218753225	2017	
3138	ack	r3	1790218753229	980	
3139	ack	r3	1790218753234	996	
3140	ack	r3	1790218753238	89	
3141	ack	r3	1790218753243	43	
3142	ack	r3	1790218753249	938	
3143	ack	r3	1790218753254	976	
3144	ack	r3	1790218753258	76	
3145	ack	r3	1790218753264	1180	
3146	ack	r3	1790218753268	193	
3147	ack	r3	1790218753273	83	
3148	ack	r3	1790218753278	82	
3149	ack	r3	1790218753283	73	
3150	ack	r3	1790218753288	84	
3151	ack	r3	1790218753293	643	
3152	ack	r3	1790218753298	76	
3153	ack	r3	1790218753303	121	
3154	ack	r3	1790218753309	938	
3155	ack	r3	1790218753313	75	
3156	ack	r3	1790218753319	1015	
3157	ack	r3	1790218753323	84	
3158	ack	r3	1790218753328	72	
3159	ack	r3	1790218753333	92	
3160	ack	r3	1790218753338	85	
3161	ack	r3	1790218753345	963	
3162	ack	r3	1790218753348	60	
3163	ack	r3	1790218753353	89	
3164	ack	r3	1790218753358	82	
3165	ack	r3	1790218753363	100	
3166	ack	r3	1790218753369	938	
3167	ack	r3	1790218753376	938	
3168	ack	r3	1790218753378	71	
3169	ack	r3	1790218753383	69	
3170	ack	r3	1790218753388	84	
3171	ack	r3	1790218753393	88	
3172	ack	r3	1790218753401	999	
3173	ack	r3	1790218753403	42	
3174	ack	r3	1790218753408	80	
3175	ack	r3	1790218753413	66	
3176	ack	r3	1790218753418	97	
3177	ack	r3	1790218753423	156	
3178	ack	r3	1790218753428	70	
3179	ack	r3	1790218753433	54	
3180	ack	r3	1790218753438	58	
3181	ack	r3	1790218753443	59	
3182	ack	r3	1790218753448	126	
3183	ack	r3	1790218753453	63	
3184	ack	r3	1790218753458	60	
3185	ack	r3	1790218753463	115	
3186	ack	r3	1790218753468	85	
3187	ack	r3	1790218753473	66	
3188	ack	r3	1790218753478	70	
3189	ack	r3	1790218753483	59	
3190	ack	r3	1790218753488	46	
3191	ack	r3	1790218753493	53	
3192	ack	r3	1790218753499	938	
3193	ack	r3	1790218753506	1004	
3194	ack	r3	1790218753508	73	
3195	ack	r3	1790218753513	88	
3196	ack	r3	1790218753518	150	
3197	ack	r3	1790218753523	141	
3198	ack	r3	1790218753528	76	
3199	ack	r3	1790218753535	1993	
3200	ack	r3	1790218753539	943	
3201	ack	r3	1790218753543	89	
3202	ack	r3	1790218753548	75	
3203	ack	r3	1790218753553	78	
3204	ack	r3	1790218753559	947	
3205	ack	r3	1790218753567	3941	
3206	ack	r3	1790218753568	77	
3207	ack	r3	1790218753575	933	
3208	ack	r3	1790218753578	88	
3209	ack	r3	1790218753583	80	
3210	ack	r3	1790218753590	1944	
3211	ack	r3	1790218753593	69	
3212	ack	r3	1790218753599	1172	
3213	ack	r3	1790218753603	56	
3214	ack	r3	1790218753608	76	
3215	ack	r3	1790218753613	100	
3216	ack	r3	1790218753619	951	
3217	ack	r3	1790218753623	137	
3218	ack	r3	1790218753629	938	
3219	ack	r3	1790218753633	78	
3220	ack	r3	1790218753641	2942	
3221	ack	r3	1790218753643	96	
3222	ack	r3	1790218753649	938	
3223	ack	r3	1790218753654	115	
3224	ack	r3	1790218753659	712	
3225	ack	r3	1790218753663	67	
3226	ack	r3	1790218753668	98	
3227	ack	r3	1790218753673	97	
3228	ack	r3	1790218753681	2945	
3229	ack	r3	1790218753683	103	
3230	ack	r3	1790218753688	103	
3231	ack	r3	1790218753696	999	
3232	ack	r3	1790218753698	105	
3233	ack	r3	1790218753703	652	
3234	ack	r3	1790218753709	184	
3235	ack	r3	1790218753713	108	
3236	ack	r3	1790218753718	226	
3237	ack	r3	1790218753724	964	
3238	ack	r3	1790218753729	1261	
3239	ack	r3	1790218753733	64	
3240	ack	r3	1790218753739	983	
3241	ack	r3	1790218753744	128	
3242	ack	r3	1790218753748	94	
3243	ack	r3	1790218753753	113	
3244	ack	r3	1790218753759	381	
3245	ack	r3	1790218753764	1081	
3246	ack	r3	1790218753770	1992	
3247	ack	r3	1790218753774	83	
3248	ack	r3	1790218753779	989	
3249	ack	r3	1790218753783	57	
3250	ack	r3	1790218753789	951	
3251	ack	r3	1790218753796	994	
3252	ack	r3	1790218753798	79	
3253	ack	r3	1790218753804	1176	
3254	ack	r3	1790218753808	46	
3255	ack	r3	1790218753813	79	
3256	ack	r3	1790218753819	954	
3257	ack	r3	1790218753823	49	
3258	ack	r3	1790218753829	1005	
3259	ack	r3	1790218753836	993	
3260	ack	r3	1790218753838	75	
3261	ack	r3	1790218753844	938	
3262	ack	r3	1790218753848	77	
3263	ack	r3	1790218753853	105	
3264	ack	r3	1790218753859	944	
3265	ack	r3	1790218753863	323	
3266	ack	r3	1790218753868	72	
3267	ack	r3	1790218753874	982	
3268	ack	r3	1790218753878	76	
3269	ack	r3	1790218753883	68	
3270	ack	r3	1790218753889	938	
3271	ack	r3	1790218753894	1100	
3272	ack	r3	1790218753899	1007	
3273	ack	r3	1790218753904	1160	
3274	ack	r3	1790218753908	78	
3275	ack	r3	1790218753913	65	
3276	ack	r3	1790218753918	124	
3277	ack	r3	1790218753923	78	
3278	ack	r3	1790218753929	942	
3279	ack	r3	1790218753933	70	
3280	ack	r3	1790218753939	938	
3281	ack	r3	1790218753943	60	
3282	ack	r3	1790218753948	174	
3283	ack	r3	1790218753954	82	
3284	ack	r3	1790218753958	88	
3285	ack	r3	1790218753963	62	
3286	ack	r3	1790218753968	85	
3287	ack	r3	1790218753975	924	
3288	ack	r3	1790218753978	108	
3289	ack	r3	1790218753984	944	
3290	ack	r3	1790218753988	71	
3291	ack	r3	1790218753993	66	
3292	ack	r3	1790218753998	53	
3293	ack	r3	1790218754005	1996	
3294	ack	r3	1790218754008	152	
3295	ack	r3	1790218754013	92	
3296	ack	r3	1790218754018	81	
3297	ack	r3	1790218754023	31	
3298	ack	r3	1790218754028	79	
3299	ack	r3	1790218754033	167	
3300	ack	r3	1790218754041	2944	
3301	ack	r3	1790218754043	84	
3302	ack	r3	1790218754048	82	
3303	ack	r3	1790218754056	2934	
3304	ack	r3	1790218754058	55	
3305	ack	r3	1790218754065	1998	
3306	ack	r3	1790218754068	77	
3307	ack	r3	1790218754073	85	
3308	ack	r3	1790218754078	54	
3309	ack	r3	1790218754083	84	
3310	ack	r3	1790218754088	72	
3311	ack	r3	1790218754093	82	
3312	ack	r3	1790218754098	102	
3313	ack	r3	1790218754103	45	
3314	ack	r3	1790218754108	51	
3315	ack	r3	1790218754113	48	
3316	ack	r3	1790218754119	950	
3317	ack	r3	1790218754123	73	
3318	ack	r3	1790218754128	86	
3319	ack	r3	1790218754133	94	
3320	ack	r3	1790218754138	89	
3321	ack	r3	1790218754143	78	
3322	ack	r3	1790218754148	66	
3323	ack	r3	1790218754153	85	
3324	ack	r3	1790218754159	943	
3325	ack	r3	1790218754163	55	
3326	ack	r3	1790218754170	1944	
3327	ack	r3	1790218754177	946	
3328	ack	r3	1790218754178	47	
3329	ack	r3	1790218754183	41	
3330	ack	r3	1790218754188	86	
3331	ack	r3	1790218754194	1172	
3332	ack	r3	1790218754199	997	
3333	ack	r3	1790218754204	982	
3334	ack	r3	1790218754208	32	
3335	ack	r3	1790218754214	937	
3336	ack	r3	1790218754218	96	
3337	ack	r3	1790218754223	64	
3338	ack	r3	1790218754228	79	
3339	ack	r3	1790218754233	75	
3340	ack	r3	1790218754238	79	
3341	ack	r3	1790218754243	97	
3342	ack	r3	1790218754251	1002	
3343	ack	r3	1790218754253	94	
3344	ack	r3	1790218754258	86	
3345	ack	r3	1790218754263	65	
3346	ack	r3	1790218754269	938	
3347	ack	r3	1790218754273	75	
3348	ack	r3	1790218754279	938	
3349	ack	r3	1790218754285	2001	
3350	ack	r3	1790218754288	87	
3351	ack	r3	1790218754294	947	
3352	ack	r3	1790218754298	169	
3353	ack	r3	1790218754303	97	
3354	ack	r3	1790218754308	84	
3355	ack	r3	1790218754315	2009	
3356	ack	r3	1790218754318	148	
3357	ack	r3	1790218754323	66	
3358	ack	r3	1790218754328	38	
3359	ack	r3	1790218754334	1212	
3360	ack	r3	1790218754338	248	
3361	ack	r3	1790218754343	106	
3362	ack	r3	1790218754348	97	
3363	ack	r3	1790218754354	983	
3364	ack	r3	1790218754358	174	
3365	ack	r3	1790218754365	2000	
3366	ack	r3	1790218754369	993	
3367	ack	r3	1790218754375	950	
3368	ack	r3	1790218754378	54	
3369	ack	r3	1790218754383	66	
3370	ack	r3	1790218754389	939	
3371	ack	r3	1790218754393	90	
3372	ack	r3	1790218754398	81	
3373	ack	r3	1790218754404	1059	
3374	ack	r3	1790218754408	52	
3375	ack	r3	1790218754413	76	
3376	ack	r3	1790218754418	51	
3377	ack	r3	1790218754425	1947	
3378	ack	r3	1790218754428	56	
3379	ack	r3	1790218754435	1991	
3380	ack	r3	1790218754438	77	
3381	ack	r3	1790218754446	999	
3382	ack	r3	1790218754448	73	
3383	ack	r3	1790218754453	59	
3384	ack	r3	1790218754458	80	
3385	ack	r3	1790218754464	938	
3386	ack	r3	1790218754470	2061	
3387	ack	r3	1790218754473	75	
3388	ack	r3	1790218754479	942	
3389	ack	r3	1790218754483	68	
3390	ack	r3	1790218754488	105	
3391	ack	r3	1790218754494	939	
3392	ack	r3	1790218754500	1941	
3393	ack	r3	1790218754503	93	
3394	ack	r3	1790218754508	83	
3395	ack	r3	1790218754513	76	
3396	ack	r3	1790218754518	68	
3397	ack	r3	1790218754526	1005	
3398	ack	r3	1790218754528	94	
3399	ack	r3	1790218754533	63	
3400	ack	r3	1790218754538	69	
3401	ack	r3	1790218754543	166	
3402	ack	r3	1790218754552	1006	
3403	ack	r3	1790218754553	76	
3404	ack	r3	1790218754558	93	
3405	ack	r3	1790218754563	134	
3406	ack	r3	1790218754570	994	
3407	ack	r3	1790218754573	97	
3408	ack	r3	1790218754579	1016	
3409	ack	r3	1790218754585	1988	
3410	ack	r3	1790218754589	943	
3411	ack	r3	1790218754593	69	
3412	ack	r3	1790218754598	63	
3413	ack	r3	1790218754603	70	
3414	ack	r3	1790218754608	63	
3415	ack	r3	1790218754613	88	
3416	ack	r3	1790218754619	945	
3417	ack	r3	1790218754623	94	
3418	ack	r3	1790218754628	62	
3419	ack	r3	1790218754635	1988	
3420	ack	r3	1790218754638	73	
3421	ack	r3	1790218754643	59	
3422	ack	r3	1790218754648	83	
3423	ack	r3	1790218754653	55	
3424	ack	r3	1790218754658	80	
3425	ack	r3	1790218754663	97	
3426	ack	r3	1790218754668	110	
3427	ack	r3	1790218754674	673	
3428	ack	r3	1790218754678	102	
3429	ack	r3	1790218754684	943	
3430	ack	r3	1790218754688	88	
3431	ack	r3	1790218754693	91	
3432	ack	r3	1790218754698	65	
3433	ack	r3	1790218754704	941	
3434	ack	r3	1790218754710	626	
3435	ack	r3	1790218754713	81	
3436	ack	r3	1790218754718	163	
3437	ack	r3	1790218754723	109	
3438	ack	r3	1790218754728	46	
3439	ack	r3	1790218754733	221	
3440	ack	r3	1790218754738	40	
3441	ack	r3	1790218754744	945	
3442	ack	r3	1790218754748	52	
3443	ack	r3	1790218754754	937	
3444	ack	r3	1790218754758	82	
3445	ack	r3	1790218754764	941	
3446	ack	r3	1790218754768	50	
3447	ack	r3	1790218754773	58	
3448	ack	r3	1790218754778	101	
3449	ack	r3	1790218754784	938	
3450	ack	r3	1790218754788	67	
3451	ack	r3	1790218754793	128	
3452	ack	r3	1790218754798	35	
3453	ack	r3	1790218754803	218	
3454	ack	r3	1790218754809	959	
3455	ack	r3	1790218754813	111	
3456	ack	r3	1790218754819	951	
3457	ack	r3	1790218754823	53	
3458	ack	r3	1790218754828	54	
3459	ack	r3	1790218754834	996	
3460	ack	r3	1790218754838	89	
3461	ack	r3	1790218754843	74	
3462	ack	r3	1790218754849	1168	
3463	ack	r3	1790218754853	42	
3464	ack	r3	1790218754858	99	
3465	ack	r3	1790218754863	505	
3466	ack	r3	1790218754868	114	
3467	ack	r3	1790218754874	141	
3468	ack	r3	1790218754878	71	
3469	ack	r3	1790218754883	69	
3470	ack	r3	1790218754889	947	
3471	ack	r3	1790218754893	83	
3472	ack	r3	1790218754899	954	
3473	ack	r3	1790218754903	113	
3474	ack	r3	1790218754909	947	
3475	ack	r3	1790218754913	188	
3476	ack	r3	1790218754918	96	
3477	ack	r3	1790218754923	94	
3478	ack	r3	1790218754928	170	
3479	ack	r3	1790218754934	681	
3480	ack	r3	1790218754938	125	
3481	ack	r3	1790218754943	90	
3482	ack	r3	1790218754948	186	
3483	ack	r3	1790218754955	1991	
3484	ack	r3	1790218754958	139	
3485	ack	r3	1790218754963	51	
3486	ack	r3	1790218754968	83	
3487	ack	r3	1790218754975	1497	
3488	ack	r3	1790218754979	82	
3489	ack	r3	1790218754986	1000	
3490	ack	r3	1790218754988	99	
3491	ack	r3	1790218754993	83	
3492	ack	r3	1790218754999	1224	
3493	ack	r3	1790218755004	1157	
3494	ack	r3	1790218755010	104	
3495	ack	r3	1790218755013	41	
3496	ack	r3	1790218755018	93	
3497	ack	r3	1790218755024	940	
3498	ack	r3	1790218755028	77	
3499	ack	r3	1790218755033	110	
3500	ack	r3	1790218755038	85	
3501	ack	r3	1790218755043	63	
3502	ack	r3	1790218755049	988	
3503	ack	r3	1790218755053	77	
3504	ack	r3	1790218755058	86	
3505	ack	r3	1790218755063	71	
3506	ack	r3	1790218755068	96	
3507	ack	r3	1790218755075	2006	
3508	ack	r3	1790218755078	91	
3509	ack	r3	1790218755083	71	
3510	ack	r3	1790218755088	95	
3511	ack	r3	1790218755093	119	
3512	ack	r3	1790218755099	938	
3513	ack	r3	1790218755104	1087	
3514	ack	r3	1790218755108	71	
3515	ack	r3	1790218755113	73	
3516	ack	r3	1790218755119	1074	
3517	ack	r3	1790218755126	998	
3518	ack	r3	1790218755129	941	
3519	ack	r3	1790218755133	87	
3520	ack	r3	1790218755138	83	
3521	ack	r3	1790218755143	68	
3522	ack	r3	1790218755148	62	
3523	ack	r3	1790218755153	110	
3524	ack	r3	1790218755159	940	
3525	ack	r3	1790218755163	76	
3526	ack	r3	1790218755168	64	
3527	ack	r3	1790218755174	703	
3528	ack	r3	1790218755179	1059	
3529	ack	r3	1790218755186	993	
3530	ack	r3	1790218755188	88	
3531	ack	r3	1790218755193	72	
3532	ack	r3	1790218755198	68	
3533	ack	r3	1790218755203	88	
3534	ack	r3	1790218755210	1987	
3535	ack	r3	1790218755213	91	
3536	ack	r3	1790218755219	942	
3537	ack	r3	1790218755223	90	
3538	ack	r3	1790218755228	98	
3539	ack	r3	1790218755233	73	
3540	ack	r3	1790218755238	49	
3541	ack	r3	1790218755243	57	
3542	ack	r3	1790218755248	66	
3543	ack	r3	1790218755253	88	
3544	ack	r3	1790218755258	66	
3545	ack	r3	1790218755263	63	
3546	ack	r3	1790218755268	54	
3547	ack	r3	1790218755276	999	
3548	ack	r3	1790218755278	71	
3549	ack	r3	1790218755283	551	
3550	ack	r3	1790218755288	64	
3551	ack	r3	1790218755294	978	
3552	ack	r3	1790218755298	80	
3553	ack	r3	1790218755303	75	
3554	ack	r3	1790218755311	999	
3555	ack	r3	1790218755313	94	
3556	ack	r3	1790218755318	134	
3557	ack	r3	1790218755323	94	
3558	ack	r3	1790218755328	57	
3559	ack	r3	1790218755334	941	
3560	ack	r3	1790218755338	80	
3561	ack	r3	1790218755343	73	
3562	ack	r3	1790218755348	65	
3563	ack	r3	1790218755355	947	
3564	ack	r3	1790218755358	53	
3565	ack	r3	1790218755365	2044	
3566	ack	r3	1790218755368	138	
3567	ack	r3	1790218755375	879	
3568	ack	r3	1790218755378	88	
3569	ack	r3	1790218755384	944	
3570	ack	r3	1790218755388	69	
3571	ack	r3	1790218755393	70	
3572	ack	r3	1790218755398	106	
3573	ack	r3	1790218755404	938	
3574	ack	r3	1790218755408	72	
3575	ack	r3	1790218755413	77	
3576	ack	r3	1790218755418	82	
3577	ack	r3	1790218755424	940	
3578	ack	r3	1790218755429	1006	
3579	ack	r3	1790218755433	75	
3580	ack	r3	1790218755438	77	
3581	ack	r3	1790218755443	62	
3582	ack	r3	1790218755448	91	
3583	ack	r3	1790218755454	939	
3584	ack	r3	1790218755458	64	
3585	ack	r3	1790218755463	93	
3586	ack	r3	1790218755468	110	
3587	ack	r3	1790218755473	184	
3588	ack	r3	1790218755478	134	
3589	ack	r3	1790218755483	75	
3590	ack	r3	1790218755489	1173	
3591	ack	r3	1790218755493	55	
3592	ack	r3	1790218755499	1005	
3593	ack	r3	1790218755503	106	
3594	ack	r3	1790218755508	194	
3595	ack	r3	1790218755514	956	
3596	ack	r3	1790218755518	95	
3597	ack	r3	1790218755524	765	
3598	ack	r3	1790218755528	110	
3599	ack	r3	1790218755533	96	
3600	ack	r3	1790218755538	124	
3601	ack	r3	1790218755543	110	
3602	ack	r3	1790218755548	100	
3603	ack	r3	1790218755554	1172	
3604	ack	r3	1790218755560	1942	
3605	ack	r3	1790218755563	89	
3606	ack	r3	1790218755569	1042	
3607	ack	r3	1790218755575	109	
3608	ack	r3	1790218755578	93	
3609	ack	r3	1790218755584	942	
3610	ack	r3	1790218755588	86	
3611	ack	r3	1790218755593	71	
3612	ack	r3	1790218755598	43	
3613	ack	r3	1790218755605	1996	
3614	ack	r3	1790218755611	1001	
3615	ack	r3	1790218755613	85	
3616	ack	r3	1790218755619	947	
3617	ack	r3	1790218755623	77	
3618	ack	r3	1790218755628	64	
3619	ack	r3	1790218755633	145	
3620	ack	r3	1790218755638	77	
3621	ack	r3	1790218755646	999	
3622	ack	r3	1790218755648	56	
3623	ack	r3	1790218755654	942	
3624	ack	r3	1790218755658	98	
3625	ack	r3	1790218755664	942	
3626	ack	r3	1790218755668	79	
3627	ack	r3	1790218755674	945	
3628	ack	r3	1790218755679	1645	
3629	ack	r3	1790218755684	1530	
3630	ack	r3	1790218755688	112	
3631	ack	r3	1790218755694	1082	
3632	ack	r3	1790218755698	91	
3633	ack	r3	1790218755703	127	
3634	ack	r3	1790218755708	96	
3635	ack	r3	1790218755713	64	
3636	ack	r3	1790218755718	62	
3637	ack	r3	1790218755723	101	
3638	ack	r3	1790218755728	93	
3639	ack	r3	1790218755734	154	
3640	ack	r3	1790218755738	65	
3641	ack	r3	1790218755744	1262	
3642	ack	r3	1790218755748	69	
3643	ack	r3	1790218755753	121	
3644	ack	r3	1790218755758	124	
3645	ack	r3	1790218755763	86	
3646	ack	r3	1790218755768	154	
3647	ack	r3	1790218755775	937	
3648	ack	r3	1790218755778	65	
3649	ack	r3	1790218755784	938	
3650	ack	r3	1790218755788	74	
3651	ack	r3	1790218755793	143	
3652	ack	r3	1790218755798	68	
3653	ack	r3	1790218755803	139	
3654	ack	r3	1790218755809	964	
3655	ack	r3	1790218755813	82	
3656	ack	r3	1790218755818	70	
3657	ack	r3	1790218755823	79	
3658	ack	r3	1790218755828	45	
3659	ack	r3	1790218755834	938	
3660	ack	r3	1790218755838	71	
3661	ack	r3	1790218755843	85	
3662	ack	r3	1790218755848	75	
3663	ack	r3	1790218755855	974	
3664	ack	r3	1790218755858	84	
3665	ack	r3	1790218755864	938	
3666	ack	r3	1790218755868	136	
3667	ack	r3	1790218755873	43	
3668	ack	r3	1790218755878	79	
3669	ack	r3	1790218755883	95	
3670	ack	r3	1790218755889	943	
3671	ack	r3	1790218755893	49	
3672	ack	r3	1790218755898	99	
3673	ack	r3	1790218755905	2083	
3674	ack	r3	1790218755908	89	
3675	ack	r3	1790218755913	94	
3676	ack	r3	1790218755918	100	
3677	ack	r3	1790218755923	78	
3678	ack	r3	1790218755928	66	
3679	ack	r3	1790218755933	84	
3680	ack	r3	1790218755939	58	
3681	ack	r3	1790218755943	84	
3682	ack	r3	1790218755948	66	
3683	ack	r3	1790218755956	2941	
3684	ack	r3	1790218755958	140	
3685	ack	r3	1790218755963	43	
3686	ack	r3	1790218755968	93	
3687	ack	r3	1790218755975	940	
3688	ack	r3	1790218755978	67	
3689	ack	r3	1790218755984	1176	
3690	ack	r3	1790218755989	975	
3691	ack	r3	1790218755993	64	
3692	ack	r3	1790218755999	944	
3693	ack	r3	1790218756003	77	
3694	ack	r3	1790218756008	69	
3695	ack	r3	1790218756013	43	
3696	ack	r3	1790218756018	68	
3697	ack	r3	1790218756026	2942	
3698	ack	r3	1790218756028	83	
3699	ack	r3	1790218756033	37	
3700	ack	r3	1790218756038	60	
3701	ack	r3	1790218756044	941	
3702	ack	r3	1790218756048	64	
3703	ack	r3	1790218756053	69	
3704	ack	r3	1790218756059	979	
3705	ack	r3	1790218756063	92	
3706	ack	r3	1790218756068	110	
3707	ack	r3	1790218756076	2943	
3708	ack	r3	1790218756078	198	
3709	ack	r3	1790218756083	98	
3710	ack	r3	1790218756088	196	
3711	ack	r3	1790218756093	87	
3712	ack	r3	1790218756098	97	
3713	ack	r3	1790218756104	986	
3714	ack	r3	1790218756108	98	
3715	ack	r3	1790218756113	78	
3716	ack	r3	1790218756118	88	
3717	ack	r3	1790218756123	91	
3718	ack	r3	1790218756129	358	
3719	ack	r3	1790218756136	955	
3720	ack	r3	1790218756138	130	
3721	ack	r3	1790218756143	86	
3722	ack	r3	1790218756149	939	
3723	ack	r3	1790218756153	102	
3724	ack	r3	1790218756159	947	
3725	ack	r3	1790218756163	74	
3726	ack	r3	1790218756168	59	
3727	ack	r3	1790218756175	1003	
3728	ack	r3	1790218756178	74	
3729	ack	r3	1790218756183	156	
3730	ack	r3	1790218756188	71	
3731	ack	r3	1790218756193	82	
3732	ack	r3	1790218756199	946	
3733	ack	r3	1790218756204	952	
3734	ack	r3	1790218756209	1175	
3735	ack	r3	1790218756213	78	
3736	ack	r3	1790218756219	946	
3737	ack	r3	1790218756226	2942	
3738	ack	r3	1790218756228	60	
3739	ack	r3	1790218756233	60	
3740	ack	r3	1790218756240	1988	
3741	ack	r3	1790218756243	72	
3742	ack	r3	1790218756248	72	
3743	ack	r3	1790218756253	123	
3744	ack	r3	1790218756258	75	
3745	ack	r3	1790218756263	88	
3746	ack	r3	1790218756269	948	
3747	ack	r3	1790218756273	90	
3748	ack	r3	1790218756279	938	
3749	ack	r3	1790218756284	1133	
3750	ack	r3	1790218756288	60	
3751	ack	r3	1790218756295	1988	
3752	ack	r3	1790218756298	42	
3753	ack	r3	1790218756303	85	
3754	ack	r3	1790218756308	82	
3755	ack	r3	1790218756313	92	
3756	ack	r3	1790218756318	74	
3757	ack	r3	1790218756323	88	
3758	ack	r3	1790218756328	65	
3759	ack	r3	1790218756334	938	
3760	ack	r3	1790218756338	66	
3761	ack	r3	1790218756343	81	
3762	ack	r3	1790218756348	67	
3763	ack	r3	1790218756353	69	
3764	ack	r3	1790218756358	81	
3765	ack	r3	1790218756363	71	
3766	ack	r3	1790218756368	65	
3767	ack	r3	1790218756375	858	
3768	ack	r3	1790218756378	82	
3769	ack	r3	1790218756383	99	
3770	ack	r3	1790218756389	942	
3771	ack	r3	1790218756393	74	
3772	ack	r3	1790218756398	78	
3773	ack	r3	1790218756404	1206	
3774	ack	r3	1790218756408	91	
3775	ack	r3	1790218756413	85	
3776	ack	r3	1790218756418	69	
3777	ack	r3	1790218756423	88	
3778	ack	r3	1790218756429	942	
3779	ack	r3	1790218756433	67	
3780	ack	r3	1790218756438	40	
3781	ack	r3	1790218756443	56	
3782	ack	r3	1790218756448	49	
3783	ack	r3	1790218756455	956	
3784	ack	r3	1790218756458	65	
3785	ack	r3	1790218756463	85	
3786	ack	r3	1790218756468	62	
3787	ack	r3	1790218756473	174	
3788	ack	r3	1790218756479	938	
3789	ack	r3	1790218756483	37	
3790	ack	r3	1790218756489	938	
3791	ack	r3	1790218756493	98	
3792	ack	r3	1790218756498	73	
3793	ack	r3	1790218756504	938	
3794	ack	r3	1790218756508	67	
3795	ack	r3	1790218756513	54	
3796	ack	r3	1790218756518	78	
3797	ack	r3	1790218756525	378	
3798	ack	r3	1790218756528	72	
3799	ack	r3	1790218756533	39	
3800	ack	r3	1790218756538	58	
3801	ack	r3	1790218756543	60	
3802	ack	r3	1790218756548	104	
3803	ack	r3	1790218756554	945	
3804	ack	r3	1790218756558	76	
3805	ack	r3	1790218756564	941	
3806	ack	r3	1790218756568	86	
3807	ack	r3	1790218756575	946	
3808	ack	r3	1790218756578	48	
3809	ack	r3	1790218756584	950	
3810	ack	r3	1790218756588	69	
3811	ack	r3	1790218756595	1947	
3812	ack	r3	1790218756598	60	
3813	ack	r3	1790218756603	55	
3814	ack	r3	1790218756608	89	
3815	ack	r3	1790218756613	82	
3816	ack	r3	1790218756618	87	
3817	ack	r3	1790218756624	938	
3818	ack	r3	1790218756628	89	
3819	ack	r3	1790218756633	54	
3820	ack	r3	1790218756639	1168	
3821	ack	r3	1790218756646	1002	
3822	ack	r3	1790218756648	65	
3823	ack	r3	1790218756653	126	
3824	ack	r3	1790218756658	100	
3825	ack	r3	1790218756664	946	
3826	ack	r3	1790218756668	137	
3827	ack	r3	1790218756673	85	
3828	ack	r3	1790218756678	119	
3829	ack	r3	1790218756683	156	
3830	ack	r3	1790218756688	64	
3831	ack	r3	1790218756693	64	
3832	ack	r3	1790218756698	136	
3833	ack	r3	1790218756703	159	
3834	ack	r3	1790218756709	1051	
3835	ack	r3	1790218756714	810	
3836	ack	r3	1790218756718	93	
3837	ack	r3	1790218756723	464	
3838	ack	r3	1790218756729	760	
3839	ack	r3	1790218756734	1004	
3840	ack	r3	1790218756738	68	
3841	ack	r3	1790218756743	81	
3842	ack	r3	1790218756749	549	
3843	ack	r3	1790218756753	81	
3844	ack	r3	1790218756759	814	
3845	ack	r3	1790218756764	1163	
3846	ack	r3	1790218756768	112	
3847	ack	r3	1790218756775	746	
3848	ack	r3	1790218756779	1169	
3849	ack	r3	1790218756784	995	
3850	ack	r3	1790218756791	995	
3851	ack	r3	1790218756793	86	
3852	ack	r3	1790218756799	951	
3853	ack	r3	1790218756803	66	
3854	ack	r3	1790218756809	944	
3855	ack	r3	1790218756816	1004	
3856	ack	r3	1790218756818	80	
3857	ack	r3	1790218756824	946	
3858	ack	r3	1790218756828	73	
3859	ack	r3	1790218756833	96	
3860	ack	r3	1790218756839	966	
3861	ack	r3	1790218756843	51	
3862	ack	r3	1790218756848	87	
3863	ack	r3	1790218756853	88	
3864	ack	r3	1790218756860	1991	
3865	ack	r3	1790218756866	948	
3866	ack	r3	1790218756868	106	
3867	ack	r3	1790218756873	73	
3868	ack	r3	1790218756878	56	
3869	ack	r3	1790218756884	1163	
3870	ack	r3	1790218756888	91	
3871	ack	r3	1790218756893	142	
3872	ack	r3	1790218756898	50	
3873	ack	r3	1790218756903	333	
3874	ack	r3	1790218756909	258	
3875	ack	r3	1790218756913	93	
3876	ack	r3	1790218756918	43	
3877	ack	r3	1790218756923	59	
3878	ack	r3	1790218756929	941	
3879	ack	r3	1790218756933	92	
3880	ack	r3	1790218756938	80	
3881	ack	r3	1790218756943	76	
3882	ack	r3	1790218756948	152	
3883	ack	r3	1790218756953	67	
3884	ack	r3	1790218756958	72	
3885	ack	r3	1790218756963	83	
3886	ack	r3	1790218756968	25	
3887	ack	r3	1790218756973	73	
3888	ack	r3	1790218756978	46	
3889	ack	r3	1790218756984	937	
3890	ack	r3	1790218756991	1005	
3891	ack	r3	1790218756993	54	
3892	ack	r3	1790218756999	987	
3893	ack	r3	1790218757006	998	
3894	ack	r3	1790218757008	82	
3895	ack	r3	1790218757014	941	
3896	ack	r3	1790218757018	68	
3897	ack	r3	1790218757023	80	
3898	ack	r3	1790218757029	985	
3899	ack	r3	1790218757033	75	
3900	ack	r3	1790218757039	938	
3901	ack	r3	1790218757045	2138	
3902	ack	r3	1790218757048	160	
3903	ack	r3	1790218757053	67	
3904	ack	r3	1790218757058	42	
3905	ack	r3	1790218757064	941	
3906	ack	r3	1790218757068	74	
3907	ack	r3	1790218757074	940	
3908	ack	r3	1790218757078	43	
3909	ack	r3	1790218757083	74	
3910	ack	r3	1790218757091	2943	
3911	ack	r3	1790218757093	86	
3912	ack	r3	1790218757098	54	
3913	ack	r3	1790218757104	938	
3914	ack	r3	1790218757108	41	
3915	ack	r3	1790218757113	68	
3916	ack	r3	1790218757118	75	
3917	ack	r3	1790218757123	82	
3918	ack	r3	1790218757129	937	
3919	ack	r3	1790218757133	24	
3920	ack	r3	1790218757138	73	
3921	ack	r3	1790218757144	938	
3922	ack	r3	1790218757148	40	
3923	ack	r3	1790218757153	54	
3924	ack	r3	1790218757158	66	
3925	ack	r3	1790218757163	83	
3926	ack	r3	1790218757168	92	
3927	ack	r3	1790218757174	530	
3928	ack	r3	1790218757178	87	
3929	ack	r3	1790218757184	938	
3930	ack	r3	1790218757188	101	
3931	ack	r3	1790218757193	45	
3932	ack	r3	1790218757199	944	
3933	ack	r3	1790218757203	73	
3934	ack	r3	1790218757209	941	
3935	ack	r3	1790218757213	111	
3936	ack	r3	1790218757218	98	
3937	ack	r3	1790218757223	64	
3938	ack	r3	1790218757229	960	
3939	ack	r3	1790218757233	79	
3940	ack	r3	1790218757239	937	
3941	ack	r3	1790218757247	999	
3942	ack	r3	1790218757248	131	
3943	ack	r3	1790218757253	145	
3944	ack	r3	1790218757258	152	
3945	ack	r3	1790218757264	949	
3946	ack	r3	1790218757268	103	
3947	ack	r3	1790218757273	83	
3948	ack	r3	1790218757278	173	
3949	ack	r3	1790218757283	72	
3950	ack	r3	1790218757288	198	
3951	ack	r3	1790218757293	103	
3952	ack	r3	1790218757299	562	
3953	ack	r3	1790218757303	394	
3954	ack	r3	1790218757309	807	
3955	ack	r3	1790218757315	112	
3956	ack	r3	1790218757318	121	
3957	ack	r3	1790218757324	965	
3958	ack	r3	1790218757328	59	
3959	ack	r3	1790218757334	947	
3960	ack	r3	1790218757338	55	
3961	ack	r3	1790218757344	943	
3962	ack	r3	1790218757348	73	
3963	ack	r3	1790218757353	85	
3964	ack	r3	1790218757358	76	
3965	ack	r3	1790218757363	62	
3966	ack	r3	1790218757368	86	
3967	ack	r3	1790218757376	942	
3968	ack	r3	1790218757378	82	
3969	ack	r3	1790218757383	62	
3970	ack	r3	1790218757388	50	
3971	ack	r3	1790218757393	86	
3972	ack	r3	1790218757398	60	
3973	ack	r3	1790218757403	81	
3974	ack	r3	1790218757409	938	
3975	ack	r3	1790218757414	1000	
3976	ack	r3	1790218757418	176	
3977	ack	r3	1790218757423	66	
3978	ack	r3	1790218757431	2941	
3979	ack	r3	1790218757433	58	
3980	ack	r3	1790218757438	89	
3981	ack	r3	1790218757444	942	
3982	ack	r3	1790218757448	21	
3983	ack	r3	1790218757454	943	
3984	ack	r3	1790218757458	37	
3985	ack	r3	1790218757463	103	
3986	ack	r3	1790218757469	945	
3987	ack	r3	1790218757473	139	
3988	ack	r3	1790218757478	83	
3989	ack	r3	1790218757483	61	
3990	ack	r3	1790218757489	1157	
3991	ack	r3	1790218757493	48	
3992	ack	r3	1790218757498	63	
3993	ack	r3	1790218757505	761	
3994	ack	r3	1790218757508	71	
3995	ack	r3	1790218757513	82	
3996	ack	r3	1790218757518	447	
3997	ack	r3	1790218757526	995	
3998	ack	r3	1790218757528	70	
3999	ack	r3	1790218757535	1993	
4000	ack	r3	1790218757538	56	
4001	ack	r3	1790218757543	77	
4002	ack	r3	1790218757550	1999	
4003	ack	r3	1790218757554	84	
4004	ack	r3	1790218757558	39	
4005	ack	r3	1790218757563	87	
4006	ack	r3	1790218757568	97	
4007	ack	r3	1790218757577	423	
4008	ack	r3	1790218757578	74	
4009	ack	r3	1790218757583	49	
4010	ack	r3	1790218757589	942	
4011	ack	r3	1790218757593	64	
4012	ack	r3	1790218757598	69	
4013	ack	r3	1790218757604	940	
4014	ack	r3	1790218757608	104	
4015	ack	r3	1790218757613	75	
4016	ack	r3	1790218757618	42	
4017	ack	r3	1790218757623	69	
4018	ack	r3	1790218757629	942	
4019	ack	r3	1790218757633	78	
4020	ack	r3	1790218757638	60	
4021	ack	r3	1790218757643	85	
4022	ack	r3	1790218757648	43	
4023	ack	r3	1790218757653	85	
4024	ack	r3	1790218757658	67	
4025	ack	r3	1790218757663	52	
4026	ack	r3	1790218757668	75	
4027	ack	r3	1790218757674	946	
4028	ack	r3	1790218757678	77	
4029	ack	r3	1790218757684	938	
4030	ack	r3	1790218757688	38	
4031	ack	r3	1790218757693	97	
4032	ack	r3	1790218757699	938	
4033	ack	r3	1790218757703	61	
4034	ack	r3	1790218757708	66	
4035	ack	r3	1790218757714	671	
4036	ack	r3	1790218757718	430	
4037	ack	r3	1790218757723	105	
4038	ack	r3	1790218757728	64	
4039	ack	r3	1790218757735	2183	
4040	ack	r3	1790218757738	48	
4041	ack	r3	1790218757743	95	
4042	ack	r3	1790218757748	48	
4043	ack	r3	1790218757753	108	
4044	ack	r3	1790218757758	82	
4045	ack	r3	1790218757763	85	
4046	ack	r3	1790218757768	375	
4047	ack	r3	1790218757774	81	
4048	ack	r3	1790218757779	1178	
4049	ack	r3	1790218757783	36	
4050	ack	r3	1790218757788	60	
4051	ack	r3	1790218757796	1008	
4052	ack	r3	1790218757798	94	
4053	ack	r3	1790218757803	54	
4054	ack	r3	1790218757808	57	
4055	ack	r3	1790218757813	83	
4056	ack	r3	1790218757818	69	
4057	ack	r3	1790218757824	942	
4058	ack	r3	1790218757828	74	
4059	ack	r3	1790218757833	61	
4060	ack	r3	1790218757838	91	
4061	ack	r3	1790218757844	943	
4062	ack	r3	1790218757850	2454	
4063	ack	r3	1790218757853	77	
4064	ack	r3	1790218757858	106	
4065	ack	r3	1790218757863	79	
4066	ack	r3	1790218757868	126	
4067	ack	r3	1790218757874	978	
4068	ack	r3	1790218757878	131	
4069	ack	r3	1790218757883	84	
4070	ack	r3	1790218757889	941	
4071	ack	r3	1790218757893	354	
4072	ack	r3	1790218757899	565	
4073	ack	r3	1790218757904	211	
4074	ack	r3	1790218757908	77	
4075	ack	r3	1790218757914	394	
4076	ack	r3	1790218757918	143	
4077	ack	r3	1790218757924	231	
4078	ack	r3	1790218757928	63	
4079	ack	r3	1790218757933	49	
4080	ack	r3	1790218757938	62	
4081	ack	r3	1790218757944	945	
4082	ack	r3	1790218757949	1188	
4083	ack	r3	1790218757953	48	
4084	ack	r3	1790218757958	115	
4085	ack	r3	1790218757963	68	
4086	ack	r3	1790218757970	1947	
4087	ack	r3	1790218757976	916	
4088	ack	r3	1790218757978	83	
4089	ack	r3	1790218757983	78	
4090	ack	r3	1790218757991	999	
4091	ack	r3	1790218757994	943	
4092	ack	r3	1790218757998	72	
4093	ack	r3	1790218758003	103	
4094	ack	r3	1790218758009	944	
4095	ack	r3	1790218758013	71	
4096	ack	r3	1790218758019	676	
4097	ack	r3	1790218758023	91	
4098	ack	r3	1790218758028	95	
4099	ack	r3	1790218758033	83	
4100	ack	r3	1790218758038	63	
4101	ack	r3	1790218758046	2937	
4102	ack	r3	1790218758048	43	
4103	ack	r3	1790218758053	65	
4104	ack	r3	1790218758058	89	
4105	ack	r3	1790218758064	941	
4106	ack	r3	1790218758068	89	
4107	ack	r3	1790218758074	937	
4108	ack	r3	1790218758078	59	
4109	ack	r3	1790218758083	89	
4110	ack	r3	1790218758088	74	
4111	ack	r3	1790218758095	1942	
4112	ack	r3	1790218758100	2246	
4113	ack	r3	1790218758103	105	
4114	ack	r3	1790218758109	944	
4115	ack	r3	1790218758113	38	
4116	ack	r3	1790218758119	1114	
4117	ack	r3	1790218758123	82	
4118	ack	r3	1790218758129	945	
4119	ack	r3	1790218758133	79	
4120	ack	r3	1790218758139	937	
4121	ack	r3	1790218758143	74	
4122	ack	r3	1790218758148	81	
4123	ack	r3	1790218758156	1004	
4124	ack	r3	1790218758158	50	
4125	ack	r3	1790218758163	98	
4126	ack	r3	1790218758169	938	
4127	ack	r3	1790218758173	66	
4128	ack	r3	1790218758182	863	
4129	ack	r3	1790218758183	86	
4130	ack	r3	1790218758188	64	
4131	ack	r3	1790218758194	941	
4132	ack	r3	1790218758198	99	
4133	ack	r3	1790218758203	96	
4134	ack	r3	1790218758208	147	
4135	ack	r3	1790218758213	610	
4136	ack	r3	1790218758219	820	
4137	ack	r3	1790218758223	81	
4138	ack	r3	1790218758230	1938	
4139	ack	r3	1790218758234	1161	
4140	ack	r3	1790218758238	65	
4141	ack	r3	1790218758243	92	
4142	ack	r3	1790218758248	482	
4143	ack	r3	1790218758253	49	
4144	ack	r3	1790218758258	34	
4145	ack	r3	1790218758263	94	
4146	ack	r3	1790218758268	87	
4147	ack	r3	1790218758273	40	
4148	ack	r3	1790218758278	54	
4149	ack	r3	1790218758283	61	
4150	ack	r3	1790218758288	44	
4151	ack	r3	1790218758297	995	
4152	ack	r3	1790218758298	61	
4153	ack	r3	1790218758303	67	
4154	ack	r3	1790218758309	937	
4155	ack	r3	1790218758313	41	
4156	ack	r3	1790218758318	68	
4157	ack	r3	1790218758323	191	
4158	ack	r3	1790218758328	70	
4159	ack	r3	1790218758333	42	
4160	ack	r3	1790218758338	64	
4161	ack	r3	1790218758343	79	
4162	ack	r3	1790218758350	1950	
4163	ack	r3	1790218758353	102	
4164	ack	r3	1790218758359	941	
4165	ack	r3	1790218758363	39	
4166	ack	r3	1790218758368	75	
4167	ack	r3	1790218758373	92	
4168	ack	r3	1790218758381	2566	
4169	ack	r3	1790218758383	76	
4170	ack	r3	1790218758388	54	
4171	ack	r3	1790218758393	78	
4172	ack	r3	1790218758398	58	
4173	ack	r3	1790218758403	81	
4174	ack	r3	1790218758408	85	
4175	ack	r3	1790218758413	86	
4176	ack	r3	1790218758418	70	
4177	ack	r3	1790218758426	1948	
4178	ack	r3	1790218758428	63	
4179	ack	r3	1790218758433	63	
4180	ack	r3	1790218758438	124	
4181	ack	r3	1790218758443	100	
4182	ack	r3	1790218758449	948	
4183	ack	r3	1790218758455	2002	
4184	ack	r3	1790218758458	80	
4185	ack	r3	1790218758463	83	
4186	ack	r3	1790218758469	1065	
4187	ack	r3	1790218758473	175	
4188	ack	r3	1790218758478	78	
4189	ack	r3	1790218758483	38	
4190	ack	r3	1790218758488	89	
4191	ack	r3	1790218758494	249	
4192	ack	r3	1790218758498	96	
4193	ack	r3	1790218758504	698	
4194	ack	r3	1790218758508	113	
4195	ack	r3	1790218758514	956	
4196	ack	r3	1790218758518	78	
4197	ack	r3	1790218758524	994	
4198	ack	r3	1790218758528	80	
4199	ack	r3	1790218758533	55	
4200	ack	r3	1790218758539	1014	
4201	ack	r3	1790218758543	79	
4202	ack	r3	1790218758550	1994	
4203	ack	r3	1790218758553	100	
4204	ack	r3	1790218758559	69	
4205	ack	r3	1790218758563	88	
4206	ack	r3	1790218758570	2019	
4207	ack	r3	1790218758573	69	
4208	ack	r3	1790218758579	598	
4209	ack	r3	1790218758584	657	
4210	ack	r3	1790218758588	57	
4211	ack	r3	1790218758593	104	
4212	ack	r3	1790218758598	93	
4213	ack	r3	1790218758605	1024	
4214	ack	r3	1790218758608	84	
4215	ack	r3	1790218758614	941	
4216	ack	r3	1790218758620	1991	
4217	ack	r3	1790218758623	76	
4218	ack	r3	1790218758628	79	
4219	ack	r3	1790218758633	75	
4220	ack	r3	1790218758640	1996	
4221	ack	r3	1790218758643	85	
4222	ack	r3	1790218758648	78	
4223	ack	r3	1790218758653	144	
4224	ack	r3	1790218758661	2953	
4225	ack	r3	1790218758663	106	
4226	ack	r3	1790218758668	117	
4227	ack	r3	1790218758673	90	
4228	ack	r3	1790218758682	1002	
4229	ack	r3	1790218758683	86	
4230	ack	r3	1790218758688	108	
4231	ack	r3	1790218758694	948	
4232	ack	r3	1790218758698	38	
4233	ack	r3	1790218758703	47	
4234	ack	r3	1790218758711	2937	
4235	ack	r3	1790218758713	82	
4236	ack	r3	1790218758718	107	
4237	ack	r3	1790218758724	947	
4238	ack	r3	1790218758729	1309	
4239	ack	r3	1790218758733	292	
4240	ack	r3	1790218758739	756	
4241	ack	r3	1790218758743	53	
4242	ack	r3	1790218758748	79	
4243	ack	r3	1790218758753	72	
4244	ack	r3	1790218758758	57	
4245	ack	r3	1790218758765	1984	
4246	ack	r3	1790218758768	80	
4247	ack	r3	1790218758774	73	
4248	ack	r3	1790218758780	307	
4249	ack	r3	1790218758784	100	
4250	ack	r3	1790218758789	965	
4251	ack	r3	1790218758795	835	
4252	ack	r3	1790218758798	144	
4253	ack	r3	1790218758803	112	
4254	ack	r3	1790218758809	938	
4255	ack	r3	1790218758813	29	
4256	ack	r3	1790218758818	40	
4257	ack	r3	1790218758823	79	
4258	ack	r3	1790218758828	71	
4259	ack	r3	1790218758834	938	
4260	ack	r3	1790218758838	35	
4261	ack	r3	1790218758843	68	
4262	ack	r3	1790218758848	203	
4263	ack	r3	1790218758853	94	
4264	ack	r3	1790218758858	84	
4265	ack	r3	1790218758863	64	
4266	ack	r3	1790218758868	39	
4267	ack	r3	1790218758874	949	
4268	ack	r3	1790218758878	63	
4269	ack	r3	1790218758883	96	
4270	ack	r3	1790218758888	47	
4271	ack	r3	1790218758893	81	
4272	ack	r3	1790218758901	999	
4273	ack	r3	1790218758903	93	
4274	ack	r3	1790218758908	60	
4275	ack	r3	1790218758913	50	
4276	ack	r3	1790218758918	77	
4277	ack	r3	1790218758923	65	
4278	ack	r3	1790218758929	553	
4279	ack	r3	1790218758934	942	
4280	ack	r3	1790218758938	92	
4281	ack	r3	1790218758943	591	
4282	ack	r3	1790218758949	991	
4283	ack	r3	1790218758955	69	
4284	ack	r3	1790218758958	346	
4285	ack	r3	1790218758964	958	
4286	ack	r3	1790218758968	76	
4287	ack	r3	1790218758973	64	
4288	ack	r3	1790218758978	64	
4289	ack	r3	1790218758985	937	
4290	ack	r3	1790218758988	78	
4291	ack	r3	1790218758993	55	
4292	ack	r3	1790218759001	996	
4293	ack	r3	1790218759003	44	
4294	ack	r3	1790218759009	947	
4295	ack	r3	1790218759016	2937	
4296	ack	r3	1790218759018	68	
4297	ack	r3	1790218759024	946	
4298	ack	r3	1790218759028	83	
4299	ack	r3	1790218759033	94	
4300	ack	r3	1790218759040	1990	
4301	ack	r3	1790218759043	75	
4302	ack	r3	1790218759048	98	
4303	ack	r3	1790218759053	79	
4304	ack	r3	1790218759059	997	
4305	ack	r3	1790218759063	117	
4306	ack	r3	1790218759068	98	
4307	ack	r3	1790218759073	72	
4308	ack	r3	1790218759078	79	
4309	ack	r3	1790218759084	123	
4310	ack	r3	1790218759088	314	
4311	ack	r3	1790218759093	96	
4312	ack	r3	1790218759098	579	
4313	ack	r3	1790218759104	96	
4314	ack	r3	1790218759108	122	
4315	ack	r3	1790218759114	665	
4316	ack	r3	1790218759118	119	
4317	ack	r3	1790218759123	46	
4318	ack	r3	1790218759130	1997	
4319	ack	r3	1790218759133	96	
4320	ack	r3	1790218759138	71	
4321	ack	r3	1790218759144	942	
4322	ack	r3	1790218759150	1984	
4323	ack	r3	1790218759153	83	
4324	ack	r3	1790218759158	84	
4325	ack	r3	1790218759163	83	
4326	ack	r3	1790218759169	959	
4327	ack	r3	1790218759173	67	
4328	ack	r3	1790218759179	941	
4329	ack	r3	1790218759187	410	
4330	ack	r3	1790218759188	67	
4331	ack	r3	1790218759193	64	
4332	ack	r3	1790218759199	1180	
4333	ack	r3	1790218759203	63	
4334	ack	r3	1790218759208	64	
4335	ack	r3	1790218759216	2942	
4336	ack	r3	1790218759218	106	
4337	ack	r3	1790218759223	482	
4338	ack	r3	1790218759228	53	
4339	ack	r3	1790218759234	66	
4340	ack	r3	1790218759239	996	
4341	ack	r3	1790218759244	1162	
4342	ack	r3	1790218759251	2945	
4343	ack	r3	1790218759253	81	
4344	ack	r3	1790218759258	54	
4345	ack	r3	1790218759263	58	
4346	ack	r3	1790218759268	94	
4347	ack	r3	1790218759274	1205	
4348	ack	r3	1790218759278	70	
4349	ack	r3	1790218759284	944	
4350	ack	r3	1790218759288	45	
4351	ack	r3	1790218759294	942	
4352	ack	r3	1790218759298	86	
4353	ack	r3	1790218759304	945	
4354	ack	r3	1790218759310	80	
4355	ack	r3	1790218759313	50	
4356	ack	r3	1790218759318	75	
4357	ack	r3	1790218759324	937	
4358	ack	r3	1790218759328	50	
4359	ack	r3	1790218759333	58	
4360	ack	r3	1790218759339	941	
4361	ack	r3	1790218759343	73	
4362	ack	r3	1790218759349	694	
4363	ack	r3	1790218759353	37	
4364	ack	r3	1790218759358	87	
4365	ack	r3	1790218759365	770	
4366	ack	r3	1790218759368	80	
4367	ack	r3	1790218759373	56	
4368	ack	r3	1790218759378	55	
4369	ack	r3	1790218759385	697	
4370	ack	r3	1790218759389	1011	
4371	ack	r3	1790218759393	98	
4372	ack	r3	1790218759398	52	
4373	ack	r3	1790218759405	2135	
4374	ack	r3	1790218759409	196	
4375	ack	r3	1790218759415	1985	
4376	ack	r3	1790218759421	2944	
4377	ack	r3	1790218759423	82	
4378	ack	r3	1790218759428	66	
4379	ack	r3	1790218759433	43	
4380	ack	r3	1790218759438	75	
4381	ack	r3	1790218759443	60	
4382	ack	r3	1790218759448	42	
4383	ack	r3	1790218759454	941	
4384	ack	r3	1790218759459	180	
4385	ack	r3	1790218759464	943	
4386	ack	r3	1790218759468	58	
4387	ack	r3	1790218759474	995	
4388	ack	r3	1790218759478	56	
4389	ack	r3	1790218759483	90	
4390	ack	r3	1790218759490	2007	
4391	ack	r3	1790218759493	57	
4392	ack	r3	1790218759498	96	
4393	ack	r3	1790218759504	1207	
4394	ack	r3	1790218759508	65	
4395	ack	r3	1790218759513	85	
4396	ack	r3	1790218759518	98	
4397	ack	r3	1790218759523	37	
4398	ack	r3	1790218759528	132	
4399	ack	r3	1790218759534	1180	
4400	ack	r3	1790218759538	50	
4401	ack	r3	1790218759544	938	
4402	ack	r3	1790218759548	68	
4403	ack	r3	1790218759554	941	
4404	ack	r3	1790218759559	127	
4405	ack	r3	1790218759563	81	
4406	ack	r3	1790218759570	2000	
4407	ack	r3	1790218759573	62	
4408	ack	r3	1790218759580	1988	
4409	ack	r3	1790218759585	91	
4410	ack	r3	1790218759588	91	
4411	ack	r3	1790218759596	1003	
4412	ack	r3	1790218759598	101	
4413	ack	r3	1790218759603	131	
4414	ack	r3	1790218759608	121	
4415	ack	r3	1790218759613	89	
4416	ack	r3	1790218759618	101	
4417	ack	r3	1790218759625	1980	
4418	ack	r3	1790218759628	71	
4419	ack	r3	1790218759633	164	
4420	ack	r3	1790218759638	93	
4421	ack	r3	1790218759643	97	
4422	ack	r3	1790218759648	80	
4423	ack	r3	1790218759654	1174	
4424	ack	r3	1790218759658	79	
4425	ack	r3	1790218759664	950	
4426	ack	r3	1790218759668	74	
4427	ack	r3	1790218759673	87	
4428	ack	r3	1790218759678	187	
4429	ack	r3	1790218759684	107	
4430	ack	r3	1790218759688	170	
4431	ack	r3	1790218759693	53	
4432	ack	r3	1790218759698	255	
4433	ack	r3	1790218759703	105	
4434	ack	r3	1790218759708	542	
4435	ack	r3	1790218759713	114	
4436	ack	r3	1790218759720	2215	
4437	ack	r3	1790218759723	145	
4438	ack	r3	1790218759728	107	
4439	ack	r3	1790218759734	951	
4440	ack	r3	1790218759739	1003	
4441	ack	r3	1790218759745	1905	
4442	ack	r3	1790218759749	493	
4443	ack	r3	1790218759754	701	
4444	ack	r3	1790218759759	670	
4445	ack	r3	1790218759763	164	
4446	ack	r3	1790218759768	100	
4447	ack	r3	1790218759773	122	
4448	ack	r3	1790218759779	669	
4449	ack	r3	1790218759784	190	
4450	ack	r3	1790218759788	119	
4451	ack	r3	1790218759794	724	
4452	ack	r3	1790218759798	577	
4453	ack	r3	1790218759804	817	
4454	ack	r3	1790218759808	95	
4455	ack	r3	1790218759813	103	
4456	ack	r3	1790218759819	948	
4457	ack	r3	1790218759823	273	
4458	ack	r3	1790218759829	943	
4459	ack	r3	1790218759833	95	
4460	ack	r3	1790218759838	148	
4461	ack	r3	1790218759843	110	
4462	ack	r3	1790218759848	126	
4463	ack	r3	1790218759854	136	
4464	ack	r3	1790218759858	622	
4465	ack	r3	1790218759863	560	
4466	ack	r3	1790218759869	113	
4467	ack	r3	1790218759873	503	
4468	ack	r3	1790218759878	163	
4469	ack	r3	1790218759884	951	
4470	ack	r3	1790218759888	94	
4471	ack	r3	1790218759893	97	
4472	ack	r3	1790218759898	95	
4473	ack	r3	1790218759903	114	
4474	ack	r3	1790218759908	169	
4475	ack	r3	1790218759913	133	
4476	ack	r3	1790218759918	124	
4477	ack	r3	1790218759924	942	
4478	ack	r3	1790218759930	1979	
4479	ack	r3	1790218759933	121	
4480	ack	r3	1790218759938	62	
4481	ack	r3	1790218759943	452	
4482	ack	r3	1790218759949	958	
4483	ack	r3	1790218759953	140	
4484	ack	r3	1790218759958	122	
4485	ack	r3	1790218759963	276	
4486	ack	r3	1790218759969	707	
4487	ack	r3	1790218759973	562	
4488	ack	r3	1790218759978	87	
4489	ack	r3	1790218759985	978	
4490	ack	r3	1790218759988	222	
4491	ack	r3	1790218759994	952	
4492	ack	r3	1790218759998	106	
4493	ack	r3	1790218760003	116	
4494	ack	r3	1790218760008	94	
4495	ack	r3	1790218760014	950	
4496	ack	r3	1790218760020	1984	
4497	ack	r3	1790218760023	128	
4498	ack	r3	1790218760029	1470	
4499	ack	r3	1790218760033	69	
4500	ack	r3	1790218760038	108	
4501	ack	r3	1790218760044	129	
4502	ack	r3	1790218760048	108	
4503	ack	r3	1790218760053	284	
4504	ack	r3	1790218760058	116	
4505	ack	r3	1790218760063	125	
4506	ack	r3	1790218760069	952	
4507	ack	r3	1790218760073	161	
4508	ack	r3	1790218760078	179	
4509	ack	r3	1790218760083	118	
4510	ack	r3	1790218760089	125	
4511	ack	r3	1790218760093	44	
4512	ack	r3	1790218760099	945	
4513	ack	r3	1790218760103	92	
4514	ack	r3	1790218760109	986	
4515	ack	r3	1790218760113	226	
4516	ack	r3	1790218760118	157	
4517	ack	r3	1790218760123	120	
4518	ack	r3	1790218760129	108	
4519	ack	r3	1790218760134	141	
4520	ack	r3	1790218760138	61	
4521	ack	r3	1790218760143	244	
4522	ack	r3	1790218760150	787	
4523	ack	r3	1790218760153	244	
4524	ack	r3	1790218760159	945	
4525	ack	r3	1790218760163	112	
4526	ack	r3	1790218760169	594	
4527	ack	r3	1790218760174	999	
4528	ack	r3	1790218760178	79	
4529	ack	r3	1790218760185	916	
4530	ack	r3	1790218760188	120	
4531	ack	r3	1790218760193	84	
4532	ack	r3	1790218760198	165	
4533	ack	r3	1790218760203	124	
4534	ack	r3	1790218760208	94	
4535	ack	r3	1790218760213	255	
4536	ack	r3	1790218760219	687	
4537	ack	r3	1790218760224	97	
4538	ack	r3	1790218760229	667	
4539	ack	r3	1790218760233	115	
4540	ack	r3	1790218760238	156	
4541	ack	r3	1790218760244	351	
4542	ack	r3	1790218760248	319	
4543	ack	r3	1790218760253	263	
4544	ack	r3	1790218760258	143	
4545	ack	r3	1790218760263	181	
4546	ack	r3	1790218760269	951	
4547	ack	r3	1790218760273	148	
4548	ack	r3	1790218760278	197	
4549	ack	r3	1790218760283	129	
4550	ack	r3	1790218760288	99	
4551	ack	r3	1790218760294	1015	
4552	ack	r3	1790218760298	378	
4553	ack	r3	1790218760303	300	
4554	ack	r3	1790218760309	947	
4555	ack	r3	1790218760315	2575	
4556	ack	r3	1790218760318	620	
4557	ack	r3	1790218760324	1031	
4558	ack	r3	1790218760328	73	
4559	ack	r3	1790218760333	101	
4560	ack	r3	1790218760338	114	
4561	ack	r3	1790218760344	128	
4562	ack	r3	1790218760351	1000	
4563	ack	r3	1790218760353	131	
4564	ack	r3	1790218760359	948	
4565	ack	r3	1790218760366	2945	
4566	ack	r3	1790218760368	104	
4567	ack	r3	1790218760373	107	
4568	ack	r3	1790218760379	942	
4569	ack	r3	1790218760383	99	
4570	ack	r3	1790218760389	932	
4571	ack	r3	1790218760394	793	
4572	ack	r3	1790218760399	279	
4573	ack	r3	1790218760403	457	
4574	ack	r3	1790218760409	1013	
4575	ack	r3	1790218760413	113	
4576	ack	r3	1790218760418	66	
4577	ack	r3	1790218760424	948	
4578	ack	r3	1790218760428	49	
4579	ack	r3	1790218760436	2952	
4580	ack	r3	1790218760438	106	
4581	ack	r3	1790218760443	73	
4582	ack	r3	1790218760448	101	
4583	ack	r3	1790218760453	116	
4584	ack	r3	1790218760459	941	
4585	ack	r3	1790218760463	71	
4586	ack	r3	1790218760468	77	
4587	ack	r3	1790218760476	2943	
4588	ack	r3	1790218760478	94	
4589	ack	r3	1790218760483	58	
4590	ack	r3	1790218760489	942	
4591	ack	r3	1790218760493	64	
4592	ack	r3	1790218760498	78	
4593	ack	r3	1790218760503	72	
4594	ack	r3	1790218760508	116	
4595	ack	r3	1790218760513	41	
4596	ack	r3	1790218760518	108	
4597	ack	r3	1790218760523	75	
4598	ack	r3	1790218760528	45	
4599	ack	r3	1790218760533	49	
4600	ack	r3	1790218760540	2003	
4601	ack	r3	1790218760543	48	
4602	ack	r3	1790218760548	85	
4603	ack	r3	1790218760553	84	
4604	ack	r3	1790218760559	826	
4605	ack	r3	1790218760563	39	
4606	ack	r3	1790218760569	949	
4607	ack	r3	1790218760573	71	
4608	ack	r3	1790218760579	946	
4609	ack	r3	1790218760587	409	
4610	ack	r3	1790218760588	104	
4611	ack	r3	1790218760593	85	
4612	ack	r3	1790218760598	45	
4613	ack	r3	1790218760603	122	
4614	ack	r3	1790218760608	100	
4615	ack	r3	1790218760615	112	
4616	ack	r3	1790218760618	62	
4617	ack	r3	1790218760624	940	
4618	ack	r3	1790218760628	62	
4619	ack	r3	1790218760633	89	
4620	ack	r3	1790218760638	75	
4621	ack	r3	1790218760645	960	
4622	ack	r3	1790218760648	91	
4623	ack	r3	1790218760653	48	
4624	ack	r3	1790218760658	145	
4625	ack	r3	1790218760663	67	
4626	ack	r3	1790218760671	1001	
4627	ack	r3	1790218760673	79	
4628	ack	r3	1790218760678	38	
4629	ack	r3	1790218760683	105	
4630	ack	r3	1790218760688	43	
4631	ack	r3	1790218760693	92	
4632	ack	r3	1790218760699	944	
4633	ack	r3	1790218760703	84	
4634	ack	r3	1790218760708	83	
4635	ack	r3	1790218760716	2943	
4636	ack	r3	1790218760721	2938	
4637	ack	r3	1790218760723	79	
4638	ack	r3	1790218760728	67	
4639	ack	r3	1790218760733	123	
4640	ack	r3	1790218760738	52	
4641	ack	r3	1790218760743	52	
4642	ack	r3	1790218760749	944	
4643	ack	r3	1790218760756	2951	
4644	ack	r3	1790218760758	113	
4645	ack	r3	1790218760763	178	
4646	ack	r3	1790218760770	2008	
4647	ack	r3	1790218760775	96	
4648	ack	r3	1790218760778	167	
4649	ack	r3	1790218760784	674	
4650	ack	r3	1790218760788	53	
4651	ack	r3	1790218760793	67	
4652	ack	r3	1790218760801	1004	
4653	ack	r3	1790218760803	85	
4654	ack	r3	1790218760808	108	
4655	ack	r3	1790218760813	89	
4656	ack	r3	1790218760818	175	
4657	ack	r3	1790218760823	614	
4658	ack	r3	1790218760830	2008	
4659	ack	r3	1790218760833	45	
4660	ack	r3	1790218760838	73	
4661	ack	r3	1790218760843	89	
4662	ack	r3	1790218760851	1014	
4663	ack	r3	1790218760853	153	
4664	ack	r3	1790218760859	986	
4665	ack	r3	1790218760865	2177	
4666	ack	r3	1790218760869	1003	
4667	ack	r3	1790218760875	1993	
4668	ack	r3	1790218760880	841	
4669	ack	r3	1790218760883	42	
4670	ack	r3	1790218760889	1169	
4671	ack	r3	1790218760895	1988	
4672	ack	r3	1790218760901	1018	
4673	ack	r3	1790218760903	64	
4674	ack	r3	1790218760908	48	
4675	ack	r3	1790218760913	37	
4676	ack	r3	1790218760918	162	
4677	ack	r3	1790218760924	1219	
4678	ack	r3	1790218760929	990	
4679	ack	r3	1790218760935	1989	
4680	ack	r3	1790218760938	151	
4681	ack	r3	1790218760943	85	
4682	ack	r3	1790218760948	85	
4683	ack	r3	1790218760954	1159	
4684	ack	r3	1790218760960	1985	
4685	ack	r3	1790218760963	282	
4686	ack	r3	1790218760969	252	
4687	ack	r3	1790218760973	54	
4688	ack	r3	1790218760978	589	
4689	ack	r3	1790218760985	680	
4690	ack	r3	1790218760989	984	
4691	ack	r3	1790218760994	998	
4692	ack	r3	1790218760998	56	
4693	ack	r3	1790218761003	102	
4694	ack	r3	1790218761008	47	
4695	ack	r3	1790218761014	1154	
4696	ack	r3	1790218761019	117	
4697	ack	r3	1790218761023	49	
4698	ack	r3	1790218761028	47	
4699	ack	r3	1790218761033	75	
4700	ack	r3	1790218761040	1950	
4701	ack	r3	1790218761043	60	
4702	ack	r3	1790218761049	938	
4703	ack	r3	1790218761053	89	
4704	ack	r3	1790218761058	88	
4705	ack	r3	1790218761064	942	
4706	ack	r3	1790218761069	1076	
4707	ack	r3	1790218761075	2625	
4708	ack	r3	1790218761078	68	
4709	ack	r3	1790218761083	75	
4710	ack	r3	1790218761088	64	
4711	ack	r3	1790218761093	38	
4712	ack	r3	1790218761099	938	
4713	ack	r3	1790218761103	32	
4714	ack	r3	1790218761108	86	
4715	ack	r3	1790218761113	75	
4716	ack	r3	1790218761118	46	
4717	ack	r3	1790218761125	934	
4718	ack	r3	1790218761128	98	
4719	ack	r3	1790218761133	78	
4720	ack	r3	1790218761138	116	
4721	ack	r3	1790218761144	986	
4722	ack	r3	1790218761151	2939	
4723	ack	r3	1790218761153	94	
4724	ack	r3	1790218761158	90	
4725	ack	r3	1790218761163	144	
4726	ack	r3	1790218761170	1994	
4727	ack	r3	1790218761173	56	
4728	ack	r3	1790218761178	40	
4729	ack	r3	1790218761184	79	
4730	ack	r3	1790218761189	73	
4731	ack	r3	1790218761193	42	
4732	ack	r3	1790218761198	99	
4733	ack	r3	1790218761203	68	
4734	ack	r3	1790218761208	89	
4735	ack	r3	1790218761213	136	
4736	ack	r3	1790218761219	950	
4737	ack	r3	1790218761226	1001	
4738	ack	r3	1790218761228	144	
4739	ack	r3	1790218761233	77	
4740	ack	r3	1790218761239	708	
4741	ack	r3	1790218761243	64	
4742	ack	r3	1790218761248	49	
4743	ack	r3	1790218761255	1947	
4744	ack	r3	1790218761259	61	
4745	ack	r3	1790218761265	2000	
4746	ack	r3	1790218761268	82	
4747	ack	r3	1790218761274	938	
4748	ack	r3	1790218761278	70	
4749	ack	r3	1790218761283	69	
4750	ack	r3	1790218761288	45	
4751	ack	r3	1790218761293	65	
4752	ack	r3	1790218761301	999	
4753	ack	r3	1790218761303	89	
4754	ack	r3	1790218761308	88	
4755	ack	r3	1790218761314	138	
4756	ack	r3	1790218761318	57	
4757	ack	r3	1790218761323	77	
4758	ack	r3	1790218761329	1161	
4759	ack	r3	1790218761333	33	
4760	ack	r3	1790218761338	68	
4761	ack	r3	1790218761344	1176	
4762	ack	r3	1790218761348	92	
4763	ack	r3	1790218761354	974	
4764	ack	r3	1790218761359	151	
4765	ack	r3	1790218761364	1148	
4766	ack	r3	1790218761369	877	
4767	ack	r3	1790218761373	84	
4768	ack	r3	1790218761378	73	
4769	ack	r3	1790218761386	943	
4770	ack	r3	1790218761388	100	
4771	ack	r3	1790218761394	942	
4772	ack	r3	1790218761401	1003	
4773	ack	r3	1790218761403	71	
4774	ack	r3	1790218761408	81	
4775	ack	r3	1790218761413	64	
4776	ack	r3	1790218761418	89	
4777	ack	r3	1790218761423	54	
4778	ack	r3	1790218761428	88	
4779	ack	r3	1790218761433	72	
4780	ack	r3	1790218761440	1982	
4781	ack	r3	1790218761443	38	
4782	ack	r3	1790218761449	1169	
4783	ack	r3	1790218761456	1003	
4784	ack	r3	1790218761458	88	
4785	ack	r3	1790218761463	65	
4786	ack	r3	1790218761468	100	
4787	ack	r3	1790218761473	95	
4788	ack	r3	1790218761478	105	
4789	ack	r3	1790218761483	74	
4790	ack	r3	1790218761490	1982	
4791	ack	r3	1790218761493	34	
4792	ack	r3	1790218761499	737	
4793	ack	r3	1790218761507	993	
4794	ack	r3	1790218761508	52	
4795	ack	r3	1790218761513	92	
4796	ack	r3	1790218761518	59	
4797	ack	r3	1790218761523	61	
4798	ack	r3	1790218761528	46	
4799	ack	r3	1790218761533	166	
4800	ack	r3	1790218761538	94	
4801	ack	r3	1790218761544	937	
4802	ack	r3	1790218761550	2179	
4803	ack	r3	1790218761554	1150	
4804	ack	r3	1790218761560	1962	
4805	ack	r3	1790218761565	66	
4806	ack	r3	1790218761570	744	
4807	ack	r3	1790218761575	943	
4808	ack	r3	1790218761578	79	
4809	ack	r3	1790218761583	63	
4810	ack	r3	1790218761590	761	
4811	ack	r3	1790218761594	1155	
4812	ack	r3	1790218761598	74	
4813	ack	r3	1790218761603	68	
4814	ack	r3	1790218761608	71	
4815	ack	r3	1790218761614	1094	
4816	ack	r3	1790218761618	45	
4817	ack	r3	1790218761623	69	
4818	ack	r3	1790218761628	54	
4819	ack	r3	1790218761634	940	
4820	ack	r3	1790218761638	82	
4821	ack	r3	1790218761643	86	
4822	ack	r3	1790218761649	946	
4823	ack	r3	1790218761653	44	
4824	ack	r3	1790218761658	155	
4825	ack	r3	1790218761663	56	
4826	ack	r3	1790218761668	61	
4827	ack	r3	1790218761674	1008	
4828	ack	r3	1790218761678	95	
4829	ack	r3	1790218761683	82	
4830	ack	r3	1790218761692	3943	
4831	ack	r3	1790218761693	105	
4832	ack	r3	1790218761698	79	
4833	ack	r3	1790218761703	69	
4834	ack	r3	1790218761709	945	
4835	ack	r3	1790218761716	2939	
4836	ack	r3	1790218761718	60	
4837	ack	r3	1790218761723	93	
4838	ack	r3	1790218761728	65	
4839	ack	r3	1790218761734	939	
4840	ack	r3	1790218761738	67	
4841	ack	r3	1790218761743	81	
4842	ack	r3	1790218761749	1012	
4843	ack	r3	1790218761753	66	
4844	ack	r3	1790218761759	938	
4845	ack	r3	1790218761763	66	
4846	ack	r3	1790218761769	937	
4847	ack	r3	1790218761777	1002	
4848	ack	r3	1790218761778	100	
4849	ack	r3	1790218761783	540	
4850	ack	r3	1790218761789	77	
4851	ack	r3	1790218761793	105	
4852	ack	r3	1790218761799	221	
4853	ack	r3	1790218761804	1009	
4854	ack	r3	1790218761808	115	
4855	ack	r3	1790218761815	1999	
4856	ack	r3	1790218761818	81	
4857	ack	r3	1790218761825	284	
4858	ack	r3	1790218761828	102	
4859	ack	r3	1790218761833	204	
4860	ack	r3	1790218761838	228	
4861	ack	r3	1790218761843	117	
4862	ack	r3	1790218761848	80	
4863	ack	r3	1790218761853	125	
4864	ack	r3	1790218761858	58	
4865	ack	r3	1790218761865	120	
4866	ack	r3	1790218761868	98	
4867	ack	r3	1790218761873	123	
4868	ack	r3	1790218761879	942	
4869	ack	r3	1790218761883	115	
4870	ack	r3	1790218761890	1944	
4871	ack	r3	1790218761894	1231	
4872	ack	r3	1790218761899	975	
4873	ack	r3	1790218761903	40	
4874	ack	r3	1790218761908	87	
4875	ack	r3	1790218761913	46	
4876	ack	r3	1790218761918	188	
4877	ack	r3	1790218761924	937	
4878	ack	r3	1790218761929	1156	
4879	ack	r3	1790218761933	65	
4880	ack	r3	1790218761940	2006	
4881	ack	r3	1790218761946	2942	
4882	ack	r3	1790218761948	84	
4883	ack	r3	1790218761953	91	
4884	ack	r3	1790218761959	943	
4885	ack	r3	1790218761963	54	
4886	ack	r3	1790218761968	44	
4887	ack	r3	1790218761974	940	
4888	ack	r3	1790218761978	528	
4889	ack	r3	1790218761983	100	
4890	ack	r3	1790218761990	670	
4891	ack	r3	1790218761993	92	
4892	ack	r3	1790218761998	93	
4893	ack	r3	1790218762003	80	
4894	ack	r3	1790218762008	43	
4895	ack	r3	1790218762013	119	
4896	ack	r3	1790218762018	44	
4897	ack	r3	1790218762025	770	
4898	ack	r3	1790218762028	96	
4899	ack	r3	1790218762033	68	
4900	ack	r3	1790218762038	67	
4901	ack	r3	1790218762044	945	
4902	ack	r3	1790218762050	1991	
4903	ack	r3	1790218762057	990	
4904	ack	r3	1790218762058	65	
4905	ack	r3	1790218762063	44	
4906	ack	r3	1790218762068	101	
4907	ack	r3	1790218762073	53	
4908	ack	r3	1790218762078	141	
4909	ack	r3	1790218762083	50	
4910	ack	r3	1790218762088	81	
4911	ack	r3	1790218762093	46	
4912	ack	r3	1790218762098	88	
4913	ack	r3	1790218762103	102	
4914	ack	r3	1790218762108	82	
4915	ack	r3	1790218762115	2656	
4916	ack	r3	1790218762118	100	
4917	ack	r3	1790218762123	72	
4918	ack	r3	1790218762128	60	
4919	ack	r3	1790218762133	63	
4920	ack	r3	1790218762140	1982	
4921	ack	r3	1790218762147	999	
4922	ack	r3	1790218762148	90	
4923	ack	r3	1790218762153	82	
4924	ack	r3	1790218762159	1004	
4925	ack	r3	1790218762165	79	
4926	ack	r3	1790218762168	100	
4927	ack	r3	1790218762174	989	
4928	ack	r3	1790218762179	1027	
4929	ack	r3	1790218762183	39	
4930	ack	r3	1790218762189	685	
4931	ack	r3	1790218762195	71	
4932	ack	r3	1790218762198	67	
4933	ack	r3	1790218762203	289	
4934	ack	r3	1790218762212	1002	
4935	ack	r3	1790218762213	48	
4936	ack	r3	1790218762218	89	
4937	ack	r3	1790218762223	78	
4938	ack	r3	1790218762232	995	
4939	ack	r3	1790218762233	83	
4940	ack	r3	1790218762238	65	
4941	ack	r3	1790218762244	69	
4942	ack	r3	1790218762249	990	
4943	ack	r3	1790218762256	2939	
4944	ack	r3	1790218762258	91	
4945	ack	r3	1790218762263	87	
4946	ack	r3	1790218762268	59	
4947	ack	r3	1790218762273	52	
4948	ack	r3	1790218762278	86	
4949	ack	r3	1790218762283	74	
4950	ack	r3	1790218762288	98	
4951	ack	r3	1790218762294	64	
4952	ack	r3	1790218762299	951	
4953	ack	r3	1790218762306	2936	
4954	ack	r3	1790218762308	74	
4955	ack	r3	1790218762313	73	
4956	ack	r3	1790218762318	40	
4957	ack	r3	1790218762323	46	
4958	ack	r3	1790218762328	89	
4959	ack	r3	1790218762334	939	
4960	ack	r3	1790218762341	2945	
4961	ack	r3	1790218762343	95	
4962	ack	r3	1790218762348	96	
4963	ack	r3	1790218762353	127	
4964	ack	r3	1790218762358	42	
4965	ack	r3	1790218762363	112	
4966	ack	r3	1790218762368	91	
4967	ack	r3	1790218762373	60	
4968	ack	r3	1790218762378	45	
4969	ack	r3	1790218762383	137	
4970	ack	r3	1790218762392	937	
4971	ack	r3	1790218762393	91	
4972	ack	r3	1790218762399	939	
4973	ack	r3	1790218762403	73	
4974	ack	r3	1790218762411	943	
4975	ack	r3	1790218762413	76	
4976	ack	r3	1790218762418	62	
4977	ack	r3	1790218762423	53	
4978	ack	r3	1790218762428	47	
4979	ack	r3	1790218762433	84	
4980	ack	r3	1790218762438	81	
4981	ack	r3	1790218762444	1147	
4982	ack	r3	1790218762450	1986	
4983	ack	r3	1790218762453	44	
4984	ack	r3	1790218762458	89	
4985	ack	r3	1790218762465	1997	
4986	ack	r3	1790218762468	80	
4987	ack	r3	1790218762473	91	
4988	ack	r3	1790218762478	85	
4989	ack	r3	1790218762483	76	
4990	ack	r3	1790218762488	44	
4991	ack	r3	1790218762493	77	
4992	ack	r3	1790218762500	965	
4993	ack	r3	1790218762503	92	
4994	ack	r3	1790218762508	54	
4995	ack	r3	1790218762514	76	
4996	ack	r3	1790218762518	91	
4997	ack	r3	1790218762523	81	
4998	ack	r3	1790218762531	963	
4999	ack	r3	1790218762533	88	
5000	ack	r3	1790218762538	64	
5001	ack	r3	1790218762544	941	
5002	ack	r3	1790218762548	64	
5003	ack	r3	1790218762554	938	
5004	ack	r3	1790218762558	35	
5005	ack	r3	1790218762563	76	
5006	ack	r3	1790218762569	75	
5007	ack	r3	1790218762573	41	
5008	ack	r3	1790218762578	112	
5009	ack	r3	1790218762583	73	
5010	ack	r3	1790218762590	955	
5011	ack	r3	1790218762593	68	
5012	ack	r3	1790218762598	71	
5013	ack	r3	1790218762606	2940	
5014	ack	r3	1790218762608	93	
5015	ack	r3	1790218762614	1072	
5016	ack	r3	1790218762618	40	
5017	ack	r3	1790218762624	944	
5018	ack	r3	1790218762628	164	
5019	ack	r3	1790218762636	951	
5020	ack	r3	1790218762638	60	
5021	ack	r3	1790218762643	43	
5022	ack	r3	1790218762648	61	
5023	ack	r3	1790218762653	95	
5024	ack	r3	1790218762658	48	
5025	ack	r3	1790218762663	81	
5026	ack	r3	1790218762670	1940	
5027	ack	r3	1790218762673	93	
5028	ack	r3	1790218762678	100	
5029	ack	r3	1790218762683	89	
5030	ack	r3	1790218762688	105	
5031	ack	r3	1790218762693	85	
5032	ack	r3	1790218762698	79	
5033	ack	r3	1790218762703	650	
5034	ack	r3	1790218762709	1192	
5035	ack	r3	1790218762713	59	
5036	ack	r3	1790218762718	67	
5037	ack	r3	1790218762723	132	
5038	ack	r3	1790218762729	814	
5039	ack	r3	1790218762736	1009	
5040	ack	r3	1790218762738	88	
5041	ack	r3	1790218762743	96	
5042	ack	r3	1790218762748	39	
5043	ack	r3	1790218762753	97	
5044	ack	r3	1790218762758	98	
5045	ack	r3	1790218762763	42	
5046	ack	r3	1790218762768	73	
5047	ack	r3	1790218762774	953	
5048	ack	r3	1790218762779	63	
5049	ack	r3	1790218762783	579	
5050	ack	r3	1790218762790	481	
5051	ack	r3	1790218762793	49	
5052	ack	r3	1790218762798	113	
5053	ack	r3	1790218762804	288	
5054	ack	r3	1790218762809	604	
5055	ack	r3	1790218762813	106	
5056	ack	r3	1790218762818	46	
5057	ack	r3	1790218762823	107	
5058	ack	r3	1790218762831	992	
5059	ack	r3	1790218762833	74	
5060	ack	r3	1790218762839	947	
5061	ack	r3	1790218762843	89	
5062	ack	r3	1790218762849	469	
5063	ack	r3	1790218762854	834	
5064	ack	r3	1790218762859	1091	
5065	ack	r3	1790218762863	120	
5066	ack	r3	1790218762868	74	
5067	ack	r3	1790218762874	1176	
5068	ack	r3	1790218762878	95	
5069	ack	r3	1790218762883	51	
5070	ack	r3	1790218762888	105	
5071	ack	r3	1790218762893	84	
5072	ack	r3	1790218762899	1182	
5073	ack	r3	1790218762905	1991	
5074	ack	r3	1790218762908	55	
5075	ack	r3	1790218762914	1173	
5076	ack	r3	1790218762918	40	
5077	ack	r3	1790218762923	59	
5078	ack	r3	1790218762928	61	
5079	ack	r3	1790218762935	1985	
5080	ack	r3	1790218762939	87	
5081	ack	r3	1790218762943	40	
5082	ack	r3	1790218762950	986	
5083	ack	r3	1790218762954	950	
5084	ack	r3	1790218762958	80	
5085	ack	r3	1790218762964	941	
5086	ack	r3	1790218762968	60	
5087	ack	r3	1790218762973	81	
5088	ack	r3	1790218762978	104	
5089	ack	r3	1790218762985	1022	
5090	ack	r3	1790218762991	1954	
5091	ack	r3	1790218762993	93	
5092	ack	r3	1790218762998	89	
5093	ack	r3	1790218763004	846	
5094	ack	r3	1790218763008	556	
5095	ack	r3	1790218763013	84	
5096	ack	r3	1790218763018	43	
5097	ack	r3	1790218763023	89	
5098	ack	r3	1790218763029	938	
5099	ack	r3	1790218763033	45	
5100	ack	r3	1790218763038	93	
5101	ack	r3	1790218763043	40	
5102	ack	r3	1790218763049	967	
5103	ack	r3	1790218763055	1971	
5104	ack	r3	1790218763058	51	
5105	ack	r3	1790218763063	69	
5106	ack	r3	1790218763068	102	
5107	ack	r3	1790218763073	44	
5108	ack	r3	1790218763078	105	
5109	ack	r3	1790218763083	109	
5110	ack	r3	1790218763088	75	
5111	ack	r3	1790218763093	98	
5112	ack	r3	1790218763098	41	
5113	ack	r3	1790218763103	77	
5114	ack	r3	1790218763109	78	
5115	ack	r3	1790218763116	1005	
5116	ack	r3	1790218763119	945	
5117	ack	r3	1790218763123	66	
5118	ack	r3	1790218763128	89	
5119	ack	r3	1790218763133	45	
5120	ack	r3	1790218763139	940	
5121	ack	r3	1790218763144	1020	
5122	ack	r3	1790218763148	70	
5123	ack	r3	1790218763154	936	
5124	ack	r3	1790218763158	85	
5125	ack	r3	1790218763163	97	
5126	ack	r3	1790218763168	41	
5127	ack	r3	1790218763173	42	
5128	ack	r3	1790218763181	952	
5129	ack	r3	1790218763183	71	
5130	ack	r3	1790218763188	71	
5131	ack	r3	1790218763193	95	
5132	ack	r3	1790218763198	65	
5133	ack	r3	1790218763203	84	
5134	ack	r3	1790218763209	951	
5135	ack	r3	1790218763214	1280	
5136	ack	r3	1790218763218	91	
5137	ack	r3	1790218763223	70	
5138	ack	r3	1790218763228	58	
5139	ack	r3	1790218763233	72	
5140	ack	r3	1790218763238	45	
5141	ack	r3	1790218763243	140	
5142	ack	r3	1790218763248	48	
5143	ack	r3	1790218763253	52	
5144	ack	r3	1790218763258	101	
5145	ack	r3	1790218763263	109	
5146	ack	r3	1790218763268	45	
5147	ack	r3	1790218763273	108	
5148	ack	r3	1790218763280	73	
5149	ack	r3	1790218763283	239	
5150	ack	r3	1790218763288	100	
5151	ack	r3	1790218763293	62	
5152	ack	r3	1790218763298	108	
5153	ack	r3	1790218763304	995	
5154	ack	r3	1790218763310	762	
5155	ack	r3	1790218763313	65	
5156	ack	r3	1790218763318	41	
5157	ack	r3	1790218763323	96	
5158	ack	r3	1790218763330	949	
5159	ack	r3	1790218763333	73	
5160	ack	r3	1790218763338	93	
5161	ack	r3	1790218763344	940	
5162	ack	r3	1790218763352	3945	
5163	ack	r3	1790218763353	92	
5164	ack	r3	1790218763358	98	
5165	ack	r3	1790218763363	54	
5166	ack	r3	1790218763368	77	
5167	ack	r3	1790218763374	940	
5168	ack	r3	1790218763378	35	
5169	ack	r3	1790218763384	940	
5170	ack	r3	1790218763390	86	
5171	ack	r3	1790218763395	1989	
5172	ack	r3	1790218763398	35	
5173	ack	r3	1790218763404	937	
5174	ack	r3	1790218763408	45	
5175	ack	r3	1790218763413	98	
5176	ack	r3	1790218763418	78	
5177	ack	r3	1790218763424	938	
