seq	status	host	at_ms	latency_us	detail
1	ack	r1	1790218696838	4882	
2	ack	r1	1790218696842	1215	
3	ack	r1	1790218696843	621	
4	ack	r1	1790218696845	1898	
5	ack	r1	1790218696845	289	
6	ack	r1	1790218696846	266	
7	ack	r1	1790218696849	854	
8	ack	r1	1790218696850	143	
9	ack	r1	1790218696855	134	
10	ack	r1	1790218696860	414	
11	ack	r1	1790218696865	452	
12	ack	r1	1790218696870	436	
13	ack	r1	1790218696875	351	
14	ack	r1	1790218696880	467	
15	ack	r1	1790218696885	431	
16	ack	r1	1790218696890	312	
17	ack	r1	1790218696895	264	
18	ack	r1	1790218696900	204	
19	ack	r1	1790218696906	1238	
20	ack	r1	1790218696910	451	
21	ack	r1	1790218696915	193	
22	ack	r1	1790218696920	472	
23	ack	r1	1790218696925	142	
24	ack	r1	1790218696930	245	
25	ack	r1	1790218696935	173	
26	ack	r1	1790218696940	113	
27	ack	r1	1790218696945	240	
28	ack	r1	1790218696950	167	
29	ack	r1	1790218696955	138	
30	ack	r1	1790218696960	412	
31	ack	r1	1790218696965	423	
32	ack	r1	1790218696970	163	
33	ack	r1	1790218696975	154	
34	ack	r1	1790218696980	144	
35	ack	r1	1790218696985	410	
36	ack	r1	1790218696990	141	
37	ack	r1	1790218696995	150	
38	ack	r1	1790218697000	140	
39	ack	r1	1790218697005	142	
40	ack	r1	1790218697010	113	
41	ack	r1	1790218697015	420	
42	ack	r1	1790218697020	193	
43	ack	r1	1790218697025	199	
44	ack	r1	1790218697030	138	
45	ack	r1	1790218697035	447	
46	ack	r1	1790218697040	425	
47	ack	r1	1790218697045	115	
48	ack	r1	1790218697050	136	
49	ack	r1	1790218697055	94	
50	ack	r1	1790218697060	412	
51	ack	r1	1790218697065	410	
52	ack	r1	1790218697070	113	
53	ack	r1	1790218697075	430	
54	ack	r1	1790218697080	416	
55	ack	r1	1790218697085	95	
56	ack	r1	1790218697090	179	
57	ack	r1	1790218697095	102	
58	ack	r1	1790218697100	410	
59	ack	r1	1790218697105	135	
60	ack	r1	1790218697110	424	
61	ack	r1	1790218697115	485	
62	ack	r1	1790218697120	415	
63	ack	r1	1790218697125	407	
64	ack	r1	1790218697130	429	
65	ack	r1	1790218697135	122	
66	ack	r1	1790218697140	406	
67	ack	r1	1790218697145	408	
68	ack	r1	1790218697150	409	
69	ack	r1	1790218697155	419	
70	ack	r1	1790218697160	192	
71	ack	r1	1790218697165	399	
72	ack	r1	1790218697170	421	
73	ack	r1	1790218697175	209	
74	ack	r1	1790218697180	180	
75	ack	r1	1790218697185	116	
76	ack	r1	1790218697190	403	
77	ack	r1	1790218697195	179	
78	ack	r1	1790218697200	151	
79	ack	r1	1790218697205	420	
80	ack	r1	1790218697210	124	
81	ack	r1	1790218697215	97	
82	ack	r1	1790218697220	403	
83	ack	r1	1790218697225	112	
84	ack	r1	1790218697230	138	
85	ack	r1	1790218697235	152	
86	ack	r1	1790218697240	212	
87	ack	r1	1790218697245	115	
88	ack	r1	1790218697250	101	
89	ack	r1	1790218697255	115	
90	ack	r1	1790218697260	90	
91	ack	r1	1790218697265	118	
92	ack	r1	1790218697270	411	
93	ack	r1	1790218697275	152	
94	ack	r1	1790218697280	414	
95	ack	r1	1790218697285	118	
96	ack	r1	1790218697290	83	
97	ack	r1	1790218697295	423	
98	ack	r1	1790218697300	410	
99	ack	r1	1790218697305	404	
100	ack	r1	1790218697310	405	
101	ack	r1	1790218697315	408	
102	ack	r1	1790218697320	131	
103	ack	r1	1790218697325	91	
104	ack	r1	1790218697330	406	
105	ack	r1	1790218697335	99	
106	ack	r1	1790218697340	120	
107	ack	r1	1790218697345	82	
108	ack	r1	1790218697350	401	
109	ack	r1	1790218697355	114	
110	ack	r1	1790218697360	141	
111	ack	r1	1790218697365	133	
112	ack	r1	1790218697370	94	
113	ack	r1	1790218697375	133	
114	ack	r1	1790218697380	213	
115	ack	r1	1790218697385	161	
116	ack	r1	1790218697390	180	
117	ack	r1	1790218697395	106	
118	ack	r1	1790218697400	189	
119	ack	r1	1790218697405	445	
120	ack	r1	1790218697410	187	
121	ack	r1	1790218697415	197	
122	ack	r1	1790218697420	199	
123	ack	r1	1790218697425	226	
124	ack	r1	1790218697430	205	
125	ack	r1	1790218697435	415	
126	ack	r1	1790218697440	125	
127	ack	r1	1790218697445	409	
128	ack	r1	1790218697450	425	
129	ack	r1	1790218697455	431	
130	ack	r1	1790218697460	438	
131	ack	r1	1790218697465	236	
132	ack	r1	1790218697470	210	
133	ack	r1	1790218697475	278	
134	ack	r1	1790218697480	220	
135	ack	r1	1790218697485	216	
136	ack	r1	1790218697490	419	
137	ack	r1	1790218697495	200	
138	ack	r1	1790218697500	198	
139	ack	r1	1790218697505	228	
140	ack	r1	1790218697510	415	
141	ack	r1	1790218697515	216	
142	ack	r1	1790218697520	416	
143	ack	r1	1790218697525	407	
144	ack	r1	1790218697530	448	
145	ack	r1	1790218697535	174	
146	ack	r1	1790218697540	136	
147	ack	r1	1790218697545	161	
148	ack	r1	1790218697550	408	
149	ack	r1	1790218697555	414	
150	ack	r1	1790218697560	268	
151	ack	r1	1790218697565	158	
152	ack	r1	1790218697570	144	
153	ack	r1	1790218697575	428	
154	ack	r1	1790218697580	184	
155	ack	r1	1790218697585	209	
156	ack	r1	1790218697590	294	
157	ack	r1	1790218697595	222	
158	ack	r1	1790218697600	410	
159	ack	r1	1790218697605	254	
160	ack	r1	1790218697610	228	
161	ack	r1	1790218697615	221	
162	ack	r1	1790218697620	451	
163	ack	r1	1790218697626	480	
164	ack	r1	1790218697630	138	
165	ack	r1	1790218697635	173	
166	ack	r1	1790218697640	195	
167	ack	r1	1790218697645	410	
168	ack	r1	1790218697650	125	
169	ack	r1	1790218697655	165	
170	ack	r1	1790218697660	189	
171	ack	r1	1790218697665	439	
172	ack	r1	1790218697670	203	
173	ack	r1	1790218697675	421	
174	ack	r1	1790218697680	144	
175	ack	r1	1790218697685	163	
176	ack	r1	1790218697690	206	
177	ack	r1	1790218697695	438	
178	ack	r1	1790218697700	435	
179	ack	r1	1790218697705	105	
180	ack	r1	1790218697710	246	
181	ack	r1	1790218697715	470	
182	ack	r1	1790218697720	424	
183	ack	r1	1790218697725	416	
184	ack	r1	1790218697730	114	
185	ack	r1	1790218697735	415	
186	ack	r1	1790218697740	185	
187	ack	r1	1790218697745	254	
188	ack	r1	1790218697750	414	
189	ack	r1	1790218697755	168	
190	ack	r1	1790218697760	414	
191	ack	r1	1790218697765	115	
192	ack	r1	1790218697770	161	
193	ack	r1	1790218697775	409	
194	ack	r1	1790218697780	417	
195	ack	r1	1790218697785	142	
196	ack	r1	1790218697790	118	
197	ack	r1	1790218697795	403	
198	ack	r1	1790218697800	203	
199	ack	r1	1790218697805	405	
200	ack	r1	1790218697810	129	
201	ack	r1	1790218697815	135	
202	ack	r1	1790218697820	434	
203	ack	r1	1790218697825	116	
204	ack	r1	1790218697830	138	
205	ack	r1	1790218697835	129	
206	ack	r1	1790218697840	163	
207	ack	r1	1790218697845	148	
208	ack	r1	1790218697850	416	
209	ack	r1	1790218697855	126	
210	ack	r1	1790218697860	411	
211	ack	r1	1790218697865	104	
212	ack	r1	1790218697870	426	
213	ack	r1	1790218697875	405	
214	ack	r1	1790218697880	416	
215	ack	r1	1790218697885	408	
216	ack	r1	1790218697890	164	
217	ack	r1	1790218697895	419	
218	ack	r1	1790218697900	143	
219	ack	r1	1790218697905	180	
220	ack	r1	1790218697910	136	
221	ack	r1	1790218697915	418	
222	ack	r1	1790218697920	145	
223	ack	r1	1790218697925	142	
224	ack	r1	1790218697930	148	
225	ack	r1	1790218697935	136	
226	ack	r1	1790218697940	138	
227	ack	r1	1790218697945	155	
228	ack	r1	1790218697950	138	
229	ack	r1	1790218697955	399	
230	ack	r1	1790218697960	423	
231	ack	r1	1790218697965	413	
232	ack	r1	1790218697970	412	
233	ack	r1	1790218697975	417	
234	ack	r1	1790218697980	471	
235	ack	r1	1790218697985	440	
236	ack	r1	1790218697990	140	
237	ack	r1	1790218697995	410	
238	ack	r1	1790218698000	96	
239	ack	r1	1790218698008	2535	
240	ack	r1	1790218698010	414	
241	ack	r1	1790218698015	127	
242	ack	r1	1790218698020	146	
243	ack	r1	1790218698029	945	
244	ack	r1	1790218698030	405	
245	ack	r1	1790218698035	201	
246	ack	r1	1790218698040	113	
247	ack	r1	1790218698045	406	
248	ack	r1	1790218698050	296	
249	ack	r1	1790218698055	206	
250	ack	r1	1790218698060	180	
251	ack	r1	1790218698065	186	
252	ack	r1	1790218698070	421	
253	ack	r1	1790218698075	404	
254	ack	r1	1790218698080	218	
255	ack	r1	1790218698085	417	
256	ack	r1	1790218698090	247	
257	ack	r1	1790218698095	242	
258	ack	r1	1790218698100	178	
259	ack	r1	1790218698105	166	
260	ack	r1	1790218698110	242	
261	ack	r1	1790218698115	169	
262	ack	r1	1790218698120	120	
263	ack	r1	1790218698125	171	
264	ack	r1	1790218698130	119	
265	ack	r1	1790218698135	164	
266	ack	r1	1790218698140	150	
267	ack	r1	1790218698145	114	
268	ack	r1	1790218698150	129	
269	ack	r1	1790218698155	412	
270	ack	r1	1790218698160	418	
271	ack	r1	1790218698165	413	
272	ack	r1	1790218698170	410	
273	ack	r1	1790218698175	177	
274	ack	r1	1790218698180	107	
275	ack	r1	1790218698185	430	
276	ack	r1	1790218698190	269	
277	ack	r1	1790218698195	419	
278	ack	r1	1790218698200	435	
279	ack	r1	1790218698205	605	
280	ack	r1	1790218698210	456	
281	ack	r1	1790218698215	278	
282	ack	r1	1790218698220	408	
283	ack	r1	1790218698225	162	
284	ack	r1	1790218698230	170	
285	ack	r1	1790218698235	157	
286	ack	r1	1790218698240	113	
287	ack	r1	1790218698245	417	
288	ack	r1	1790218698250	143	
289	ack	r1	1790218698255	166	
290	ack	r1	1790218698260	112	
291	ack	r1	1790218698265	432	
292	ack	r1	1790218698270	120	
293	ack	r1	1790218698275	186	
294	ack	r1	1790218698280	438	
295	ack	r1	1790218698285	406	
296	ack	r1	1790218698290	261	
297	ack	r1	1790218698295	131	
298	ack	r1	1790218698300	130	
299	ack	r1	1790218698305	130	
300	ack	r1	1790218698310	155	
301	ack	r1	1790218698315	130	
302	ack	r1	1790218698320	151	
303	ack	r1	1790218698325	187	
304	ack	r1	1790218698330	170	
305	ack	r1	1790218698335	164	
306	ack	r1	1790218698340	225	
307	ack	r1	1790218698345	181	
308	ack	r1	1790218698350	143	
309	ack	r1	1790218698355	405	
310	ack	r1	1790218698360	134	
311	ack	r1	1790218698365	173	
312	ack	r1	1790218698370	411	
313	ack	r1	1790218698375	147	
314	ack	r1	1790218698380	153	
315	ack	r1	1790218698385	95	
316	ack	r1	1790218698390	109	
317	ack	r1	1790218698395	130	
318	ack	r1	1790218698400	422	
319	ack	r1	1790218698405	413	
320	ack	r1	1790218698410	416	
321	ack	r1	1790218698415	416	
322	ack	r1	1790218698420	277	
323	ack	r1	1790218698425	160	
324	ack	r1	1790218698430	161	
325	ack	r1	1790218698435	111	
326	ack	r1	1790218698440	158	
327	ack	r1	1790218698445	409	
328	ack	r1	1790218698450	415	
329	ack	r1	1790218698455	133	
330	ack	r1	1790218698460	415	
331	ack	r1	1790218698465	199	
332	ack	r1	1790218698470	117	
333	ack	r1	1790218698475	447	
334	ack	r1	1790218698480	417	
335	ack	r1	1790218698485	172	
336	ack	r1	1790218698490	416	
337	ack	r1	1790218698495	121	
338	ack	r1	1790218698500	135	
339	ack	r1	1790218698505	137	
340	ack	r1	1790218698510	440	
341	ack	r1	1790218698515	424	
342	ack	r1	1790218698520	432	
343	ack	r1	1790218698525	206	
344	ack	r1	1790218698530	196	
345	ack	r1	1790218698535	416	
346	ack	r1	1790218698540	247	
347	ack	r1	1790218698545	147	
348	ack	r1	1790218698550	213	
349	ack	r1	1790218698555	153	
350	ack	r1	1790218698560	150	
351	ack	r1	1790218698565	147	
352	ack	r1	1790218698570	125	
353	ack	r1	1790218698575	185	
354	ack	r1	1790218698580	171	
355	ack	r1	1790218698585	406	
356	ack	r1	1790218698590	176	
357	ack	r1	1790218698595	417	
358	ack	r1	1790218698600	157	
359	ack	r1	1790218698605	415	
360	ack	r1	1790218698610	180	
361	ack	r1	1790218698615	415	
362	ack	r1	1790218698620	164	
363	ack	r1	1790218698625	135	
364	ack	r1	1790218698630	255	
365	ack	r1	1790218698635	125	
366	ack	r1	1790218698640	217	
367	ack	r1	1790218698645	170	
368	ack	r1	1790218698650	408	
369	ack	r1	1790218698655	179	
370	ack	r1	1790218698660	150	
371	ack	r1	1790218698665	143	
372	ack	r1	1790218698670	417	
373	ack	r1	1790218698675	203	
374	ack	r1	1790218698680	275	
375	ack	r1	1790218698685	418	
376	ack	r1	1790218698690	420	
377	ack	r1	1790218698695	134	
378	ack	r1	1790218698700	104	
379	ack	r1	1790218698705	156	
380	ack	r1	1790218698710	122	
381	ack	r1	1790218698715	428	
382	ack	r1	1790218698720	410	
383	ack	r1	1790218698725	92	
384	ack	r1	1790218698730	96	
385	ack	r1	1790218698735	81	
386	ack	r1	1790218698740	85	
387	ack	r1	1790218698745	402	
388	ack	r1	1790218698750	108	
389	ack	r1	1790218698755	404	
390	ack	r1	1790218698760	87	
391	ack	r1	1790218698765	74	
392	ack	r1	1790218698770	82	
393	ack	r1	1790218698775	101	
394	ack	r1	1790218698780	74	
395	ack	r1	1790218698785	109	
396	ack	r1	1790218698790	146	
397	ack	r1	1790218698795	91	
398	ack	r1	1790218698800	81	
399	ack	r1	1790218698805	165	
400	ack	r1	1790218698810	111	
401	ack	r1	1790218698815	115	
402	ack	r1	1790218698820	400	
403	ack	r1	1790218698826	558	
404	ack	r1	1790218698830	101	
405	ack	r1	1790218698835	406	
406	ack	r1	1790218698840	99	
407	ack	r1	1790218698845	403	
408	ack	r1	1790218698850	158	
409	ack	r1	1790218698855	403	
410	ack	r1	1790218698860	80	
411	ack	r1	1790218698865	108	
412	ack	r1	1790218698870	76	
413	ack	r1	1790218698875	89	
414	ack	r1	1790218698880	401	
415	ack	r1	1790218698885	78	
416	ack	r1	1790218698890	167	
417	ack	r1	1790218698895	406	
418	ack	r1	1790218698900	114	
419	ack	r1	1790218698905	399	
420	ack	r1	1790218698910	157	
421	ack	r1	1790218698915	409	
422	ack	r1	1790218698920	114	
423	ack	r1	1790218698925	82	
424	ack	r1	1790218698930	400	
425	ack	r1	1790218698935	402	
426	ack	r1	1790218698940	118	
427	ack	r1	1790218698945	113	
428	ack	r1	1790218698950	129	
429	ack	r1	1790218698955	185	
430	ack	r1	1790218698960	315	
431	ack	r1	1790218698965	422	
432	ack	r1	1790218698970	92	
433	ack	r1	1790218698975	206	
434	ack	r1	1790218698980	427	
435	ack	r1	1790218698985	168	
436	ack	r1	1790218698990	412	
437	ack	r1	1790218698995	139	
438	ack	r1	1790218699000	210	
439	ack	r1	1790218699005	418	
440	ack	r1	1790218699010	111	
441	ack	r1	1790218699015	94	
442	ack	r1	1790218699020	431	
443	ack	r1	1790218699025	79	
444	ack	r1	1790218699030	126	
445	ack	r1	1790218699035	101	
446	ack	r1	1790218699040	109	
447	ack	r1	1790218699045	418	
448	ack	r1	1790218699050	128	
449	ack	r1	1790218699055	214	
450	ack	r1	1790218699060	216	
451	ack	r1	1790218699065	153	
452	ack	r1	1790218699070	161	
453	ack	r1	1790218699075	223	
454	ack	r1	1790218699080	475	
455	ack	r1	1790218699085	124	
456	ack	r1	1790218699090	204	
457	ack	r1	1790218699095	411	
458	ack	r1	1790218699100	96	
459	ack	r1	1790218699105	212	
460	ack	r1	1790218699110	180	
461	ack	r1	1790218699115	422	
462	ack	r1	1790218699120	149	
463	ack	r1	1790218699125	417	
464	ack	r1	1790218699130	109	
465	ack	r1	1790218699135	420	
466	ack	r1	1790218699140	410	
467	ack	r1	1790218699145	128	
468	ack	r1	1790218699150	150	
469	ack	r1	1790218699155	416	
470	ack	r1	1790218699160	122	
471	ack	r1	1790218699165	120	
472	ack	r1	1790218699170	120	
473	ack	r1	1790218699175	110	
474	ack	r1	1790218699180	86	
475	ack	r1	1790218699185	158	
476	ack	r1	1790218699190	265	
477	ack	r1	1790218699195	416	
478	ack	r1	1790218699200	193	
479	ack	r1	1790218699205	174	
480	ack	r1	1790218699210	184	
481	ack	r1	1790218699215	162	
482	ack	r1	1790218699220	432	
483	ack	r1	1790218699225	149	
484	ack	r1	1790218699230	133	
485	ack	r1	1790218699235	412	
486	ack	r1	1790218699240	418	
487	ack	r1	1790218699245	415	
488	ack	r1	1790218699250	417	
489	ack	r1	1790218699255	421	
490	ack	r1	1790218699260	124	
491	ack	r1	1790218699265	413	
492	ack	r1	1790218699270	423	
493	ack	r1	1790218699275	417	
494	ack	r1	1790218699280	204	
495	ack	r1	1790218699285	417	
496	ack	r1	1790218699290	173	
497	ack	r1	1790218699295	102	
498	ack	r1	1790218699300	220	
499	ack	r1	1790218699305	242	
500	ack	r1	1790218699310	170	
501	ack	r1	1790218699315	416	
502	ack	r1	1790218699320	150	
503	ack	r1	1790218699325	165	
504	ack	r1	1790218699330	430	
505	ack	r1	1790218699335	407	
506	ack	r1	1790218699340	168	
507	ack	r1	1790218699345	101	
508	ack	r1	1790218699350	123	
509	ack	r1	1790218699355	420	
510	ack	r1	1790218699360	140	
511	ack	r1	1790218699365	168	
512	ack	r1	1790218699370	94	
513	ack	r1	1790218699375	438	
514	ack	r1	1790218699380	412	
515	ack	r1	1790218699385	136	
516	ack	r1	1790218699390	417	
517	ack	r1	1790218699395	411	
518	ack	r1	1790218699400	417	
519	ack	r1	1790218699405	115	
520	ack	r1	1790218699410	415	
521	ack	r1	1790218699415	133	
522	ack	r1	1790218699420	410	
523	ack	r1	1790218699428	2450	
524	ack	r1	1790218699430	149	
525	ack	r1	1790218699435	111	
526	ack	r1	1790218699440	117	
527	ack	r1	1790218699445	145	
528	ack	r1	1790218699450	132	
529	ack	r1	1790218699455	416	
530	ack	r1	1790218699460	416	
531	ack	r1	1790218699465	136	
532	ack	r1	1790218699470	408	
533	ack	r1	1790218699475	412	
534	ack	r1	1790218699480	421	
535	ack	r1	1790218699485	165	
536	ack	r1	1790218699490	164	
537	ack	r1	1790218699495	95	
538	ack	r1	1790218699500	431	
539	ack	r1	1790218699505	194	
540	ack	r1	1790218699510	425	
541	ack	r1	1790218699515	399	
542	ack	r1	1790218699520	413	
543	ack	r1	1790218699525	410	
544	ack	r1	1790218699530	108	
545	ack	r1	1790218699535	159	
546	ack	r1	1790218699540	162	
547	ack	r1	1790218699545	105	
548	ack	r1	1790218699550	108	
549	ack	r1	1790218699555	173	
550	ack	r1	1790218699560	129	
551	ack	r1	1790218699565	402	
552	ack	r1	1790218699570	139	
553	ack	r1	1790218699575	133	
554	ack	r1	1790218699580	412	
555	ack	r1	1790218699585	81	
556	ack	r1	1790218699590	181	
557	ack	r1	1790218699595	78	
558	ack	r1	1790218699600	417	
559	ack	r1	1790218699605	198	
560	ack	r1	1790218699610	109	
561	ack	r1	1790218699615	417	
562	ack	r1	1790218699620	417	
563	ack	r1	1790218699625	108	
564	ack	r1	1790218699630	134	
565	ack	r1	1790218699635	78	
566	ack	r1	1790218699640	236	
567	ack	r1	1790218699645	104	
568	ack	r1	1790218699650	421	
569	ack	r1	1790218699655	175	
570	ack	r1	1790218699660	125	
571	ack	r1	1790218699665	132	
572	ack	r1	1790218699670	146	
573	ack	r1	1790218699675	189	
574	ack	r1	1790218699680	100	
575	ack	r1	1790218699685	108	
576	ack	r1	1790218699690	141	
577	ack	r1	1790218699695	105	
578	ack	r1	1790218699700	412	
579	ack	r1	1790218699705	146	
580	ack	r1	1790218699710	100	
581	ack	r1	1790218699715	411	
582	ack	r1	1790218699720	208	
583	ack	r1	1790218699725	411	
584	ack	r1	1790218699730	250	
585	ack	r1	1790218699735	413	
586	ack	r1	1790218699740	471	
587	ack	r1	1790218699745	423	
588	ack	r1	1790218699750	101	
589	ack	r1	1790218699755	147	
590	ack	r1	1790218699760	142	
591	ack	r1	1790218699765	86	
592	ack	r1	1790218699770	420	
593	ack	r1	1790218699775	154	
594	ack	r1	1790218699780	90	
595	ack	r1	1790218699785	162	
596	ack	r1	1790218699790	82	
597	ack	r1	1790218699795	132	
598	ack	r1	1790218699800	136	
599	ack	r1	1790218699805	144	
600	ack	r1	1790218699810	99	
601	ack	r1	1790218699815	406	
602	ack	r1	1790218699820	132	
603	ack	r1	1790218699825	164	
604	ack	r1	1790218699830	112	
605	ack	r1	1790218699835	130	
606	ack	r1	1790218699840	172	
607	ack	r1	1790218699845	125	
608	ack	r1	1790218699850	147	
609	ack	r1	1790218699855	137	
610	ack	r1	1790218699860	200	
611	ack	r1	1790218699865	123	
612	ack	r1	1790218699870	117	
613	ack	r1	1790218699875	409	
614	ack	r1	1790218699880	113	
615	ack	r1	1790218699885	107	
616	ack	r1	1790218699890	407	
617	ack	r1	1790218699895	128	
618	ack	r1	1790218699900	412	
619	ack	r1	1790218699905	128	
620	ack	r1	1790218699910	99	
621	ack	r1	1790218699915	161	
622	ack	r1	1790218699920	407	
623	ack	r1	1790218699925	174	
624	ack	r1	1790218699930	161	
625	ack	r1	1790218699935	113	
626	ack	r1	1790218699940	416	
627	ack	r1	1790218699945	416	
628	ack	r1	1790218699950	413	
629	ack	r1	1790218699955	107	
630	ack	r1	1790218699960	94	
631	ack	r1	1790218699965	407	
632	ack	r1	1790218699970	410	
633	ack	r1	1790218699975	147	
634	ack	r1	1790218699980	419	
635	ack	r1	1790218699985	414	
636	ack	r1	1790218699990	174	
637	ack	r1	1790218699995	412	
638	ack	r1	1790218700000	451	
639	ack	r1	1790218700005	251	
640	ack	r1	1790218700010	124	
641	ack	r1	1790218700015	140	
642	ack	r1	1790218700020	110	
643	ack	r1	1790218700027	1036	
644	ack	r1	1790218700030	145	
645	ack	r1	1790218700035	83	
646	ack	r1	1790218700040	421	
647	ack	r1	1790218700046	578	
648	ack	r1	1790218700050	119	
649	ack	r1	1790218700055	403	
650	ack	r1	1790218700060	140	
651	ack	r1	1790218700065	83	
652	ack	r1	1790218700070	418	
653	ack	r1	1790218700075	193	
654	ack	r1	1790218700080	163	
655	ack	r1	1790218700085	170	
656	ack	r1	1790218700090	425	
657	ack	r1	1790218700095	411	
658	ack	r1	1790218700100	109	
659	ack	r1	1790218700105	432	
660	ack	r1	1790218700110	133	
661	ack	r1	1790218700115	109	
662	ack	r1	1790218700120	232	
663	ack	r1	1790218700125	424	
664	ack	r1	1790218700130	418	
665	ack	r1	1790218700135	176	
666	ack	r1	1790218700140	412	
667	ack	r1	1790218700145	116	
668	ack	r1	1790218700150	135	
669	ack	r1	1790218700155	415	
670	ack	r1	1790218700160	119	
671	ack	r1	1790218700165	413	
672	ack	r1	1790218700170	114	
673	ack	r1	1790218700175	163	
674	ack	r1	1790218700180	152	
675	ack	r1	1790218700185	111	
676	ack	r1	1790218700190	142	
677	ack	r1	1790218700195	113	
678	ack	r1	1790218700200	116	
679	ack	r1	1790218700205	135	
680	ack	r1	1790218700210	426	
681	ack	r1	1790218700215	96	
682	ack	r1	1790218700220	410	
683	ack	r1	1790218700226	550	
684	ack	r1	1790218700230	371	
685	ack	r1	1790218700235	247	
686	ack	r1	1790218700240	430	
687	ack	r1	1790218700247	257	
688	ack	r1	1790218700250	185	
689	ack	r1	1790218700255	409	
690	ack	r1	1790218700260	429	
691	ack	r1	1790218700265	207	
692	ack	r1	1790218700270	256	
693	ack	r1	1790218700275	425	
694	ack	r1	1790218700280	418	
695	ack	r1	1790218700285	161	
696	ack	r1	1790218700290	248	
697	ack	r1	1790218700295	279	
698	ack	r1	1790218700300	427	
699	ack	r1	1790218700305	278	
700	ack	r1	1790218700310	202	
701	ack	r1	1790218700315	112	
702	ack	r1	1790218700320	186	
703	ack	r1	1790218700325	200	
704	ack	r1	1790218700330	212	
705	ack	r1	1790218700335	411	
706	ack	r1	1790218700340	419	
707	ack	r1	1790218700345	424	
708	ack	r1	1790218700350	269	
709	ack	r1	1790218700355	185	
710	ack	r1	1790218700360	138	
711	ack	r1	1790218700365	255	
712	ack	r1	1790218700370	426	
713	ack	r1	1790218700375	414	
714	ack	r1	1790218700380	463	
715	ack	r1	1790218700385	414	
716	ack	r1	1790218700390	285	
717	ack	r1	1790218700395	314	
718	ack	r1	1790218700400	184	
719	ack	r1	1790218700405	260	
720	ack	r1	1790218700410	142	
721	ack	r1	1790218700415	460	
722	ack	r1	1790218700420	254	
723	ack	r1	1790218700427	1348	
724	ack	r1	1790218700430	178	
725	ack	r1	1790218700435	440	
726	ack	r1	1790218700440	249	
727	ack	r1	1790218700445	157	
728	ack	r1	1790218700450	429	
729	ack	r1	1790218700455	312	
730	ack	r1	1790218700460	123	
731	ack	r1	1790218700465	447	
732	ack	r1	1790218700470	114	
733	ack	r1	1790218700475	139	
734	ack	r1	1790218700480	237	
735	ack	r1	1790218700485	192	
736	ack	r1	1790218700490	451	
737	ack	r1	1790218700495	176	
738	ack	r1	1790218700500	188	
739	ack	r1	1790218700505	147	
740	ack	r1	1790218700510	177	
741	ack	r1	1790218700515	268	
742	ack	r1	1790218700520	92	
743	ack	r1	1790218700525	187	
744	ack	r1	1790218700530	220	
745	ack	r1	1790218700535	418	
746	ack	r1	1790218700540	225	
747	ack	r1	1790218700545	188	
748	ack	r1	1790218700550	127	
749	ack	r1	1790218700555	422	
750	ack	r1	1790218700560	171	
751	ack	r1	1790218700565	448	
752	ack	r1	1790218700570	222	
753	ack	r1	1790218700575	203	
754	ack	r1	1790218700580	104	
755	ack	r1	1790218700585	144	
756	ack	r1	1790218700590	398	
757	ack	r1	1790218700595	273	
758	ack	r1	1790218700600	425	
759	ack	r1	1790218700605	136	
760	ack	r1	1790218700610	152	
761	ack	r1	1790218700615	411	
762	ack	r1	1790218700620	423	
763	ack	r1	1790218700625	153	
764	ack	r1	1790218700630	159	
765	ack	r1	1790218700635	175	
766	ack	r1	1790218700640	460	
767	ack	r1	1790218700645	136	
768	ack	r1	1790218700650	421	
769	ack	r1	1790218700655	301	
770	ack	r1	1790218700660	214	
771	ack	r1	1790218700665	173	
772	ack	r1	1790218700670	191	
773	ack	r1	1790218700675	311	
774	ack	r1	1790218700680	184	
775	ack	r1	1790218700685	424	
776	ack	r1	1790218700690	194	
777	ack	r1	1790218700695	445	
778	ack	r1	1790218700700	187	
779	ack	r1	1790218700705	375	
780	ack	r1	1790218700710	177	
781	ack	r1	1790218700715	450	
782	ack	r1	1790218700720	217	
783	ack	r1	1790218700725	234	
784	ack	r1	1790218700730	410	
785	ack	r1	1790218700735	406	
786	ack	r1	1790218700740	195	
787	ack	r1	1790218700745	156	
788	ack	r1	1790218700750	160	
789	ack	r1	1790218700755	197	
790	ack	r1	1790218700760	137	
791	ack	r1	1790218700765	430	
792	ack	r1	1790218700770	376	
793	ack	r1	1790218700775	419	
794	ack	r1	1790218700780	259	
795	ack	r1	1790218700785	446	
796	ack	r1	1790218700790	156	
797	ack	r1	1790218700795	414	
798	ack	r1	1790218700800	415	
799	ack	r1	1790218700805	267	
800	ack	r1	1790218700810	405	
801	ack	r1	1790218700815	416	
802	ack	r1	1790218700820	200	
803	ack	r1	1790218700826	509	
804	ack	r1	1790218700830	185	
805	ack	r1	1790218700835	139	
806	ack	r1	1790218700840	234	
807	ack	r1	1790218700845	101	
808	ack	r1	1790218700850	216	
809	ack	r1	1790218700855	454	
810	ack	r1	1790218700860	176	
811	ack	r1	1790218700865	417	
812	ack	r1	1790218700870	165	
813	ack	r1	1790218700875	421	
814	ack	r1	1790218700880	421	
815	ack	r1	1790218700885	422	
816	ack	r1	1790218700890	92	
817	ack	r1	1790218700895	151	
818	ack	r1	1790218700900	82	
819	ack	r1	1790218700905	117	
820	ack	r1	1790218700910	183	
821	ack	r1	1790218700915	432	
822	ack	r1	1790218700920	80	
823	ack	r1	1790218700925	406	
824	ack	r1	1790218700930	458	
825	ack	r1	1790218700935	111	
826	ack	r1	1790218700940	150	
827	ack	r1	1790218700945	229	
828	ack	r1	1790218700950	420	
829	ack	r1	1790218700955	183	
830	ack	r1	1790218700960	436	
831	ack	r1	1790218700965	155	
832	ack	r1	1790218700970	423	
833	ack	r1	1790218700975	417	
834	ack	r1	1790218700980	423	
835	ack	r1	1790218700985	415	
836	ack	r1	1790218700990	448	
837	ack	r1	1790218700995	147	
838	ack	r1	1790218701000	111	
839	ack	r1	1790218701005	115	
840	ack	r1	1790218701010	170	
841	ack	r1	1790218701015	472	
842	ack	r1	1790218701020	154	
843	ack	r1	1790218701026	372	
844	ack	r1	1790218701030	181	
845	ack	r1	1790218701035	112	
846	ack	r1	1790218701040	207	
847	ack	r1	1790218701045	430	
848	ack	r1	1790218701050	430	
849	ack	r1	1790218701055	173	
850	ack	r1	1790218701060	411	
851	ack	r1	1790218701065	138	
852	ack	r1	1790218701070	104	
853	ack	r1	1790218701075	88	
854	ack	r1	1790218701080	407	
855	ack	r1	1790218701085	351	
856	ack	r1	1790218701090	381	
857	ack	r1	1790218701095	349	
858	ack	r1	1790218701100	429	
859	ack	r1	1790218701105	140	
860	ack	r1	1790218701110	416	
861	ack	r1	1790218701115	428	
862	ack	r1	1790218701120	441	
863	ack	r1	1790218701125	455	
864	ack	r1	1790218701130	405	
865	ack	r1	1790218701135	120	
866	ack	r1	1790218701140	239	
867	ack	r1	1790218701145	416	
868	ack	r1	1790218701150	117	
869	ack	r1	1790218701155	417	
870	ack	r1	1790218701160	93	
871	ack	r1	1790218701165	462	
872	ack	r1	1790218701170	143	
873	ack	r1	1790218701175	409	
874	ack	r1	1790218701180	413	
875	ack	r1	1790218701185	414	
876	ack	r1	1790218701190	412	
877	ack	r1	1790218701195	103	
878	ack	r1	1790218701200	414	
879	ack	r1	1790218701205	243	
880	ack	r1	1790218701210	107	
881	ack	r1	1790218701215	417	
882	ack	r1	1790218701220	82	
883	ack	r1	1790218701226	726	
884	ack	r1	1790218701230	165	
885	ack	r1	1790218701235	126	
886	ack	r1	1790218701240	184	
887	ack	r1	1790218701245	414	
888	ack	r1	1790218701250	162	
889	ack	r1	1790218701255	412	
890	ack	r1	1790218701260	114	
891	ack	r1	1790218701265	414	
892	ack	r1	1790218701270	78	
893	ack	r1	1790218701275	113	
894	ack	r1	1790218701280	408	
895	ack	r1	1790218701285	106	
896	ack	r1	1790218701290	505	
897	ack	r1	1790218701295	415	
898	ack	r1	1790218701300	140	
899	ack	r1	1790218701305	423	
900	ack	r1	1790218701310	190	
901	ack	r1	1790218701315	425	
902	ack	r1	1790218701320	217	
903	ack	r1	1790218701325	173	
904	ack	r1	1790218701330	199	
905	ack	r1	1790218701335	149	
906	ack	r1	1790218701340	158	
907	ack	r1	1790218701345	94	
908	ack	r1	1790218701350	415	
909	ack	r1	1790218701355	86	
910	ack	r1	1790218701360	118	
911	ack	r1	1790218701365	119	
912	ack	r1	1790218701370	414	
913	ack	r1	1790218701375	415	
914	ack	r1	1790218701380	408	
915	ack	r1	1790218701385	408	
916	ack	r1	1790218701390	429	
917	ack	r1	1790218701395	426	
918	ack	r1	1790218701400	418	
919	ack	r1	1790218701405	411	
920	ack	r1	1790218701410	418	
921	ack	r1	1790218701415	414	
922	ack	r1	1790218701420	418	
923	ack	r1	1790218701425	140	
924	ack	r1	1790218701430	131	
925	ack	r1	1790218701435	78	
926	ack	r1	1790218701440	108	
927	ack	r1	1790218701445	413	
928	ack	r1	1790218701450	416	
929	ack	r1	1790218701455	161	
930	ack	r1	1790218701460	413	
931	ack	r1	1790218701465	413	
932	ack	r1	1790218701470	71	
933	ack	r1	1790218701475	190	
934	ack	r1	1790218701480	449	
935	ack	r1	1790218701485	461	
936	ack	r1	1790218701490	88	
937	ack	r1	1790218701495	417	
938	ack	r1	1790218701500	412	
939	ack	r1	1790218701505	126	
940	ack	r1	1790218701510	86	
941	ack	r1	1790218701515	427	
942	ack	r1	1790218701520	74	
943	ack	r1	1790218701525	124	
944	ack	r1	1790218701530	69	
945	ack	r1	1790218701535	416	
946	ack	r1	1790218701540	419	
947	ack	r1	1790218701545	76	
948	ack	r1	1790218701550	108	
949	ack	r1	1790218701555	443	
950	ack	r1	1790218701560	408	
951	ack	r1	1790218701565	116	
952	ack	r1	1790218701570	117	
953	ack	r1	1790218701575	471	
954	ack	r1	1790218701580	425	
955	ack	r1	1790218701585	133	
956	ack	r1	1790218701590	167	
957	ack	r1	1790218701595	124	
958	ack	r1	1790218701600	128	
959	ack	r1	1790218701605	121	
960	ack	r1	1790218701610	87	
961	ack	r1	1790218701615	319	
962	ack	r1	1790218701620	429	
963	ack	r1	1790218701628	2303	
964	ack	r1	1790218701630	432	
965	ack	r1	1790218701635	422	
966	ack	r1	1790218701640	412	
967	ack	r1	1790218701645	93	
968	ack	r1	1790218701650	419	
969	ack	r1	1790218701655	405	
970	ack	r1	1790218701660	418	
971	ack	r1	1790218701665	100	
972	ack	r1	1790218701670	84	
973	ack	r1	1790218701675	135	
974	ack	r1	1790218701680	96	
975	ack	r1	1790218701685	79	
976	ack	r1	1790218701690	409	
977	ack	r1	1790218701695	412	
978	ack	r1	1790218701700	414	
979	ack	r1	1790218701705	403	
980	ack	r1	1790218701710	413	
981	ack	r1	1790218701715	439	
982	ack	r1	1790218701720	414	
983	ack	r1	1790218701725	136	
984	ack	r1	1790218701730	177	
985	ack	r1	1790218701735	87	
986	ack	r1	1790218701740	81	
987	ack	r1	1790218701745	417	
988	ack	r1	1790218701750	426	
989	ack	r1	1790218701755	429	
990	ack	r1	1790218701760	422	
991	ack	r1	1790218701765	404	
992	ack	r1	1790218701770	408	
993	ack	r1	1790218701775	418	
994	ack	r1	1790218701780	423	
995	ack	r1	1790218701785	109	
996	ack	r1	1790218701790	404	
997	ack	r1	1790218701795	91	
998	ack	r1	1790218701800	413	
999	ack	r1	1790218701805	89	
1000	ack	r1	1790218701810	100	
1001	ack	r1	1790218701815	423	
1002	ack	r1	1790218701820	406	
1003	ack	r1	1790218701827	1093	
1004	ack	r1	1790218701830	76	
1005	ack	r1	1790218701835	401	
1006	ack	r1	1790218701840	402	
1007	ack	r1	1790218701845	70	
1008	ack	r1	1790218701850	75	
1009	ack	r1	1790218701855	62	
1010	ack	r1	1790218701860	89	
1011	ack	r1	1790218701865	123	
1012	ack	r1	1790218701870	415	
1013	ack	r1	1790218701875	400	
1014	ack	r1	1790218701880	401	
1015	ack	r1	1790218701885	69	
1016	ack	r1	1790218701890	88	
1017	ack	r1	1790218701895	82	
1018	ack	r1	1790218701900	413	
1019	ack	r1	1790218701905	416	
1020	ack	r1	1790218701910	96	
1021	ack	r1	1790218701915	425	
1022	ack	r1	1790218701920	83	
1023	ack	r1	1790218701925	55	
1024	ack	r1	1790218701930	63	
1025	ack	r1	1790218701935	88	
1026	ack	r1	1790218701940	401	
1027	ack	r1	1790218701945	65	
1028	ack	r1	1790218701950	404	
1029	ack	r1	1790218701955	60	
1030	ack	r1	1790218701960	402	
1031	ack	r1	1790218701965	406	
1032	ack	r1	1790218701970	410	
1033	ack	r1	1790218701975	411	
1034	ack	r1	1790218701980	404	
1035	ack	r1	1790218701985	402	
1036	ack	r1	1790218701990	402	
1037	ack	r1	1790218701995	402	
1038	ack	r1	1790218702000	397	
1039	ack	r1	1790218702005	61	
1040	ack	r1	1790218702010	404	
1041	ack	r1	1790218702015	68	
1042	ack	r1	1790218702020	70	
1043	ack	r1	1790218702025	67	
1044	ack	r1	1790218702030	405	
1045	ack	r1	1790218702035	62	
1046	ack	r1	1790218702040	72	
1047	ack	r1	1790218702045	401	
1048	ack	r1	1790218702050	64	
1049	ack	r1	1790218702055	66	
1050	ack	r1	1790218702060	62	
1051	ack	r1	1790218702065	80	
1052	ack	r1	1790218702070	403	
1053	ack	r1	1790218702075	397	
1054	ack	r1	1790218702080	402	
1055	ack	r1	1790218702085	56	
1056	ack	r1	1790218702090	81	
1057	ack	r1	1790218702095	401	
1058	ack	r1	1790218702100	142	
1059	ack	r1	1790218702105	98	
1060	ack	r1	1790218702110	413	
1061	ack	r1	1790218702115	436	
1062	ack	r1	1790218702120	509	
1063	ack	r1	1790218702125	103	
1064	ack	r1	1790218702130	84	
1065	ack	r1	1790218702135	410	
1066	ack	r1	1790218702140	67	
1067	ack	r1	1790218702145	450	
1068	ack	r1	1790218702150	417	
1069	ack	r1	1790218702155	230	
1070	ack	r1	1790218702160	413	
1071	ack	r1	1790218702165	124	
1072	ack	r1	1790218702170	425	
1073	ack	r1	1790218702175	423	
1074	ack	r1	1790218702180	372	
1075	ack	r1	1790218702185	120	
1076	ack	r1	1790218702190	148	
1077	ack	r1	1790218702195	416	
1078	ack	r1	1790218702200	424	
1079	ack	r1	1790218702205	353	
1080	ack	r1	1790218702210	100	
1081	ack	r1	1790218702215	146	
1082	ack	r1	1790218702220	152	
1083	ack	r1	1790218702225	135	
1084	ack	r1	1790218702230	116	
1085	ack	r1	1790218702235	120	
1086	ack	r1	1790218702240	125	
1087	ack	r1	1790218702245	407	
1088	ack	r1	1790218702250	407	
1089	ack	r1	1790218702255	412	
1090	ack	r1	1790218702260	148	
1091	ack	r1	1790218702265	412	
1092	ack	r1	1790218702270	417	
1093	ack	r1	1790218702275	178	
1094	ack	r1	1790218702280	417	
1095	ack	r1	1790218702285	82	
1096	ack	r1	1790218702290	408	
1097	ack	r1	1790218702295	93	
1098	ack	r1	1790218702300	420	
1099	ack	r1	1790218702305	312	
1100	ack	r1	1790218702310	412	
1101	ack	r1	1790218702315	422	
1102	ack	r1	1790218702320	413	
1103	ack	r1	1790218702325	414	
1104	ack	r1	1790218702330	426	
1105	ack	r1	1790218702335	423	
1106	ack	r1	1790218702340	158	
1107	ack	r1	1790218702345	429	
1108	ack	r1	1790218702350	418	
1109	ack	r1	1790218702355	406	
1110	ack	r1	1790218702360	418	
1111	ack	r1	1790218702365	411	
1112	ack	r1	1790218702370	102	
1113	ack	r1	1790218702375	76	
1114	ack	r1	1790218702380	415	
1115	ack	r1	1790218702385	79	
1116	ack	r1	1790218702390	82	
1117	ack	r1	1790218702395	398	
1118	ack	r1	1790218702400	82	
1119	ack	r1	1790218702405	71	
1120	ack	r1	1790218702410	81	
1121	ack	r1	1790218702415	84	
1122	ack	r1	1790218702420	103	
1123	ack	r1	1790218702427	1047	
1124	ack	r1	1790218702430	405	
1125	ack	r1	1790218702435	421	
1126	ack	r1	1790218702440	131	
1127	ack	r1	1790218702445	411	
1128	ack	r1	1790218702450	82	
1129	ack	r1	1790218702455	410	
1130	ack	r1	1790218702460	87	
1131	ack	r1	1790218702465	413	
1132	ack	r1	1790218702470	94	
1133	ack	r1	1790218702475	113	
1134	ack	r1	1790218702480	91	
1135	ack	r1	1790218702485	72	
1136	ack	r1	1790218702490	72	
1137	ack	r1	1790218702495	412	
1138	ack	r1	1790218702500	412	
1139	ack	r1	1790218702505	118	
1140	ack	r1	1790218702510	409	
1141	ack	r1	1790218702515	414	
1142	ack	r1	1790218702520	74	
1143	ack	r1	1790218702525	411	
1144	ack	r1	1790218702530	412	
1145	ack	r1	1790218702535	83	
1146	ack	r1	1790218702540	148	
1147	ack	r1	1790218702545	424	
1148	ack	r1	1790218702550	413	
1149	ack	r1	1790218702555	110	
1150	ack	r1	1790218702560	407	
1151	ack	r1	1790218702565	412	
1152	ack	r1	1790218702570	107	
1153	ack	r1	1790218702575	414	
1154	ack	r1	1790218702580	405	
1155	ack	r1	1790218702585	139	
1156	ack	r1	1790218702590	409	
1157	ack	r1	1790218702595	420	
1158	ack	r1	1790218702600	167	
1159	ack	r1	1790218702605	416	
1160	ack	r1	1790218702610	417	
1161	ack	r1	1790218702615	135	
1162	ack	r1	1790218702620	408	
1163	ack	r1	1790218702625	106	
1164	ack	r1	1790218702630	403	
1165	ack	r1	1790218702635	82	
1166	ack	r1	1790218702640	403	
1167	ack	r1	1790218702645	64	
1168	ack	r1	1790218702650	405	
1169	ack	r1	1790218702655	73	
1170	ack	r1	1790218702660	206	
1171	ack	r1	1790218702665	62	
1172	ack	r1	1790218702670	402	
1173	ack	r1	1790218702675	79	
1174	ack	r1	1790218702680	402	
1175	ack	r1	1790218702685	412	
1176	ack	r1	1790218702690	104	
1177	ack	r1	1790218702695	434	
1178	ack	r1	1790218702700	125	
1179	ack	r1	1790218702705	405	
1180	ack	r1	1790218702710	283	
1181	ack	r1	1790218702715	416	
1182	ack	r1	1790218702720	399	
1183	ack	r1	1790218702725	411	
1184	ack	r1	1790218702730	76	
1185	ack	r1	1790218702735	413	
1186	ack	r1	1790218702740	91	
1187	ack	r1	1790218702745	169	
1188	ack	r1	1790218702750	85	
1189	ack	r1	1790218702755	465	
1190	ack	r1	1790218702760	152	
1191	ack	r1	1790218702765	418	
1192	ack	r1	1790218702770	423	
1193	ack	r1	1790218702775	118	
1194	ack	r1	1790218702780	419	
1195	ack	r1	1790218702785	105	
1196	ack	r1	1790218702790	91	
1197	ack	r1	1790218702795	154	
1198	ack	r1	1790218702800	412	
1199	ack	r1	1790218702805	136	
1200	ack	r1	1790218702810	440	
1201	ack	r1	1790218702815	139	
1202	ack	r1	1790218702820	425	
1203	ack	r1	1790218702825	104	
1204	ack	r1	1790218702830	432	
1205	ack	r1	1790218702835	411	
1206	ack	r1	1790218702840	414	
1207	ack	r1	1790218702845	415	
1208	ack	r1	1790218702850	420	
1209	ack	r1	1790218702855	412	
1210	ack	r1	1790218702860	169	
1211	ack	r1	1790218702865	418	
1212	ack	r1	1790218702870	93	
1213	ack	r1	1790218702875	410	
1214	ack	r1	1790218702880	85	
1215	ack	r1	1790218702885	407	
1216	ack	r1	1790218702890	78	
1217	ack	r1	1790218702895	410	
1218	ack	r1	1790218702900	82	
1219	ack	r1	1790218702905	442	
1220	ack	r1	1790218702910	78	
1221	ack	r1	1790218702915	564	
1222	ack	r1	1790218702920	408	
1223	ack	r1	1790218702925	90	
1224	ack	r1	1790218702930	413	
1225	ack	r1	1790218702935	100	
1226	ack	r1	1790218702940	410	
1227	ack	r1	1790218702945	100	
1228	ack	r1	1790218702950	83	
1229	ack	r1	1790218702955	434	
1230	ack	r1	1790218702960	407	
1231	ack	r1	1790218702965	414	
1232	ack	r1	1790218702970	412	
1233	ack	r1	1790218702975	403	
1234	ack	r1	1790218702980	89	
1235	ack	r1	1790218702985	404	
1236	ack	r1	1790218702990	402	
1237	ack	r1	1790218702995	410	
1238	ack	r1	1790218703000	404	
1239	ack	r1	1790218703005	67	
1240	ack	r1	1790218703010	60	
1241	ack	r1	1790218703015	63	
1242	ack	r1	1790218703020	62	
1243	ack	r1	1790218703026	497	
1244	ack	r1	1790218703030	79	
1245	ack	r1	1790218703035	62	
1246	ack	r1	1790218703040	65	
1247	ack	r1	1790218703045	66	
1248	ack	r1	1790218703050	413	
1249	ack	r1	1790218703055	140	
1250	ack	r1	1790218703060	404	
1251	ack	r1	1790218703065	125	
1252	ack	r1	1790218703070	402	
1253	ack	r1	1790218703075	76	
1254	ack	r1	1790218703080	401	
1255	ack	r1	1790218703085	403	
1256	ack	r1	1790218703090	133	
1257	ack	r1	1790218703095	94	
1258	ack	r1	1790218703100	410	
1259	ack	r1	1790218703105	71	
1260	ack	r1	1790218703110	408	
1261	ack	r1	1790218703115	89	
1262	ack	r1	1790218703120	410	
1263	ack	r1	1790218703125	410	
1264	ack	r1	1790218703130	77	
1265	ack	r1	1790218703135	413	
1266	ack	r1	1790218703140	124	
1267	ack	r1	1790218703145	411	
1268	ack	r1	1790218703150	96	
1269	ack	r1	1790218703155	403	
1270	ack	r1	1790218703160	132	
1271	ack	r1	1790218703165	100	
1272	ack	r1	1790218703170	180	
1273	ack	r1	1790218703175	140	
1274	ack	r1	1790218703180	158	
1275	ack	r1	1790218703185	159	
1276	ack	r1	1790218703190	405	
1277	ack	r1	1790218703195	399	
1278	ack	r1	1790218703200	163	
1279	ack	r1	1790218703205	425	
1280	ack	r1	1790218703210	422	
1281	ack	r1	1790218703215	96	
1282	ack	r1	1790218703220	414	
1283	ack	r1	1790218703225	83	
1284	ack	r1	1790218703230	223	
1285	ack	r1	1790218703235	415	
1286	ack	r1	1790218703240	174	
1287	ack	r1	1790218703245	407	
1288	ack	r1	1790218703250	115	
1289	ack	r1	1790218703255	95	
1290	ack	r1	1790218703260	229	
1291	ack	r1	1790218703265	94	
1292	ack	r1	1790218703270	186	
1293	ack	r1	1790218703275	400	
1294	ack	r1	1790218703280	121	
1295	ack	r1	1790218703285	408	
1296	ack	r1	1790218703290	403	
1297	ack	r1	1790218703295	405	
1298	ack	r1	1790218703300	122	
1299	ack	r1	1790218703305	310	
1300	ack	r1	1790218703310	432	
1301	ack	r1	1790218703315	188	
1302	ack	r1	1790218703320	86	
1303	ack	r1	1790218703325	416	
1304	ack	r1	1790218703330	420	
1305	ack	r1	1790218703335	137	
1306	ack	r1	1790218703340	420	
1307	ack	r1	1790218703345	426	
1308	ack	r1	1790218703350	409	
1309	ack	r1	1790218703355	421	
1310	ack	r1	1790218703360	412	
1311	ack	r1	1790218703365	151	
1312	ack	r1	1790218703370	159	
1313	ack	r1	1790218703375	104	
1314	ack	r1	1790218703380	427	
1315	ack	r1	1790218703385	131	
1316	ack	r1	1790218703390	241	
1317	ack	r1	1790218703395	108	
1318	ack	r1	1790218703400	421	
1319	ack	r1	1790218703405	310	
1320	ack	r1	1790218703410	436	
1321	ack	r1	1790218703415	133	
1322	ack	r1	1790218703420	122	
1323	ack	r1	1790218703428	930	
1324	ack	r1	1790218703430	131	
1325	ack	r1	1790218703435	81	
1326	ack	r1	1790218703440	64	
1327	ack	r1	1790218703445	66	
1328	ack	r1	1790218703450	422	
1329	ack	r1	1790218703455	74	
1330	ack	r1	1790218703460	243	
1331	ack	r1	1790218703465	413	
1332	ack	r1	1790218703470	62	
1333	ack	r1	1790218703475	75	
1334	ack	r1	1790218703480	426	
1335	ack	r1	1790218703485	407	
1336	ack	r1	1790218703490	405	
1337	ack	r1	1790218703495	402	
1338	ack	r1	1790218703500	403	
1339	ack	r1	1790218703505	401	
1340	ack	r1	1790218703510	403	
1341	ack	r1	1790218703515	70	
1342	ack	r1	1790218703520	410	
1343	ack	r1	1790218703525	406	
1344	ack	r1	1790218703530	415	
1345	ack	r1	1790218703535	408	
1346	ack	r1	1790218703540	403	
1347	ack	r1	1790218703545	405	
1348	ack	r1	1790218703550	405	
1349	ack	r1	1790218703555	402	
1350	ack	r1	1790218703560	428	
1351	ack	r1	1790218703565	420	
1352	ack	r1	1790218703570	407	
1353	ack	r1	1790218703575	62	
1354	ack	r1	1790218703580	61	
1355	ack	r1	1790218703585	399	
1356	ack	r1	1790218703590	406	
1357	ack	r1	1790218703595	398	
1358	ack	r1	1790218703600	113	
1359	ack	r1	1790218703605	404	
1360	ack	r1	1790218703610	402	
1361	ack	r1	1790218703615	66	
1362	ack	r1	1790218703620	403	
1363	ack	r1	1790218703625	89	
1364	ack	r1	1790218703630	66	
1365	ack	r1	1790218703635	401	
1366	ack	r1	1790218703640	406	
1367	ack	r1	1790218703645	399	
1368	ack	r1	1790218703650	403	
1369	ack	r1	1790218703655	401	
1370	ack	r1	1790218703660	50	
1371	ack	r1	1790218703665	52	
1372	ack	r1	1790218703670	67	
1373	ack	r1	1790218703675	397	
1374	ack	r1	1790218703680	400	
1375	ack	r1	1790218703685	60	
1376	ack	r1	1790218703690	402	
1377	ack	r1	1790218703695	404	
1378	ack	r1	1790218703700	63	
1379	ack	r1	1790218703705	399	
1380	ack	r1	1790218703710	403	
1381	ack	r1	1790218703715	69	
1382	ack	r1	1790218703720	524	
1383	ack	r1	1790218703725	60	
1384	ack	r1	1790218703730	400	
1385	ack	r1	1790218703735	82	
1386	ack	r1	1790218703740	76	
1387	ack	r1	1790218703745	64	
1388	ack	r1	1790218703750	401	
1389	ack	r1	1790218703755	59	
1390	ack	r1	1790218703760	401	
1391	ack	r1	1790218703765	402	
1392	ack	r1	1790218703770	69	
1393	ack	r1	1790218703775	401	
1394	ack	r1	1790218703780	396	
1395	ack	r1	1790218703785	408	
1396	ack	r1	1790218703790	65	
1397	ack	r1	1790218703795	402	
1398	ack	r1	1790218703800	400	
1399	ack	r1	1790218703805	398	
1400	ack	r1	1790218703810	84	
1401	ack	r1	1790218703815	60	
1402	ack	r1	1790218703820	62	
1403	ack	r1	1790218703825	50	
1404	ack	r1	1790218703830	400	
1405	ack	r1	1790218703835	398	
1406	ack	r1	1790218703840	60	
1407	ack	r1	1790218703845	398	
1408	ack	r1	1790218703850	401	
1409	ack	r1	1790218703855	50	
1410	ack	r1	1790218703860	397	
1411	ack	r1	1790218703865	73	
1412	ack	r1	1790218703870	174	
1413	ack	r1	1790218703875	405	
1414	ack	r1	1790218703880	402	
1415	ack	r1	1790218703885	106	
1416	ack	r1	1790218703890	399	
1417	ack	r1	1790218703895	400	
1418	ack	r1	1790218703900	78	
1419	ack	r1	1790218703905	89	
1420	ack	r1	1790218703910	407	
1421	ack	r1	1790218703915	402	
1422	ack	r1	1790218703920	413	
1423	ack	r1	1790218703925	400	
1424	ack	r1	1790218703930	82	
1425	ack	r1	1790218703935	411	
1426	ack	r1	1790218703940	411	
1427	ack	r1	1790218703945	421	
1428	ack	r1	1790218703950	101	
1429	ack	r1	1790218703955	414	
1430	ack	r1	1790218703960	414	
1431	ack	r1	1790218703965	413	
1432	ack	r1	1790218703970	413	
1433	ack	r1	1790218703975	411	
1434	ack	r1	1790218703980	135	
1435	ack	r1	1790218703985	121	
1436	ack	r1	1790218703990	99	
1437	ack	r1	1790218703995	77	
1438	ack	r1	1790218704000	282	
1439	ack	r1	1790218704005	421	
1440	ack	r1	1790218704010	106	
1441	ack	r1	1790218704015	413	
1442	ack	r1	1790218704020	68	
1443	ack	r1	1790218704025	59	
1444	ack	r1	1790218704030	84	
1445	ack	r1	1790218704035	55	
1446	ack	r1	1790218704040	412	
1447	ack	r1	1790218704045	79	
1448	ack	r1	1790218704050	404	
1449	ack	r1	1790218704055	403	
1450	ack	r1	1790218704060	420	
1451	ack	r1	1790218704065	420	
1452	ack	r1	1790218704070	408	
1453	ack	r1	1790218704075	142	
1454	ack	r1	1790218704081	734	
1455	ack	r1	1790218704088	624	
1456	ack	r1	1790218704090	128	
1457	ack	r1	1790218704095	420	
1458	ack	r1	1790218704100	424	
1459	ack	r1	1790218704105	174	
1460	ack	r1	1790218704110	430	
1461	ack	r1	1790218704115	413	
1462	ack	r1	1790218704120	425	
1463	ack	r1	1790218704125	136	
1464	ack	r1	1790218704130	128	
1465	ack	r1	1790218704135	201	
1466	ack	r1	1790218704140	423	
1467	ack	r1	1790218704145	155	
1468	ack	r1	1790218704150	421	
1469	ack	r1	1790218704155	70	
1470	ack	r1	1790218704160	400	
1471	ack	r1	1790218704165	116	
1472	ack	r1	1790218704170	414	
1473	ack	r1	1790218704175	413	
1474	ack	r1	1790218704180	79	
1475	ack	r1	1790218704185	300	
1476	ack	r1	1790218704190	88	
1477	ack	r1	1790218704195	249	
1478	ack	r1	1790218704200	417	
1479	ack	r1	1790218704205	133	
1480	ack	r1	1790218704210	414	
1481	ack	r1	1790218704215	415	
1482	ack	r1	1790218704220	139	
1483	ack	r1	1790218704225	78	
1484	ack	r1	1790218704230	89	
1485	ack	r1	1790218704235	416	
1486	ack	r1	1790218704240	71	
1487	ack	r1	1790218704245	406	
1488	ack	r1	1790218704250	62	
1489	ack	r1	1790218704255	404	
1490	ack	r1	1790218704260	67	
1491	ack	r1	1790218704265	402	
1492	ack	r1	1790218704270	64	
1493	ack	r1	1790218704275	169	
1494	ack	r1	1790218704280	59	
1495	ack	r1	1790218704285	75	
1496	ack	r1	1790218704290	126	
1497	ack	r1	1790218704295	385	
1498	ack	r1	1790218704300	76	
1499	ack	r1	1790218704305	60	
1500	ack	r1	1790218704310	408	
1501	ack	r1	1790218704315	399	
1502	ack	r1	1790218704320	415	
1503	ack	r1	1790218704325	56	
1504	ack	r1	1790218704330	64	
1505	ack	r1	1790218704335	404	
1506	ack	r1	1790218704340	63	
1507	ack	r1	1790218704345	399	
1508	ack	r1	1790218704350	401	
1509	ack	r1	1790218704355	403	
1510	ack	r1	1790218704360	62	
1511	ack	r1	1790218704365	403	
1512	ack	r1	1790218704370	59	
1513	ack	r1	1790218704375	399	
1514	ack	r1	1790218704380	403	
1515	ack	r1	1790218704385	401	
1516	ack	r1	1790218704390	61	
1517	ack	r1	1790218704395	399	
1518	ack	r1	1790218704400	399	
1519	ack	r1	1790218704405	404	
1520	ack	r1	1790218704410	66	
1521	ack	r1	1790218704415	64	
1522	ack	r1	1790218704420	69	
1523	ack	r1	1790218704425	56	
1524	ack	r1	1790218704430	397	
1525	ack	r1	1790218704435	64	
1526	ack	r1	1790218704440	405	
1527	ack	r1	1790218704445	398	
1528	ack	r1	1790218704450	402	
1529	ack	r1	1790218704455	62	
1530	ack	r1	1790218704460	60	
1531	ack	r1	1790218704465	397	
1532	ack	r1	1790218704470	117	
1533	ack	r1	1790218704475	57	
1534	ack	r1	1790218704480	50	
1535	ack	r1	1790218704485	397	
1536	ack	r1	1790218704490	65	
1537	ack	r1	1790218704495	65	
1538	ack	r1	1790218704500	397	
1539	ack	r1	1790218704505	397	
1540	ack	r1	1790218704510	62	
1541	ack	r1	1790218704515	397	
1542	ack	r1	1790218704520	407	
1543	ack	r1	1790218704525	406	
1544	ack	r1	1790218704530	460	
1545	ack	r1	1790218704535	410	
1546	ack	r1	1790218704540	422	
1547	ack	r1	1790218704545	99	
1548	ack	r1	1790218704550	420	
1549	ack	r1	1790218704555	120	
1550	ack	r1	1790218704560	111	
1551	ack	r1	1790218704565	424	
1552	ack	r1	1790218704570	85	
1553	ack	r1	1790218704575	112	
1554	ack	r1	1790218704580	291	
1555	ack	r1	1790218704585	105	
1556	ack	r1	1790218704590	271	
1557	ack	r1	1790218704595	454	
1558	ack	r1	1790218704600	150	
1559	ack	r1	1790218704605	109	
1560	ack	r1	1790218704610	403	
1561	ack	r1	1790218704615	409	
1562	ack	r1	1790218704620	403	
1563	ack	r1	1790218704625	86	
1564	ack	r1	1790218704630	85	
1565	ack	r1	1790218704635	74	
1566	ack	r1	1790218704640	65	
1567	ack	r1	1790218704645	405	
1568	ack	r1	1790218704650	415	
1569	ack	r1	1790218704655	410	
1570	ack	r1	1790218704660	404	
1571	ack	r1	1790218704665	402	
1572	ack	r1	1790218704670	398	
1573	ack	r1	1790218704675	414	
1574	ack	r1	1790218704680	70	
1575	ack	r1	1790218704685	62	
1576	ack	r1	1790218704690	174	
1577	ack	r1	1790218704695	408	
1578	ack	r1	1790218704700	405	
1579	ack	r1	1790218704705	61	
1580	ack	r1	1790218704710	75	
1581	ack	r1	1790218704715	404	
1582	ack	r1	1790218704720	71	
1583	ack	r1	1790218704725	399	
1584	ack	r1	1790218704730	60	
1585	ack	r1	1790218704735	54	
1586	ack	r1	1790218704740	405	
1587	ack	r1	1790218704745	217	
1588	ack	r1	1790218704750	78	
1589	ack	r1	1790218704755	418	
1590	ack	r1	1790218704760	406	
1591	ack	r1	1790218704765	401	
1592	ack	r1	1790218704770	402	
1593	ack	r1	1790218704775	61	
1594	ack	r1	1790218704780	58	
1595	ack	r1	1790218704785	59	
1596	ack	r1	1790218704790	401	
1597	ack	r1	1790218704795	404	
1598	ack	r1	1790218704800	401	
1599	ack	r1	1790218704805	405	
1600	ack	r1	1790218704810	419	
1601	ack	r1	1790218704815	70	
1602	ack	r1	1790218704820	153	
1603	ack	r1	1790218704828	2219	
1604	ack	r1	1790218704830	49	
1605	ack	r1	1790218704835	54	
1606	ack	r1	1790218704840	402	
1607	ack	r1	1790218704845	59	
1608	ack	r1	1790218704850	403	
1609	ack	r1	1790218704855	97	
1610	ack	r1	1790218704860	403	
1611	ack	r1	1790218704865	54	
1612	ack	r1	1790218704870	167	
1613	ack	r1	1790218704875	421	
1614	ack	r1	1790218704880	406	
1615	ack	r1	1790218704885	398	
1616	ack	r1	1790218704890	411	
1617	ack	r1	1790218704895	401	
1618	ack	r1	1790218704900	53	
1619	ack	r1	1790218704905	64	
1620	ack	r1	1790218704910	110	
1621	ack	r1	1790218704915	70	
1622	ack	r1	1790218704920	542	
1623	ack	r1	1790218704925	400	
1624	ack	r1	1790218704930	55	
1625	ack	r1	1790218704935	68	
1626	ack	r1	1790218704940	404	
1627	ack	r1	1790218704945	402	
1628	ack	r1	1790218704950	404	
1629	ack	r1	1790218704955	400	
1630	ack	r1	1790218704960	49	
1631	ack	r1	1790218704965	401	
1632	ack	r1	1790218704970	401	
1633	ack	r1	1790218704975	62	
1634	ack	r1	1790218704980	400	
1635	ack	r1	1790218704985	402	
1636	ack	r1	1790218704990	56	
1637	ack	r1	1790218704995	398	
1638	ack	r1	1790218705000	400	
1639	ack	r1	1790218705005	62	
1640	ack	r1	1790218705010	399	
1641	ack	r1	1790218705015	58	
1642	ack	r1	1790218705020	398	
1643	ack	r1	1790218705025	72	
1644	ack	r1	1790218705030	69	
1645	ack	r1	1790218705035	403	
1646	ack	r1	1790218705040	54	
1647	ack	r1	1790218705045	53	
1648	ack	r1	1790218705050	52	
1649	ack	r1	1790218705055	403	
1650	ack	r1	1790218705060	52	
1651	ack	r1	1790218705065	400	
1652	ack	r1	1790218705070	402	
1653	ack	r1	1790218705075	401	
1654	ack	r1	1790218705080	52	
1655	ack	r1	1790218705085	400	
1656	ack	r1	1790218705090	410	
1657	ack	r1	1790218705095	416	
1658	ack	r1	1790218705100	484	
1659	ack	r1	1790218705105	64	
1660	ack	r1	1790218705110	64	
1661	ack	r1	1790218705115	186	
1662	ack	r1	1790218705120	81	
1663	ack	r1	1790218705125	113	
1664	ack	r1	1790218705130	136	
1665	ack	r1	1790218705135	67	
1666	ack	r1	1790218705140	132	
1667	ack	r1	1790218705145	173	
1668	ack	r1	1790218705150	126	
1669	ack	r1	1790218705155	142	
1670	ack	r1	1790218705160	112	
1671	ack	r1	1790218705165	132	
1672	ack	r1	1790218705170	129	
1673	ack	r1	1790218705175	85	
1674	ack	r1	1790218705180	146	
1675	ack	r1	1790218705185	119	
1676	ack	r1	1790218705190	107	
1677	ack	r1	1790218705195	152	
1678	ack	r1	1790218705200	116	
1679	ack	r1	1790218705205	289	
1680	ack	r1	1790218705210	182	
1681	ack	r1	1790218705215	78	
1682	ack	r1	1790218705220	112	
1683	ack	r1	1790218705225	75	
1684	ack	r1	1790218705230	92	
1685	ack	r1	1790218705235	85	
1686	ack	r1	1790218705240	69	
1687	ack	r1	1790218705245	99	
1688	ack	r1	1790218705250	83	
1689	ack	r1	1790218705255	206	
1690	ack	r1	1790218705260	134	
1691	ack	r1	1790218705265	109	
1692	ack	r1	1790218705270	216	
1693	ack	r1	1790218705275	213	
1694	ack	r1	1790218705280	492	
1695	ack	r1	1790218705285	187	
1696	ack	r1	1790218705291	220	
1697	ack	r1	1790218705295	863	
1698	ack	r1	1790218705300	401	
1699	ack	r1	1790218705305	196	
1700	ack	r1	1790218705310	234	
1701	ack	r1	1790218705316	1039	
1702	ack	r1	1790218705320	135	
1703	ack	r1	1790218705325	134	
1704	ack	r1	1790218705330	97	
1705	ack	r1	1790218705335	107	
1706	ack	r1	1790218705340	64	
1707	ack	r1	1790218705345	144	
1708	ack	r1	1790218705350	116	
1709	ack	r1	1790218705355	87	
1710	ack	r1	1790218705360	63	
1711	ack	r1	1790218705365	161	
1712	ack	r1	1790218705370	92	
1713	ack	r1	1790218705375	74	
1714	ack	r1	1790218705380	111	
1715	ack	r1	1790218705385	74	
1716	ack	r1	1790218705390	72	
1717	ack	r1	1790218705395	68	
1718	ack	r1	1790218705400	73	
1719	ack	r1	1790218705405	71	
1720	ack	r1	1790218705410	70	
1721	ack	r1	1790218705415	127	
1722	ack	r1	1790218705420	162	
1723	ack	r1	1790218705425	61	
1724	ack	r1	1790218705430	74	
1725	ack	r1	1790218705435	61	
1726	ack	r1	1790218705440	71	
1727	ack	r1	1790218705445	63	
1728	ack	r1	1790218705450	97	
1729	ack	r1	1790218705455	84	
1730	ack	r1	1790218705460	61	
1731	ack	r1	1790218705465	105	
1732	ack	r1	1790218705470	68	
1733	ack	r1	1790218705475	87	
1734	ack	r1	1790218705480	131	
1735	ack	r1	1790218705485	141	
1736	ack	r1	1790218705490	332	
1737	ack	r1	1790218705495	176	
1738	ack	r1	1790218705500	127	
1739	ack	r1	1790218705505	87	
1740	ack	r1	1790218705510	76	
1741	ack	r1	1790218705515	70	
1742	ack	r1	1790218705520	66	
1743	ack	r1	1790218705525	134	
1744	ack	r1	1790218705530	145	
1745	ack	r1	1790218705535	68	
1746	ack	r1	1790218705540	63	
1747	ack	r1	1790218705545	194	
1748	ack	r1	1790218705550	98	
1749	ack	r1	1790218705555	162	
1750	ack	r1	1790218705560	178	
1751	ack	r1	1790218705565	462	
1752	ack	r1	1790218705570	235	
1753	ack	r1	1790218705575	165	
1754	ack	r1	1790218705580	78	
1755	ack	r1	1790218705585	85	
1756	ack	r1	1790218705590	63	
1757	ack	r1	1790218705595	70	
1758	ack	r1	1790218705600	71	
1759	ack	r1	1790218705605	64	
1760	ack	r1	1790218705610	66	
1761	ack	r1	1790218705615	63	
1762	ack	r1	1790218705620	68	
1763	ack	r1	1790218705625	59	
1764	ack	r1	1790218705630	148	
1765	ack	r1	1790218705635	71	
1766	ack	r1	1790218705640	65	
1767	ack	r1	1790218705645	65	
1768	ack	r1	1790218705650	61	
1769	ack	r1	1790218705655	59	
1770	ack	r1	1790218705660	63	
1771	ack	r1	1790218705665	62	
1772	ack	r1	1790218705670	69	
1773	ack	r1	1790218705675	58	
1774	ack	r1	1790218705680	68	
1775	ack	r1	1790218705685	116	
1776	ack	r1	1790218705690	135	
1777	ack	r1	1790218705695	170	
1778	ack	r1	1790218705700	88	
1779	ack	r1	1790218705705	68	
1780	ack	r1	1790218705710	106	
1781	ack	r1	1790218705715	145	
1782	ack	r1	1790218705720	180	
1783	ack	r1	1790218705725	153	
1784	ack	r1	1790218705730	220	
1785	ack	r1	1790218705735	245	
1786	ack	r1	1790218705740	106	
1787	ack	r1	1790218705745	615	
1788	ack	r1	1790218705750	196	
1789	ack	r1	1790218705755	196	
1790	ack	r1	1790218705760	126	
1791	ack	r1	1790218705765	185	
1792	ack	r1	1790218705770	112	
1793	ack	r1	1790218705775	137	
1794	ack	r1	1790218705780	143	
1795	ack	r1	1790218705785	132	
1796	ack	r1	1790218705790	119	
1797	ack	r1	1790218705795	254	
1798	ack	r1	1790218705800	128	
1799	ack	r1	1790218705805	90	
1800	ack	r1	1790218705810	79	
1801	ack	r1	1790218705815	219	
1802	ack	r1	1790218705820	101	
1803	ack	r1	1790218705825	97	
1804	ack	r1	1790218705830	120	
1805	ack	r1	1790218705835	67	
1806	ack	r1	1790218705840	228	
1807	ack	r1	1790218705845	100	
1808	ack	r1	1790218705850	130	
1809	ack	r1	1790218705855	114	
1810	ack	r1	1790218705860	116	
1811	ack	r1	1790218705865	100	
1812	ack	r1	1790218705870	89	
1813	ack	r1	1790218705875	136	
1814	ack	r1	1790218705880	114	
1815	ack	r1	1790218705885	124	
1816	ack	r1	1790218705890	132	
1817	ack	r1	1790218705895	133	
1818	ack	r1	1790218705900	114	
1819	ack	r1	1790218705905	123	
1820	ack	r1	1790218705910	117	
1821	ack	r1	1790218705915	128	
1822	ack	r1	1790218705920	88	
1823	ack	r1	1790218705925	115	
1824	ack	r1	1790218705930	122	
1825	ack	r1	1790218705935	74	
1826	ack	r1	1790218705940	136	
1827	ack	r1	1790218705945	200	
1828	ack	r1	1790218705950	89	
1829	ack	r1	1790218705955	113	
1830	ack	r1	1790218705960	105	
1831	ack	r1	1790218705965	100	
1832	ack	r1	1790218705970	131	
1833	ack	r1	1790218705975	103	
1834	ack	r1	1790218705980	176	
1835	ack	r1	1790218705985	96	
1836	ack	r1	1790218705990	193	
1837	ack	r1	1790218705995	71	
1838	ack	r1	1790218706000	123	
1839	ack	r1	1790218706005	83	
1840	ack	r1	1790218706010	153	
1841	ack	r1	1790218706015	111	
1842	ack	r1	1790218706020	117	
1843	ack	r3	1790218706026	109	
1844	ack	r3	1790218706030	172	
1845	ack	r3	1790218706035	256	
1846	ack	r3	1790218706040	124	
1847	ack	r3	1790218706045	99	
1848	ack	r3	1790218706050	176	
1849	ack	r3	1790218706055	99	
1850	ack	r3	1790218706060	174	
1851	ack	r3	1790218706065	97	
1852	ack	r3	1790218706070	88	
1853	ack	r3	1790218706075	122	
1854	ack	r3	1790218706080	87	
1855	ack	r3	1790218706085	71	
1856	ack	r3	1790218706090	180	
1857	ack	r3	1790218706095	65	
1858	ack	r3	1790218706100	121	
1859	ack	r3	1790218706105	150	
1860	ack	r3	1790218706110	170	
1861	ack	r3	1790218706115	110	
1862	ack	r3	1790218706120	155	
1863	ack	r3	1790218706125	169	
1864	ack	r3	1790218706130	89	
1865	ack	r3	1790218706135	109	
1866	ack	r3	1790218706140	90	
1867	ack	r3	1790218706145	253	
1868	ack	r3	1790218706150	131	
1869	ack	r3	1790218706155	175	
1870	ack	r3	1790218706160	116	
1871	ack	r3	1790218706165	174	
1872	ack	r3	1790218706170	176	
1873	ack	r3	1790218706175	146	
1874	ack	r3	1790218706180	150	
1875	ack	r3	1790218706185	111	
1876	ack	r3	1790218706190	92	
1877	ack	r3	1790218706195	78	
1878	ack	r3	1790218706200	120	
1879	ack	r3	1790218706205	227	
1880	ack	r3	1790218706210	163	
1881	ack	r3	1790218706215	159	
1882	ack	r3	1790218706220	124	
1883	ack	r3	1790218706225	117	
1884	ack	r3	1790218706230	114	
1885	ack	r3	1790218706235	127	
1886	ack	r3	1790218706240	131	
1887	ack	r3	1790218706245	133	
1888	ack	r3	1790218706250	124	
1889	ack	r3	1790218706255	218	
1890	ack	r3	1790218706260	150	
1891	ack	r3	1790218706265	92	
1892	ack	r3	1790218706270	137	
1893	ack	r3	1790218706275	88	
1894	ack	r3	1790218706280	137	
1895	ack	r3	1790218706285	110	
1896	ack	r3	1790218706290	149	
1897	ack	r3	1790218706295	130	
1898	ack	r3	1790218706300	101	
1899	ack	r3	1790218706305	152	
1900	ack	r3	1790218706310	102	
1901	ack	r3	1790218706315	123	
1902	ack	r3	1790218706320	147	
1903	ack	r3	1790218706325	146	
1904	ack	r3	1790218706330	105	
1905	ack	r3	1790218706335	95	
1906	ack	r3	1790218706340	106	
1907	ack	r3	1790218706345	93	
1908	ack	r3	1790218706350	105	
1909	ack	r3	1790218706355	127	
1910	ack	r3	1790218706360	160	
1911	ack	r3	1790218706365	168	
1912	ack	r3	1790218706370	100	
1913	ack	r3	1790218706375	81	
1914	ack	r3	1790218706380	123	
1915	ack	r3	1790218706385	96	
1916	ack	r3	1790218706390	129	
1917	ack	r3	1790218706395	323	
1918	ack	r3	1790218706400	427	
1919	ack	r3	1790218706405	450	
1920	ack	r3	1790218706410	433	
1921	ack	r3	1790218706415	512	
1922	ack	r3	1790218706420	157	
1923	ack	r3	1790218706425	91	
1924	ack	r3	1790218706430	225	
1925	ack	r3	1790218706435	224	
1926	ack	r3	1790218706440	436	
1927	ack	r3	1790218706445	412	
1928	ack	r3	1790218706450	420	
1929	ack	r3	1790218706455	465	
1930	ack	r3	1790218706460	135	
1931	ack	r3	1790218706465	282	
1932	ack	r3	1790218706470	58	
1933	ack	r3	1790218706475	122	
1934	ack	r3	1790218706480	161	
1935	ack	r3	1790218706485	412	
1936	ack	r3	1790218706490	204	
1937	ack	r3	1790218706495	431	
1938	ack	r3	1790218706500	471	
1939	ack	r3	1790218706505	389	
1940	ack	r3	1790218706510	426	
1941	ack	r3	1790218706515	456	
1942	ack	r3	1790218706520	416	
1943	ack	r3	1790218706525	143	
1944	ack	r3	1790218706530	409	
1945	ack	r3	1790218706535	108	
1946	ack	r3	1790218706540	169	
1947	ack	r3	1790218706545	127	
1948	ack	r3	1790218706550	443	
1949	ack	r3	1790218706555	424	
1950	ack	r3	1790218706560	115	
1951	ack	r3	1790218706565	425	
1952	ack	r3	1790218706570	110	
1953	ack	r3	1790218706575	421	
1954	ack	r3	1790218706580	434	
1955	ack	r3	1790218706585	419	
1956	ack	r3	1790218706590	173	
1957	ack	r3	1790218706595	76	
1958	ack	r3	1790218706600	173	
1959	ack	r3	1790218706605	171	
1960	ack	r3	1790218706610	410	
1961	ack	r3	1790218706615	406	
1962	ack	r3	1790218706620	458	
1963	ack	r3	1790218706625	88	
1964	ack	r3	1790218706630	422	
1965	ack	r3	1790218706635	410	
1966	ack	r3	1790218706640	193	
1967	ack	r3	1790218706645	408	
1968	ack	r3	1790218706650	416	
1969	ack	r3	1790218706655	167	
1970	ack	r3	1790218706660	182	
1971	ack	r3	1790218706665	414	
1972	ack	r3	1790218706670	180	
1973	ack	r3	1790218706675	429	
1974	ack	r3	1790218706680	458	
1975	ack	r3	1790218706685	404	
1976	ack	r3	1790218706690	454	
1977	ack	r3	1790218706695	466	
1978	ack	r3	1790218706700	415	
1979	ack	r3	1790218706705	158	
1980	ack	r3	1790218706710	420	
1981	ack	r3	1790218706715	466	
1982	ack	r3	1790218706720	434	
1983	ack	r3	1790218706725	112	
1984	ack	r3	1790218706730	82	
1985	ack	r3	1790218706735	418	
1986	ack	r3	1790218706740	187	
1987	ack	r3	1790218706745	412	
1988	ack	r3	1790218706750	467	
1989	ack	r3	1790218706755	419	
1990	ack	r3	1790218706760	120	
1991	ack	r3	1790218706765	66	
1992	ack	r3	1790218706770	419	
1993	ack	r3	1790218706775	427	
1994	ack	r3	1790218706780	444	
1995	ack	r3	1790218706785	413	
1996	ack	r3	1790218706790	175	
1997	ack	r3	1790218706795	432	
1998	ack	r3	1790218706802	190	
1999	ack	r3	1790218706807	451	
2000	ack	r3	1790218706812	128	
2001	ack	r3	1790218706817	405	
2002	ack	r3	1790218706822	144	
2003	ack	r3	1790218706827	85	
2004	ack	r3	1790218706832	446	
2005	ack	r3	1790218706837	407	
2006	ack	r3	1790218706842	195	
2007	ack	r3	1790218706847	417	
2008	ack	r3	1790218706852	430	
2009	ack	r3	1790218706857	146	
2010	ack	r3	1790218706862	78	
2011	ack	r3	1790218706867	80	
2012	ack	r3	1790218706872	412	
2013	ack	r3	1790218706877	140	
2014	ack	r3	1790218706882	416	
2015	ack	r3	1790218706887	405	
2016	ack	r3	1790218706892	407	
2017	ack	r3	1790218706897	404	
2018	ack	r3	1790218706902	419	
2019	ack	r3	1790218706907	809	
2020	ack	r3	1790218706912	427	
2021	ack	r3	1790218706917	119	
2022	ack	r3	1790218706922	421	
2023	ack	r3	1790218706927	419	
2024	ack	r3	1790218706932	412	
2025	ack	r3	1790218706937	407	
2026	ack	r3	1790218706942	131	
2027	ack	r3	1790218706947	420	
2028	ack	r3	1790218706952	126	
2029	ack	r3	1790218706957	72	
2030	ack	r3	1790218706962	114	
2031	ack	r3	1790218706967	79	
2032	ack	r3	1790218706972	107	
2033	ack	r3	1790218706977	434	
2034	ack	r3	1790218706992	3611	
2035	ack	r3	1790218706992	193	
2036	ack	r3	1790218706993	148	
2037	ack	r3	1790218706997	194	
2038	ack	r3	1790218707002	395	
2039	ack	r3	1790218707007	224	
2040	ack	r3	1790218707012	252	
2041	ack	r3	1790218707017	288	
2042	ack	r3	1790218707022	222	
2043	ack	r3	1790218707028	138	
2044	ack	r3	1790218707032	170	
2045	ack	r3	1790218707037	451	
2046	ack	r3	1790218707042	408	
2047	ack	r3	1790218707047	119	
2048	ack	r3	1790218707052	144	
2049	ack	r3	1790218707057	423	
2050	ack	r3	1790218707062	188	
2051	ack	r3	1790218707067	412	
2052	ack	r3	1790218707072	95	
2053	ack	r3	1790218707077	410	
2054	ack	r3	1790218707082	413	
2055	ack	r3	1790218707087	405	
2056	ack	r3	1790218707092	134	
2057	ack	r3	1790218707097	95	
2058	ack	r3	1790218707102	113	
2059	ack	r3	1790218707107	133	
2060	ack	r3	1790218707112	92	
2061	ack	r3	1790218707117	408	
2062	ack	r3	1790218707122	91	
2063	ack	r3	1790218707127	431	
2064	ack	r3	1790218707132	402	
2065	ack	r3	1790218707137	417	
2066	ack	r3	1790218707142	136	
2067	ack	r3	1790218707147	416	
2068	ack	r3	1790218707152	164	
2069	ack	r3	1790218707157	94	
2070	ack	r3	1790218707162	412	
2071	ack	r3	1790218707167	427	
2072	ack	r3	1790218707172	420	
2073	ack	r3	1790218707177	108	
2074	ack	r3	1790218707182	194	
2075	ack	r3	1790218707187	432	
2076	ack	r3	1790218707192	313	
2077	ack	r3	1790218707197	161	
2078	ack	r3	1790218707202	128	
2079	ack	r3	1790218707207	111	
2080	ack	r3	1790218707212	72	
2081	ack	r3	1790218707217	80	
2082	ack	r3	1790218707222	67	
2083	ack	r3	1790218707227	40	
2084	ack	r3	1790218707232	400	
2085	ack	r3	1790218707237	184	
2086	ack	r3	1790218707242	414	
2087	ack	r3	1790218707247	93	
2088	ack	r3	1790218707252	420	
2089	ack	r3	1790218707257	100	
2090	ack	r3	1790218707262	103	
2091	ack	r3	1790218707267	63	
2092	ack	r3	1790218707272	409	
2093	ack	r3	1790218707277	62	
2094	ack	r3	1790218707282	60	
2095	ack	r3	1790218707287	404	
2096	ack	r3	1790218707292	401	
2097	ack	r3	1790218707297	62	
2098	ack	r3	1790218707302	283	
2099	ack	r3	1790218707307	398	
2100	ack	r3	1790218707312	65	
2101	ack	r3	1790218707317	91	
2102	ack	r3	1790218707322	51	
2103	ack	r3	1790218707327	78	
2104	ack	r3	1790218707332	425	
2105	ack	r3	1790218707337	411	
2106	ack	r3	1790218707342	417	
2107	ack	r3	1790218707347	122	
2108	ack	r3	1790218707352	486	
2109	ack	r3	1790218707357	136	
2110	ack	r3	1790218707362	399	
2111	ack	r3	1790218707367	404	
2112	ack	r3	1790218707372	398	
2113	ack	r3	1790218707377	200	
2114	ack	r3	1790218707382	406	
2115	ack	r3	1790218707387	404	
2116	ack	r3	1790218707392	90	
2117	ack	r3	1790218707397	71	
2118	ack	r3	1790218707402	401	
2119	ack	r3	1790218707407	399	
2120	ack	r3	1790218707412	403	
2121	ack	r3	1790218707417	90	
2122	ack	r3	1790218707422	403	
2123	ack	r3	1790218707427	60	
2124	ack	r3	1790218707432	427	
2125	ack	r3	1790218707437	417	
2126	ack	r3	1790218707442	397	
2127	ack	r3	1790218707447	81	
2128	ack	r3	1790218707452	83	
2129	ack	r3	1790218707457	65	
2130	ack	r3	1790218707462	398	
2131	ack	r3	1790218707467	398	
2132	ack	r3	1790218707472	73	
2133	ack	r3	1790218707477	397	
2134	ack	r3	1790218707482	404	
2135	ack	r3	1790218707487	62	
2136	ack	r3	1790218707492	397	
2137	ack	r3	1790218707497	149	
2138	ack	r3	1790218707502	106	
2139	ack	r3	1790218707507	408	
2140	ack	r3	1790218707512	167	
2141	ack	r3	1790218707517	421	
2142	ack	r3	1790218707522	71	
2143	ack	r3	1790218707527	105	
2144	ack	r3	1790218707532	421	
2145	ack	r3	1790218707537	95	
2146	ack	r3	1790218707542	69	
2147	ack	r3	1790218707547	90	
2148	ack	r3	1790218707552	567	
2149	ack	r3	1790218707557	400	
2150	ack	r3	1790218707562	82	
2151	ack	r3	1790218707567	398	
2152	ack	r3	1790218707572	402	
2153	ack	r3	1790218707577	405	
2154	ack	r3	1790218707582	66	
2155	ack	r3	1790218707587	400	
2156	ack	r3	1790218707592	84	
2157	ack	r3	1790218707597	61	
2158	ack	r3	1790218707602	88	
2159	ack	r3	1790218707607	74	
2160	ack	r3	1790218707612	399	
2161	ack	r3	1790218707617	403	
2162	ack	r3	1790218707622	66	
2163	ack	r3	1790218707627	97	
2164	ack	r3	1790218707632	409	
2165	ack	r3	1790218707637	400	
2166	ack	r3	1790218707642	134	
2167	ack	r3	1790218707647	400	
2168	ack	r3	1790218707652	399	
2169	ack	r3	1790218707657	65	
2170	ack	r3	1790218707662	90	
2171	ack	r3	1790218707667	92	
2172	ack	r3	1790218707672	398	
2173	ack	r3	1790218707677	62	
2174	ack	r3	1790218707682	60	
2175	ack	r3	1790218707687	87	
2176	ack	r3	1790218707692	401	
2177	ack	r3	1790218707697	402	
2178	ack	r3	1790218707702	405	
2179	ack	r3	1790218707707	101	
2180	ack	r3	1790218707712	401	
2181	ack	r3	1790218707717	398	
2182	ack	r3	1790218707722	81	
2183	ack	r3	1790218707727	399	
2184	ack	r3	1790218707732	60	
2185	ack	r3	1790218707737	58	
2186	ack	r3	1790218707742	401	
2187	ack	r3	1790218707747	60	
2188	ack	r3	1790218707752	410	
2189	ack	r3	1790218707757	66	
2190	ack	r3	1790218707762	59	
2191	ack	r3	1790218707767	397	
2192	ack	r3	1790218707772	58	
2193	ack	r3	1790218707777	233	
2194	ack	r3	1790218707782	92	
2195	ack	r3	1790218707787	92	
2196	ack	r3	1790218707792	79	
2197	ack	r3	1790218707797	82	
2198	ack	r3	1790218707802	59	
2199	ack	r3	1790218707807	404	
2200	ack	r3	1790218707812	403	
2201	ack	r3	1790218707817	118	
2202	ack	r3	1790218707822	93	
2203	ack	r3	1790218707827	55	
2204	ack	r3	1790218707832	403	
2205	ack	r3	1790218707837	90	
2206	ack	r3	1790218707842	398	
2207	ack	r3	1790218707847	401	
2208	ack	r3	1790218707852	65	
2209	ack	r3	1790218707857	404	
2210	ack	r3	1790218707862	401	
2211	ack	r3	1790218707867	80	
2212	ack	r3	1790218707872	404	
2213	ack	r3	1790218707877	410	
2214	ack	r3	1790218707882	172	
2215	ack	r3	1790218707887	397	
2216	ack	r3	1790218707892	400	
2217	ack	r3	1790218707897	406	
2218	ack	r3	1790218707902	86	
2219	ack	r3	1790218707907	85	
2220	ack	r3	1790218707912	63	
2221	ack	r3	1790218707917	398	
2222	ack	r3	1790218707922	405	
2223	ack	r3	1790218707927	397	
2224	ack	r3	1790218707932	402	
2225	ack	r3	1790218707937	403	
2226	ack	r3	1790218707942	183	
2227	ack	r3	1790218707947	401	
2228	ack	r3	1790218707952	503	
2229	ack	r3	1790218707957	91	
2230	ack	r3	1790218707962	65	
2231	ack	r3	1790218707967	193	
2232	ack	r3	1790218707972	401	
2233	ack	r3	1790218707977	79	
2234	ack	r3	1790218707982	410	
2235	ack	r3	1790218707987	397	
2236	ack	r3	1790218707992	87	
2237	ack	r3	1790218707997	402	
2238	ack	r3	1790218708002	167	
2239	ack	r3	1790218708007	96	
2240	ack	r3	1790218708012	99	
2241	ack	r3	1790218708017	402	
2242	ack	r3	1790218708022	94	
2243	ack	r3	1790218708027	60	
2244	ack	r3	1790218708032	84	
2245	ack	r3	1790218708037	399	
2246	ack	r3	1790218708042	100	
2247	ack	r3	1790218708047	136	
2248	ack	r3	1790218708052	410	
2249	ack	r3	1790218708057	89	
2250	ack	r3	1790218708062	172	
2251	ack	r3	1790218708067	421	
2252	ack	r3	1790218708072	84	
2253	ack	r3	1790218708077	128	
2254	ack	r3	1790218708082	102	
2255	ack	r3	1790218708087	99	
2256	ack	r3	1790218708092	171	
2257	ack	r3	1790218708097	400	
2258	ack	r3	1790218708102	418	
2259	ack	r3	1790218708107	419	
2260	ack	r3	1790218708112	412	
2261	ack	r3	1790218708117	410	
2262	ack	r3	1790218708122	297	
2263	ack	r3	1790218708127	415	
2264	ack	r3	1790218708132	86	
2265	ack	r3	1790218708137	97	
2266	ack	r3	1790218708142	69	
2267	ack	r3	1790218708147	115	
2268	ack	r3	1790218708152	107	
2269	ack	r3	1790218708157	400	
2270	ack	r3	1790218708162	405	
2271	ack	r3	1790218708167	79	
2272	ack	r3	1790218708172	414	
2273	ack	r3	1790218708177	138	
2274	ack	r3	1790218708182	405	
2275	ack	r3	1790218708187	397	
2276	ack	r3	1790218708192	88	
2277	ack	r3	1790218708197	109	
2278	ack	r3	1790218708202	297	
2279	ack	r3	1790218708207	203	
2280	ack	r3	1790218708212	271	
2281	ack	r3	1790218708217	431	
2282	ack	r3	1790218708222	189	
2283	ack	r3	1790218708227	38	
2284	ack	r3	1790218708232	419	
2285	ack	r3	1790218708237	401	
2286	ack	r3	1790218708242	420	
2287	ack	r3	1790218708247	415	
2288	ack	r3	1790218708252	201	
2289	ack	r3	1790218708257	390	
2290	ack	r3	1790218708262	426	
2291	ack	r3	1790218708267	89	
2292	ack	r3	1790218708272	418	
2293	ack	r3	1790218708277	140	
2294	ack	r3	1790218708282	104	
2295	ack	r3	1790218708287	75	
2296	ack	r3	1790218708292	110	
2297	ack	r3	1790218708297	69	
2298	ack	r3	1790218708302	401	
2299	ack	r3	1790218708307	61	
2300	ack	r3	1790218708312	399	
2301	ack	r3	1790218708317	401	
2302	ack	r3	1790218708322	65	
2303	ack	r3	1790218708327	64	
2304	ack	r3	1790218708332	172	
2305	ack	r3	1790218708337	124	
2306	ack	r3	1790218708342	89	
2307	ack	r3	1790218708347	86	
2308	ack	r3	1790218708352	407	
2309	ack	r3	1790218708357	425	
2310	ack	r3	1790218708362	163	
2311	ack	r3	1790218708367	468	
2312	ack	r3	1790218708372	143	
2313	ack	r3	1790218708377	411	
2314	ack	r3	1790218708382	419	
2315	ack	r3	1790218708387	411	
2316	ack	r3	1790218708392	402	
2317	ack	r3	1790218708397	96	
2318	ack	r3	1790218708402	83	
2319	ack	r3	1790218708407	680	
2320	ack	r3	1790218708414	720	
2321	ack	r3	1790218708417	164	
2322	ack	r3	1790218708422	265	
2323	ack	r3	1790218708432	732	
2324	ack	r3	1790218708432	177	
2325	ack	r3	1790218708437	459	
2326	ack	r3	1790218708442	403	
2327	ack	r3	1790218708447	395	
2328	ack	r3	1790218708452	287	
2329	ack	r3	1790218708457	227	
2330	ack	r3	1790218708462	432	
2331	ack	r3	1790218708467	199	
2332	ack	r3	1790218708472	86	
2333	ack	r3	1790218708477	125	
2334	ack	r3	1790218708482	454	
2335	ack	r3	1790218708487	88	
2336	ack	r3	1790218708492	278	
2337	ack	r3	1790218708497	421	
2338	ack	r3	1790218708502	135	
2339	ack	r3	1790218708507	85	
2340	ack	r3	1790218708512	77	
2341	ack	r3	1790218708517	80	
2342	ack	r3	1790218708522	142	
2343	ack	r3	1790218708527	404	
2344	ack	r3	1790218708532	142	
2345	ack	r3	1790218708537	420	
2346	ack	r3	1790218708542	417	
2347	ack	r3	1790218708547	116	
2348	ack	r3	1790218708552	128	
2349	ack	r3	1790218708557	106	
2350	ack	r3	1790218708562	402	
2351	ack	r3	1790218708567	410	
2352	ack	r3	1790218708572	413	
2353	ack	r3	1790218708577	129	
2354	ack	r3	1790218708582	302	
2355	ack	r3	1790218708587	236	
2356	ack	r3	1790218708592	100	
2357	ack	r3	1790218708597	150	
2358	ack	r3	1790218708602	427	
2359	ack	r3	1790218708607	131	
2360	ack	r3	1790218708612	427	
2361	ack	r3	1790218708617	168	
2362	ack	r3	1790218708622	422	
2363	ack	r3	1790218708627	40	
2364	ack	r3	1790218708632	151	
2365	ack	r3	1790218708637	148	
2366	ack	r3	1790218708642	122	
2367	ack	r3	1790218708647	114	
2368	ack	r3	1790218708652	148	
2369	ack	r3	1790218708657	128	
2370	ack	r3	1790218708662	101	
2371	ack	r3	1790218708667	144	
2372	ack	r3	1790218708672	121	
2373	ack	r3	1790218708677	72	
2374	ack	r3	1790218708682	426	
2375	ack	r3	1790218708687	129	
2376	ack	r3	1790218708692	128	
2377	ack	r3	1790218708697	130	
2378	ack	r3	1790218708702	410	
2379	ack	r3	1790218708707	413	
2380	ack	r3	1790218708712	406	
2381	ack	r3	1790218708717	136	
2382	ack	r3	1790218708722	121	
2383	ack	r3	1790218708727	390	
2384	ack	r3	1790218708732	163	
2385	ack	r3	1790218708737	413	
2386	ack	r3	1790218708742	127	
2387	ack	r3	1790218708747	420	
2388	ack	r3	1790218708752	184	
2389	ack	r3	1790218708757	118	
2390	ack	r3	1790218708762	232	
2391	ack	r3	1790218708767	140	
2392	ack	r3	1790218708772	128	
2393	ack	r3	1790218708777	416	
2394	ack	r3	1790218708782	162	
2395	ack	r3	1790218708787	94	
2396	ack	r3	1790218708792	319	
2397	ack	r3	1790218708797	241	
2398	ack	r3	1790218708802	112	
2399	ack	r3	1790218708808	677	
2400	ack	r3	1790218708812	173	
2401	ack	r3	1790218708817	144	
2402	ack	r3	1790218708822	94	
2403	ack	r3	1790218708827	135	
2404	ack	r3	1790218708832	124	
2405	ack	r3	1790218708837	128	
2406	ack	r3	1790218708842	136	
2407	ack	r3	1790218708847	441	
2408	ack	r3	1790218708852	447	
2409	ack	r3	1790218708857	419	
2410	ack	r3	1790218708862	146	
2411	ack	r3	1790218708867	371	
2412	ack	r3	1790218708872	426	
2413	ack	r3	1790218708877	196	
2414	ack	r3	1790218708882	156	
2415	ack	r3	1790218708887	369	
2416	ack	r3	1790218708892	161	
2417	ack	r3	1790218708897	104	
2418	ack	r3	1790218708902	142	
2419	ack	r3	1790218708907	86	
2420	ack	r3	1790218708912	152	
2421	ack	r3	1790218708917	122	
2422	ack	r3	1790218708922	82	
2423	ack	r3	1790218708927	143	
2424	ack	r3	1790218708932	151	
2425	ack	r3	1790218708937	400	
2426	ack	r3	1790218708942	80	
2427	ack	r3	1790218708947	90	
2428	ack	r3	1790218708952	94	
2429	ack	r3	1790218708957	412	
2430	ack	r3	1790218708962	159	
2431	ack	r3	1790218708967	107	
2432	ack	r3	1790218708972	407	
2433	ack	r3	1790218708977	415	
2434	ack	r3	1790218708982	89	
2435	ack	r3	1790218708987	403	
2436	ack	r3	1790218708992	74	
2437	ack	r3	1790218708997	405	
2438	ack	r3	1790218709002	174	
2439	ack	r3	1790218709007	264	
2440	ack	r3	1790218709012	400	
2441	ack	r3	1790218709017	123	
2442	ack	r3	1790218709022	68	
2443	ack	r3	1790218709032	347	
2444	ack	r3	1790218709032	88	
2445	ack	r3	1790218709037	401	
2446	ack	r3	1790218709042	414	
2447	ack	r3	1790218709047	80	
2448	ack	r3	1790218709052	400	
2449	ack	r3	1790218709057	73	
2450	ack	r3	1790218709062	399	
2451	ack	r3	1790218709067	406	
2452	ack	r3	1790218709072	405	
2453	ack	r3	1790218709077	398	
2454	ack	r3	1790218709082	415	
2455	ack	r3	1790218709087	536	
2456	ack	r3	1790218709092	405	
2457	ack	r3	1790218709097	81	
2458	ack	r3	1790218709102	417	
2459	ack	r3	1790218709107	100	
2460	ack	r3	1790218709112	399	
2461	ack	r3	1790218709117	96	
2462	ack	r3	1790218709122	88	
2463	ack	r3	1790218709127	86	
2464	ack	r3	1790218709132	405	
2465	ack	r3	1790218709137	405	
2466	ack	r3	1790218709142	92	
2467	ack	r3	1790218709147	75	
2468	ack	r3	1790218709152	76	
2469	ack	r3	1790218709157	87	
2470	ack	r3	1790218709162	126	
2471	ack	r3	1790218709167	538	
2472	ack	r3	1790218709172	99	
2473	ack	r3	1790218709177	87	
2474	ack	r3	1790218709182	399	
2475	ack	r3	1790218709187	407	
2476	ack	r3	1790218709192	398	
2477	ack	r3	1790218709197	400	
2478	ack	r3	1790218709202	399	
2479	ack	r3	1790218709207	397	
2480	ack	r3	1790218709212	404	
2481	ack	r3	1790218709217	123	
2482	ack	r3	1790218709222	191	
2483	ack	r3	1790218709227	109	
2484	ack	r3	1790218709232	113	
2485	ack	r3	1790218709237	113	
2486	ack	r3	1790218709242	398	
2487	ack	r3	1790218709247	73	
2488	ack	r3	1790218709252	97	
2489	ack	r3	1790218709257	397	
2490	ack	r3	1790218709262	85	
2491	ack	r3	1790218709267	397	
2492	ack	r3	1790218709272	330	
2493	ack	r3	1790218709277	108	
2494	ack	r3	1790218709282	410	
2495	ack	r3	1790218709287	141	
2496	ack	r3	1790218709292	112	
2497	ack	r3	1790218709297	104	
2498	ack	r3	1790218709302	420	
2499	ack	r3	1790218709307	101	
2500	ack	r3	1790218709312	413	
2501	ack	r3	1790218709317	407	
2502	ack	r3	1790218709322	116	
2503	ack	r3	1790218709327	407	
2504	ack	r3	1790218709332	406	
2505	ack	r3	1790218709337	419	
2506	ack	r3	1790218709342	100	
2507	ack	r3	1790218709347	404	
2508	ack	r3	1790218709352	76	
2509	ack	r3	1790218709357	105	
2510	ack	r3	1790218709362	401	
2511	ack	r3	1790218709367	583	
2512	ack	r3	1790218709372	77	
2513	ack	r3	1790218709377	156	
2514	ack	r3	1790218709382	103	
2515	ack	r3	1790218709387	139	
2516	ack	r3	1790218709392	104	
2517	ack	r3	1790218709397	155	
2518	ack	r3	1790218709402	252	
2519	ack	r3	1790218709407	68	
2520	ack	r3	1790218709412	400	
2521	ack	r3	1790218709417	86	
2522	ack	r3	1790218709422	146	
2523	ack	r3	1790218709427	80	
2524	ack	r3	1790218709432	478	
2525	ack	r3	1790218709437	138	
2526	ack	r3	1790218709442	138	
2527	ack	r3	1790218709447	413	
2528	ack	r3	1790218709452	447	
2529	ack	r3	1790218709457	409	
2530	ack	r3	1790218709462	74	
2531	ack	r3	1790218709467	471	
2532	ack	r3	1790218709472	171	
2533	ack	r3	1790218709477	156	
2534	ack	r3	1790218709482	378	
2535	ack	r3	1790218709487	125	
2536	ack	r3	1790218709492	415	
2537	ack	r3	1790218709497	119	
2538	ack	r3	1790218709502	159	
2539	ack	r3	1790218709507	217	
2540	ack	r3	1790218709512	86	
2541	ack	r3	1790218709517	126	
2542	ack	r3	1790218709522	109	
2543	ack	r3	1790218709527	402	
2544	ack	r3	1790218709532	116	
2545	ack	r3	1790218709537	105	
2546	ack	r3	1790218709542	111	
2547	ack	r3	1790218709547	399	
2548	ack	r3	1790218709552	407	
2549	ack	r3	1790218709557	90	
2550	ack	r3	1790218709562	65	
2551	ack	r3	1790218709567	595	
2552	ack	r3	1790218709572	403	
2553	ack	r3	1790218709577	71	
2554	ack	r3	1790218709582	423	
2555	ack	r3	1790218709587	80	
2556	ack	r3	1790218709592	99	
2557	ack	r3	1790218709597	415	
2558	ack	r3	1790218709602	151	
2559	ack	r3	1790218709607	413	
2560	ack	r3	1790218709612	325	
2561	ack	r3	1790218709617	113	
2562	ack	r3	1790218709622	81	
2563	ack	r3	1790218709627	74	
2564	ack	r3	1790218709632	438	
2565	ack	r3	1790218709637	412	
2566	ack	r3	1790218709642	411	
2567	ack	r3	1790218709647	99	
2568	ack	r3	1790218709652	81	
2569	ack	r3	1790218709657	116	
2570	ack	r3	1790218709662	413	
2571	ack	r3	1790218709667	419	
2572	ack	r3	1790218709672	97	
2573	ack	r3	1790218709677	399	
2574	ack	r3	1790218709682	409	
2575	ack	r3	1790218709687	395	
2576	ack	r3	1790218709692	92	
2577	ack	r3	1790218709697	87	
2578	ack	r3	1790218709702	90	
2579	ack	r3	1790218709707	85	
2580	ack	r3	1790218709712	82	
2581	ack	r3	1790218709717	118	
2582	ack	r3	1790218709722	409	
2583	ack	r3	1790218709727	138	
2584	ack	r3	1790218709732	192	
2585	ack	r3	1790218709737	412	
2586	ack	r3	1790218709742	412	
2587	ack	r3	1790218709747	410	
2588	ack	r3	1790218709752	414	
2589	ack	r3	1790218709757	106	
2590	ack	r3	1790218709762	94	
2591	ack	r3	1790218709767	155	
2592	ack	r3	1790218709772	401	
2593	ack	r3	1790218709777	75	
2594	ack	r3	1790218709782	405	
2595	ack	r3	1790218709787	73	
2596	ack	r3	1790218709792	63	
2597	ack	r3	1790218709797	409	
2598	ack	r3	1790218709802	96	
2599	ack	r3	1790218709807	86	
2600	ack	r3	1790218709812	92	
2601	ack	r3	1790218709817	69	
2602	ack	r3	1790218709822	96	
2603	ack	r3	1790218709832	90	
2604	ack	r3	1790218709832	104	
2605	ack	r3	1790218709837	108	
2606	ack	r3	1790218709842	84	
2607	ack	r3	1790218709847	61	
2608	ack	r3	1790218709852	63	
2609	ack	r3	1790218709857	75	
2610	ack	r3	1790218709862	86	
2611	ack	r3	1790218709867	87	
2612	ack	r3	1790218709872	84	
2613	ack	r3	1790218709877	85	
2614	ack	r3	1790218709882	405	
2615	ack	r3	1790218709887	83	
2616	ack	r3	1790218709892	100	
2617	ack	r3	1790218709897	120	
2618	ack	r3	1790218709902	140	
2619	ack	r3	1790218709907	62	
2620	ack	r3	1790218709912	401	
2621	ack	r3	1790218709917	92	
2622	ack	r3	1790218709922	404	
2623	ack	r3	1790218709927	85	
2624	ack	r3	1790218709932	408	
2625	ack	r3	1790218709937	408	
2626	ack	r3	1790218709942	80	
2627	ack	r3	1790218709947	401	
2628	ack	r3	1790218709952	406	
2629	ack	r3	1790218709957	147	
2630	ack	r3	1790218709962	399	
2631	ack	r3	1790218709967	432	
2632	ack	r3	1790218709972	109	
2633	ack	r3	1790218709977	81	
2634	ack	r3	1790218709982	404	
2635	ack	r3	1790218709987	70	
2636	ack	r3	1790218709992	397	
2637	ack	r3	1790218709997	398	
2638	ack	r3	1790218710002	146	
2639	ack	r3	1790218710007	86	
2640	ack	r3	1790218710012	412	
2641	ack	r3	1790218710017	142	
2642	ack	r3	1790218710022	418	
2643	ack	r3	1790218710027	79	
2644	ack	r3	1790218710032	412	
2645	ack	r3	1790218710037	414	
2646	ack	r3	1790218710042	127	
2647	ack	r3	1790218710047	409	
2648	ack	r3	1790218710052	409	
2649	ack	r3	1790218710057	70	
2650	ack	r3	1790218710062	434	
2651	ack	r3	1790218710067	214	
2652	ack	r3	1790218710072	438	
2653	ack	r3	1790218710077	340	
2654	ack	r3	1790218710082	276	
2655	ack	r3	1790218710087	150	
2656	ack	r3	1790218710092	147	
2657	ack	r3	1790218710097	105	
2658	ack	r3	1790218710102	409	
2659	ack	r3	1790218710107	410	
2660	ack	r3	1790218710112	104	
2661	ack	r3	1790218710117	411	
2662	ack	r3	1790218710122	413	
2663	ack	r3	1790218710127	400	
2664	ack	r3	1790218710132	132	
2665	ack	r3	1790218710137	409	
2666	ack	r3	1790218710142	106	
2667	ack	r3	1790218710147	410	
2668	ack	r3	1790218710152	410	
2669	ack	r3	1790218710157	414	
2670	ack	r3	1790218710162	105	
2671	ack	r3	1790218710167	159	
2672	ack	r3	1790218710172	405	
2673	ack	r3	1790218710177	86	
2674	ack	r3	1790218710182	136	
2675	ack	r3	1790218710187	410	
2676	ack	r3	1790218710192	141	
2677	ack	r3	1790218710197	77	
2678	ack	r3	1790218710202	120	
2679	ack	r3	1790218710207	413	
2680	ack	r3	1790218710212	97	
2681	ack	r3	1790218710217	422	
2682	ack	r3	1790218710222	403	
2683	ack	r3	1790218710227	160	
2684	ack	r3	1790218710232	101	
2685	ack	r3	1790218710237	260	
2686	ack	r3	1790218710242	452	
2687	ack	r3	1790218710247	250	
2688	ack	r3	1790218710252	413	
2689	ack	r3	1790218710257	260	
2690	ack	r3	1790218710262	134	
2691	ack	r3	1790218710267	140	
2692	ack	r3	1790218710272	405	
2693	ack	r3	1790218710277	90	
2694	ack	r3	1790218710282	166	
2695	ack	r3	1790218710287	120	
2696	ack	r3	1790218710292	206	
2697	ack	r3	1790218710297	109	
2698	ack	r3	1790218710302	168	
2699	ack	r3	1790218710307	76	
2700	ack	r3	1790218710312	403	
2701	ack	r3	1790218710317	411	
2702	ack	r3	1790218710322	93	
2703	ack	r3	1790218710327	401	
2704	ack	r3	1790218710332	419	
2705	ack	r3	1790218710337	401	
2706	ack	r3	1790218710342	82	
2707	ack	r3	1790218710347	89	
2708	ack	r3	1790218710352	112	
2709	ack	r3	1790218710357	89	
2710	ack	r3	1790218710362	435	
2711	ack	r3	1790218710367	578	
2712	ack	r3	1790218710372	399	
2713	ack	r3	1790218710377	82	
2714	ack	r3	1790218710382	70	
2715	ack	r3	1790218710387	78	
2716	ack	r3	1790218710392	426	
2717	ack	r3	1790218710397	404	
2718	ack	r3	1790218710402	417	
2719	ack	r3	1790218710407	413	
2720	ack	r3	1790218710412	404	
2721	ack	r3	1790218710417	93	
2722	ack	r3	1790218710422	406	
2723	ack	r3	1790218710427	98	
2724	ack	r3	1790218710432	73	
2725	ack	r3	1790218710437	412	
2726	ack	r3	1790218710442	401	
2727	ack	r3	1790218710447	403	
2728	ack	r3	1790218710452	83	
2729	ack	r3	1790218710457	69	
2730	ack	r3	1790218710462	406	
2731	ack	r3	1790218710467	61	
2732	ack	r3	1790218710472	399	
2733	ack	r3	1790218710477	62	
2734	ack	r3	1790218710482	397	
2735	ack	r3	1790218710487	63	
2736	ack	r3	1790218710492	399	
2737	ack	r3	1790218710497	400	
2738	ack	r3	1790218710502	399	
2739	ack	r3	1790218710507	83	
2740	ack	r3	1790218710512	64	
2741	ack	r3	1790218710517	76	
2742	ack	r3	1790218710522	398	
2743	ack	r3	1790218710527	65	
2744	ack	r3	1790218710532	126	
2745	ack	r3	1790218710537	96	
2746	ack	r3	1790218710542	67	
2747	ack	r3	1790218710547	408	
2748	ack	r3	1790218710552	405	
2749	ack	r3	1790218710557	87	
2750	ack	r3	1790218710562	400	
2751	ack	r3	1790218710567	79	
2752	ack	r3	1790218710572	106	
2753	ack	r3	1790218710577	95	
2754	ack	r3	1790218710582	60	
2755	ack	r3	1790218710587	60	
2756	ack	r3	1790218710592	59	
2757	ack	r3	1790218710597	78	
2758	ack	r3	1790218710602	399	
2759	ack	r3	1790218710607	104	
2760	ack	r3	1790218710612	407	
2761	ack	r3	1790218710617	104	
2762	ack	r3	1790218710622	113	
2763	ack	r3	1790218710627	70	
2764	ack	r3	1790218710632	210	
2765	ack	r3	1790218710637	411	
2766	ack	r3	1790218710642	403	
2767	ack	r3	1790218710647	124	
2768	ack	r3	1790218710652	87	
2769	ack	r3	1790218710657	139	
2770	ack	r3	1790218710662	431	
2771	ack	r3	1790218710667	228	
2772	ack	r3	1790218710672	97	
2773	ack	r3	1790218710677	156	
2774	ack	r3	1790218710682	436	
2775	ack	r3	1790218710687	409	
2776	ack	r3	1790218710692	414	
2777	ack	r3	1790218710697	405	
2778	ack	r3	1790218710702	103	
2779	ack	r3	1790218710707	402	
2780	ack	r3	1790218710712	399	
2781	ack	r3	1790218710717	109	
2782	ack	r3	1790218710722	80	
2783	ack	r3	1790218710727	407	
2784	ack	r3	1790218710732	419	
2785	ack	r3	1790218710737	67	
2786	ack	r3	1790218710742	90	
2787	ack	r3	1790218710747	401	
2788	ack	r3	1790218710752	406	
2789	ack	r3	1790218710757	64	
2790	ack	r3	1790218710762	205	
2791	ack	r3	1790218710767	173	
2792	ack	r3	1790218710772	106	
2793	ack	r3	1790218710777	74	
2794	ack	r3	1790218710782	127	
2795	ack	r3	1790218710787	94	
2796	ack	r3	1790218710792	398	
2797	ack	r3	1790218710797	90	
2798	ack	r3	1790218710802	395	
2799	ack	r3	1790218710807	69	
2800	ack	r3	1790218710812	98	
2801	ack	r3	1790218710817	98	
2802	ack	r3	1790218710822	400	
2803	ack	r3	1790218710827	46	
2804	ack	r3	1790218710832	89	
2805	ack	r3	1790218710837	408	
2806	ack	r3	1790218710842	67	
2807	ack	r3	1790218710847	72	
2808	ack	r3	1790218710852	76	
2809	ack	r3	1790218710857	61	
2810	ack	r3	1790218710862	79	
2811	ack	r3	1790218710867	80	
2812	ack	r3	1790218710872	399	
2813	ack	r3	1790218710877	62	
2814	ack	r3	1790218710882	401	
2815	ack	r3	1790218710887	62	
2816	ack	r3	1790218710892	397	
2817	ack	r3	1790218710897	399	
2818	ack	r3	1790218710902	91	
2819	ack	r3	1790218710907	83	
2820	ack	r3	1790218710912	396	
2821	ack	r3	1790218710917	83	
2822	ack	r3	1790218710922	92	
2823	ack	r3	1790218710927	85	
2824	ack	r3	1790218710932	78	
2825	ack	r3	1790218710937	78	
2826	ack	r3	1790218710942	107	
2827	ack	r3	1790218710947	400	
2828	ack	r3	1790218710952	81	
2829	ack	r3	1790218710957	81	
2830	ack	r3	1790218710962	83	
2831	ack	r3	1790218710967	321	
2832	ack	r3	1790218710972	419	
2833	ack	r3	1790218710977	107	
2834	ack	r3	1790218710982	58	
2835	ack	r3	1790218710987	399	
2836	ack	r3	1790218710992	400	
2837	ack	r3	1790218710997	86	
2838	ack	r3	1790218711002	59	
2839	ack	r3	1790218711007	86	
2840	ack	r3	1790218711012	86	
2841	ack	r3	1790218711017	401	
2842	ack	r3	1790218711022	399	
2843	ack	r3	1790218711027	23	
2844	ack	r3	1790218711032	84	
2845	ack	r3	1790218711037	399	
2846	ack	r3	1790218711042	65	
2847	ack	r3	1790218711047	397	
2848	ack	r3	1790218711052	401	
2849	ack	r3	1790218711057	403	
2850	ack	r3	1790218711062	401	
2851	ack	r3	1790218711067	397	
2852	ack	r3	1790218711072	56	
2853	ack	r3	1790218711077	397	
2854	ack	r3	1790218711082	399	
2855	ack	r3	1790218711087	405	
2856	ack	r3	1790218711092	60	
2857	ack	r3	1790218711097	398	
2858	ack	r3	1790218711102	399	
2859	ack	r3	1790218711107	400	
2860	ack	r3	1790218711112	412	
2861	ack	r3	1790218711117	420	
2862	ack	r3	1790218711122	91	
2863	ack	r3	1790218711127	405	
2864	ack	r3	1790218711132	412	
2865	ack	r3	1790218711137	428	
2866	ack	r3	1790218711142	114	
2867	ack	r3	1790218711147	407	
2868	ack	r3	1790218711152	407	
2869	ack	r3	1790218711157	100	
2870	ack	r3	1790218711162	177	
2871	ack	r3	1790218711167	392	
2872	ack	r3	1790218711172	73	
2873	ack	r3	1790218711177	104	
2874	ack	r3	1790218711182	102	
2875	ack	r3	1790218711187	412	
2876	ack	r3	1790218711192	412	
2877	ack	r3	1790218711197	180	
2878	ack	r3	1790218711202	460	
2879	ack	r3	1790218711207	237	
2880	ack	r3	1790218711212	409	
2881	ack	r3	1790218711217	167	
2882	ack	r3	1790218711222	417	
2883	ack	r3	1790218711227	86	
2884	ack	r3	1790218711232	152	
2885	ack	r3	1790218711237	135	
2886	ack	r3	1790218711242	213	
2887	ack	r3	1790218711247	140	
2888	ack	r3	1790218711252	154	
2889	ack	r3	1790218711257	412	
2890	ack	r3	1790218711262	576	
2891	ack	r3	1790218711267	401	
2892	ack	r3	1790218711272	124	
2893	ack	r3	1790218711277	181	
2894	ack	r3	1790218711282	440	
2895	ack	r3	1790218711287	420	
2896	ack	r3	1790218711292	415	
2897	ack	r3	1790218711297	412	
2898	ack	r3	1790218711302	391	
2899	ack	r3	1790218711307	411	
2900	ack	r3	1790218711312	99	
2901	ack	r3	1790218711317	209	
2902	ack	r3	1790218711322	407	
2903	ack	r3	1790218711327	149	
2904	ack	r3	1790218711332	119	
2905	ack	r3	1790218711337	405	
2906	ack	r3	1790218711342	69	
2907	ack	r3	1790218711347	415	
2908	ack	r3	1790218711352	133	
2909	ack	r3	1790218711357	81	
2910	ack	r3	1790218711362	413	
2911	ack	r3	1790218711367	113	
2912	ack	r3	1790218711372	62	
2913	ack	r3	1790218711377	93	
2914	ack	r3	1790218711382	84	
2915	ack	r3	1790218711387	185	
2916	ack	r3	1790218711392	102	
2917	ack	r3	1790218711397	65	
2918	ack	r3	1790218711402	150	
2919	ack	r3	1790218711407	116	
2920	ack	r3	1790218711412	412	
2921	ack	r3	1790218711417	105	
2922	ack	r3	1790218711422	106	
2923	ack	r3	1790218711429	1181	
2924	ack	r3	1790218711432	405	
2925	ack	r3	1790218711437	405	
2926	ack	r3	1790218711442	96	
2927	ack	r3	1790218711447	101	
2928	ack	r3	1790218711452	417	
2929	ack	r3	1790218711457	79	
2930	ack	r3	1790218711462	74	
2931	ack	r3	1790218711467	408	
2932	ack	r3	1790218711472	400	
2933	ack	r3	1790218711477	403	
2934	ack	r3	1790218711482	110	
2935	ack	r3	1790218711487	399	
2936	ack	r3	1790218711492	400	
2937	ack	r3	1790218711497	63	
2938	ack	r3	1790218711502	404	
2939	ack	r3	1790218711507	398	
2940	ack	r3	1790218711512	60	
2941	ack	r3	1790218711517	403	
2942	ack	r3	1790218711522	71	
2943	ack	r3	1790218711527	79	
2944	ack	r3	1790218711532	400	
2945	ack	r3	1790218711537	91	
2946	ack	r3	1790218711542	397	
2947	ack	r3	1790218711547	398	
2948	ack	r3	1790218711552	396	
2949	ack	r3	1790218711557	198	
2950	ack	r3	1790218711562	402	
2951	ack	r3	1790218711567	57	
2952	ack	r3	1790218711572	399	
2953	ack	r3	1790218711577	204	
2954	ack	r3	1790218711582	92	
2955	ack	r3	1790218711587	62	
2956	ack	r3	1790218711592	398	
2957	ack	r3	1790218711597	81	
2958	ack	r3	1790218711602	415	
2959	ack	r3	1790218711607	103	
2960	ack	r3	1790218711612	74	
2961	ack	r3	1790218711617	399	
2962	ack	r3	1790218711622	79	
2963	ack	r3	1790218711627	76	
2964	ack	r3	1790218711632	93	
2965	ack	r3	1790218711637	398	
2966	ack	r3	1790218711642	62	
2967	ack	r3	1790218711647	76	
2968	ack	r3	1790218711652	398	
2969	ack	r3	1790218711657	399	
2970	ack	r3	1790218711662	141	
2971	ack	r3	1790218711667	89	
2972	ack	r3	1790218711672	399	
2973	ack	r3	1790218711677	60	
2974	ack	r3	1790218711682	83	
2975	ack	r3	1790218711687	398	
2976	ack	r3	1790218711692	396	
2977	ack	r3	1790218711697	399	
2978	ack	r3	1790218711702	78	
2979	ack	r3	1790218711707	81	
2980	ack	r3	1790218711712	401	
2981	ack	r3	1790218711717	63	
2982	ack	r3	1790218711722	398	
2983	ack	r3	1790218711727	80	
2984	ack	r3	1790218711732	172	
2985	ack	r3	1790218711737	62	
2986	ack	r3	1790218711742	59	
2987	ack	r3	1790218711747	82	
2988	ack	r3	1790218711752	83	
2989	ack	r3	1790218711757	400	
2990	ack	r3	1790218711762	56	
2991	ack	r3	1790218711767	399	
2992	ack	r3	1790218711772	398	
2993	ack	r3	1790218711777	521	
2994	ack	r3	1790218711782	95	
2995	ack	r3	1790218711787	399	
2996	ack	r3	1790218711792	81	
2997	ack	r3	1790218711797	120	
2998	ack	r3	1790218711802	84	
2999	ack	r3	1790218711807	407	
3000	ack	r3	1790218711812	113	
3001	ack	r3	1790218711817	134	
3002	ack	r3	1790218711822	166	
3003	ack	r3	1790218711827	51	
3004	ack	r3	1790218711832	427	
3005	ack	r3	1790218711837	403	
3006	ack	r3	1790218711842	413	
3007	ack	r3	1790218711847	140	
3008	ack	r3	1790218711852	143	
3009	ack	r3	1790218711857	313	
3010	ack	r3	1790218711862	425	
3011	ack	r3	1790218711867	153	
3012	ack	r3	1790218711872	440	
3013	ack	r3	1790218711877	403	
3014	ack	r3	1790218711882	125	
3015	ack	r3	1790218711887	68	
3016	ack	r3	1790218711892	79	
3017	ack	r3	1790218711897	406	
3018	ack	r3	1790218711902	120	
3019	ack	r3	1790218711907	403	
3020	ack	r3	1790218711912	405	
3021	ack	r3	1790218711917	108	
3022	ack	r3	1790218711922	414	
3023	ack	r3	1790218711927	63	
3024	ack	r3	1790218711932	114	
3025	ack	r3	1790218711937	403	
3026	ack	r3	1790218711942	85	
3027	ack	r3	1790218711947	67	
3028	ack	r3	1790218711952	305	
3029	ack	r3	1790218711957	402	
3030	ack	r3	1790218711962	402	
3031	ack	r3	1790218711967	112	
3032	ack	r3	1790218711972	401	
3033	ack	r3	1790218711977	64	
3034	ack	r3	1790218711982	403	
3035	ack	r3	1790218711987	403	
3036	ack	r3	1790218711992	61	
3037	ack	r3	1790218711997	65	
3038	ack	r3	1790218712002	400	
3039	ack	r3	1790218712007	81	
3040	ack	r3	1790218712012	398	
3041	ack	r3	1790218712017	121	
3042	ack	r3	1790218712022	407	
3043	ack	r3	1790218712028	84	
3044	ack	r3	1790218712032	106	
3045	ack	r3	1790218712037	403	
3046	ack	r3	1790218712042	87	
3047	ack	r3	1790218712047	401	
3048	ack	r3	1790218712052	403	
3049	ack	r3	1790218712057	88	
3050	ack	r3	1790218712062	83	
3051	ack	r3	1790218712067	180	
3052	ack	r3	1790218712072	397	
3053	ack	r3	1790218712077	408	
3054	ack	r3	1790218712082	404	
3055	ack	r3	1790218712087	401	
3056	ack	r3	1790218712092	398	
3057	ack	r3	1790218712097	398	
3058	ack	r3	1790218712102	398	
3059	ack	r3	1790218712107	403	
3060	ack	r3	1790218712112	87	
3061	ack	r3	1790218712117	422	
3062	ack	r3	1790218712122	402	
3063	ack	r3	1790218712127	101	
3064	ack	r3	1790218712132	91	
3065	ack	r3	1790218712137	88	
3066	ack	r3	1790218712142	352	
3067	ack	r3	1790218712147	103	
3068	ack	r3	1790218712152	202	
3069	ack	r3	1790218712157	82	
3070	ack	r3	1790218712162	63	
3071	ack	r3	1790218712167	395	
3072	ack	r3	1790218712172	93	
3073	ack	r3	1790218712177	130	
3074	ack	r3	1790218712182	401	
3075	ack	r3	1790218712187	66	
3076	ack	r3	1790218712192	401	
3077	ack	r3	1790218712197	66	
3078	ack	r3	1790218712202	261	
3079	ack	r3	1790218712207	65	
3080	ack	r3	1790218712212	60	
3081	ack	r3	1790218712217	58	
3082	ack	r3	1790218712222	400	
3083	ack	r3	1790218712227	53	
3084	ack	r3	1790218712232	400	
3085	ack	r3	1790218712237	398	
3086	ack	r3	1790218712242	64	
3087	ack	r3	1790218712247	400	
3088	ack	r3	1790218712252	400	
3089	ack	r3	1790218712257	403	
3090	ack	r3	1790218712262	402	
3091	ack	r3	1790218712267	119	
3092	ack	r3	1790218712272	75	
3093	ack	r3	1790218712277	98	
3094	ack	r3	1790218712282	182	
3095	ack	r3	1790218712287	405	
3096	ack	r3	1790218712292	90	
3097	ack	r3	1790218712297	86	
3098	ack	r3	1790218712302	401	
3099	ack	r3	1790218712307	398	
3100	ack	r3	1790218712312	399	
3101	ack	r3	1790218712317	63	
3102	ack	r3	1790218712322	376	
3103	ack	r3	1790218712327	103	
3104	ack	r3	1790218712332	423	
3105	ack	r3	1790218712337	408	
3106	ack	r3	1790218712342	403	
3107	ack	r3	1790218712347	401	
3108	ack	r3	1790218712352	97	
3109	ack	r3	1790218712357	402	
3110	ack	r3	1790218712362	397	
3111	ack	r3	1790218712367	398	
3112	ack	r3	1790218712372	64	
3113	ack	r3	1790218712377	64	
3114	ack	r3	1790218712382	84	
3115	ack	r3	1790218712387	402	
3116	ack	r3	1790218712392	410	
3117	ack	r3	1790218712397	410	
3118	ack	r3	1790218712402	427	
3119	ack	r3	1790218712407	407	
3120	ack	r3	1790218712412	425	
3121	ack	r3	1790218712417	401	
3122	ack	r3	1790218712422	147	
3123	ack	r3	1790218712427	58	
3124	ack	r3	1790218712432	172	
3125	ack	r3	1790218712437	431	
3126	ack	r3	1790218712442	135	
3127	ack	r3	1790218712447	138	
3128	ack	r3	1790218712452	214	
3129	ack	r3	1790218712457	95	
3130	ack	r3	1790218712462	117	
3131	ack	r3	1790218712467	123	
3132	ack	r3	1790218712472	127	
3133	ack	r3	1790218712477	403	
3134	ack	r3	1790218712482	87	
3135	ack	r3	1790218712487	410	
3136	ack	r3	1790218712492	407	
3137	ack	r3	1790218712497	405	
3138	ack	r3	1790218712502	416	
3139	ack	r3	1790218712507	83	
3140	ack	r3	1790218712512	76	
3141	ack	r3	1790218712517	413	
3142	ack	r3	1790218712522	413	
3143	ack	r3	1790218712527	64	
3144	ack	r3	1790218712532	101	
3145	ack	r3	1790218712537	85	
3146	ack	r3	1790218712542	410	
3147	ack	r3	1790218712547	61	
3148	ack	r3	1790218712552	135	
3149	ack	r3	1790218712557	89	
3150	ack	r3	1790218712562	408	
3151	ack	r3	1790218712567	107	
3152	ack	r3	1790218712572	91	
3153	ack	r3	1790218712577	131	
3154	ack	r3	1790218712582	92	
3155	ack	r3	1790218712587	410	
3156	ack	r3	1790218712592	402	
3157	ack	r3	1790218712597	404	
3158	ack	r3	1790218712602	147	
3159	ack	r3	1790218712607	445	
3160	ack	r3	1790218712612	145	
3161	ack	r3	1790218712617	121	
3162	ack	r3	1790218712622	408	
3163	ack	r3	1790218712627	96	
3164	ack	r3	1790218712632	411	
3165	ack	r3	1790218712637	405	
3166	ack	r3	1790218712642	147	
3167	ack	r3	1790218712647	100	
3168	ack	r3	1790218712652	413	
3169	ack	r3	1790218712657	442	
3170	ack	r3	1790218712662	407	
3171	ack	r3	1790218712667	72	
3172	ack	r3	1790218712672	408	
3173	ack	r3	1790218712677	157	
3174	ack	r3	1790218712682	412	
3175	ack	r3	1790218712687	400	
3176	ack	r3	1790218712692	403	
3177	ack	r3	1790218712697	405	
3178	ack	r3	1790218712702	106	
3179	ack	r3	1790218712707	399	
3180	ack	r3	1790218712712	119	
3181	ack	r3	1790218712717	413	
3182	ack	r3	1790218712722	93	
3183	ack	r3	1790218712727	408	
3184	ack	r3	1790218712732	77	
3185	ack	r3	1790218712737	119	
3186	ack	r3	1790218712742	78	
3187	ack	r3	1790218712747	400	
3188	ack	r3	1790218712752	97	
3189	ack	r3	1790218712757	408	
3190	ack	r3	1790218712762	427	
3191	ack	r3	1790218712767	99	
3192	ack	r3	1790218712772	406	
3193	ack	r3	1790218712777	406	
3194	ack	r3	1790218712782	410	
3195	ack	r3	1790218712787	103	
3196	ack	r3	1790218712792	138	
3197	ack	r3	1790218712797	406	
3198	ack	r3	1790218712802	419	
3199	ack	r3	1790218712807	113	
3200	ack	r3	1790218712812	88	
3201	ack	r3	1790218712817	148	
3202	ack	r3	1790218712822	99	
3203	ack	r3	1790218712827	114	
3204	ack	r3	1790218712832	110	
3205	ack	r3	1790218712837	117	
3206	ack	r3	1790218712842	422	
3207	ack	r3	1790218712847	100	
3208	ack	r3	1790218712852	411	
3209	ack	r3	1790218712857	135	
3210	ack	r3	1790218712862	403	
3211	ack	r3	1790218712867	73	
3212	ack	r3	1790218712872	162	
3213	ack	r3	1790218712877	407	
3214	ack	r3	1790218712882	98	
3215	ack	r3	1790218712887	381	
3216	ack	r3	1790218712892	71	
3217	ack	r3	1790218712897	402	
3218	ack	r3	1790218712902	400	
3219	ack	r3	1790218712907	409	
3220	ack	r3	1790218712912	413	
3221	ack	r3	1790218712917	96	
3222	ack	r3	1790218712922	94	
3223	ack	r3	1790218712927	444	
3224	ack	r3	1790218712932	110	
3225	ack	r3	1790218712937	93	
3226	ack	r3	1790218712942	410	
3227	ack	r3	1790218712947	94	
3228	ack	r3	1790218712952	408	
3229	ack	r3	1790218712957	111	
3230	ack	r3	1790218712962	413	
3231	ack	r3	1790218712967	421	
3232	ack	r3	1790218712972	88	
3233	ack	r3	1790218712977	443	
3234	ack	r3	1790218712982	593	
3235	ack	r3	1790218712987	431	
3236	ack	r3	1790218712992	104	
3237	ack	r3	1790218712997	411	
3238	ack	r3	1790218713002	168	
3239	ack	r3	1790218713007	410	
3240	ack	r3	1790218713012	421	
3241	ack	r3	1790218713017	418	
3242	ack	r3	1790218713022	415	
3243	ack	r3	1790218713029	1033	
3244	ack	r3	1790218713032	147	
3245	ack	r3	1790218713037	124	
3246	ack	r3	1790218713042	81	
3247	ack	r3	1790218713047	95	
3248	ack	r3	1790218713052	120	
3249	ack	r3	1790218713057	180	
3250	ack	r3	1790218713062	426	
3251	ack	r3	1790218713067	198	
3252	ack	r3	1790218713072	103	
3253	ack	r3	1790218713077	110	
3254	ack	r3	1790218713082	406	
3255	ack	r3	1790218713087	120	
3256	ack	r3	1790218713092	364	
3257	ack	r3	1790218713097	113	
3258	ack	r3	1790218713102	114	
3259	ack	r3	1790218713107	406	
3260	ack	r3	1790218713112	409	
3261	ack	r3	1790218713117	154	
3262	ack	r3	1790218713122	106	
3263	ack	r3	1790218713127	139	
3264	ack	r3	1790218713132	405	
3265	ack	r3	1790218713137	110	
3266	ack	r3	1790218713142	99	
3267	ack	r3	1790218713147	95	
3268	ack	r3	1790218713152	412	
3269	ack	r3	1790218713157	105	
3270	ack	r3	1790218713162	413	
3271	ack	r3	1790218713167	156	
3272	ack	r3	1790218713172	407	
3273	ack	r3	1790218713177	146	
3274	ack	r3	1790218713182	106	
3275	ack	r3	1790218713187	84	
3276	ack	r3	1790218713192	130	
3277	ack	r3	1790218713197	409	
3278	ack	r3	1790218713202	102	
3279	ack	r3	1790218713207	93	
3280	ack	r3	1790218713212	411	
3281	ack	r3	1790218713217	120	
3282	ack	r3	1790218713222	410	
3283	ack	r3	1790218713227	113	
3284	ack	r3	1790218713232	414	
3285	ack	r3	1790218713237	414	
3286	ack	r3	1790218713242	414	
3287	ack	r3	1790218713247	408	
3288	ack	r3	1790218713252	405	
3289	ack	r3	1790218713257	409	
3290	ack	r3	1790218713262	411	
3291	ack	r3	1790218713267	405	
3292	ack	r3	1790218713272	69	
3293	ack	r3	1790218713277	408	
3294	ack	r3	1790218713282	123	
3295	ack	r3	1790218713287	118	
3296	ack	r3	1790218713292	410	
3297	ack	r3	1790218713297	257	
3298	ack	r3	1790218713302	414	
3299	ack	r3	1790218713307	90	
3300	ack	r3	1790218713312	409	
3301	ack	r3	1790218713317	111	
3302	ack	r3	1790218713322	102	
3303	ack	r3	1790218713327	98	
3304	ack	r3	1790218713332	207	
3305	ack	r3	1790218713337	225	
3306	ack	r3	1790218713342	437	
3307	ack	r3	1790218713347	218	
3308	ack	r3	1790218713352	113	
3309	ack	r3	1790218713357	68	
3310	ack	r3	1790218713362	66	
3311	ack	r3	1790218713367	109	
3312	ack	r3	1790218713372	69	
3313	ack	r3	1790218713377	399	
3314	ack	r3	1790218713382	152	
3315	ack	r3	1790218713387	64	
3316	ack	r3	1790218713392	403	
3317	ack	r3	1790218713397	398	
3318	ack	r3	1790218713402	414	
3319	ack	r3	1790218713407	70	
3320	ack	r3	1790218713412	85	
3321	ack	r3	1790218713417	404	
3322	ack	r3	1790218713422	60	
3323	ack	r3	1790218713427	56	
3324	ack	r3	1790218713432	401	
3325	ack	r3	1790218713437	140	
3326	ack	r3	1790218713442	88	
3327	ack	r3	1790218713447	64	
3328	ack	r3	1790218713452	129	
3329	ack	r3	1790218713457	71	
3330	ack	r3	1790218713462	121	
3331	ack	r3	1790218713467	417	
3332	ack	r3	1790218713472	403	
3333	ack	r3	1790218713477	403	
3334	ack	r3	1790218713482	110	
3335	ack	r3	1790218713487	102	
3336	ack	r3	1790218713492	398	
3337	ack	r3	1790218713497	404	
3338	ack	r3	1790218713502	405	
3339	ack	r3	1790218713507	397	
3340	ack	r3	1790218713512	62	
3341	ack	r3	1790218713517	398	
3342	ack	r3	1790218713522	59	
3343	ack	r3	1790218713527	88	
3344	ack	r3	1790218713532	59	
3345	ack	r3	1790218713537	402	
3346	ack	r3	1790218713542	402	
3347	ack	r3	1790218713547	399	
3348	ack	r3	1790218713552	158	
3349	ack	r3	1790218713557	59	
3350	ack	r3	1790218713562	70	
3351	ack	r3	1790218713567	404	
3352	ack	r3	1790218713572	397	
3353	ack	r3	1790218713577	406	
3354	ack	r3	1790218713582	635	
3355	ack	r3	1790218713587	423	
3356	ack	r3	1790218713592	411	
3357	ack	r3	1790218713597	120	
3358	ack	r3	1790218713602	453	
3359	ack	r3	1790218713607	140	
3360	ack	r3	1790218713612	409	
3361	ack	r3	1790218713617	129	
3362	ack	r3	1790218713622	94	
3363	ack	r3	1790218713627	130	
3364	ack	r3	1790218713632	237	
3365	ack	r3	1790218713637	400	
3366	ack	r3	1790218713642	247	
3367	ack	r3	1790218713647	87	
3368	ack	r3	1790218713652	114	
3369	ack	r3	1790218713657	159	
3370	ack	r3	1790218713662	102	
3371	ack	r3	1790218713667	147	
3372	ack	r3	1790218713672	109	
3373	ack	r3	1790218713677	405	
3374	ack	r3	1790218713682	72	
3375	ack	r3	1790218713687	401	
3376	ack	r3	1790218713692	88	
3377	ack	r3	1790218713697	85	
3378	ack	r3	1790218713702	416	
3379	ack	r3	1790218713707	109	
3380	ack	r3	1790218713712	107	
3381	ack	r3	1790218713717	405	
3382	ack	r3	1790218713722	76	
3383	ack	r3	1790218713727	395	
3384	ack	r3	1790218713732	119	
3385	ack	r3	1790218713737	104	
3386	ack	r3	1790218713742	72	
3387	ack	r3	1790218713747	171	
3388	ack	r3	1790218713752	416	
3389	ack	r3	1790218713757	67	
3390	ack	r3	1790218713762	292	
3391	ack	r3	1790218713767	412	
3392	ack	r3	1790218713772	399	
3393	ack	r3	1790218713777	67	
3394	ack	r3	1790218713782	89	
3395	ack	r3	1790218713787	74	
3396	ack	r3	1790218713792	399	
3397	ack	r3	1790218713797	70	
3398	ack	r3	1790218713802	407	
3399	ack	r3	1790218713807	399	
3400	ack	r3	1790218713812	404	
3401	ack	r3	1790218713817	408	
3402	ack	r3	1790218713822	62	
3403	ack	r3	1790218713827	56	
3404	ack	r3	1790218713832	98	
3405	ack	r3	1790218713837	256	
3406	ack	r3	1790218713842	92	
3407	ack	r3	1790218713847	89	
3408	ack	r3	1790218713852	413	
3409	ack	r3	1790218713857	87	
3410	ack	r3	1790218713862	400	
3411	ack	r3	1790218713867	406	
3412	ack	r3	1790218713872	397	
3413	ack	r3	1790218713877	396	
3414	ack	r3	1790218713882	401	
3415	ack	r3	1790218713887	401	
3416	ack	r3	1790218713892	397	
3417	ack	r3	1790218713897	82	
3418	ack	r3	1790218713902	94	
3419	ack	r3	1790218713907	404	
3420	ack	r3	1790218713912	397	
3421	ack	r3	1790218713917	69	
3422	ack	r3	1790218713922	400	
3423	ack	r3	1790218713927	399	
3424	ack	r3	1790218713932	181	
3425	ack	r3	1790218713937	75	
3426	ack	r3	1790218713942	76	
3427	ack	r3	1790218713947	84	
3428	ack	r3	1790218713952	58	
3429	ack	r3	1790218713957	62	
3430	ack	r3	1790218713962	397	
3431	ack	r3	1790218713967	399	
3432	ack	r3	1790218713972	80	
3433	ack	r3	1790218713977	82	
3434	ack	r3	1790218713982	514	
3435	ack	r3	1790218713987	400	
3436	ack	r3	1790218713992	402	
3437	ack	r3	1790218713997	76	
3438	ack	r3	1790218714002	401	
3439	ack	r3	1790218714007	402	
3440	ack	r3	1790218714012	83	
3441	ack	r3	1790218714017	397	
3442	ack	r3	1790218714022	397	
3443	ack	r3	1790218714027	58	
3444	ack	r3	1790218714032	64	
3445	ack	r3	1790218714037	398	
3446	ack	r3	1790218714042	86	
3447	ack	r3	1790218714047	434	
3448	ack	r3	1790218714052	87	
3449	ack	r3	1790218714057	411	
3450	ack	r3	1790218714062	411	
3451	ack	r3	1790218714067	397	
3452	ack	r3	1790218714072	89	
3453	ack	r3	1790218714077	411	
3454	ack	r3	1790218714082	84	
3455	ack	r3	1790218714087	414	
3456	ack	r3	1790218714092	77	
3457	ack	r3	1790218714097	404	
3458	ack	r3	1790218714102	97	
3459	ack	r3	1790218714107	442	
3460	ack	r3	1790218714112	105	
3461	ack	r3	1790218714117	326	
3462	ack	r3	1790218714122	406	
3463	ack	r3	1790218714127	77	
3464	ack	r3	1790218714132	125	
3465	ack	r3	1790218714137	134	
3466	ack	r3	1790218714142	153	
3467	ack	r3	1790218714147	402	
3468	ack	r3	1790218714152	152	
3469	ack	r3	1790218714157	113	
3470	ack	r3	1790218714162	418	
3471	ack	r3	1790218714167	188	
3472	ack	r3	1790218714172	129	
3473	ack	r3	1790218714177	407	
3474	ack	r3	1790218714182	141	
3475	ack	r3	1790218714187	101	
3476	ack	r3	1790218714192	162	
3477	ack	r3	1790218714197	423	
3478	ack	r3	1790218714202	428	
3479	ack	r3	1790218714207	136	
3480	ack	r3	1790218714212	119	
3481	ack	r3	1790218714217	189	
3482	ack	r3	1790218714222	141	
3483	ack	r3	1790218714227	69	
3484	ack	r3	1790218714232	423	
3485	ack	r3	1790218714237	96	
3486	ack	r3	1790218714242	388	
3487	ack	r3	1790218714247	146	
3488	ack	r3	1790218714252	159	
3489	ack	r3	1790218714257	73	
3490	ack	r3	1790218714262	402	
3491	ack	r3	1790218714267	96	
3492	ack	r3	1790218714272	414	
3493	ack	r3	1790218714277	399	
3494	ack	r3	1790218714282	415	
3495	ack	r3	1790218714287	398	
3496	ack	r3	1790218714292	413	
3497	ack	r3	1790218714297	76	
3498	ack	r3	1790218714302	260	
3499	ack	r3	1790218714307	405	
3500	ack	r3	1790218714312	80	
3501	ack	r3	1790218714317	138	
3502	ack	r3	1790218714322	407	
3503	ack	r3	1790218714327	93	
3504	ack	r3	1790218714332	103	
3505	ack	r3	1790218714337	72	
3506	ack	r3	1790218714342	61	
3507	ack	r3	1790218714347	70	
3508	ack	r3	1790218714352	229	
3509	ack	r3	1790218714357	413	
3510	ack	r3	1790218714362	199	
3511	ack	r3	1790218714367	416	
3512	ack	r3	1790218714372	407	
3513	ack	r3	1790218714377	83	
3514	ack	r3	1790218714382	425	
3515	ack	r3	1790218714387	401	
3516	ack	r3	1790218714392	407	
3517	ack	r3	1790218714397	68	
3518	ack	r3	1790218714402	98	
3519	ack	r3	1790218714407	399	
3520	ack	r3	1790218714412	404	
3521	ack	r3	1790218714417	99	
3522	ack	r3	1790218714422	402	
3523	ack	r3	1790218714427	78	
3524	ack	r3	1790218714432	87	
3525	ack	r3	1790218714437	66	
3526	ack	r3	1790218714442	63	
3527	ack	r3	1790218714447	401	
3528	ack	r3	1790218714452	167	
3529	ack	r3	1790218714457	434	
3530	ack	r3	1790218714462	176	
3531	ack	r3	1790218714467	92	
3532	ack	r3	1790218714472	414	
3533	ack	r3	1790218714477	398	
3534	ack	r3	1790218714482	401	
3535	ack	r3	1790218714487	72	
3536	ack	r3	1790218714492	401	
3537	ack	r3	1790218714497	91	
3538	ack	r3	1790218714502	85	
3539	ack	r3	1790218714507	401	
3540	ack	r3	1790218714512	398	
3541	ack	r3	1790218714517	396	
3542	ack	r3	1790218714522	173	
3543	ack	r3	1790218714527	89	
3544	ack	r3	1790218714532	66	
3545	ack	r3	1790218714537	136	
3546	ack	r3	1790218714542	79	
3547	ack	r3	1790218714547	97	
3548	ack	r3	1790218714552	134	
3549	ack	r3	1790218714557	413	
3550	ack	r3	1790218714562	126	
3551	ack	r3	1790218714567	86	
3552	ack	r3	1790218714572	410	
3553	ack	r3	1790218714577	403	
3554	ack	r3	1790218714582	424	
3555	ack	r3	1790218714587	72	
3556	ack	r3	1790218714592	399	
3557	ack	r3	1790218714597	65	
3558	ack	r3	1790218714602	64	
3559	ack	r3	1790218714607	401	
3560	ack	r3	1790218714612	72	
3561	ack	r3	1790218714617	74	
3562	ack	r3	1790218714622	401	
3563	ack	r3	1790218714627	90	
3564	ack	r3	1790218714632	71	
3565	ack	r3	1790218714637	67	
3566	ack	r3	1790218714642	150	
3567	ack	r3	1790218714647	425	
3568	ack	r3	1790218714652	73	
3569	ack	r3	1790218714657	407	
3570	ack	r3	1790218714662	403	
3571	ack	r3	1790218714667	410	
3572	ack	r3	1790218714672	67	
3573	ack	r3	1790218714677	99	
3574	ack	r3	1790218714682	412	
3575	ack	r3	1790218714687	411	
3576	ack	r3	1790218714692	76	
3577	ack	r3	1790218714697	64	
3578	ack	r3	1790218714702	64	
3579	ack	r3	1790218714707	400	
3580	ack	r3	1790218714712	399	
3581	ack	r3	1790218714717	126	
3582	ack	r3	1790218714722	86	
3583	ack	r3	1790218714727	407	
3584	ack	r3	1790218714732	407	
3585	ack	r3	1790218714737	396	
3586	ack	r3	1790218714742	84	
3587	ack	r3	1790218714747	95	
3588	ack	r3	1790218714752	404	
3589	ack	r3	1790218714757	406	
3590	ack	r3	1790218714762	405	
3591	ack	r3	1790218714767	133	
3592	ack	r3	1790218714772	441	
3593	ack	r3	1790218714777	103	
3594	ack	r3	1790218714782	151	
3595	ack	r3	1790218714787	132	
3596	ack	r3	1790218714792	108	
3597	ack	r3	1790218714797	416	
3598	ack	r3	1790218714802	401	
3599	ack	r3	1790218714807	161	
3600	ack	r3	1790218714812	131	
3601	ack	r3	1790218714817	415	
3602	ack	r3	1790218714822	307	
3603	ack	r3	1790218714828	106	
3604	ack	r3	1790218714832	149	
3605	ack	r3	1790218714837	173	
3606	ack	r3	1790218714842	269	
3607	ack	r3	1790218714847	79	
3608	ack	r3	1790218714852	101	
3609	ack	r3	1790218714857	94	
3610	ack	r3	1790218714862	112	
3611	ack	r3	1790218714867	413	
3612	ack	r3	1790218714872	417	
3613	ack	r3	1790218714877	401	
3614	ack	r3	1790218714882	409	
3615	ack	r3	1790218714887	149	
3616	ack	r3	1790218714892	412	
3617	ack	r3	1790218714897	414	
3618	ack	r3	1790218714902	408	
3619	ack	r3	1790218714907	99	
3620	ack	r3	1790218714912	411	
3621	ack	r3	1790218714917	159	
3622	ack	r3	1790218714922	110	
3623	ack	r3	1790218714927	130	
3624	ack	r3	1790218714932	108	
3625	ack	r3	1790218714937	401	
3626	ack	r3	1790218714942	411	
3627	ack	r3	1790218714947	124	
3628	ack	r3	1790218714952	410	
3629	ack	r3	1790218714957	403	
3630	ack	r3	1790218714962	122	
3631	ack	r3	1790218714967	127	
3632	ack	r3	1790218714972	398	
3633	ack	r3	1790218714977	408	
3634	ack	r3	1790218714982	559	
3635	ack	r3	1790218714987	84	
3636	ack	r3	1790218714992	173	
3637	ack	r3	1790218714997	125	
3638	ack	r3	1790218715002	95	
3639	ack	r3	1790218715007	152	
3640	ack	r3	1790218715012	117	
3641	ack	r3	1790218715017	166	
3642	ack	r3	1790218715022	392	
3643	ack	r3	1790218715027	40	
3644	ack	r3	1790218715032	79	
3645	ack	r3	1790218715037	135	
3646	ack	r3	1790218715042	425	
3647	ack	r3	1790218715047	90	
3648	ack	r3	1790218715052	151	
3649	ack	r3	1790218715057	456	
3650	ack	r3	1790218715062	100	
3651	ack	r3	1790218715067	403	
3652	ack	r3	1790218715072	424	
3653	ack	r3	1790218715077	409	
3654	ack	r3	1790218715082	108	
3655	ack	r3	1790218715087	221	
3656	ack	r3	1790218715092	121	
3657	ack	r3	1790218715097	136	
3658	ack	r3	1790218715102	423	
3659	ack	r3	1790218715107	417	
3660	ack	r3	1790218715112	414	
3661	ack	r3	1790218715117	427	
3662	ack	r3	1790218715122	139	
3663	ack	r3	1790218715127	204	
3664	ack	r3	1790218715132	168	
3665	ack	r3	1790218715137	407	
3666	ack	r3	1790218715142	405	
3667	ack	r3	1790218715147	190	
3668	ack	r3	1790218715152	410	
3669	ack	r3	1790218715157	411	
3670	ack	r3	1790218715162	411	
3671	ack	r3	1790218715167	160	
3672	ack	r3	1790218715172	413	
3673	ack	r3	1790218715177	444	
3674	ack	r3	1790218715182	426	
3675	ack	r3	1790218715187	262	
3676	ack	r3	1790218715192	409	
3677	ack	r3	1790218715197	96	
3678	ack	r3	1790218715202	407	
3679	ack	r3	1790218715207	450	
3680	ack	r3	1790218715212	108	
3681	ack	r3	1790218715217	114	
3682	ack	r3	1790218715222	410	
3683	ack	r3	1790218715229	1161	
3684	ack	r3	1790218715232	164	
3685	ack	r3	1790218715237	413	
3686	ack	r3	1790218715242	157	
3687	ack	r3	1790218715247	83	
3688	ack	r3	1790218715252	408	
3689	ack	r3	1790218715257	406	
3690	ack	r3	1790218715262	131	
3691	ack	r3	1790218715267	416	
3692	ack	r3	1790218715272	74	
3693	ack	r3	1790218715277	410	
3694	ack	r3	1790218715282	87	
3695	ack	r3	1790218715287	410	
3696	ack	r3	1790218715292	144	
3697	ack	r3	1790218715297	111	
3698	ack	r3	1790218715302	413	
3699	ack	r3	1790218715307	85	
3700	ack	r3	1790218715312	185	
3701	ack	r3	1790218715317	163	
3702	ack	r3	1790218715322	419	
3703	ack	r3	1790218715327	419	
3704	ack	r3	1790218715332	138	
3705	ack	r3	1790218715337	410	
3706	ack	r3	1790218715342	80	
3707	ack	r3	1790218715347	145	
3708	ack	r3	1790218715352	414	
3709	ack	r3	1790218715357	137	
3710	ack	r3	1790218715362	136	
3711	ack	r3	1790218715367	230	
3712	ack	r3	1790218715372	434	
3713	ack	r3	1790218715377	235	
3714	ack	r3	1790218715382	137	
3715	ack	r3	1790218715387	115	
3716	ack	r3	1790218715392	420	
3717	ack	r3	1790218715397	119	
3718	ack	r3	1790218715402	107	
3719	ack	r3	1790218715407	220	
3720	ack	r3	1790218715412	80	
3721	ack	r3	1790218715417	269	
3722	ack	r3	1790218715422	508	
3723	ack	r3	1790218715427	204	
3724	ack	r3	1790218715432	420	
3725	ack	r3	1790218715437	107	
3726	ack	r3	1790218715442	408	
3727	ack	r3	1790218715447	399	
3728	ack	r3	1790218715452	421	
3729	ack	r3	1790218715457	404	
3730	ack	r3	1790218715462	67	
3731	ack	r3	1790218715467	411	
3732	ack	r3	1790218715472	140	
3733	ack	r3	1790218715477	103	
3734	ack	r3	1790218715482	110	
3735	ack	r3	1790218715487	399	
3736	ack	r3	1790218715492	402	
3737	ack	r3	1790218715497	402	
3738	ack	r3	1790218715502	403	
3739	ack	r3	1790218715507	403	
3740	ack	r3	1790218715512	65	
3741	ack	r3	1790218715517	417	
3742	ack	r3	1790218715522	402	
3743	ack	r3	1790218715527	82	
3744	ack	r3	1790218715532	156	
3745	ack	r3	1790218715537	110	
3746	ack	r3	1790218715542	407	
3747	ack	r3	1790218715547	155	
3748	ack	r3	1790218715552	412	
3749	ack	r3	1790218715557	85	
3750	ack	r3	1790218715562	399	
3751	ack	r3	1790218715567	95	
3752	ack	r3	1790218715572	96	
3753	ack	r3	1790218715577	84	
3754	ack	r3	1790218715582	136	
3755	ack	r3	1790218715587	397	
3756	ack	r3	1790218715592	96	
3757	ack	r3	1790218715597	129	
3758	ack	r3	1790218715602	124	
3759	ack	r3	1790218715607	406	
3760	ack	r3	1790218715612	120	
3761	ack	r3	1790218715617	412	
3762	ack	r3	1790218715622	111	
3763	ack	r3	1790218715627	61	
3764	ack	r3	1790218715632	93	
3765	ack	r3	1790218715637	402	
3766	ack	r3	1790218715642	61	
3767	ack	r3	1790218715647	398	
3768	ack	r3	1790218715652	127	
3769	ack	r3	1790218715657	398	
3770	ack	r3	1790218715662	398	
3771	ack	r3	1790218715667	400	
3772	ack	r3	1790218715672	397	
3773	ack	r3	1790218715677	398	
3774	ack	r3	1790218715682	415	
3775	ack	r3	1790218715687	109	
3776	ack	r3	1790218715692	405	
3777	ack	r3	1790218715697	89	
3778	ack	r3	1790218715702	416	
3779	ack	r3	1790218715707	97	
3780	ack	r3	1790218715712	403	
3781	ack	r3	1790218715717	406	
3782	ack	r3	1790218715722	396	
3783	ack	r3	1790218715727	400	
3784	ack	r3	1790218715732	405	
3785	ack	r3	1790218715737	404	
3786	ack	r3	1790218715742	90	
3787	ack	r3	1790218715747	89	
3788	ack	r3	1790218715752	401	
3789	ack	r3	1790218715757	102	
3790	ack	r3	1790218715762	398	
3791	ack	r3	1790218715767	421	
3792	ack	r3	1790218715772	72	
3793	ack	r3	1790218715777	88	
3794	ack	r3	1790218715782	88	
3795	ack	r3	1790218715787	399	
3796	ack	r3	1790218715792	84	
3797	ack	r3	1790218715797	399	
3798	ack	r3	1790218715802	398	
3799	ack	r3	1790218715807	91	
3800	ack	r3	1790218715812	61	
3801	ack	r3	1790218715817	87	
3802	ack	r3	1790218715822	246	
3803	ack	r3	1790218715829	1226	
3804	ack	r3	1790218715832	87	
3805	ack	r3	1790218715837	176	
3806	ack	r3	1790218715842	82	
3807	ack	r3	1790218715847	88	
3808	ack	r3	1790218715852	64	
3809	ack	r3	1790218715857	82	
3810	ack	r3	1790218715862	67	
3811	ack	r3	1790218715867	399	
3812	ack	r3	1790218715872	401	
3813	ack	r3	1790218715877	58	
3814	ack	r3	1790218715882	95	
3815	ack	r3	1790218715887	401	
3816	ack	r3	1790218715892	402	
3817	ack	r3	1790218715897	83	
3818	ack	r3	1790218715902	400	
3819	ack	r3	1790218715907	402	
3820	ack	r3	1790218715912	427	
3821	ack	r3	1790218715917	105	
3822	ack	r3	1790218715922	75	
3823	ack	r3	1790218715927	137	
3824	ack	r3	1790218715932	428	
3825	ack	r3	1790218715937	397	
3826	ack	r3	1790218715942	446	
3827	ack	r3	1790218715947	52	
3828	ack	r3	1790218715952	372	
3829	ack	r3	1790218715957	110	
3830	ack	r3	1790218715962	150	
3831	ack	r3	1790218715967	148	
3832	ack	r3	1790218715972	424	
3833	ack	r3	1790218715977	133	
3834	ack	r3	1790218715982	131	
3835	ack	r3	1790218715987	150	
3836	ack	r3	1790218715992	210	
3837	ack	r3	1790218715997	157	
3838	ack	r3	1790218716002	262	
3839	ack	r3	1790218716007	108	
3840	ack	r3	1790218716012	424	
3841	ack	r3	1790218716017	274	
3842	ack	r3	1790218716022	121	
3843	ack	r3	1790218716030	2095	
3844	ack	r3	1790218716032	111	
3845	ack	r3	1790218716037	423	
3846	ack	r3	1790218716042	93	
3847	ack	r3	1790218716047	397	
3848	ack	r3	1790218716052	411	
3849	ack	r3	1790218716057	123	
3850	ack	r3	1790218716062	407	
3851	ack	r3	1790218716067	117	
3852	ack	r3	1790218716072	409	
3853	ack	r3	1790218716077	121	
3854	ack	r3	1790218716082	412	
3855	ack	r3	1790218716087	411	
3856	ack	r3	1790218716092	84	
3857	ack	r3	1790218716097	416	
3858	ack	r3	1790218716102	113	
3859	ack	r3	1790218716107	114	
3860	ack	r3	1790218716112	406	
3861	ack	r3	1790218716117	400	
3862	ack	r3	1790218716122	407	
3863	ack	r3	1790218716127	76	
3864	ack	r3	1790218716132	99	
3865	ack	r3	1790218716137	410	
3866	ack	r3	1790218716142	126	
3867	ack	r3	1790218716147	106	
3868	ack	r3	1790218716152	410	
3869	ack	r3	1790218716157	148	
3870	ack	r3	1790218716162	406	
3871	ack	r3	1790218716167	404	
3872	ack	r3	1790218716172	114	
3873	ack	r3	1790218716177	93	
3874	ack	r3	1790218716182	580	
3875	ack	r3	1790218716188	1285	
3876	ack	r3	1790218716192	407	
3877	ack	r3	1790218716197	115	
3878	ack	r3	1790218716202	110	
3879	ack	r3	1790218716207	110	
3880	ack	r3	1790218716212	95	
3881	ack	r3	1790218716217	103	
3882	ack	r3	1790218716222	410	
3883	ack	r3	1790218716227	78	
3884	ack	r3	1790218716232	129	
3885	ack	r3	1790218716237	412	
3886	ack	r3	1790218716242	405	
3887	ack	r3	1790218716247	89	
3888	ack	r3	1790218716252	412	
3889	ack	r3	1790218716257	115	
3890	ack	r3	1790218716262	93	
3891	ack	r3	1790218716267	405	
3892	ack	r3	1790218716272	412	
3893	ack	r3	1790218716277	403	
3894	ack	r3	1790218716282	92	
3895	ack	r3	1790218716287	410	
3896	ack	r3	1790218716292	411	
3897	ack	r3	1790218716297	412	
3898	ack	r3	1790218716302	139	
3899	ack	r3	1790218716307	422	
3900	ack	r3	1790218716312	401	
3901	ack	r3	1790218716317	454	
3902	ack	r3	1790218716322	402	
3903	ack	r3	1790218716327	117	
3904	ack	r3	1790218716332	165	
3905	ack	r3	1790218716337	175	
3906	ack	r3	1790218716342	405	
3907	ack	r3	1790218716347	426	
3908	ack	r3	1790218716352	129	
3909	ack	r3	1790218716357	406	
3910	ack	r3	1790218716362	107	
3911	ack	r3	1790218716367	405	
3912	ack	r3	1790218716372	411	
3913	ack	r3	1790218716377	412	
3914	ack	r3	1790218716382	200	
3915	ack	r3	1790218716387	414	
3916	ack	r3	1790218716392	242	
3917	ack	r3	1790218716397	413	
3918	ack	r3	1790218716402	163	
3919	ack	r3	1790218716407	408	
3920	ack	r3	1790218716412	414	
3921	ack	r3	1790218716417	432	
3922	ack	r3	1790218716422	401	
3923	ack	r3	1790218716429	1321	
3924	ack	r3	1790218716432	91	
3925	ack	r3	1790218716437	412	
3926	ack	r3	1790218716442	404	
3927	ack	r3	1790218716447	414	
3928	ack	r3	1790218716452	412	
3929	ack	r3	1790218716457	135	
3930	ack	r3	1790218716462	409	
3931	ack	r3	1790218716467	410	
3932	ack	r3	1790218716472	110	
3933	ack	r3	1790218716477	424	
3934	ack	r3	1790218716482	209	
3935	ack	r3	1790218716487	754	
3936	ack	r3	1790218716492	104	
3937	ack	r3	1790218716497	418	
3938	ack	r3	1790218716502	137	
3939	ack	r3	1790218716507	130	
3940	ack	r3	1790218716512	412	
3941	ack	r3	1790218716517	421	
3942	ack	r3	1790218716522	420	
3943	ack	r3	1790218716527	472	
3944	ack	r3	1790218716532	420	
3945	ack	r3	1790218716537	418	
3946	ack	r3	1790218716542	200	
3947	ack	r3	1790218716547	85	
3948	ack	r3	1790218716552	420	
3949	ack	r3	1790218716557	402	
3950	ack	r3	1790218716562	441	
3951	ack	r3	1790218716567	426	
3952	ack	r3	1790218716572	405	
3953	ack	r3	1790218716577	419	
3954	ack	r3	1790218716582	141	
3955	ack	r3	1790218716587	143	
3956	ack	r3	1790218716592	420	
3957	ack	r3	1790218716597	410	
3958	ack	r3	1790218716602	199	
3959	ack	r3	1790218716607	701	
3960	ack	r3	1790218716612	421	
3961	ack	r3	1790218716617	154	
3962	ack	r3	1790218716622	413	
3963	ack	r3	1790218716631	941	
3964	ack	r3	1790218716632	109	
3965	ack	r3	1790218716637	404	
3966	ack	r3	1790218716642	66	
3967	ack	r3	1790218716647	398	
3968	ack	r3	1790218716652	416	
3969	ack	r3	1790218716657	111	
3970	ack	r3	1790218716662	169	
3971	ack	r3	1790218716667	409	
3972	ack	r3	1790218716672	400	
3973	ack	r3	1790218716677	405	
3974	ack	r3	1790218716682	417	
3975	ack	r3	1790218716687	395	
3976	ack	r3	1790218716692	398	
3977	ack	r3	1790218716697	400	
3978	ack	r3	1790218716702	84	
3979	ack	r3	1790218716707	266	
3980	ack	r3	1790218716712	88	
3981	ack	r3	1790218716717	184	
3982	ack	r3	1790218716722	400	
3983	ack	r3	1790218716727	403	
3984	ack	r3	1790218716732	81	
3985	ack	r3	1790218716737	93	
3986	ack	r3	1790218716742	412	
3987	ack	r3	1790218716747	60	
3988	ack	r3	1790218716752	404	
3989	ack	r3	1790218716757	62	
3990	ack	r3	1790218716762	400	
3991	ack	r3	1790218716767	99	
3992	ack	r3	1790218716772	80	
3993	ack	r3	1790218716777	398	
3994	ack	r3	1790218716782	101	
3995	ack	r3	1790218716787	428	
3996	ack	r3	1790218716792	407	
3997	ack	r3	1790218716797	133	
3998	ack	r3	1790218716802	79	
3999	ack	r3	1790218716807	64	
4000	ack	r3	1790218716812	411	
4001	ack	r3	1790218716817	108	
4002	ack	r3	1790218716822	398	
4003	ack	r3	1790218716827	73	
4004	ack	r3	1790218716832	414	
4005	ack	r3	1790218716837	404	
4006	ack	r3	1790218716842	400	
4007	ack	r3	1790218716847	403	
4008	ack	r3	1790218716852	404	
4009	ack	r3	1790218716857	406	
4010	ack	r3	1790218716862	94	
4011	ack	r3	1790218716867	67	
4012	ack	r3	1790218716872	77	
4013	ack	r3	1790218716877	120	
4014	ack	r3	1790218716882	405	
4015	ack	r3	1790218716887	408	
4016	ack	r3	1790218716892	398	
4017	ack	r3	1790218716897	139	
4018	ack	r3	1790218716902	121	
4019	ack	r3	1790218716907	76	
4020	ack	r3	1790218716912	170	
4021	ack	r3	1790218716917	395	
4022	ack	r3	1790218716922	109	
4023	ack	r3	1790218716927	443	
4024	ack	r3	1790218716932	108	
4025	ack	r3	1790218716937	81	
4026	ack	r3	1790218716942	139	
4027	ack	r3	1790218716947	410	
4028	ack	r3	1790218716952	186	
4029	ack	r3	1790218716957	105	
4030	ack	r3	1790218716962	125	
4031	ack	r3	1790218716967	70	
4032	ack	r3	1790218716972	98	
4033	ack	r3	1790218716977	413	
4034	ack	r3	1790218716982	88	
4035	ack	r3	1790218716987	579	
4036	ack	r3	1790218716992	404	
4037	ack	r3	1790218716997	435	
4038	ack	r3	1790218717002	412	
4039	ack	r3	1790218717007	412	
4040	ack	r3	1790218717012	411	
4041	ack	r3	1790218717017	422	
4042	ack	r3	1790218717022	406	
4043	ack	r3	1790218717027	77	
4044	ack	r3	1790218717032	105	
4045	ack	r3	1790218717037	404	
4046	ack	r3	1790218717042	413	
4047	ack	r3	1790218717047	407	
4048	ack	r3	1790218717052	403	
4049	ack	r3	1790218717057	95	
4050	ack	r3	1790218717062	409	
4051	ack	r3	1790218717067	414	
4052	ack	r3	1790218717072	416	
4053	ack	r3	1790218717077	162	
4054	ack	r3	1790218717082	413	
4055	ack	r3	1790218717087	402	
4056	ack	r3	1790218717092	165	
4057	ack	r3	1790218717097	71	
4058	ack	r3	1790218717102	418	
4059	ack	r3	1790218717107	414	
4060	ack	r3	1790218717112	114	
4061	ack	r3	1790218717117	420	
4062	ack	r3	1790218717122	439	
4063	ack	r3	1790218717127	416	
4064	ack	r3	1790218717132	145	
4065	ack	r3	1790218717137	414	
4066	ack	r3	1790218717142	411	
4067	ack	r3	1790218717147	126	
4068	ack	r3	1790218717152	113	
4069	ack	r3	1790218717157	137	
4070	ack	r3	1790218717162	420	
4071	ack	r3	1790218717167	413	
4072	ack	r3	1790218717172	405	
4073	ack	r3	1790218717177	419	
4074	ack	r3	1790218717182	287	
4075	ack	r3	1790218717187	424	
4076	ack	r3	1790218717192	295	
4077	ack	r3	1790218717197	196	
4078	ack	r3	1790218717202	139	
4079	ack	r3	1790218717207	128	
4080	ack	r3	1790218717212	160	
4081	ack	r3	1790218717217	424	
4082	ack	r3	1790218717222	404	
4083	ack	r3	1790218717227	87	
4084	ack	r3	1790218717232	117	
4085	ack	r3	1790218717237	419	
4086	ack	r3	1790218717242	407	
4087	ack	r3	1790218717247	406	
4088	ack	r3	1790218717252	102	
4089	ack	r3	1790218717257	406	
4090	ack	r3	1790218717262	81	
4091	ack	r3	1790218717267	411	
4092	ack	r3	1790218717272	417	
4093	ack	r3	1790218717277	131	
4094	ack	r3	1790218717282	108	
4095	ack	r3	1790218717287	134	
4096	ack	r3	1790218717292	418	
4097	ack	r3	1790218717297	148	
4098	ack	r3	1790218717302	142	
4099	ack	r3	1790218717307	117	
4100	ack	r3	1790218717312	403	
4101	ack	r3	1790218717317	406	
4102	ack	r3	1790218717322	400	
4103	ack	r3	1790218717327	398	
4104	ack	r3	1790218717332	337	
4105	ack	r3	1790218717337	64	
4106	ack	r3	1790218717342	406	
4107	ack	r3	1790218717347	85	
4108	ack	r3	1790218717352	349	
4109	ack	r3	1790218717357	56	
4110	ack	r3	1790218717362	125	
4111	ack	r3	1790218717367	113	
4112	ack	r3	1790218717372	97	
4113	ack	r3	1790218717377	91	
4114	ack	r3	1790218717382	135	
4115	ack	r3	1790218717387	128	
4116	ack	r3	1790218717392	80	
4117	ack	r3	1790218717397	426	
4118	ack	r3	1790218717402	411	
4119	ack	r3	1790218717407	111	
4120	ack	r3	1790218717412	138	
4121	ack	r3	1790218717417	197	
4122	ack	r3	1790218717422	415	
4123	ack	r3	1790218717427	111	
4124	ack	r3	1790218717432	96	
4125	ack	r3	1790218717437	410	
4126	ack	r3	1790218717442	404	
4127	ack	r3	1790218717447	96	
4128	ack	r3	1790218717452	89	
4129	ack	r3	1790218717457	406	
4130	ack	r3	1790218717462	408	
4131	ack	r3	1790218717467	145	
4132	ack	r3	1790218717472	411	
4133	ack	r3	1790218717477	404	
4134	ack	r3	1790218717482	431	
4135	ack	r3	1790218717487	409	
4136	ack	r3	1790218717492	197	
4137	ack	r3	1790218717497	156	
4138	ack	r3	1790218717502	95	
4139	ack	r3	1790218717507	97	
4140	ack	r3	1790218717512	134	
4141	ack	r3	1790218717517	414	
4142	ack	r3	1790218717522	95	
4143	ack	r3	1790218717527	127	
4144	ack	r3	1790218717532	150	
4145	ack	r3	1790218717537	409	
4146	ack	r3	1790218717542	110	
4147	ack	r3	1790218717547	101	
4148	ack	r3	1790218717552	152	
4149	ack	r3	1790218717557	409	
4150	ack	r3	1790218717562	100	
4151	ack	r3	1790218717567	405	
4152	ack	r3	1790218717572	417	
4153	ack	r3	1790218717577	404	
4154	ack	r3	1790218717582	132	
4155	ack	r3	1790218717587	145	
4156	ack	r3	1790218717592	99	
4157	ack	r3	1790218717597	81	
4158	ack	r3	1790218717602	185	
4159	ack	r3	1790218717607	405	
4160	ack	r3	1790218717612	110	
4161	ack	r3	1790218717617	115	
4162	ack	r3	1790218717622	111	
4163	ack	r3	1790218717627	72	
4164	ack	r3	1790218717632	133	
4165	ack	r3	1790218717637	100	
4166	ack	r3	1790218717642	413	
4167	ack	r3	1790218717647	434	
4168	ack	r3	1790218717652	414	
4169	ack	r3	1790218717657	413	
4170	ack	r3	1790218717662	123	
4171	ack	r3	1790218717667	100	
4172	ack	r3	1790218717672	409	
4173	ack	r3	1790218717677	410	
4174	ack	r3	1790218717682	142	
4175	ack	r3	1790218717687	98	
4176	ack	r3	1790218717692	137	
4177	ack	r3	1790218717697	412	
4178	ack	r3	1790218717702	196	
4179	ack	r3	1790218717707	99	
4180	ack	r3	1790218717712	406	
4181	ack	r3	1790218717717	177	
4182	ack	r3	1790218717722	417	
4183	ack	r3	1790218717727	424	
4184	ack	r3	1790218717732	434	
4185	ack	r3	1790218717737	160	
4186	ack	r3	1790218717742	410	
4187	ack	r3	1790218717747	123	
4188	ack	r3	1790218717752	410	
4189	ack	r3	1790218717757	98	
4190	ack	r3	1790218717762	413	
4191	ack	r3	1790218717767	165	
4192	ack	r3	1790218717772	415	
4193	ack	r3	1790218717777	252	
4194	ack	r3	1790218717782	155	
4195	ack	r3	1790218717787	290	
4196	ack	r3	1790218717792	175	
4197	ack	r3	1790218717797	431	
4198	ack	r3	1790218717802	149	
4199	ack	r3	1790218717807	99	
4200	ack	r3	1790218717812	435	
4201	ack	r3	1790218717817	150	
4202	ack	r3	1790218717822	80	
4203	ack	r3	1790218717827	78	
4204	ack	r3	1790218717832	102	
4205	ack	r3	1790218717837	80	
4206	ack	r3	1790218717842	177	
4207	ack	r3	1790218717847	110	
4208	ack	r3	1790218717852	410	
4209	ack	r3	1790218717857	410	
4210	ack	r3	1790218717862	105	
4211	ack	r3	1790218717867	127	
4212	ack	r3	1790218717872	65	
4213	ack	r3	1790218717877	159	
4214	ack	r3	1790218717882	408	
4215	ack	r3	1790218717887	412	
4216	ack	r3	1790218717892	72	
4217	ack	r3	1790218717897	406	
4218	ack	r3	1790218717902	140	
4219	ack	r3	1790218717907	122	
4220	ack	r3	1790218717912	416	
4221	ack	r3	1790218717917	426	
4222	ack	r3	1790218717922	77	
4223	ack	r3	1790218717927	405	
4224	ack	r3	1790218717932	127	
4225	ack	r3	1790218717937	85	
4226	ack	r3	1790218717942	412	
4227	ack	r3	1790218717947	88	
4228	ack	r3	1790218717952	98	
4229	ack	r3	1790218717957	434	
4230	ack	r3	1790218717962	431	
4231	ack	r3	1790218717967	152	
4232	ack	r3	1790218717972	80	
4233	ack	r3	1790218717977	404	
4234	ack	r3	1790218717982	412	
4235	ack	r3	1790218717987	415	
4236	ack	r3	1790218717992	403	
4237	ack	r3	1790218717997	426	
4238	ack	r3	1790218718002	402	
4239	ack	r3	1790218718007	120	
4240	ack	r3	1790218718012	421	
4241	ack	r3	1790218718017	418	
4242	ack	r3	1790218718022	92	
4243	ack	r3	1790218718028	64	
4244	ack	r3	1790218718032	115	
4245	ack	r3	1790218718037	99	
4246	ack	r3	1790218718042	404	
4247	ack	r3	1790218718047	401	
4248	ack	r3	1790218718052	94	
4249	ack	r3	1790218718057	399	
4250	ack	r3	1790218718062	66	
4251	ack	r3	1790218718067	99	
4252	ack	r3	1790218718072	87	
4253	ack	r3	1790218718077	404	
4254	ack	r3	1790218718082	207	
4255	ack	r3	1790218718087	104	
4256	ack	r3	1790218718092	94	
4257	ack	r3	1790218718097	411	
4258	ack	r3	1790218718102	148	
4259	ack	r3	1790218718107	413	
4260	ack	r3	1790218718112	102	
4261	ack	r3	1790218718117	149	
4262	ack	r3	1790218718122	410	
4263	ack	r3	1790218718127	131	
4264	ack	r3	1790218718132	412	
4265	ack	r3	1790218718137	139	
4266	ack	r3	1790218718142	82	
4267	ack	r3	1790218718147	119	
4268	ack	r3	1790218718152	114	
4269	ack	r3	1790218718157	82	
4270	ack	r3	1790218718162	94	
4271	ack	r3	1790218718167	98	
4272	ack	r3	1790218718172	73	
4273	ack	r3	1790218718177	106	
4274	ack	r3	1790218718182	106	
4275	ack	r3	1790218718187	121	
4276	ack	r3	1790218718192	409	
4277	ack	r3	1790218718197	171	
4278	ack	r3	1790218718202	174	
4279	ack	r3	1790218718207	225	
4280	ack	r3	1790218718212	337	
4281	ack	r3	1790218718217	231	
4282	ack	r3	1790218718222	406	
4283	ack	r3	1790218718227	49	
4284	ack	r3	1790218718232	130	
4285	ack	r3	1790218718237	405	
4286	ack	r3	1790218718242	421	
4287	ack	r3	1790218718247	81	
4288	ack	r3	1790218718252	105	
4289	ack	r3	1790218718257	405	
4290	ack	r3	1790218718262	97	
4291	ack	r3	1790218718267	406	
4292	ack	r3	1790218718272	411	
4293	ack	r3	1790218718277	135	
4294	ack	r3	1790218718282	121	
4295	ack	r3	1790218718287	409	
4296	ack	r3	1790218718292	64	
4297	ack	r3	1790218718297	408	
4298	ack	r3	1790218718302	377	
4299	ack	r3	1790218718307	217	
4300	ack	r3	1790218718312	115	
4301	ack	r3	1790218718317	430	
4302	ack	r3	1790218718322	401	
4303	ack	r3	1790218718327	407	
4304	ack	r3	1790218718332	411	
4305	ack	r3	1790218718337	150	
4306	ack	r3	1790218718342	437	
4307	ack	r3	1790218718347	115	
4308	ack	r3	1790218718352	253	
4309	ack	r3	1790218718357	137	
4310	ack	r3	1790218718362	147	
4311	ack	r3	1790218718367	413	
4312	ack	r3	1790218718372	719	
4313	ack	r3	1790218718377	125	
4314	ack	r3	1790218718382	417	
4315	ack	r3	1790218718387	408	
4316	ack	r3	1790218718392	400	
4317	ack	r3	1790218718397	423	
4318	ack	r3	1790218718402	94	
4319	ack	r3	1790218718407	138	
4320	ack	r3	1790218718412	205	
4321	ack	r3	1790218718417	185	
4322	ack	r3	1790218718422	155	
4323	ack	r3	1790218718427	77	
4324	ack	r3	1790218718432	91	
4325	ack	r3	1790218718437	413	
4326	ack	r3	1790218718442	407	
4327	ack	r3	1790218718447	99	
4328	ack	r3	1790218718452	103	
4329	ack	r3	1790218718457	407	
4330	ack	r3	1790218718462	72	
4331	ack	r3	1790218718467	402	
4332	ack	r3	1790218718472	100	
4333	ack	r3	1790218718477	97	
4334	ack	r3	1790218718482	131	
4335	ack	r3	1790218718487	415	
4336	ack	r3	1790218718492	397	
4337	ack	r3	1790218718497	399	
4338	ack	r3	1790218718502	64	
4339	ack	r3	1790218718507	86	
4340	ack	r3	1790218718512	65	
4341	ack	r3	1790218718517	241	
4342	ack	r3	1790218718522	159	
4343	ack	r3	1790218718527	330	
4344	ack	r3	1790218718532	414	
4345	ack	r3	1790218718537	412	
4346	ack	r3	1790218718542	101	
4347	ack	r3	1790218718547	92	
4348	ack	r3	1790218718552	116	
4349	ack	r3	1790218718557	104	
4350	ack	r3	1790218718562	402	
4351	ack	r3	1790218718567	105	
4352	ack	r3	1790218718572	400	
4353	ack	r3	1790218718577	87	
4354	ack	r3	1790218718582	84	
4355	ack	r3	1790218718587	61	
4356	ack	r3	1790218718592	405	
4357	ack	r3	1790218718597	153	
4358	ack	r3	1790218718602	93	
4359	ack	r3	1790218718607	78	
4360	ack	r3	1790218718612	403	
4361	ack	r3	1790218718617	100	
4362	ack	r3	1790218718622	412	
4363	ack	r3	1790218718627	26	
4364	ack	r3	1790218718632	408	
4365	ack	r3	1790218718637	410	
4366	ack	r3	1790218718642	63	
4367	ack	r3	1790218718647	400	
4368	ack	r3	1790218718652	414	
4369	ack	r3	1790218718657	401	
4370	ack	r3	1790218718662	405	
4371	ack	r3	1790218718667	77	
4372	ack	r3	1790218718672	64	
4373	ack	r3	1790218718677	99	
4374	ack	r3	1790218718682	88	
4375	ack	r3	1790218718687	63	
4376	ack	r3	1790218718692	402	
4377	ack	r3	1790218718697	401	
4378	ack	r3	1790218718702	400	
4379	ack	r3	1790218718707	397	
4380	ack	r3	1790218718712	58	
4381	ack	r3	1790218718717	62	
4382	ack	r3	1790218718722	396	
4383	ack	r3	1790218718727	400	
4384	ack	r3	1790218718732	94	
4385	ack	r3	1790218718737	402	
4386	ack	r3	1790218718742	402	
4387	ack	r3	1790218718747	403	
4388	ack	r3	1790218718752	400	
4389	ack	r3	1790218718757	63	
4390	ack	r3	1790218718762	398	
4391	ack	r3	1790218718767	58	
4392	ack	r3	1790218718772	119	
4393	ack	r3	1790218718777	85	
4394	ack	r3	1790218718782	72	
4395	ack	r3	1790218718787	403	
4396	ack	r3	1790218718792	397	
4397	ack	r3	1790218718797	65	
4398	ack	r3	1790218718802	60	
4399	ack	r3	1790218718807	400	
4400	ack	r3	1790218718812	399	
4401	ack	r3	1790218718817	104	
4402	ack	r3	1790218718822	398	
4403	ack	r3	1790218718827	67	
4404	ack	r3	1790218718832	396	
4405	ack	r3	1790218718837	398	
4406	ack	r3	1790218718842	400	
4407	ack	r3	1790218718847	83	
4408	ack	r3	1790218718852	76	
4409	ack	r3	1790218718857	54	
4410	ack	r3	1790218718862	58	
4411	ack	r3	1790218718867	87	
4412	ack	r3	1790218718872	105	
4413	ack	r3	1790218718877	432	
4414	ack	r3	1790218718882	151	
4415	ack	r3	1790218718887	414	
4416	ack	r3	1790218718892	404	
4417	ack	r3	1790218718897	147	
4418	ack	r3	1790218718902	106	
4419	ack	r3	1790218718907	113	
4420	ack	r3	1790218718912	110	
4421	ack	r3	1790218718917	406	
4422	ack	r3	1790218718922	418	
4423	ack	r3	1790218718927	411	
4424	ack	r3	1790218718932	382	
4425	ack	r3	1790218718937	114	
4426	ack	r3	1790218718942	207	
4427	ack	r3	1790218718947	282	
4428	ack	r3	1790218718952	412	
4429	ack	r3	1790218718957	73	
4430	ack	r3	1790218718962	158	
4431	ack	r3	1790218718967	91	
4432	ack	r3	1790218718972	111	
4433	ack	r3	1790218718977	411	
4434	ack	r3	1790218718982	422	
4435	ack	r3	1790218718987	117	
4436	ack	r3	1790218718992	420	
4437	ack	r3	1790218718997	96	
4438	ack	r3	1790218719002	115	
4439	ack	r3	1790218719007	94	
4440	ack	r3	1790218719012	411	
4441	ack	r3	1790218719017	99	
4442	ack	r3	1790218719022	94	
4443	ack	r3	1790218719029	1151	
4444	ack	r3	1790218719032	68	
4445	ack	r3	1790218719037	98	
4446	ack	r3	1790218719042	427	
4447	ack	r3	1790218719047	92	
4448	ack	r3	1790218719052	409	
4449	ack	r3	1790218719057	429	
4450	ack	r3	1790218719062	407	
4451	ack	r3	1790218719067	419	
4452	ack	r3	1790218719072	99	
4453	ack	r3	1790218719077	423	
4454	ack	r3	1790218719082	422	
4455	ack	r3	1790218719087	104	
4456	ack	r3	1790218719092	82	
4457	ack	r3	1790218719097	88	
4458	ack	r3	1790218719102	76	
4459	ack	r3	1790218719107	66	
4460	ack	r3	1790218719112	89	
4461	ack	r3	1790218719117	418	
4462	ack	r3	1790218719122	402	
4463	ack	r3	1790218719127	109	
4464	ack	r3	1790218719132	87	
4465	ack	r3	1790218719137	91	
4466	ack	r3	1790218719142	61	
4467	ack	r3	1790218719147	107	
4468	ack	r3	1790218719152	406	
4469	ack	r3	1790218719157	401	
4470	ack	r3	1790218719162	411	
4471	ack	r3	1790218719167	98	
4472	ack	r3	1790218719172	65	
4473	ack	r3	1790218719177	406	
4474	ack	r3	1790218719182	108	
4475	ack	r3	1790218719187	67	
4476	ack	r3	1790218719192	109	
4477	ack	r3	1790218719197	75	
4478	ack	r3	1790218719202	105	
4479	ack	r3	1790218719207	91	
4480	ack	r3	1790218719212	399	
4481	ack	r3	1790218719217	266	
4482	ack	r3	1790218719222	439	
4483	ack	r3	1790218719227	46	
4484	ack	r3	1790218719232	88	
4485	ack	r3	1790218719237	408	
4486	ack	r3	1790218719242	85	
4487	ack	r3	1790218719247	112	
4488	ack	r3	1790218719252	69	
4489	ack	r3	1790218719257	399	
4490	ack	r3	1790218719262	398	
4491	ack	r3	1790218719267	104	
4492	ack	r3	1790218719272	68	
4493	ack	r3	1790218719277	402	
4494	ack	r3	1790218719282	107	
4495	ack	r3	1790218719287	110	
4496	ack	r3	1790218719292	401	
4497	ack	r3	1790218719297	70	
4498	ack	r3	1790218719302	408	
4499	ack	r3	1790218719307	411	
4500	ack	r3	1790218719312	102	
4501	ack	r3	1790218719317	89	
4502	ack	r3	1790218719322	86	
4503	ack	r3	1790218719327	77	
4504	ack	r3	1790218719332	71	
4505	ack	r3	1790218719337	65	
4506	ack	r3	1790218719342	398	
4507	ack	r3	1790218719347	82	
4508	ack	r3	1790218719352	407	
4509	ack	r3	1790218719357	400	
4510	ack	r3	1790218719362	115	
4511	ack	r3	1790218719367	100	
4512	ack	r3	1790218719372	403	
4513	ack	r3	1790218719377	64	
4514	ack	r3	1790218719382	383	
4515	ack	r3	1790218719387	404	
4516	ack	r3	1790218719392	336	
4517	ack	r3	1790218719397	121	
4518	ack	r3	1790218719402	89	
4519	ack	r3	1790218719407	65	
4520	ack	r3	1790218719412	409	
4521	ack	r3	1790218719417	401	
4522	ack	r3	1790218719422	126	
4523	ack	r3	1790218719427	86	
4524	ack	r3	1790218719432	331	
4525	ack	r3	1790218719437	511	
4526	ack	r3	1790218719442	621	
4527	ack	r3	1790218719447	421	
4528	ack	r3	1790218719452	74	
4529	ack	r3	1790218719457	93	
4530	ack	r3	1790218719462	73	
4531	ack	r3	1790218719467	93	
4532	ack	r3	1790218719472	405	
4533	ack	r3	1790218719477	407	
4534	ack	r3	1790218719482	115	
4535	ack	r3	1790218719487	111	
4536	ack	r3	1790218719492	128	
4537	ack	r3	1790218719497	430	
4538	ack	r3	1790218719502	173	
4539	ack	r3	1790218719507	126	
4540	ack	r3	1790218719512	403	
4541	ack	r3	1790218719517	426	
4542	ack	r3	1790218719522	418	
4543	ack	r3	1790218719527	110	
4544	ack	r3	1790218719532	450	
4545	ack	r3	1790218719537	388	
4546	ack	r3	1790218719542	361	
4547	ack	r3	1790218719547	128	
4548	ack	r3	1790218719552	95	
4549	ack	r3	1790218719557	137	
4550	ack	r3	1790218719562	153	
4551	ack	r3	1790218719567	145	
4552	ack	r3	1790218719572	404	
4553	ack	r3	1790218719577	132	
4554	ack	r3	1790218719582	136	
4555	ack	r3	1790218719587	113	
4556	ack	r3	1790218719592	126	
4557	ack	r3	1790218719597	414	
4558	ack	r3	1790218719602	124	
4559	ack	r3	1790218719607	115	
4560	ack	r3	1790218719612	105	
4561	ack	r3	1790218719617	152	
4562	ack	r3	1790218719622	367	
4563	ack	r3	1790218719627	93	
4564	ack	r3	1790218719632	420	
4565	ack	r3	1790218719637	303	
4566	ack	r3	1790218719642	439	
4567	ack	r3	1790218719647	416	
4568	ack	r3	1790218719652	411	
4569	ack	r3	1790218719657	150	
4570	ack	r3	1790218719662	116	
4571	ack	r3	1790218719667	378	
4572	ack	r3	1790218719672	134	
4573	ack	r3	1790218719677	99	
4574	ack	r3	1790218719682	129	
4575	ack	r3	1790218719687	115	
4576	ack	r3	1790218719692	422	
4577	ack	r3	1790218719697	103	
4578	ack	r3	1790218719702	132	
4579	ack	r3	1790218719707	186	
4580	ack	r3	1790218719712	120	
4581	ack	r3	1790218719717	411	
4582	ack	r3	1790218719722	112	
4583	ack	r3	1790218719727	129	
4584	ack	r3	1790218719732	130	
4585	ack	r3	1790218719737	125	
4586	ack	r3	1790218719742	120	
4587	ack	r3	1790218719747	407	
4588	ack	r3	1790218719752	143	
4589	ack	r3	1790218719757	444	
4590	ack	r3	1790218719762	146	
4591	ack	r3	1790218719767	176	
4592	ack	r3	1790218719772	85	
4593	ack	r3	1790218719777	102	
4594	ack	r3	1790218719782	124	
4595	ack	r3	1790218719787	407	
4596	ack	r3	1790218719792	408	
4597	ack	r3	1790218719797	407	
4598	ack	r3	1790218719802	129	
4599	ack	r3	1790218719807	118	
4600	ack	r3	1790218719812	233	
4601	ack	r3	1790218719817	414	
4602	ack	r3	1790218719822	77	
4603	ack	r3	1790218719827	129	
4604	ack	r3	1790218719832	152	
4605	ack	r3	1790218719837	184	
4606	ack	r3	1790218719842	142	
4607	ack	r3	1790218719847	402	
4608	ack	r3	1790218719852	136	
4609	ack	r3	1790218719857	120	
4610	ack	r3	1790218719862	128	
4611	ack	r3	1790218719867	159	
4612	ack	r3	1790218719872	144	
4613	ack	r3	1790218719877	409	
4614	ack	r3	1790218719882	403	
4615	ack	r3	1790218719887	415	
4616	ack	r3	1790218719892	227	
4617	ack	r3	1790218719897	136	
4618	ack	r3	1790218719902	432	
4619	ack	r3	1790218719907	421	
4620	ack	r3	1790218719912	95	
4621	ack	r3	1790218719917	128	
4622	ack	r3	1790218719922	417	
4623	ack	r3	1790218719927	94	
4624	ack	r3	1790218719932	129	
4625	ack	r3	1790218719937	418	
4626	ack	r3	1790218719942	110	
4627	ack	r3	1790218719947	418	
4628	ack	r3	1790218719952	142	
4629	ack	r3	1790218719957	418	
4630	ack	r3	1790218719962	113	
4631	ack	r3	1790218719967	196	
4632	ack	r3	1790218719972	83	
4633	ack	r3	1790218719977	134	
4634	ack	r3	1790218719982	242	
4635	ack	r3	1790218719987	130	
4636	ack	r3	1790218719992	320	
4637	ack	r3	1790218719997	82	
4638	ack	r3	1790218720002	154	
4639	ack	r3	1790218720007	133	
4640	ack	r3	1790218720012	402	
4641	ack	r3	1790218720017	162	
4642	ack	r3	1790218720022	89	
4643	ack	r3	1790218720027	89	
4644	ack	r3	1790218720032	118	
4645	ack	r3	1790218720037	408	
4646	ack	r3	1790218720042	131	
4647	ack	r3	1790218720047	413	
4648	ack	r3	1790218720052	125	
4649	ack	r3	1790218720057	410	
4650	ack	r3	1790218720062	107	
4651	ack	r3	1790218720067	167	
4652	ack	r3	1790218720072	214	
4653	ack	r3	1790218720077	409	
4654	ack	r3	1790218720082	118	
4655	ack	r3	1790218720087	163	
4656	ack	r3	1790218720092	130	
4657	ack	r3	1790218720097	82	
4658	ack	r3	1790218720102	433	
4659	ack	r3	1790218720107	126	
4660	ack	r3	1790218720112	405	
4661	ack	r3	1790218720117	436	
4662	ack	r3	1790218720122	127	
4663	ack	r3	1790218720127	165	
4664	ack	r3	1790218720132	183	
4665	ack	r3	1790218720137	154	
4666	ack	r3	1790218720142	133	
4667	ack	r3	1790218720147	259	
4668	ack	r3	1790218720152	204	
4669	ack	r3	1790218720157	432	
4670	ack	r3	1790218720162	419	
4671	ack	r3	1790218720167	158	
4672	ack	r3	1790218720172	169	
4673	ack	r3	1790218720177	426	
4674	ack	r3	1790218720182	101	
4675	ack	r3	1790218720187	399	
4676	ack	r3	1790218720192	147	
4677	ack	r3	1790218720197	137	
4678	ack	r3	1790218720202	418	
4679	ack	r3	1790218720207	122	
4680	ack	r3	1790218720212	394	
4681	ack	r3	1790218720217	141	
4682	ack	r3	1790218720222	418	
4683	ack	r3	1790218720227	128	
4684	ack	r3	1790218720232	710	
4685	ack	r3	1790218720237	412	
4686	ack	r3	1790218720242	583	
4687	ack	r3	1790218720247	184	
4688	ack	r3	1790218720252	674	
4689	ack	r3	1790218720257	239	
4690	ack	r3	1790218720262	178	
4691	ack	r3	1790218720267	429	
4692	ack	r3	1790218720272	172	
4693	ack	r3	1790218720277	138	
4694	ack	r3	1790218720282	140	
4695	ack	r3	1790218720287	409	
4696	ack	r3	1790218720292	104	
4697	ack	r3	1790218720297	414	
4698	ack	r3	1790218720302	404	
4699	ack	r3	1790218720307	408	
4700	ack	r3	1790218720312	400	
4701	ack	r3	1790218720317	103	
4702	ack	r3	1790218720322	71	
4703	ack	r3	1790218720327	101	
4704	ack	r3	1790218720332	405	
4705	ack	r3	1790218720337	414	
4706	ack	r3	1790218720342	400	
4707	ack	r3	1790218720347	80	
4708	ack	r3	1790218720352	411	
4709	ack	r3	1790218720357	105	
4710	ack	r3	1790218720362	400	
4711	ack	r3	1790218720367	115	
4712	ack	r3	1790218720372	400	
4713	ack	r3	1790218720377	102	
4714	ack	r3	1790218720382	411	
4715	ack	r3	1790218720387	183	
4716	ack	r3	1790218720392	97	
4717	ack	r3	1790218720397	137	
4718	ack	r3	1790218720402	421	
4719	ack	r3	1790218720407	316	
4720	ack	r3	1790218720412	93	
4721	ack	r3	1790218720417	130	
4722	ack	r3	1790218720422	102	
4723	ack	r3	1790218720427	73	
4724	ack	r3	1790218720432	83	
4725	ack	r3	1790218720437	112	
4726	ack	r3	1790218720442	403	
4727	ack	r3	1790218720447	240	
4728	ack	r3	1790218720452	418	
4729	ack	r3	1790218720457	159	
4730	ack	r3	1790218720462	419	
4731	ack	r3	1790218720467	130	
4732	ack	r3	1790218720472	402	
4733	ack	r3	1790218720477	398	
4734	ack	r3	1790218720482	409	
4735	ack	r3	1790218720487	405	
4736	ack	r3	1790218720492	95	
4737	ack	r3	1790218720497	402	
4738	ack	r3	1790218720502	110	
4739	ack	r3	1790218720507	397	
4740	ack	r3	1790218720512	100	
4741	ack	r3	1790218720517	140	
4742	ack	r3	1790218720522	142	
4743	ack	r3	1790218720527	99	
4744	ack	r3	1790218720532	504	
4745	ack	r3	1790218720537	401	
4746	ack	r3	1790218720542	98	
4747	ack	r3	1790218720547	414	
4748	ack	r3	1790218720552	111	
4749	ack	r3	1790218720557	358	
4750	ack	r3	1790218720562	150	
4751	ack	r3	1790218720567	314	
4752	ack	r3	1790218720572	100	
4753	ack	r3	1790218720577	113	
4754	ack	r3	1790218720582	398	
4755	ack	r3	1790218720587	73	
4756	ack	r3	1790218720592	81	
4757	ack	r3	1790218720597	83	
4758	ack	r3	1790218720602	98	
4759	ack	r3	1790218720607	413	
4760	ack	r3	1790218720612	75	
4761	ack	r3	1790218720617	264	
4762	ack	r3	1790218720622	84	
4763	ack	r3	1790218720627	35	
4764	ack	r3	1790218720632	410	
4765	ack	r3	1790218720637	76	
4766	ack	r3	1790218720642	87	
4767	ack	r3	1790218720647	64	
4768	ack	r3	1790218720652	89	
4769	ack	r3	1790218720657	101	
4770	ack	r3	1790218720662	104	
4771	ack	r3	1790218720667	401	
4772	ack	r3	1790218720672	99	
4773	ack	r3	1790218720677	92	
4774	ack	r3	1790218720682	108	
4775	ack	r3	1790218720687	404	
4776	ack	r3	1790218720692	401	
4777	ack	r3	1790218720697	405	
4778	ack	r3	1790218720702	397	
4779	ack	r3	1790218720707	104	
4780	ack	r3	1790218720712	398	
4781	ack	r3	1790218720717	398	
4782	ack	r3	1790218720722	398	
4783	ack	r3	1790218720727	103	
4784	ack	r3	1790218720732	398	
4785	ack	r3	1790218720737	140	
4786	ack	r3	1790218720742	73	
4787	ack	r3	1790218720747	398	
4788	ack	r3	1790218720752	396	
4789	ack	r3	1790218720757	61	
4790	ack	r3	1790218720762	99	
4791	ack	r3	1790218720767	65	
4792	ack	r3	1790218720772	401	
4793	ack	r3	1790218720777	100	
4794	ack	r3	1790218720782	92	
4795	ack	r3	1790218720787	93	
4796	ack	r3	1790218720792	87	
4797	ack	r3	1790218720797	107	
4798	ack	r3	1790218720802	85	
4799	ack	r3	1790218720807	66	
4800	ack	r3	1790218720812	398	
4801	ack	r3	1790218720817	65	
4802	ack	r3	1790218720822	98	
4803	ack	r3	1790218720829	1225	
4804	ack	r3	1790218720832	90	
4805	ack	r3	1790218720837	106	
4806	ack	r3	1790218720842	397	
4807	ack	r3	1790218720847	143	
4808	ack	r3	1790218720852	92	
4809	ack	r3	1790218720857	89	
4810	ack	r3	1790218720862	401	
4811	ack	r3	1790218720867	401	
4812	ack	r3	1790218720872	406	
4813	ack	r3	1790218720877	87	
4814	ack	r3	1790218720882	397	
4815	ack	r3	1790218720887	401	
4816	ack	r3	1790218720892	97	
4817	ack	r3	1790218720897	92	
4818	ack	r3	1790218720902	91	
4819	ack	r3	1790218720907	101	
4820	ack	r3	1790218720912	405	
4821	ack	r3	1790218720917	71	
4822	ack	r3	1790218720922	91	
4823	ack	r3	1790218720927	401	
4824	ack	r3	1790218720932	99	
4825	ack	r3	1790218720937	399	
4826	ack	r3	1790218720942	398	
4827	ack	r3	1790218720947	67	
4828	ack	r3	1790218720952	86	
4829	ack	r3	1790218720957	398	
4830	ack	r3	1790218720962	72	
4831	ack	r3	1790218720967	403	
4832	ack	r3	1790218720972	408	
4833	ack	r3	1790218720977	398	
4834	ack	r3	1790218720982	67	
4835	ack	r3	1790218720987	92	
4836	ack	r3	1790218720992	69	
4837	ack	r3	1790218720997	109	
4838	ack	r3	1790218721002	403	
4839	ack	r3	1790218721007	396	
4840	ack	r3	1790218721012	397	
4841	ack	r3	1790218721017	72	
4842	ack	r3	1790218721022	397	
4843	ack	r3	1790218721027	74	
4844	ack	r3	1790218721032	101	
4845	ack	r3	1790218721037	401	
4846	ack	r3	1790218721042	73	
4847	ack	r3	1790218721047	398	
4848	ack	r3	1790218721052	69	
4849	ack	r3	1790218721057	64	
4850	ack	r3	1790218721062	398	
4851	ack	r3	1790218721067	93	
4852	ack	r3	1790218721072	71	
4853	ack	r3	1790218721077	397	
4854	ack	r3	1790218721082	67	
4855	ack	r3	1790218721087	398	
4856	ack	r3	1790218721092	98	
4857	ack	r3	1790218721097	397	
4858	ack	r3	1790218721102	84	
4859	ack	r3	1790218721107	401	
4860	ack	r3	1790218721112	68	
4861	ack	r3	1790218721117	401	
4862	ack	r3	1790218721122	64	
4863	ack	r3	1790218721127	412	
4864	ack	r3	1790218721132	83	
4865	ack	r3	1790218721137	100	
4866	ack	r3	1790218721142	401	
4867	ack	r3	1790218721147	78	
4868	ack	r3	1790218721152	67	
4869	ack	r3	1790218721157	400	
4870	ack	r3	1790218721162	398	
4871	ack	r3	1790218721167	101	
4872	ack	r3	1790218721172	396	
4873	ack	r3	1790218721177	100	
4874	ack	r3	1790218721182	98	
4875	ack	r3	1790218721187	86	
4876	ack	r3	1790218721192	401	
4877	ack	r3	1790218721197	397	
4878	ack	r3	1790218721202	415	
4879	ack	r3	1790218721207	71	
4880	ack	r3	1790218721212	403	
4881	ack	r3	1790218721217	396	
4882	ack	r3	1790218721222	418	
4883	ack	r3	1790218721227	150	
4884	ack	r3	1790218721232	99	
4885	ack	r3	1790218721237	62	
4886	ack	r3	1790218721242	399	
4887	ack	r3	1790218721247	94	
4888	ack	r3	1790218721252	82	
4889	ack	r3	1790218721257	401	
4890	ack	r3	1790218721262	408	
4891	ack	r3	1790218721267	106	
4892	ack	r3	1790218721272	97	
4893	ack	r3	1790218721277	400	
4894	ack	r3	1790218721282	104	
4895	ack	r3	1790218721287	93	
4896	ack	r3	1790218721292	68	
4897	ack	r3	1790218721297	69	
4898	ack	r3	1790218721302	404	
4899	ack	r3	1790218721307	64	
4900	ack	r3	1790218721312	62	
4901	ack	r3	1790218721317	397	
4902	ack	r3	1790218721322	83	
4903	ack	r3	1790218721327	359	
4904	ack	r3	1790218721332	81	
4905	ack	r3	1790218721337	399	
4906	ack	r3	1790218721342	82	
4907	ack	r3	1790218721347	408	
4908	ack	r3	1790218721352	68	
4909	ack	r3	1790218721357	66	
4910	ack	r3	1790218721362	68	
4911	ack	r3	1790218721367	64	
4912	ack	r3	1790218721372	99	
4913	ack	r3	1790218721377	63	
4914	ack	r3	1790218721382	398	
4915	ack	r3	1790218721387	63	
4916	ack	r3	1790218721392	402	
4917	ack	r3	1790218721397	407	
4918	ack	r3	1790218721402	96	
4919	ack	r3	1790218721407	400	
4920	ack	r3	1790218721412	106	
4921	ack	r3	1790218721417	412	
4922	ack	r3	1790218721422	183	
4923	ack	r3	1790218721427	195	
4924	ack	r3	1790218721432	95	
4925	ack	r3	1790218721437	418	
4926	ack	r3	1790218721442	408	
4927	ack	r3	1790218721447	401	
4928	ack	r3	1790218721452	401	
4929	ack	r3	1790218721457	70	
4930	ack	r3	1790218721462	72	
4931	ack	r3	1790218721467	197	
4932	ack	r3	1790218721472	401	
4933	ack	r3	1790218721477	152	
4934	ack	r3	1790218721482	133	
4935	ack	r3	1790218721487	420	
4936	ack	r3	1790218721492	405	
4937	ack	r3	1790218721497	94	
4938	ack	r3	1790218721502	97	
4939	ack	r3	1790218721507	403	
4940	ack	r3	1790218721512	94	
4941	ack	r3	1790218721517	91	
4942	ack	r3	1790218721522	107	
4943	ack	r3	1790218721527	101	
4944	ack	r3	1790218721532	399	
4945	ack	r3	1790218721537	397	
4946	ack	r3	1790218721542	399	
4947	ack	r3	1790218721547	395	
4948	ack	r3	1790218721552	398	
4949	ack	r3	1790218721557	68	
4950	ack	r3	1790218721562	90	
4951	ack	r3	1790218721567	409	
4952	ack	r3	1790218721572	155	
4953	ack	r3	1790218721577	104	
4954	ack	r3	1790218721582	406	
4955	ack	r3	1790218721587	77	
4956	ack	r3	1790218721592	85	
4957	ack	r3	1790218721597	99	
4958	ack	r3	1790218721602	100	
4959	ack	r3	1790218721607	113	
4960	ack	r3	1790218721612	104	
4961	ack	r3	1790218721617	404	
4962	ack	r3	1790218721622	69	
4963	ack	r3	1790218721627	105	
4964	ack	r3	1790218721632	92	
4965	ack	r3	1790218721637	246	
4966	ack	r3	1790218721642	94	
4967	ack	r3	1790218721647	100	
4968	ack	r3	1790218721652	73	
4969	ack	r3	1790218721657	90	
4970	ack	r3	1790218721662	398	
4971	ack	r3	1790218721667	398	
4972	ack	r3	1790218721672	90	
4973	ack	r3	1790218721677	119	
4974	ack	r3	1790218721682	404	
4975	ack	r3	1790218721687	401	
4976	ack	r3	1790218721692	399	
4977	ack	r3	1790218721697	414	
4978	ack	r3	1790218721702	96	
4979	ack	r3	1790218721707	71	
4980	ack	r3	1790218721712	104	
4981	ack	r3	1790218721717	396	
4982	ack	r3	1790218721722	399	
4983	ack	r3	1790218721727	402	
4984	ack	r3	1790218721732	102	
4985	ack	r3	1790218721737	91	
4986	ack	r3	1790218721742	90	
4987	ack	r3	1790218721747	92	
4988	ack	r3	1790218721752	395	
4989	ack	r3	1790218721757	395	
4990	ack	r3	1790218721762	74	
4991	ack	r3	1790218721767	398	
4992	ack	r3	1790218721772	400	
4993	ack	r3	1790218721777	398	
4994	ack	r3	1790218721782	142	
4995	ack	r3	1790218721787	104	
4996	ack	r3	1790218721792	101	
4997	ack	r3	1790218721797	92	
4998	ack	r3	1790218721802	90	
4999	ack	r3	1790218721807	85	
5000	ack	r3	1790218721812	65	
5001	ack	r3	1790218721817	102	
5002	ack	r3	1790218721822	69	
5003	ack	r3	1790218721827	133	
5004	ack	r3	1790218721832	107	
5005	ack	r3	1790218721837	97	
5006	ack	r3	1790218721842	66	
5007	ack	r3	1790218721847	99	
5008	ack	r3	1790218721852	66	
5009	ack	r3	1790218721857	398	
5010	ack	r3	1790218721862	398	
5011	ack	r3	1790218721867	63	
5012	ack	r3	1790218721872	91	
5013	ack	r3	1790218721877	399	
5014	ack	r3	1790218721882	108	
5015	ack	r3	1790218721887	66	
5016	ack	r3	1790218721892	490	
5017	ack	r3	1790218721897	91	
5018	ack	r3	1790218721902	146	
5019	ack	r3	1790218721907	95	
5020	ack	r3	1790218721912	107	
5021	ack	r3	1790218721917	109	
5022	ack	r3	1790218721922	92	
5023	ack	r3	1790218721927	401	
5024	ack	r3	1790218721932	171	
5025	ack	r3	1790218721937	86	
5026	ack	r3	1790218721942	71	
5027	ack	r3	1790218721947	104	
5028	ack	r3	1790218721952	405	
5029	ack	r3	1790218721957	87	
5030	ack	r3	1790218721962	102	
5031	ack	r3	1790218721967	406	
5032	ack	r3	1790218721972	169	
5033	ack	r3	1790218721977	104	
5034	ack	r3	1790218721982	88	
5035	ack	r3	1790218721987	403	
5036	ack	r3	1790218721992	398	
5037	ack	r3	1790218721997	397	
5038	ack	r3	1790218722002	397	
5039	ack	r3	1790218722007	398	
5040	ack	r3	1790218722012	68	
5041	ack	r3	1790218722017	396	
5042	ack	r3	1790218722022	62	
5043	ack	r3	1790218722029	1220	
5044	ack	r3	1790218722032	142	
5045	ack	r3	1790218722037	64	
5046	ack	r3	1790218722042	73	
5047	ack	r3	1790218722047	67	
5048	ack	r3	1790218722052	100	
5049	ack	r3	1790218722057	64	
5050	ack	r3	1790218722062	63	
5051	ack	r3	1790218722067	97	
5052	ack	r3	1790218722072	399	
5053	ack	r3	1790218722077	407	
5054	ack	r3	1790218722082	402	
5055	ack	r3	1790218722087	401	
5056	ack	r3	1790218722092	397	
5057	ack	r3	1790218722097	408	
5058	ack	r3	1790218722102	401	
5059	ack	r3	1790218722107	403	
5060	ack	r3	1790218722112	102	
5061	ack	r3	1790218722117	409	
5062	ack	r3	1790218722122	71	
5063	ack	r3	1790218722127	65	
5064	ack	r3	1790218722132	406	
5065	ack	r3	1790218722137	99	
5066	ack	r3	1790218722142	409	
5067	ack	r3	1790218722147	61	
5068	ack	r3	1790218722152	408	
5069	ack	r3	1790218722157	397	
5070	ack	r3	1790218722162	396	
5071	ack	r3	1790218722167	65	
5072	ack	r3	1790218722172	96	
5073	ack	r3	1790218722177	139	
5074	ack	r3	1790218722182	83	
5075	ack	r3	1790218722187	98	
5076	ack	r3	1790218722192	54	
5077	ack	r3	1790218722197	86	
5078	ack	r3	1790218722202	233	
5079	ack	r3	1790218722207	107	
5080	ack	r3	1790218722212	97	
5081	ack	r3	1790218722217	100	
5082	ack	r3	1790218722222	546	
5083	ack	r3	1790218722227	42	
5084	ack	r3	1790218722232	106	
5085	ack	r3	1790218722237	399	
5086	ack	r3	1790218722242	394	
5087	ack	r3	1790218722247	402	
5088	ack	r3	1790218722252	401	
5089	ack	r3	1790218722257	412	
5090	ack	r3	1790218722262	407	
5091	ack	r3	1790218722267	84	
5092	ack	r3	1790218722272	64	
5093	ack	r3	1790218722277	69	
5094	ack	r3	1790218722282	397	
5095	ack	r3	1790218722287	83	
5096	ack	r3	1790218722292	129	
5097	ack	r3	1790218722297	69	
5098	ack	r3	1790218722302	403	
5099	ack	r3	1790218722307	407	
5100	ack	r3	1790218722312	74	
5101	ack	r3	1790218722317	396	
5102	ack	r3	1790218722322	77	
5103	ack	r3	1790218722327	399	
5104	ack	r3	1790218722332	399	
5105	ack	r3	1790218722337	396	
5106	ack	r3	1790218722342	93	
5107	ack	r3	1790218722347	400	
5108	ack	r3	1790218722352	99	
5109	ack	r3	1790218722357	121	
5110	ack	r3	1790218722362	101	
5111	ack	r3	1790218722367	397	
5112	ack	r3	1790218722372	85	
5113	ack	r3	1790218722377	401	
5114	ack	r3	1790218722382	98	
5115	ack	r3	1790218722387	101	
5116	ack	r3	1790218722392	75	
5117	ack	r3	1790218722397	65	
5118	ack	r3	1790218722402	69	
5119	ack	r3	1790218722407	398	
5120	ack	r3	1790218722412	413	
5121	ack	r3	1790218722417	398	
5122	ack	r3	1790218722422	549	
5123	ack	r3	1790218722427	101	
5124	ack	r3	1790218722432	403	
5125	ack	r3	1790218722437	118	
5126	ack	r3	1790218722442	411	
5127	ack	r3	1790218722447	401	
5128	ack	r3	1790218722452	81	
5129	ack	r3	1790218722457	399	
5130	ack	r3	1790218722462	397	
5131	ack	r3	1790218722467	397	
5132	ack	r3	1790218722472	398	
5133	ack	r3	1790218722477	421	
5134	ack	r3	1790218722482	111	
5135	ack	r3	1790218722487	519	
5136	ack	r3	1790218722492	44	
5137	ack	r3	1790218722497	116	
5138	ack	r3	1790218722502	207	
5139	ack	r3	1790218722507	404	
5140	ack	r3	1790218722512	89	
5141	ack	r3	1790218722517	81	
5142	ack	r3	1790218722522	409	
5143	ack	r3	1790218722527	406	
5144	ack	r3	1790218722532	71	
5145	ack	r3	1790218722537	407	
5146	ack	r3	1790218722542	96	
5147	ack	r3	1790218722547	81	
5148	ack	r3	1790218722552	70	
5149	ack	r3	1790218722557	397	
5150	ack	r3	1790218722562	64	
5151	ack	r3	1790218722567	67	
5152	ack	r3	1790218722572	403	
5153	ack	r3	1790218722577	115	
5154	ack	r3	1790218722582	404	
5155	ack	r3	1790218722587	295	
5156	ack	r3	1790218722592	412	
5157	ack	r3	1790218722597	100	
5158	ack	r3	1790218722602	75	
5159	ack	r3	1790218722607	402	
5160	ack	r3	1790218722612	69	
5161	ack	r3	1790218722617	79	
5162	ack	r3	1790218722622	74	
5163	ack	r3	1790218722627	32	
5164	ack	r3	1790218722632	399	
5165	ack	r3	1790218722637	401	
5166	ack	r3	1790218722642	141	
5167	ack	r3	1790218722647	83	
5168	ack	r3	1790218722652	80	
5169	ack	r3	1790218722657	409	
5170	ack	r3	1790218722662	408	
5171	ack	r3	1790218722667	95	
5172	ack	r3	1790218722672	76	
5173	ack	r3	1790218722677	74	
5174	ack	r3	1790218722682	397	
5175	ack	r3	1790218722687	77	
5176	ack	r3	1790218722692	81	
5177	ack	r3	1790218722697	74	
5178	ack	r3	1790218722702	92	
5179	ack	r3	1790218722707	137	
5180	ack	r3	1790218722712	402	
5181	ack	r3	1790218722717	63	
5182	ack	r3	1790218722722	84	
5183	ack	r3	1790218722727	65	
5184	ack	r3	1790218722732	68	
5185	ack	r3	1790218722737	73	
5186	ack	r3	1790218722742	101	
5187	ack	r3	1790218722747	88	
5188	ack	r3	1790218722752	397	
5189	ack	r3	1790218722757	65	
5190	ack	r3	1790218722762	89	
5191	ack	r3	1790218722767	80	
5192	ack	r3	1790218722772	402	
5193	ack	r3	1790218722777	398	
5194	ack	r3	1790218722782	404	
5195	ack	r3	1790218722787	401	
5196	ack	r3	1790218722792	96	
5197	ack	r3	1790218722797	83	
5198	ack	r3	1790218722802	73	
5199	ack	r3	1790218722807	402	
5200	ack	r3	1790218722812	407	
5201	ack	r3	1790218722817	100	
5202	ack	r3	1790218722822	71	
5203	ack	r3	1790218722829	513	
5204	ack	r3	1790218722832	83	
5205	ack	r3	1790218722837	152	
5206	ack	r3	1790218722842	60	
5207	ack	r3	1790218722847	104	
5208	ack	r3	1790218722852	195	
5209	ack	r3	1790218722857	137	
5210	ack	r3	1790218722862	121	
5211	ack	r3	1790218722867	142	
5212	ack	r3	1790218722872	179	
5213	ack	r3	1790218722877	413	
5214	ack	r3	1790218722882	100	
5215	ack	r3	1790218722887	142	
5216	ack	r3	1790218722892	407	
5217	ack	r3	1790218722897	72	
5218	ack	r3	1790218722902	125	
5219	ack	r3	1790218722907	404	
5220	ack	r3	1790218722912	401	
5221	ack	r3	1790218722917	411	
5222	ack	r3	1790218722922	74	
5223	ack	r3	1790218722927	91	
5224	ack	r3	1790218722932	66	
5225	ack	r3	1790218722937	210	
5226	ack	r3	1790218722942	404	
5227	ack	r3	1790218722947	66	
5228	ack	r3	1790218722952	97	
5229	ack	r3	1790218722957	104	
5230	ack	r3	1790218722962	104	
5231	ack	r3	1790218722967	93	
5232	ack	r3	1790218722972	93	
5233	ack	r3	1790218722977	398	
5234	ack	r3	1790218722982	91	
5235	ack	r3	1790218722987	76	
5236	ack	r3	1790218722992	407	
5237	ack	r3	1790218722997	103	
5238	ack	r3	1790218723002	93	
5239	ack	r3	1790218723007	412	
5240	ack	r3	1790218723012	77	
5241	ack	r3	1790218723017	103	
5242	ack	r3	1790218723022	70	
5243	ack	r3	1790218723029	71	
5244	ack	r3	1790218723032	398	
5245	ack	r3	1790218723037	94	
5246	ack	r3	1790218723042	45	
5247	ack	r3	1790218723047	107	
5248	ack	r3	1790218723052	399	
5249	ack	r3	1790218723057	111	
5250	ack	r3	1790218723062	91	
5251	ack	r3	1790218723067	83	
5252	ack	r3	1790218723072	90	
5253	ack	r3	1790218723077	85	
5254	ack	r3	1790218723082	69	
5255	ack	r3	1790218723087	99	
5256	ack	r3	1790218723092	69	
5257	ack	r3	1790218723097	100	
5258	ack	r3	1790218723102	64	
5259	ack	r3	1790218723107	90	
5260	ack	r3	1790218723112	135	
5261	ack	r3	1790218723117	409	
5262	ack	r3	1790218723122	411	
5263	ack	r3	1790218723127	81	
5264	ack	r3	1790218723132	408	
5265	ack	r3	1790218723137	405	
5266	ack	r3	1790218723142	406	
5267	ack	r3	1790218723147	93	
5268	ack	r3	1790218723152	112	
5269	ack	r3	1790218723157	400	
5270	ack	r3	1790218723162	63	
5271	ack	r3	1790218723167	64	
5272	ack	r3	1790218723172	92	
5273	ack	r3	1790218723177	402	
5274	ack	r3	1790218723182	67	
5275	ack	r3	1790218723187	394	
5276	ack	r3	1790218723192	397	
5277	ack	r3	1790218723197	64	
5278	ack	r3	1790218723202	93	
5279	ack	r3	1790218723207	148	
5280	ack	r3	1790218723212	112	
5281	ack	r3	1790218723217	90	
5282	ack	r3	1790218723222	399	
5283	ack	r3	1790218723227	102	
5284	ack	r3	1790218723232	398	
5285	ack	r3	1790218723237	109	
5286	ack	r3	1790218723242	65	
5287	ack	r3	1790218723247	90	
5288	ack	r3	1790218723252	163	
5289	ack	r3	1790218723257	100	
5290	ack	r3	1790218723262	77	
5291	ack	r3	1790218723267	405	
5292	ack	r3	1790218723272	85	
5293	ack	r3	1790218723277	75	
5294	ack	r3	1790218723282	413	
5295	ack	r3	1790218723287	109	
