seq	status	host	at_ms	latency_us	detail
1	ack	r1	1790218777493	1100	wait=2
2	ack	r1	1790218777502	1426	wait=1
3	ack	r1	1790218777504	1826	wait=1
4	ack	r1	1790218777506	1238	wait=2
5	ack	r1	1790218777507	1251	wait=1
6	ack	r1	1790218777510	2369	wait=2
7	ack	r1	1790218777512	1431	wait=2
8	ack	r1	1790218777514	1367	wait=2
9	ack	r1	1790218777518	270	wait=2
10	ack	r1	1790218777523	248	wait=2
11	ack	r1	1790218777529	1503	wait=2
12	ack	r1	1790218777534	1762	wait=2
13	ack	r1	1790218777538	255	wait=2
14	ack	r1	1790218777543	250	wait=2
15	ack	r1	1790218777548	180	wait=2
16	ack	r1	1790218777553	204	wait=2
17	ack	r1	1790218777558	182	wait=2
18	ack	r1	1790218777565	2498	wait=2
19	ack	r1	1790218777568	188	wait=2
20	ack	r1	1790218777573	219	wait=2
21	ack	r1	1790218777578	166	wait=2
22	ack	r1	1790218777583	295	wait=2
23	ack	r1	1790218777588	179	wait=2
24	ack	r1	1790218777593	159	wait=2
25	ack	r1	1790218777598	245	wait=1
26	ack	r1	1790218777603	250	wait=1
27	ack	r1	1790218777608	293	wait=2
28	ack	r1	1790218777613	188	wait=2
29	ack	r1	1790218777618	545	wait=2
30	ack	r1	1790218777623	162	wait=2
31	ack	r1	1790218777629	1545	wait=2
32	ack	r1	1790218777633	287	wait=1
33	ack	r1	1790218777638	287	wait=2
34	ack	r1	1790218777643	240	wait=2
35	ack	r1	1790218777648	271	wait=1
36	ack	r1	1790218777654	1892	wait=2
37	ack	r1	1790218777658	207	wait=2
38	ack	r1	1790218777663	252	wait=1
39	ack	r1	1790218777668	175	wait=2
40	ack	r1	1790218777673	182	wait=2
41	ack	r1	1790218777678	319	wait=2
42	ack	r1	1790218777683	188	wait=2
43	ack	r1	1790218777688	219	wait=2
44	ack	r1	1790218777693	252	wait=1
45	ack	r1	1790218777698	149	wait=2
46	ack	r1	1790218777703	329	wait=2
47	ack	r1	1790218777708	277	wait=1
48	ack	r1	1790218777713	257	wait=1
49	ack	r1	1790218777718	191	wait=1
50	ack	r1	1790218777723	331	wait=2
51	ack	r1	1790218777728	171	wait=2
52	ack	r1	1790218777733	152	wait=2
53	ack	r1	1790218777738	178	wait=2
54	ack	r1	1790218777743	288	wait=2
55	ack	r1	1790218777748	176	wait=2
56	ack	r1	1790218777753	190	wait=2
57	ack	r1	1790218777758	158	wait=2
58	ack	r1	1790218777763	186	wait=2
59	ack	r1	1790218777768	119	wait=2
60	ack	r1	1790218777773	183	wait=2
61	ack	r1	1790218777778	277	wait=2
62	ack	r1	1790218777783	301	wait=2
63	ack	r1	1790218777788	486	wait=2
64	ack	r1	1790218777794	1390	wait=2
65	ack	r1	1790218777798	195	wait=1
66	ack	r1	1790218777803	795	wait=2
67	ack	r1	1790218777808	209	wait=2
68	ack	r1	1790218777813	189	wait=2
69	ack	r1	1790218777818	212	wait=2
70	ack	r1	1790218777823	172	wait=2
71	ack	r1	1790218777828	163	wait=2
72	ack	r1	1790218777833	151	wait=2
73	ack	r1	1790218777838	184	wait=2
74	ack	r1	1790218777843	141	wait=2
75	ack	r1	1790218777848	164	wait=2
76	ack	r1	1790218777853	172	wait=2
77	ack	r1	1790218777858	157	wait=2
78	ack	r1	1790218777863	169	wait=2
79	ack	r1	1790218777868	163	wait=2
80	ack	r1	1790218777873	189	wait=2
81	ack	r1	1790218777878	167	wait=2
82	ack	r1	1790218777883	182	wait=1
83	ack	r1	1790218777888	425	wait=2
84	ack	r1	1790218777893	146	wait=1
85	ack	r1	1790218777898	170	wait=2
86	ack	r1	1790218777903	235	wait=1
87	ack	r1	1790218777908	334	wait=2
88	ack	r1	1790218777913	165	wait=2
89	ack	r1	1790218777918	146	wait=2
90	ack	r1	1790218777923	153	wait=2
91	ack	r1	1790218777928	124	wait=1
92	ack	r1	1790218777933	187	wait=2
93	ack	r1	1790218777938	295	wait=1
94	ack	r1	1790218777943	163	wait=2
95	ack	r1	1790218777948	119	wait=2
96	ack	r1	1790218777953	179	wait=2
97	ack	r1	1790218777958	267	wait=1
98	ack	r1	1790218777963	173	wait=2
99	ack	r1	1790218777968	161	wait=2
100	ack	r1	1790218777973	191	wait=2
101	ack	r1	1790218777978	188	wait=1
102	ack	r1	1790218777983	174	wait=2
103	ack	r1	1790218777988	328	wait=2
104	ack	r1	1790218777993	174	wait=2
105	ack	r1	1790218777998	155	wait=2
106	ack	r1	1790218778003	153	wait=2
107	ack	r1	1790218778008	177	wait=2
108	ack	r1	1790218778013	168	wait=2
109	ack	r1	1790218778018	140	wait=2
110	ack	r1	1790218778023	166	wait=2
111	ack	r1	1790218778028	163	wait=2
112	ack	r1	1790218778033	170	wait=2
113	ack	r1	1790218778038	271	wait=1
114	ack	r1	1790218778043	182	wait=2
115	ack	r1	1790218778048	189	wait=2
116	ack	r1	1790218778053	189	wait=2
117	ack	r1	1790218778058	172	wait=1
118	ack	r1	1790218778063	177	wait=2
119	ack	r1	1790218778068	179	wait=2
120	ack	r1	1790218778073	175	wait=2
121	ack	r1	1790218778078	270	wait=1
122	ack	r1	1790218778083	226	wait=2
123	ack	r1	1790218778092	1904	wait=1
124	ack	r1	1790218778093	303	wait=1
125	ack	r1	1790218778098	150	wait=2
126	ack	r1	1790218778104	1733	wait=2
127	ack	r1	1790218778108	182	wait=2
128	ack	r1	1790218778113	231	wait=2
129	ack	r1	1790218778118	153	wait=2
130	ack	r1	1790218778123	187	wait=2
131	ack	r1	1790218778128	150	wait=2
132	ack	r1	1790218778133	288	wait=2
133	ack	r1	1790218778138	125	wait=1
134	ack	r1	1790218778143	179	wait=2
135	ack	r1	1790218778148	165	wait=2
136	ack	r1	1790218778153	280	wait=2
137	ack	r1	1790218778158	153	wait=2
138	ack	r1	1790218778163	216	wait=2
139	ack	r1	1790218778168	170	wait=2
140	ack	r1	1790218778173	166	wait=2
141	ack	r1	1790218778178	170	wait=2
142	ack	r1	1790218778183	153	wait=2
143	ack	r1	1790218778188	86	wait=2
144	ack	r1	1790218778193	152	wait=2
145	ack	r1	1790218778198	258	wait=2
146	ack	r1	1790218778203	214	wait=1
147	ack	r1	1790218778208	377	wait=1
148	ack	r1	1790218778213	417	wait=1
149	ack	r1	1790218778218	183	wait=1
150	ack	r1	1790218778224	1200	wait=1
151	ack	r1	1790218778228	298	wait=1
152	ack	r1	1790218778233	200	wait=2
153	ack	r1	1790218778238	129	wait=1
154	ack	r1	1790218778243	254	wait=2
155	ack	r1	1790218778248	189	wait=2
156	ack	r1	1790218778253	186	wait=2
157	ack	r1	1790218778258	169	wait=2
158	ack	r1	1790218778263	150	wait=2
159	ack	r1	1790218778268	271	wait=1
160	ack	r1	1790218778273	167	wait=2
161	ack	r1	1790218778278	150	wait=2
162	ack	r1	1790218778285	2485	wait=2
163	ack	r1	1790218778290	2100	wait=2
164	ack	r1	1790218778293	245	wait=2
165	ack	r1	1790218778298	206	wait=2
166	ack	r1	1790218778303	156	wait=2
167	ack	r1	1790218778308	160	wait=2
168	ack	r1	1790218778313	175	wait=2
169	ack	r1	1790218778318	264	wait=1
170	ack	r1	1790218778323	163	wait=2
171	ack	r1	1790218778328	151	wait=2
172	ack	r1	1790218778333	258	wait=2
173	ack	r1	1790218778338	302	wait=2
174	ack	r1	1790218778343	190	wait=2
175	ack	r1	1790218778348	263	wait=2
176	ack	r1	1790218778353	120	wait=1
177	ack	r1	1790218778358	223	wait=2
178	ack	r1	1790218778363	252	wait=1
179	ack	r1	1790218778368	270	wait=2
180	ack	r1	1790218778373	177	wait=2
181	ack	r1	1790218778378	168	wait=2
182	ack	r1	1790218778383	155	wait=2
183	ack	r1	1790218778388	172	wait=2
184	ack	r1	1790218778393	165	wait=2
185	ack	r1	1790218778398	141	wait=2
186	ack	r1	1790218778403	170	wait=2
187	ack	r1	1790218778408	162	wait=2
188	ack	r1	1790218778413	157	wait=2
189	ack	r1	1790218778418	230	wait=2
190	ack	r1	1790218778423	175	wait=2
191	ack	r1	1790218778428	290	wait=2
192	ack	r1	1790218778433	157	wait=2
193	ack	r1	1790218778438	307	wait=2
194	ack	r1	1790218778443	304	wait=1
195	ack	r1	1790218778448	156	wait=2
196	ack	r1	1790218778453	160	wait=2
197	ack	r1	1790218778458	142	wait=2
198	ack	r1	1790218778463	171	wait=2
199	ack	r1	1790218778468	163	wait=2
200	ack	r1	1790218778473	151	wait=2
201	ack	r1	1790218778478	159	wait=2
202	ack	r1	1790218778483	131	wait=2
203	ack	r1	1790218778492	1957	wait=2
204	ack	r1	1790218778493	266	wait=2
205	ack	r1	1790218778498	163	wait=2
206	ack	r1	1790218778503	254	wait=1
207	ack	r1	1790218778508	126	wait=2
208	ack	r1	1790218778513	169	wait=2
209	ack	r1	1790218778518	248	wait=2
210	ack	r1	1790218778523	276	wait=2
211	ack	r1	1790218778528	131	wait=2
212	ack	r1	1790218778533	171	wait=2
213	ack	r1	1790218778538	171	wait=2
214	ack	r1	1790218778543	232	wait=2
215	ack	r1	1790218778548	180	wait=2
216	ack	r1	1790218778553	179	wait=2
217	ack	r1	1790218778558	149	wait=2
218	ack	r1	1790218778563	183	wait=2
219	ack	r1	1790218778568	178	wait=2
220	ack	r1	1790218778573	173	wait=1
221	ack	r1	1790218778578	157	wait=2
222	ack	r1	1790218778583	164	wait=2
223	ack	r1	1790218778588	167	wait=2
224	ack	r1	1790218778593	241	wait=1
225	ack	r1	1790218778598	168	wait=2
226	ack	r1	1790218778603	159	wait=2
227	ack	r1	1790218778608	244	wait=2
228	ack	r1	1790218778613	206	wait=2
229	ack	r1	1790218778618	162	wait=1
230	ack	r1	1790218778623	172	wait=1
231	ack	r1	1790218778628	157	wait=2
232	ack	r1	1790218778633	206	wait=2
233	ack	r1	1790218778638	178	wait=2
234	ack	r1	1790218778643	210	wait=2
235	ack	r1	1790218778648	167	wait=2
236	ack	r1	1790218778653	201	wait=2
237	ack	r1	1790218778658	366	wait=2
238	ack	r1	1790218778663	210	wait=2
239	ack	r1	1790218778668	200	wait=2
240	ack	r1	1790218778673	197	wait=2
241	ack	r1	1790218778678	241	wait=2
242	ack	r1	1790218778683	144	wait=2
243	ack	r1	1790218778692	1931	wait=2
244	ack	r1	1790218778693	225	wait=2
245	ack	r1	1790218778698	201	wait=2
246	ack	r1	1790218778703	107	wait=1
247	ack	r1	1790218778708	188	wait=2
248	ack	r1	1790218778713	170	wait=2
249	ack	r1	1790218778718	139	wait=1
250	ack	r1	1790218778723	257	wait=2
251	ack	r1	1790218778728	637	wait=1
252	ack	r1	1790218778734	1634	wait=2
253	ack	r1	1790218778738	288	wait=2
254	ack	r1	1790218778743	245	wait=1
255	ack	r1	1790218778748	270	wait=2
256	ack	r1	1790218778754	1518	wait=2
257	ack	r1	1790218778758	228	wait=2
258	ack	r1	1790218778763	216	wait=1
259	ack	r1	1790218778768	180	wait=2
260	ack	r1	1790218778773	160	wait=2
261	ack	r1	1790218778778	178	wait=2
262	ack	r1	1790218778783	270	wait=2
263	ack	r1	1790218778788	334	wait=2
264	ack	r1	1790218778793	171	wait=1
265	ack	r1	1790218778798	161	wait=2
266	ack	r1	1790218778803	156	wait=1
267	ack	r1	1790218778808	295	wait=2
268	ack	r1	1790218778813	289	wait=2
269	ack	r1	1790218778818	703	wait=1
270	ack	r1	1790218778823	161	wait=2
271	ack	r1	1790218778828	254	wait=2
272	ack	r1	1790218778833	167	wait=1
273	ack	r1	1790218778838	153	wait=2
274	ack	r1	1790218778843	154	wait=2
275	ack	r1	1790218778848	153	wait=1
276	ack	r1	1790218778853	155	wait=1
277	ack	r1	1790218778858	160	wait=1
278	ack	r1	1790218778863	150	wait=1
279	ack	r1	1790218778868	241	wait=2
280	ack	r1	1790218778873	234	wait=2
281	ack	r1	1790218778878	181	wait=1
282	ack	r1	1790218778883	220	wait=1
283	ack	r1	1790218778892	1949	wait=2
284	ack	r1	1790218778893	215	wait=1
285	ack	r1	1790218778898	240	wait=2
286	ack	r1	1790218778903	171	wait=2
287	ack	r1	1790218778908	158	wait=2
288	ack	r1	1790218778913	156	wait=1
289	ack	r1	1790218778918	173	wait=2
290	ack	r1	1790218778923	191	wait=1
291	ack	r1	1790218778928	252	wait=2
292	ack	r1	1790218778933	278	wait=2
293	ack	r1	1790218778938	173	wait=1
294	ack	r1	1790218778943	281	wait=2
295	ack	r1	1790218778948	175	wait=2
296	ack	r1	1790218778953	283	wait=2
297	ack	r1	1790218778958	154	wait=2
298	ack	r1	1790218778964	1534	wait=2
299	ack	r1	1790218778968	235	wait=2
300	ack	r1	1790218778973	152	wait=2
301	ack	r1	1790218778978	151	wait=2
302	ack	r1	1790218778983	168	wait=1
303	ack	r1	1790218778988	260	wait=2
304	ack	r1	1790218778993	296	wait=2
305	ack	r1	1790218778998	295	wait=2
306	ack	r1	1790218779003	277	wait=2
307	ack	r1	1790218779008	186	wait=2
308	ack	r1	1790218779013	171	wait=1
309	ack	r1	1790218779018	149	wait=1
310	ack	r1	1790218779023	291	wait=2
311	ack	r1	1790218779028	177	wait=1
312	ack	r1	1790218779033	160	wait=1
313	ack	r1	1790218779038	173	wait=1
314	ack	r1	1790218779043	141	wait=2
315	ack	r1	1790218779048	124	wait=2
316	ack	r1	1790218779053	154	wait=2
317	ack	r1	1790218779058	248	wait=2
318	ack	r1	1790218779063	248	wait=2
319	ack	r1	1790218779068	162	wait=2
320	ack	r1	1790218779073	151	wait=2
321	ack	r1	1790218779078	167	wait=1
322	ack	r1	1790218779083	280	wait=2
323	ack	r1	1790218779090	2171	wait=2
324	ack	r1	1790218779093	418	wait=2
325	ack	r1	1790218779098	211	wait=2
326	ack	r1	1790218779103	164	wait=1
327	ack	r1	1790218779108	160	wait=1
328	ack	r1	1790218779113	124	wait=2
329	ack	r1	1790218779118	158	wait=1
330	ack	r1	1790218779123	282	wait=2
331	ack	r1	1790218779128	160	wait=2
332	ack	r1	1790218779133	193	wait=1
333	ack	r1	1790218779138	292	wait=2
334	ack	r1	1790218779143	175	wait=2
335	ack	r1	1790218779148	192	wait=1
336	ack	r1	1790218779153	168	wait=2
337	ack	r1	1790218779158	234	wait=2
338	ack	r1	1790218779163	156	wait=2
339	ack	r1	1790218779168	153	wait=1
340	ack	r1	1790218779173	164	wait=2
341	ack	r1	1790218779178	270	wait=2
342	ack	r1	1790218779183	154	wait=2
343	ack	r1	1790218779188	175	wait=1
344	ack	r1	1790218779193	294	wait=2
345	ack	r1	1790218779198	168	wait=1
346	ack	r1	1790218779203	272	wait=2
347	ack	r1	1790218779208	240	wait=1
348	ack	r1	1790218779213	161	wait=1
349	ack	r1	1790218779218	154	wait=2
350	ack	r1	1790218779223	289	wait=2
351	ack	r1	1790218779228	134	wait=2
352	ack	r1	1790218779233	191	wait=1
353	ack	r1	1790218779238	203	wait=2
354	ack	r1	1790218779243	154	wait=2
355	ack	r1	1790218779248	246	wait=2
356	ack	r1	1790218779253	142	wait=2
357	ack	r1	1790218779258	161	wait=2
358	ack	r1	1790218779263	104	wait=2
359	ack	r1	1790218779268	249	wait=2
360	ack	r1	1790218779273	120	wait=2
361	ack	r1	1790218779278	163	wait=1
362	ack	r1	1790218779283	255	wait=2
363	ack	r1	1790218779288	253	wait=1
364	ack	r1	1790218779293	367	wait=2
365	ack	r1	1790218779298	162	wait=1
366	ack	r1	1790218779303	147	wait=2
367	ack	r1	1790218779308	152	wait=2
368	ack	r1	1790218779313	154	wait=2
369	ack	r1	1790218779318	142	wait=1
370	ack	r1	1790218779323	154	wait=1
371	ack	r1	1790218779328	241	wait=2
372	ack	r1	1790218779333	156	wait=2
373	ack	r1	1790218779338	172	wait=2
374	ack	r1	1790218779343	296	wait=2
375	ack	r1	1790218779348	206	wait=2
376	ack	r1	1790218779353	256	wait=1
377	ack	r1	1790218779358	143	wait=2
378	ack	r1	1790218779363	268	wait=2
379	ack	r1	1790218779368	178	wait=2
380	ack	r1	1790218779373	158	wait=2
381	ack	r1	1790218779378	256	wait=2
382	ack	r1	1790218779383	274	wait=2
383	ack	r1	1790218779388	162	wait=1
384	ack	r1	1790218779393	169	wait=2
385	ack	r1	1790218779398	275	wait=2
386	ack	r1	1790218779403	157	wait=2
387	ack	r1	1790218779408	165	wait=2
388	ack	r1	1790218779413	129	wait=2
389	ack	r1	1790218779418	147	wait=2
390	ack	r1	1790218779423	182	wait=1
391	ack	r1	1790218779428	262	wait=2
392	ack	r1	1790218779433	284	wait=2
393	ack	r1	1790218779438	239	wait=1
394	ack	r1	1790218779443	155	wait=1
395	ack	r1	1790218779448	201	wait=1
396	ack	r1	1790218779453	290	wait=2
397	ack	r1	1790218779458	174	wait=2
398	ack	r1	1790218779463	122	wait=1
399	ack	r1	1790218779468	153	wait=1
400	ack	r1	1790218779473	153	wait=1
401	ack	r1	1790218779478	149	wait=1
402	ack	r1	1790218779483	151	wait=1
403	ack	r1	1790218779490	210	wait=2
404	ack	r1	1790218779493	368	wait=2
405	ack	r1	1790218779498	195	wait=2
406	ack	r1	1790218779503	160	wait=2
407	ack	r1	1790218779508	165	wait=2
408	ack	r1	1790218779513	147	wait=1
409	ack	r1	1790218779518	156	wait=2
410	ack	r1	1790218779523	90	wait=1
411	ack	r1	1790218779528	145	wait=1
412	ack	r1	1790218779533	153	wait=2
413	ack	r1	1790218779538	222	wait=2
414	ack	r1	1790218779543	108	wait=2
415	ack	r1	1790218779548	133	wait=2
416	ack	r1	1790218779553	157	wait=1
417	ack	r1	1790218779558	276	wait=2
418	ack	r1	1790218779563	161	wait=1
419	ack	r1	1790218779568	246	wait=2
420	ack	r1	1790218779573	131	wait=1
421	ack	r1	1790218779578	153	wait=1
422	ack	r1	1790218779583	252	wait=2
423	ack	r1	1790218779588	163	wait=2
424	ack	r1	1790218779593	143	wait=2
425	ack	r1	1790218779598	268	wait=2
426	ack	r1	1790218779603	183	wait=2
427	ack	r1	1790218779608	162	wait=1
428	ack	r1	1790218779613	102	wait=1
429	ack	r1	1790218779618	159	wait=2
430	ack	r1	1790218779623	158	wait=2
431	ack	r1	1790218779628	234	wait=1
432	ack	r1	1790218779633	261	wait=1
433	ack	r1	1790218779638	287	wait=2
434	ack	r1	1790218779643	130	wait=2
435	ack	r1	1790218779648	231	wait=2
436	ack	r1	1790218779653	167	wait=1
437	ack	r1	1790218779658	158	wait=1
438	ack	r1	1790218779663	235	wait=2
439	ack	r1	1790218779668	156	wait=2
440	ack	r1	1790218779673	153	wait=1
441	ack	r1	1790218779678	264	wait=2
442	ack	r1	1790218779683	244	wait=2
443	ack	r1	1790218779690	1255	wait=2
444	ack	r1	1790218779693	310	wait=2
445	ack	r1	1790218779698	234	wait=2
446	ack	r1	1790218779703	143	wait=2
447	ack	r1	1790218779708	138	wait=2
448	ack	r1	1790218779713	187	wait=1
449	ack	r1	1790218779718	154	wait=1
450	ack	r1	1790218779723	152	wait=2
451	ack	r1	1790218779728	157	wait=1
452	ack	r1	1790218779733	310	wait=2
453	ack	r1	1790218779738	299	wait=1
454	ack	r1	1790218779743	139	wait=1
455	ack	r1	1790218779748	293	wait=2
456	ack	r1	1790218779753	204	wait=2
457	ack	r1	1790218779758	181	wait=1
458	ack	r1	1790218779763	151	wait=2
459	ack	r1	1790218779768	149	wait=2
460	ack	r1	1790218779773	196	wait=2
461	ack	r1	1790218779778	331	wait=2
462	ack	r1	1790218779783	152	wait=2
463	ack	r1	1790218779788	163	wait=2
464	ack	r1	1790218779793	153	wait=1
465	ack	r1	1790218779798	157	wait=1
466	ack	r1	1790218779803	121	wait=1
467	ack	r1	1790218779808	263	wait=2
468	ack	r1	1790218779813	215	wait=2
469	ack	r1	1790218779818	141	wait=2
470	ack	r1	1790218779823	204	wait=1
471	ack	r1	1790218779828	265	wait=1
472	ack	r1	1790218779833	152	wait=2
473	ack	r1	1790218779838	222	wait=2
474	ack	r1	1790218779843	197	wait=2
475	ack	r1	1790218779848	249	wait=2
476	ack	r1	1790218779853	126	wait=2
477	ack	r1	1790218779858	155	wait=1
478	ack	r1	1790218779863	95	wait=2
479	ack	r1	1790218779868	265	wait=1
480	ack	r1	1790218779873	114	wait=2
481	ack	r1	1790218779878	84	wait=1
482	ack	r1	1790218779883	103	wait=2
483	ack	r1	1790218779892	1953	wait=2
484	ack	r1	1790218779893	200	wait=1
485	ack	r1	1790218779898	197	wait=2
486	ack	r1	1790218779903	96	wait=2
487	ack	r1	1790218779908	157	wait=1
488	ack	r1	1790218779913	240	wait=2
489	ack	r1	1790218779918	326	wait=2
490	ack	r1	1790218779923	241	wait=2
491	ack	r1	1790218779928	155	wait=1
492	ack	r1	1790218779933	150	wait=2
493	ack	r1	1790218779938	166	wait=1
494	ack	r1	1790218779943	253	wait=1
495	ack	r1	1790218779948	193	wait=2
496	ack	r1	1790218779953	251	wait=2
497	ack	r1	1790218779958	233	wait=2
498	ack	r1	1790218779963	135	wait=2
499	ack	r1	1790218779968	147	wait=2
500	ack	r1	1790218779973	283	wait=2
501	ack	r1	1790218779978	153	wait=2
502	ack	r1	1790218779983	235	wait=1
503	ack	r1	1790218779988	175	wait=1
504	ack	r1	1790218779993	179	wait=1
505	ack	r1	1790218779998	214	wait=2
506	ack	r1	1790218780003	159	wait=2
507	ack	r1	1790218780008	154	wait=1
508	ack	r1	1790218780013	149	wait=1
509	ack	r1	1790218780018	184	wait=1
510	ack	r1	1790218780023	142	wait=2
511	ack	r1	1790218780028	146	wait=2
512	ack	r1	1790218780033	167	wait=2
513	ack	r1	1790218780038	188	wait=1
514	ack	r1	1790218780043	194	wait=2
515	ack	r1	1790218780048	148	wait=2
516	ack	r1	1790218780053	215	wait=2
517	ack	r1	1790218780058	169	wait=1
518	ack	r1	1790218780063	160	wait=1
519	ack	r1	1790218780068	163	wait=2
520	ack	r1	1790218780073	88	wait=2
521	ack	r1	1790218780078	244	wait=2
522	ack	r1	1790218780083	242	wait=2
523	ack	r1	1790218780090	2180	wait=1
524	ack	r1	1790218780093	232	wait=1
525	ack	r1	1790218780098	252	wait=2
526	ack	r1	1790218780103	224	wait=2
527	ack	r1	1790218780108	108	wait=1
528	ack	r1	1790218780113	234	wait=2
529	ack	r1	1790218780118	121	wait=1
530	ack	r1	1790218780123	125	wait=2
531	ack	r1	1790218780128	294	wait=2
532	ack	r1	1790218780133	178	wait=2
533	ack	r1	1790218780138	148	wait=1
534	ack	r1	1790218780143	241	wait=2
535	ack	r1	1790218780148	235	wait=1
536	ack	r1	1790218780153	214	wait=2
537	ack	r1	1790218780158	98	wait=1
538	ack	r1	1790218780163	157	wait=2
539	ack	r1	1790218780168	201	wait=2
540	ack	r1	1790218780173	222	wait=2
541	ack	r1	1790218780178	275	wait=2
542	ack	r1	1790218780183	200	wait=1
543	ack	r1	1790218780188	245	wait=2
544	ack	r1	1790218780193	234	wait=1
545	ack	r1	1790218780198	233	wait=2
546	ack	r1	1790218780203	134	wait=2
547	ack	r1	1790218780208	124	wait=2
548	ack	r1	1790218780213	247	wait=1
549	ack	r1	1790218780218	161	wait=2
550	ack	r1	1790218780223	169	wait=1
551	ack	r1	1790218780228	230	wait=1
552	ack	r1	1790218780233	169	wait=1
553	ack	r1	1790218780238	150	wait=1
554	ack	r1	1790218780243	214	wait=2
555	ack	r1	1790218780248	248	wait=2
556	ack	r1	1790218780253	173	wait=2
557	ack	r1	1790218780258	205	wait=1
558	ack	r1	1790218780263	342	wait=2
559	ack	r1	1790218780268	259	wait=2
560	ack	r1	1790218780273	280	wait=2
561	ack	r1	1790218780278	211	wait=1
562	ack	r1	1790218780283	233	wait=2
563	ack	r1	1790218780289	1126	wait=2
564	ack	r1	1790218780293	265	wait=2
565	ack	r1	1790218780298	177	wait=2
566	ack	r1	1790218780303	190	wait=2
567	ack	r1	1790218780308	201	wait=1
568	ack	r1	1790218780313	165	wait=1
569	ack	r1	1790218780318	276	wait=2
570	ack	r1	1790218780323	149	wait=2
571	ack	r1	1790218780328	165	wait=2
572	ack	r1	1790218780333	155	wait=2
573	ack	r1	1790218780338	143	wait=1
574	ack	r1	1790218780343	250	wait=2
575	ack	r1	1790218780348	178	wait=2
576	ack	r1	1790218780353	250	wait=2
577	ack	r1	1790218780358	191	wait=2
578	ack	r1	1790218780363	125	wait=2
579	ack	r1	1790218780368	177	wait=2
580	ack	r1	1790218780373	111	wait=2
581	ack	r1	1790218780378	161	wait=1
582	ack	r1	1790218780383	276	wait=2
583	ack	r1	1790218780388	177	wait=2
584	ack	r1	1790218780393	157	wait=2
585	ack	r1	1790218780398	119	wait=2
586	ack	r1	1790218780403	152	wait=1
587	ack	r1	1790218780408	171	wait=1
588	ack	r1	1790218780413	119	wait=2
589	ack	r1	1790218780418	272	wait=2
590	ack	r1	1790218780423	215	wait=2
591	ack	r1	1790218780428	174	wait=1
592	ack	r1	1790218780433	263	wait=2
593	ack	r1	1790218780438	182	wait=2
594	ack	r1	1790218780443	189	wait=2
595	ack	r1	1790218780448	123	wait=2
596	ack	r1	1790218780453	169	wait=1
597	ack	r1	1790218780458	157	wait=2
598	ack	r1	1790218780463	157	wait=1
599	ack	r1	1790218780468	313	wait=2
600	ack	r1	1790218780473	300	wait=2
601	ack	r1	1790218780478	277	wait=2
602	ack	r1	1790218780483	288	wait=2
603	ack	r1	1790218780490	686	wait=1
604	ack	r1	1790218780493	389	wait=1
605	ack	r1	1790218780498	162	wait=1
606	ack	r1	1790218780503	154	wait=1
607	ack	r1	1790218780508	159	wait=2
608	ack	r1	1790218780513	267	wait=2
609	ack	r1	1790218780518	159	wait=1
610	ack	r1	1790218780523	145	wait=2
611	ack	r1	1790218780528	159	wait=1
612	ack	r1	1790218780533	294	wait=1
613	ack	r1	1790218780538	217	wait=2
614	ack	r1	1790218780543	161	wait=2
615	ack	r1	1790218780548	247	wait=2
616	ack	r1	1790218780553	159	wait=1
617	ack	r1	1790218780558	175	wait=2
618	ack	r1	1790218780563	161	wait=1
619	ack	r1	1790218780568	166	wait=1
620	ack	r1	1790218780573	199	wait=1
621	ack	r1	1790218780578	142	wait=2
622	ack	r1	1790218780583	152	wait=1
623	ack	r1	1790218780588	158	wait=1
624	ack	r1	1790218780593	127	wait=2
625	ack	r1	1790218780598	154	wait=1
626	ack	r1	1790218780603	119	wait=2
627	ack	r1	1790218780608	217	wait=1
628	ack	r1	1790218780613	229	wait=2
629	ack	r1	1790218780618	262	wait=2
630	ack	r1	1790218780623	160	wait=2
631	ack	r1	1790218780628	167	wait=1
632	ack	r1	1790218780633	205	wait=1
633	ack	r1	1790218780638	234	wait=2
634	ack	r1	1790218780643	154	wait=2
635	ack	r1	1790218780648	175	wait=1
636	ack	r1	1790218780653	173	wait=1
637	ack	r1	1790218780658	169	wait=2
638	ack	r1	1790218780663	166	wait=1
639	ack	r1	1790218780668	251	wait=2
640	ack	r1	1790218780673	184	wait=1
641	ack	r1	1790218780678	211	wait=2
642	ack	r1	1790218780683	113	wait=2
643	ack	r1	1790218780690	941	wait=2
644	ack	r1	1790218780693	297	wait=2
645	ack	r1	1790218780698	285	wait=2
646	ack	r1	1790218780703	127	wait=1
647	ack	r1	1790218780708	191	wait=1
648	ack	r1	1790218780713	172	wait=1
649	ack	r1	1790218780718	203	wait=2
650	ack	r1	1790218780723	77	wait=1
651	ack	r1	1790218780728	190	wait=2
652	ack	r1	1790218780733	149	wait=1
653	ack	r1	1790218780738	144	wait=1
654	ack	r1	1790218780743	245	wait=2
655	ack	r1	1790218780748	254	wait=2
656	ack	r1	1790218780753	346	wait=2
657	ack	r1	1790218780758	229	wait=2
658	ack	r1	1790218780763	253	wait=1
659	ack	r1	1790218780768	211	wait=2
660	ack	r1	1790218780773	202	wait=2
661	ack	r1	1790218780778	129	wait=2
662	ack	r1	1790218780783	304	wait=2
663	ack	r1	1790218780788	209	wait=2
664	ack	r1	1790218780793	276	wait=1
665	ack	r1	1790218780798	177	wait=2
666	ack	r1	1790218780803	178	wait=1
667	ack	r1	1790218780808	200	wait=1
668	ack	r1	1790218780813	158	wait=1
669	ack	r1	1790218780818	161	wait=1
670	ack	r1	1790218780823	181	wait=2
671	ack	r1	1790218780828	116	wait=2
672	ack	r1	1790218780833	278	wait=2
673	ack	r1	1790218780838	330	wait=2
674	ack	r1	1790218780843	126	wait=1
675	ack	r1	1790218780848	102	wait=1
676	ack	r1	1790218780853	360	wait=1
677	ack	r1	1790218780858	236	wait=2
678	ack	r1	1790218780863	163	wait=1
679	ack	r1	1790218780868	124	wait=2
680	ack	r1	1790218780873	144	wait=2
681	ack	r1	1790218780878	155	wait=1
682	ack	r1	1790218780883	119	wait=2
683	ack	r1	1790218780890	2078	wait=2
684	ack	r1	1790218780893	243	wait=1
685	ack	r1	1790218780898	155	wait=2
686	ack	r1	1790218780903	232	wait=1
687	ack	r1	1790218780908	127	wait=1
688	ack	r1	1790218780913	284	wait=2
689	ack	r1	1790218780918	189	wait=2
690	ack	r1	1790218780923	162	wait=1
691	ack	r1	1790218780928	295	wait=2
692	ack	r1	1790218780933	278	wait=2
693	ack	r1	1790218780938	243	wait=2
694	ack	r1	1790218780943	277	wait=2
695	ack	r1	1790218780948	177	wait=2
696	ack	r1	1790218780953	373	wait=1
697	ack	r1	1790218780958	268	wait=1
698	ack	r1	1790218780963	267	wait=1
699	ack	r1	1790218780968	277	wait=2
700	ack	r1	1790218780973	215	wait=2
701	ack	r1	1790218780978	255	wait=2
702	ack	r1	1790218780983	178	wait=2
703	ack	r1	1790218780988	293	wait=2
704	ack	r1	1790218780993	272	wait=2
705	ack	r1	1790218780998	274	wait=2
706	ack	r1	1790218781003	200	wait=1
707	ack	r1	1790218781008	194	wait=1
708	ack	r1	1790218781013	277	wait=2
709	ack	r1	1790218781018	289	wait=2
710	ack	r1	1790218781023	260	wait=2
711	ack	r1	1790218781028	140	wait=1
712	ack	r1	1790218781033	286	wait=1
713	ack	r1	1790218781038	215	wait=1
714	ack	r1	1790218781043	194	wait=1
715	ack	r1	1790218781048	292	wait=1
716	ack	r1	1790218781053	483	wait=1
717	ack	r1	1790218781058	387	wait=1
718	ack	r1	1790218781063	176	wait=2
719	ack	r1	1790218781068	271	wait=2
720	ack	r1	1790218781073	288	wait=2
721	ack	r1	1790218781078	268	wait=1
722	ack	r1	1790218781083	270	wait=2
723	ack	r1	1790218781092	1872	wait=2
724	ack	r1	1790218781093	261	wait=1
725	ack	r1	1790218781098	172	wait=1
726	ack	r1	1790218781103	246	wait=2
727	ack	r1	1790218781108	273	wait=2
728	ack	r1	1790218781113	314	wait=2
729	ack	r1	1790218781118	308	wait=2
730	ack	r1	1790218781123	285	wait=2
731	ack	r1	1790218781128	235	wait=1
732	ack	r1	1790218781133	288	wait=2
733	ack	r1	1790218781138	381	wait=1
734	ack	r1	1790218781143	307	wait=2
735	ack	r1	1790218781148	172	wait=1
736	ack	r1	1790218781153	331	wait=2
737	ack	r1	1790218781158	313	wait=2
738	ack	r1	1790218781163	204	wait=2
739	ack	r1	1790218781168	285	wait=2
740	ack	r1	1790218781173	224	wait=2
741	ack	r1	1790218781178	230	wait=1
742	ack	r1	1790218781183	258	wait=2
743	ack	r1	1790218781188	329	wait=1
744	ack	r1	1790218781193	266	wait=2
745	ack	r1	1790218781198	158	wait=2
746	ack	r1	1790218781203	319	wait=1
747	ack	r1	1790218781208	270	wait=2
748	ack	r1	1790218781213	245	wait=2
749	ack	r1	1790218781218	214	wait=2
750	ack	r1	1790218781223	321	wait=2
751	ack	r1	1790218781228	238	wait=2
752	ack	r1	1790218781233	187	wait=1
753	ack	r1	1790218781238	364	wait=1
754	ack	r1	1790218781244	1357	wait=1
755	ack	r1	1790218781248	467	wait=1
756	ack	r1	1790218781253	359	wait=2
757	ack	r1	1790218781258	131	wait=1
758	ack	r1	1790218781263	267	wait=2
759	ack	r1	1790218781268	306	wait=2
760	ack	r1	1790218781273	264	wait=1
761	ack	r1	1790218781278	346	wait=1
762	ack	r1	1790218781283	262	wait=1
763	ack	r1	1790218781290	2005	wait=1
764	ack	r1	1790218781293	322	wait=2
765	ack	r1	1790218781298	226	wait=2
766	ack	r1	1790218781303	290	wait=2
767	ack	r1	1790218781308	281	wait=2
768	ack	r1	1790218781313	323	wait=2
769	ack	r1	1790218781318	234	wait=1
770	ack	r1	1790218781323	262	wait=1
771	ack	r1	1790218781328	206	wait=2
772	ack	r1	1790218781333	224	wait=1
773	ack	r1	1790218781338	344	wait=2
774	ack	r1	1790218781343	146	wait=1
775	ack	r1	1790218781348	254	wait=1
776	ack	r1	1790218781353	247	wait=2
777	ack	r1	1790218781358	277	wait=2
778	ack	r1	1790218781363	203	wait=2
779	ack	r1	1790218781368	263	wait=2
780	ack	r1	1790218781373	246	wait=2
781	ack	r1	1790218781378	233	wait=1
782	ack	r1	1790218781383	373	wait=2
783	ack	r1	1790218781388	357	wait=2
784	ack	r1	1790218781393	269	wait=2
785	ack	r1	1790218781398	607	wait=1
786	ack	r1	1790218781403	322	wait=1
787	ack	r1	1790218781408	270	wait=1
788	ack	r1	1790218781413	220	wait=2
789	ack	r1	1790218781418	342	wait=2
790	ack	r1	1790218781423	263	wait=2
791	ack	r1	1790218781428	226	wait=1
792	ack	r1	1790218781433	175	wait=1
793	ack	r1	1790218781438	133	wait=2
794	ack	r1	1790218781443	178	wait=2
795	ack	r1	1790218781448	178	wait=1
796	ack	r1	1790218781453	313	wait=2
797	ack	r1	1790218781458	298	wait=1
798	ack	r1	1790218781463	227	wait=2
799	ack	r1	1790218781468	341	wait=2
800	ack	r1	1790218781473	292	wait=1
801	ack	r1	1790218781478	176	wait=2
802	ack	r1	1790218781483	314	wait=2
803	ack	r1	1790218781489	1076	wait=2
804	ack	r1	1790218781493	391	wait=1
805	ack	r1	1790218781498	338	wait=2
806	ack	r1	1790218781503	373	wait=1
807	ack	r1	1790218781508	255	wait=1
808	ack	r1	1790218781513	279	wait=2
809	ack	r1	1790218781518	305	wait=2
810	ack	r1	1790218781523	320	wait=2
811	ack	r1	1790218781528	169	wait=2
812	unconfirmed	r1	1790218781663	130716	wait=0
813	unconfirmed	r1	1790218781864	200985	wait=0
814	unconfirmed	r1	1790218781966	100579	wait=0
815	unconfirmed	r1	1790218782068	101779	wait=0
816	unconfirmed	r1	1790218782268	196103	wait=0
817	unconfirmed	r1	1790218782374	104649	wait=0
818	unconfirmed	r1	1790218782478	104057	wait=0
819	unconfirmed	r1	1790218782584	101454	wait=0
820	unconfirmed	r1	1790218782786	199141	wait=0
821	unconfirmed	r1	1790218782893	106647	wait=0
822	unconfirmed	r1	1790218783099	205564	wait=0
823	unconfirmed	r1	1790218783305	201970	wait=0
824	unconfirmed	r1	1790218783508	199538	wait=0
825	unconfirmed	r1	1790218783610	101903	wait=0
826	unconfirmed	r1	1790218783712	101928	wait=0
827	unconfirmed	r1	1790218783913	197232	wait=0
828	unconfirmed	r1	1790218784016	101637	wait=0
829	unconfirmed	r1	1790218784220	203268	wait=0
830	unconfirmed	r1	1790218784322	101192	wait=0
831	unconfirmed	r1	1790218784531	206740	wait=0
832	unconfirmed	r1	1790218784735	200664	wait=0
833	unconfirmed	r1	1790218784936	198694	wait=0
834	unconfirmed	r1	1790218785141	202761	wait=0
835	unconfirmed	r1	1790218785345	200943	wait=0
836	unconfirmed	r1	1790218785448	101449	wait=0
837	unconfirmed	r1	1790218785550	101695	wait=0
838	unconfirmed	r1	1790218785757	205895	wait=0
839	unconfirmed	r1	1790218785954	194865	wait=0
840	unconfirmed	r1	1790218786156	201971	wait=0
841	unconfirmed	r1	1790218786359	199971	wait=0
842	unconfirmed	r1	1790218786563	198122	wait=0
843	unconfirmed	r1	1790218786764	196756	wait=0
844	ack	r2	1790218786766	207	wait=1
845	ack	r2	1790218786767	214	wait=1
846	ack	r2	1790218786767	212	wait=1
847	ack	r2	1790218786767	247	wait=1
848	ack	r2	1790218786768	259	wait=1
849	ack	r2	1790218786768	453	wait=1
850	ack	r2	1790218786769	271	wait=1
851	ack	r2	1790218786769	273	wait=1
852	ack	r2	1790218786769	109	wait=1
853	ack	r2	1790218786770	106	wait=1
854	ack	r2	1790218786770	299	wait=1
855	ack	r2	1790218786770	266	wait=1
856	ack	r2	1790218786771	143	wait=1
857	ack	r2	1790218786771	194	wait=1
858	ack	r2	1790218786771	157	wait=1
859	ack	r2	1790218786772	180	wait=1
860	ack	r2	1790218786772	175	wait=1
861	ack	r2	1790218786772	144	wait=1
862	ack	r2	1790218786772	186	wait=1
863	ack	r2	1790218786773	152	wait=1
864	ack	r2	1790218786773	128	wait=1
865	ack	r2	1790218786773	148	wait=1
866	ack	r2	1790218786774	145	wait=1
867	ack	r2	1790218786774	153	wait=1
868	ack	r2	1790218786774	144	wait=1
869	ack	r2	1790218786774	205	wait=1
870	ack	r2	1790218786775	148	wait=1
871	ack	r2	1790218786775	166	wait=1
872	ack	r2	1790218786775	158	wait=1
873	ack	r2	1790218786775	172	wait=1
874	ack	r2	1790218786776	152	wait=1
875	ack	r2	1790218786776	137	wait=1
876	ack	r2	1790218786776	155	wait=1
877	ack	r2	1790218786777	175	wait=1
878	ack	r2	1790218786777	148	wait=1
879	ack	r2	1790218786777	155	wait=1
880	ack	r2	1790218786777	192	wait=1
881	ack	r2	1790218786778	192	wait=1
882	ack	r2	1790218786778	188	wait=1
883	ack	r2	1790218786778	179	wait=1
884	ack	r2	1790218786779	178	wait=1
885	ack	r2	1790218786779	229	wait=1
886	ack	r2	1790218786779	169	wait=1
887	ack	r2	1790218786780	167	wait=1
888	ack	r2	1790218786780	172	wait=1
889	ack	r2	1790218786780	113	wait=1
890	ack	r2	1790218786780	176	wait=1
891	ack	r2	1790218786781	185	wait=1
892	ack	r2	1790218786781	214	wait=1
893	ack	r2	1790218786782	270	wait=1
894	ack	r2	1790218786782	270	wait=1
895	ack	r2	1790218786782	155	wait=1
896	ack	r2	1790218786783	206	wait=1
897	ack	r2	1790218786783	247	wait=1
898	ack	r2	1790218786783	258	wait=1
899	ack	r2	1790218786784	167	wait=1
900	ack	r2	1790218786784	186	wait=1
901	ack	r2	1790218786784	185	wait=1
902	ack	r2	1790218786784	150	wait=1
903	ack	r2	1790218786785	198	wait=1
904	ack	r2	1790218786785	165	wait=1
905	ack	r2	1790218786785	192	wait=1
906	ack	r2	1790218786786	161	wait=1
907	ack	r2	1790218786786	190	wait=1
908	ack	r2	1790218786786	209	wait=1
909	ack	r2	1790218786787	251	wait=1
910	ack	r2	1790218786787	347	wait=1
911	ack	r2	1790218786788	163	wait=1
912	ack	r2	1790218786788	133	wait=1
913	ack	r2	1790218786788	209	wait=1
914	ack	r2	1790218786788	153	wait=1
915	ack	r2	1790218786789	175	wait=1
916	ack	r2	1790218786789	168	wait=1
917	ack	r2	1790218786789	185	wait=1
918	ack	r2	1790218786790	199	wait=1
919	ack	r2	1790218786790	191	wait=1
920	ack	r2	1790218786790	127	wait=1
921	ack	r2	1790218786791	111	wait=1
922	ack	r2	1790218786791	162	wait=1
923	ack	r2	1790218786791	216	wait=1
924	ack	r2	1790218786791	187	wait=1
925	ack	r2	1790218786792	122	wait=1
926	ack	r2	1790218786792	204	wait=1
927	ack	r2	1790218786792	152	wait=1
928	ack	r2	1790218786793	171	wait=1
929	ack	r2	1790218786793	103	wait=1
930	ack	r2	1790218786793	175	wait=1
931	ack	r2	1790218786793	141	wait=1
932	ack	r2	1790218786794	170	wait=1
933	ack	r2	1790218786794	91	wait=1
934	ack	r2	1790218786794	206	wait=1
935	ack	r2	1790218786794	178	wait=1
936	ack	r2	1790218786795	101	wait=1
937	ack	r2	1790218786795	181	wait=1
938	ack	r2	1790218786795	155	wait=1
939	ack	r2	1790218786795	151	wait=1
940	ack	r2	1790218786796	172	wait=1
941	ack	r2	1790218786796	106	wait=1
942	ack	r2	1790218786796	129	wait=1
943	ack	r2	1790218786796	148	wait=1
944	ack	r2	1790218786797	170	wait=1
945	ack	r2	1790218786797	87	wait=1
946	ack	r2	1790218786797	95	wait=1
947	ack	r2	1790218786797	173	wait=1
948	ack	r2	1790218786798	175	wait=1
949	ack	r2	1790218786798	119	wait=1
950	ack	r2	1790218786798	149	wait=1
951	ack	r2	1790218786798	106	wait=1
952	ack	r2	1790218786799	170	wait=1
953	ack	r2	1790218786799	116	wait=1
954	ack	r2	1790218786799	161	wait=1
955	ack	r2	1790218786800	167	wait=1
956	ack	r2	1790218786800	169	wait=1
957	ack	r2	1790218786800	169	wait=1
958	ack	r2	1790218786800	171	wait=1
959	ack	r2	1790218786801	150	wait=1
960	ack	r2	1790218786801	141	wait=1
961	ack	r2	1790218786801	175	wait=1
962	ack	r2	1790218786802	147	wait=1
963	ack	r2	1790218786802	170	wait=1
964	ack	r2	1790218786802	210	wait=1
965	ack	r2	1790218786802	189	wait=1
966	ack	r2	1790218786803	230	wait=1
967	ack	r2	1790218786803	257	wait=1
968	ack	r2	1790218786803	167	wait=1
969	ack	r2	1790218786804	274	wait=1
970	ack	r2	1790218786804	233	wait=1
971	ack	r2	1790218786805	207	wait=1
972	ack	r2	1790218786805	101	wait=1
973	ack	r2	1790218786805	118	wait=1
974	ack	r2	1790218786805	144	wait=1
975	ack	r2	1790218786805	143	wait=1
976	ack	r2	1790218786806	165	wait=1
977	ack	r2	1790218786806	145	wait=1
978	ack	r2	1790218786806	167	wait=1
979	ack	r2	1790218786807	137	wait=1
980	ack	r2	1790218786807	167	wait=1
981	ack	r2	1790218786807	107	wait=1
982	ack	r2	1790218786807	128	wait=1
983	ack	r2	1790218786807	164	wait=1
984	ack	r2	1790218786808	132	wait=1
985	ack	r2	1790218786808	130	wait=1
986	ack	r2	1790218786808	117	wait=1
987	ack	r2	1790218786808	162	wait=1
988	ack	r2	1790218786809	134	wait=1
989	ack	r2	1790218786809	165	wait=1
990	ack	r2	1790218786809	101	wait=1
991	ack	r2	1790218786809	134	wait=1
992	ack	r2	1790218786810	161	wait=1
993	ack	r2	1790218786810	143	wait=1
994	ack	r2	1790218786810	80	wait=1
995	ack	r2	1790218786810	178	wait=1
996	ack	r2	1790218786811	86	wait=1
997	ack	r2	1790218786811	136	wait=1
998	ack	r2	1790218786811	160	wait=1
999	ack	r2	1790218786811	138	wait=1
1000	ack	r2	1790218786812	167	wait=1
1001	ack	r2	1790218786812	120	wait=1
1002	ack	r2	1790218786812	183	wait=1
1003	ack	r2	1790218786812	166	wait=1
1004	ack	r2	1790218786813	142	wait=1
1005	ack	r2	1790218786813	176	wait=1
1006	ack	r2	1790218786813	173	wait=1
1007	ack	r2	1790218786813	166	wait=1
1008	ack	r2	1790218786814	155	wait=1
1009	ack	r2	1790218786814	84	wait=1
1010	ack	r2	1790218786814	120	wait=1
1011	ack	r2	1790218786815	164	wait=1
1012	ack	r2	1790218786815	151	wait=1
1013	ack	r2	1790218786815	180	wait=1
1014	ack	r2	1790218786815	159	wait=1
1015	ack	r2	1790218786816	111	wait=1
1016	ack	r2	1790218786816	179	wait=1
1017	ack	r2	1790218786816	144	wait=1
1018	ack	r2	1790218786816	140	wait=1
1019	ack	r2	1790218786817	122	wait=1
1020	ack	r2	1790218786817	186	wait=1
1021	ack	r2	1790218786817	142	wait=1
1022	ack	r2	1790218786817	180	wait=1
1023	ack	r2	1790218786818	128	wait=1
1024	ack	r2	1790218786818	155	wait=1
1025	ack	r2	1790218786818	158	wait=1
1026	ack	r2	1790218786818	151	wait=1
1027	ack	r2	1790218786819	174	wait=1
1028	ack	r2	1790218786819	176	wait=1
1029	ack	r2	1790218786819	157	wait=1
1030	ack	r2	1790218786820	189	wait=1
1031	ack	r2	1790218786820	227	wait=1
1032	ack	r2	1790218786820	203	wait=1
1033	ack	r2	1790218786821	108	wait=1
1034	ack	r2	1790218786821	121	wait=1
1035	ack	r2	1790218786821	221	wait=1
1036	ack	r2	1790218786822	176	wait=1
1037	ack	r2	1790218786822	128	wait=1
1038	ack	r2	1790218786822	169	wait=1
1039	ack	r2	1790218786823	163	wait=1
1040	ack	r2	1790218786823	161	wait=1
1041	ack	r2	1790218786823	243	wait=1
1042	ack	r2	1790218786824	217	wait=1
1043	ack	r2	1790218786824	178	wait=1
1044	ack	r2	1790218786824	207	wait=1
1045	ack	r2	1790218786825	132	wait=1
1046	ack	r2	1790218786825	142	wait=1
1047	ack	r2	1790218786825	231	wait=1
1048	ack	r2	1790218786826	201	wait=1
1049	ack	r2	1790218786826	133	wait=1
1050	ack	r2	1790218786826	199	wait=1
1051	ack	r2	1790218786826	123	wait=1
1052	ack	r2	1790218786827	158	wait=1
1053	ack	r2	1790218786827	173	wait=1
1054	ack	r2	1790218786827	165	wait=1
1055	ack	r2	1790218786827	187	wait=1
1056	ack	r2	1790218786828	166	wait=1
1057	ack	r2	1790218786828	148	wait=1
1058	ack	r2	1790218786828	116	wait=1
1059	ack	r2	1790218786829	186	wait=1
1060	ack	r2	1790218786829	154	wait=1
1061	ack	r2	1790218786829	142	wait=1
1062	ack	r2	1790218786829	169	wait=1
1063	ack	r2	1790218786830	142	wait=1
1064	ack	r2	1790218786830	125	wait=1
1065	ack	r2	1790218786830	148	wait=1
1066	ack	r2	1790218786830	156	wait=1
1067	ack	r2	1790218786831	153	wait=1
1068	ack	r2	1790218786831	176	wait=1
1069	ack	r2	1790218786831	166	wait=1
1070	ack	r2	1790218786831	125	wait=1
1071	ack	r2	1790218786832	120	wait=1
1072	ack	r2	1790218786832	103	wait=1
1073	ack	r2	1790218786832	176	wait=1
1074	ack	r2	1790218786833	158	wait=1
1075	ack	r2	1790218786833	207	wait=1
1076	ack	r2	1790218786833	144	wait=1
1077	ack	r2	1790218786833	192	wait=1
1078	ack	r2	1790218786834	159	wait=1
1079	ack	r2	1790218786834	128	wait=1
1080	ack	r2	1790218786834	155	wait=1
1081	ack	r2	1790218786835	154	wait=1
1082	ack	r2	1790218786835	172	wait=1
1083	ack	r2	1790218786835	120	wait=1
1084	ack	r2	1790218786835	177	wait=1
1085	ack	r2	1790218786836	135	wait=1
1086	ack	r2	1790218786836	161	wait=1
1087	ack	r2	1790218786836	206	wait=1
1088	ack	r2	1790218786837	215	wait=1
1089	ack	r2	1790218786837	122	wait=1
1090	ack	r2	1790218786837	182	wait=1
1091	ack	r2	1790218786837	131	wait=1
1092	ack	r2	1790218786838	162	wait=1
1093	ack	r2	1790218786838	133	wait=1
1094	ack	r2	1790218786838	148	wait=1
1095	ack	r2	1790218786839	168	wait=1
1096	ack	r2	1790218786839	126	wait=1
1097	ack	r2	1790218786839	137	wait=1
1098	ack	r2	1790218786839	185	wait=1
1099	ack	r2	1790218786840	180	wait=1
1100	ack	r2	1790218786840	135	wait=1
1101	ack	r2	1790218786840	112	wait=1
1102	ack	r2	1790218786840	130	wait=1
1103	ack	r2	1790218786841	174	wait=1
1104	ack	r2	1790218786841	152	wait=1
1105	ack	r2	1790218786841	116	wait=1
1106	ack	r2	1790218786841	182	wait=1
1107	ack	r2	1790218786842	134	wait=1
1108	ack	r2	1790218786842	175	wait=1
1109	ack	r2	1790218786842	181	wait=1
1110	ack	r2	1790218786843	200	wait=1
1111	ack	r2	1790218786843	151	wait=1
1112	ack	r2	1790218786843	183	wait=1
1113	ack	r2	1790218786843	159	wait=1
1114	ack	r2	1790218786844	128	wait=1
1115	ack	r2	1790218786844	120	wait=1
1116	ack	r2	1790218786844	188	wait=1
1117	ack	r2	1790218786844	173	wait=1
1118	ack	r2	1790218786845	163	wait=1
1119	ack	r2	1790218786845	170	wait=1
1120	ack	r2	1790218786845	212	wait=1
1121	ack	r2	1790218786846	164	wait=1
1122	ack	r2	1790218786846	151	wait=1
1123	ack	r2	1790218786846	161	wait=1
1124	ack	r2	1790218786847	131	wait=1
1125	ack	r2	1790218786847	140	wait=1
1126	ack	r2	1790218786847	192	wait=1
1127	ack	r2	1790218786847	164	wait=1
1128	ack	r2	1790218786848	120	wait=1
1129	ack	r2	1790218786848	198	wait=1
1130	ack	r2	1790218786848	158	wait=1
1131	ack	r2	1790218786848	185	wait=1
1132	ack	r2	1790218786849	137	wait=1
1133	ack	r2	1790218786849	108	wait=1
1134	ack	r2	1790218786849	149	wait=1
1135	ack	r2	1790218786849	206	wait=1
1136	ack	r2	1790218786850	161	wait=1
1137	ack	r2	1790218786850	104	wait=1
1138	ack	r2	1790218786850	159	wait=1
1139	ack	r2	1790218786850	157	wait=1
1140	ack	r2	1790218786851	135	wait=1
1141	ack	r2	1790218786851	154	wait=1
1142	ack	r2	1790218786851	155	wait=1
1143	ack	r2	1790218786852	166	wait=1
1144	ack	r2	1790218786852	146	wait=1
1145	ack	r2	1790218786852	206	wait=1
1146	ack	r2	1790218786853	216	wait=1
1147	ack	r2	1790218786853	225	wait=1
1148	ack	r2	1790218786853	174	wait=1
1149	ack	r2	1790218786854	211	wait=1
1150	ack	r2	1790218786854	144	wait=1
1151	ack	r2	1790218786854	153	wait=1
1152	ack	r2	1790218786854	163	wait=1
1153	ack	r2	1790218786855	154	wait=1
1154	ack	r2	1790218786855	158	wait=1
1155	ack	r2	1790218786855	185	wait=1
1156	ack	r2	1790218786856	172	wait=1
1157	ack	r2	1790218786856	188	wait=1
1158	ack	r2	1790218786856	110	wait=1
1159	ack	r2	1790218786856	171	wait=1
1160	ack	r2	1790218786857	161	wait=1
1161	ack	r2	1790218786857	152	wait=1
1162	ack	r2	1790218786857	129	wait=1
1163	ack	r2	1790218786858	159	wait=1
1164	ack	r2	1790218786858	166	wait=1
1165	ack	r2	1790218786858	125	wait=1
1166	ack	r2	1790218786858	188	wait=1
1167	ack	r2	1790218786859	163	wait=1
1168	ack	r2	1790218786859	150	wait=1
1169	ack	r2	1790218786859	127	wait=1
1170	ack	r2	1790218786859	165	wait=1
1171	ack	r2	1790218786860	174	wait=1
1172	ack	r2	1790218786860	339	wait=1
1173	ack	r2	1790218786861	265	wait=1
1174	ack	r2	1790218786861	349	wait=1
1175	ack	r2	1790218786862	255	wait=1
1176	ack	r2	1790218786862	220	wait=1
1177	ack	r2	1790218786862	209	wait=1
1178	ack	r2	1790218786863	178	wait=1
1179	ack	r2	1790218786863	215	wait=1
1180	ack	r2	1790218786863	162	wait=1
1181	ack	r2	1790218786864	206	wait=1
1182	ack	r2	1790218786864	112	wait=1
1183	ack	r2	1790218786864	226	wait=1
1184	ack	r2	1790218786864	124	wait=1
1185	ack	r2	1790218786865	201	wait=1
1186	ack	r2	1790218786865	187	wait=1
1187	ack	r2	1790218786865	137	wait=1
1188	ack	r2	1790218786866	351	wait=1
1189	ack	r2	1790218786866	150	wait=1
1190	ack	r2	1790218786867	204	wait=1
1191	ack	r2	1790218786867	311	wait=1
1192	ack	r2	1790218786867	209	wait=1
1193	ack	r2	1790218786868	104	wait=1
1194	ack	r2	1790218786868	301	wait=1
1195	ack	r2	1790218786869	260	wait=1
1196	ack	r2	1790218786869	222	wait=1
1197	ack	r2	1790218786869	208	wait=1
1198	ack	r2	1790218786870	170	wait=1
1199	ack	r2	1790218786870	131	wait=1
1200	ack	r2	1790218786870	270	wait=1
1201	ack	r2	1790218786871	158	wait=1
1202	ack	r2	1790218786871	161	wait=1
1203	ack	r2	1790218786871	123	wait=1
1204	ack	r2	1790218786872	148	wait=1
1205	ack	r2	1790218786872	130	wait=1
1206	ack	r2	1790218786873	666	wait=1
1207	ack	r2	1790218786873	209	wait=1
1208	ack	r2	1790218786915	41883	wait=1
1209	ack	r2	1790218786916	194	wait=1
1210	ack	r2	1790218786916	152	wait=1
1211	ack	r2	1790218786916	130	wait=1
1212	ack	r2	1790218786916	195	wait=1
1213	ack	r2	1790218786917	175	wait=1
1214	ack	r2	1790218786917	98	wait=1
1215	ack	r2	1790218786917	155	wait=1
1216	ack	r2	1790218786918	189	wait=1
1217	ack	r2	1790218786918	165	wait=1
1218	ack	r2	1790218786918	165	wait=1
1219	ack	r2	1790218786918	110	wait=1
1220	ack	r2	1790218786919	327	wait=1
1221	ack	r2	1790218786919	243	wait=1
1222	ack	r2	1790218786920	198	wait=1
1223	ack	r2	1790218786920	181	wait=1
1224	ack	r2	1790218786920	184	wait=1
1225	ack	r2	1790218786921	167	wait=1
1226	ack	r2	1790218786921	108	wait=1
1227	ack	r2	1790218786921	190	wait=1
1228	ack	r2	1790218786921	109	wait=1
1229	ack	r2	1790218786922	222	wait=1
1230	ack	r2	1790218786922	165	wait=1
1231	ack	r2	1790218786922	220	wait=1
1232	ack	r2	1790218786923	107	wait=1
1233	ack	r2	1790218786923	105	wait=1
1234	ack	r2	1790218786923	124	wait=1
1235	ack	r2	1790218786923	170	wait=1
1236	ack	r2	1790218786924	104	wait=1
1237	ack	r2	1790218786924	166	wait=1
1238	ack	r2	1790218786924	86	wait=1
1239	ack	r2	1790218786924	102	wait=1
1240	ack	r2	1790218786925	183	wait=1
1241	ack	r2	1790218786925	117	wait=1
1242	ack	r2	1790218786925	134	wait=1
1243	ack	r2	1790218786925	189	wait=1
1244	ack	r2	1790218786926	107	wait=1
1245	ack	r2	1790218786926	168	wait=1
1246	ack	r2	1790218786926	120	wait=1
1247	ack	r2	1790218786926	183	wait=1
1248	ack	r2	1790218786927	132	wait=1
1249	ack	r2	1790218786927	145	wait=1
1250	ack	r2	1790218786927	163	wait=1
1251	ack	r2	1790218786928	172	wait=1
1252	ack	r2	1790218786928	117	wait=1
1253	ack	r2	1790218786928	197	wait=1
1254	ack	r2	1790218786928	119	wait=1
1255	ack	r2	1790218786929	166	wait=1
1256	ack	r2	1790218786929	105	wait=1
1257	ack	r2	1790218786929	158	wait=1
1258	ack	r2	1790218786929	86	wait=1
1259	ack	r2	1790218786930	142	wait=1
1260	ack	r2	1790218786930	163	wait=1
1261	ack	r2	1790218786930	139	wait=1
1262	ack	r2	1790218786930	165	wait=1
1263	ack	r2	1790218786931	95	wait=1
1264	ack	r2	1790218786931	165	wait=1
1265	ack	r2	1790218786931	144	wait=1
1266	ack	r2	1790218786931	205	wait=1
1267	ack	r2	1790218786932	96	wait=1
1268	ack	r2	1790218786932	165	wait=1
1269	ack	r2	1790218786932	141	wait=1
1270	ack	r2	1790218786932	112	wait=1
1271	ack	r2	1790218786933	163	wait=1
1272	ack	r2	1790218786933	95	wait=1
1273	ack	r2	1790218786933	156	wait=1
1274	ack	r2	1790218786933	164	wait=1
1275	ack	r2	1790218786933	83	wait=1
1276	ack	r2	1790218786934	166	wait=1
1277	ack	r2	1790218786934	112	wait=1
1278	ack	r2	1790218786934	166	wait=1
1279	ack	r2	1790218786934	120	wait=1
1280	ack	r2	1790218786935	163	wait=1
1281	ack	r2	1790218786935	166	wait=1
1282	ack	r2	1790218786935	190	wait=1
1283	ack	r2	1790218786936	165	wait=1
1284	ack	r2	1790218786936	144	wait=1
1285	ack	r2	1790218786936	190	wait=1
1286	ack	r2	1790218786936	190	wait=1
1287	ack	r2	1790218786937	191	wait=1
1288	ack	r2	1790218786937	164	wait=1
1289	ack	r2	1790218786937	150	wait=1
1290	ack	r2	1790218786938	183	wait=1
1291	ack	r2	1790218786938	100	wait=1
1292	ack	r2	1790218786938	184	wait=1
1293	ack	r2	1790218786938	179	wait=1
1294	ack	r2	1790218786939	73	wait=1
1295	ack	r2	1790218786939	185	wait=1
1296	ack	r2	1790218786939	195	wait=1
1297	ack	r2	1790218786939	119	wait=1
1298	ack	r2	1790218786940	82	wait=1
1299	ack	r2	1790218786940	173	wait=1
1300	ack	r2	1790218786940	152	wait=1
1301	ack	r2	1790218786940	177	wait=1
1302	ack	r2	1790218786941	113	wait=1
1303	ack	r2	1790218786941	182	wait=1
1304	ack	r2	1790218786941	120	wait=1
1305	ack	r2	1790218786941	173	wait=1
1306	ack	r2	1790218786942	107	wait=1
1307	ack	r2	1790218786942	124	wait=1
1308	ack	r2	1790218786942	160	wait=1
1309	ack	r2	1790218786942	130	wait=1
1310	ack	r2	1790218786943	218	wait=1
1311	ack	r2	1790218786943	191	wait=1
1312	ack	r2	1790218786943	172	wait=1
1313	ack	r2	1790218786944	190	wait=1
1314	ack	r2	1790218786944	153	wait=1
1315	ack	r2	1790218786944	192	wait=1
1316	ack	r2	1790218786945	191	wait=1
1317	ack	r2	1790218786945	123	wait=1
1318	ack	r2	1790218786945	141	wait=1
1319	ack	r2	1790218786945	174	wait=1
1320	ack	r2	1790218786946	103	wait=1
1321	ack	r2	1790218786946	135	wait=1
1322	ack	r2	1790218786946	143	wait=1
1323	ack	r2	1790218786946	186	wait=1
1324	ack	r2	1790218786947	161	wait=1
1325	ack	r2	1790218786947	148	wait=1
1326	ack	r2	1790218786947	171	wait=1
1327	ack	r2	1790218786947	117	wait=1
1328	ack	r2	1790218786948	215	wait=1
1329	ack	r2	1790218786948	124	wait=1
1330	ack	r2	1790218786948	226	wait=1
1331	ack	r2	1790218786949	167	wait=1
1332	ack	r2	1790218786949	136	wait=1
1333	ack	r2	1790218786949	156	wait=1
1334	ack	r2	1790218786950	169	wait=1
1335	ack	r2	1790218786950	173	wait=1
1336	ack	r2	1790218786950	152	wait=1
1337	ack	r2	1790218786950	99	wait=1
1338	ack	r2	1790218786951	129	wait=1
1339	ack	r2	1790218786951	170	wait=1
1340	ack	r2	1790218786951	188	wait=1
1341	ack	r2	1790218786952	160	wait=1
1342	ack	r2	1790218786952	200	wait=1
1343	ack	r2	1790218786952	194	wait=1
1344	ack	r2	1790218786952	230	wait=1
1345	ack	r2	1790218786953	89	wait=1
1346	ack	r2	1790218786953	145	wait=1
1347	ack	r2	1790218786953	240	wait=1
1348	ack	r2	1790218786954	201	wait=1
1349	ack	r2	1790218786954	194	wait=1
1350	ack	r2	1790218786954	115	wait=1
1351	ack	r2	1790218786955	106	wait=1
1352	ack	r2	1790218786955	190	wait=1
1353	ack	r2	1790218786955	164	wait=1
1354	ack	r2	1790218786956	161	wait=1
1355	ack	r2	1790218786956	155	wait=1
1356	ack	r2	1790218786956	153	wait=1
1357	ack	r2	1790218786956	178	wait=1
1358	ack	r2	1790218786957	191	wait=1
1359	ack	r2	1790218786957	175	wait=1
1360	ack	r2	1790218786957	108	wait=1
1361	ack	r2	1790218786958	132	wait=1
1362	ack	r2	1790218786958	186	wait=1
1363	ack	r2	1790218786958	180	wait=1
1364	ack	r2	1790218786958	156	wait=1
1365	ack	r2	1790218786959	173	wait=1
1366	ack	r2	1790218786959	135	wait=1
1367	ack	r2	1790218786959	152	wait=1
1368	ack	r2	1790218786959	124	wait=1
1369	ack	r2	1790218786960	142	wait=1
1370	ack	r2	1790218786960	129	wait=1
1371	ack	r2	1790218786960	156	wait=1
1372	ack	r2	1790218786960	140	wait=1
1373	ack	r2	1790218786961	191	wait=1
1374	ack	r2	1790218786961	150	wait=1
1375	ack	r2	1790218786961	156	wait=1
1376	ack	r2	1790218786962	162	wait=1
1377	ack	r2	1790218786962	186	wait=1
1378	ack	r2	1790218786962	136	wait=1
1379	ack	r2	1790218786962	144	wait=1
1380	ack	r2	1790218786963	136	wait=1
1381	ack	r2	1790218786963	99	wait=1
1382	ack	r2	1790218786963	97	wait=1
1383	ack	r2	1790218786963	141	wait=1
1384	ack	r2	1790218786965	264	wait=1
1385	ack	r2	1790218786965	308	wait=1
1386	ack	r2	1790218786965	163	wait=1
1387	ack	r2	1790218786966	138	wait=1
1388	ack	r2	1790218786966	270	wait=1
1389	ack	r2	1790218786966	146	wait=1
1390	ack	r2	1790218786967	201	wait=1
1391	ack	r2	1790218786967	101	wait=1
1392	ack	r2	1790218786967	163	wait=1
1393	ack	r2	1790218786967	181	wait=1
1394	ack	r2	1790218786968	265	wait=1
1395	ack	r2	1790218786968	177	wait=1
1396	ack	r2	1790218786969	311	wait=1
1397	ack	r2	1790218786969	184	wait=1
1398	ack	r2	1790218786969	132	wait=1
1399	ack	r2	1790218786969	155	wait=1
1400	ack	r2	1790218786970	235	wait=1
1401	ack	r2	1790218786970	151	wait=1
1402	ack	r2	1790218786970	205	wait=1
1403	ack	r2	1790218786971	130	wait=1
1404	ack	r2	1790218786971	97	wait=1
1405	ack	r2	1790218786971	145	wait=1
1406	ack	r2	1790218786971	158	wait=1
1407	ack	r2	1790218786972	157	wait=1
1408	ack	r2	1790218786972	146	wait=1
1409	ack	r2	1790218786972	172	wait=1
1410	ack	r2	1790218786973	178	wait=1
1411	ack	r2	1790218786973	124	wait=1
1412	ack	r2	1790218786973	162	wait=1
1413	ack	r2	1790218786973	156	wait=1
1414	ack	r2	1790218786974	196	wait=1
1415	ack	r2	1790218786974	152	wait=1
1416	ack	r2	1790218786974	155	wait=1
1417	ack	r2	1790218786975	160	wait=1
1418	ack	r2	1790218786975	226	wait=1
1419	ack	r2	1790218786975	176	wait=1
1420	ack	r2	1790218786976	224	wait=1
1421	ack	r2	1790218786976	181	wait=1
1422	ack	r2	1790218786976	148	wait=1
1423	ack	r2	1790218786976	131	wait=1
1424	ack	r2	1790218786977	116	wait=1
1425	ack	r2	1790218786977	69	wait=1
1426	ack	r2	1790218786977	78	wait=1
1427	ack	r2	1790218786977	110	wait=1
1428	ack	r2	1790218786978	336	wait=1
1429	ack	r2	1790218786978	141	wait=1
1430	ack	r2	1790218786979	313	wait=1
1431	ack	r2	1790218786980	166	wait=1
1432	ack	r2	1790218786980	187	wait=1
1433	ack	r2	1790218786980	215	wait=1
1434	ack	r2	1790218786980	185	wait=1
1435	ack	r2	1790218786981	190	wait=1
1436	ack	r2	1790218786981	177	wait=1
1437	ack	r2	1790218786981	184	wait=1
1438	ack	r2	1790218786982	121	wait=1
1439	ack	r2	1790218786982	129	wait=1
1440	ack	r2	1790218786982	139	wait=1
1441	ack	r2	1790218786982	86	wait=1
1442	ack	r2	1790218786983	139	wait=1
1443	ack	r2	1790218786983	217	wait=1
1444	ack	r2	1790218786983	205	wait=1
1445	ack	r2	1790218786983	86	wait=1
1446	ack	r2	1790218786984	103	wait=1
1447	ack	r2	1790218786984	148	wait=1
1448	ack	r2	1790218786984	140	wait=1
1449	ack	r2	1790218786984	148	wait=1
1450	ack	r2	1790218786985	153	wait=1
1451	ack	r2	1790218786985	186	wait=1
1452	ack	r2	1790218786985	82	wait=1
1453	ack	r2	1790218786985	129	wait=1
1454	ack	r2	1790218786986	159	wait=1
1455	ack	r2	1790218786986	129	wait=1
1456	ack	r2	1790218786986	159	wait=1
1457	ack	r2	1790218786987	156	wait=1
1458	ack	r2	1790218786987	145	wait=1
1459	ack	r2	1790218786987	126	wait=1
1460	ack	r2	1790218786987	174	wait=1
1461	ack	r2	1790218786988	146	wait=1
1462	ack	r2	1790218786988	115	wait=1
1463	ack	r2	1790218786988	182	wait=1
1464	ack	r2	1790218786988	175	wait=1
1465	ack	r2	1790218786989	142	wait=1
1466	ack	r2	1790218786989	207	wait=1
1467	ack	r2	1790218786989	209	wait=1
1468	ack	r2	1790218786990	176	wait=1
1469	ack	r2	1790218786990	152	wait=1
1470	ack	r2	1790218786990	149	wait=1
1471	ack	r2	1790218786990	103	wait=1
1472	ack	r2	1790218786991	159	wait=1
1473	ack	r2	1790218786991	155	wait=1
1474	ack	r2	1790218786991	133	wait=1
1475	ack	r2	1790218786991	123	wait=1
1476	ack	r2	1790218786992	158	wait=1
1477	ack	r2	1790218786992	156	wait=1
1478	ack	r2	1790218786992	177	wait=1
1479	ack	r2	1790218786992	115	wait=1
1480	ack	r2	1790218786993	177	wait=1
1481	ack	r2	1790218786993	150	wait=1
1482	ack	r2	1790218786993	97	wait=1
1483	ack	r2	1790218786993	121	wait=1
1484	ack	r2	1790218786994	181	wait=1
1485	ack	r2	1790218786994	144	wait=1
1486	ack	r2	1790218786994	171	wait=1
1487	ack	r2	1790218786995	150	wait=1
1488	ack	r2	1790218786995	172	wait=1
1489	ack	r2	1790218786995	108	wait=1
1490	ack	r2	1790218786995	191	wait=1
1491	ack	r2	1790218786996	118	wait=1
1492	ack	r2	1790218786996	135	wait=1
1493	ack	r2	1790218786996	176	wait=1
1494	ack	r2	1790218786996	132	wait=1
1495	ack	r2	1790218786997	164	wait=1
1496	ack	r2	1790218786997	140	wait=1
1497	ack	r2	1790218786997	173	wait=1
1498	ack	r2	1790218786997	164	wait=1
1499	ack	r2	1790218786998	187	wait=1
1500	ack	r2	1790218786998	152	wait=1
1501	ack	r2	1790218786998	154	wait=1
1502	ack	r2	1790218786999	102	wait=1
1503	ack	r2	1790218786999	167	wait=1
1504	ack	r2	1790218786999	159	wait=1
1505	ack	r2	1790218786999	123	wait=1
1506	ack	r2	1790218787000	188	wait=1
1507	ack	r2	1790218787000	154	wait=1
1508	ack	r2	1790218787000	138	wait=1
1509	ack	r2	1790218787000	115	wait=1
1510	ack	r2	1790218787001	130	wait=1
1511	ack	r2	1790218787001	174	wait=1
1512	ack	r2	1790218787001	115	wait=1
1513	ack	r2	1790218787001	144	wait=1
1514	ack	r2	1790218787002	124	wait=1
1515	ack	r2	1790218787002	117	wait=1
1516	ack	r2	1790218787002	107	wait=1
1517	ack	r2	1790218787002	187	wait=1
1518	ack	r2	1790218787003	170	wait=1
1519	ack	r2	1790218787003	122	wait=1
1520	ack	r2	1790218787003	169	wait=1
1521	ack	r2	1790218787003	138	wait=1
1522	ack	r2	1790218787004	193	wait=1
1523	ack	r2	1790218787004	109	wait=1
1524	ack	r2	1790218787004	180	wait=1
1525	ack	r2	1790218787004	179	wait=1
1526	ack	r2	1790218787005	136	wait=1
1527	ack	r2	1790218787005	144	wait=1
1528	ack	r2	1790218787005	165	wait=1
1529	ack	r2	1790218787005	165	wait=1
1530	ack	r2	1790218787006	158	wait=1
1531	ack	r2	1790218787006	168	wait=1
1532	ack	r2	1790218787006	129	wait=1
1533	ack	r2	1790218787006	131	wait=1
1534	ack	r2	1790218787007	174	wait=1
1535	ack	r2	1790218787007	159	wait=1
1536	ack	r2	1790218787007	172	wait=1
1537	ack	r2	1790218787008	181	wait=1
1538	ack	r2	1790218787008	183	wait=1
1539	ack	r2	1790218787008	159	wait=1
1540	ack	r2	1790218787008	129	wait=1
1541	ack	r2	1790218787009	148	wait=1
1542	ack	r2	1790218787009	186	wait=1
1543	ack	r2	1790218787009	146	wait=1
1544	ack	r2	1790218787009	122	wait=1
1545	ack	r2	1790218787010	181	wait=1
1546	ack	r2	1790218787010	201	wait=1
1547	ack	r2	1790218787010	162	wait=1
1548	ack	r2	1790218787011	175	wait=1
1549	ack	r2	1790218787011	148	wait=1
1550	ack	r2	1790218787011	190	wait=1
1551	ack	r2	1790218787012	231	wait=1
1552	ack	r2	1790218787012	128	wait=1
1553	ack	r2	1790218787012	158	wait=1
1554	ack	r2	1790218787012	171	wait=1
1555	ack	r2	1790218787013	132	wait=1
1556	ack	r2	1790218787013	128	wait=1
1557	ack	r2	1790218787013	221	wait=1
1558	ack	r2	1790218787013	171	wait=1
1559	ack	r2	1790218787014	167	wait=1
1560	ack	r2	1790218787014	115	wait=1
1561	ack	r2	1790218787014	153	wait=1
1562	ack	r2	1790218787014	195	wait=1
1563	ack	r2	1790218787015	178	wait=1
1564	ack	r2	1790218787015	151	wait=1
1565	ack	r2	1790218787015	178	wait=1
1566	ack	r2	1790218787016	172	wait=1
1567	ack	r2	1790218787016	165	wait=1
1568	ack	r2	1790218787016	121	wait=1
1569	ack	r2	1790218787016	145	wait=1
1570	ack	r2	1790218787017	168	wait=1
1571	ack	r2	1790218787017	151	wait=1
1572	ack	r2	1790218787017	171	wait=1
1573	ack	r2	1790218787017	143	wait=1
1574	ack	r2	1790218787018	100	wait=1
1575	ack	r2	1790218787018	128	wait=1
1576	ack	r2	1790218787018	113	wait=1
1577	ack	r2	1790218787018	174	wait=1
1578	ack	r2	1790218787019	136	wait=1
1579	ack	r2	1790218787019	169	wait=1
1580	ack	r2	1790218787019	117	wait=1
1581	ack	r2	1790218787019	130	wait=1
1582	ack	r2	1790218787020	124	wait=1
1583	ack	r2	1790218787020	135	wait=1
1584	ack	r2	1790218787020	200	wait=1
1585	ack	r2	1790218787021	150	wait=1
1586	ack	r2	1790218787021	172	wait=1
1587	ack	r2	1790218787021	145	wait=1
1588	ack	r2	1790218787021	202	wait=1
1589	ack	r2	1790218787022	145	wait=1
1590	ack	r2	1790218787022	176	wait=1
1591	ack	r2	1790218787022	119	wait=1
1592	ack	r2	1790218787022	135	wait=1
1593	ack	r2	1790218787023	171	wait=1
1594	ack	r2	1790218787023	159	wait=1
1595	ack	r2	1790218787023	149	wait=1
1596	ack	r2	1790218787024	164	wait=1
1597	ack	r2	1790218787024	120	wait=1
1598	ack	r2	1790218787024	141	wait=1
1599	ack	r2	1790218787024	169	wait=1
1600	ack	r2	1790218787025	142	wait=1
1601	ack	r2	1790218787025	120	wait=1
1602	ack	r2	1790218787025	197	wait=1
1603	ack	r2	1790218787025	123	wait=1
1604	ack	r2	1790218787026	116	wait=1
1605	ack	r2	1790218787026	159	wait=1
1606	ack	r2	1790218787026	133	wait=1
1607	ack	r2	1790218787026	123	wait=1
1608	ack	r2	1790218787027	195	wait=1
1609	ack	r2	1790218787027	140	wait=1
1610	ack	r2	1790218787027	139	wait=1
1611	ack	r2	1790218787027	193	wait=1
1612	ack	r2	1790218787028	109	wait=1
1613	ack	r2	1790218787028	146	wait=1
1614	ack	r2	1790218787028	166	wait=1
1615	ack	r2	1790218787028	141	wait=1
1616	ack	r2	1790218787029	192	wait=1
1617	ack	r2	1790218787029	174	wait=1
1618	ack	r2	1790218787029	104	wait=1
1619	ack	r2	1790218787029	166	wait=1
1620	ack	r2	1790218787030	96	wait=1
1621	ack	r2	1790218787030	112	wait=1
1622	ack	r2	1790218787030	286	wait=1
1623	ack	r2	1790218787030	131	wait=1
1624	ack	r2	1790218787031	128	wait=1
1625	ack	r2	1790218787031	135	wait=1
1626	ack	r2	1790218787031	175	wait=1
1627	ack	r2	1790218787032	146	wait=1
1628	ack	r2	1790218787032	173	wait=1
1629	ack	r2	1790218787032	107	wait=1
1630	ack	r2	1790218787032	188	wait=1
1631	ack	r2	1790218787033	128	wait=1
1632	ack	r2	1790218787033	119	wait=1
1633	ack	r2	1790218787033	83	wait=1
1634	ack	r2	1790218787033	174	wait=1
1635	ack	r2	1790218787033	123	wait=1
1636	ack	r2	1790218787034	115	wait=1
1637	ack	r2	1790218787034	187	wait=1
1638	ack	r2	1790218787034	111	wait=1
1639	ack	r2	1790218787034	143	wait=1
1640	ack	r2	1790218787035	204	wait=1
1641	ack	r2	1790218787035	141	wait=1
1642	ack	r2	1790218787035	176	wait=1
1643	ack	r2	1790218787035	106	wait=1
1644	ack	r2	1790218787036	327	wait=1
1645	ack	r2	1790218787036	257	wait=1
1646	ack	r2	1790218787037	246	wait=1
1647	ack	r2	1790218787037	196	wait=1
1648	ack	r2	1790218787037	146	wait=1
1649	ack	r2	1790218787038	171	wait=1
1650	ack	r2	1790218787038	96	wait=1
1651	ack	r2	1790218787038	137	wait=1
1652	ack	r2	1790218787038	134	wait=1
1653	ack	r2	1790218787039	190	wait=1
1654	ack	r2	1790218787039	156	wait=1
1655	ack	r2	1790218787039	101	wait=1
1656	ack	r2	1790218787039	188	wait=1
1657	ack	r2	1790218787040	119	wait=1
1658	ack	r2	1790218787040	205	wait=1
1659	ack	r2	1790218787040	113	wait=1
1660	ack	r2	1790218787040	184	wait=1
1661	ack	r2	1790218787041	147	wait=1
1662	ack	r2	1790218787041	165	wait=1
1663	ack	r2	1790218787041	157	wait=1
1664	ack	r2	1790218787042	172	wait=1
1665	ack	r2	1790218787042	152	wait=1
1666	ack	r2	1790218787042	191	wait=1
1667	ack	r2	1790218787042	159	wait=1
1668	ack	r2	1790218787043	168	wait=1
1669	ack	r2	1790218787043	184	wait=1
1670	ack	r2	1790218787043	106	wait=1
1671	ack	r2	1790218787043	176	wait=1
1672	ack	r2	1790218787044	178	wait=1
1673	ack	r2	1790218787044	147	wait=1
1674	ack	r2	1790218787044	218	wait=1
1675	ack	r2	1790218787045	139	wait=1
1676	ack	r2	1790218787045	216	wait=1
1677	ack	r2	1790218787045	135	wait=1
1678	ack	r2	1790218787045	129	wait=1
1679	ack	r2	1790218787046	136	wait=1
1680	ack	r2	1790218787046	144	wait=1
1681	ack	r2	1790218787046	109	wait=1
1682	ack	r2	1790218787046	170	wait=1
1683	ack	r2	1790218787047	163	wait=1
1684	ack	r2	1790218787047	157	wait=1
1685	ack	r2	1790218787047	156	wait=1
1686	ack	r2	1790218787048	201	wait=1
1687	ack	r2	1790218787048	214	wait=1
1688	ack	r2	1790218787048	133	wait=1
1689	ack	r2	1790218787048	201	wait=1
1690	ack	r2	1790218787049	159	wait=1
1691	ack	r2	1790218787049	144	wait=1
1692	ack	r2	1790218787049	132	wait=1
1693	ack	r2	1790218787050	218	wait=1
1694	ack	r2	1790218787050	156	wait=1
1695	ack	r2	1790218787050	203	wait=1
1696	ack	r2	1790218787050	162	wait=1
1697	ack	r2	1790218787051	182	wait=1
1698	ack	r2	1790218787051	155	wait=1
1699	ack	r2	1790218787051	174	wait=1
1700	ack	r2	1790218787052	112	wait=1
1701	ack	r2	1790218787052	170	wait=1
1702	ack	r2	1790218787052	174	wait=1
1703	ack	r2	1790218787052	172	wait=1
1704	ack	r2	1790218787053	175	wait=1
1705	ack	r2	1790218787053	154	wait=1
1706	ack	r2	1790218787053	146	wait=1
1707	ack	r2	1790218787053	173	wait=1
1708	ack	r2	1790218787054	173	wait=1
1709	ack	r2	1790218787054	178	wait=1
1710	ack	r2	1790218787054	184	wait=1
1711	ack	r2	1790218787055	163	wait=1
1712	ack	r2	1790218787055	140	wait=1
1713	ack	r2	1790218787055	124	wait=1
1714	ack	r2	1790218787055	156	wait=1
1715	ack	r2	1790218787056	170	wait=1
1716	ack	r2	1790218787056	176	wait=1
1717	ack	r2	1790218787056	151	wait=1
1718	ack	r2	1790218787057	160	wait=1
1719	ack	r2	1790218787057	159	wait=1
1720	ack	r2	1790218787057	128	wait=1
1721	ack	r2	1790218787057	179	wait=1
1722	ack	r2	1790218787058	156	wait=1
1723	ack	r2	1790218787058	140	wait=1
1724	ack	r2	1790218787058	169	wait=1
1725	ack	r2	1790218787059	159	wait=1
1726	ack	r2	1790218787059	205	wait=1
1727	ack	r2	1790218787059	92	wait=1
1728	ack	r2	1790218787059	183	wait=1
1729	ack	r2	1790218787060	154	wait=1
1730	ack	r2	1790218787060	199	wait=1
1731	ack	r2	1790218787060	156	wait=1
1732	ack	r2	1790218787061	174	wait=1
1733	ack	r2	1790218787061	168	wait=1
1734	ack	r2	1790218787061	143	wait=1
1735	ack	r2	1790218787061	140	wait=1
1736	ack	r2	1790218787062	199	wait=1
1737	ack	r2	1790218787062	170	wait=1
1738	ack	r2	1790218787062	130	wait=1
1739	ack	r2	1790218787062	98	wait=1
1740	ack	r2	1790218787063	166	wait=1
1741	ack	r2	1790218787063	141	wait=1
1742	ack	r2	1790218787063	158	wait=1
1743	ack	r2	1790218787063	142	wait=1
1744	ack	r2	1790218787064	140	wait=1
1745	ack	r2	1790218787064	137	wait=1
1746	ack	r2	1790218787064	163	wait=1
1747	ack	r2	1790218787065	140	wait=1
1748	ack	r2	1790218787065	179	wait=1
1749	ack	r2	1790218787065	130	wait=1
1750	ack	r2	1790218787065	173	wait=1
1751	ack	r2	1790218787066	110	wait=1
1752	ack	r2	1790218787066	197	wait=1
1753	ack	r2	1790218787066	174	wait=1
1754	ack	r2	1790218787066	155	wait=1
1755	ack	r2	1790218787067	210	wait=1
1756	ack	r2	1790218787067	169	wait=1
1757	ack	r2	1790218787067	173	wait=1
1758	ack	r2	1790218787068	157	wait=1
1759	ack	r2	1790218787068	170	wait=1
1760	ack	r2	1790218787068	205	wait=1
1761	ack	r2	1790218787068	93	wait=1
1762	ack	r2	1790218787069	180	wait=1
1763	ack	r2	1790218787069	91	wait=1
1764	ack	r2	1790218787069	130	wait=1
1765	ack	r2	1790218787069	174	wait=1
1766	ack	r2	1790218787070	114	wait=1
1767	ack	r2	1790218787070	153	wait=1
1768	ack	r2	1790218787070	115	wait=1
1769	ack	r2	1790218787070	190	wait=1
1770	ack	r2	1790218787071	162	wait=1
1771	ack	r2	1790218787071	185	wait=1
1772	ack	r2	1790218787071	168	wait=1
1773	ack	r2	1790218787072	145	wait=1
1774	ack	r2	1790218787072	171	wait=1
1775	ack	r2	1790218787072	189	wait=1
1776	ack	r2	1790218787072	109	wait=1
1777	ack	r2	1790218787073	211	wait=1
1778	ack	r2	1790218787073	89	wait=1
1779	ack	r2	1790218787073	188	wait=1
1780	ack	r2	1790218787073	128	wait=1
1781	ack	r2	1790218787074	130	wait=1
1782	ack	r2	1790218787074	159	wait=1
1783	ack	r2	1790218787074	119	wait=1
1784	ack	r2	1790218787074	188	wait=1
1785	ack	r2	1790218787075	172	wait=1
1786	ack	r2	1790218787075	145	wait=1
1787	ack	r2	1790218787075	205	wait=1
1788	ack	r2	1790218787075	150	wait=1
1789	ack	r2	1790218787076	171	wait=1
1790	ack	r2	1790218787076	180	wait=1
1791	ack	r2	1790218787076	195	wait=1
1792	ack	r2	1790218787077	130	wait=1
1793	ack	r2	1790218787077	167	wait=1
1794	ack	r2	1790218787077	155	wait=1
1795	ack	r2	1790218787078	158	wait=1
1796	ack	r2	1790218787078	223	wait=1
1797	ack	r2	1790218787078	134	wait=1
1798	ack	r2	1790218787078	164	wait=1
1799	ack	r2	1790218787079	160	wait=1
1800	ack	r2	1790218787079	176	wait=1
1801	ack	r2	1790218787079	184	wait=1
1802	ack	r2	1790218787080	158	wait=1
1803	ack	r2	1790218787080	134	wait=1
1804	ack	r2	1790218787080	130	wait=1
1805	ack	r2	1790218787080	158	wait=1
1806	ack	r2	1790218787081	170	wait=1
1807	ack	r2	1790218787081	179	wait=1
1808	ack	r2	1790218787081	89	wait=1
1809	ack	r2	1790218787081	215	wait=1
1810	ack	r2	1790218787082	174	wait=1
1811	ack	r2	1790218787082	139	wait=1
1812	ack	r2	1790218787082	114	wait=1
1813	ack	r2	1790218787082	199	wait=1
1814	ack	r2	1790218787083	130	wait=1
1815	ack	r2	1790218787083	175	wait=1
1816	ack	r2	1790218787083	127	wait=1
1817	ack	r2	1790218787084	132	wait=1
1818	ack	r2	1790218787084	134	wait=1
1819	ack	r2	1790218787084	114	wait=1
1820	ack	r2	1790218787084	211	wait=1
1821	ack	r2	1790218787085	174	wait=1
1822	ack	r2	1790218787085	201	wait=1
1823	ack	r2	1790218787085	145	wait=1
1824	ack	r2	1790218787085	191	wait=1
1825	ack	r2	1790218787086	128	wait=1
1826	ack	r2	1790218787086	131	wait=1
1827	ack	r2	1790218787086	282	wait=1
1828	ack	r2	1790218787087	164	wait=1
1829	ack	r2	1790218787087	191	wait=1
1830	ack	r2	1790218787087	130	wait=1
1831	ack	r2	1790218787087	227	wait=1
1832	ack	r2	1790218787088	107	wait=1
1833	ack	r2	1790218787088	158	wait=1
1834	ack	r2	1790218787088	150	wait=1
1835	ack	r2	1790218787088	111	wait=1
1836	ack	r2	1790218787089	211	wait=1
1837	ack	r2	1790218787089	109	wait=1
1838	ack	r2	1790218787089	187	wait=1
1839	ack	r2	1790218787089	112	wait=1
1840	ack	r2	1790218787090	160	wait=1
1841	ack	r2	1790218787090	171	wait=1
1842	ack	r2	1790218787090	151	wait=1
1843	ack	r2	1790218787090	162	wait=1
1844	ack	r2	1790218787091	112	wait=1
1845	ack	r2	1790218787091	116	wait=1
1846	ack	r2	1790218787091	163	wait=1
1847	ack	r2	1790218787091	191	wait=1
1848	ack	r2	1790218787092	117	wait=1
1849	ack	r2	1790218787092	179	wait=1
1850	ack	r2	1790218787092	152	wait=1
1851	ack	r2	1790218787093	176	wait=1
1852	ack	r2	1790218787093	116	wait=1
1853	ack	r2	1790218787093	181	wait=1
1854	ack	r2	1790218787093	129	wait=1
1855	ack	r2	1790218787094	191	wait=1
1856	ack	r2	1790218787094	138	wait=1
1857	ack	r2	1790218787094	165	wait=1
1858	ack	r2	1790218787094	154	wait=1
1859	ack	r2	1790218787095	170	wait=1
1860	ack	r2	1790218787095	174	wait=1
1861	ack	r2	1790218787095	117	wait=1
1862	ack	r2	1790218787095	173	wait=1
1863	ack	r2	1790218787096	115	wait=1
1864	ack	r2	1790218787096	127	wait=1
1865	ack	r2	1790218787096	170	wait=1
1866	ack	r2	1790218787096	115	wait=1
1867	ack	r2	1790218787097	166	wait=1
1868	ack	r2	1790218787097	146	wait=1
1869	ack	r2	1790218787097	197	wait=1
1870	ack	r2	1790218787097	156	wait=1
1871	ack	r2	1790218787098	111	wait=1
1872	ack	r2	1790218787098	130	wait=1
1873	ack	r2	1790218787098	188	wait=1
1874	ack	r2	1790218787099	170	wait=1
1875	ack	r2	1790218787099	158	wait=1
1876	ack	r2	1790218787099	175	wait=1
1877	ack	r2	1790218787099	169	wait=1
1878	ack	r2	1790218787100	195	wait=1
1879	ack	r2	1790218787100	160	wait=1
1880	ack	r2	1790218787100	179	wait=1
1881	ack	r2	1790218787101	170	wait=1
1882	ack	r2	1790218787101	192	wait=1
1883	ack	r2	1790218787101	140	wait=1
1884	ack	r2	1790218787102	145	wait=1
1885	ack	r2	1790218787102	174	wait=1
1886	ack	r2	1790218787102	166	wait=1
1887	ack	r2	1790218787102	163	wait=1
1888	ack	r2	1790218787103	137	wait=1
1889	ack	r2	1790218787103	210	wait=1
1890	ack	r2	1790218787103	160	wait=1
1891	ack	r2	1790218787104	121	wait=1
1892	ack	r2	1790218787104	128	wait=1
1893	ack	r2	1790218787104	115	wait=1
1894	ack	r2	1790218787104	191	wait=1
1895	ack	r2	1790218787105	115	wait=1
1896	ack	r2	1790218787105	200	wait=1
1897	ack	r2	1790218787105	153	wait=1
1898	ack	r2	1790218787106	169	wait=1
1899	ack	r2	1790218787106	118	wait=1
1900	ack	r2	1790218787106	123	wait=1
1901	ack	r2	1790218787106	133	wait=1
1902	ack	r2	1790218787106	172	wait=1
1903	ack	r2	1790218787107	112	wait=1
1904	ack	r2	1790218787107	149	wait=1
1905	ack	r2	1790218787107	176	wait=1
1906	ack	r2	1790218787108	162	wait=1
1907	ack	r2	1790218787108	117	wait=1
1908	ack	r2	1790218787108	146	wait=1
1909	ack	r2	1790218787108	158	wait=1
1910	ack	r2	1790218787109	178	wait=1
1911	ack	r2	1790218787109	121	wait=1
1912	ack	r2	1790218787109	155	wait=1
1913	ack	r2	1790218787109	132	wait=1
1914	ack	r2	1790218787110	134	wait=1
1915	ack	r2	1790218787113	186	wait=1
1916	ack	r2	1790218787116	1924	wait=1
1917	ack	r2	1790218787117	1359	wait=1
1918	ack	r2	1790218787120	2439	wait=1
1919	ack	r2	1790218787122	1425	wait=1
1920	ack	r2	1790218787123	136	wait=1
1921	ack	r2	1790218787128	191	wait=1
1922	ack	r2	1790218787132	1466	wait=1
1923	ack	r2	1790218787134	1485	wait=1
1924	ack	r2	1790218787136	1880	wait=1
1925	ack	r2	1790218787137	1361	wait=1
1926	ack	r2	1790218787138	153	wait=1
1927	ack	r2	1790218787142	1947	wait=1
1928	ack	r2	1790218787143	492	wait=1
1929	ack	r2	1790218787147	943	wait=1
1930	ack	r2	1790218787148	508	wait=1
1931	ack	r2	1790218787152	1471	wait=1
1932	ack	r2	1790218787153	140	wait=1
1933	ack	r2	1790218787158	193	wait=1
1934	ack	r2	1790218787162	1467	wait=1
1935	ack	r2	1790218787164	1485	wait=1
1936	ack	r2	1790218787167	1937	wait=1
1937	ack	r2	1790218787168	479	wait=1
1938	ack	r2	1790218787168	196	wait=1
1939	ack	r2	1790218787172	1930	wait=1
1940	ack	r2	1790218787173	226	wait=1
1941	ack	r2	1790218787178	289	wait=1
1942	ack	r2	1790218787183	352	wait=1
1943	ack	r2	1790218787188	284	wait=1
1944	ack	r2	1790218787193	213	wait=1
1945	ack	r2	1790218787198	198	wait=1
1946	ack	r2	1790218787203	329	wait=1
1947	ack	r2	1790218787208	198	wait=1
1948	ack	r2	1790218787213	167	wait=1
1949	ack	r2	1790218787218	123	wait=1
1950	ack	r2	1790218787223	152	wait=1
1951	ack	r2	1790218787228	257	wait=1
1952	ack	r2	1790218787233	113	wait=1
1953	ack	r2	1790218787238	137	wait=1
1954	ack	r2	1790218787243	280	wait=1
1955	ack	r2	1790218787248	181	wait=1
1956	ack	r2	1790218787253	190	wait=1
1957	ack	r2	1790218787258	124	wait=1
1958	ack	r2	1790218787263	193	wait=1
1959	ack	r2	1790218787268	162	wait=1
1960	ack	r2	1790218787273	123	wait=1
1961	ack	r2	1790218787278	116	wait=1
1962	ack	r2	1790218787283	161	wait=1
1963	ack	r2	1790218787288	219	wait=1
1964	ack	r2	1790218787293	122	wait=1
1965	ack	r2	1790218787298	146	wait=1
1966	ack	r2	1790218787303	127	wait=1
1967	ack	r2	1790218787308	309	wait=1
1968	ack	r2	1790218787313	141	wait=1
1969	ack	r2	1790218787318	242	wait=1
1970	ack	r2	1790218787323	113	wait=1
1971	ack	r2	1790218787328	198	wait=1
1972	ack	r2	1790218787333	165	wait=1
1973	ack	r2	1790218787338	103	wait=1
1974	ack	r2	1790218787343	346	wait=1
1975	ack	r2	1790218787348	392	wait=1
1976	ack	r2	1790218787353	178	wait=1
1977	ack	r2	1790218787358	284	wait=1
1978	ack	r2	1790218787363	138	wait=1
1979	ack	r2	1790218787368	191	wait=1
1980	ack	r2	1790218787373	142	wait=1
1981	ack	r2	1790218787378	108	wait=1
1982	ack	r2	1790218787383	263	wait=1
1983	ack	r2	1790218787388	151	wait=1
1984	ack	r2	1790218787393	153	wait=1
1985	ack	r2	1790218787398	145	wait=1
1986	ack	r2	1790218787403	285	wait=1
1987	ack	r2	1790218787408	172	wait=1
1988	ack	r2	1790218787413	276	wait=1
1989	ack	r2	1790218787418	175	wait=1
1990	ack	r2	1790218787423	198	wait=1
1991	ack	r2	1790218787428	259	wait=1
1992	ack	r2	1790218787433	310	wait=1
1993	ack	r2	1790218787438	124	wait=1
1994	ack	r2	1790218787443	171	wait=1
1995	ack	r2	1790218787448	437	wait=1
1996	ack	r2	1790218787453	288	wait=1
1997	ack	r2	1790218787458	331	wait=1
1998	ack	r2	1790218787463	270	wait=1
1999	ack	r2	1790218787468	241	wait=1
2000	ack	r2	1790218787473	145	wait=1
2001	ack	r2	1790218787478	199	wait=1
2002	ack	r2	1790218787483	141	wait=1
2003	ack	r2	1790218787488	235	wait=1
2004	ack	r2	1790218787493	260	wait=1
2005	ack	r2	1790218787498	148	wait=1
2006	ack	r2	1790218787503	140	wait=1
2007	ack	r2	1790218787508	137	wait=1
2008	ack	r2	1790218787513	224	wait=1
2009	ack	r2	1790218787518	152	wait=1
2010	ack	r2	1790218787523	154	wait=1
2011	ack	r2	1790218787528	139	wait=1
2012	ack	r2	1790218787533	142	wait=1
2013	ack	r2	1790218787538	139	wait=1
2014	ack	r2	1790218787543	175	wait=1
2015	ack	r2	1790218787548	135	wait=1
2016	ack	r2	1790218787553	150	wait=1
2017	ack	r2	1790218787558	226	wait=1
2018	ack	r2	1790218787563	152	wait=1
2019	ack	r2	1790218787569	1045	wait=1
2020	ack	r2	1790218787573	189	wait=1
2021	ack	r2	1790218787578	161	wait=1
2022	ack	r2	1790218787583	171	wait=1
2023	ack	r2	1790218787588	218	wait=1
2024	ack	r2	1790218787593	176	wait=1
2025	ack	r2	1790218787598	90	wait=1
2026	ack	r2	1790218787603	153	wait=1
2027	ack	r2	1790218787608	207	wait=1
2028	ack	r2	1790218787613	189	wait=1
2029	ack	r2	1790218787618	304	wait=1
2030	ack	r2	1790218787623	135	wait=1
2031	ack	r2	1790218787628	125	wait=1
2032	ack	r2	1790218787633	201	wait=1
2033	ack	r2	1790218787638	189	wait=1
2034	ack	r2	1790218787643	207	wait=1
2035	ack	r2	1790218787648	81	wait=1
2036	ack	r2	1790218787653	143	wait=1
2037	ack	r2	1790218787658	185	wait=1
2038	ack	r2	1790218787663	163	wait=1
2039	ack	r2	1790218787668	338	wait=1
2040	ack	r2	1790218787673	252	wait=1
2041	ack	r2	1790218787678	190	wait=1
2042	ack	r2	1790218787683	109	wait=1
2043	ack	r2	1790218787688	205	wait=1
2044	ack	r2	1790218787693	120	wait=1
2045	ack	r2	1790218787698	103	wait=1
2046	ack	r2	1790218787703	225	wait=1
2047	ack	r2	1790218787708	162	wait=1
2048	ack	r2	1790218787713	229	wait=1
2049	ack	r2	1790218787718	139	wait=1
2050	ack	r2	1790218787723	161	wait=1
2051	ack	r2	1790218787728	118	wait=1
2052	ack	r2	1790218787733	161	wait=1
2053	ack	r2	1790218787738	136	wait=1
2054	ack	r2	1790218787743	151	wait=1
2055	ack	r2	1790218787748	178	wait=1
2056	ack	r2	1790218787753	143	wait=1
2057	ack	r2	1790218787758	132	wait=1
2058	ack	r2	1790218787763	127	wait=1
2059	ack	r2	1790218787770	2150	wait=1
2060	ack	r2	1790218787773	124	wait=1
2061	ack	r2	1790218787778	136	wait=1
2062	ack	r2	1790218787783	141	wait=1
2063	ack	r2	1790218787788	203	wait=1
2064	ack	r2	1790218787793	156	wait=1
2065	ack	r2	1790218787798	116	wait=1
2066	ack	r2	1790218787803	133	wait=1
2067	ack	r2	1790218787808	137	wait=1
2068	ack	r2	1790218787813	120	wait=1
2069	ack	r2	1790218787818	131	wait=1
2070	ack	r2	1790218787823	125	wait=1
2071	ack	r2	1790218787828	117	wait=1
2072	ack	r2	1790218787833	156	wait=1
2073	ack	r2	1790218787838	132	wait=1
2074	ack	r2	1790218787843	211	wait=1
2075	ack	r2	1790218787848	154	wait=1
2076	ack	r2	1790218787853	132	wait=1
2077	ack	r2	1790218787858	219	wait=1
2078	ack	r2	1790218787863	137	wait=1
2079	ack	r2	1790218787868	169	wait=1
2080	ack	r2	1790218787873	151	wait=1
2081	ack	r2	1790218787878	136	wait=1
2082	ack	r2	1790218787883	242	wait=1
2083	ack	r2	1790218787888	268	wait=1
2084	ack	r2	1790218787893	284	wait=1
2085	ack	r2	1790218787898	212	wait=1
2086	ack	r2	1790218787903	231	wait=1
2087	ack	r2	1790218787908	236	wait=1
2088	ack	r2	1790218787913	180	wait=1
2089	ack	r2	1790218787918	115	wait=1
2090	ack	r2	1790218787923	122	wait=1
2091	ack	r2	1790218787928	111	wait=1
2092	ack	r2	1790218787933	194	wait=1
2093	ack	r2	1790218787938	155	wait=1
2094	ack	r2	1790218787943	165	wait=1
2095	ack	r2	1790218787948	145	wait=1
2096	ack	r2	1790218787953	237	wait=1
2097	ack	r2	1790218787958	134	wait=1
2098	ack	r2	1790218787963	121	wait=1
2099	ack	r2	1790218787971	3057	wait=1
2100	ack	r2	1790218787973	255	wait=1
2101	ack	r2	1790218787978	269	wait=1
2102	ack	r2	1790218787983	95	wait=1
2103	ack	r2	1790218787988	177	wait=1
2104	ack	r2	1790218787993	106	wait=1
2105	ack	r2	1790218787998	202	wait=1
2106	ack	r2	1790218788003	187	wait=1
2107	ack	r2	1790218788008	231	wait=1
2108	ack	r2	1790218788013	135	wait=1
2109	ack	r2	1790218788018	160	wait=1
2110	ack	r2	1790218788023	123	wait=1
2111	ack	r2	1790218788028	219	wait=1
2112	ack	r2	1790218788033	161	wait=1
2113	ack	r2	1790218788038	149	wait=1
2114	ack	r2	1790218788043	133	wait=1
2115	ack	r2	1790218788048	202	wait=1
2116	ack	r2	1790218788053	166	wait=1
2117	ack	r2	1790218788058	123	wait=1
2118	ack	r2	1790218788063	119	wait=1
2119	ack	r2	1790218788068	127	wait=1
2120	ack	r2	1790218788073	144	wait=1
2121	ack	r2	1790218788078	225	wait=1
2122	ack	r2	1790218788083	154	wait=1
2123	ack	r2	1790218788088	135	wait=1
2124	ack	r2	1790218788093	146	wait=1
2125	ack	r2	1790218788098	136	wait=1
2126	ack	r2	1790218788103	137	wait=1
2127	ack	r2	1790218788108	130	wait=1
2128	ack	r2	1790218788113	134	wait=1
2129	ack	r2	1790218788118	130	wait=1
2130	ack	r2	1790218788123	137	wait=1
2131	ack	r2	1790218788128	140	wait=1
2132	ack	r2	1790218788133	139	wait=1
2133	ack	r2	1790218788138	217	wait=1
2134	ack	r2	1790218788143	142	wait=1
2135	ack	r2	1790218788148	126	wait=1
2136	ack	r2	1790218788153	156	wait=1
2137	ack	r2	1790218788158	122	wait=1
2138	ack	r2	1790218788163	146	wait=1
2139	ack	r2	1790218788170	2451	wait=1
2140	ack	r2	1790218788173	201	wait=1
2141	ack	r2	1790218788178	148	wait=1
2142	ack	r2	1790218788183	148	wait=1
2143	ack	r2	1790218788188	213	wait=1
2144	ack	r2	1790218788193	137	wait=1
2145	ack	r2	1790218788198	175	wait=1
2146	ack	r2	1790218788203	255	wait=1
2147	ack	r2	1790218788208	363	wait=1
2148	ack	r2	1790218788213	455	wait=1
2149	ack	r2	1790218788218	228	wait=1
2150	ack	r2	1790218788223	491	wait=1
2151	ack	r2	1790218788228	237	wait=1
2152	ack	r2	1790218788233	163	wait=1
2153	ack	r2	1790218788238	152	wait=1
2154	ack	r2	1790218788243	162	wait=1
2155	ack	r2	1790218788248	146	wait=1
2156	ack	r2	1790218788253	134	wait=1
2157	ack	r2	1790218788258	136	wait=1
2158	ack	r2	1790218788263	132	wait=1
2159	ack	r2	1790218788268	144	wait=1
2160	ack	r2	1790218788273	135	wait=1
2161	ack	r2	1790218788278	156	wait=1
2162	ack	r2	1790218788283	139	wait=1
2163	ack	r2	1790218788288	135	wait=1
2164	ack	r2	1790218788293	147	wait=1
2165	ack	r2	1790218788298	136	wait=1
2166	ack	r2	1790218788303	132	wait=1
2167	ack	r2	1790218788308	123	wait=1
2168	ack	r2	1790218788313	120	wait=1
2169	ack	r2	1790218788318	142	wait=1
2170	ack	r2	1790218788323	135	wait=1
2171	ack	r2	1790218788328	205	wait=1
2172	ack	r2	1790218788333	145	wait=1
2173	ack	r2	1790218788338	134	wait=1
2174	ack	r2	1790218788343	120	wait=1
2175	ack	r2	1790218788348	165	wait=1
2176	ack	r2	1790218788353	94	wait=1
2177	ack	r2	1790218788358	137	wait=1
2178	ack	r2	1790218788363	149	wait=1
2179	ack	r2	1790218788368	136	wait=1
2180	ack	r2	1790218788373	244	wait=1
2181	ack	r2	1790218788378	149	wait=1
2182	ack	r2	1790218788383	145	wait=1
2183	ack	r2	1790218788388	97	wait=1
2184	ack	r2	1790218788393	121	wait=1
2185	ack	r2	1790218788398	142	wait=1
2186	ack	r2	1790218788403	150	wait=1
2187	ack	r2	1790218788408	133	wait=1
2188	ack	r2	1790218788413	230	wait=1
2189	ack	r2	1790218788418	170	wait=1
2190	ack	r2	1790218788423	122	wait=1
2191	ack	r2	1790218788428	208	wait=1
2192	ack	r2	1790218788433	129	wait=1
2193	ack	r2	1790218788438	135	wait=1
2194	ack	r2	1790218788443	144	wait=1
2195	ack	r2	1790218788448	108	wait=1
2196	ack	r2	1790218788453	147	wait=1
2197	ack	r2	1790218788458	136	wait=1
2198	ack	r2	1790218788463	121	wait=1
2199	ack	r2	1790218788468	124	wait=1
2200	ack	r2	1790218788473	134	wait=1
2201	ack	r2	1790218788478	160	wait=1
2202	ack	r2	1790218788483	354	wait=1
2203	ack	r2	1790218788488	136	wait=1
2204	ack	r2	1790218788493	136	wait=1
2205	ack	r2	1790218788498	129	wait=1
2206	ack	r2	1790218788503	156	wait=1
2207	ack	r2	1790218788508	176	wait=1
2208	ack	r2	1790218788513	136	wait=1
2209	ack	r2	1790218788518	145	wait=1
2210	ack	r2	1790218788523	133	wait=1
2211	ack	r2	1790218788528	124	wait=1
2212	ack	r2	1790218788533	171	wait=1
2213	ack	r2	1790218788538	147	wait=1
2214	ack	r2	1790218788543	133	wait=1
2215	ack	r2	1790218788548	141	wait=1
2216	ack	r2	1790218788553	144	wait=1
2217	ack	r2	1790218788558	211	wait=1
2218	ack	r2	1790218788563	134	wait=1
2219	ack	r2	1790218788568	142	wait=1
2220	ack	r2	1790218788573	134	wait=1
2221	ack	r2	1790218788578	166	wait=1
2222	ack	r2	1790218788583	138	wait=1
2223	ack	r2	1790218788588	142	wait=1
2224	ack	r2	1790218788593	135	wait=1
2225	ack	r2	1790218788598	125	wait=1
2226	ack	r2	1790218788603	131	wait=1
2227	ack	r2	1790218788608	158	wait=1
2228	ack	r2	1790218788613	155	wait=1
2229	ack	r2	1790218788618	145	wait=1
2230	ack	r2	1790218788623	164	wait=1
2231	ack	r2	1790218788628	111	wait=1
2232	ack	r2	1790218788633	136	wait=1
2233	ack	r2	1790218788638	137	wait=1
2234	ack	r2	1790218788643	136	wait=1
2235	ack	r2	1790218788648	131	wait=1
2236	ack	r2	1790218788653	121	wait=1
2237	ack	r2	1790218788658	225	wait=1
2238	ack	r2	1790218788663	123	wait=1
2239	ack	r2	1790218788668	155	wait=1
2240	ack	r2	1790218788673	125	wait=1
2241	ack	r2	1790218788678	153	wait=1
2242	ack	r2	1790218788683	186	wait=1
2243	ack	r2	1790218788688	222	wait=1
2244	ack	r2	1790218788693	150	wait=1
2245	ack	r2	1790218788698	239	wait=1
2246	ack	r2	1790218788703	152	wait=1
2247	ack	r2	1790218788708	183	wait=1
2248	ack	r2	1790218788713	152	wait=1
2249	ack	r2	1790218788718	190	wait=1
2250	ack	r2	1790218788723	126	wait=1
2251	ack	r2	1790218788728	220	wait=1
2252	ack	r2	1790218788733	142	wait=1
2253	ack	r2	1790218788738	137	wait=1
2254	ack	r2	1790218788743	134	wait=1
2255	ack	r2	1790218788748	135	wait=1
2256	ack	r2	1790218788753	148	wait=1
2257	ack	r2	1790218788758	212	wait=1
2258	ack	r2	1790218788763	132	wait=1
2259	ack	r2	1790218788771	192	wait=1
2260	ack	r2	1790218788773	165	wait=1
2261	ack	r2	1790218788778	188	wait=1
2262	ack	r2	1790218788783	160	wait=1
2263	ack	r2	1790218788788	222	wait=1
2264	ack	r2	1790218788793	140	wait=1
2265	ack	r2	1790218788798	154	wait=1
2266	ack	r2	1790218788803	150	wait=1
2267	ack	r2	1790218788808	158	wait=1
2268	ack	r2	1790218788813	168	wait=1
2269	ack	r2	1790218788818	152	wait=1
2270	ack	r2	1790218788823	120	wait=1
2271	ack	r2	1790218788828	125	wait=1
2272	ack	r2	1790218788833	123	wait=1
2273	ack	r2	1790218788838	145	wait=1
2274	ack	r2	1790218788843	143	wait=1
2275	ack	r2	1790218788848	137	wait=1
2276	ack	r2	1790218788853	139	wait=1
2277	ack	r2	1790218788858	127	wait=1
2278	ack	r2	1790218788863	133	wait=1
2279	ack	r2	1790218788868	122	wait=1
2280	ack	r2	1790218788873	139	wait=1
2281	ack	r2	1790218788878	153	wait=1
2282	ack	r2	1790218788883	140	wait=1
2283	ack	r2	1790218788888	141	wait=1
2284	ack	r2	1790218788893	114	wait=1
2285	ack	r2	1790218788898	296	wait=1
2286	ack	r2	1790218788903	291	wait=1
2287	ack	r2	1790218788908	417	wait=1
2288	ack	r2	1790218788913	177	wait=1
2289	ack	r2	1790218788918	238	wait=1
2290	ack	r2	1790218788923	170	wait=1
2291	ack	r2	1790218788928	198	wait=1
2292	ack	r2	1790218788933	152	wait=1
2293	ack	r2	1790218788938	151	wait=1
2294	ack	r2	1790218788943	109	wait=1
2295	ack	r2	1790218788948	136	wait=1
2296	ack	r2	1790218788953	141	wait=1
2297	ack	r2	1790218788958	227	wait=1
2298	ack	r2	1790218788963	134	wait=1
2299	ack	r2	1790218788968	151	wait=1
2300	ack	r2	1790218788973	89	wait=1
2301	ack	r2	1790218788978	162	wait=1
2302	ack	r2	1790218788983	145	wait=1
2303	ack	r2	1790218788988	137	wait=1
2304	ack	r2	1790218788993	145	wait=1
2305	ack	r2	1790218788998	144	wait=1
2306	ack	r2	1790218789003	241	wait=1
2307	ack	r2	1790218789008	171	wait=1
2308	ack	r2	1790218789013	177	wait=1
2309	ack	r2	1790218789018	193	wait=1
2310	ack	r2	1790218789023	154	wait=1
2311	ack	r2	1790218789028	127	wait=1
2312	ack	r2	1790218789033	155	wait=1
2313	ack	r2	1790218789038	135	wait=1
2314	ack	r2	1790218789043	144	wait=1
2315	ack	r2	1790218789048	149	wait=1
2316	ack	r2	1790218789053	159	wait=1
2317	ack	r2	1790218789058	180	wait=1
2318	ack	r2	1790218789063	148	wait=1
2319	ack	r2	1790218789068	138	wait=1
2320	ack	r2	1790218789073	151	wait=1
2321	ack	r2	1790218789078	156	wait=1
2322	ack	r2	1790218789083	139	wait=1
2323	ack	r2	1790218789088	149	wait=1
2324	ack	r2	1790218789093	144	wait=1
2325	ack	r2	1790218789098	230	wait=1
2326	ack	r2	1790218789103	160	wait=1
2327	ack	r2	1790218789108	134	wait=1
2328	ack	r2	1790218789113	161	wait=1
2329	ack	r2	1790218789118	196	wait=1
2330	ack	r2	1790218789123	154	wait=1
2331	ack	r2	1790218789128	137	wait=1
2332	ack	r2	1790218789133	147	wait=1
2333	ack	r2	1790218789138	132	wait=1
2334	ack	r2	1790218789143	139	wait=1
2335	ack	r2	1790218789148	133	wait=1
2336	ack	r2	1790218789153	138	wait=1
2337	ack	r2	1790218789158	146	wait=1
2338	ack	r2	1790218789163	210	wait=1
2339	ack	r2	1790218789171	1726	wait=1
2340	ack	r2	1790218789173	234	wait=1
2341	ack	r2	1790218789178	134	wait=1
2342	ack	r2	1790218789183	164	wait=1
2343	ack	r2	1790218789188	134	wait=1
2344	ack	r2	1790218789193	120	wait=1
2345	ack	r2	1790218789198	137	wait=1
2346	ack	r2	1790218789203	128	wait=1
2347	ack	r2	1790218789208	138	wait=1
2348	ack	r2	1790218789213	120	wait=1
2349	ack	r2	1790218789218	127	wait=1
2350	ack	r2	1790218789223	127	wait=1
2351	ack	r2	1790218789228	125	wait=1
2352	ack	r2	1790218789233	138	wait=1
2353	ack	r2	1790218789238	130	wait=1
2354	ack	r2	1790218789243	134	wait=1
2355	ack	r2	1790218789248	149	wait=1
2356	ack	r2	1790218789253	134	wait=1
2357	ack	r2	1790218789258	124	wait=1
2358	ack	r2	1790218789263	204	wait=1
2359	ack	r2	1790218789268	242	wait=1
2360	ack	r2	1790218789273	202	wait=1
2361	ack	r2	1790218789278	168	wait=1
2362	ack	r2	1790218789283	279	wait=1
2363	ack	r2	1790218789288	313	wait=1
2364	ack	r2	1790218789293	237	wait=1
2365	ack	r2	1790218789298	238	wait=1
2366	ack	r2	1790218789303	297	wait=1
2367	ack	r2	1790218789308	256	wait=1
2368	ack	r2	1790218789313	314	wait=1
2369	ack	r2	1790218789318	265	wait=1
2370	ack	r2	1790218789323	319	wait=1
2371	ack	r2	1790218789328	236	wait=1
2372	ack	r2	1790218789333	290	wait=1
2373	ack	r2	1790218789338	157	wait=1
2374	ack	r2	1790218789343	271	wait=1
2375	ack	r2	1790218789348	387	wait=1
2376	ack	r2	1790218789353	272	wait=1
2377	ack	r2	1790218789358	226	wait=1
2378	ack	r2	1790218789363	329	wait=1
2379	ack	r2	1790218789368	285	wait=1
2380	ack	r2	1790218789374	1210	wait=1
2381	ack	r2	1790218789378	138	wait=1
2382	ack	r2	1790218789383	375	wait=1
2383	ack	r2	1790218789388	302	wait=1
2384	ack	r2	1790218789393	361	wait=1
2385	ack	r2	1790218789398	177	wait=1
2386	ack	r2	1790218789403	253	wait=1
2387	ack	r2	1790218789408	247	wait=1
2388	ack	r2	1790218789413	242	wait=1
2389	ack	r2	1790218789418	192	wait=1
2390	ack	r2	1790218789423	520	wait=1
2391	ack	r2	1790218789428	225	wait=1
2392	ack	r2	1790218789433	217	wait=1
2393	ack	r2	1790218789438	218	wait=1
2394	ack	r2	1790218789443	277	wait=1
2395	ack	r2	1790218789448	137	wait=1
2396	ack	r2	1790218789453	193	wait=1
2397	ack	r2	1790218789458	146	wait=1
2398	ack	r2	1790218789463	337	wait=1
2399	ack	r2	1790218789468	229	wait=1
2400	ack	r2	1790218789473	215	wait=1
2401	ack	r2	1790218789478	234	wait=1
2402	ack	r2	1790218789483	302	wait=1
2403	ack	r2	1790218789488	274	wait=1
2404	ack	r2	1790218789493	308	wait=1
2405	ack	r2	1790218789498	249	wait=1
2406	ack	r2	1790218789503	197	wait=1
2407	ack	r2	1790218789508	267	wait=1
2408	ack	r2	1790218789513	288	wait=1
2409	ack	r2	1790218789518	269	wait=1
2410	ack	r2	1790218789523	264	wait=1
2411	ack	r2	1790218789528	267	wait=1
2412	ack	r2	1790218789533	240	wait=1
2413	ack	r2	1790218789538	162	wait=1
2414	ack	r2	1790218789543	152	wait=1
2415	ack	r2	1790218789550	2489	wait=1
2416	ack	r2	1790218789553	194	wait=1
2417	ack	r2	1790218789558	230	wait=1
2418	ack	r2	1790218789563	147	wait=1
2419	ack	r2	1790218789568	402	wait=1
2420	ack	r2	1790218789573	190	wait=1
2421	ack	r2	1790218789578	239	wait=1
2422	ack	r2	1790218789583	275	wait=1
2423	ack	r2	1790218789588	299	wait=1
2424	ack	r2	1790218789593	278	wait=1
2425	ack	r2	1790218789598	185	wait=1
2426	ack	r2	1790218789603	218	wait=1
2427	ack	r2	1790218789608	365	wait=1
2428	ack	r2	1790218789613	230	wait=1
2429	ack	r2	1790218789618	199	wait=1
2430	ack	r2	1790218789623	405	wait=1
2431	ack	r2	1790218789628	279	wait=1
2432	ack	r2	1790218789633	208	wait=1
2433	ack	r2	1790218789638	295	wait=1
2434	ack	r2	1790218789643	302	wait=1
2435	ack	r2	1790218789648	236	wait=1
2436	ack	r2	1790218789653	208	wait=1
2437	ack	r2	1790218789658	180	wait=1
2438	ack	r2	1790218789663	152	wait=1
2439	ack	r2	1790218789668	135	wait=1
2440	ack	r2	1790218789673	223	wait=1
2441	ack	r2	1790218789678	156	wait=1
2442	ack	r2	1790218789683	157	wait=1
2443	ack	r2	1790218789688	274	wait=1
2444	ack	r2	1790218789693	226	wait=1
2445	ack	r2	1790218789698	154	wait=1
2446	ack	r2	1790218789703	204	wait=1
2447	ack	r2	1790218789708	218	wait=1
2448	ack	r2	1790218789713	216	wait=1
2449	ack	r2	1790218789718	195	wait=1
2450	ack	r2	1790218789723	202	wait=1
2451	ack	r2	1790218789728	166	wait=1
2452	ack	r2	1790218789733	164	wait=1
2453	ack	r2	1790218789738	225	wait=1
2454	ack	r2	1790218789743	197	wait=1
2455	ack	r2	1790218789748	130	wait=1
2456	ack	r2	1790218789753	146	wait=1
2457	ack	r2	1790218789758	227	wait=1
2458	ack	r2	1790218789763	159	wait=1
2459	ack	r2	1790218789768	260	wait=1
2460	ack	r2	1790218789775	2096	wait=1
2461	ack	r2	1790218789778	83	wait=1
2462	ack	r2	1790218789783	168	wait=1
2463	ack	r2	1790218789788	300	wait=1
2464	ack	r2	1790218789793	157	wait=1
2465	ack	r2	1790218789798	151	wait=1
2466	ack	r2	1790218789803	392	wait=1
2467	ack	r2	1790218789808	132	wait=1
2468	ack	r2	1790218789813	142	wait=1
2469	ack	r2	1790218789818	142	wait=1
2470	ack	r2	1790218789823	156	wait=1
2471	ack	r2	1790218789828	306	wait=1
2472	ack	r2	1790218789833	142	wait=1
2473	ack	r2	1790218789838	133	wait=1
2474	ack	r2	1790218789843	138	wait=1
2475	ack	r2	1790218789848	170	wait=1
2476	ack	r2	1790218789853	148	wait=1
2477	ack	r2	1790218789858	225	wait=1
2478	ack	r2	1790218789863	139	wait=1
2479	ack	r2	1790218789868	142	wait=1
2480	ack	r2	1790218789873	149	wait=1
2481	ack	r2	1790218789878	164	wait=1
2482	ack	r2	1790218789883	151	wait=1
2483	ack	r2	1790218789888	153	wait=1
2484	ack	r2	1790218789893	163	wait=1
2485	ack	r2	1790218789898	138	wait=1
2486	ack	r2	1790218789903	137	wait=1
2487	ack	r2	1790218789908	143	wait=1
2488	ack	r2	1790218789913	180	wait=1
2489	ack	r2	1790218789918	181	wait=1
2490	ack	r2	1790218789923	173	wait=1
2491	ack	r2	1790218789928	310	wait=1
2492	ack	r2	1790218789933	116	wait=1
2493	ack	r2	1790218789938	152	wait=1
2494	ack	r2	1790218789943	146	wait=1
2495	ack	r2	1790218789948	144	wait=1
2496	ack	r2	1790218789953	155	wait=1
2497	ack	r2	1790218789958	141	wait=1
2498	ack	r2	1790218789963	124	wait=1
2499	ack	r2	1790218789968	247	wait=1
2500	ack	r2	1790218789975	857	wait=1
2501	ack	r2	1790218789978	232	wait=1
2502	ack	r2	1790218789983	159	wait=1
2503	ack	r2	1790218789988	134	wait=1
2504	ack	r2	1790218789993	103	wait=1
2505	ack	r2	1790218789998	155	wait=1
2506	ack	r2	1790218790003	143	wait=1
2507	ack	r2	1790218790008	116	wait=1
2508	ack	r2	1790218790013	483	wait=1
2509	ack	r2	1790218790018	137	wait=1
2510	ack	r2	1790218790023	171	wait=1
2511	ack	r2	1790218790028	197	wait=1
2512	ack	r2	1790218790033	201	wait=1
2513	ack	r2	1790218790038	173	wait=1
2514	ack	r2	1790218790043	192	wait=1
2515	ack	r2	1790218790048	157	wait=1
2516	ack	r2	1790218790053	163	wait=1
2517	ack	r2	1790218790058	136	wait=1
2518	ack	r2	1790218790063	134	wait=1
2519	ack	r2	1790218790068	213	wait=1
2520	ack	r2	1790218790073	117	wait=1
2521	ack	r2	1790218790078	162	wait=1
2522	ack	r2	1790218790083	133	wait=1
2523	ack	r2	1790218790088	186	wait=1
2524	ack	r2	1790218790093	140	wait=1
2525	ack	r2	1790218790098	134	wait=1
2526	ack	r2	1790218790103	122	wait=1
2527	ack	r2	1790218790108	186	wait=1
2528	ack	r2	1790218790113	218	wait=1
2529	ack	r2	1790218790118	99	wait=1
2530	ack	r2	1790218790123	150	wait=1
2531	ack	r2	1790218790128	98	wait=1
2532	ack	r2	1790218790133	121	wait=1
2533	ack	r2	1790218790138	148	wait=1
2534	ack	r2	1790218790143	135	wait=1
2535	ack	r2	1790218790148	183	wait=1
2536	ack	r2	1790218790153	136	wait=1
2537	ack	r2	1790218790158	119	wait=1
2538	ack	r2	1790218790163	176	wait=1
2539	ack	r2	1790218790168	304	wait=1
2540	ack	r2	1790218790175	1915	wait=1
2541	ack	r2	1790218790178	347	wait=1
2542	ack	r2	1790218790183	337	wait=1
2543	ack	r2	1790218790188	302	wait=1
2544	ack	r2	1790218790193	190	wait=1
2545	ack	r2	1790218790198	165	wait=1
2546	ack	r2	1790218790203	225	wait=1
2547	ack	r2	1790218790208	247	wait=1
2548	ack	r2	1790218790213	199	wait=1
2549	ack	r2	1790218790218	225	wait=1
2550	ack	r2	1790218790223	214	wait=1
2551	ack	r2	1790218790228	180	wait=1
2552	ack	r2	1790218790233	504	wait=1
2553	ack	r2	1790218790238	597	wait=1
2554	ack	r2	1790218790243	221	wait=1
2555	ack	r2	1790218790248	325	wait=1
2556	ack	r2	1790218790253	200	wait=1
2557	ack	r2	1790218790258	268	wait=1
2558	ack	r2	1790218790263	351	wait=1
2559	ack	r2	1790218790268	221	wait=1
2560	ack	r2	1790218790273	252	wait=1
2561	ack	r2	1790218790278	281	wait=1
2562	ack	r2	1790218790283	254	wait=1
2563	ack	r2	1790218790288	369	wait=1
2564	ack	r2	1790218790293	122	wait=1
2565	ack	r2	1790218790298	173	wait=1
2566	ack	r2	1790218790303	169	wait=1
2567	ack	r2	1790218790308	205	wait=1
2568	ack	r2	1790218790313	144	wait=1
2569	ack	r2	1790218790318	207	wait=1
2570	ack	r2	1790218790323	162	wait=1
2571	ack	r2	1790218790328	139	wait=1
2572	ack	r2	1790218790333	134	wait=1
2573	ack	r2	1790218790338	141	wait=1
2574	ack	r2	1790218790343	137	wait=1
2575	ack	r2	1790218790348	85	wait=1
2576	ack	r2	1790218790353	194	wait=1
2577	ack	r2	1790218790358	161	wait=1
2578	ack	r2	1790218790363	182	wait=1
2579	ack	r2	1790218790368	218	wait=1
2580	ack	r2	1790218790373	189	wait=1
2581	ack	r2	1790218790378	187	wait=1
2582	ack	r2	1790218790383	168	wait=1
2583	ack	r2	1790218790388	153	wait=1
2584	ack	r2	1790218790393	139	wait=1
2585	ack	r2	1790218790398	153	wait=1
2586	ack	r2	1790218790403	177	wait=1
2587	ack	r2	1790218790408	186	wait=1
2588	ack	r2	1790218790413	161	wait=1
2589	ack	r2	1790218790418	149	wait=1
2590	ack	r2	1790218790423	123	wait=1
2591	ack	r2	1790218790428	146	wait=1
2592	ack	r2	1790218790433	163	wait=1
2593	ack	r2	1790218790438	216	wait=1
2594	ack	r2	1790218790443	254	wait=1
2595	ack	r2	1790218790448	140	wait=1
2596	ack	r2	1790218790453	152	wait=1
2597	ack	r2	1790218790458	130	wait=1
2598	ack	r2	1790218790463	203	wait=1
2599	ack	r2	1790218790468	158	wait=1
2600	ack	r2	1790218790473	156	wait=1
2601	ack	r2	1790218790478	149	wait=1
2602	ack	r2	1790218790483	156	wait=1
2603	ack	r2	1790218790488	159	wait=1
2604	ack	r2	1790218790493	226	wait=1
2605	ack	r2	1790218790498	190	wait=1
2606	ack	r2	1790218790503	152	wait=1
2607	ack	r2	1790218790508	137	wait=1
2608	ack	r2	1790218790513	134	wait=1
2609	ack	r2	1790218790518	143	wait=1
2610	ack	r2	1790218790523	157	wait=1
2611	ack	r2	1790218790528	145	wait=1
2612	ack	r2	1790218790533	152	wait=1
2613	ack	r2	1790218790538	131	wait=1
2614	ack	r2	1790218790543	133	wait=1
2615	ack	r2	1790218790548	172	wait=1
2616	ack	r2	1790218790553	167	wait=1
2617	ack	r2	1790218790558	152	wait=1
2618	ack	r2	1790218790563	135	wait=1
2619	ack	r2	1790218790568	277	wait=1
2620	ack	r2	1790218790573	152	wait=1
2621	ack	r2	1790218790578	164	wait=1
2622	ack	r2	1790218790583	131	wait=1
2623	ack	r2	1790218790588	148	wait=1
2624	ack	r2	1790218790593	137	wait=1
2625	ack	r2	1790218790598	219	wait=1
2626	ack	r2	1790218790603	110	wait=1
2627	ack	r2	1790218790608	131	wait=1
2628	ack	r2	1790218790613	191	wait=1
2629	ack	r2	1790218790618	139	wait=1
2630	ack	r2	1790218790623	137	wait=1
2631	ack	r2	1790218790628	236	wait=1
2632	ack	r2	1790218790633	199	wait=1
2633	ack	r2	1790218790638	160	wait=1
2634	ack	r2	1790218790643	136	wait=1
2635	ack	r2	1790218790648	214	wait=1
2636	ack	r2	1790218790653	159	wait=1
2637	ack	r2	1790218790658	147	wait=1
2638	ack	r2	1790218790663	122	wait=1
2639	ack	r2	1790218790668	125	wait=1
2640	ack	r2	1790218790673	158	wait=1
2641	ack	r2	1790218790678	159	wait=1
2642	ack	r2	1790218790683	148	wait=1
2643	ack	r2	1790218790688	150	wait=1
2644	ack	r2	1790218790693	196	wait=1
2645	ack	r2	1790218790698	161	wait=1
2646	ack	r2	1790218790703	227	wait=1
2647	ack	r2	1790218790708	151	wait=1
2648	ack	r2	1790218790713	156	wait=1
2649	ack	r2	1790218790718	113	wait=1
2650	ack	r2	1790218790723	139	wait=1
2651	ack	r2	1790218790728	147	wait=1
2652	ack	r2	1790218790733	134	wait=1
2653	ack	r2	1790218790738	132	wait=1
2654	ack	r2	1790218790743	149	wait=1
2655	ack	r2	1790218790748	175	wait=1
2656	ack	r2	1790218790753	209	wait=1
2657	ack	r2	1790218790758	158	wait=1
2658	ack	r2	1790218790763	240	wait=1
2659	ack	r2	1790218790768	238	wait=1
2660	ack	r2	1790218790775	913	wait=1
2661	ack	r2	1790218790778	258	wait=1
2662	ack	r2	1790218790783	156	wait=1
2663	ack	r2	1790218790788	218	wait=1
2664	ack	r2	1790218790793	170	wait=1
2665	ack	r2	1790218790798	213	wait=1
2666	ack	r2	1790218790803	236	wait=1
2667	ack	r2	1790218790808	243	wait=1
2668	ack	r2	1790218790813	219	wait=1
2669	ack	r2	1790218790818	149	wait=1
2670	ack	r2	1790218790823	337	wait=1
2671	ack	r2	1790218790828	147	wait=1
2672	ack	r2	1790218790833	736	wait=1
2673	ack	r2	1790218790838	270	wait=1
2674	ack	r2	1790218790843	292	wait=1
2675	ack	r2	1790218790848	204	wait=1
2676	ack	r2	1790218790853	151	wait=1
2677	ack	r2	1790218790858	219	wait=1
2678	ack	r2	1790218790863	174	wait=1
2679	ack	r2	1790218790868	160	wait=1
2680	ack	r2	1790218790873	270	wait=1
2681	ack	r2	1790218790878	148	wait=1
2682	ack	r2	1790218790883	216	wait=1
2683	ack	r2	1790218790888	162	wait=1
2684	ack	r2	1790218790893	138	wait=1
2685	ack	r2	1790218790898	143	wait=1
2686	ack	r2	1790218790903	150	wait=1
2687	ack	r2	1790218790908	154	wait=1
2688	ack	r2	1790218790913	128	wait=1
2689	ack	r2	1790218790918	160	wait=1
2690	ack	r2	1790218790923	175	wait=1
2691	ack	r2	1790218790928	278	wait=1
2692	ack	r2	1790218790933	259	wait=1
2693	ack	r2	1790218790938	189	wait=1
2694	ack	r2	1790218790943	353	wait=1
2695	ack	r2	1790218790948	994	wait=1
2696	ack	r2	1790218790953	247	wait=1
2697	ack	r2	1790218790958	239	wait=1
2698	ack	r2	1790218790963	165	wait=1
2699	ack	r2	1790218790968	233	wait=1
2700	ack	r2	1790218790975	1823	wait=1
2701	ack	r2	1790218790978	245	wait=1
2702	ack	r2	1790218790983	154	wait=1
2703	ack	r2	1790218790988	230	wait=1
2704	ack	r2	1790218790993	137	wait=1
2705	ack	r2	1790218790998	157	wait=1
2706	ack	r2	1790218791003	148	wait=1
2707	ack	r2	1790218791008	154	wait=1
2708	ack	r2	1790218791013	170	wait=1
2709	ack	r2	1790218791018	155	wait=1
2710	ack	r2	1790218791023	150	wait=1
2711	ack	r2	1790218791028	261	wait=1
2712	ack	r2	1790218791033	140	wait=1
2713	ack	r2	1790218791038	807	wait=1
2714	ack	r2	1790218791043	168	wait=1
2715	ack	r2	1790218791048	139	wait=1
2716	ack	r2	1790218791053	176	wait=1
2717	ack	r2	1790218791058	140	wait=1
2718	ack	r2	1790218791063	124	wait=1
2719	ack	r2	1790218791068	149	wait=1
2720	ack	r2	1790218791073	199	wait=1
2721	ack	r2	1790218791078	144	wait=1
2722	ack	r2	1790218791083	149	wait=1
2723	ack	r2	1790218791088	164	wait=1
2724	ack	r2	1790218791093	170	wait=1
2725	ack	r2	1790218791098	127	wait=1
2726	ack	r2	1790218791103	194	wait=1
2727	ack	r2	1790218791108	142	wait=1
2728	ack	r2	1790218791113	147	wait=1
2729	ack	r2	1790218791118	134	wait=1
2730	ack	r2	1790218791123	202	wait=1
2731	ack	r2	1790218791128	124	wait=1
2732	ack	r2	1790218791133	151	wait=1
2733	ack	r2	1790218791138	145	wait=1
2734	ack	r2	1790218791143	148	wait=1
2735	ack	r2	1790218791148	133	wait=1
2736	ack	r2	1790218791153	148	wait=1
2737	ack	r2	1790218791158	134	wait=1
2738	ack	r2	1790218791163	161	wait=1
2739	ack	r2	1790218791168	215	wait=1
2740	ack	r2	1790218791174	1128	wait=1
2741	ack	r2	1790218791178	149	wait=1
2742	ack	r2	1790218791183	151	wait=1
2743	ack	r2	1790218791188	183	wait=1
2744	ack	r2	1790218791193	151	wait=1
2745	ack	r2	1790218791198	210	wait=1
2746	ack	r2	1790218791203	121	wait=1
2747	ack	r2	1790218791208	160	wait=1
2748	ack	r2	1790218791213	135	wait=1
2749	ack	r2	1790218791218	215	wait=1
2750	ack	r2	1790218791223	151	wait=1
2751	ack	r2	1790218791228	163	wait=1
2752	ack	r2	1790218791233	145	wait=1
2753	ack	r2	1790218791238	148	wait=1
2754	ack	r2	1790218791243	137	wait=1
2755	ack	r2	1790218791248	122	wait=1
2756	ack	r2	1790218791253	133	wait=1
2757	ack	r2	1790218791258	138	wait=1
2758	ack	r2	1790218791263	131	wait=1
2759	ack	r2	1790218791268	130	wait=1
2760	ack	r2	1790218791273	160	wait=1
2761	ack	r2	1790218791278	132	wait=1
2762	ack	r2	1790218791283	133	wait=1
2763	ack	r2	1790218791288	134	wait=1
2764	ack	r2	1790218791293	147	wait=1
2765	ack	r2	1790218791298	148	wait=1
2766	ack	r2	1790218791303	151	wait=1
2767	ack	r2	1790218791308	131	wait=1
2768	ack	r2	1790218791313	129	wait=1
2769	ack	r2	1790218791318	266	wait=1
2770	ack	r2	1790218791323	190	wait=1
2771	ack	r2	1790218791328	152	wait=1
2772	ack	r2	1790218791333	132	wait=1
2773	ack	r2	1790218791338	143	wait=1
2774	ack	r2	1790218791343	157	wait=1
2775	ack	r2	1790218791348	170	wait=1
2776	ack	r2	1790218791353	133	wait=1
2777	ack	r2	1790218791358	261	wait=1
2778	ack	r2	1790218791363	109	wait=1
2779	ack	r2	1790218791368	339	wait=1
2780	ack	r2	1790218791374	263	wait=1
2781	ack	r2	1790218791378	149	wait=1
2782	ack	r2	1790218791383	231	wait=1
2783	ack	r2	1790218791388	290	wait=1
2784	ack	r2	1790218791393	144	wait=1
2785	ack	r2	1790218791398	154	wait=1
2786	ack	r2	1790218791403	168	wait=1
2787	ack	r2	1790218791408	314	wait=1
2788	ack	r2	1790218791414	1657	wait=1
2789	ack	r2	1790218791418	211	wait=1
2790	ack	r2	1790218791423	257	wait=1
2791	ack	r2	1790218791428	124	wait=1
2792	ack	r2	1790218791433	210	wait=1
2793	ack	r2	1790218791438	277	wait=1
2794	ack	r2	1790218791443	186	wait=1
2795	ack	r2	1790218791448	194	wait=1
2796	ack	r2	1790218791453	121	wait=1
2797	ack	r2	1790218791458	214	wait=1
2798	ack	r2	1790218791463	226	wait=1
2799	ack	r2	1790218791468	161	wait=1
2800	ack	r2	1790218791473	192	wait=1
2801	ack	r2	1790218791478	180	wait=1
2802	ack	r2	1790218791483	159	wait=1
2803	ack	r2	1790218791488	260	wait=1
2804	ack	r2	1790218791493	161	wait=1
2805	ack	r2	1790218791498	121	wait=1
2806	ack	r2	1790218791503	162	wait=1
2807	ack	r2	1790218791508	189	wait=1
2808	ack	r2	1790218791513	137	wait=1
2809	ack	r2	1790218791518	173	wait=1
2810	ack	r2	1790218791523	174	wait=1
2811	ack	r2	1790218791528	141	wait=1
2812	ack	r2	1790218791533	140	wait=1
2813	ack	r2	1790218791538	139	wait=1
2814	ack	r2	1790218791543	189	wait=1
2815	ack	r2	1790218791548	164	wait=1
2816	ack	r2	1790218791553	156	wait=1
2817	ack	r2	1790218791558	187	wait=1
2818	ack	r2	1790218791563	182	wait=1
2819	ack	r2	1790218791568	271	wait=1
2820	ack	r2	1790218791574	1060	wait=1
2821	ack	r2	1790218791578	108	wait=1
2822	ack	r2	1790218791583	145	wait=1
2823	ack	r2	1790218791588	276	wait=1
2824	ack	r2	1790218791593	166	wait=1
2825	ack	r2	1790218791598	160	wait=1
2826	ack	r2	1790218791603	211	wait=1
2827	ack	r2	1790218791608	176	wait=1
2828	ack	r2	1790218791613	185	wait=1
2829	ack	r2	1790218791618	120	wait=1
2830	ack	r2	1790218791623	219	wait=1
2831	ack	r2	1790218791628	152	wait=1
2832	ack	r2	1790218791633	111	wait=1
2833	ack	r2	1790218791638	128	wait=1
2834	ack	r2	1790218791643	149	wait=1
2835	ack	r2	1790218791648	154	wait=1
2836	ack	r2	1790218791653	138	wait=1
2837	ack	r2	1790218791658	124	wait=1
2838	ack	r2	1790218791663	132	wait=1
2839	ack	r2	1790218791668	137	wait=1
2840	ack	r2	1790218791673	212	wait=1
2841	ack	r2	1790218791678	169	wait=1
2842	ack	r2	1790218791683	187	wait=1
2843	ack	r2	1790218791688	157	wait=1
2844	ack	r2	1790218791693	168	wait=1
2845	ack	r2	1790218791698	140	wait=1
2846	ack	r2	1790218791703	116	wait=1
2847	ack	r2	1790218791708	140	wait=1
2848	ack	r2	1790218791713	147	wait=1
2849	ack	r2	1790218791718	147	wait=1
2850	ack	r2	1790218791723	134	wait=1
2851	ack	r2	1790218791728	159	wait=1
2852	ack	r2	1790218791733	162	wait=1
2853	ack	r2	1790218791738	130	wait=1
2854	ack	r2	1790218791743	155	wait=1
2855	ack	r2	1790218791748	171	wait=1
2856	ack	r2	1790218791753	136	wait=1
2857	ack	r2	1790218791758	135	wait=1
2858	ack	r2	1790218791763	169	wait=1
2859	ack	r2	1790218791768	295	wait=1
2860	ack	r2	1790218791776	1855	wait=1
2861	ack	r2	1790218791778	219	wait=1
2862	ack	r2	1790218791783	140	wait=1
2863	ack	r2	1790218791788	175	wait=1
2864	ack	r2	1790218791793	140	wait=1
2865	ack	r2	1790218791798	143	wait=1
2866	ack	r2	1790218791803	224	wait=1
2867	ack	r2	1790218791808	160	wait=1
2868	ack	r2	1790218791813	207	wait=1
2869	ack	r2	1790218791818	128	wait=1
2870	ack	r2	1790218791823	145	wait=1
2871	ack	r2	1790218791828	141	wait=1
2872	ack	r2	1790218791833	144	wait=1
2873	ack	r2	1790218791838	126	wait=1
2874	ack	r2	1790218791843	146	wait=1
2875	ack	r2	1790218791848	146	wait=1
2876	ack	r2	1790218791853	192	wait=1
2877	ack	r2	1790218791858	164	wait=1
2878	ack	r2	1790218791863	140	wait=1
2879	ack	r2	1790218791868	140	wait=1
2880	ack	r2	1790218791873	133	wait=1
2881	ack	r2	1790218791878	166	wait=1
2882	ack	r2	1790218791883	238	wait=1
2883	ack	r2	1790218791888	138	wait=1
2884	ack	r2	1790218791893	139	wait=1
2885	ack	r2	1790218791898	136	wait=1
2886	ack	r2	1790218791903	141	wait=1
2887	ack	r2	1790218791908	141	wait=1
2888	ack	r2	1790218791913	128	wait=1
2889	ack	r2	1790218791918	137	wait=1
2890	ack	r2	1790218791923	158	wait=1
2891	ack	r2	1790218791928	161	wait=1
2892	ack	r2	1790218791933	131	wait=1
2893	ack	r2	1790218791938	126	wait=1
2894	ack	r2	1790218791943	180	wait=1
2895	ack	r2	1790218791948	154	wait=1
2896	ack	r2	1790218791953	285	wait=1
2897	ack	r2	1790218791958	274	wait=1
2898	ack	r2	1790218791963	296	wait=1
2899	ack	r2	1790218791968	253	wait=1
2900	ack	r2	1790218791974	1320	wait=1
2901	ack	r2	1790218791978	108	wait=1
2902	ack	r2	1790218791983	203	wait=1
2903	ack	r2	1790218791988	341	wait=1
2904	ack	r2	1790218791993	267	wait=1
2905	ack	r2	1790218791998	198	wait=1
2906	ack	r2	1790218792003	186	wait=1
2907	ack	r2	1790218792008	324	wait=1
2908	ack	r2	1790218792013	221	wait=1
2909	ack	r2	1790218792018	106	wait=1
2910	ack	r2	1790218792023	217	wait=1
2911	ack	r2	1790218792028	236	wait=1
2912	ack	r2	1790218792033	260	wait=1
2913	ack	r2	1790218792038	216	wait=1
2914	ack	r2	1790218792043	359	wait=1
2915	ack	r2	1790218792048	192	wait=1
2916	ack	r2	1790218792053	182	wait=1
2917	ack	r2	1790218792058	239	wait=1
2918	ack	r2	1790218792063	230	wait=1
2919	ack	r2	1790218792068	192	wait=1
2920	ack	r2	1790218792073	226	wait=1
2921	ack	r2	1790218792078	220	wait=1
2922	ack	r2	1790218792083	158	wait=1
2923	ack	r2	1790218792088	234	wait=1
2924	ack	r2	1790218792093	158	wait=1
2925	ack	r2	1790218792098	124	wait=1
2926	ack	r2	1790218792103	162	wait=1
2927	ack	r2	1790218792108	171	wait=1
2928	ack	r2	1790218792113	128	wait=1
2929	ack	r2	1790218792118	142	wait=1
2930	ack	r2	1790218792123	210	wait=1
2931	ack	r2	1790218792128	131	wait=1
2932	ack	r2	1790218792133	164	wait=1
2933	ack	r2	1790218792138	295	wait=1
2934	ack	r2	1790218792143	154	wait=1
2935	ack	r2	1790218792148	144	wait=1
2936	ack	r2	1790218792153	167	wait=1
2937	ack	r2	1790218792158	199	wait=1
2938	ack	r2	1790218792163	131	wait=1
2939	ack	r2	1790218792168	254	wait=1
2940	ack	r2	1790218792173	244	wait=1
2941	ack	r2	1790218792178	248	wait=1
2942	ack	r2	1790218792183	144	wait=1
2943	ack	r2	1790218792188	272	wait=1
2944	ack	r2	1790218792193	149	wait=1
2945	ack	r2	1790218792198	113	wait=1
2946	ack	r2	1790218792203	174	wait=1
2947	ack	r2	1790218792208	245	wait=1
2948	ack	r2	1790218792213	141	wait=1
2949	ack	r2	1790218792218	152	wait=1
2950	ack	r2	1790218792223	117	wait=1
2951	ack	r2	1790218792228	122	wait=1
2952	ack	r2	1790218792233	136	wait=1
2953	ack	r2	1790218792238	218	wait=1
2954	ack	r2	1790218792243	160	wait=1
2955	ack	r2	1790218792248	157	wait=1
2956	ack	r2	1790218792253	152	wait=1
2957	ack	r2	1790218792258	111	wait=1
2958	ack	r2	1790218792263	217	wait=1
2959	ack	r2	1790218792268	146	wait=1
2960	ack	r2	1790218792273	148	wait=1
2961	ack	r2	1790218792278	222	wait=1
2962	ack	r2	1790218792283	125	wait=1
2963	ack	r2	1790218792288	148	wait=1
2964	ack	r2	1790218792293	188	wait=1
2965	ack	r2	1790218792298	126	wait=1
2966	ack	r2	1790218792303	136	wait=1
2967	ack	r2	1790218792308	130	wait=1
2968	ack	r2	1790218792313	121	wait=1
2969	ack	r2	1790218792318	140	wait=1
2970	ack	r2	1790218792323	123	wait=1
2971	ack	r2	1790218792328	137	wait=1
2972	ack	r2	1790218792333	144	wait=1
2973	ack	r2	1790218792338	120	wait=1
2974	ack	r2	1790218792343	140	wait=1
2975	ack	r2	1790218792348	130	wait=1
2976	ack	r2	1790218792353	148	wait=1
2977	ack	r2	1790218792358	157	wait=1
2978	ack	r2	1790218792363	124	wait=1
2979	ack	r2	1790218792368	219	wait=1
2980	ack	r2	1790218792376	1902	wait=1
2981	ack	r2	1790218792378	268	wait=1
2982	ack	r2	1790218792383	145	wait=1
2983	ack	r2	1790218792388	129	wait=1
2984	ack	r2	1790218792393	205	wait=1
2985	ack	r2	1790218792398	130	wait=1
2986	ack	r2	1790218792403	141	wait=1
2987	ack	r2	1790218792408	131	wait=1
2988	ack	r2	1790218792413	213	wait=1
2989	ack	r2	1790218792418	145	wait=1
2990	ack	r2	1790218792423	144	wait=1
2991	ack	r2	1790218792428	122	wait=1
2992	ack	r2	1790218792433	168	wait=1
2993	ack	r2	1790218792438	186	wait=1
2994	ack	r2	1790218792443	139	wait=1
2995	ack	r2	1790218792448	132	wait=1
2996	ack	r2	1790218792453	147	wait=1
2997	ack	r2	1790218792458	148	wait=1
2998	ack	r2	1790218792463	150	wait=1
2999	ack	r2	1790218792468	151	wait=1
3000	ack	r2	1790218792473	145	wait=1
3001	ack	r2	1790218792478	133	wait=1
3002	ack	r2	1790218792483	140	wait=1
3003	ack	r2	1790218792488	134	wait=1
3004	ack	r2	1790218792493	225	wait=1
3005	ack	r2	1790218792498	134	wait=1
3006	ack	r2	1790218792503	155	wait=1
3007	ack	r2	1790218792508	134	wait=1
3008	ack	r2	1790218792513	209	wait=1
3009	ack	r2	1790218792518	148	wait=1
3010	ack	r2	1790218792523	200	wait=1
3011	ack	r2	1790218792528	137	wait=1
3012	ack	r2	1790218792533	142	wait=1
3013	ack	r2	1790218792538	131	wait=1
3014	ack	r2	1790218792543	115	wait=1
3015	ack	r2	1790218792548	180	wait=1
3016	ack	r2	1790218792553	277	wait=1
3017	ack	r2	1790218792558	232	wait=1
3018	ack	r2	1790218792563	240	wait=1
3019	ack	r2	1790218792568	244	wait=1
3020	ack	r2	1790218792575	2063	wait=1
3021	ack	r2	1790218792578	185	wait=1
3022	ack	r2	1790218792583	225	wait=1
3023	ack	r2	1790218792588	248	wait=1
3024	ack	r2	1790218792593	262	wait=1
3025	ack	r2	1790218792598	199	wait=1
3026	ack	r2	1790218792603	204	wait=1
3027	ack	r2	1790218792608	214	wait=1
3028	ack	r2	1790218792613	199	wait=1
3029	ack	r2	1790218792618	188	wait=1
3030	ack	r2	1790218792623	302	wait=1
3031	ack	r2	1790218792628	335	wait=1
3032	ack	r2	1790218792633	229	wait=1
3033	ack	r2	1790218792638	261	wait=1
3034	ack	r2	1790218792643	230	wait=1
3035	ack	r2	1790218792648	225	wait=1
3036	ack	r2	1790218792653	151	wait=1
3037	ack	r2	1790218792658	187	wait=1
3038	ack	r2	1790218792663	147	wait=1
3039	ack	r2	1790218792668	208	wait=1
3040	ack	r2	1790218792673	162	wait=1
3041	ack	r2	1790218792678	135	wait=1
3042	ack	r2	1790218792683	141	wait=1
3043	ack	r2	1790218792688	189	wait=1
3044	ack	r2	1790218792693	142	wait=1
3045	ack	r2	1790218792698	146	wait=1
3046	ack	r2	1790218792703	134	wait=1
3047	ack	r2	1790218792708	132	wait=1
3048	ack	r2	1790218792713	146	wait=1
3049	ack	r2	1790218792718	144	wait=1
3050	ack	r2	1790218792723	165	wait=1
3051	ack	r2	1790218792728	247	wait=1
3052	ack	r2	1790218792733	150	wait=1
3053	ack	r2	1790218792738	189	wait=1
3054	ack	r2	1790218792743	220	wait=1
3055	ack	r2	1790218792748	139	wait=1
3056	ack	r2	1790218792753	147	wait=1
3057	ack	r2	1790218792758	112	wait=1
3058	ack	r2	1790218792763	111	wait=1
3059	ack	r2	1790218792768	223	wait=1
3060	ack	r2	1790218792774	199	wait=1
3061	ack	r2	1790218792778	189	wait=1
3062	ack	r2	1790218792783	205	wait=1
3063	ack	r2	1790218792788	274	wait=1
3064	ack	r2	1790218792793	129	wait=1
3065	ack	r2	1790218792798	147	wait=1
3066	ack	r2	1790218792803	153	wait=1
3067	ack	r2	1790218792808	115	wait=1
3068	ack	r2	1790218792813	128	wait=1
3069	ack	r2	1790218792818	162	wait=1
3070	ack	r2	1790218792823	146	wait=1
3071	ack	r2	1790218792828	132	wait=1
3072	ack	r2	1790218792833	209	wait=1
3073	ack	r2	1790218792838	142	wait=1
3074	ack	r2	1790218792843	140	wait=1
3075	ack	r2	1790218792848	150	wait=1
3076	ack	r2	1790218792853	128	wait=1
3077	ack	r2	1790218792858	165	wait=1
3078	ack	r2	1790218792863	134	wait=1
3079	ack	r2	1790218792868	134	wait=1
3080	ack	r2	1790218792873	141	wait=1
3081	ack	r2	1790218792878	135	wait=1
3082	ack	r2	1790218792883	193	wait=1
3083	ack	r2	1790218792888	134	wait=1
3084	ack	r2	1790218792893	123	wait=1
3085	ack	r2	1790218792898	214	wait=1
3086	ack	r2	1790218792903	139	wait=1
3087	ack	r2	1790218792908	119	wait=1
3088	ack	r2	1790218792913	117	wait=1
3089	ack	r2	1790218792918	136	wait=1
3090	ack	r2	1790218792923	152	wait=1
3091	ack	r2	1790218792928	163	wait=1
3092	ack	r2	1790218792933	133	wait=1
3093	ack	r2	1790218792938	132	wait=1
3094	ack	r2	1790218792943	131	wait=1
3095	ack	r2	1790218792948	118	wait=1
3096	ack	r2	1790218792953	133	wait=1
3097	ack	r2	1790218792958	513	wait=1
3098	ack	r2	1790218792963	181	wait=1
3099	ack	r2	1790218792968	286	wait=1
3100	ack	r2	1790218792974	776	wait=1
3101	ack	r2	1790218792978	182	wait=1
3102	ack	r2	1790218792983	333	wait=1
3103	ack	r2	1790218792988	271	wait=1
3104	ack	r2	1790218792993	143	wait=1
3105	ack	r2	1790218792998	206	wait=1
3106	ack	r2	1790218793003	153	wait=1
3107	ack	r2	1790218793008	142	wait=1
3108	ack	r2	1790218793013	154	wait=1
3109	ack	r2	1790218793018	139	wait=1
3110	ack	r2	1790218793023	146	wait=1
3111	ack	r2	1790218793028	147	wait=1
3112	ack	r2	1790218793033	185	wait=1
3113	ack	r2	1790218793038	150	wait=1
3114	ack	r2	1790218793043	148	wait=1
3115	ack	r2	1790218793048	147	wait=1
3116	ack	r2	1790218793053	138	wait=1
3117	ack	r2	1790218793058	240	wait=1
3118	ack	r2	1790218793063	210	wait=1
3119	ack	r2	1790218793068	229	wait=1
3120	ack	r2	1790218793073	274	wait=1
3121	ack	r2	1790218793078	145	wait=1
3122	ack	r2	1790218793083	260	wait=1
3123	ack	r2	1790218793088	164	wait=1
3124	ack	r2	1790218793093	146	wait=1
3125	ack	r2	1790218793098	144	wait=1
3126	ack	r2	1790218793103	121	wait=1
3127	ack	r2	1790218793108	209	wait=1
3128	ack	r2	1790218793113	147	wait=1
3129	ack	r2	1790218793118	140	wait=1
3130	ack	r2	1790218793123	126	wait=1
3131	ack	r2	1790218793128	156	wait=1
3132	ack	r2	1790218793133	124	wait=1
3133	ack	r2	1790218793138	145	wait=1
3134	ack	r2	1790218793143	241	wait=1
3135	ack	r2	1790218793148	308	wait=1
3136	ack	r2	1790218793153	254	wait=1
3137	ack	r2	1790218793158	335	wait=1
3138	ack	r2	1790218793163	221	wait=1
3139	ack	r2	1790218793168	292	wait=1
3140	ack	r2	1790218793175	2076	wait=1
3141	ack	r2	1790218793178	81	wait=1
3142	ack	r2	1790218793183	338	wait=1
3143	ack	r2	1790218793188	265	wait=1
3144	ack	r2	1790218793193	302	wait=1
3145	ack	r2	1790218793198	255	wait=1
3146	ack	r2	1790218793203	261	wait=1
3147	ack	r2	1790218793208	242	wait=1
3148	ack	r2	1790218793213	235	wait=1
3149	ack	r2	1790218793218	317	wait=1
3150	ack	r2	1790218793223	314	wait=1
3151	ack	r2	1790218793228	207	wait=1
3152	ack	r2	1790218793233	143	wait=1
3153	ack	r2	1790218793238	257	wait=1
3154	ack	r2	1790218793243	149	wait=1
3155	ack	r2	1790218793248	155	wait=1
3156	ack	r2	1790218793253	171	wait=1
3157	ack	r2	1790218793258	175	wait=1
3158	ack	r2	1790218793263	136	wait=1
3159	ack	r2	1790218793268	135	wait=1
3160	ack	r2	1790218793273	149	wait=1
3161	ack	r2	1790218793278	175	wait=1
3162	ack	r2	1790218793283	163	wait=1
3163	ack	r2	1790218793288	219	wait=1
3164	ack	r2	1790218793293	153	wait=1
3165	ack	r2	1790218793298	142	wait=1
3166	ack	r2	1790218793303	137	wait=1
3167	ack	r2	1790218793308	118	wait=1
3168	ack	r2	1790218793313	134	wait=1
3169	ack	r2	1790218793318	135	wait=1
3170	ack	r2	1790218793323	186	wait=1
3171	ack	r2	1790218793328	159	wait=1
3172	ack	r2	1790218793333	192	wait=1
3173	ack	r2	1790218793338	151	wait=1
3174	ack	r2	1790218793343	153	wait=1
3175	ack	r2	1790218793348	137	wait=1
3176	ack	r2	1790218793353	142	wait=1
3177	ack	r2	1790218793358	180	wait=1
3178	ack	r2	1790218793363	169	wait=1
3179	ack	r2	1790218793368	239	wait=1
3180	ack	r2	1790218793373	169	wait=1
3181	ack	r2	1790218793378	123	wait=1
3182	ack	r2	1790218793383	153	wait=1
3183	ack	r2	1790218793388	169	wait=1
3184	ack	r2	1790218793393	136	wait=1
3185	ack	r2	1790218793398	141	wait=1
3186	ack	r2	1790218793403	135	wait=1
3187	ack	r2	1790218793408	227	wait=1
3188	ack	r2	1790218793413	151	wait=1
3189	ack	r2	1790218793418	153	wait=1
3190	ack	r2	1790218793423	241	wait=1
3191	ack	r2	1790218793428	155	wait=1
3192	ack	r2	1790218793433	136	wait=1
3193	ack	r2	1790218793438	184	wait=1
3194	ack	r2	1790218793443	128	wait=1
3195	ack	r2	1790218793448	142	wait=1
3196	ack	r2	1790218793453	150	wait=1
3197	ack	r2	1790218793458	146	wait=1
3198	ack	r2	1790218793463	230	wait=1
3199	ack	r2	1790218793468	147	wait=1
3200	ack	r2	1790218793473	225	wait=1
3201	ack	r2	1790218793478	114	wait=1
3202	ack	r2	1790218793483	135	wait=1
3203	ack	r2	1790218793488	137	wait=1
3204	ack	r2	1790218793493	135	wait=1
3205	ack	r2	1790218793498	135	wait=1
3206	ack	r2	1790218793503	125	wait=1
3207	ack	r2	1790218793508	126	wait=1
3208	ack	r2	1790218793513	134	wait=1
3209	ack	r2	1790218793518	160	wait=1
3210	ack	r2	1790218793523	129	wait=1
3211	ack	r2	1790218793528	137	wait=1
3212	ack	r2	1790218793533	128	wait=1
3213	ack	r2	1790218793538	135	wait=1
3214	ack	r2	1790218793543	157	wait=1
3215	ack	r2	1790218793548	159	wait=1
3216	ack	r2	1790218793553	162	wait=1
3217	ack	r2	1790218793558	137	wait=1
3218	ack	r2	1790218793563	121	wait=1
3219	ack	r2	1790218793568	302	wait=1
3220	ack	r2	1790218793577	1930	wait=1
3221	ack	r2	1790218793578	153	wait=1
3222	ack	r2	1790218793583	138	wait=1
3223	ack	r2	1790218793588	114	wait=1
3224	ack	r2	1790218793593	126	wait=1
3225	ack	r2	1790218793598	144	wait=1
3226	ack	r2	1790218793603	127	wait=1
3227	ack	r2	1790218793608	219	wait=1
3228	ack	r2	1790218793613	172	wait=1
3229	ack	r2	1790218793618	137	wait=1
3230	ack	r2	1790218793623	133	wait=1
3231	ack	r2	1790218793628	123	wait=1
3232	ack	r2	1790218793633	135	wait=1
3233	ack	r2	1790218793638	141	wait=1
3234	ack	r2	1790218793643	131	wait=1
3235	ack	r2	1790218793648	227	wait=1
3236	ack	r2	1790218793653	148	wait=1
3237	ack	r2	1790218793658	146	wait=1
3238	ack	r2	1790218793663	138	wait=1
3239	ack	r2	1790218793668	131	wait=1
3240	ack	r2	1790218793673	142	wait=1
3241	ack	r2	1790218793678	131	wait=1
3242	ack	r2	1790218793683	106	wait=1
3243	ack	r2	1790218793688	193	wait=1
3244	ack	r2	1790218793693	133	wait=1
3245	ack	r2	1790218793698	105	wait=1
3246	ack	r2	1790218793703	121	wait=1
3247	ack	r2	1790218793708	194	wait=1
3248	ack	r2	1790218793713	264	wait=1
3249	ack	r2	1790218793718	242	wait=1
3250	ack	r2	1790218793723	181	wait=1
3251	ack	r2	1790218793728	135	wait=1
3252	ack	r2	1790218793733	213	wait=1
3253	ack	r2	1790218793738	171	wait=1
3254	ack	r2	1790218793743	150	wait=1
3255	ack	r2	1790218793748	239	wait=1
3256	ack	r2	1790218793753	236	wait=1
3257	ack	r2	1790218793758	240	wait=1
3258	ack	r2	1790218793763	226	wait=1
3259	ack	r2	1790218793768	289	wait=1
3260	ack	r2	1790218793777	1954	wait=1
3261	ack	r2	1790218793778	253	wait=1
3262	ack	r2	1790218793783	205	wait=1
3263	ack	r2	1790218793788	261	wait=1
3264	ack	r2	1790218793793	542	wait=1
3265	ack	r2	1790218793798	232	wait=1
3266	ack	r2	1790218793803	185	wait=1
3267	ack	r2	1790218793808	311	wait=1
3268	ack	r2	1790218793813	221	wait=1
3269	ack	r2	1790218793818	258	wait=1
3270	ack	r2	1790218793823	291	wait=1
3271	ack	r2	1790218793828	119	wait=1
3272	ack	r2	1790218793833	241	wait=1
3273	ack	r2	1790218793838	196	wait=1
3274	ack	r2	1790218793843	241	wait=1
3275	ack	r2	1790218793848	162	wait=1
3276	ack	r2	1790218793853	156	wait=1
3277	ack	r2	1790218793858	141	wait=1
3278	ack	r2	1790218793863	110	wait=1
3279	ack	r2	1790218793868	141	wait=1
3280	ack	r2	1790218793873	140	wait=1
3281	ack	r2	1790218793878	139	wait=1
3282	ack	r2	1790218793883	106	wait=1
3283	ack	r2	1790218793888	155	wait=1
3284	ack	r2	1790218793893	168	wait=1
3285	ack	r2	1790218793898	160	wait=1
3286	ack	r2	1790218793903	144	wait=1
3287	ack	r2	1790218793908	146	wait=1
3288	ack	r2	1790218793913	130	wait=1
3289	ack	r2	1790218793918	151	wait=1
3290	ack	r2	1790218793923	138	wait=1
3291	ack	r2	1790218793928	151	wait=1
3292	ack	r2	1790218793933	141	wait=1
3293	ack	r2	1790218793938	143	wait=1
3294	ack	r2	1790218793943	162	wait=1
3295	ack	r2	1790218793948	153	wait=1
3296	ack	r2	1790218793953	142	wait=1
3297	ack	r2	1790218793958	136	wait=1
3298	ack	r2	1790218793963	135	wait=1
3299	ack	r2	1790218793968	218	wait=1
3300	ack	r2	1790218793974	231	wait=1
3301	ack	r2	1790218793979	1212	wait=1
3302	ack	r2	1790218793983	220	wait=1
3303	ack	r2	1790218793988	254	wait=1
3304	ack	r2	1790218793993	214	wait=1
3305	ack	r2	1790218793998	173	wait=1
3306	ack	r2	1790218794003	239	wait=1
3307	ack	r2	1790218794008	169	wait=1
3308	ack	r2	1790218794013	142	wait=1
3309	ack	r2	1790218794018	222	wait=1
3310	ack	r2	1790218794023	167	wait=1
3311	ack	r2	1790218794028	140	wait=1
3312	ack	r2	1790218794033	140	wait=1
3313	ack	r2	1790218794038	143	wait=1
3314	ack	r2	1790218794043	152	wait=1
3315	ack	r2	1790218794048	141	wait=1
3316	ack	r2	1790218794053	133	wait=1
3317	ack	r2	1790218794058	135	wait=1
3318	ack	r2	1790218794063	132	wait=1
3319	ack	r2	1790218794068	131	wait=1
3320	ack	r2	1790218794073	505	wait=1
3321	ack	r2	1790218794078	471	wait=1
3322	ack	r2	1790218794083	153	wait=1
3323	ack	r2	1790218794088	129	wait=1
3324	ack	r2	1790218794093	221	wait=1
3325	ack	r2	1790218794098	139	wait=1
3326	ack	r2	1790218794103	141	wait=1
3327	ack	r2	1790218794108	159	wait=1
3328	ack	r2	1790218794113	153	wait=1
3329	ack	r2	1790218794118	137	wait=1
3330	ack	r2	1790218794123	156	wait=1
3331	ack	r2	1790218794128	162	wait=1
3332	ack	r2	1790218794133	139	wait=1
3333	ack	r2	1790218794138	148	wait=1
3334	ack	r2	1790218794143	122	wait=1
3335	ack	r2	1790218794148	140	wait=1
3336	ack	r2	1790218794153	235	wait=1
3337	ack	r2	1790218794158	145	wait=1
3338	ack	r2	1790218794163	147	wait=1
3339	ack	r2	1790218794168	239	wait=1
3340	ack	r2	1790218794174	1103	wait=1
3341	ack	r2	1790218794178	143	wait=1
3342	ack	r2	1790218794183	146	wait=1
3343	ack	r2	1790218794188	124	wait=1
3344	ack	r2	1790218794193	151	wait=1
3345	ack	r2	1790218794198	125	wait=1
3346	ack	r2	1790218794203	148	wait=1
3347	ack	r2	1790218794208	139	wait=1
3348	ack	r2	1790218794213	127	wait=1
3349	ack	r2	1790218794218	151	wait=1
3350	ack	r2	1790218794223	149	wait=1
3351	ack	r2	1790218794228	158	wait=1
3352	ack	r2	1790218794233	131	wait=1
3353	ack	r2	1790218794238	132	wait=1
3354	ack	r2	1790218794243	138	wait=1
3355	ack	r2	1790218794248	134	wait=1
3356	ack	r2	1790218794253	315	wait=1
3357	ack	r2	1790218794258	169	wait=1
3358	ack	r2	1790218794263	148	wait=1
3359	ack	r2	1790218794268	171	wait=1
3360	ack	r2	1790218794273	192	wait=1
3361	ack	r2	1790218794278	159	wait=1
3362	ack	r2	1790218794283	168	wait=1
3363	ack	r2	1790218794288	146	wait=1
3364	ack	r2	1790218794293	208	wait=1
3365	ack	r2	1790218794298	148	wait=1
3366	ack	r2	1790218794303	147	wait=1
3367	ack	r2	1790218794308	184	wait=1
3368	ack	r2	1790218794313	164	wait=1
3369	ack	r2	1790218794318	143	wait=1
3370	ack	r2	1790218794323	135	wait=1
3371	ack	r2	1790218794328	276	wait=1
3372	ack	r2	1790218794333	212	wait=1
3373	ack	r2	1790218794338	217	wait=1
3374	ack	r2	1790218794343	330	wait=1
3375	ack	r2	1790218794348	225	wait=1
3376	ack	r2	1790218794353	294	wait=1
3377	ack	r2	1790218794358	284	wait=1
3378	ack	r2	1790218794363	245	wait=1
3379	ack	r2	1790218794368	427	wait=1
3380	ack	r2	1790218794373	251	wait=1
3381	ack	r2	1790218794378	135	wait=1
3382	ack	r2	1790218794383	200	wait=1
3383	ack	r2	1790218794388	301	wait=1
3384	ack	r2	1790218794393	297	wait=1
3385	ack	r2	1790218794398	200	wait=1
3386	ack	r2	1790218794403	318	wait=1
3387	ack	r2	1790218794408	211	wait=1
3388	ack	r2	1790218794413	224	wait=1
3389	ack	r2	1790218794418	182	wait=1
3390	ack	r2	1790218794423	173	wait=1
3391	ack	r2	1790218794428	152	wait=1
3392	ack	r2	1790218794433	120	wait=1
3393	ack	r2	1790218794438	220	wait=1
3394	ack	r2	1790218794443	257	wait=1
3395	ack	r2	1790218794448	155	wait=1
3396	ack	r2	1790218794453	273	wait=1
3397	ack	r2	1790218794458	150	wait=1
3398	ack	r2	1790218794463	217	wait=1
3399	ack	r2	1790218794468	161	wait=1
3400	ack	r2	1790218794473	148	wait=1
3401	ack	r2	1790218794478	140	wait=1
3402	ack	r2	1790218794483	163	wait=1
3403	ack	r2	1790218794488	535	wait=1
3404	ack	r2	1790218794493	244	wait=1
3405	ack	r2	1790218794498	149	wait=1
3406	ack	r2	1790218794503	147	wait=1
3407	ack	r2	1790218794508	204	wait=1
3408	ack	r2	1790218794513	150	wait=1
3409	ack	r2	1790218794518	174	wait=1
3410	ack	r2	1790218794523	202	wait=1
3411	ack	r2	1790218794528	136	wait=1
3412	ack	r2	1790218794533	154	wait=1
3413	ack	r2	1790218794538	260	wait=1
3414	ack	r2	1790218794543	150	wait=1
3415	ack	r2	1790218794548	141	wait=1
3416	ack	r2	1790218794553	108	wait=1
3417	ack	r2	1790218794558	198	wait=1
3418	ack	r2	1790218794563	220	wait=1
3419	ack	r2	1790218794568	223	wait=1
3420	ack	r2	1790218794573	232	wait=1
3421	ack	r2	1790218794578	139	wait=1
3422	ack	r2	1790218794583	147	wait=1
3423	ack	r2	1790218794588	132	wait=1
3424	ack	r2	1790218794593	168	wait=1
3425	ack	r2	1790218794598	150	wait=1
3426	ack	r2	1790218794603	191	wait=1
3427	ack	r2	1790218794608	220	wait=1
3428	ack	r2	1790218794613	193	wait=1
3429	ack	r2	1790218794618	160	wait=1
3430	ack	r2	1790218794623	220	wait=1
3431	ack	r2	1790218794628	155	wait=1
3432	ack	r2	1790218794633	86	wait=1
3433	ack	r2	1790218794638	155	wait=1
3434	ack	r2	1790218794643	193	wait=1
3435	ack	r2	1790218794648	89	wait=1
3436	ack	r2	1790218794653	217	wait=1
3437	ack	r2	1790218794658	163	wait=1
3438	ack	r2	1790218794663	150	wait=1
3439	ack	r2	1790218794668	147	wait=1
3440	ack	r2	1790218794673	137	wait=1
3441	ack	r2	1790218794678	117	wait=1
3442	ack	r2	1790218794683	165	wait=1
3443	ack	r2	1790218794688	148	wait=1
3444	ack	r2	1790218794693	131	wait=1
3445	ack	r2	1790218794698	142	wait=1
3446	ack	r2	1790218794703	159	wait=1
3447	ack	r2	1790218794708	151	wait=1
3448	ack	r2	1790218794713	158	wait=1
3449	ack	r2	1790218794718	153	wait=1
3450	ack	r2	1790218794723	204	wait=1
3451	ack	r2	1790218794728	153	wait=1
3452	ack	r2	1790218794733	148	wait=1
3453	ack	r2	1790218794738	119	wait=1
3454	ack	r2	1790218794743	138	wait=1
3455	ack	r2	1790218794748	144	wait=1
3456	ack	r2	1790218794753	127	wait=1
3457	ack	r2	1790218794758	165	wait=1
3458	ack	r2	1790218794763	133	wait=1
3459	ack	r2	1790218794768	226	wait=1
3460	ack	r2	1790218794774	174	wait=1
3461	ack	r2	1790218794778	144	wait=1
3462	ack	r2	1790218794783	221	wait=1
3463	ack	r2	1790218794788	160	wait=1
3464	ack	r2	1790218794793	185	wait=1
3465	ack	r2	1790218794798	179	wait=1
3466	ack	r2	1790218794803	137	wait=1
3467	ack	r2	1790218794808	153	wait=1
3468	ack	r2	1790218794813	148	wait=1
3469	ack	r2	1790218794818	153	wait=1
3470	ack	r2	1790218794823	134	wait=1
3471	ack	r2	1790218794828	131	wait=1
3472	ack	r2	1790218794833	166	wait=1
3473	ack	r2	1790218794838	107	wait=1
3474	ack	r2	1790218794843	128	wait=1
3475	ack	r2	1790218794848	158	wait=1
3476	ack	r2	1790218794853	132	wait=1
3477	ack	r2	1790218794858	133	wait=1
3478	ack	r2	1790218794863	209	wait=1
3479	ack	r2	1790218794868	153	wait=1
3480	ack	r2	1790218794873	152	wait=1
3481	ack	r2	1790218794878	138	wait=1
3482	ack	r2	1790218794883	122	wait=1
3483	ack	r2	1790218794888	129	wait=1
3484	ack	r2	1790218794893	122	wait=1
3485	ack	r2	1790218794898	143	wait=1
3486	ack	r2	1790218794903	137	wait=1
3487	ack	r2	1790218794908	130	wait=1
3488	ack	r2	1790218794913	131	wait=1
3489	ack	r2	1790218794918	122	wait=1
3490	ack	r2	1790218794923	278	wait=1
3491	ack	r2	1790218794928	124	wait=1
3492	ack	r2	1790218794933	238	wait=1
3493	ack	r2	1790218794938	242	wait=1
3494	ack	r2	1790218794943	340	wait=1
3495	ack	r2	1790218794948	233	wait=1
3496	ack	r2	1790218794953	257	wait=1
3497	ack	r2	1790218794958	231	wait=1
3498	ack	r2	1790218794963	242	wait=1
3499	ack	r2	1790218794968	288	wait=1
3500	ack	r2	1790218794973	344	wait=1
3501	ack	r2	1790218794978	187	wait=1
3502	ack	r2	1790218794983	209	wait=1
3503	ack	r2	1790218794988	224	wait=1
3504	ack	r2	1790218794993	291	wait=1
3505	ack	r2	1790218794998	227	wait=1
3506	ack	r2	1790218795004	1936	wait=1
3507	ack	r2	1790218795008	265	wait=1
3508	ack	r2	1790218795013	208	wait=1
3509	ack	r2	1790218795018	116	wait=1
3510	ack	r2	1790218795023	213	wait=1
3511	ack	r2	1790218795028	203	wait=1
3512	ack	r2	1790218795033	149	wait=1
3513	ack	r2	1790218795038	169	wait=1
3514	ack	r2	1790218795043	146	wait=1
3515	ack	r2	1790218795048	138	wait=1
3516	ack	r2	1790218795053	154	wait=1
3517	ack	r2	1790218795058	122	wait=1
3518	ack	r2	1790218795063	160	wait=1
3519	ack	r2	1790218795068	157	wait=1
3520	ack	r2	1790218795073	129	wait=1
3521	ack	r2	1790218795078	139	wait=1
3522	ack	r2	1790218795083	131	wait=1
3523	ack	r2	1790218795088	189	wait=1
3524	ack	r2	1790218795093	185	wait=1
3525	ack	r2	1790218795098	300	wait=1
3526	ack	r2	1790218795103	229	wait=1
3527	ack	r2	1790218795108	204	wait=1
3528	ack	r2	1790218795113	147	wait=1
3529	ack	r2	1790218795118	137	wait=1
3530	ack	r2	1790218795123	187	wait=1
3531	ack	r2	1790218795128	178	wait=1
3532	ack	r2	1790218795133	134	wait=1
3533	ack	r2	1790218795138	244	wait=1
3534	ack	r2	1790218795143	137	wait=1
3535	ack	r2	1790218795148	136	wait=1
3536	ack	r2	1790218795153	139	wait=1
3537	ack	r2	1790218795158	120	wait=1
3538	ack	r2	1790218795163	142	wait=1
3539	ack	r2	1790218795168	246	wait=1
3540	ack	r2	1790218795175	1939	wait=1
3541	ack	r2	1790218795178	240	wait=1
3542	ack	r2	1790218795183	154	wait=1
3543	ack	r2	1790218795188	135	wait=1
3544	ack	r2	1790218795193	214	wait=1
3545	ack	r2	1790218795198	243	wait=1
3546	ack	r2	1790218795203	148	wait=1
3547	ack	r2	1790218795208	222	wait=1
3548	ack	r2	1790218795213	139	wait=1
3549	ack	r2	1790218795218	136	wait=1
3550	ack	r2	1790218795223	226	wait=1
3551	ack	r2	1790218795228	148	wait=1
3552	ack	r2	1790218795233	143	wait=1
3553	ack	r2	1790218795238	154	wait=1
3554	ack	r2	1790218795243	127	wait=1
3555	ack	r2	1790218795248	207	wait=1
3556	ack	r2	1790218795253	125	wait=1
3557	ack	r2	1790218795258	134	wait=1
3558	ack	r2	1790218795263	200	wait=1
3559	ack	r2	1790218795268	136	wait=1
3560	ack	r2	1790218795273	141	wait=1
3561	ack	r2	1790218795278	144	wait=1
3562	ack	r2	1790218795283	131	wait=1
3563	ack	r2	1790218795288	143	wait=1
3564	ack	r2	1790218795293	136	wait=1
3565	ack	r2	1790218795298	143	wait=1
3566	ack	r2	1790218795303	132	wait=1
3567	ack	r2	1790218795308	122	wait=1
3568	ack	r2	1790218795313	149	wait=1
3569	ack	r2	1790218795318	159	wait=1
3570	ack	r2	1790218795323	145	wait=1
3571	ack	r2	1790218795328	143	wait=1
3572	ack	r2	1790218795333	135	wait=1
3573	ack	r2	1790218795338	128	wait=1
3574	ack	r2	1790218795343	138	wait=1
3575	ack	r2	1790218795348	140	wait=1
3576	ack	r2	1790218795353	142	wait=1
3577	ack	r2	1790218795358	146	wait=1
3578	ack	r2	1790218795363	154	wait=1
3579	ack	r2	1790218795368	270	wait=1
3580	ack	r2	1790218795375	1882	wait=1
3581	ack	r2	1790218795378	135	wait=1
3582	ack	r2	1790218795383	223	wait=1
3583	ack	r2	1790218795388	172	wait=1
3584	ack	r2	1790218795393	151	wait=1
3585	ack	r2	1790218795398	225	wait=1
3586	ack	r2	1790218795403	136	wait=1
3587	ack	r2	1790218795408	130	wait=1
3588	ack	r2	1790218795413	73	wait=1
3589	ack	r2	1790218795418	130	wait=1
3590	ack	r2	1790218795423	121	wait=1
3591	ack	r2	1790218795428	135	wait=1
3592	ack	r2	1790218795433	212	wait=1
3593	ack	r2	1790218795438	139	wait=1
3594	ack	r2	1790218795443	130	wait=1
3595	ack	r2	1790218795448	205	wait=1
3596	ack	r2	1790218795453	138	wait=1
3597	ack	r2	1790218795458	138	wait=1
3598	ack	r2	1790218795463	136	wait=1
3599	ack	r2	1790218795468	132	wait=1
3600	ack	r2	1790218795473	153	wait=1
3601	ack	r2	1790218795478	216	wait=1
3602	ack	r2	1790218795483	147	wait=1
3603	ack	r2	1790218795488	121	wait=1
3604	ack	r2	1790218795493	124	wait=1
3605	ack	r2	1790218795498	131	wait=1
3606	ack	r2	1790218795503	209	wait=1
3607	ack	r2	1790218795508	155	wait=1
3608	ack	r2	1790218795513	178	wait=1
3609	ack	r2	1790218795518	154	wait=1
3610	ack	r2	1790218795523	215	wait=1
3611	ack	r2	1790218795528	315	wait=1
3612	ack	r2	1790218795533	274	wait=1
3613	ack	r2	1790218795538	303	wait=1
3614	ack	r2	1790218795543	192	wait=1
3615	ack	r2	1790218795548	194	wait=1
3616	ack	r2	1790218795553	198	wait=1
3617	ack	r2	1790218795558	222	wait=1
3618	ack	r2	1790218795563	212	wait=1
3619	ack	r2	1790218795568	285	wait=1
3620	ack	r2	1790218795574	865	wait=1
3621	ack	r2	1790218795578	192	wait=1
3622	ack	r2	1790218795583	216	wait=1
3623	ack	r2	1790218795593	5263	wait=1
3624	ack	r2	1790218795594	841	wait=1
3625	ack	r2	1790218795598	232	wait=1
3626	ack	r2	1790218795603	248	wait=1
3627	ack	r2	1790218795608	262	wait=1
3628	ack	r2	1790218795613	147	wait=1
3629	ack	r2	1790218795618	190	wait=1
3630	ack	r2	1790218795623	175	wait=1
3631	ack	r2	1790218795628	158	wait=1
3632	ack	r2	1790218795633	152	wait=1
3633	ack	r2	1790218795638	176	wait=1
3634	ack	r2	1790218795643	121	wait=1
3635	ack	r2	1790218795648	209	wait=1
3636	ack	r2	1790218795653	190	wait=1
3637	ack	r2	1790218795658	158	wait=1
3638	ack	r2	1790218795663	186	wait=1
3639	ack	r2	1790218795668	158	wait=1
3640	ack	r2	1790218795673	244	wait=1
3641	ack	r2	1790218795678	151	wait=1
3642	ack	r2	1790218795683	154	wait=1
3643	ack	r2	1790218795688	187	wait=1
3644	ack	r2	1790218795693	140	wait=1
3645	ack	r2	1790218795698	128	wait=1
3646	ack	r2	1790218795703	226	wait=1
3647	ack	r2	1790218795708	216	wait=1
3648	ack	r2	1790218795713	148	wait=1
3649	ack	r2	1790218795718	144	wait=1
3650	ack	r2	1790218795723	211	wait=1
3651	ack	r2	1790218795728	197	wait=1
3652	ack	r2	1790218795733	159	wait=1
3653	ack	r2	1790218795738	226	wait=1
3654	ack	r2	1790218795743	145	wait=1
3655	ack	r2	1790218795748	137	wait=1
3656	ack	r2	1790218795753	146	wait=1
3657	ack	r2	1790218795758	139	wait=1
3658	ack	r2	1790218795763	157	wait=1
3659	ack	r2	1790218795768	231	wait=1
3660	ack	r2	1790218795775	914	wait=1
3661	ack	r2	1790218795778	139	wait=1
3662	ack	r2	1790218795783	143	wait=1
3663	ack	r2	1790218795788	147	wait=1
3664	ack	r2	1790218795793	155	wait=1
3665	ack	r2	1790218795798	169	wait=1
3666	ack	r2	1790218795803	212	wait=1
3667	ack	r2	1790218795808	137	wait=1
3668	ack	r2	1790218795813	113	wait=1
3669	ack	r2	1790218795818	149	wait=1
3670	ack	r2	1790218795823	138	wait=1
3671	ack	r2	1790218795828	149	wait=1
3672	ack	r2	1790218795833	137	wait=1
3673	ack	r2	1790218795838	147	wait=1
3674	ack	r2	1790218795843	133	wait=1
3675	ack	r2	1790218795848	159	wait=1
3676	ack	r2	1790218795853	135	wait=1
3677	ack	r2	1790218795858	133	wait=1
3678	ack	r2	1790218795863	186	wait=1
3679	ack	r2	1790218795868	219	wait=1
3680	ack	r2	1790218795873	141	wait=1
3681	ack	r2	1790218795878	157	wait=1
3682	ack	r2	1790218795883	137	wait=1
3683	ack	r2	1790218795888	138	wait=1
3684	ack	r2	1790218795893	132	wait=1
3685	ack	r2	1790218795898	209	wait=1
3686	ack	r2	1790218795903	210	wait=1
3687	ack	r2	1790218795908	127	wait=1
3688	ack	r2	1790218795913	128	wait=1
3689	ack	r2	1790218795918	161	wait=1
3690	ack	r2	1790218795923	124	wait=1
3691	ack	r2	1790218795928	137	wait=1
3692	ack	r2	1790218795933	183	wait=1
3693	ack	r2	1790218795938	145	wait=1
3694	ack	r2	1790218795943	137	wait=1
3695	ack	r2	1790218795948	152	wait=1
3696	ack	r2	1790218795953	201	wait=1
3697	ack	r2	1790218795958	214	wait=1
3698	ack	r2	1790218795963	151	wait=1
3699	ack	r2	1790218795968	209	wait=1
3700	ack	r2	1790218795975	1945	wait=1
3701	ack	r2	1790218795978	99	wait=1
3702	ack	r2	1790218795983	133	wait=1
3703	ack	r2	1790218795988	136	wait=1
3704	ack	r2	1790218795993	132	wait=1
3705	ack	r2	1790218795998	147	wait=1
3706	ack	r2	1790218796003	148	wait=1
3707	ack	r2	1790218796008	163	wait=1
3708	ack	r2	1790218796013	260	wait=1
3709	ack	r2	1790218796019	1942	wait=1
3710	ack	r2	1790218796023	168	wait=1
3711	ack	r2	1790218796028	204	wait=1
3712	ack	r2	1790218796033	235	wait=1
3713	ack	r2	1790218796038	149	wait=1
3714	ack	r2	1790218796043	140	wait=1
3715	ack	r2	1790218796048	151	wait=1
3716	ack	r2	1790218796053	137	wait=1
3717	ack	r2	1790218796058	135	wait=1
3718	ack	r2	1790218796063	127	wait=1
3719	ack	r2	1790218796068	138	wait=1
3720	ack	r2	1790218796073	93	wait=1
3721	ack	r2	1790218796078	139	wait=1
3722	ack	r2	1790218796083	145	wait=1
3723	ack	r2	1790218796088	132	wait=1
3724	ack	r2	1790218796093	135	wait=1
3725	ack	r2	1790218796098	211	wait=1
3726	ack	r2	1790218796103	133	wait=1
3727	ack	r2	1790218796108	186	wait=1
3728	ack	r2	1790218796113	218	wait=1
3729	ack	r2	1790218796118	291	wait=1
3730	ack	r2	1790218796123	997	wait=1
3731	ack	r2	1790218796128	137	wait=1
3732	ack	r2	1790218796133	140	wait=1
3733	ack	r2	1790218796138	262	wait=1
3734	ack	r2	1790218796143	364	wait=1
3735	ack	r2	1790218796148	229	wait=1
3736	ack	r2	1790218796153	124	wait=1
3737	ack	r2	1790218796158	166	wait=1
3738	ack	r2	1790218796163	246	wait=1
3739	ack	r2	1790218796168	517	wait=1
3740	ack	r2	1790218796174	828	wait=1
3741	ack	r2	1790218796178	229	wait=1
3742	ack	r2	1790218796183	177	wait=1
3743	ack	r2	1790218796188	292	wait=1
3744	ack	r2	1790218796193	325	wait=1
3745	ack	r2	1790218796198	255	wait=1
3746	ack	r2	1790218796203	132	wait=1
3747	ack	r2	1790218796208	129	wait=1
3748	ack	r2	1790218796213	138	wait=1
3749	ack	r2	1790218796218	150	wait=1
3750	ack	r2	1790218796223	151	wait=1
3751	ack	r2	1790218796228	130	wait=1
3752	ack	r2	1790218796233	152	wait=1
3753	ack	r2	1790218796238	159	wait=1
3754	ack	r2	1790218796243	132	wait=1
3755	ack	r2	1790218796248	162	wait=1
3756	ack	r2	1790218796253	147	wait=1
3757	ack	r2	1790218796258	144	wait=1
3758	ack	r2	1790218796263	131	wait=1
3759	ack	r2	1790218796268	170	wait=1
3760	ack	r2	1790218796273	141	wait=1
3761	ack	r2	1790218796278	133	wait=1
3762	ack	r2	1790218796283	134	wait=1
3763	ack	r2	1790218796288	154	wait=1
3764	ack	r2	1790218796293	138	wait=1
3765	ack	r2	1790218796298	150	wait=1
3766	ack	r2	1790218796303	155	wait=1
3767	ack	r2	1790218796308	164	wait=1
3768	ack	r2	1790218796313	148	wait=1
3769	ack	r2	1790218796318	150	wait=1
3770	ack	r2	1790218796323	142	wait=1
3771	ack	r2	1790218796328	189	wait=1
3772	ack	r2	1790218796333	151	wait=1
3773	ack	r2	1790218796338	171	wait=1
3774	ack	r2	1790218796343	150	wait=1
3775	ack	r2	1790218796348	135	wait=1
3776	ack	r2	1790218796353	129	wait=1
3777	ack	r2	1790218796358	141	wait=1
3778	ack	r2	1790218796363	145	wait=1
3779	ack	r2	1790218796368	165	wait=1
3780	ack	r2	1790218796376	3185	wait=1
3781	ack	r2	1790218796378	144	wait=1
3782	ack	r2	1790218796383	100	wait=1
3783	ack	r2	1790218796388	144	wait=1
3784	ack	r2	1790218796393	152	wait=1
3785	ack	r2	1790218796398	156	wait=1
3786	ack	r2	1790218796403	185	wait=1
3787	ack	r2	1790218796408	196	wait=1
3788	ack	r2	1790218796413	138	wait=1
3789	ack	r2	1790218796418	146	wait=1
3790	ack	r2	1790218796423	205	wait=1
3791	ack	r2	1790218796428	188	wait=1
3792	ack	r2	1790218796433	170	wait=1
3793	ack	r2	1790218796438	135	wait=1
3794	ack	r2	1790218796443	147	wait=1
3795	ack	r2	1790218796448	172	wait=1
3796	ack	r2	1790218796453	127	wait=1
3797	ack	r2	1790218796458	124	wait=1
3798	ack	r2	1790218796463	131	wait=1
3799	ack	r2	1790218796468	131	wait=1
3800	ack	r2	1790218796473	151	wait=1
3801	ack	r2	1790218796478	148	wait=1
3802	ack	r2	1790218796483	141	wait=1
3803	ack	r2	1790218796488	109	wait=1
3804	ack	r2	1790218796493	141	wait=1
3805	ack	r2	1790218796498	164	wait=1
3806	ack	r2	1790218796503	156	wait=1
3807	ack	r2	1790218796508	184	wait=1
3808	ack	r2	1790218796513	130	wait=1
3809	ack	r2	1790218796518	130	wait=1
3810	ack	r2	1790218796523	131	wait=1
3811	ack	r2	1790218796528	136	wait=1
3812	ack	r2	1790218796533	119	wait=1
3813	ack	r2	1790218796538	159	wait=1
3814	ack	r2	1790218796543	168	wait=1
3815	ack	r2	1790218796548	147	wait=1
3816	ack	r2	1790218796553	152	wait=1
3817	ack	r2	1790218796558	133	wait=1
3818	ack	r2	1790218796563	135	wait=1
3819	ack	r2	1790218796568	317	wait=1
3820	ack	r2	1790218796574	1236	wait=1
3821	ack	r2	1790218796578	132	wait=1
3822	ack	r2	1790218796583	134	wait=1
3823	ack	r2	1790218796588	124	wait=1
3824	ack	r2	1790218796593	129	wait=1
3825	ack	r2	1790218796598	145	wait=1
3826	ack	r2	1790218796603	144	wait=1
3827	ack	r2	1790218796608	185	wait=1
3828	ack	r2	1790218796613	141	wait=1
3829	ack	r2	1790218796618	130	wait=1
3830	ack	r2	1790218796623	136	wait=1
3831	ack	r2	1790218796628	143	wait=1
3832	ack	r2	1790218796633	154	wait=1
3833	ack	r2	1790218796638	168	wait=1
3834	ack	r2	1790218796643	167	wait=1
3835	ack	r2	1790218796648	185	wait=1
3836	ack	r2	1790218796653	112	wait=1
3837	ack	r2	1790218796658	142	wait=1
3838	ack	r2	1790218796663	152	wait=1
3839	ack	r2	1790218796668	129	wait=1
3840	ack	r2	1790218796673	159	wait=1
3841	ack	r2	1790218796678	114	wait=1
3842	ack	r2	1790218796683	138	wait=1
3843	ack	r2	1790218796688	134	wait=1
3844	ack	r2	1790218796693	129	wait=1
3845	ack	r2	1790218796698	132	wait=1
3846	ack	r2	1790218796703	244	wait=1
3847	ack	r2	1790218796708	165	wait=1
3848	ack	r2	1790218796713	168	wait=1
3849	ack	r2	1790218796718	355	wait=1
3850	ack	r2	1790218796723	264	wait=1
3851	ack	r2	1790218796728	251	wait=1
3852	ack	r2	1790218796733	211	wait=1
3853	ack	r2	1790218796738	269	wait=1
3854	ack	r2	1790218796743	410	wait=1
3855	ack	r2	1790218796748	169	wait=1
3856	ack	r2	1790218796753	179	wait=1
3857	ack	r2	1790218796758	264	wait=1
3858	ack	r2	1790218796763	149	wait=1
3859	ack	r2	1790218796768	268	wait=1
3860	ack	r2	1790218796774	743	wait=1
3861	ack	r2	1790218796778	234	wait=1
3862	ack	r2	1790218796783	313	wait=1
3863	ack	r2	1790218796788	179	wait=1
3864	ack	r2	1790218796793	160	wait=1
3865	ack	r2	1790218796798	210	wait=1
3866	ack	r2	1790218796803	134	wait=1
3867	ack	r2	1790218796808	187	wait=1
3868	ack	r2	1790218796813	132	wait=1
3869	ack	r2	1790218796818	134	wait=1
3870	ack	r2	1790218796823	194	wait=1
3871	ack	r2	1790218796828	128	wait=1
3872	ack	r2	1790218796833	226	wait=1
3873	ack	r2	1790218796838	166	wait=1
3874	ack	r2	1790218796843	135	wait=1
3875	ack	r2	1790218796848	142	wait=1
3876	ack	r2	1790218796853	137	wait=1
3877	ack	r2	1790218796858	138	wait=1
3878	ack	r2	1790218796863	133	wait=1
3879	ack	r2	1790218796868	224	wait=1
3880	ack	r2	1790218796873	137	wait=1
3881	ack	r2	1790218796878	138	wait=1
3882	ack	r2	1790218796883	130	wait=1
3883	ack	r2	1790218796888	110	wait=1
3884	ack	r2	1790218796893	140	wait=1
3885	ack	r2	1790218796898	135	wait=1
3886	ack	r2	1790218796903	219	wait=1
3887	ack	r2	1790218796908	137	wait=1
3888	ack	r2	1790218796913	137	wait=1
3889	ack	r2	1790218796918	189	wait=1
3890	ack	r2	1790218796923	180	wait=1
3891	ack	r2	1790218796928	138	wait=1
3892	ack	r2	1790218796933	132	wait=1
3893	ack	r2	1790218796938	128	wait=1
3894	ack	r2	1790218796943	132	wait=1
3895	ack	r2	1790218796948	139	wait=1
3896	ack	r2	1790218796953	133	wait=1
3897	ack	r2	1790218796958	200	wait=1
3898	ack	r2	1790218796963	138	wait=1
3899	ack	r2	1790218796968	195	wait=1
3900	ack	r2	1790218796974	900	wait=1
3901	ack	r2	1790218796978	130	wait=1
3902	ack	r2	1790218796983	132	wait=1
3903	ack	r2	1790218796988	132	wait=1
3904	ack	r2	1790218796993	119	wait=1
3905	ack	r2	1790218796998	140	wait=1
3906	ack	r2	1790218797003	124	wait=1
3907	ack	r2	1790218797008	146	wait=1
3908	ack	r2	1790218797013	146	wait=1
3909	ack	r2	1790218797018	146	wait=1
3910	ack	r2	1790218797023	335	wait=1
3911	ack	r2	1790218797028	290	wait=1
3912	ack	r2	1790218797033	171	wait=1
3913	ack	r2	1790218797038	174	wait=1
3914	ack	r2	1790218797043	113	wait=1
3915	ack	r2	1790218797048	148	wait=1
3916	ack	r2	1790218797053	233	wait=1
3917	ack	r2	1790218797058	196	wait=1
3918	ack	r2	1790218797063	136	wait=1
3919	ack	r2	1790218797068	132	wait=1
3920	ack	r2	1790218797073	134	wait=1
3921	ack	r2	1790218797078	139	wait=1
3922	ack	r2	1790218797083	162	wait=1
3923	ack	r2	1790218797088	114	wait=1
3924	ack	r2	1790218797093	137	wait=1
3925	ack	r2	1790218797098	209	wait=1
3926	ack	r2	1790218797103	164	wait=1
3927	ack	r2	1790218797108	136	wait=1
3928	ack	r2	1790218797113	271	wait=1
3929	ack	r2	1790218797118	176	wait=1
3930	ack	r2	1790218797123	157	wait=1
3931	ack	r2	1790218797128	269	wait=1
3932	ack	r2	1790218797133	187	wait=1
3933	ack	r2	1790218797138	147	wait=1
3934	ack	r2	1790218797143	216	wait=1
3935	ack	r2	1790218797148	142	wait=1
3936	ack	r2	1790218797153	133	wait=1
3937	ack	r2	1790218797158	152	wait=1
3938	ack	r2	1790218797163	134	wait=1
3939	ack	r2	1790218797168	231	wait=1
3940	ack	r2	1790218797174	159	wait=1
3941	ack	r2	1790218797178	130	wait=1
3942	ack	r2	1790218797183	121	wait=1
3943	ack	r2	1790218797188	134	wait=1
3944	ack	r2	1790218797193	139	wait=1
3945	ack	r2	1790218797198	140	wait=1
3946	ack	r2	1790218797203	181	wait=1
3947	ack	r2	1790218797208	199	wait=1
3948	ack	r2	1790218797213	251	wait=1
3949	ack	r2	1790218797218	171	wait=1
3950	ack	r2	1790218797223	155	wait=1
3951	ack	r2	1790218797228	186	wait=1
3952	ack	r2	1790218797233	158	wait=1
3953	ack	r2	1790218797238	160	wait=1
3954	ack	r2	1790218797243	158	wait=1
3955	ack	r2	1790218797248	203	wait=1
3956	ack	r2	1790218797253	167	wait=1
3957	ack	r2	1790218797258	156	wait=1
3958	ack	r2	1790218797263	134	wait=1
3959	ack	r2	1790218797268	128	wait=1
3960	ack	r2	1790218797273	143	wait=1
3961	ack	r2	1790218797278	113	wait=1
3962	ack	r2	1790218797283	113	wait=1
3963	ack	r2	1790218797288	140	wait=1
3964	ack	r2	1790218797293	202	wait=1
3965	ack	r2	1790218797298	218	wait=1
3966	ack	r2	1790218797303	120	wait=1
3967	ack	r2	1790218797308	232	wait=1
3968	ack	r2	1790218797313	290	wait=1
3969	ack	r2	1790218797318	216	wait=1
3970	ack	r2	1790218797323	263	wait=1
3971	ack	r2	1790218797328	213	wait=1
3972	ack	r2	1790218797333	277	wait=1
3973	ack	r2	1790218797338	237	wait=1
3974	ack	r2	1790218797343	144	wait=1
3975	ack	r2	1790218797348	152	wait=1
3976	ack	r2	1790218797353	414	wait=1
3977	ack	r2	1790218797358	313	wait=1
3978	ack	r2	1790218797363	221	wait=1
3979	ack	r2	1790218797368	161	wait=1
3980	ack	r2	1790218797375	1934	wait=1
3981	ack	r2	1790218797378	327	wait=1
3982	ack	r2	1790218797383	248	wait=1
3983	ack	r2	1790218797388	280	wait=1
3984	ack	r2	1790218797393	149	wait=1
3985	ack	r2	1790218797398	147	wait=1
3986	ack	r2	1790218797403	142	wait=1
3987	ack	r2	1790218797408	123	wait=1
3988	ack	r2	1790218797413	214	wait=1
3989	ack	r2	1790218797418	145	wait=1
3990	ack	r2	1790218797423	123	wait=1
3991	ack	r2	1790218797428	132	wait=1
3992	ack	r2	1790218797433	129	wait=1
3993	ack	r2	1790218797438	193	wait=1
3994	ack	r2	1790218797443	154	wait=1
3995	ack	r2	1790218797448	132	wait=1
3996	ack	r2	1790218797453	133	wait=1
3997	ack	r2	1790218797458	204	wait=1
3998	ack	r2	1790218797463	144	wait=1
3999	ack	r2	1790218797468	147	wait=1
4000	ack	r2	1790218797473	281	wait=1
4001	ack	r2	1790218797478	104	wait=1
4002	ack	r2	1790218797483	154	wait=1
4003	ack	r2	1790218797488	170	wait=1
4004	ack	r2	1790218797493	149	wait=1
4005	ack	r2	1790218797498	142	wait=1
4006	ack	r2	1790218797503	217	wait=1
4007	ack	r2	1790218797508	138	wait=1
4008	ack	r2	1790218797513	133	wait=1
4009	ack	r2	1790218797518	163	wait=1
4010	ack	r2	1790218797523	150	wait=1
4011	ack	r2	1790218797528	194	wait=1
4012	ack	r2	1790218797533	144	wait=1
4013	ack	r2	1790218797538	126	wait=1
4014	ack	r2	1790218797543	145	wait=1
4015	ack	r2	1790218797548	136	wait=1
4016	ack	r2	1790218797553	213	wait=1
4017	ack	r2	1790218797558	172	wait=1
4018	ack	r2	1790218797563	153	wait=1
4019	ack	r2	1790218797568	245	wait=1
4020	ack	r2	1790218797576	3134	wait=1
4021	ack	r2	1790218797578	131	wait=1
4022	ack	r2	1790218797583	145	wait=1
4023	ack	r2	1790218797588	115	wait=1
4024	ack	r2	1790218797593	142	wait=1
4025	ack	r2	1790218797598	153	wait=1
4026	ack	r2	1790218797603	136	wait=1
4027	ack	r2	1790218797608	133	wait=1
4028	ack	r2	1790218797613	276	wait=1
4029	ack	r2	1790218797618	218	wait=1
4030	ack	r2	1790218797623	167	wait=1
4031	ack	r2	1790218797628	162	wait=1
4032	ack	r2	1790218797633	154	wait=1
4033	ack	r2	1790218797638	221	wait=1
4034	ack	r2	1790218797643	137	wait=1
4035	ack	r2	1790218797648	148	wait=1
4036	ack	r2	1790218797653	137	wait=1
4037	ack	r2	1790218797658	141	wait=1
4038	ack	r2	1790218797663	150	wait=1
4039	ack	r2	1790218797668	135	wait=1
4040	ack	r2	1790218797673	122	wait=1
4041	ack	r2	1790218797678	165	wait=1
4042	ack	r2	1790218797683	141	wait=1
4043	ack	r2	1790218797688	155	wait=1
4044	ack	r2	1790218797693	144	wait=1
4045	ack	r2	1790218797698	133	wait=1
4046	ack	r2	1790218797703	126	wait=1
4047	ack	r2	1790218797708	134	wait=1
4048	ack	r2	1790218797713	161	wait=1
4049	ack	r2	1790218797718	139	wait=1
4050	ack	r2	1790218797723	118	wait=1
4051	ack	r2	1790218797728	160	wait=1
4052	ack	r2	1790218797733	158	wait=1
4053	ack	r2	1790218797738	130	wait=1
4054	ack	r2	1790218797743	127	wait=1
4055	ack	r2	1790218797748	145	wait=1
4056	ack	r2	1790218797753	146	wait=1
4057	ack	r2	1790218797758	153	wait=1
4058	ack	r2	1790218797763	131	wait=1
4059	ack	r2	1790218797768	213	wait=1
4060	ack	r2	1790218797775	1949	wait=1
4061	ack	r2	1790218797778	135	wait=1
4062	ack	r2	1790218797783	136	wait=1
4063	ack	r2	1790218797788	133	wait=1
4064	ack	r2	1790218797793	152	wait=1
4065	ack	r2	1790218797798	132	wait=1
4066	ack	r2	1790218797803	123	wait=1
4067	ack	r2	1790218797808	122	wait=1
4068	ack	r2	1790218797813	131	wait=1
4069	ack	r2	1790218797818	203	wait=1
4070	ack	r2	1790218797823	135	wait=1
4071	ack	r2	1790218797828	143	wait=1
4072	ack	r2	1790218797833	120	wait=1
4073	ack	r2	1790218797838	144	wait=1
4074	ack	r2	1790218797843	127	wait=1
4075	ack	r2	1790218797848	155	wait=1
4076	ack	r2	1790218797853	132	wait=1
4077	ack	r2	1790218797858	164	wait=1
4078	ack	r2	1790218797863	141	wait=1
4079	ack	r2	1790218797868	151	wait=1
4080	ack	r2	1790218797873	221	wait=1
4081	ack	r2	1790218797878	142	wait=1
4082	ack	r2	1790218797883	152	wait=1
4083	ack	r2	1790218797888	145	wait=1
4084	ack	r2	1790218797893	358	wait=1
4085	ack	r2	1790218797898	281	wait=1
4086	ack	r2	1790218797903	282	wait=1
4087	ack	r2	1790218797908	263	wait=1
4088	ack	r2	1790218797913	238	wait=1
4089	ack	r2	1790218797918	296	wait=1
4090	ack	r2	1790218797923	368	wait=1
4091	ack	r2	1790218797928	217	wait=1
4092	ack	r2	1790218797933	199	wait=1
4093	ack	r2	1790218797938	289	wait=1
4094	ack	r2	1790218797943	234	wait=1
4095	ack	r2	1790218797948	315	wait=1
4096	ack	r2	1790218797953	284	wait=1
4097	ack	r2	1790218797958	267	wait=1
4098	ack	r2	1790218797963	195	wait=1
4099	ack	r2	1790218797968	202	wait=1
4100	ack	r2	1790218797975	2148	wait=1
4101	ack	r2	1790218797978	234	wait=1
4102	ack	r2	1790218797983	157	wait=1
4103	ack	r2	1790218797988	189	wait=1
4104	ack	r2	1790218797993	195	wait=1
4105	ack	r2	1790218797998	109	wait=1
4106	ack	r2	1790218798003	138	wait=1
4107	ack	r2	1790218798008	200	wait=1
4108	ack	r2	1790218798013	191	wait=1
4109	ack	r2	1790218798018	176	wait=1
4110	ack	r2	1790218798023	186	wait=1
4111	ack	r2	1790218798028	211	wait=1
4112	ack	r2	1790218798033	222	wait=1
4113	ack	r2	1790218798038	291	wait=1
4114	ack	r2	1790218798043	192	wait=1
4115	ack	r2	1790218798048	269	wait=1
4116	ack	r2	1790218798053	186	wait=1
4117	ack	r2	1790218798058	346	wait=1
4118	ack	r2	1790218798063	200	wait=1
4119	ack	r2	1790218798068	206	wait=1
4120	ack	r2	1790218798073	219	wait=1
4121	ack	r2	1790218798078	166	wait=1
4122	ack	r2	1790218798083	189	wait=1
4123	ack	r2	1790218798088	166	wait=1
4124	ack	r2	1790218798093	152	wait=1
4125	ack	r2	1790218798098	137	wait=1
4126	ack	r2	1790218798103	130	wait=1
4127	ack	r2	1790218798108	120	wait=1
4128	ack	r2	1790218798113	132	wait=1
4129	ack	r2	1790218798118	155	wait=1
4130	ack	r2	1790218798123	216	wait=1
4131	ack	r2	1790218798128	167	wait=1
4132	ack	r2	1790218798133	143	wait=1
4133	ack	r2	1790218798138	177	wait=1
4134	ack	r2	1790218798143	227	wait=1
4135	ack	r2	1790218798148	197	wait=1
4136	ack	r2	1790218798153	230	wait=1
4137	ack	r2	1790218798158	242	wait=1
4138	ack	r2	1790218798163	147	wait=1
4139	ack	r2	1790218798168	225	wait=1
4140	ack	r2	1790218798173	161	wait=1
4141	ack	r2	1790218798178	169	wait=1
4142	ack	r2	1790218798183	189	wait=1
4143	ack	r2	1790218798188	134	wait=1
4144	ack	r2	1790218798193	141	wait=1
4145	ack	r2	1790218798198	149	wait=1
4146	ack	r2	1790218798203	272	wait=1
4147	ack	r2	1790218798208	291	wait=1
4148	ack	r2	1790218798213	285	wait=1
4149	ack	r2	1790218798218	275	wait=1
4150	ack	r2	1790218798223	378	wait=1
4151	ack	r2	1790218798228	302	wait=1
4152	ack	r2	1790218798233	210	wait=1
4153	ack	r2	1790218798238	160	wait=1
4154	ack	r2	1790218798243	160	wait=1
4155	ack	r2	1790218798248	159	wait=1
4156	ack	r2	1790218798253	172	wait=1
4157	ack	r2	1790218798258	153	wait=1
4158	ack	r2	1790218798263	223	wait=1
4159	ack	r2	1790218798268	173	wait=1
4160	ack	r2	1790218798273	157	wait=1
4161	ack	r2	1790218798278	153	wait=1
4162	ack	r2	1790218798283	171	wait=1
4163	ack	r2	1790218798288	167	wait=1
4164	ack	r2	1790218798293	181	wait=1
4165	ack	r2	1790218798298	137	wait=1
4166	ack	r2	1790218798303	149	wait=1
4167	ack	r2	1790218798308	156	wait=1
4168	ack	r2	1790218798313	144	wait=1
4169	ack	r2	1790218798318	126	wait=1
4170	ack	r2	1790218798323	139	wait=1
4171	ack	r2	1790218798328	148	wait=1
4172	ack	r2	1790218798333	242	wait=1
4173	ack	r2	1790218798338	191	wait=1
4174	ack	r2	1790218798343	136	wait=1
4175	ack	r2	1790218798348	168	wait=1
4176	ack	r2	1790218798353	139	wait=1
4177	ack	r2	1790218798358	131	wait=1
4178	ack	r2	1790218798363	134	wait=1
4179	ack	r2	1790218798368	219	wait=1
4180	ack	r2	1790218798374	1117	wait=1
4181	ack	r2	1790218798378	146	wait=1
4182	ack	r2	1790218798383	122	wait=1
4183	ack	r2	1790218798388	135	wait=1
4184	ack	r2	1790218798393	136	wait=1
4185	ack	r2	1790218798398	140	wait=1
4186	ack	r2	1790218798403	133	wait=1
4187	ack	r2	1790218798408	134	wait=1
4188	ack	r2	1790218798413	145	wait=1
4189	ack	r2	1790218798418	149	wait=1
4190	ack	r2	1790218798423	170	wait=1
4191	ack	r2	1790218798428	153	wait=1
4192	ack	r2	1790218798433	136	wait=1
4193	ack	r2	1790218798438	141	wait=1
4194	ack	r2	1790218798443	134	wait=1
4195	ack	r2	1790218798448	151	wait=1
4196	ack	r2	1790218798453	135	wait=1
4197	ack	r2	1790218798458	138	wait=1
4198	ack	r2	1790218798463	137	wait=1
4199	ack	r2	1790218798468	217	wait=1
4200	ack	r2	1790218798473	186	wait=1
4201	ack	r2	1790218798478	163	wait=1
4202	ack	r2	1790218798483	219	wait=1
4203	ack	r2	1790218798488	318	wait=1
4204	ack	r2	1790218798493	157	wait=1
4205	ack	r2	1790218798498	76	wait=1
4206	ack	r2	1790218798503	268	wait=1
4207	ack	r2	1790218798508	181	wait=1
4208	ack	r2	1790218798513	250	wait=1
4209	ack	r2	1790218798518	251	wait=1
4210	ack	r2	1790218798523	320	wait=1
4211	ack	r2	1790218798528	281	wait=1
4212	ack	r2	1790218798533	330	wait=1
4213	ack	r2	1790218798538	344	wait=1
4214	ack	r2	1790218798543	272	wait=1
4215	ack	r2	1790218798548	222	wait=1
4216	ack	r2	1790218798553	155	wait=1
4217	ack	r2	1790218798558	244	wait=1
4218	ack	r2	1790218798563	347	wait=1
4219	ack	r2	1790218798568	290	wait=1
4220	ack	r2	1790218798576	1652	wait=1
4221	ack	r2	1790218798578	245	wait=1
4222	ack	r2	1790218798583	130	wait=1
4223	ack	r2	1790218798588	193	wait=1
4224	ack	r2	1790218798593	189	wait=1
4225	ack	r2	1790218798598	178	wait=1
4226	ack	r2	1790218798603	148	wait=1
4227	ack	r2	1790218798608	238	wait=1
4228	ack	r2	1790218798613	146	wait=1
4229	ack	r2	1790218798618	145	wait=1
4230	ack	r2	1790218798623	226	wait=1
4231	ack	r2	1790218798628	135	wait=1
4232	ack	r2	1790218798633	134	wait=1
4233	ack	r2	1790218798638	133	wait=1
4234	ack	r2	1790218798643	274	wait=1
4235	ack	r2	1790218798648	143	wait=1
4236	ack	r2	1790218798653	152	wait=1
4237	ack	r2	1790218798658	144	wait=1
4238	ack	r2	1790218798663	149	wait=1
4239	ack	r2	1790218798668	131	wait=1
4240	ack	r2	1790218798673	149	wait=1
4241	ack	r2	1790218798678	164	wait=1
4242	ack	r2	1790218798683	159	wait=1
4243	ack	r2	1790218798688	170	wait=1
4244	ack	r2	1790218798693	142	wait=1
4245	ack	r2	1790218798698	134	wait=1
4246	ack	r2	1790218798703	177	wait=1
4247	ack	r2	1790218798708	257	wait=1
4248	ack	r2	1790218798713	163	wait=1
4249	ack	r2	1790218798718	155	wait=1
4250	ack	r2	1790218798723	324	wait=1
4251	ack	r2	1790218798728	178	wait=1
4252	ack	r2	1790218798733	155	wait=1
4253	ack	r2	1790218798738	298	wait=1
4254	ack	r2	1790218798743	108	wait=1
4255	ack	r2	1790218798748	166	wait=1
4256	ack	r2	1790218798753	133	wait=1
4257	ack	r2	1790218798758	144	wait=1
4258	ack	r2	1790218798763	161	wait=1
4259	ack	r2	1790218798768	383	wait=1
4260	ack	r2	1790218798773	224	wait=1
4261	ack	r2	1790218798778	195	wait=1
4262	ack	r2	1790218798783	141	wait=1
4263	ack	r2	1790218798788	147	wait=1
4264	ack	r2	1790218798793	143	wait=1
4265	ack	r2	1790218798798	226	wait=1
4266	ack	r2	1790218798803	218	wait=1
4267	ack	r2	1790218798808	137	wait=1
4268	ack	r2	1790218798813	124	wait=1
4269	ack	r2	1790218798818	133	wait=1
4270	ack	r2	1790218798823	134	wait=1
4271	ack	r2	1790218798828	218	wait=1
4272	ack	r2	1790218798833	164	wait=1
4273	ack	r2	1790218798838	155	wait=1
4274	ack	r2	1790218798843	147	wait=1
4275	ack	r2	1790218798848	128	wait=1
4276	ack	r2	1790218798853	173	wait=1
4277	ack	r2	1790218798858	232	wait=1
4278	ack	r2	1790218798863	149	wait=1
4279	ack	r2	1790218798868	157	wait=1
4280	ack	r2	1790218798873	150	wait=1
4281	ack	r2	1790218798878	143	wait=1
4282	ack	r2	1790218798883	144	wait=1
4283	ack	r2	1790218798888	116	wait=1
4284	ack	r2	1790218798893	148	wait=1
4285	ack	r2	1790218798898	146	wait=1
4286	ack	r2	1790218798903	152	wait=1
4287	ack	r2	1790218798908	143	wait=1
4288	ack	r2	1790218798913	139	wait=1
4289	ack	r2	1790218798918	151	wait=1
4290	ack	r2	1790218798923	143	wait=1
4291	ack	r2	1790218798928	137	wait=1
4292	ack	r2	1790218798933	144	wait=1
4293	ack	r2	1790218798938	132	wait=1
4294	ack	r2	1790218798943	145	wait=1
4295	ack	r2	1790218798948	145	wait=1
4296	ack	r2	1790218798953	215	wait=1
4297	ack	r2	1790218798958	141	wait=1
4298	ack	r2	1790218798963	135	wait=1
4299	ack	r2	1790218798968	279	wait=1
4300	ack	r2	1790218798975	872	wait=1
4301	ack	r2	1790218798978	138	wait=1
4302	ack	r2	1790218798983	144	wait=1
4303	ack	r2	1790218798988	119	wait=1
4304	ack	r2	1790218798993	160	wait=1
4305	ack	r2	1790218798998	122	wait=1
4306	ack	r2	1790218799003	140	wait=1
4307	ack	r2	1790218799008	129	wait=1
4308	ack	r2	1790218799013	124	wait=1
4309	ack	r2	1790218799018	122	wait=1
4310	ack	r2	1790218799023	135	wait=1
4311	ack	r2	1790218799028	115	wait=1
4312	ack	r2	1790218799033	133	wait=1
4313	ack	r2	1790218799038	146	wait=1
4314	ack	r2	1790218799043	123	wait=1
4315	ack	r2	1790218799048	176	wait=1
4316	ack	r2	1790218799053	115	wait=1
4317	ack	r2	1790218799058	215	wait=1
4318	ack	r2	1790218799063	241	wait=1
4319	ack	r2	1790218799068	549	wait=1
4320	ack	r2	1790218799073	283	wait=1
4321	ack	r2	1790218799078	280	wait=1
4322	ack	r2	1790218799083	255	wait=1
4323	ack	r2	1790218799088	292	wait=1
4324	ack	r2	1790218799093	274	wait=1
4325	ack	r2	1790218799098	204	wait=1
4326	ack	r2	1790218799103	249	wait=1
4327	ack	r2	1790218799108	335	wait=1
4328	ack	r2	1790218799113	273	wait=1
4329	ack	r2	1790218799118	323	wait=1
4330	ack	r2	1790218799123	209	wait=1
4331	ack	r2	1790218799128	120	wait=1
4332	ack	r2	1790218799133	201	wait=1
4333	ack	r2	1790218799138	276	wait=1
4334	ack	r2	1790218799143	138	wait=1
4335	ack	r2	1790218799148	492	wait=1
4336	ack	r2	1790218799153	309	wait=1
4337	ack	r2	1790218799159	1192	wait=1
4338	ack	r2	1790218799163	358	wait=1
4339	ack	r2	1790218799168	305	wait=1
4340	ack	r2	1790218799174	1188	wait=1
4341	ack	r2	1790218799178	145	wait=1
4342	ack	r2	1790218799183	155	wait=1
4343	ack	r2	1790218799188	150	wait=1
4344	ack	r2	1790218799193	109	wait=1
4345	ack	r2	1790218799198	151	wait=1
4346	ack	r2	1790218799203	157	wait=1
4347	ack	r2	1790218799208	168	wait=1
4348	ack	r2	1790218799213	164	wait=1
4349	ack	r2	1790218799218	134	wait=1
4350	ack	r2	1790218799223	208	wait=1
4351	ack	r2	1790218799228	247	wait=1
4352	ack	r2	1790218799233	188	wait=1
4353	ack	r2	1790218799238	234	wait=1
4354	ack	r2	1790218799243	141	wait=1
4355	ack	r2	1790218799248	151	wait=1
4356	ack	r2	1790218799253	146	wait=1
4357	ack	r2	1790218799258	182	wait=1
4358	ack	r2	1790218799263	146	wait=1
4359	ack	r2	1790218799268	141	wait=1
4360	ack	r2	1790218799273	149	wait=1
4361	ack	r2	1790218799278	135	wait=1
4362	ack	r2	1790218799283	134	wait=1
4363	ack	r2	1790218799288	168	wait=1
4364	ack	r2	1790218799293	141	wait=1
4365	ack	r2	1790218799298	131	wait=1
4366	ack	r2	1790218799303	173	wait=1
4367	ack	r2	1790218799308	207	wait=1
4368	ack	r2	1790218799313	122	wait=1
4369	ack	r2	1790218799318	132	wait=1
4370	ack	r2	1790218799323	136	wait=1
4371	ack	r2	1790218799328	158	wait=1
4372	ack	r2	1790218799333	130	wait=1
4373	ack	r2	1790218799338	135	wait=1
4374	ack	r2	1790218799343	164	wait=1
4375	ack	r2	1790218799348	133	wait=1
4376	ack	r2	1790218799353	139	wait=1
4377	ack	r2	1790218799358	123	wait=1
4378	ack	r2	1790218799363	131	wait=1
4379	ack	r2	1790218799368	234	wait=1
4380	ack	r2	1790218799375	1944	wait=1
4381	ack	r2	1790218799378	132	wait=1
4382	ack	r2	1790218799383	125	wait=1
4383	ack	r2	1790218799388	133	wait=1
4384	ack	r2	1790218799393	129	wait=1
4385	ack	r2	1790218799398	130	wait=1
4386	ack	r2	1790218799403	130	wait=1
4387	ack	r2	1790218799408	133	wait=1
4388	ack	r2	1790218799413	129	wait=1
4389	ack	r2	1790218799418	121	wait=1
4390	ack	r2	1790218799423	129	wait=1
4391	ack	r2	1790218799428	135	wait=1
4392	ack	r2	1790218799433	146	wait=1
4393	ack	r2	1790218799438	129	wait=1
4394	ack	r2	1790218799443	206	wait=1
4395	ack	r2	1790218799448	137	wait=1
4396	ack	r2	1790218799453	133	wait=1
4397	ack	r2	1790218799458	194	wait=1
4398	ack	r2	1790218799463	196	wait=1
4399	ack	r2	1790218799468	128	wait=1
4400	ack	r2	1790218799473	152	wait=1
4401	ack	r2	1790218799478	164	wait=1
4402	ack	r2	1790218799483	128	wait=1
4403	ack	r2	1790218799488	123	wait=1
4404	ack	r2	1790218799493	121	wait=1
4405	ack	r2	1790218799498	135	wait=1
4406	ack	r2	1790218799503	134	wait=1
4407	ack	r2	1790218799508	145	wait=1
4408	ack	r2	1790218799513	209	wait=1
4409	ack	r2	1790218799518	133	wait=1
4410	ack	r2	1790218799523	131	wait=1
4411	ack	r2	1790218799528	144	wait=1
4412	ack	r2	1790218799533	154	wait=1
4413	ack	r2	1790218799538	197	wait=1
4414	ack	r2	1790218799543	130	wait=1
4415	ack	r2	1790218799548	158	wait=1
4416	ack	r2	1790218799553	132	wait=1
4417	ack	r2	1790218799558	175	wait=1
4418	ack	r2	1790218799563	132	wait=1
4419	ack	r2	1790218799568	258	wait=1
4420	ack	r2	1790218799575	1904	wait=1
4421	ack	r2	1790218799578	147	wait=1
4422	ack	r2	1790218799583	134	wait=1
4423	ack	r2	1790218799588	135	wait=1
4424	ack	r2	1790218799593	133	wait=1
4425	ack	r2	1790218799598	134	wait=1
4426	ack	r2	1790218799603	136	wait=1
4427	ack	r2	1790218799608	153	wait=1
4428	ack	r2	1790218799613	149	wait=1
4429	ack	r2	1790218799618	131	wait=1
4430	ack	r2	1790218799623	205	wait=1
4431	ack	r2	1790218799628	123	wait=1
4432	ack	r2	1790218799633	135	wait=1
4433	ack	r2	1790218799638	112	wait=1
4434	ack	r2	1790218799643	132	wait=1
4435	ack	r2	1790218799648	143	wait=1
4436	ack	r2	1790218799653	151	wait=1
4437	ack	r2	1790218799658	150	wait=1
4438	ack	r2	1790218799663	141	wait=1
4439	ack	r2	1790218799668	203	wait=1
4440	ack	r2	1790218799673	161	wait=1
4441	ack	r2	1790218799678	157	wait=1
4442	ack	r2	1790218799683	171	wait=1
4443	ack	r2	1790218799688	453	wait=1
4444	ack	r2	1790218799693	249	wait=1
4445	ack	r2	1790218799698	176	wait=1
4446	ack	r2	1790218799703	233	wait=1
4447	ack	r2	1790218799708	209	wait=1
4448	ack	r2	1790218799713	253	wait=1
4449	ack	r2	1790218799718	255	wait=1
4450	ack	r2	1790218799723	238	wait=1
4451	ack	r2	1790218799728	130	wait=1
4452	ack	r2	1790218799733	224	wait=1
4453	ack	r2	1790218799738	296	wait=1
4454	ack	r2	1790218799743	212	wait=1
4455	ack	r2	1790218799748	179	wait=1
4456	ack	r2	1790218799753	221	wait=1
4457	ack	r2	1790218799758	400	wait=1
4458	ack	r2	1790218799763	264	wait=1
4459	ack	r2	1790218799768	336	wait=1
4460	ack	r2	1790218799774	1089	wait=1
4461	ack	r2	1790218799778	155	wait=1
4462	ack	r2	1790218799783	177	wait=1
4463	ack	r2	1790218799788	258	wait=1
4464	ack	r2	1790218799793	644	wait=1
4465	ack	r2	1790218799798	101	wait=1
4466	ack	r2	1790218799803	85	wait=2
4467	ack	r2	1790218799808	209	wait=2
4468	ack	r2	1790218799813	206	wait=2
4469	ack	r2	1790218799818	154	wait=1
4470	ack	r2	1790218799823	149	wait=2
4471	ack	r2	1790218799828	115	wait=1
4472	ack	r2	1790218799833	320	wait=1
4473	ack	r2	1790218799838	251	wait=2
4474	ack	r2	1790218799843	77	wait=1
4475	ack	r2	1790218799848	106	wait=1
4476	ack	r2	1790218799853	256	wait=2
4477	ack	r2	1790218799858	203	wait=2
4478	ack	r2	1790218799863	148	wait=1
4479	ack	r2	1790218799868	142	wait=2
4480	ack	r2	1790218799873	158	wait=1
4481	ack	r2	1790218799878	241	wait=2
4482	ack	r2	1790218799883	175	wait=2
4483	ack	r2	1790218799888	209	wait=2
4484	ack	r2	1790218799893	170	wait=2
4485	ack	r2	1790218799898	103	wait=1
4486	ack	r2	1790218799903	239	wait=2
4487	ack	r2	1790218799908	167	wait=1
4488	ack	r2	1790218799913	136	wait=2
4489	ack	r2	1790218799918	140	wait=2
4490	ack	r2	1790218799923	122	wait=2
4491	ack	r2	1790218799928	161	wait=2
4492	ack	r2	1790218799933	138	wait=2
4493	ack	r2	1790218799938	89	wait=1
4494	ack	r2	1790218799943	104	wait=1
4495	ack	r2	1790218799948	155	wait=1
4496	ack	r2	1790218799953	170	wait=2
4497	ack	r2	1790218799958	214	wait=2
4498	ack	r2	1790218799963	166	wait=1
4499	ack	r2	1790218799968	287	wait=1
4500	ack	r2	1790218799973	179	wait=1
4501	ack	r2	1790218799978	233	wait=2
4502	ack	r2	1790218799983	259	wait=2
4503	ack	r2	1790218799988	266	wait=2
4504	ack	r2	1790218799993	286	wait=2
4505	ack	r2	1790218799998	293	wait=2
4506	ack	r2	1790218800003	264	wait=2
4507	ack	r2	1790218800008	212	wait=2
4508	ack	r2	1790218800013	240	wait=2
4509	ack	r2	1790218800018	105	wait=1
4510	ack	r2	1790218800023	206	wait=2
4511	ack	r2	1790218800028	103	wait=1
4512	ack	r2	1790218800033	253	wait=2
4513	ack	r2	1790218800038	161	wait=1
4514	ack	r2	1790218800043	160	wait=2
4515	ack	r2	1790218800048	287	wait=2
4516	ack	r2	1790218800053	277	wait=2
4517	ack	r2	1790218800058	178	wait=1
4518	ack	r2	1790218800063	248	wait=1
4519	ack	r2	1790218800068	274	wait=2
4520	ack	r2	1790218800073	171	wait=2
4521	ack	r2	1790218800078	168	wait=1
4522	ack	r2	1790218800083	146	wait=1
4523	ack	r2	1790218800088	191	wait=1
4524	ack	r2	1790218800093	317	wait=2
4525	ack	r2	1790218800098	105	wait=1
4526	ack	r2	1790218800103	130	wait=1
4527	ack	r2	1790218800108	181	wait=1
4528	ack	r2	1790218800113	341	wait=2
4529	ack	r2	1790218800118	205	wait=2
4530	ack	r2	1790218800123	262	wait=2
4531	ack	r2	1790218800128	191	wait=2
4532	ack	r2	1790218800133	189	wait=2
4533	ack	r2	1790218800138	184	wait=2
4534	ack	r2	1790218800143	74	wait=2
4535	ack	r2	1790218800148	192	wait=2
4536	ack	r2	1790218800153	266	wait=2
4537	ack	r2	1790218800158	265	wait=2
4538	ack	r2	1790218800163	260	wait=2
4539	ack	r2	1790218800168	284	wait=1
4540	ack	r2	1790218800174	650	wait=1
4541	ack	r2	1790218800178	214	wait=1
4542	ack	r2	1790218800183	101	wait=1
4543	ack	r2	1790218800188	181	wait=1
4544	ack	r2	1790218800193	186	wait=2
4545	ack	r2	1790218800198	180	wait=1
4546	ack	r2	1790218800203	108	wait=1
4547	ack	r2	1790218800208	176	wait=2
4548	ack	r2	1790218800213	215	wait=2
4549	ack	r2	1790218800218	170	wait=2
4550	ack	r2	1790218800223	141	wait=1
4551	ack	r2	1790218800228	148	wait=2
4552	ack	r2	1790218800233	119	wait=1
4553	ack	r2	1790218800238	321	wait=2
4554	ack	r2	1790218800243	309	wait=1
4555	ack	r2	1790218800248	320	wait=2
4556	ack	r2	1790218800253	249	wait=2
4557	ack	r2	1790218800258	340	wait=2
4558	ack	r2	1790218800263	309	wait=1
4559	ack	r2	1790218800268	329	wait=2
4560	ack	r2	1790218800273	338	wait=2
4561	ack	r2	1790218800278	350	wait=2
4562	ack	r2	1790218800283	391	wait=2
4563	ack	r2	1790218800288	403	wait=2
4564	ack	r2	1790218800293	261	wait=2
4565	ack	r2	1790218800298	317	wait=2
4566	ack	r2	1790218800303	285	wait=2
4567	ack	r2	1790218800308	180	wait=2
4568	ack	r2	1790218800313	230	wait=2
4569	ack	r2	1790218800318	320	wait=2
4570	ack	r2	1790218800323	201	wait=1
4571	ack	r2	1790218800328	217	wait=2
4572	ack	r2	1790218800333	241	wait=1
4573	ack	r2	1790218800338	264	wait=1
4574	ack	r2	1790218800343	202	wait=1
4575	ack	r2	1790218800348	218	wait=2
4576	ack	r2	1790218800353	269	wait=2
4577	ack	r2	1790218800358	250	wait=1
4578	ack	r2	1790218800363	200	wait=1
4579	ack	r2	1790218800368	277	wait=2
4580	ack	r2	1790218800373	187	wait=1
4581	ack	r2	1790218800378	139	wait=2
4582	ack	r2	1790218800383	313	wait=2
4583	ack	r2	1790218800388	226	wait=1
4584	ack	r2	1790218800393	155	wait=1
4585	ack	r2	1790218800398	202	wait=2
4586	ack	r2	1790218800403	132	wait=1
4587	ack	r2	1790218800408	300	wait=1
4588	ack	r2	1790218800413	108	wait=1
4589	ack	r2	1790218800418	211	wait=2
4590	ack	r2	1790218800423	188	wait=1
4591	ack	r2	1790218800428	243	wait=1
4592	ack	r2	1790218800433	323	wait=2
4593	ack	r2	1790218800438	440	wait=2
4594	ack	r2	1790218800443	272	wait=2
4595	ack	r2	1790218800448	235	wait=2
4596	ack	r2	1790218800453	239	wait=1
4597	ack	r2	1790218800458	311	wait=2
4598	ack	r2	1790218800463	357	wait=2
4599	ack	r2	1790218800468	262	wait=2
4600	ack	r2	1790218800473	240	wait=2
4601	ack	r2	1790218800478	263	wait=1
4602	ack	r2	1790218800483	174	wait=2
4603	ack	r2	1790218800488	228	wait=2
4604	ack	r2	1790218800493	144	wait=1
4605	ack	r2	1790218800498	238	wait=1
4606	ack	r2	1790218800503	289	wait=2
4607	ack	r2	1790218800508	192	wait=2
4608	ack	r2	1790218800513	197	wait=2
4609	ack	r2	1790218800518	268	wait=1
4610	ack	r2	1790218800523	352	wait=2
4611	ack	r2	1790218800528	289	wait=2
4612	ack	r2	1790218800533	307	wait=2
4613	ack	r2	1790218800538	371	wait=1
4614	ack	r2	1790218800543	280	wait=2
4615	ack	r2	1790218800548	313	wait=2
4616	ack	r2	1790218800553	131	wait=1
4617	ack	r2	1790218800558	300	wait=2
4618	ack	r2	1790218800563	239	wait=1
4619	ack	r2	1790218800568	299	wait=2
4620	ack	r2	1790218800573	193	wait=2
4621	ack	r2	1790218800578	257	wait=2
4622	ack	r2	1790218800583	266	wait=1
4623	ack	r2	1790218800588	332	wait=1
4624	ack	r2	1790218800593	320	wait=2
4625	ack	r2	1790218800598	247	wait=1
4626	ack	r2	1790218800603	280	wait=1
4627	ack	r2	1790218800608	414	wait=2
4628	ack	r2	1790218800613	180	wait=1
4629	ack	r2	1790218800618	195	wait=1
4630	ack	r2	1790218800623	211	wait=1
4631	ack	r2	1790218800628	322	wait=1
4632	ack	r2	1790218800633	212	wait=1
4633	ack	r2	1790218800638	403	wait=2
4634	ack	r2	1790218800643	318	wait=1
4635	ack	r2	1790218800648	253	wait=2
4636	ack	r2	1790218800653	288	wait=1
4637	ack	r2	1790218800658	278	wait=2
4638	ack	r2	1790218800663	242	wait=2
4639	ack	r2	1790218800668	205	wait=1
4640	ack	r2	1790218800673	265	wait=2
4641	ack	r2	1790218800678	200	wait=2
4642	ack	r2	1790218800683	164	wait=2
4643	ack	r2	1790218800688	267	wait=1
4644	ack	r2	1790218800693	262	wait=2
4645	ack	r2	1790218800698	187	wait=2
4646	ack	r2	1790218800703	304	wait=2
4647	ack	r2	1790218800708	284	wait=2
4648	ack	r2	1790218800713	228	wait=1
4649	ack	r2	1790218800718	218	wait=2
4650	ack	r2	1790218800723	191	wait=2
4651	ack	r2	1790218800728	240	wait=2
4652	ack	r2	1790218800733	143	wait=2
4653	ack	r2	1790218800738	370	wait=2
4654	ack	r2	1790218800743	232	wait=1
4655	ack	r2	1790218800748	218	wait=1
4656	ack	r2	1790218800753	294	wait=1
4657	ack	r2	1790218800758	332	wait=2
4658	ack	r2	1790218800763	156	wait=1
4659	ack	r2	1790218800768	202	wait=1
4660	ack	r2	1790218800773	171	wait=1
4661	ack	r2	1790218800778	247	wait=1
4662	ack	r2	1790218800783	209	wait=2
4663	ack	r2	1790218800788	266	wait=2
4664	ack	r2	1790218800793	193	wait=2
4665	ack	r2	1790218800798	334	wait=2
4666	ack	r2	1790218800803	273	wait=2
4667	ack	r2	1790218800808	181	wait=1
4668	ack	r2	1790218800813	322	wait=2
4669	ack	r2	1790218800818	250	wait=2
4670	ack	r2	1790218800823	227	wait=2
4671	ack	r2	1790218800828	333	wait=2
4672	ack	r2	1790218800833	244	wait=2
4673	ack	r2	1790218800838	426	wait=2
4674	ack	r2	1790218800843	278	wait=1
4675	ack	r2	1790218800848	211	wait=2
4676	ack	r2	1790218800853	237	wait=1
4677	ack	r2	1790218800858	192	wait=1
4678	ack	r2	1790218800863	163	wait=2
4679	ack	r2	1790218800868	198	wait=2
4680	ack	r2	1790218800873	381	wait=2
4681	ack	r2	1790218800878	187	wait=1
4682	ack	r2	1790218800883	339	wait=2
4683	ack	r2	1790218800888	233	wait=1
4684	ack	r2	1790218800893	280	wait=1
4685	ack	r2	1790218800898	250	wait=2
4686	ack	r2	1790218800903	210	wait=2
4687	ack	r2	1790218800908	201	wait=2
4688	ack	r2	1790218800913	137	wait=1
4689	ack	r2	1790218800918	325	wait=2
4690	ack	r2	1790218800923	226	wait=2
4691	ack	r2	1790218800928	198	wait=2
4692	ack	r2	1790218800933	161	wait=2
4693	ack	r2	1790218800938	265	wait=2
4694	ack	r2	1790218800943	253	wait=1
4695	ack	r2	1790218800948	173	wait=1
4696	ack	r2	1790218800953	259	wait=1
4697	ack	r2	1790218800958	170	wait=1
4698	ack	r2	1790218800963	356	wait=2
4699	ack	r2	1790218800968	284	wait=2
4700	ack	r2	1790218800973	199	wait=1
4701	ack	r2	1790218800978	136	wait=1
4702	ack	r2	1790218800983	182	wait=2
4703	ack	r2	1790218800988	378	wait=2
4704	ack	r2	1790218800993	255	wait=2
4705	ack	r2	1790218800998	286	wait=2
4706	ack	r2	1790218801003	199	wait=2
4707	ack	r2	1790218801008	278	wait=2
4708	ack	r2	1790218801013	355	wait=2
4709	ack	r2	1790218801018	187	wait=1
4710	ack	r2	1790218801023	294	wait=1
4711	ack	r2	1790218801028	168	wait=2
4712	ack	r2	1790218801033	206	wait=2
4713	ack	r2	1790218801038	299	wait=2
4714	ack	r2	1790218801043	157	wait=1
4715	ack	r2	1790218801048	359	wait=1
4716	ack	r2	1790218801053	259	wait=2
4717	ack	r2	1790218801058	141	wait=1
4718	ack	r2	1790218801063	209	wait=2
4719	ack	r2	1790218801068	249	wait=1
4720	ack	r2	1790218801073	122	wait=1
4721	ack	r2	1790218801078	125	wait=1
4722	ack	r2	1790218801083	176	wait=1
4723	ack	r2	1790218801088	248	wait=2
4724	ack	r2	1790218801093	137	wait=2
4725	ack	r2	1790218801098	265	wait=2
4726	ack	r2	1790218801103	385	wait=1
4727	ack	r2	1790218801108	207	wait=2
4728	ack	r2	1790218801113	207	wait=1
4729	ack	r2	1790218801118	202	wait=1
4730	ack	r2	1790218801123	163	wait=1
4731	ack	r2	1790218801128	170	wait=2
4732	ack	r2	1790218801133	105	wait=2
4733	ack	r2	1790218801138	162	wait=1
4734	ack	r2	1790218801143	304	wait=2
4735	ack	r2	1790218801148	152	wait=1
4736	ack	r2	1790218801153	250	wait=2
4737	ack	r2	1790218801158	181	wait=1
4738	ack	r2	1790218801163	137	wait=1
4739	ack	r2	1790218801168	116	wait=2
4740	ack	r2	1790218801173	121	wait=1
4741	ack	r2	1790218801178	95	wait=2
4742	ack	r2	1790218801183	119	wait=2
4743	ack	r2	1790218801189	1683	wait=2
4744	ack	r2	1790218801193	163	wait=1
4745	ack	r2	1790218801198	229	wait=1
4746	ack	r2	1790218801203	241	wait=2
4747	ack	r2	1790218801208	313	wait=1
4748	ack	r2	1790218801213	144	wait=1
4749	ack	r2	1790218801218	107	wait=1
4750	ack	r2	1790218801223	166	wait=1
4751	ack	r2	1790218801228	157	wait=1
4752	ack	r2	1790218801233	149	wait=1
4753	ack	r2	1790218801238	276	wait=2
4754	ack	r2	1790218801243	77	wait=1
4755	ack	r2	1790218801248	238	wait=2
4756	ack	r2	1790218801253	187	wait=2
4757	ack	r2	1790218801258	193	wait=2
4758	ack	r2	1790218801263	180	wait=2
4759	ack	r2	1790218801268	148	wait=2
4760	ack	r2	1790218801273	159	wait=1
4761	ack	r2	1790218801278	138	wait=2
4762	ack	r2	1790218801283	155	wait=1
4763	ack	r2	1790218801288	140	wait=2
4764	ack	r2	1790218801293	158	wait=1
4765	ack	r2	1790218801298	150	wait=1
4766	ack	r2	1790218801303	137	wait=2
4767	ack	r2	1790218801308	143	wait=1
4768	ack	r2	1790218801313	137	wait=2
4769	ack	r2	1790218801318	178	wait=2
4770	ack	r2	1790218801323	99	wait=2
4771	ack	r2	1790218801328	162	wait=1
4772	ack	r2	1790218801333	146	wait=1
4773	ack	r2	1790218801338	142	wait=1
4774	ack	r2	1790218801343	140	wait=2
4775	ack	r2	1790218801348	163	wait=1
4776	ack	r2	1790218801353	229	wait=2
4777	ack	r2	1790218801358	292	wait=2
4778	ack	r2	1790218801363	204	wait=2
4779	ack	r2	1790218801368	172	wait=1
4780	ack	r2	1790218801373	153	wait=1
4781	ack	r2	1790218801378	152	wait=2
4782	ack	r2	1790218801383	144	wait=1
4783	ack	r2	1790218801388	145	wait=1
4784	ack	r2	1790218801393	139	wait=2
4785	ack	r2	1790218801398	154	wait=1
4786	ack	r2	1790218801403	143	wait=1
4787	ack	r2	1790218801408	224	wait=1
4788	ack	r2	1790218801413	182	wait=2
4789	ack	r2	1790218801418	144	wait=1
4790	ack	r2	1790218801423	148	wait=1
4791	ack	r2	1790218801428	153	wait=1
4792	ack	r2	1790218801433	133	wait=2
4793	ack	r2	1790218801438	270	wait=2
4794	ack	r2	1790218801443	176	wait=2
4795	ack	r2	1790218801448	272	wait=2
4796	ack	r2	1790218801453	182	wait=1
4797	ack	r2	1790218801458	219	wait=1
4798	ack	r2	1790218801463	160	wait=1
4799	ack	r2	1790218801468	185	wait=1
4800	ack	r2	1790218801473	285	wait=2
4801	ack	r2	1790218801478	154	wait=1
4802	ack	r2	1790218801483	157	wait=1
4803	ack	r2	1790218801488	255	wait=2
4804	ack	r2	1790218801493	103	wait=1
4805	ack	r2	1790218801498	158	wait=1
4806	ack	r2	1790218801503	287	wait=2
4807	ack	r2	1790218801508	161	wait=1
4808	ack	r2	1790218801513	235	wait=2
4809	ack	r2	1790218801518	269	wait=2
4810	ack	r2	1790218801523	278	wait=2
4811	ack	r2	1790218801528	173	wait=1
4812	ack	r2	1790218801533	222	wait=2
4813	ack	r2	1790218801538	150	wait=1
4814	ack	r2	1790218801543	204	wait=2
4815	ack	r2	1790218801548	176	wait=1
4816	ack	r2	1790218801553	162	wait=1
4817	ack	r2	1790218801558	183	wait=2
4818	ack	r2	1790218801563	249	wait=2
4819	ack	r2	1790218801568	263	wait=1
4820	ack	r2	1790218801574	1238	wait=2
4821	ack	r2	1790218801578	142	wait=1
4822	ack	r2	1790218801583	137	wait=2
4823	ack	r2	1790218801588	272	wait=1
4824	ack	r2	1790218801593	244	wait=2
4825	ack	r2	1790218801598	141	wait=1
4826	ack	r2	1790218801603	154	wait=1
4827	ack	r2	1790218801608	256	wait=2
4828	ack	r2	1790218801613	218	wait=2
4829	ack	r2	1790218801618	166	wait=2
4830	ack	r2	1790218801623	121	wait=1
4831	ack	r2	1790218801628	120	wait=1
4832	ack	r2	1790218801633	135	wait=1
4833	ack	r2	1790218801638	240	wait=2
4834	ack	r2	1790218801643	97	wait=2
4835	ack	r2	1790218801648	136	wait=2
4836	ack	r2	1790218801653	147	wait=1
4837	ack	r2	1790218801658	142	wait=2
4838	ack	r2	1790218801663	124	wait=1
4839	ack	r2	1790218801668	157	wait=1
4840	ack	r2	1790218801673	165	wait=2
4841	ack	r2	1790218801678	111	wait=1
4842	ack	r2	1790218801683	93	wait=1
4843	ack	r2	1790218801688	166	wait=2
4844	ack	r2	1790218801693	272	wait=2
4845	ack	r2	1790218801698	269	wait=2
4846	ack	r2	1790218801703	286	wait=2
4847	ack	r2	1790218801708	285	wait=2
4848	ack	r2	1790218801713	153	wait=1
4849	ack	r2	1790218801718	281	wait=2
4850	ack	r2	1790218801723	172	wait=2
4851	ack	r2	1790218801728	154	wait=1
4852	ack	r2	1790218801733	153	wait=1
4853	ack	r2	1790218801738	149	wait=1
4854	ack	r2	1790218801743	155	wait=1
4855	ack	r2	1790218801748	224	wait=1
4856	ack	r2	1790218801753	152	wait=1
4857	ack	r2	1790218801758	236	wait=2
4858	ack	r2	1790218801763	257	wait=2
4859	ack	r2	1790218801768	241	wait=2
4860	ack	r2	1790218801773	248	wait=2
4861	ack	r2	1790218801778	132	wait=1
4862	ack	r2	1790218801783	162	wait=2
4863	ack	r2	1790218801788	224	wait=1
4864	ack	r2	1790218801793	148	wait=1
4865	ack	r2	1790218801798	265	wait=2
4866	ack	r2	1790218801803	273	wait=1
4867	ack	r2	1790218801808	168	wait=1
4868	ack	r2	1790218801813	170	wait=2
4869	ack	r2	1790218801818	178	wait=2
4870	ack	r2	1790218801823	150	wait=1
4871	ack	r2	1790218801828	164	wait=1
4872	ack	r2	1790218801833	191	wait=2
4873	ack	r2	1790218801838	136	wait=2
4874	ack	r2	1790218801843	126	wait=2
4875	ack	r2	1790218801848	211	wait=2
4876	ack	r2	1790218801853	248	wait=2
4877	ack	r2	1790218801858	260	wait=1
4878	ack	r2	1790218801863	142	wait=1
4879	ack	r2	1790218801868	241	wait=2
4880	ack	r2	1790218801873	269	wait=2
4881	ack	r2	1790218801878	147	wait=2
4882	ack	r2	1790218801883	138	wait=2
4883	ack	r2	1790218801888	140	wait=1
4884	ack	r2	1790218801893	146	wait=1
4885	ack	r2	1790218801898	243	wait=1
4886	ack	r2	1790218801903	138	wait=2
4887	ack	r2	1790218801908	169	wait=1
4888	ack	r2	1790218801913	104	wait=1
4889	ack	r2	1790218801918	138	wait=1
4890	ack	r2	1790218801923	114	wait=2
4891	ack	r2	1790218801928	144	wait=2
4892	ack	r2	1790218801933	143	wait=1
4893	ack	r2	1790218801938	139	wait=2
4894	ack	r2	1790218801943	134	wait=1
4895	ack	r2	1790218801948	187	wait=2
4896	ack	r2	1790218801953	159	wait=1
4897	ack	r2	1790218801958	177	wait=2
4898	ack	r2	1790218801963	168	wait=2
4899	ack	r2	1790218801968	285	wait=2
4900	ack	r2	1790218801977	1951	wait=2
4901	ack	r2	1790218801978	139	wait=1
4902	ack	r2	1790218801983	106	wait=1
4903	ack	r2	1790218801988	133	wait=1
4904	ack	r2	1790218801993	139	wait=1
4905	ack	r2	1790218801998	133	wait=2
4906	ack	r2	1790218802003	143	wait=2
4907	ack	r2	1790218802008	136	wait=2
4908	ack	r2	1790218802013	229	wait=2
4909	ack	r2	1790218802018	137	wait=2
4910	ack	r2	1790218802023	135	wait=2
4911	ack	r2	1790218802028	138	wait=2
4912	ack	r2	1790218802033	137	wait=2
4913	ack	r2	1790218802038	141	wait=2
4914	ack	r2	1790218802043	142	wait=2
4915	ack	r2	1790218802048	149	wait=1
4916	ack	r2	1790218802053	140	wait=2
4917	ack	r2	1790218802058	172	wait=2
4918	ack	r2	1790218802063	191	wait=2
4919	ack	r2	1790218802068	111	wait=2
4920	ack	r2	1790218802073	152	wait=2
4921	ack	r2	1790218802078	155	wait=1
4922	ack	r2	1790218802083	144	wait=2
4923	ack	r2	1790218802088	135	wait=1
4924	ack	r2	1790218802093	234	wait=2
4925	ack	r2	1790218802098	267	wait=2
4926	ack	r2	1790218802103	182	wait=2
4927	ack	r2	1790218802108	334	wait=2
4928	ack	r2	1790218802113	289	wait=2
4929	ack	r2	1790218802118	315	wait=1
4930	ack	r2	1790218802123	138	wait=1
4931	ack	r2	1790218802128	368	wait=2
4932	ack	r2	1790218802133	125	wait=1
4933	ack	r2	1790218802138	88	wait=1
4934	ack	r2	1790218802143	187	wait=2
4935	ack	r2	1790218802148	189	wait=2
4936	ack	r2	1790218802153	153	wait=1
4937	ack	r2	1790218802158	136	wait=2
4938	ack	r2	1790218802163	140	wait=2
4939	ack	r2	1790218802168	250	wait=2
4940	ack	r2	1790218802175	2229	wait=2
4941	ack	r2	1790218802178	317	wait=2
4942	ack	r2	1790218802183	149	wait=2
4943	ack	r2	1790218802188	176	wait=2
4944	ack	r2	1790218802193	156	wait=1
4945	ack	r2	1790218802198	143	wait=2
4946	ack	r2	1790218802203	152	wait=2
4947	ack	r2	1790218802208	169	wait=2
4948	ack	r2	1790218802213	216	wait=2
4949	ack	r2	1790218802218	131	wait=1
4950	ack	r2	1790218802223	297	wait=2
4951	ack	r2	1790218802228	150	wait=1
4952	ack	r2	1790218802233	168	wait=1
4953	ack	r2	1790218802238	248	wait=2
4954	ack	r2	1790218802243	241	wait=2
4955	ack	r2	1790218802248	157	wait=2
4956	ack	r2	1790218802253	264	wait=1
4957	ack	r2	1790218802258	155	wait=1
4958	ack	r2	1790218802263	124	wait=2
4959	ack	r2	1790218802268	111	wait=2
4960	ack	r2	1790218802273	144	wait=2
4961	ack	r2	1790218802278	220	wait=2
4962	ack	r2	1790218802283	144	wait=2
4963	ack	r2	1790218802288	138	wait=2
4964	ack	r2	1790218802293	140	wait=1
4965	ack	r2	1790218802298	144	wait=1
4966	ack	r2	1790218802303	145	wait=1
4967	ack	r2	1790218802308	142	wait=1
4968	ack	r2	1790218802313	139	wait=2
4969	ack	r2	1790218802318	216	wait=1
4970	ack	r2	1790218802323	104	wait=2
4971	ack	r2	1790218802328	139	wait=2
4972	ack	r2	1790218802333	136	wait=2
4973	ack	r2	1790218802338	134	wait=2
4974	ack	r2	1790218802343	239	wait=2
4975	ack	r2	1790218802348	143	wait=2
4976	ack	r2	1790218802353	144	wait=2
4977	ack	r2	1790218802358	147	wait=1
4978	ack	r2	1790218802363	149	wait=1
4979	ack	r2	1790218802368	145	wait=1
4980	ack	r2	1790218802375	2089	wait=2
4981	ack	r2	1790218802378	269	wait=1
4982	ack	r2	1790218802383	200	wait=2
4983	ack	r2	1790218802388	152	wait=2
4984	ack	r2	1790218802393	174	wait=2
4985	ack	r2	1790218802398	269	wait=2
4986	ack	r2	1790218802403	157	wait=1
4987	ack	r2	1790218802408	122	wait=2
4988	ack	r2	1790218802413	148	wait=1
4989	ack	r2	1790218802418	249	wait=2
4990	ack	r2	1790218802423	151	wait=2
4991	ack	r2	1790218802428	115	wait=1
4992	ack	r2	1790218802433	95	wait=2
4993	ack	r2	1790218802438	86	wait=1
4994	ack	r2	1790218802443	159	wait=1
4995	ack	r2	1790218802448	208	wait=2
4996	ack	r2	1790218802453	288	wait=1
4997	ack	r2	1790218802458	116	wait=1
4998	ack	r2	1790218802463	151	wait=1
4999	ack	r2	1790218802468	145	wait=1
5000	ack	r2	1790218802473	134	wait=2
5001	ack	r2	1790218802478	149	wait=1
5002	ack	r2	1790218802483	223	wait=2
5003	ack	r2	1790218802488	171	wait=2
5004	ack	r2	1790218802493	141	wait=1
5005	ack	r2	1790218802498	137	wait=2
5006	ack	r2	1790218802503	274	wait=2
5007	ack	r2	1790218802508	274	wait=2
5008	ack	r2	1790218802513	140	wait=2
5009	ack	r2	1790218802518	135	wait=2
5010	ack	r2	1790218802523	137	wait=2
5011	ack	r2	1790218802528	227	wait=2
5012	ack	r2	1790218802533	175	wait=2
5013	ack	r2	1790218802538	142	wait=2
5014	ack	r2	1790218802543	138	wait=2
5015	ack	r2	1790218802548	96	wait=2
5016	ack	r2	1790218802553	185	wait=2
5017	ack	r2	1790218802558	251	wait=2
5018	ack	r2	1790218802563	93	wait=1
5019	ack	r2	1790218802568	253	wait=1
5020	ack	r2	1790218802576	1939	wait=2
5021	ack	r2	1790218802578	308	wait=2
5022	ack	r2	1790218802583	140	wait=1
5023	ack	r2	1790218802588	144	wait=1
5024	ack	r2	1790218802593	285	wait=1
5025	ack	r2	1790218802598	276	wait=2
5026	ack	r2	1790218802603	149	wait=1
5027	ack	r2	1790218802608	191	wait=2
5028	ack	r2	1790218802613	192	wait=1
5029	ack	r2	1790218802618	251	wait=2
5030	ack	r2	1790218802623	270	wait=1
5031	ack	r2	1790218802628	163	wait=1
5032	ack	r2	1790218802633	261	wait=2
5033	ack	r2	1790218802638	202	wait=2
5034	ack	r2	1790218802643	139	wait=2
5035	ack	r2	1790218802648	144	wait=1
5036	ack	r2	1790218802653	147	wait=1
5037	ack	r2	1790218802658	133	wait=1
5038	ack	r2	1790218802663	168	wait=1
5039	ack	r2	1790218802668	139	wait=2
5040	ack	r2	1790218802673	146	wait=2
5041	ack	r2	1790218802678	146	wait=2
5042	ack	r2	1790218802683	109	wait=2
5043	ack	r2	1790218802688	265	wait=2
5044	ack	r2	1790218802693	253	wait=1
5045	ack	r2	1790218802698	233	wait=2
5046	ack	r2	1790218802703	232	wait=2
5047	ack	r2	1790218802708	137	wait=2
5048	ack	r2	1790218802713	159	wait=1
5049	ack	r2	1790218802718	142	wait=1
5050	ack	r2	1790218802723	151	wait=2
5051	ack	r2	1790218802728	138	wait=2
5052	ack	r2	1790218802733	231	wait=2
5053	ack	r2	1790218802738	159	wait=2
5054	ack	r2	1790218802743	145	wait=1
5055	ack	r2	1790218802748	152	wait=1
5056	ack	r2	1790218802753	151	wait=1
5057	ack	r2	1790218802758	128	wait=2
5058	ack	r2	1790218802763	257	wait=2
5059	ack	r2	1790218802768	274	wait=2
5060	ack	r2	1790218802776	1902	wait=2
5061	ack	r2	1790218802778	133	wait=2
5062	ack	r2	1790218802783	258	wait=1
5063	ack	r2	1790218802788	239	wait=2
5064	ack	r2	1790218802793	150	wait=1
5065	ack	r2	1790218802798	156	wait=1
5066	ack	r2	1790218802803	149	wait=2
5067	ack	r2	1790218802808	233	wait=1
5068	ack	r2	1790218802813	257	wait=2
5069	ack	r2	1790218802818	150	wait=1
5070	ack	r2	1790218802823	142	wait=2
5071	ack	r2	1790218802828	149	wait=1
5072	ack	r2	1790218802833	136	wait=2
5073	ack	r2	1790218802838	137	wait=1
5074	ack	r2	1790218802843	226	wait=1
5075	ack	r2	1790218802848	263	wait=2
5076	ack	r2	1790218802853	270	wait=2
5077	ack	r2	1790218802858	190	wait=1
5078	ack	r2	1790218802863	114	wait=2
5079	ack	r2	1790218802868	161	wait=1
5080	ack	r2	1790218802873	160	wait=1
5081	ack	r2	1790218802878	174	wait=1
5082	ack	r2	1790218802883	144	wait=1
5083	ack	r2	1790218802888	137	wait=2
5084	ack	r2	1790218802893	137	wait=2
5085	ack	r2	1790218802898	146	wait=1
5086	ack	r2	1790218802903	134	wait=2
5087	ack	r2	1790218802908	141	wait=1
5088	ack	r2	1790218802913	143	wait=1
5089	ack	r2	1790218802918	160	wait=1
5090	ack	r2	1790218802923	139	wait=1
5091	ack	r2	1790218802928	138	wait=1
5092	ack	r2	1790218802933	140	wait=1
5093	ack	r2	1790218802938	96	wait=2
5094	ack	r2	1790218802943	144	wait=1
5095	ack	r2	1790218802948	183	wait=2
5096	ack	r2	1790218802953	163	wait=2
5097	ack	r2	1790218802958	168	wait=1
5098	ack	r2	1790218802963	117	wait=2
5099	ack	r2	1790218802968	143	wait=2
5100	ack	r2	1790218802974	1165	wait=2
5101	ack	r2	1790218802978	238	wait=2
5102	ack	r2	1790218802983	263	wait=2
5103	ack	r2	1790218802988	161	wait=2
5104	ack	r2	1790218802993	178	wait=2
5105	ack	r2	1790218802998	139	wait=2
5106	ack	r2	1790218803003	99	wait=1
5107	ack	r2	1790218803008	156	wait=1
5108	ack	r2	1790218803013	201	wait=1
5109	ack	r2	1790218803018	137	wait=2
5110	ack	r2	1790218803023	139	wait=2
5111	ack	r2	1790218803028	138	wait=1
5112	ack	r2	1790218803033	150	wait=1
5113	ack	r2	1790218803038	219	wait=2
5114	ack	r2	1790218803043	153	wait=1
5115	ack	r2	1790218803048	141	wait=2
5116	ack	r2	1790218803053	117	wait=2
5117	ack	r2	1790218803058	229	wait=2
5118	ack	r2	1790218803063	164	wait=2
5119	ack	r2	1790218803068	139	wait=2
5120	ack	r2	1790218803073	252	wait=2
5121	ack	r2	1790218803078	147	wait=2
5122	ack	r2	1790218803083	201	wait=2
5123	ack	r2	1790218803088	296	wait=2
5124	ack	r2	1790218803093	271	wait=2
5125	ack	r2	1790218803098	210	wait=2
5126	ack	r2	1790218803103	204	wait=2
5127	ack	r2	1790218803108	223	wait=2
5128	ack	r2	1790218803113	153	wait=2
5129	ack	r2	1790218803118	154	wait=2
5130	ack	r2	1790218803123	141	wait=1
5131	ack	r2	1790218803128	250	wait=2
5132	ack	r2	1790218803133	189	wait=1
5133	ack	r2	1790218803138	167	wait=1
5134	ack	r2	1790218803143	167	wait=1
5135	ack	r2	1790218803148	262	wait=2
5136	ack	r2	1790218803153	189	wait=1
5137	ack	r2	1790218803158	200	wait=1
5138	ack	r2	1790218803163	159	wait=2
5139	ack	r2	1790218803168	292	wait=2
5140	ack	r2	1790218803175	1948	wait=2
5141	ack	r2	1790218803178	242	wait=2
5142	ack	r2	1790218803183	181	wait=1
5143	ack	r2	1790218803188	165	wait=2
5144	ack	r2	1790218803193	258	wait=1
5145	ack	r2	1790218803198	156	wait=2
5146	ack	r2	1790218803203	166	wait=2
5147	ack	r2	1790218803208	233	wait=2
5148	ack	r2	1790218803213	225	wait=2
5149	ack	r2	1790218803218	147	wait=1
5150	ack	r2	1790218803223	272	wait=2
5151	ack	r2	1790218803228	192	wait=2
5152	ack	r2	1790218803233	216	wait=1
5153	ack	r2	1790218803238	227	wait=1
5154	ack	r2	1790218803243	164	wait=2
5155	ack	r2	1790218803248	161	wait=1
5156	ack	r2	1790218803253	288	wait=2
5157	ack	r2	1790218803258	270	wait=2
5158	ack	r2	1790218803263	143	wait=2
5159	ack	r2	1790218803268	156	wait=2
5160	ack	r2	1790218803273	271	wait=1
5161	ack	r2	1790218803278	272	wait=2
5162	ack	r2	1790218803283	170	wait=1
5163	ack	r2	1790218803288	268	wait=2
5164	ack	r2	1790218803293	243	wait=2
5165	ack	r2	1790218803298	258	wait=1
5166	ack	r2	1790218803303	170	wait=1
5167	ack	r2	1790218803308	277	wait=2
5168	ack	r2	1790218803313	209	wait=2
5169	ack	r2	1790218803318	201	wait=2
5170	ack	r2	1790218803323	151	wait=1
5171	ack	r2	1790218803328	146	wait=1
5172	ack	r2	1790218803333	139	wait=2
5173	ack	r2	1790218803338	156	wait=1
5174	ack	r2	1790218803343	139	wait=2
5175	ack	r2	1790218803348	149	wait=1
5176	ack	r2	1790218803353	263	wait=1
5177	ack	r2	1790218803358	80	wait=1
5178	ack	r2	1790218803363	151	wait=2
5179	ack	r2	1790218803368	79	wait=1
5180	ack	r2	1790218803375	2093	wait=2
5181	ack	r2	1790218803378	234	wait=1
5182	ack	r2	1790218803383	297	wait=2
5183	ack	r2	1790218803388	201	wait=2
5184	ack	r2	1790218803393	158	wait=1
5185	ack	r2	1790218803398	100	wait=1
5186	ack	r2	1790218803403	173	wait=1
5187	ack	r2	1790218803408	97	wait=2
5188	ack	r2	1790218803413	104	wait=2
5189	ack	r2	1790218803418	148	wait=1
5190	ack	r2	1790218803423	248	wait=1
5191	ack	r2	1790218803428	92	wait=2
5192	ack	r2	1790218803433	178	wait=2
5193	ack	r2	1790218803438	137	wait=2
5194	ack	r2	1790218803443	141	wait=1
5195	ack	r2	1790218803448	259	wait=2
5196	ack	r2	1790218803453	254	wait=2
5197	ack	r2	1790218803458	165	wait=2
5198	ack	r2	1790218803463	167	wait=1
5199	ack	r2	1790218803468	140	wait=2
5200	ack	r2	1790218803473	139	wait=2
5201	ack	r2	1790218803478	151	wait=1
5202	ack	r2	1790218803483	104	wait=2
5203	ack	r2	1790218803488	267	wait=2
5204	ack	r2	1790218803493	115	wait=2
5205	ack	r2	1790218803498	161	wait=1
5206	ack	r2	1790218803503	131	wait=1
5207	ack	r2	1790218803508	158	wait=1
5208	ack	r2	1790218803513	236	wait=2
5209	ack	r2	1790218803518	248	wait=2
5210	ack	r2	1790218803523	150	wait=1
5211	ack	r2	1790218803528	155	wait=1
5212	ack	r2	1790218803533	134	wait=2
5213	ack	r2	1790218803538	111	wait=1
5214	ack	r2	1790218803543	145	wait=2
5215	ack	r2	1790218803548	142	wait=1
5216	ack	r2	1790218803553	137	wait=2
5217	ack	r2	1790218803558	114	wait=2
5218	ack	r2	1790218803563	175	wait=2
5219	ack	r2	1790218803568	137	wait=2
5220	ack	r2	1790218803574	1299	wait=2
5221	ack	r2	1790218803578	148	wait=1
5222	ack	r2	1790218803583	241	wait=1
5223	ack	r2	1790218803588	174	wait=1
5224	ack	r2	1790218803593	164	wait=2
5225	ack	r2	1790218803598	176	wait=2
5226	ack	r2	1790218803603	135	wait=2
5227	ack	r2	1790218803608	136	wait=2
5228	ack	r2	1790218803613	231	wait=2
5229	ack	r2	1790218803618	249	wait=2
5230	ack	r2	1790218803623	228	wait=1
5231	ack	r2	1790218803628	169	wait=2
5232	ack	r2	1790218803633	255	wait=2
5233	ack	r2	1790218803638	157	wait=2
5234	ack	r2	1790218803643	227	wait=2
5235	ack	r2	1790218803648	233	wait=2
5236	ack	r2	1790218803653	268	wait=2
5237	ack	r2	1790218803658	184	wait=2
5238	ack	r2	1790218803663	137	wait=2
5239	ack	r2	1790218803668	159	wait=1
5240	ack	r2	1790218803673	139	wait=2
5241	ack	r2	1790218803678	138	wait=2
5242	ack	r2	1790218803683	135	wait=2
5243	ack	r2	1790218803688	151	wait=1
5244	ack	r2	1790218803693	260	wait=2
5245	ack	r2	1790218803698	250	wait=2
5246	ack	r2	1790218803703	228	wait=1
5247	ack	r2	1790218803708	266	wait=2
5248	ack	r2	1790218803713	142	wait=1
5249	ack	r2	1790218803718	119	wait=1
5250	ack	r2	1790218803723	159	wait=2
5251	ack	r2	1790218803728	232	wait=2
5252	ack	r2	1790218803733	207	wait=2
5253	ack	r2	1790218803738	218	wait=2
5254	ack	r2	1790218803743	110	wait=1
5255	ack	r2	1790218803748	145	wait=2
5256	ack	r2	1790218803753	239	wait=2
5257	ack	r2	1790218803758	170	wait=1
5258	ack	r2	1790218803763	242	wait=1
5259	ack	r2	1790218803768	147	wait=1
5260	ack	r2	1790218803774	1098	wait=2
5261	ack	r2	1790218803778	178	wait=2
5262	ack	r2	1790218803783	199	wait=1
5263	ack	r2	1790218803788	166	wait=2
5264	ack	r2	1790218803793	113	wait=2
5265	ack	r2	1790218803798	189	wait=2
5266	ack	r2	1790218803803	281	wait=2
5267	ack	r2	1790218803808	284	wait=2
5268	ack	r2	1790218803813	240	wait=1
5269	ack	r2	1790218803818	260	wait=2
5270	ack	r2	1790218803823	134	wait=2
5271	ack	r2	1790218803828	220	wait=1
5272	ack	r2	1790218803833	158	wait=1
5273	ack	r2	1790218803838	140	wait=2
5274	ack	r2	1790218803843	105	wait=2
5275	ack	r2	1790218803848	132	wait=1
5276	ack	r2	1790218803853	231	wait=2
5277	ack	r2	1790218803858	149	wait=2
5278	ack	r2	1790218803863	201	wait=2
5279	ack	r2	1790218803868	145	wait=2
5280	ack	r2	1790218803873	145	wait=1
5281	ack	r2	1790218803878	140	wait=2
5282	ack	r2	1790218803883	85	wait=1
5283	ack	r2	1790218803888	297	wait=2
5284	ack	r2	1790218803893	149	wait=1
5285	ack	r2	1790218803898	122	wait=1
5286	ack	r2	1790218803903	272	wait=2
5287	ack	r2	1790218803908	97	wait=1
5288	ack	r2	1790218803913	144	wait=2
5289	ack	r2	1790218803918	180	wait=2
5290	ack	r2	1790218803923	164	wait=1
5291	ack	r2	1790218803928	154	wait=1
5292	ack	r2	1790218803933	134	wait=1
5293	ack	r2	1790218803938	192	wait=2
5294	ack	r2	1790218803943	180	wait=2
5295	ack	r2	1790218803948	90	wait=2
5296	ack	r2	1790218803953	143	wait=2
5297	ack	r2	1790218803958	261	wait=2
5298	ack	r2	1790218803963	210	wait=1
5299	ack	r2	1790218803968	194	wait=1
5300	ack	r2	1790218803975	2483	wait=2
5301	ack	r2	1790218803978	67	wait=1
5302	ack	r2	1790218803983	144	wait=2
5303	ack	r2	1790218803988	408	wait=2
5304	ack	r2	1790218803993	154	wait=2
5305	ack	r2	1790218803998	268	wait=2
5306	ack	r2	1790218804003	120	wait=2
5307	ack	r2	1790218804008	143	wait=1
5308	ack	r2	1790218804013	124	wait=2
5309	ack	r2	1790218804018	229	wait=2
5310	ack	r2	1790218804023	217	wait=2
5311	ack	r2	1790218804028	177	wait=2
5312	ack	r2	1790218804033	168	wait=1
5313	ack	r2	1790218804038	138	wait=2
5314	ack	r2	1790218804043	235	wait=2
5315	ack	r2	1790218804048	269	wait=2
5316	ack	r2	1790218804053	158	wait=1
5317	ack	r2	1790218804058	132	wait=2
5318	ack	r2	1790218804063	167	wait=1
