seq	status	host	at_ms	latency_us	detail
1	ack	r1	1790218618801	1285	
2	ack	r1	1790218618808	1952	
3	ack	r1	1790218618809	794	
4	ack	r1	1790218618810	837	
5	ack	r1	1790218618811	355	
6	ack	r1	1790218618811	86	
7	ack	r1	1790218618816	152	
8	ack	r1	1790218618821	93	
9	ack	r1	1790218618826	283	
10	ack	r1	1790218618831	75	
11	ack	r1	1790218618836	142	
12	ack	r1	1790218618841	97	
13	ack	r1	1790218618846	71	
14	ack	r1	1790218618851	167	
15	ack	r1	1790218618856	64	
16	ack	r1	1790218618861	97	
17	ack	r1	1790218618866	124	
18	ack	r1	1790218618871	62	
19	ack	r1	1790218618876	102	
20	ack	r1	1790218618881	91	
21	ack	r1	1790218618886	119	
22	ack	r1	1790218618891	131	
23	ack	r1	1790218618896	143	
24	ack	r1	1790218618901	108	
25	ack	r1	1790218618906	60	
26	ack	r1	1790218618911	65	
27	ack	r1	1790218618916	130	
28	ack	r1	1790218618921	126	
29	ack	r1	1790218618926	111	
30	ack	r1	1790218618931	62	
31	ack	r1	1790218618936	98	
32	ack	r1	1790218618941	82	
33	ack	r1	1790218618946	128	
34	ack	r1	1790218618951	82	
35	ack	r1	1790218618956	55	
36	ack	r1	1790218618961	80	
37	ack	r1	1790218618966	125	
38	ack	r1	1790218618971	155	
39	ack	r1	1790218618976	78	
40	ack	r1	1790218618981	158	
41	ack	r1	1790218618986	68	
42	ack	r1	1790218618991	98	
43	ack	r1	1790218618996	94	
44	ack	r1	1790218619001	128	
45	ack	r1	1790218619006	163	
46	ack	r1	1790218619011	69	
47	ack	r1	1790218619016	75	
48	ack	r1	1790218619023	1739	
49	ack	r1	1790218619026	90	
50	ack	r1	1790218619031	107	
51	ack	r1	1790218619036	76	
52	ack	r1	1790218619041	71	
53	ack	r1	1790218619046	54	
54	ack	r1	1790218619051	54	
55	ack	r1	1790218619056	123	
56	ack	r1	1790218619061	61	
57	ack	r1	1790218619066	127	
58	ack	r1	1790218619071	197	
59	ack	r1	1790218619076	129	
60	ack	r1	1790218619081	122	
61	ack	r1	1790218619086	200	
62	ack	r1	1790218619091	181	
63	ack	r1	1790218619096	61	
64	ack	r1	1790218619101	147	
65	ack	r1	1790218619106	107	
66	ack	r1	1790218619111	83	
67	ack	r1	1790218619116	101	
68	ack	r1	1790218619121	63	
69	ack	r1	1790218619126	80	
70	ack	r1	1790218619131	64	
71	ack	r1	1790218619136	125	
72	ack	r1	1790218619141	107	
73	ack	r1	1790218619146	127	
74	ack	r1	1790218619151	74	
75	ack	r1	1790218619156	124	
76	ack	r1	1790218619161	66	
77	ack	r1	1790218619166	237	
78	ack	r1	1790218619171	162	
79	ack	r1	1790218619176	125	
80	ack	r1	1790218619181	132	
81	ack	r1	1790218619186	82	
82	ack	r1	1790218619192	109	
83	ack	r1	1790218619196	89	
84	ack	r1	1790218619201	85	
85	ack	r1	1790218619206	112	
86	ack	r1	1790218619211	87	
87	ack	r1	1790218619216	95	
88	ack	r1	1790218619221	111	
89	ack	r1	1790218619226	84	
90	ack	r1	1790218619231	88	
91	ack	r1	1790218619236	97	
92	ack	r1	1790218619241	163	
93	ack	r1	1790218619246	129	
94	ack	r1	1790218619251	44	
95	ack	r1	1790218619256	165	
96	ack	r1	1790218619261	92	
97	ack	r1	1790218619266	58	
98	ack	r1	1790218619271	102	
99	ack	r1	1790218619276	70	
100	ack	r1	1790218619281	76	
101	ack	r1	1790218619286	126	
102	ack	r1	1790218619291	77	
103	ack	r1	1790218619296	79	
104	ack	r1	1790218619301	47	
105	ack	r1	1790218619306	136	
106	ack	r1	1790218619311	153	
107	ack	r1	1790218619316	79	
108	ack	r1	1790218619321	129	
109	ack	r1	1790218619326	120	
110	ack	r1	1790218619331	42	
111	ack	r1	1790218619336	128	
112	ack	r1	1790218619341	78	
113	ack	r1	1790218619346	137	
114	ack	r1	1790218619351	50	
115	ack	r1	1790218619356	40	
116	ack	r1	1790218619361	110	
117	ack	r1	1790218619366	96	
118	ack	r1	1790218619371	155	
119	ack	r1	1790218619376	57	
120	ack	r1	1790218619381	118	
121	ack	r1	1790218619386	181	
122	ack	r1	1790218619393	874	
123	ack	r1	1790218619396	167	
124	ack	r1	1790218619401	76	
125	ack	r1	1790218619406	44	
126	ack	r1	1790218619411	118	
127	ack	r1	1790218619416	59	
128	ack	r1	1790218619421	55	
129	ack	r1	1790218619426	117	
130	ack	r1	1790218619431	105	
131	ack	r1	1790218619436	68	
132	ack	r1	1790218619441	115	
133	ack	r1	1790218619446	86	
134	ack	r1	1790218619451	81	
135	ack	r1	1790218619456	109	
136	ack	r1	1790218619461	61	
137	ack	r1	1790218619466	63	
138	ack	r1	1790218619471	117	
139	ack	r1	1790218619476	65	
140	ack	r1	1790218619481	55	
141	ack	r1	1790218619486	133	
142	ack	r1	1790218619491	54	
143	ack	r1	1790218619496	134	
144	ack	r1	1790218619501	130	
145	ack	r1	1790218619506	132	
146	ack	r1	1790218619511	70	
147	ack	r1	1790218619516	123	
148	ack	r1	1790218619521	199	
149	ack	r1	1790218619526	68	
150	ack	r1	1790218619531	127	
151	ack	r1	1790218619536	117	
152	ack	r1	1790218619541	50	
153	ack	r1	1790218619546	108	
154	ack	r1	1790218619551	169	
155	ack	r1	1790218619556	80	
156	ack	r1	1790218619561	84	
157	ack	r1	1790218619566	143	
158	ack	r1	1790218619571	133	
159	ack	r1	1790218619576	82	
160	ack	r1	1790218619581	115	
161	ack	r1	1790218619586	106	
162	ack	r1	1790218619593	276	
163	ack	r1	1790218619596	158	
164	ack	r1	1790218619601	151	
165	ack	r1	1790218619606	129	
166	ack	r1	1790218619611	222	
167	ack	r1	1790218619616	243	
168	ack	r1	1790218619621	167	
169	ack	r1	1790218619626	245	
170	ack	r1	1790218619631	193	
171	ack	r1	1790218619636	224	
172	ack	r1	1790218619641	128	
173	ack	r1	1790218619646	154	
174	ack	r1	1790218619651	97	
175	ack	r1	1790218619656	48	
176	ack	r1	1790218619661	163	
177	ack	r1	1790218619666	85	
178	ack	r1	1790218619671	95	
179	ack	r1	1790218619676	128	
180	ack	r1	1790218619681	121	
181	ack	r1	1790218619686	155	
182	ack	r1	1790218619691	88	
183	ack	r1	1790218619696	159	
184	ack	r1	1790218619701	80	
185	ack	r1	1790218619706	112	
186	ack	r1	1790218619711	146	
187	ack	r1	1790218619716	157	
188	ack	r1	1790218619721	217	
189	ack	r1	1790218619726	125	
190	ack	r1	1790218619731	126	
191	ack	r1	1790218619736	112	
192	ack	r1	1790218619741	113	
193	ack	r1	1790218619746	109	
194	ack	r1	1790218619751	135	
195	ack	r1	1790218619756	181	
196	ack	r1	1790218619761	149	
197	ack	r1	1790218619766	141	
198	ack	r1	1790218619771	79	
199	ack	r1	1790218619776	149	
200	ack	r1	1790218619781	135	
201	ack	r1	1790218619786	69	
202	ack	r1	1790218619792	1049	
203	ack	r1	1790218619796	189	
204	ack	r1	1790218619801	65	
205	ack	r1	1790218619806	44	
206	ack	r1	1790218619811	198	
207	ack	r1	1790218619816	64	
208	ack	r1	1790218619821	99	
209	ack	r1	1790218619826	72	
210	ack	r1	1790218619831	100	
211	ack	r1	1790218619836	78	
212	ack	r1	1790218619841	87	
213	ack	r1	1790218619846	65	
214	ack	r1	1790218619851	76	
215	ack	r1	1790218619856	51	
216	ack	r1	1790218619861	112	
217	ack	r1	1790218619866	47	
218	ack	r1	1790218619871	52	
219	ack	r1	1790218619876	116	
220	ack	r1	1790218619881	140	
221	ack	r1	1790218619886	68	
222	ack	r1	1790218619891	125	
223	ack	r1	1790218619896	82	
224	ack	r1	1790218619901	65	
225	ack	r1	1790218619906	66	
226	ack	r1	1790218619911	103	
227	ack	r1	1790218619916	115	
228	ack	r1	1790218619921	64	
229	ack	r1	1790218619926	90	
230	ack	r1	1790218619931	79	
231	ack	r1	1790218619936	68	
232	ack	r1	1790218619941	74	
233	ack	r1	1790218619946	80	
234	ack	r1	1790218619951	135	
235	ack	r1	1790218619956	98	
236	ack	r1	1790218619961	127	
237	ack	r1	1790218619966	138	
238	ack	r1	1790218619971	153	
239	ack	r1	1790218619976	147	
240	ack	r1	1790218619981	136	
241	ack	r1	1790218619986	78	
242	ack	r1	1790218619992	1184	
243	ack	r1	1790218619996	79	
244	ack	r1	1790218620001	79	
245	ack	r1	1790218620006	45	
246	ack	r1	1790218620011	156	
247	ack	r1	1790218620016	55	
248	ack	r1	1790218620021	120	
249	ack	r1	1790218620026	185	
250	ack	r1	1790218620031	195	
251	ack	r1	1790218620036	79	
252	ack	r1	1790218620041	165	
253	ack	r1	1790218620046	220	
254	ack	r1	1790218620051	124	
255	ack	r1	1790218620056	61	
256	ack	r1	1790218620061	113	
257	ack	r1	1790218620066	168	
258	ack	r1	1790218620071	65	
259	ack	r1	1790218620076	180	
260	ack	r1	1790218620081	62	
261	ack	r1	1790218620086	59	
262	ack	r1	1790218620091	103	
263	ack	r1	1790218620096	76	
264	ack	r1	1790218620101	57	
265	ack	r1	1790218620106	84	
266	ack	r1	1790218620111	66	
267	ack	r1	1790218620116	68	
268	ack	r1	1790218620121	137	
269	ack	r1	1790218620126	91	
270	ack	r1	1790218620131	58	
271	ack	r1	1790218620136	57	
272	ack	r1	1790218620141	128	
273	ack	r1	1790218620146	77	
274	ack	r1	1790218620151	150	
275	ack	r1	1790218620156	48	
276	ack	r1	1790218620161	109	
277	ack	r1	1790218620166	177	
278	ack	r1	1790218620171	75	
279	ack	r1	1790218620176	132	
280	ack	r1	1790218620181	80	
281	ack	r1	1790218620186	53	
282	ack	r1	1790218620191	104	
283	ack	r1	1790218620196	54	
284	ack	r1	1790218620201	76	
285	ack	r1	1790218620206	121	
286	ack	r1	1790218620211	70	
287	ack	r1	1790218620216	55	
288	ack	r1	1790218620221	126	
289	ack	r1	1790218620227	975	
290	ack	r1	1790218620231	161	
291	ack	r1	1790218620236	152	
292	ack	r1	1790218620241	132	
293	ack	r1	1790218620246	142	
294	ack	r1	1790218620251	152	
295	ack	r1	1790218620256	102	
296	ack	r1	1790218620261	135	
297	ack	r1	1790218620266	127	
298	ack	r1	1790218620271	160	
299	ack	r1	1790218620276	113	
300	ack	r1	1790218620281	79	
301	ack	r1	1790218620286	132	
302	ack	r1	1790218620291	52	
303	ack	r1	1790218620296	88	
304	ack	r1	1790218620301	135	
305	ack	r1	1790218620306	68	
306	ack	r1	1790218620311	130	
307	ack	r1	1790218620316	84	
308	ack	r1	1790218620321	98	
309	ack	r1	1790218620326	76	
310	ack	r1	1790218620331	51	
311	ack	r1	1790218620336	102	
312	ack	r1	1790218620341	61	
313	ack	r1	1790218620346	116	
314	ack	r1	1790218620351	64	
315	ack	r1	1790218620356	127	
316	ack	r1	1790218620361	75	
317	ack	r1	1790218620366	161	
318	ack	r1	1790218620371	92	
319	ack	r1	1790218620376	69	
320	ack	r1	1790218620381	85	
321	ack	r1	1790218620386	62	
322	ack	r1	1790218620391	173	
323	ack	r1	1790218620396	59	
324	ack	r1	1790218620401	76	
325	ack	r1	1790218620406	134	
326	ack	r1	1790218620411	70	
327	ack	r1	1790218620416	45	
328	ack	r1	1790218620421	120	
329	ack	r1	1790218620426	72	
330	ack	r1	1790218620431	55	
331	ack	r1	1790218620436	82	
332	ack	r1	1790218620441	141	
333	ack	r1	1790218620446	96	
334	ack	r1	1790218620451	94	
335	ack	r1	1790218620456	105	
336	ack	r1	1790218620461	62	
337	ack	r1	1790218620466	84	
338	ack	r1	1790218620471	63	
339	ack	r1	1790218620476	100	
340	ack	r1	1790218620481	53	
341	ack	r1	1790218620486	89	
342	ack	r1	1790218620491	68	
343	ack	r1	1790218620496	53	
344	ack	r1	1790218620501	91	
345	ack	r1	1790218620506	43	
346	ack	r1	1790218620511	85	
347	ack	r1	1790218620516	98	
348	ack	r1	1790218620521	159	
349	ack	r1	1790218620526	229	
350	ack	r1	1790218620531	202	
351	ack	r1	1790218620536	104	
352	ack	r1	1790218620541	118	
353	ack	r1	1790218620546	104	
354	ack	r1	1790218620551	48	
355	ack	r1	1790218620556	79	
356	ack	r1	1790218620561	83	
357	ack	r1	1790218620566	73	
358	ack	r1	1790218620571	62	
359	ack	r1	1790218620576	86	
360	ack	r1	1790218620581	84	
361	ack	r1	1790218620586	53	
362	ack	r1	1790218620594	1000	
363	ack	r1	1790218620596	142	
364	ack	r1	1790218620601	73	
365	ack	r1	1790218620606	143	
366	ack	r1	1790218620611	60	
367	ack	r1	1790218620616	75	
368	ack	r1	1790218620621	85	
369	ack	r1	1790218620626	90	
370	ack	r1	1790218620631	83	
371	ack	r1	1790218620636	59	
372	ack	r1	1790218620641	61	
373	ack	r1	1790218620646	167	
374	ack	r1	1790218620651	178	
375	ack	r1	1790218620656	81	
376	ack	r1	1790218620661	115	
377	ack	r1	1790218620666	86	
378	ack	r1	1790218620671	68	
379	ack	r1	1790218620676	46	
380	ack	r1	1790218620681	50	
381	ack	r1	1790218620686	70	
382	ack	r1	1790218620691	71	
383	ack	r1	1790218620696	49	
384	ack	r1	1790218620701	72	
385	ack	r1	1790218620706	68	
386	ack	r1	1790218620711	117	
387	ack	r1	1790218620716	77	
388	ack	r1	1790218620721	115	
389	ack	r1	1790218620726	80	
390	ack	r1	1790218620731	127	
391	ack	r1	1790218620736	61	
392	ack	r1	1790218620741	83	
393	ack	r1	1790218620746	57	
394	ack	r1	1790218620751	141	
395	ack	r1	1790218620756	84	
396	ack	r1	1790218620761	29	
397	ack	r1	1790218620766	144	
398	ack	r1	1790218620771	71	
399	ack	r1	1790218620776	102	
400	ack	r1	1790218620781	129	
401	ack	r1	1790218620786	61	
402	ack	r1	1790218620794	79	
403	ack	r1	1790218620796	50	
404	ack	r1	1790218620801	73	
405	ack	r1	1790218620806	98	
406	ack	r1	1790218620811	183	
407	ack	r1	1790218620816	64	
408	ack	r1	1790218620821	144	
409	ack	r1	1790218620826	83	
410	ack	r1	1790218620831	128	
411	ack	r1	1790218620836	89	
412	ack	r1	1790218620841	66	
413	ack	r1	1790218620846	76	
414	ack	r1	1790218620851	77	
415	ack	r1	1790218620856	59	
416	ack	r1	1790218620861	81	
417	ack	r1	1790218620866	122	
418	ack	r1	1790218620871	115	
419	ack	r1	1790218620876	159	
420	ack	r1	1790218620881	52	
421	ack	r1	1790218620886	80	
422	ack	r1	1790218620891	143	
423	ack	r1	1790218620896	122	
424	ack	r1	1790218620901	79	
425	ack	r1	1790218620906	149	
426	ack	r1	1790218620911	55	
427	ack	r1	1790218620916	89	
428	ack	r1	1790218620921	63	
429	ack	r1	1790218620926	165	
430	ack	r1	1790218620931	119	
431	ack	r1	1790218620936	74	
432	ack	r1	1790218620941	78	
433	ack	r1	1790218620946	61	
434	ack	r1	1790218620951	89	
435	ack	r1	1790218620956	56	
436	ack	r1	1790218620961	77	
437	ack	r1	1790218620966	115	
438	ack	r1	1790218620971	59	
439	ack	r1	1790218620976	122	
440	ack	r1	1790218620981	119	
441	ack	r1	1790218620986	161	
442	ack	r1	1790218620993	885	
443	ack	r1	1790218620996	86	
444	ack	r1	1790218621001	174	
445	ack	r1	1790218621006	102	
446	ack	r1	1790218621011	56	
447	ack	r1	1790218621016	60	
448	ack	r1	1790218621021	102	
449	ack	r1	1790218621026	84	
450	ack	r1	1790218621031	63	
451	ack	r1	1790218621036	48	
452	ack	r1	1790218621041	58	
453	ack	r1	1790218621046	113	
454	ack	r1	1790218621051	121	
455	ack	r1	1790218621056	77	
456	ack	r1	1790218621061	115	
457	ack	r1	1790218621066	155	
458	ack	r1	1790218621071	203	
459	ack	r1	1790218621076	126	
460	ack	r1	1790218621081	51	
461	ack	r1	1790218621086	76	
462	ack	r1	1790218621091	159	
463	ack	r1	1790218621096	154	
464	ack	r1	1790218621101	122	
465	ack	r1	1790218621106	87	
466	ack	r1	1790218621111	123	
467	ack	r1	1790218621116	58	
468	ack	r1	1790218621121	74	
469	ack	r1	1790218621126	57	
470	ack	r1	1790218621131	61	
471	ack	r1	1790218621136	63	
472	ack	r1	1790218621141	98	
473	ack	r1	1790218621146	58	
474	ack	r1	1790218621151	66	
475	ack	r1	1790218621156	63	
476	ack	r1	1790218621161	157	
477	ack	r1	1790218621166	116	
478	ack	r1	1790218621171	71	
479	ack	r1	1790218621176	150	
480	ack	r1	1790218621181	65	
481	ack	r1	1790218621186	100	
482	ack	r1	1790218621192	892	
483	ack	r1	1790218621196	46	
484	ack	r1	1790218621201	56	
485	ack	r1	1790218621206	81	
486	ack	r1	1790218621211	129	
487	ack	r1	1790218621216	82	
488	ack	r1	1790218621221	50	
489	ack	r1	1790218621226	59	
490	ack	r1	1790218621231	73	
491	ack	r1	1790218621236	75	
492	ack	r1	1790218621241	65	
493	ack	r1	1790218621246	192	
494	ack	r1	1790218621251	159	
495	ack	r1	1790218621256	80	
496	ack	r1	1790218621261	63	
497	ack	r1	1790218621266	61	
498	ack	r1	1790218621271	105	
499	ack	r1	1790218621276	146	
500	ack	r1	1790218621281	63	
501	ack	r1	1790218621286	90	
502	ack	r1	1790218621291	53	
503	ack	r1	1790218621296	73	
504	ack	r1	1790218621301	78	
505	ack	r1	1790218621306	116	
506	ack	r1	1790218621311	76	
507	ack	r1	1790218621316	70	
508	ack	r1	1790218621321	109	
509	ack	r1	1790218621326	80	
510	ack	r1	1790218621331	120	
511	ack	r1	1790218621336	121	
512	ack	r1	1790218621341	71	
513	ack	r1	1790218621346	123	
514	ack	r1	1790218621351	121	
515	ack	r1	1790218621356	95	
516	ack	r1	1790218621361	78	
517	ack	r1	1790218621366	97	
518	ack	r1	1790218621371	75	
519	ack	r1	1790218621376	59	
520	ack	r1	1790218621381	88	
521	ack	r1	1790218621386	117	
522	ack	r1	1790218621393	816	
523	ack	r1	1790218621396	120	
524	ack	r1	1790218621401	131	
525	ack	r1	1790218621406	74	
526	ack	r1	1790218621411	79	
527	ack	r1	1790218621416	108	
528	ack	r1	1790218621421	78	
529	ack	r1	1790218621426	62	
530	ack	r1	1790218621431	52	
531	ack	r1	1790218621436	74	
532	ack	r1	1790218621441	58	
533	ack	r1	1790218621446	50	
534	ack	r1	1790218621451	119	
535	ack	r1	1790218621456	87	
536	ack	r1	1790218621461	84	
537	ack	r1	1790218621466	46	
538	ack	r1	1790218621471	142	
539	ack	r1	1790218621476	167	
540	ack	r1	1790218621481	100	
541	ack	r1	1790218621486	50	
542	ack	r1	1790218621491	88	
543	ack	r1	1790218621496	72	
544	ack	r1	1790218621501	40	
545	ack	r1	1790218621506	51	
546	ack	r1	1790218621511	73	
547	ack	r1	1790218621516	42	
548	ack	r1	1790218621521	53	
549	ack	r1	1790218621526	122	
550	ack	r1	1790218621531	122	
551	ack	r1	1790218621536	167	
552	ack	r1	1790218621541	92	
553	ack	r1	1790218621546	139	
554	ack	r1	1790218621551	89	
555	ack	r1	1790218621556	85	
556	ack	r1	1790218621561	81	
557	ack	r1	1790218621566	131	
558	ack	r1	1790218621571	86	
559	ack	r1	1790218621576	44	
560	ack	r1	1790218621581	98	
561	ack	r1	1790218621586	163	
562	ack	r1	1790218621594	974	
563	ack	r1	1790218621596	91	
564	ack	r1	1790218621601	74	
565	ack	r1	1790218621606	65	
566	ack	r1	1790218621611	76	
567	ack	r1	1790218621616	48	
568	ack	r1	1790218621621	125	
569	ack	r1	1790218621626	82	
570	ack	r1	1790218621631	170	
571	ack	r1	1790218621636	77	
572	ack	r1	1790218621641	63	
573	ack	r1	1790218621646	50	
574	ack	r1	1790218621651	84	
575	ack	r1	1790218621656	37	
576	ack	r1	1790218621661	70	
577	ack	r1	1790218621666	43	
578	ack	r1	1790218621671	116	
579	ack	r1	1790218621676	39	
580	ack	r1	1790218621681	81	
581	ack	r1	1790218621686	43	
582	ack	r1	1790218621691	77	
583	ack	r1	1790218621696	64	
584	ack	r1	1790218621701	81	
585	ack	r1	1790218621706	121	
586	ack	r1	1790218621711	113	
587	ack	r1	1790218621716	63	
588	ack	r1	1790218621721	157	
589	ack	r1	1790218621726	72	
590	ack	r1	1790218621731	48	
591	ack	r1	1790218621736	122	
592	ack	r1	1790218621741	54	
593	ack	r1	1790218621746	73	
594	ack	r1	1790218621751	69	
595	ack	r1	1790218621756	79	
596	ack	r1	1790218621761	95	
597	ack	r1	1790218621766	134	
598	ack	r1	1790218621771	142	
599	ack	r1	1790218621776	74	
600	ack	r1	1790218621781	64	
601	ack	r1	1790218621786	148	
602	ack	r1	1790218621792	123	
603	ack	r1	1790218621796	98	
604	ack	r1	1790218621801	72	
605	ack	r1	1790218621806	79	
606	ack	r1	1790218621811	74	
607	ack	r1	1790218621816	85	
608	ack	r1	1790218621821	65	
609	ack	r1	1790218621826	157	
610	ack	r1	1790218621831	80	
611	ack	r1	1790218621836	106	
612	ack	r1	1790218621841	150	
613	ack	r1	1790218621846	68	
614	ack	r1	1790218621851	117	
615	ack	r1	1790218621856	92	
616	ack	r1	1790218621861	56	
617	ack	r1	1790218621866	89	
618	ack	r1	1790218621871	63	
619	ack	r1	1790218621876	145	
620	ack	r1	1790218621881	55	
621	ack	r1	1790218621886	86	
622	ack	r1	1790218621891	60	
623	ack	r1	1790218621896	125	
624	ack	r1	1790218621901	87	
625	ack	r1	1790218621906	47	
626	ack	r1	1790218621911	151	
627	ack	r1	1790218621916	64	
628	ack	r1	1790218621921	67	
629	ack	r1	1790218621926	55	
630	ack	r1	1790218621931	82	
631	ack	r1	1790218621936	51	
632	ack	r1	1790218621941	79	
633	ack	r1	1790218621946	47	
634	ack	r1	1790218621951	70	
635	ack	r1	1790218621956	40	
636	ack	r1	1790218621961	74	
637	ack	r1	1790218621966	94	
638	ack	r1	1790218621971	142	
639	ack	r1	1790218621976	73	
640	ack	r1	1790218621981	112	
641	ack	r1	1790218621986	144	
642	ack	r1	1790218621993	2179	
643	ack	r1	1790218621996	74	
644	ack	r1	1790218622001	46	
645	ack	r1	1790218622006	54	
646	ack	r1	1790218622011	98	
647	ack	r1	1790218622016	83	
648	ack	r1	1790218622021	65	
649	ack	r1	1790218622026	52	
650	ack	r1	1790218622031	123	
651	ack	r1	1790218622036	158	
652	ack	r1	1790218622041	54	
653	ack	r1	1790218622046	53	
654	ack	r1	1790218622051	84	
655	ack	r1	1790218622056	46	
656	ack	r1	1790218622061	55	
657	ack	r1	1790218622066	74	
658	ack	r1	1790218622071	46	
659	ack	r1	1790218622076	93	
660	ack	r1	1790218622081	127	
661	ack	r1	1790218622086	43	
662	ack	r1	1790218622091	75	
663	ack	r1	1790218622096	41	
664	ack	r1	1790218622101	68	
665	ack	r1	1790218622106	54	
666	ack	r1	1790218622111	142	
667	ack	r1	1790218622116	61	
668	ack	r1	1790218622121	111	
669	ack	r1	1790218622126	85	
670	ack	r1	1790218622131	161	
671	ack	r1	1790218622136	56	
672	ack	r1	1790218622141	127	
673	ack	r1	1790218622146	60	
674	ack	r1	1790218622151	91	
675	ack	r1	1790218622156	53	
676	ack	r1	1790218622161	105	
677	ack	r1	1790218622166	107	
678	ack	r1	1790218622171	134	
679	ack	r1	1790218622176	94	
680	ack	r1	1790218622181	64	
681	ack	r1	1790218622186	118	
682	ack	r1	1790218622194	938	
683	ack	r1	1790218622196	103	
684	ack	r1	1790218622201	75	
685	ack	r1	1790218622206	73	
686	ack	r1	1790218622211	54	
687	ack	r1	1790218622216	148	
688	ack	r1	1790218622221	110	
689	ack	r1	1790218622226	171	
690	ack	r1	1790218622231	108	
691	ack	r1	1790218622236	190	
692	ack	r1	1790218622241	100	
693	ack	r1	1790218622246	145	
694	ack	r1	1790218622251	107	
695	ack	r1	1790218622256	127	
696	ack	r1	1790218622261	133	
697	ack	r1	1790218622266	284	
698	ack	r1	1790218622271	281	
699	ack	r1	1790218622276	175	
700	ack	r1	1790218622281	161	
701	ack	r1	1790218622286	149	
702	ack	r1	1790218622291	176	
703	ack	r1	1790218622296	519	
704	ack	r1	1790218622301	138	
705	ack	r1	1790218622306	158	
706	ack	r1	1790218622311	66	
707	ack	r1	1790218622316	153	
708	ack	r1	1790218622321	154	
709	ack	r1	1790218622326	141	
710	ack	r1	1790218622331	119	
711	ack	r1	1790218622336	195	
712	ack	r1	1790218622341	118	
713	ack	r1	1790218622346	179	
714	ack	r1	1790218622351	97	
715	ack	r1	1790218622356	88	
716	ack	r1	1790218622361	126	
717	ack	r1	1790218622366	137	
718	ack	r1	1790218622371	78	
719	ack	r1	1790218622376	116	
720	ack	r1	1790218622381	159	
721	ack	r1	1790218622386	106	
722	ack	r1	1790218622392	153	
723	ack	r1	1790218622396	72	
724	ack	r1	1790218622401	135	
725	ack	r1	1790218622406	61	
726	ack	r1	1790218622411	73	
727	ack	r1	1790218622416	118	
728	ack	r1	1790218622421	144	
729	ack	r1	1790218622426	133	
730	ack	r1	1790218622431	153	
731	ack	r1	1790218622436	268	
732	ack	r1	1790218622441	108	
733	ack	r1	1790218622446	154	
734	ack	r1	1790218622451	166	
735	ack	r1	1790218622456	110	
736	ack	r1	1790218622461	313	
737	ack	r1	1790218622466	150	
738	ack	r1	1790218622471	102	
739	ack	r1	1790218622476	194	
740	ack	r1	1790218622481	146	
741	ack	r1	1790218622487	582	
742	ack	r1	1790218622491	142	
743	ack	r1	1790218622496	102	
744	ack	r1	1790218622501	74	
745	ack	r1	1790218622506	114	
746	ack	r1	1790218622511	146	
747	ack	r1	1790218622516	57	
748	ack	r1	1790218622521	93	
749	ack	r1	1790218622526	126	
750	ack	r1	1790218622531	70	
751	ack	r1	1790218622536	63	
752	ack	r1	1790218622541	102	
753	ack	r1	1790218622546	94	
754	ack	r1	1790218622551	61	
755	ack	r1	1790218622556	71	
756	ack	r1	1790218622561	87	
757	ack	r1	1790218622566	177	
758	ack	r1	1790218622571	64	
759	ack	r1	1790218622576	64	
760	ack	r1	1790218622581	126	
761	ack	r1	1790218622586	125	
762	ack	r1	1790218622592	100	
763	ack	r1	1790218622596	149	
764	ack	r1	1790218622601	56	
765	ack	r1	1790218622606	88	
766	ack	r1	1790218622611	121	
767	ack	r1	1790218622616	103	
768	ack	r1	1790218622621	58	
769	ack	r1	1790218622626	108	
770	ack	r1	1790218622631	112	
771	ack	r1	1790218622636	105	
772	ack	r1	1790218622641	146	
773	ack	r1	1790218622646	86	
774	ack	r1	1790218622651	102	
775	ack	r1	1790218622656	88	
776	ack	r1	1790218622661	95	
777	ack	r1	1790218622666	61	
778	ack	r1	1790218622671	79	
779	ack	r1	1790218622676	91	
780	ack	r1	1790218622681	137	
781	ack	r1	1790218622686	143	
782	ack	r1	1790218622691	79	
783	ack	r1	1790218622696	176	
784	ack	r1	1790218622701	163	
785	ack	r1	1790218622706	230	
786	ack	r1	1790218622711	130	
787	ack	r1	1790218622716	143	
788	ack	r1	1790218622721	74	
789	ack	r1	1790218622726	210	
790	ack	r1	1790218622731	129	
791	ack	r1	1790218622736	143	
792	ack	r1	1790218622741	76	
793	ack	r1	1790218622746	145	
794	ack	r1	1790218622751	117	
795	ack	r1	1790218622756	137	
796	ack	r1	1790218622761	84	
797	ack	r1	1790218622766	162	
798	ack	r1	1790218622771	134	
799	ack	r1	1790218622776	137	
800	ack	r1	1790218622781	199	
801	ack	r1	1790218622786	167	
802	ack	r1	1790218622794	886	
803	ack	r1	1790218622796	142	
804	ack	r1	1790218622801	96	
805	ack	r1	1790218622806	138	
806	ack	r1	1790218622811	173	
807	ack	r1	1790218622816	148	
808	ack	r1	1790218622821	108	
809	ack	r1	1790218622826	163	
810	ack	r1	1790218622831	144	
811	ack	r1	1790218622836	118	
812	ack	r1	1790218622841	234	
813	ack	r1	1790218622846	132	
814	ack	r1	1790218622851	232	
815	ack	r1	1790218622856	171	
816	ack	r1	1790218622861	114	
817	ack	r1	1790218622866	65	
818	ack	r1	1790218622871	54	
819	ack	r1	1790218622876	183	
820	ack	r1	1790218622881	93	
821	ack	r1	1790218622886	76	
822	ack	r1	1790218622891	69	
823	ack	r1	1790218622896	154	
824	ack	r1	1790218622901	73	
825	ack	r1	1790218622906	51	
826	ack	r1	1790218622911	181	
827	ack	r1	1790218622916	207	
828	ack	r1	1790218622921	139	
829	ack	r1	1790218622926	64	
830	ack	r1	1790218622931	187	
831	ack	r1	1790218622936	53	
832	ack	r1	1790218622941	64	
833	ack	r1	1790218622946	137	
834	ack	r1	1790218622951	50	
835	ack	r1	1790218622956	78	
836	ack	r1	1790218622961	189	
837	ack	r1	1790218622966	76	
838	ack	r1	1790218622971	71	
839	ack	r1	1790218622976	82	
840	ack	r1	1790218622981	92	
841	ack	r1	1790218622986	90	
842	ack	r1	1790218622992	897	
843	ack	r1	1790218622996	85	
844	ack	r1	1790218623001	101	
845	ack	r1	1790218623006	93	
846	ack	r1	1790218623011	144	
847	ack	r1	1790218623016	72	
848	ack	r1	1790218623021	194	
849	ack	r1	1790218623026	125	
850	ack	r1	1790218623031	118	
851	ack	r1	1790218623036	59	
852	ack	r1	1790218623041	141	
853	ack	r1	1790218623046	123	
854	ack	r1	1790218623051	117	
855	ack	r1	1790218623056	118	
856	ack	r1	1790218623061	77	
857	ack	r1	1790218623066	48	
858	ack	r1	1790218623071	72	
859	ack	r1	1790218623076	66	
860	ack	r1	1790218623081	56	
861	ack	r1	1790218623086	49	
862	ack	r1	1790218623091	112	
863	ack	r1	1790218623096	67	
864	ack	r1	1790218623101	65	
865	ack	r1	1790218623106	50	
866	ack	r1	1790218623111	103	
867	ack	r1	1790218623116	102	
868	ack	r1	1790218623121	135	
869	ack	r1	1790218623126	115	
870	ack	r1	1790218623131	176	
871	ack	r1	1790218623136	126	
872	ack	r1	1790218623141	136	
873	ack	r1	1790218623146	136	
874	ack	r1	1790218623151	142	
875	ack	r1	1790218623156	161	
876	ack	r1	1790218623161	103	
877	ack	r1	1790218623166	264	
878	ack	r1	1790218623171	119	
879	ack	r1	1790218623176	156	
880	ack	r1	1790218623181	92	
881	ack	r1	1790218623186	103	
882	ack	r1	1790218623194	2903	
883	ack	r1	1790218623196	151	
884	ack	r1	1790218623201	57	
885	ack	r1	1790218623206	109	
886	ack	r1	1790218623211	164	
887	ack	r1	1790218623216	124	
888	ack	r1	1790218623221	141	
889	ack	r1	1790218623227	660	
890	ack	r1	1790218623231	343	
891	ack	r1	1790218623236	339	
892	ack	r1	1790218623241	211	
893	ack	r1	1790218623246	202	
894	ack	r1	1790218623251	225	
895	ack	r1	1790218623256	90	
896	ack	r1	1790218623261	118	
897	ack	r1	1790218623266	83	
898	ack	r1	1790218623271	132	
899	ack	r1	1790218623276	108	
900	ack	r1	1790218623281	157	
901	ack	r1	1790218623286	57	
902	ack	r1	1790218623291	52	
903	ack	r1	1790218623296	76	
904	ack	r1	1790218623301	76	
905	ack	r1	1790218623306	69	
906	ack	r1	1790218623311	82	
907	ack	r1	1790218623316	73	
908	ack	r1	1790218623321	112	
909	ack	r1	1790218623326	58	
910	ack	r1	1790218623331	76	
911	ack	r1	1790218623336	104	
912	ack	r1	1790218623341	47	
913	ack	r1	1790218623346	71	
914	ack	r1	1790218623351	83	
915	ack	r1	1790218623356	58	
916	ack	r1	1790218623361	77	
917	ack	r1	1790218623366	176	
918	ack	r1	1790218623371	70	
919	ack	r1	1790218623376	57	
920	ack	r1	1790218623381	68	
921	ack	r1	1790218623386	67	
922	ack	r1	1790218623391	168	
923	ack	r1	1790218623396	52	
924	ack	r1	1790218623401	111	
925	ack	r1	1790218623406	45	
926	ack	r1	1790218623411	73	
927	ack	r1	1790218623416	67	
928	ack	r1	1790218623421	65	
929	ack	r1	1790218623426	54	
930	ack	r1	1790218623431	68	
931	ack	r1	1790218623436	51	
932	ack	r1	1790218623441	111	
933	ack	r1	1790218623446	181	
934	ack	r1	1790218623451	98	
935	ack	r1	1790218623456	64	
936	ack	r1	1790218623461	144	
937	ack	r1	1790218623466	101	
938	ack	r1	1790218623471	128	
939	ack	r1	1790218623476	122	
940	ack	r1	1790218623481	73	
941	ack	r1	1790218623486	109	
942	ack	r1	1790218623491	128	
943	ack	r1	1790218623496	101	
944	ack	r1	1790218623501	124	
945	ack	r1	1790218623506	91	
946	ack	r1	1790218623511	126	
947	ack	r1	1790218623516	160	
948	ack	r1	1790218623521	115	
949	ack	r1	1790218623526	113	
950	ack	r1	1790218623531	71	
951	ack	r1	1790218623536	141	
952	ack	r1	1790218623541	127	
953	ack	r1	1790218623546	105	
954	ack	r1	1790218623551	67	
955	ack	r1	1790218623556	50	
956	ack	r1	1790218623561	67	
957	ack	r1	1790218623566	236	
958	ack	r1	1790218623571	104	
959	ack	r1	1790218623576	57	
960	ack	r1	1790218623581	79	
961	ack	r1	1790218623586	70	
962	ack	r1	1790218623591	67	
963	ack	r1	1790218623596	110	
964	ack	r1	1790218623601	134	
965	ack	r1	1790218623606	51	
966	ack	r1	1790218623611	133	
967	ack	r1	1790218623616	217	
968	ack	r1	1790218623621	116	
969	ack	r1	1790218623626	86	
970	ack	r1	1790218623631	52	
971	ack	r1	1790218623636	69	
972	ack	r1	1790218623641	77	
973	ack	r1	1790218623646	70	
974	ack	r1	1790218623651	90	
975	ack	r1	1790218623656	110	
976	ack	r1	1790218623661	98	
977	ack	r1	1790218623666	104	
978	ack	r1	1790218623671	109	
979	ack	r1	1790218623676	121	
980	ack	r1	1790218623681	72	
981	ack	r1	1790218623686	124	
982	ack	r1	1790218623691	46	
983	ack	r1	1790218623696	68	
984	ack	r1	1790218623701	49	
985	ack	r1	1790218623706	114	
986	ack	r1	1790218623711	63	
987	ack	r1	1790218623716	49	
988	ack	r1	1790218623721	107	
989	ack	r1	1790218623726	79	
990	ack	r1	1790218623731	67	
991	ack	r1	1790218623736	101	
992	ack	r1	1790218623741	55	
993	ack	r1	1790218623746	92	
994	ack	r1	1790218623751	69	
995	ack	r1	1790218623756	49	
996	ack	r1	1790218623761	108	
997	ack	r1	1790218623766	138	
998	ack	r1	1790218623771	62	
999	ack	r1	1790218623776	94	
1000	ack	r1	1790218623781	49	
1001	ack	r1	1790218623786	67	
1002	ack	r1	1790218623791	69	
1003	ack	r1	1790218623796	57	
1004	ack	r1	1790218623801	156	
1005	ack	r1	1790218623806	96	
1006	ack	r1	1790218623811	123	
1007	ack	r1	1790218623816	99	
1008	ack	r1	1790218623821	180	
1009	ack	r1	1790218623826	244	
1010	ack	r1	1790218623831	151	
1011	ack	r1	1790218623836	171	
1012	ack	r1	1790218623841	170	
1013	ack	r1	1790218623846	122	
1014	ack	r1	1790218623851	101	
1015	ack	r1	1790218623856	160	
1016	ack	r1	1790218623861	108	
1017	ack	r1	1790218623866	172	
1018	ack	r1	1790218623871	106	
1019	ack	r1	1790218623876	186	
1020	ack	r1	1790218623881	301	
1021	ack	r1	1790218623886	141	
1022	ack	r1	1790218623891	157	
1023	ack	r1	1790218623896	172	
1024	ack	r1	1790218623901	166	
1025	ack	r1	1790218623906	125	
1026	ack	r1	1790218623911	152	
1027	ack	r1	1790218623916	111	
1028	ack	r1	1790218623921	76	
1029	ack	r1	1790218623926	117	
1030	ack	r1	1790218623931	64	
1031	ack	r1	1790218623936	75	
1032	ack	r1	1790218623941	69	
1033	ack	r1	1790218623946	58	
1034	ack	r1	1790218623951	48	
1035	ack	r1	1790218623956	74	
1036	ack	r1	1790218623961	93	
1037	ack	r1	1790218623966	181	
1038	ack	r1	1790218623971	92	
1039	ack	r1	1790218623976	129	
1040	ack	r1	1790218623981	113	
1041	ack	r1	1790218623986	45	
1042	ack	r1	1790218623995	927	
1043	ack	r1	1790218623996	108	
1044	ack	r1	1790218624001	137	
1045	ack	r1	1790218624006	101	
1046	ack	r1	1790218624011	121	
1047	ack	r1	1790218624016	141	
1048	ack	r1	1790218624021	106	
1049	ack	r1	1790218624026	67	
1050	ack	r1	1790218624031	90	
1051	ack	r1	1790218624036	64	
1052	ack	r1	1790218624041	69	
1053	ack	r1	1790218624046	90	
1054	ack	r1	1790218624051	120	
1055	ack	r1	1790218624056	73	
1056	ack	r1	1790218624061	79	
1057	ack	r1	1790218624066	60	
1058	ack	r1	1790218624071	93	
1059	ack	r1	1790218624076	52	
1060	ack	r1	1790218624081	127	
1061	ack	r1	1790218624086	136	
1062	ack	r1	1790218624091	154	
1063	ack	r1	1790218624096	67	
1064	ack	r1	1790218624101	72	
1065	ack	r1	1790218624106	118	
1066	ack	r1	1790218624111	53	
1067	ack	r1	1790218624116	150	
1068	ack	r1	1790218624121	155	
1069	ack	r1	1790218624126	99	
1070	ack	r1	1790218624131	125	
1071	ack	r1	1790218624136	141	
1072	ack	r1	1790218624141	113	
1073	ack	r1	1790218624146	55	
1074	ack	r1	1790218624151	98	
1075	ack	r1	1790218624156	82	
1076	ack	r1	1790218624161	133	
1077	ack	r1	1790218624166	194	
1078	ack	r1	1790218624171	108	
1079	ack	r1	1790218624176	138	
1080	ack	r1	1790218624181	110	
1081	ack	r1	1790218624186	102	
1082	ack	r1	1790218624194	852	
1083	ack	r1	1790218624196	78	
1084	ack	r1	1790218624201	94	
1085	ack	r1	1790218624206	119	
1086	ack	r1	1790218624211	254	
1087	ack	r1	1790218624216	195	
1088	ack	r1	1790218624221	135	
1089	ack	r1	1790218624226	513	
1090	ack	r1	1790218624231	177	
1091	ack	r1	1790218624236	122	
1092	ack	r1	1790218624241	129	
1093	ack	r1	1790218624246	109	
1094	ack	r1	1790218624251	76	
1095	ack	r1	1790218624256	133	
1096	ack	r1	1790218624261	93	
1097	ack	r1	1790218624266	77	
1098	ack	r1	1790218624271	113	
1099	ack	r1	1790218624276	56	
1100	ack	r1	1790218624281	115	
1101	ack	r1	1790218624286	99	
1102	ack	r1	1790218624291	94	
1103	ack	r1	1790218624296	122	
1104	ack	r1	1790218624301	170	
1105	ack	r1	1790218624306	132	
1106	ack	r1	1790218624311	177	
1107	ack	r1	1790218624316	117	
1108	ack	r1	1790218624321	92	
1109	ack	r1	1790218624326	157	
1110	ack	r1	1790218624331	98	
1111	ack	r1	1790218624336	54	
1112	ack	r1	1790218624341	52	
1113	ack	r1	1790218624346	49	
1114	ack	r1	1790218624351	84	
1115	ack	r1	1790218624356	135	
1116	ack	r1	1790218624361	114	
1117	ack	r1	1790218624366	103	
1118	ack	r1	1790218624371	75	
1119	ack	r1	1790218624376	146	
1120	ack	r1	1790218624381	151	
1121	ack	r1	1790218624386	169	
1122	ack	r1	1790218624392	164	
1123	ack	r1	1790218624396	117	
1124	ack	r1	1790218624401	65	
1125	ack	r1	1790218624406	92	
1126	ack	r1	1790218624411	164	
1127	ack	r1	1790218624416	120	
1128	ack	r1	1790218624421	53	
1129	ack	r1	1790218624426	70	
1130	ack	r1	1790218624431	88	
1131	ack	r1	1790218624436	48	
1132	ack	r1	1790218624441	84	
1133	ack	r1	1790218624446	53	
1134	ack	r1	1790218624451	117	
1135	ack	r1	1790218624456	72	
1136	ack	r1	1790218624461	81	
1137	ack	r1	1790218624466	95	
1138	ack	r1	1790218624471	57	
1139	ack	r1	1790218624476	66	
1140	ack	r1	1790218624481	53	
1141	ack	r1	1790218624486	68	
1142	ack	r1	1790218624491	68	
1143	ack	r1	1790218624496	68	
1144	ack	r1	1790218624501	60	
1145	ack	r1	1790218624506	164	
1146	ack	r1	1790218624511	167	
1147	ack	r1	1790218624516	102	
1148	ack	r1	1790218624521	133	
1149	ack	r1	1790218624526	126	
1150	ack	r1	1790218624531	92	
1151	ack	r1	1790218624536	86	
1152	ack	r1	1790218624541	283	
1153	ack	r1	1790218624546	96	
1154	ack	r1	1790218624551	96	
1155	ack	r1	1790218624556	176	
1156	ack	r1	1790218624561	160	
1157	ack	r1	1790218624566	146	
1158	ack	r1	1790218624571	69	
1159	ack	r1	1790218624576	179	
1160	ack	r1	1790218624581	117	
1161	ack	r1	1790218624586	138	
1162	ack	r1	1790218624593	135	
1163	ack	r1	1790218624596	141	
1164	ack	r1	1790218624601	62	
1165	ack	r1	1790218624606	57	
1166	ack	r1	1790218624611	72	
1167	ack	r1	1790218624616	47	
1168	ack	r1	1790218624621	69	
1169	ack	r1	1790218624626	97	
1170	ack	r1	1790218624631	61	
1171	ack	r1	1790218624636	114	
1172	ack	r1	1790218624641	82	
1173	ack	r1	1790218624646	56	
1174	ack	r1	1790218624651	69	
1175	ack	r1	1790218624656	115	
1176	ack	r1	1790218624661	68	
1177	ack	r1	1790218624666	107	
1178	ack	r1	1790218624671	111	
1179	ack	r1	1790218624676	92	
1180	ack	r1	1790218624681	115	
1181	ack	r1	1790218624686	185	
1182	ack	r1	1790218624691	102	
1183	ack	r1	1790218624696	80	
1184	ack	r1	1790218624701	64	
1185	ack	r1	1790218624706	50	
1186	ack	r1	1790218624711	84	
1187	ack	r1	1790218624716	74	
1188	ack	r1	1790218624721	99	
1189	ack	r1	1790218624726	107	
1190	ack	r1	1790218624731	86	
1191	ack	r1	1790218624736	61	
1192	ack	r1	1790218624741	71	
1193	ack	r1	1790218624746	79	
1194	ack	r1	1790218624751	100	
1195	ack	r1	1790218624756	313	
1196	ack	r1	1790218624761	114	
1197	ack	r1	1790218624766	122	
1198	ack	r1	1790218624771	71	
1199	ack	r1	1790218624776	105	
1200	ack	r1	1790218624781	68	
1201	ack	r1	1790218624786	49	
1202	ack	r1	1790218624794	924	
1203	ack	r1	1790218624796	81	
1204	ack	r1	1790218624801	50	
1205	ack	r1	1790218624806	65	
1206	ack	r1	1790218624811	60	
1207	ack	r1	1790218624816	59	
1208	ack	r1	1790218624821	66	
1209	ack	r1	1790218624826	121	
1210	ack	r1	1790218624831	55	
1211	ack	r1	1790218624836	48	
1212	ack	r1	1790218624841	66	
1213	ack	r1	1790218624846	47	
1214	ack	r1	1790218624851	113	
1215	ack	r1	1790218624856	118	
1216	ack	r1	1790218624861	185	
1217	ack	r1	1790218624866	86	
1218	ack	r1	1790218624871	137	
1219	ack	r1	1790218624876	127	
1220	ack	r1	1790218624881	103	
1221	ack	r1	1790218624886	194	
1222	ack	r1	1790218624891	171	
1223	ack	r1	1790218624896	132	
1224	ack	r1	1790218624901	104	
1225	ack	r1	1790218624906	171	
1226	ack	r1	1790218624911	150	
1227	ack	r1	1790218624916	99	
1228	ack	r1	1790218624921	91	
1229	ack	r1	1790218624926	103	
1230	ack	r1	1790218624931	146	
1231	ack	r1	1790218624936	107	
1232	ack	r1	1790218624941	104	
1233	ack	r1	1790218624946	93	
1234	ack	r1	1790218624951	54	
1235	ack	r1	1790218624956	75	
1236	ack	r1	1790218624961	88	
1237	ack	r1	1790218624966	133	
1238	ack	r1	1790218624971	78	
1239	ack	r1	1790218624976	54	
1240	ack	r1	1790218624981	247	
1241	ack	r1	1790218624986	114	
1242	ack	r1	1790218624994	2158	
1243	ack	r1	1790218624996	145	
1244	ack	r1	1790218625001	149	
1245	ack	r1	1790218625006	157	
1246	ack	r1	1790218625011	141	
1247	ack	r1	1790218625016	134	
1248	ack	r1	1790218625021	119	
1249	ack	r1	1790218625026	126	
1250	ack	r1	1790218625031	56	
1251	ack	r1	1790218625036	54	
1252	ack	r1	1790218625041	67	
1253	ack	r1	1790218625046	69	
1254	ack	r1	1790218625051	48	
1255	ack	r1	1790218625056	47	
1256	ack	r1	1790218625061	59	
1257	ack	r1	1790218625066	102	
1258	ack	r1	1790218625071	69	
1259	ack	r1	1790218625076	85	
1260	ack	r1	1790218625081	49	
1261	ack	r1	1790218625086	110	
1262	ack	r1	1790218625091	123	
1263	ack	r1	1790218625096	81	
1264	ack	r1	1790218625101	51	
1265	ack	r1	1790218625106	87	
1266	ack	r1	1790218625111	83	
1267	ack	r1	1790218625116	223	
1268	ack	r1	1790218625121	191	
1269	ack	r1	1790218625126	200	
1270	ack	r1	1790218625131	67	
1271	ack	r1	1790218625136	158	
1272	ack	r1	1790218625141	104	
1273	ack	r1	1790218625146	116	
1274	ack	r1	1790218625151	57	
1275	ack	r1	1790218625156	147	
1276	ack	r1	1790218625161	66	
1277	ack	r1	1790218625166	174	
1278	ack	r1	1790218625171	116	
1279	ack	r1	1790218625176	132	
1280	ack	r1	1790218625181	70	
1281	ack	r1	1790218625186	72	
1282	ack	r1	1790218625192	929	
1283	ack	r1	1790218625196	48	
1284	ack	r1	1790218625201	133	
1285	ack	r1	1790218625206	145	
1286	ack	r1	1790218625211	138	
1287	ack	r1	1790218625216	125	
1288	ack	r1	1790218625221	184	
1289	ack	r1	1790218625226	144	
1290	ack	r1	1790218625231	111	
1291	ack	r1	1790218625236	70	
1292	ack	r1	1790218625241	88	
1293	ack	r1	1790218625246	149	
1294	ack	r1	1790218625251	143	
1295	ack	r1	1790218625256	150	
1296	ack	r1	1790218625261	128	
1297	ack	r1	1790218625266	112	
1298	ack	r1	1790218625271	79	
1299	ack	r1	1790218625276	160	
1300	ack	r1	1790218625281	121	
1301	ack	r1	1790218625286	96	
1302	ack	r1	1790218625291	123	
1303	ack	r1	1790218625296	111	
1304	ack	r1	1790218625301	66	
1305	ack	r1	1790218625306	54	
1306	ack	r1	1790218625311	58	
1307	ack	r1	1790218625316	50	
1308	ack	r1	1790218625321	100	
1309	ack	r1	1790218625326	73	
1310	ack	r1	1790218625331	211	
1311	ack	r1	1790218625336	133	
1312	ack	r1	1790218625341	109	
1313	ack	r1	1790218625346	82	
1314	ack	r1	1790218625351	47	
1315	ack	r1	1790218625356	72	
1316	ack	r1	1790218625361	182	
1317	ack	r1	1790218625366	161	
1318	ack	r1	1790218625371	135	
1319	ack	r1	1790218625376	120	
1320	ack	r1	1790218625381	51	
1321	ack	r1	1790218625386	73	
1322	ack	r1	1790218625394	943	
1323	ack	r1	1790218625396	60	
1324	ack	r1	1790218625401	49	
1325	ack	r1	1790218625406	72	
1326	ack	r1	1790218625411	52	
1327	ack	r1	1790218625416	73	
1328	ack	r1	1790218625421	56	
1329	ack	r1	1790218625426	82	
1330	ack	r1	1790218625431	44	
1331	ack	r1	1790218625436	71	
1332	ack	r1	1790218625441	57	
1333	ack	r1	1790218625446	77	
1334	ack	r1	1790218625451	66	
1335	ack	r1	1790218625456	61	
1336	ack	r1	1790218625461	48	
1337	ack	r1	1790218625466	64	
1338	ack	r1	1790218625471	46	
1339	ack	r1	1790218625476	40	
1340	ack	r1	1790218625481	45	
1341	ack	r1	1790218625486	64	
1342	ack	r1	1790218625491	89	
1343	ack	r1	1790218625496	63	
1344	ack	r1	1790218625501	66	
1345	ack	r1	1790218625506	44	
1346	ack	r1	1790218625511	67	
1347	ack	r1	1790218625516	48	
1348	ack	r1	1790218625521	47	
1349	ack	r1	1790218625526	111	
1350	ack	r1	1790218625531	100	
1351	ack	r1	1790218625536	55	
1352	ack	r1	1790218625541	100	
1353	ack	r1	1790218625546	139	
1354	ack	r1	1790218625551	143	
1355	ack	r1	1790218625556	147	
1356	ack	r1	1790218625561	156	
1357	ack	r1	1790218625566	143	
1358	ack	r1	1790218625571	127	
1359	ack	r1	1790218625576	123	
1360	ack	r1	1790218625581	86	
1361	ack	r1	1790218625586	114	
1362	ack	r1	1790218625592	152	
1363	ack	r1	1790218625596	159	
1364	ack	r1	1790218625601	149	
1365	ack	r1	1790218625606	165	
1366	ack	r1	1790218625611	115	
1367	ack	r1	1790218625616	60	
1368	ack	r1	1790218625621	171	
1369	ack	r1	1790218625626	138	
1370	ack	r1	1790218625631	102	
1371	ack	r1	1790218625636	82	
1372	ack	r1	1790218625641	56	
1373	ack	r1	1790218625646	91	
1374	ack	r1	1790218625651	78	
1375	ack	r1	1790218625656	100	
1376	ack	r1	1790218625661	93	
1377	ack	r1	1790218625666	78	
1378	ack	r1	1790218625671	72	
1379	ack	r1	1790218625676	101	
1380	ack	r1	1790218625681	113	
1381	ack	r1	1790218625686	164	
1382	ack	r1	1790218625691	173	
1383	ack	r1	1790218625696	91	
1384	ack	r1	1790218625701	131	
1385	ack	r1	1790218625706	115	
1386	ack	r1	1790218625711	79	
1387	ack	r1	1790218625716	127	
1388	ack	r1	1790218625721	90	
1389	ack	r1	1790218625726	121	
1390	ack	r1	1790218625731	97	
1391	ack	r1	1790218625736	71	
1392	ack	r1	1790218625741	65	
1393	ack	r1	1790218625746	133	
1394	ack	r1	1790218625751	69	
1395	ack	r1	1790218625756	58	
1396	ack	r1	1790218625761	111	
1397	ack	r1	1790218625766	141	
1398	ack	r1	1790218625771	80	
1399	ack	r1	1790218625776	156	
1400	ack	r1	1790218625781	76	
1401	ack	r1	1790218625786	61	
1402	ack	r1	1790218625792	897	
1403	ack	r1	1790218625796	90	
1404	ack	r1	1790218625801	50	
1405	ack	r1	1790218625806	172	
1406	ack	r1	1790218625811	114	
1407	ack	r1	1790218625816	76	
1408	ack	r1	1790218625821	152	
1409	ack	r1	1790218625826	53	
1410	ack	r1	1790218625831	76	
1411	ack	r1	1790218625836	65	
1412	ack	r1	1790218625841	108	
1413	ack	r1	1790218625846	57	
1414	ack	r1	1790218625851	50	
1415	ack	r1	1790218625856	76	
1416	ack	r1	1790218625861	97	
1417	ack	r1	1790218625866	67	
1418	ack	r1	1790218625871	53	
1419	ack	r1	1790218625876	69	
1420	ack	r1	1790218625881	48	
1421	ack	r1	1790218625886	42	
1422	ack	r1	1790218625891	100	
1423	ack	r1	1790218625896	185	
1424	ack	r1	1790218625901	109	
1425	ack	r1	1790218625906	174	
1426	ack	r1	1790218625911	131	
1427	ack	r1	1790218625916	120	
1428	ack	r1	1790218625921	86	
1429	ack	r1	1790218625926	152	
1430	ack	r1	1790218625931	162	
1431	ack	r1	1790218625936	190	
1432	ack	r1	1790218625941	172	
1433	ack	r1	1790218625946	116	
1434	ack	r1	1790218625951	152	
1435	ack	r1	1790218625956	105	
1436	ack	r1	1790218625961	143	
1437	ack	r1	1790218625966	155	
1438	ack	r1	1790218625971	135	
1439	ack	r1	1790218625976	122	
1440	ack	r1	1790218625981	145	
1441	ack	r1	1790218625986	118	
1442	ack	r1	1790218625994	3030	
1443	ack	r1	1790218625996	106	
1444	ack	r1	1790218626001	51	
1445	ack	r1	1790218626006	49	
1446	ack	r1	1790218626011	162	
1447	ack	r1	1790218626016	84	
1448	ack	r1	1790218626021	64	
1449	ack	r1	1790218626026	77	
1450	ack	r1	1790218626031	55	
1451	ack	r1	1790218626036	77	
1452	ack	r1	1790218626041	78	
1453	ack	r1	1790218626046	74	
1454	ack	r1	1790218626051	46	
1455	ack	r1	1790218626056	68	
1456	ack	r1	1790218626061	115	
1457	ack	r1	1790218626066	57	
1458	ack	r1	1790218626071	55	
1459	ack	r1	1790218626076	118	
1460	ack	r1	1790218626081	86	
1461	ack	r1	1790218626086	71	
1462	ack	r1	1790218626091	47	
1463	ack	r1	1790218626096	77	
1464	ack	r1	1790218626101	47	
1465	ack	r1	1790218626106	55	
1466	ack	r1	1790218626111	97	
1467	ack	r1	1790218626116	114	
1468	ack	r1	1790218626121	52	
1469	ack	r1	1790218626126	124	
1470	ack	r1	1790218626131	60	
1471	ack	r1	1790218626136	43	
1472	ack	r1	1790218626141	107	
1473	ack	r1	1790218626146	103	
1474	ack	r1	1790218626151	100	
1475	ack	r1	1790218626156	87	
1476	ack	r1	1790218626161	52	
1477	ack	r1	1790218626166	159	
1478	ack	r1	1790218626171	78	
1479	ack	r1	1790218626176	72	
1480	ack	r1	1790218626181	100	
1481	ack	r1	1790218626186	64	
1482	ack	r1	1790218626192	83	
1483	ack	r1	1790218626196	47	
1484	ack	r1	1790218626201	48	
1485	ack	r1	1790218626206	62	
1486	ack	r1	1790218626211	46	
1487	ack	r1	1790218626216	73	
1488	ack	r1	1790218626221	57	
1489	ack	r1	1790218626226	66	
1490	ack	r1	1790218626231	110	
1491	ack	r1	1790218626236	50	
1492	ack	r1	1790218626241	145	
1493	ack	r1	1790218626246	115	
1494	ack	r1	1790218626251	172	
1495	ack	r1	1790218626256	129	
1496	ack	r1	1790218626261	104	
1497	ack	r1	1790218626266	152	
1498	ack	r1	1790218626271	117	
1499	ack	r1	1790218626276	122	
1500	ack	r1	1790218626281	142	
1501	ack	r1	1790218626286	156	
1502	ack	r1	1790218626291	198	
1503	ack	r1	1790218626296	228	
1504	ack	r1	1790218626301	127	
1505	ack	r1	1790218626306	172	
1506	ack	r1	1790218626311	94	
1507	ack	r1	1790218626316	130	
1508	ack	r1	1790218626321	138	
1509	ack	r1	1790218626326	126	
1510	ack	r1	1790218626331	72	
1511	ack	r1	1790218626336	116	
1512	ack	r1	1790218626341	81	
1513	ack	r1	1790218626346	72	
1514	ack	r1	1790218626351	61	
1515	ack	r1	1790218626356	56	
1516	ack	r1	1790218626361	56	
1517	ack	r1	1790218626366	201	
1518	ack	r1	1790218626371	53	
1519	ack	r1	1790218626376	108	
1520	ack	r1	1790218626381	79	
1521	ack	r1	1790218626386	96	
1522	ack	r1	1790218626392	870	
1523	ack	r1	1790218626396	98	
1524	ack	r1	1790218626401	75	
1525	ack	r1	1790218626406	87	
1526	ack	r1	1790218626411	115	
1527	ack	r1	1790218626416	119	
1528	ack	r1	1790218626421	117	
1529	ack	r1	1790218626426	124	
1530	ack	r1	1790218626431	48	
1531	ack	r1	1790218626436	79	
1532	ack	r1	1790218626441	53	
1533	ack	r1	1790218626446	113	
1534	ack	r1	1790218626451	75	
1535	ack	r1	1790218626456	152	
1536	ack	r1	1790218626461	125	
1537	ack	r1	1790218626466	91	
1538	ack	r1	1790218626471	152	
1539	ack	r1	1790218626476	78	
1540	ack	r1	1790218626481	134	
1541	ack	r1	1790218626486	64	
1542	ack	r1	1790218626491	77	
1543	ack	r1	1790218626496	56	
1544	ack	r1	1790218626501	116	
1545	ack	r1	1790218626506	105	
1546	ack	r1	1790218626511	99	
1547	ack	r1	1790218626516	106	
1548	ack	r1	1790218626521	109	
1549	ack	r1	1790218626526	59	
1550	ack	r1	1790218626531	92	
1551	ack	r1	1790218626536	59	
1552	ack	r1	1790218626541	97	
1553	ack	r1	1790218626546	97	
1554	ack	r1	1790218626551	41	
1555	ack	r1	1790218626556	89	
1556	ack	r1	1790218626561	94	
1557	ack	r1	1790218626566	84	
1558	ack	r1	1790218626571	84	
1559	ack	r1	1790218626576	81	
1560	ack	r1	1790218626581	39	
1561	ack	r1	1790218626586	89	
1562	ack	r1	1790218626592	108	
1563	ack	r1	1790218626596	98	
1564	ack	r1	1790218626601	135	
1565	ack	r1	1790218626606	140	
1566	ack	r1	1790218626611	109	
1567	ack	r1	1790218626616	112	
1568	ack	r1	1790218626621	81	
1569	ack	r1	1790218626626	90	
1570	ack	r1	1790218626631	121	
1571	ack	r1	1790218626636	48	
1572	ack	r1	1790218626641	90	
1573	ack	r1	1790218626646	152	
1574	ack	r1	1790218626651	126	
1575	ack	r1	1790218626656	128	
1576	ack	r1	1790218626661	84	
1577	ack	r1	1790218626666	160	
1578	ack	r1	1790218626671	139	
1579	ack	r1	1790218626676	198	
1580	ack	r1	1790218626681	92	
1581	ack	r1	1790218626686	115	
1582	ack	r1	1790218626691	54	
1583	ack	r1	1790218626696	136	
1584	ack	r1	1790218626701	136	
1585	ack	r1	1790218626706	113	
1586	ack	r1	1790218626711	117	
1587	ack	r1	1790218626716	126	
1588	ack	r1	1790218626721	153	
1589	ack	r1	1790218626726	144	
1590	ack	r1	1790218626731	100	
1591	ack	r1	1790218626736	74	
1592	ack	r1	1790218626741	118	
1593	ack	r1	1790218626746	81	
1594	ack	r1	1790218626751	64	
1595	ack	r1	1790218626756	92	
1596	ack	r1	1790218626761	111	
1597	ack	r1	1790218626766	179	
1598	ack	r1	1790218626771	128	
1599	ack	r1	1790218626776	99	
1600	ack	r1	1790218626781	317	
1601	ack	r1	1790218626786	142	
1602	ack	r1	1790218626791	61	
1603	ack	r1	1790218626796	109	
1604	ack	r1	1790218626801	93	
1605	ack	r1	1790218626806	145	
1606	ack	r1	1790218626811	102	
1607	ack	r1	1790218626816	84	
1608	ack	r1	1790218626821	68	
1609	ack	r1	1790218626826	95	
1610	ack	r1	1790218626831	91	
1611	ack	r1	1790218626836	56	
1612	ack	r1	1790218626841	29	
1613	ack	r1	1790218626846	64	
1614	ack	r1	1790218626851	61	
1615	ack	r1	1790218626856	46	
1616	ack	r1	1790218626861	134	
1617	ack	r1	1790218626866	112	
1618	ack	r1	1790218626871	111	
1619	ack	r1	1790218626876	64	
1620	ack	r1	1790218626881	114	
1621	ack	r1	1790218626886	116	
1622	ack	r1	1790218626891	104	
1623	ack	r1	1790218626896	148	
1624	ack	r1	1790218626901	140	
1625	ack	r1	1790218626906	66	
1626	ack	r1	1790218626911	139	
1627	ack	r1	1790218626916	108	
1628	ack	r1	1790218626921	107	
1629	ack	r1	1790218626926	88	
1630	ack	r1	1790218626931	58	
1631	ack	r1	1790218626936	108	
1632	ack	r1	1790218626941	41	
1633	ack	r1	1790218626946	107	
1634	ack	r1	1790218626951	116	
1635	ack	r1	1790218626956	51	
1636	ack	r1	1790218626961	59	
1637	ack	r1	1790218626966	99	
1638	ack	r1	1790218626971	73	
1639	ack	r1	1790218626976	69	
1640	ack	r1	1790218626981	73	
1641	ack	r1	1790218626986	64	
1642	ack	r1	1790218626991	81	
1643	ack	r1	1790218626996	61	
1644	ack	r1	1790218627001	110	
1645	ack	r1	1790218627006	28	
1646	ack	r1	1790218627011	86	
1647	ack	r1	1790218627016	98	
1648	ack	r1	1790218627021	46	
1649	ack	r1	1790218627026	109	
1650	ack	r1	1790218627031	83	
1651	ack	r1	1790218627036	105	
1652	ack	r1	1790218627041	96	
1653	ack	r1	1790218627046	46	
1654	ack	r1	1790218627051	56	
1655	ack	r1	1790218627056	91	
1656	ack	r1	1790218627061	108	
1657	ack	r1	1790218627066	65	
1658	ack	r1	1790218627071	46	
1659	ack	r1	1790218627076	156	
1660	ack	r1	1790218627081	108	
1661	ack	r1	1790218627086	46	
1662	ack	r1	1790218627091	62	
1663	ack	r1	1790218627096	59	
1664	ack	r1	1790218627101	85	
1665	ack	r1	1790218627106	112	
1666	ack	r1	1790218627111	27	
1667	ack	r1	1790218627116	105	
1668	ack	r1	1790218627121	47	
1669	ack	r1	1790218627126	106	
1670	ack	r1	1790218627131	26	
1671	ack	r1	1790218627136	84	
1672	ack	r1	1790218627141	89	
1673	ack	r1	1790218627146	84	
1674	ack	r1	1790218627151	89	
1675	ack	r1	1790218627156	37	
1676	ack	r1	1790218627161	41	
1677	ack	r1	1790218627166	68	
1678	ack	r1	1790218627171	81	
1679	ack	r1	1790218627176	77	
1680	ack	r1	1790218627181	91	
1681	ack	r1	1790218627186	107	
1682	ack	r1	1790218627192	905	
1683	ack	r1	1790218627196	48	
1684	ack	r1	1790218627201	47	
1685	ack	r1	1790218627206	52	
1686	ack	r1	1790218627211	109	
1687	ack	r1	1790218627216	51	
1688	ack	r1	1790218627221	35	
1689	ack	r1	1790218627226	72	
1690	ack	r1	1790218627231	106	
1691	ack	r1	1790218627236	24	
1692	ack	r1	1790218627241	51	
1693	ack	r1	1790218627246	109	
1694	ack	r1	1790218627251	42	
1695	ack	r1	1790218627256	111	
1696	ack	r1	1790218627261	24	
1697	ack	r1	1790218627266	75	
1698	ack	r1	1790218627271	80	
1699	ack	r1	1790218627276	80	
1700	ack	r1	1790218627281	74	
1701	ack	r1	1790218627286	50	
1702	ack	r1	1790218627291	104	
1703	ack	r1	1790218627296	49	
1704	ack	r1	1790218627301	107	
1705	ack	r1	1790218627306	107	
1706	ack	r1	1790218627311	43	
1707	ack	r1	1790218627316	63	
1708	ack	r1	1790218627321	86	
1709	ack	r1	1790218627326	56	
1710	ack	r1	1790218627331	82	
1711	ack	r1	1790218627336	76	
1712	ack	r1	1790218627341	23	
1713	ack	r1	1790218627346	53	
1714	ack	r1	1790218627351	93	
1715	ack	r1	1790218627356	128	
1716	ack	r1	1790218627361	178	
1717	ack	r1	1790218627366	179	
1718	ack	r1	1790218627371	108	
1719	ack	r1	1790218627376	75	
1720	ack	r1	1790218627381	63	
1721	ack	r1	1790218627386	76	
1722	ack	r1	1790218627392	848	
1723	ack	r1	1790218627396	64	
1724	ack	r1	1790218627401	93	
1725	ack	r1	1790218627406	24	
1726	ack	r1	1790218627411	113	
1727	ack	r1	1790218627416	114	
1728	ack	r1	1790218627421	88	
1729	ack	r1	1790218627426	107	
1730	ack	r1	1790218627431	39	
1731	ack	r1	1790218627436	115	
1732	ack	r1	1790218627441	64	
1733	ack	r1	1790218627446	108	
1734	ack	r1	1790218627451	111	
1735	ack	r1	1790218627456	65	
1736	ack	r1	1790218627461	82	
1737	ack	r1	1790218627466	46	
1738	ack	r1	1790218627471	108	
1739	ack	r1	1790218627476	116	
1740	ack	r1	1790218627481	79	
1741	ack	r1	1790218627486	51	
1742	ack	r1	1790218627491	94	
1743	ack	r1	1790218627496	91	
1744	ack	r1	1790218627501	81	
1745	ack	r1	1790218627506	114	
1746	ack	r1	1790218627511	37	
1747	ack	r1	1790218627516	110	
1748	ack	r1	1790218627521	90	
1749	ack	r1	1790218627526	51	
1750	ack	r1	1790218627531	41	
1751	ack	r1	1790218627536	84	
1752	ack	r1	1790218627541	86	
1753	ack	r1	1790218627546	107	
1754	ack	r1	1790218627551	192	
1755	ack	r1	1790218627556	81	
1756	ack	r1	1790218627561	123	
1757	ack	r1	1790218627566	100	
1758	ack	r1	1790218627571	132	
1759	ack	r1	1790218627576	75	
1760	ack	r1	1790218627581	55	
1761	ack	r1	1790218627586	66	
1762	ack	r1	1790218627592	943	
1763	ack	r1	1790218627596	31	
1764	ack	r1	1790218627601	108	
1765	ack	r1	1790218627606	28	
1766	ack	r1	1790218627611	28	
1767	ack	r1	1790218627616	43	
1768	ack	r1	1790218627621	85	
1769	ack	r1	1790218627626	26	
1770	ack	r1	1790218627631	57	
1771	ack	r1	1790218627636	82	
1772	ack	r1	1790218627641	86	
1773	ack	r1	1790218627646	109	
1774	ack	r1	1790218627651	47	
1775	ack	r1	1790218627656	39	
1776	ack	r1	1790218627661	86	
1777	ack	r1	1790218627666	70	
1778	ack	r1	1790218627671	110	
1779	ack	r1	1790218627676	73	
1780	ack	r1	1790218627681	108	
1781	ack	r1	1790218627686	53	
1782	ack	r1	1790218627691	39	
1783	ack	r1	1790218627696	60	
1784	ack	r1	1790218627701	58	
1785	ack	r1	1790218627706	56	
1786	ack	r1	1790218627711	43	
1787	ack	r1	1790218627716	50	
1788	ack	r1	1790218627721	145	
1789	ack	r1	1790218627726	55	
1790	ack	r1	1790218627731	173	
1791	ack	r1	1790218627736	53	
1792	ack	r1	1790218627741	66	
1793	ack	r1	1790218627746	40	
1794	ack	r1	1790218627751	40	
1795	ack	r1	1790218627756	89	
1796	ack	r1	1790218627761	109	
1797	ack	r1	1790218627766	113	
1798	ack	r1	1790218627771	147	
1799	ack	r1	1790218627776	55	
1800	ack	r1	1790218627781	68	
1801	ack	r1	1790218627786	85	
1802	ack	r1	1790218627791	113	
1803	ack	r1	1790218627796	36	
1804	ack	r1	1790218627801	96	
1805	ack	r1	1790218627806	34	
1806	ack	r1	1790218627811	28	
1807	ack	r1	1790218627816	113	
1808	ack	r1	1790218627821	110	
1809	ack	r1	1790218627826	106	
1810	ack	r1	1790218627831	45	
1811	ack	r1	1790218627836	68	
1812	ack	r1	1790218627841	49	
1813	ack	r1	1790218627846	97	
1814	ack	r1	1790218627851	108	
1815	ack	r1	1790218627856	105	
1816	ack	r1	1790218627861	165	
1817	ack	r1	1790218627866	104	
1818	ack	r1	1790218627871	56	
1819	ack	r1	1790218627876	72	
1820	ack	r1	1790218627881	63	
1821	ack	r1	1790218627886	93	
1822	ack	r1	1790218627891	46	
1823	ack	r1	1790218627896	64	
1824	ack	r1	1790218627901	108	
1825	ack	r1	1790218627906	65	
1826	ack	r1	1790218627911	106	
1827	ack	r1	1790218627916	50	
1828	ack	r1	1790218627921	36	
1829	ack	r1	1790218627926	109	
1830	ack	r1	1790218627931	92	
1831	ack	r1	1790218627936	105	
1832	ack	r1	1790218627941	85	
1833	ack	r1	1790218627946	40	
1834	ack	r1	1790218627951	115	
1835	ack	r1	1790218627956	51	
1836	ack	r1	1790218627961	43	
1837	ack	r1	1790218627966	143	
1838	ack	r1	1790218627971	73	
1839	ack	r1	1790218627976	49	
1840	ack	r1	1790218627981	96	
1841	ack	r1	1790218627986	108	
1842	ack	r1	1790218627993	64	
1843	ack	r1	1790218627996	55	
1844	ack	r1	1790218628001	106	
1845	ack	r1	1790218628006	28	
1846	ack	r1	1790218628011	107	
1847	ack	r1	1790218628016	74	
1848	ack	r1	1790218628021	105	
1849	ack	r1	1790218628026	83	
1850	ack	r1	1790218628031	104	
1851	ack	r1	1790218628036	82	
1852	ack	r1	1790218628041	114	
1853	ack	r1	1790218628046	69	
1854	ack	r1	1790218628051	57	
1855	ack	r1	1790218628056	58	
1856	ack	r1	1790218628061	27	
1857	ack	r1	1790218628066	197	
1858	ack	r1	1790218628071	104	
1859	ack	r1	1790218628076	73	
1860	ack	r1	1790218628081	119	
1861	ack	r1	1790218628086	63	
1862	ack	r1	1790218628091	106	
1863	ack	r1	1790218628096	86	
1864	ack	r1	1790218628101	120	
1865	ack	r1	1790218628106	44	
1866	ack	r1	1790218628111	83	
1867	ack	r1	1790218628116	66	
1868	ack	r1	1790218628121	65	
1869	ack	r1	1790218628126	109	
1870	ack	r1	1790218628131	53	
1871	ack	r1	1790218628136	84	
1872	ack	r1	1790218628141	64	
1873	ack	r1	1790218628146	103	
1874	ack	r1	1790218628151	89	
1875	ack	r1	1790218628156	103	
1876	ack	r1	1790218628161	85	
1877	ack	r1	1790218628166	86	
1878	ack	r1	1790218628171	56	
1879	ack	r1	1790218628176	105	
1880	ack	r1	1790218628181	43	
1881	ack	r1	1790218628186	77	
1882	ack	r1	1790218628192	147	
1883	ack	r1	1790218628196	214	
1884	ack	r1	1790218628201	104	
1885	ack	r1	1790218628206	99	
1886	ack	r1	1790218628211	103	
1887	ack	r1	1790218628216	85	
1888	ack	r1	1790218628221	72	
1889	ack	r1	1790218628226	61	
1890	ack	r1	1790218628231	94	
1891	ack	r1	1790218628236	89	
1892	ack	r1	1790218628241	26	
1893	ack	r1	1790218628246	41	
1894	ack	r1	1790218628251	88	
1895	ack	r1	1790218628256	55	
1896	ack	r1	1790218628261	56	
1897	ack	r1	1790218628266	107	
1898	ack	r1	1790218628271	86	
1899	ack	r1	1790218628276	73	
1900	ack	r1	1790218628281	126	
1901	ack	r1	1790218628286	70	
1902	ack	r1	1790218628291	148	
1903	ack	r1	1790218628296	130	
1904	ack	r1	1790218628301	203	
1905	ack	r1	1790218628306	99	
1906	ack	r1	1790218628311	148	
1907	ack	r1	1790218628316	80	
1908	ack	r1	1790218628321	79	
1909	ack	r1	1790218628326	77	
1910	ack	r1	1790218628331	82	
1911	ack	r1	1790218628336	75	
1912	ack	r1	1790218628341	92	
1913	ack	r1	1790218628346	109	
1914	ack	r1	1790218628351	86	
1915	ack	r1	1790218628356	34	
1916	ack	r1	1790218628361	216	
1917	ack	r1	1790218628366	117	
1918	ack	r1	1790218628371	168	
1919	ack	r1	1790218628376	78	
1920	ack	r1	1790218628381	43	
1921	ack	r1	1790218628386	92	
1922	ack	r1	1790218628391	82	
1923	ack	r1	1790218628396	68	
1924	ack	r1	1790218628401	67	
1925	ack	r1	1790218628406	39	
1926	ack	r1	1790218628411	51	
1927	ack	r1	1790218628416	116	
1928	ack	r1	1790218628421	36	
1929	ack	r1	1790218628426	129	
1930	ack	r1	1790218628431	64	
1931	ack	r1	1790218628436	107	
1932	ack	r1	1790218628441	79	
1933	ack	r1	1790218628446	61	
1934	ack	r1	1790218628451	108	
1935	ack	r1	1790218628456	65	
1936	ack	r1	1790218628461	61	
1937	ack	r1	1790218628466	109	
1938	ack	r1	1790218628471	50	
1939	ack	r1	1790218628476	91	
1940	ack	r1	1790218628481	63	
1941	ack	r1	1790218628486	106	
1942	ack	r1	1790218628491	91	
1943	ack	r1	1790218628496	87	
1944	ack	r1	1790218628501	83	
1945	ack	r1	1790218628506	108	
1946	ack	r1	1790218628511	106	
1947	ack	r1	1790218628516	85	
1948	ack	r1	1790218628521	103	
1949	ack	r1	1790218628526	45	
1950	ack	r1	1790218628531	54	
1951	ack	r1	1790218628536	68	
1952	ack	r1	1790218628541	117	
1953	ack	r1	1790218628546	129	
1954	ack	r1	1790218628551	110	
1955	ack	r1	1790218628556	54	
1956	ack	r1	1790218628561	68	
1957	ack	r1	1790218628566	101	
1958	ack	r1	1790218628571	119	
1959	ack	r1	1790218628576	126	
1960	ack	r1	1790218628581	60	
1961	ack	r1	1790218628586	161	
1962	ack	r1	1790218628593	82	
1963	ack	r1	1790218628596	56	
1964	ack	r1	1790218628601	74	
1965	ack	r1	1790218628606	54	
1966	ack	r1	1790218628611	116	
1967	ack	r1	1790218628616	53	
1968	ack	r1	1790218628621	74	
1969	ack	r1	1790218628626	109	
1970	ack	r1	1790218628631	52	
1971	ack	r1	1790218628636	60	
1972	ack	r1	1790218628641	61	
1973	ack	r1	1790218628646	62	
1974	ack	r1	1790218628651	85	
1975	ack	r1	1790218628656	46	
1976	ack	r1	1790218628661	86	
1977	ack	r1	1790218628666	49	
1978	ack	r1	1790218628671	66	
1979	ack	r1	1790218628676	105	
1980	ack	r1	1790218628681	107	
1981	ack	r1	1790218628686	66	
1982	ack	r1	1790218628691	59	
1983	ack	r1	1790218628696	106	
1984	ack	r1	1790218628701	108	
1985	ack	r1	1790218628706	88	
1986	ack	r1	1790218628711	64	
1987	ack	r1	1790218628716	108	
1988	ack	r1	1790218628721	105	
1989	ack	r1	1790218628726	107	
1990	ack	r1	1790218628731	67	
1991	ack	r1	1790218628736	97	
1992	ack	r1	1790218628741	75	
1993	ack	r1	1790218628746	107	
1994	ack	r1	1790218628751	156	
1995	ack	r1	1790218628756	94	
1996	ack	r1	1790218628761	150	
1997	ack	r1	1790218628766	107	
1998	ack	r1	1790218628771	56	
1999	ack	r1	1790218628776	84	
2000	ack	r1	1790218628781	33	
2001	ack	r1	1790218628786	108	
2002	ack	r1	1790218628792	145	
2003	ack	r1	1790218628796	60	
2004	ack	r1	1790218628801	85	
2005	ack	r1	1790218628806	109	
2006	ack	r1	1790218628811	35	
2007	ack	r1	1790218628816	59	
2008	ack	r1	1790218628821	48	
2009	ack	r1	1790218628826	81	
2010	ack	r1	1790218628831	92	
2011	ack	r1	1790218628836	188	
2012	ack	r1	1790218628841	192	
2013	ack	r1	1790218628846	129	
2014	ack	r1	1790218628851	45	
2015	ack	r1	1790218628856	124	
2016	ack	r1	1790218628861	79	
2017	ack	r1	1790218628866	72	
2018	ack	r1	1790218628871	63	
2019	ack	r1	1790218628876	106	
2020	ack	r1	1790218628881	41	
2021	ack	r1	1790218628886	109	
2022	ack	r1	1790218628891	45	
2023	ack	r1	1790218628896	60	
2024	ack	r1	1790218628901	115	
2025	ack	r1	1790218628906	59	
2026	ack	r1	1790218628911	113	
2027	ack	r1	1790218628916	71	
2028	ack	r1	1790218628921	111	
2029	ack	r1	1790218628926	74	
2030	ack	r1	1790218628931	91	
2031	ack	r1	1790218628936	103	
2032	ack	r1	1790218628941	74	
2033	ack	r1	1790218628946	89	
2034	ack	r1	1790218628951	83	
2035	ack	r1	1790218628956	108	
2036	ack	r1	1790218628961	104	
2037	ack	r1	1790218628966	75	
2038	ack	r1	1790218628971	73	
2039	ack	r1	1790218628976	63	
2040	ack	r1	1790218628981	65	
2041	ack	r1	1790218628986	70	
2042	ack	r1	1790218628992	917	
2043	ack	r1	1790218628996	21	
2044	ack	r1	1790218629001	74	
2045	ack	r1	1790218629006	99	
2046	ack	r1	1790218629011	105	
2047	ack	r1	1790218629016	74	
2048	ack	r1	1790218629021	70	
2049	ack	r1	1790218629026	105	
2050	ack	r1	1790218629031	110	
2051	ack	r1	1790218629036	85	
2052	ack	r1	1790218629041	41	
2053	ack	r1	1790218629046	43	
2054	ack	r1	1790218629051	85	
2055	ack	r1	1790218629056	40	
2056	ack	r1	1790218629061	107	
2057	ack	r1	1790218629066	58	
2058	ack	r1	1790218629071	111	
2059	ack	r1	1790218629076	45	
2060	ack	r1	1790218629081	108	
2061	ack	r1	1790218629086	105	
2062	ack	r1	1790218629091	126	
2063	ack	r1	1790218629096	68	
2064	ack	r1	1790218629101	47	
2065	ack	r1	1790218629106	98	
2066	ack	r1	1790218629111	84	
2067	ack	r1	1790218629116	64	
2068	ack	r1	1790218629121	106	
2069	ack	r1	1790218629126	69	
2070	ack	r1	1790218629131	90	
2071	ack	r1	1790218629136	45	
2072	ack	r1	1790218629141	91	
2073	ack	r1	1790218629146	109	
2074	ack	r1	1790218629151	45	
2075	ack	r1	1790218629156	48	
2076	ack	r1	1790218629161	39	
2077	ack	r1	1790218629166	78	
2078	ack	r1	1790218629171	65	
2079	ack	r1	1790218629176	91	
2080	ack	r1	1790218629181	113	
2081	ack	r1	1790218629186	105	
2082	ack	r1	1790218629193	73	
2083	ack	r1	1790218629196	33	
2084	ack	r1	1790218629201	46	
2085	ack	r1	1790218629206	41	
2086	ack	r1	1790218629211	275	
2087	ack	r1	1790218629216	129	
2088	ack	r1	1790218629221	61	
2089	ack	r1	1790218629226	85	
2090	ack	r1	1790218629231	92	
2091	ack	r1	1790218629236	106	
2092	ack	r1	1790218629241	48	
2093	ack	r1	1790218629246	60	
2094	ack	r1	1790218629251	101	
2095	ack	r1	1790218629256	50	
2096	ack	r1	1790218629261	64	
2097	ack	r1	1790218629266	26	
2098	ack	r1	1790218629271	47	
2099	ack	r1	1790218629276	111	
2100	ack	r1	1790218629281	87	
2101	ack	r1	1790218629286	108	
2102	ack	r1	1790218629291	86	
2103	ack	r1	1790218629296	28	
2104	ack	r1	1790218629301	106	
2105	ack	r1	1790218629306	96	
2106	ack	r1	1790218629311	48	
2107	ack	r1	1790218629316	89	
2108	ack	r1	1790218629321	81	
2109	ack	r1	1790218629326	108	
2110	ack	r1	1790218629331	84	
2111	ack	r1	1790218629336	81	
2112	ack	r1	1790218629341	109	
2113	ack	r1	1790218629346	37	
2114	ack	r1	1790218629351	106	
2115	ack	r1	1790218629356	101	
2116	ack	r1	1790218629361	69	
2117	ack	r1	1790218629366	72	
2118	ack	r1	1790218629371	49	
2119	ack	r1	1790218629376	109	
2120	ack	r1	1790218629381	30	
2121	ack	r1	1790218629386	104	
2122	ack	r1	1790218629394	3076	
2123	ack	r1	1790218629396	95	
2124	ack	r1	1790218629401	110	
2125	ack	r1	1790218629406	53	
2126	ack	r1	1790218629411	90	
2127	ack	r1	1790218629416	47	
2128	ack	r1	1790218629421	109	
2129	ack	r1	1790218629426	108	
2130	ack	r1	1790218629431	85	
2131	ack	r1	1790218629436	96	
2132	ack	r1	1790218629441	70	
2133	ack	r1	1790218629446	56	
2134	ack	r1	1790218629451	29	
2135	ack	r1	1790218629456	77	
2136	ack	r1	1790218629461	88	
2137	ack	r1	1790218629466	109	
2138	ack	r1	1790218629471	46	
2139	ack	r1	1790218629476	114	
2140	ack	r1	1790218629481	46	
2141	ack	r1	1790218629486	48	
2142	ack	r1	1790218629491	118	
2143	ack	r1	1790218629496	91	
2144	ack	r1	1790218629501	108	
2145	ack	r1	1790218629506	87	
2146	ack	r1	1790218629511	45	
2147	ack	r1	1790218629516	91	
2148	ack	r1	1790218629521	51	
2149	ack	r1	1790218629526	68	
2150	ack	r1	1790218629531	66	
2151	ack	r1	1790218629536	67	
2152	ack	r1	1790218629541	113	
2153	ack	r1	1790218629546	69	
2154	ack	r1	1790218629551	102	
2155	ack	r1	1790218629556	100	
2156	ack	r1	1790218629561	45	
2157	ack	r1	1790218629566	188	
2158	ack	r1	1790218629571	48	
2159	ack	r1	1790218629576	92	
2160	ack	r1	1790218629581	112	
2161	ack	r1	1790218629586	39	
2162	ack	r1	1790218629592	125	
2163	ack	r1	1790218629596	69	
2164	ack	r1	1790218629601	66	
2165	ack	r1	1790218629606	127	
2166	ack	r1	1790218629611	72	
2167	ack	r1	1790218629616	94	
2168	ack	r1	1790218629621	51	
2169	ack	r1	1790218629626	62	
2170	ack	r1	1790218629631	24	
2171	ack	r1	1790218629636	44	
2172	ack	r1	1790218629641	50	
2173	ack	r1	1790218629646	108	
2174	ack	r1	1790218629651	108	
2175	ack	r1	1790218629656	66	
2176	ack	r1	1790218629661	105	
2177	ack	r1	1790218629666	158	
2178	ack	r1	1790218629671	127	
2179	ack	r1	1790218629676	108	
2180	ack	r1	1790218629681	43	
2181	ack	r1	1790218629686	41	
2182	ack	r1	1790218629691	85	
2183	ack	r1	1790218629696	110	
2184	ack	r1	1790218629701	116	
2185	ack	r1	1790218629706	46	
2186	ack	r1	1790218629711	41	
2187	ack	r1	1790218629716	113	
2188	ack	r1	1790218629721	74	
2189	ack	r1	1790218629726	105	
2190	ack	r1	1790218629731	24	
2191	ack	r1	1790218629736	108	
2192	ack	r1	1790218629741	54	
2193	ack	r1	1790218629746	109	
2194	ack	r1	1790218629751	91	
2195	ack	r1	1790218629756	76	
2196	ack	r1	1790218629761	29	
2197	ack	r1	1790218629766	158	
2198	ack	r1	1790218629771	51	
2199	ack	r1	1790218629776	49	
2200	ack	r1	1790218629781	50	
2201	ack	r1	1790218629786	70	
2202	ack	r1	1790218629792	1097	
2203	ack	r1	1790218629796	63	
2204	ack	r1	1790218629801	89	
2205	ack	r1	1790218629806	55	
2206	ack	r1	1790218629811	32	
2207	ack	r1	1790218629816	91	
2208	ack	r1	1790218629821	55	
2209	ack	r1	1790218629826	111	
2210	ack	r1	1790218629831	105	
2211	ack	r1	1790218629836	68	
2212	ack	r1	1790218629841	39	
2213	ack	r1	1790218629846	73	
2214	ack	r1	1790218629851	113	
2215	ack	r1	1790218629856	103	
2216	ack	r1	1790218629861	106	
2217	ack	r1	1790218629866	57	
2218	ack	r1	1790218629871	59	
2219	ack	r1	1790218629876	110	
2220	ack	r1	1790218629881	35	
2221	ack	r1	1790218629886	48	
2222	ack	r1	1790218629891	85	
2223	ack	r1	1790218629896	46	
2224	ack	r1	1790218629901	117	
2225	ack	r1	1790218629906	109	
2226	ack	r1	1790218629911	105	
2227	ack	r1	1790218629916	117	
2228	ack	r1	1790218629921	66	
2229	ack	r1	1790218629926	50	
2230	ack	r1	1790218629931	92	
2231	ack	r1	1790218629936	104	
2232	ack	r1	1790218629941	88	
2233	ack	r1	1790218629946	44	
2234	ack	r1	1790218629951	104	
2235	ack	r1	1790218629956	91	
2236	ack	r1	1790218629961	113	
2237	ack	r1	1790218629966	114	
2238	ack	r1	1790218629971	73	
2239	ack	r1	1790218629976	115	
2240	ack	r1	1790218629981	109	
2241	ack	r1	1790218629986	105	
2242	ack	r1	1790218629991	113	
2243	ack	r1	1790218629996	115	
2244	ack	r1	1790218630001	84	
2245	ack	r1	1790218630006	52	
2246	ack	r1	1790218630011	111	
2247	ack	r1	1790218630016	73	
2248	ack	r1	1790218630021	116	
2249	ack	r1	1790218630026	51	
2250	ack	r1	1790218630031	54	
2251	ack	r1	1790218630036	108	
2252	ack	r1	1790218630041	97	
2253	ack	r1	1790218630046	109	
2254	ack	r1	1790218630051	106	
2255	ack	r1	1790218630056	110	
2256	ack	r1	1790218630061	91	
2257	ack	r1	1790218630066	22	
2258	ack	r1	1790218630071	84	
2259	ack	r1	1790218630076	67	
2260	ack	r1	1790218630081	45	
2261	ack	r1	1790218630086	65	
2262	ack	r1	1790218630091	49	
2263	ack	r1	1790218630096	107	
2264	ack	r1	1790218630101	57	
2265	ack	r1	1790218630106	47	
2266	ack	r1	1790218630111	108	
2267	ack	r1	1790218630116	83	
2268	ack	r1	1790218630121	83	
2269	ack	r1	1790218630126	103	
2270	ack	r1	1790218630131	118	
2271	ack	r1	1790218630136	111	
2272	ack	r1	1790218630141	29	
2273	ack	r1	1790218630146	47	
2274	ack	r1	1790218630151	42	
2275	ack	r1	1790218630156	151	
2276	ack	r1	1790218630161	48	
2277	ack	r1	1790218630166	93	
2278	ack	r1	1790218630171	94	
2279	ack	r1	1790218630176	88	
2280	ack	r1	1790218630181	24	
2281	ack	r1	1790218630186	70	
2282	ack	r1	1790218630192	892	
2283	ack	r1	1790218630196	116	
2284	ack	r1	1790218630201	94	
2285	ack	r1	1790218630206	95	
2286	ack	r1	1790218630211	108	
2287	ack	r1	1790218630216	127	
2288	ack	r1	1790218630221	94	
2289	ack	r1	1790218630226	108	
2290	ack	r1	1790218630231	144	
2291	ack	r1	1790218630236	126	
2292	ack	r1	1790218630241	39	
2293	ack	r1	1790218630246	160	
2294	ack	r1	1790218630251	127	
2295	ack	r1	1790218630256	65	
2296	ack	r1	1790218630261	195	
2297	ack	r1	1790218630266	104	
2298	ack	r1	1790218630271	64	
2299	ack	r1	1790218630276	60	
2300	ack	r1	1790218630281	113	
2301	ack	r1	1790218630286	55	
2302	ack	r1	1790218630291	51	
2303	ack	r1	1790218630296	66	
2304	ack	r1	1790218630301	53	
2305	ack	r1	1790218630306	55	
2306	ack	r1	1790218630311	107	
2307	ack	r1	1790218630316	64	
2308	ack	r1	1790218630321	64	
2309	ack	r1	1790218630326	79	
2310	ack	r1	1790218630331	54	
2311	ack	r1	1790218630336	46	
2312	ack	r1	1790218630341	87	
2313	ack	r1	1790218630346	86	
2314	ack	r1	1790218630351	49	
2315	ack	r1	1790218630356	56	
2316	ack	r1	1790218630361	78	
2317	ack	r1	1790218630366	73	
2318	ack	r1	1790218630371	78	
2319	ack	r1	1790218630376	40	
2320	ack	r1	1790218630381	52	
2321	ack	r1	1790218630386	80	
2322	ack	r1	1790218630392	93	
2323	ack	r1	1790218630396	151	
2324	ack	r1	1790218630401	89	
2325	ack	r1	1790218630406	133	
2326	ack	r1	1790218630411	119	
2327	ack	r1	1790218630416	47	
2328	ack	r1	1790218630421	62	
2329	ack	r1	1790218630426	55	
2330	ack	r1	1790218630431	75	
2331	ack	r1	1790218630436	107	
2332	ack	r1	1790218630441	94	
2333	ack	r1	1790218630446	76	
2334	ack	r1	1790218630451	105	
2335	ack	r1	1790218630456	112	
2336	ack	r1	1790218630461	40	
2337	ack	r1	1790218630466	105	
2338	ack	r1	1790218630471	45	
2339	ack	r1	1790218630476	48	
2340	ack	r1	1790218630481	110	
2341	ack	r1	1790218630486	82	
2342	ack	r1	1790218630491	44	
2343	ack	r1	1790218630496	74	
2344	ack	r1	1790218630501	110	
2345	ack	r1	1790218630506	112	
2346	ack	r1	1790218630511	107	
2347	ack	r1	1790218630516	60	
2348	ack	r1	1790218630521	75	
2349	ack	r1	1790218630526	101	
2350	ack	r1	1790218630531	105	
2351	ack	r1	1790218630536	107	
2352	ack	r1	1790218630541	30	
2353	ack	r1	1790218630546	84	
2354	ack	r1	1790218630551	54	
2355	ack	r1	1790218630556	42	
2356	ack	r1	1790218630561	105	
2357	ack	r1	1790218630566	85	
2358	ack	r1	1790218630571	61	
2359	ack	r1	1790218630576	107	
2360	ack	r1	1790218630581	56	
2361	ack	r1	1790218630586	80	
2362	ack	r1	1790218630591	123	
2363	ack	r1	1790218630596	119	
2364	ack	r1	1790218630601	93	
2365	ack	r1	1790218630606	80	
2366	ack	r1	1790218630611	75	
2367	ack	r1	1790218630616	89	
2368	ack	r1	1790218630621	96	
2369	ack	r1	1790218630626	55	
2370	ack	r1	1790218630631	46	
2371	ack	r1	1790218630636	108	
2372	ack	r1	1790218630641	92	
2373	ack	r1	1790218630646	68	
2374	ack	r1	1790218630651	49	
2375	ack	r1	1790218630656	112	
2376	ack	r1	1790218630661	120	
2377	ack	r1	1790218630666	159	
2378	ack	r1	1790218630671	120	
2379	ack	r1	1790218630676	154	
2380	ack	r1	1790218630681	62	
2381	ack	r1	1790218630686	58	
2382	ack	r1	1790218630691	165	
2383	ack	r1	1790218630696	163	
2384	ack	r1	1790218630701	122	
2385	ack	r1	1790218630706	35	
2386	ack	r1	1790218630711	129	
2387	ack	r1	1790218630716	37	
2388	ack	r1	1790218630721	111	
2389	ack	r1	1790218630726	81	
2390	ack	r1	1790218630731	33	
2391	ack	r1	1790218630736	53	
2392	ack	r1	1790218630741	62	
2393	ack	r1	1790218630746	179	
2394	ack	r1	1790218630751	109	
2395	ack	r1	1790218630756	143	
2396	ack	r1	1790218630761	76	
2397	ack	r1	1790218630766	139	
2398	ack	r1	1790218630771	92	
2399	ack	r1	1790218630776	126	
2400	ack	r1	1790218630781	114	
2401	ack	r1	1790218630786	61	
2402	ack	r1	1790218630791	75	
2403	ack	r1	1790218630796	126	
2404	ack	r1	1790218630801	83	
2405	ack	r1	1790218630806	73	
2406	ack	r1	1790218630811	116	
2407	ack	r1	1790218630816	49	
2408	ack	r1	1790218630821	39	
2409	ack	r1	1790218630826	153	
2410	ack	r1	1790218630831	110	
2411	ack	r1	1790218630836	154	
2412	ack	r1	1790218630841	158	
2413	ack	r1	1790218630846	104	
2414	ack	r1	1790218630851	106	
2415	ack	r1	1790218630856	246	
2416	ack	r1	1790218630861	119	
2417	ack	r1	1790218630866	96	
2418	ack	r1	1790218630871	94	
2419	ack	r1	1790218630876	225	
2420	ack	r1	1790218630881	86	
2421	ack	r1	1790218630886	100	
2422	ack	r1	1790218630891	88	
2423	ack	r1	1790218630896	93	
2424	ack	r1	1790218630901	81	
2425	ack	r1	1790218630906	90	
2426	ack	r1	1790218630911	106	
2427	ack	r1	1790218630916	142	
2428	ack	r1	1790218630921	151	
2429	ack	r1	1790218630926	134	
2430	ack	r1	1790218630931	214	
2431	ack	r1	1790218630936	198	
2432	ack	r1	1790218630941	194	
2433	ack	r1	1790218630947	430	
2434	ack	r1	1790218630952	829	
2435	ack	r1	1790218630956	246	
2436	ack	r1	1790218630961	179	
2437	ack	r1	1790218630966	176	
2438	ack	r1	1790218630971	95	
2439	ack	r1	1790218630976	91	
2440	ack	r1	1790218630981	127	
2441	ack	r1	1790218630986	85	
2442	ack	r1	1790218630993	2106	
2443	ack	r1	1790218630996	126	
2444	ack	r1	1790218631001	171	
2445	ack	r1	1790218631006	70	
2446	ack	r1	1790218631011	72	
2447	ack	r1	1790218631016	96	
2448	ack	r1	1790218631021	130	
2449	ack	r1	1790218631026	190	
2450	ack	r1	1790218631031	58	
2451	ack	r1	1790218631036	71	
2452	ack	r1	1790218631041	123	
2453	ack	r1	1790218631046	89	
2454	ack	r1	1790218631051	111	
2455	ack	r1	1790218631056	278	
2456	ack	r1	1790218631061	97	
2457	ack	r1	1790218631066	144	
2458	ack	r1	1790218631071	110	
2459	ack	r1	1790218631076	86	
2460	ack	r1	1790218631081	110	
2461	ack	r1	1790218631086	50	
2462	ack	r1	1790218631091	77	
2463	ack	r1	1790218631096	71	
2464	ack	r1	1790218631101	49	
2465	ack	r1	1790218631106	75	
2466	ack	r1	1790218631111	53	
2467	ack	r1	1790218631116	66	
2468	ack	r1	1790218631121	109	
2469	ack	r1	1790218631126	112	
2470	ack	r1	1790218631131	113	
2471	ack	r1	1790218631136	99	
2472	ack	r1	1790218631141	119	
2473	ack	r1	1790218631146	103	
2474	ack	r1	1790218631151	50	
2475	ack	r1	1790218631156	75	
2476	ack	r1	1790218631161	125	
2477	ack	r1	1790218631166	118	
2478	ack	r1	1790218631171	69	
2479	ack	r1	1790218631176	58	
2480	ack	r1	1790218631181	48	
2481	ack	r1	1790218631186	70	
2482	ack	r1	1790218631191	102	
2483	ack	r1	1790218631196	79	
2484	ack	r1	1790218631201	125	
2485	ack	r1	1790218631206	68	
2486	ack	r1	1790218631211	70	
2487	ack	r1	1790218631216	153	
2488	ack	r1	1790218631221	69	
2489	ack	r1	1790218631226	85	
2490	ack	r1	1790218631231	55	
2491	ack	r1	1790218631236	147	
2492	ack	r1	1790218631241	80	
2493	ack	r1	1790218631246	57	
2494	ack	r1	1790218631251	76	
2495	ack	r1	1790218631256	94	
2496	ack	r1	1790218631261	33	
2497	ack	r1	1790218631266	95	
2498	ack	r1	1790218631271	67	
2499	ack	r1	1790218631276	64	
2500	ack	r1	1790218631281	83	
2501	ack	r1	1790218631286	68	
2502	ack	r1	1790218631291	57	
2503	ack	r1	1790218631296	60	
2504	ack	r1	1790218631301	69	
2505	ack	r1	1790218631306	140	
2506	ack	r1	1790218631311	95	
2507	ack	r1	1790218631316	65	
2508	ack	r1	1790218631321	119	
2509	ack	r1	1790218631326	143	
2510	ack	r1	1790218631331	149	
2511	ack	r1	1790218631336	68	
2512	ack	r1	1790218631341	68	
2513	ack	r1	1790218631346	87	
2514	ack	r1	1790218631351	149	
2515	ack	r1	1790218631356	75	
2516	ack	r1	1790218631361	54	
2517	ack	r1	1790218631366	115	
2518	ack	r1	1790218631371	87	
2519	ack	r1	1790218631376	143	
2520	ack	r1	1790218631381	125	
2521	ack	r1	1790218631386	124	
2522	ack	r1	1790218631392	912	
2523	ack	r1	1790218631396	111	
2524	ack	r1	1790218631401	98	
2525	ack	r1	1790218631406	58	
2526	ack	r1	1790218631411	88	
2527	ack	r1	1790218631416	84	
2528	ack	r1	1790218631421	73	
2529	ack	r1	1790218631426	71	
2530	ack	r1	1790218631431	68	
2531	ack	r1	1790218631436	130	
2532	ack	r1	1790218631441	147	
2533	ack	r1	1790218631446	68	
2534	ack	r1	1790218631451	76	
2535	ack	r1	1790218631456	55	
2536	ack	r1	1790218631461	64	
2537	ack	r1	1790218631466	97	
2538	ack	r1	1790218631471	138	
2539	ack	r1	1790218631476	144	
2540	ack	r1	1790218631481	104	
2541	ack	r1	1790218631486	62	
2542	ack	r1	1790218631491	61	
2543	ack	r1	1790218631496	60	
2544	ack	r1	1790218631501	44	
2545	ack	r1	1790218631506	109	
2546	ack	r1	1790218631511	57	
2547	ack	r1	1790218631516	149	
2548	ack	r1	1790218631521	54	
2549	ack	r1	1790218631526	69	
2550	ack	r1	1790218631531	49	
2551	ack	r1	1790218631536	143	
2552	ack	r1	1790218631541	72	
2553	ack	r1	1790218631546	75	
2554	ack	r1	1790218631551	110	
2555	ack	r1	1790218631556	61	
2556	ack	r1	1790218631561	133	
2557	ack	r1	1790218631566	165	
2558	ack	r1	1790218631571	81	
2559	ack	r1	1790218631576	71	
2560	ack	r1	1790218631581	50	
2561	ack	r1	1790218631586	54	
2562	ack	r1	1790218631591	85	
2563	ack	r1	1790218631596	72	
2564	ack	r1	1790218631601	69	
2565	ack	r1	1790218631606	48	
2566	ack	r1	1790218631611	95	
2567	ack	r1	1790218631616	88	
2568	ack	r1	1790218631621	188	
2569	ack	r1	1790218631626	97	
2570	ack	r1	1790218631631	75	
2571	ack	r1	1790218631636	95	
2572	ack	r1	1790218631641	77	
2573	ack	r1	1790218631646	40	
2574	ack	r1	1790218631651	122	
2575	ack	r1	1790218631656	93	
2576	ack	r1	1790218631661	72	
2577	ack	r1	1790218631666	128	
2578	ack	r1	1790218631671	52	
2579	ack	r1	1790218631676	98	
2580	ack	r1	1790218631681	57	
2581	ack	r1	1790218631686	74	
2582	ack	r1	1790218631691	77	
2583	ack	r1	1790218631696	39	
2584	ack	r1	1790218631701	46	
2585	ack	r1	1790218631706	91	
2586	ack	r1	1790218631711	70	
2587	ack	r1	1790218631716	73	
2588	ack	r1	1790218631721	85	
2589	ack	r1	1790218631726	180	
2590	ack	r1	1790218631731	65	
2591	ack	r1	1790218631736	154	
2592	ack	r1	1790218631741	56	
2593	ack	r1	1790218631746	54	
2594	ack	r1	1790218631751	87	
2595	ack	r1	1790218631756	46	
2596	ack	r1	1790218631761	49	
2597	ack	r1	1790218631766	143	
2598	ack	r1	1790218631771	58	
2599	ack	r1	1790218631776	78	
2600	ack	r1	1790218631781	96	
2601	ack	r1	1790218631786	92	
2602	ack	r1	1790218631791	71	
2603	ack	r1	1790218631796	110	
2604	ack	r1	1790218631801	73	
2605	ack	r1	1790218631806	54	
2606	ack	r1	1790218631811	119	
2607	ack	r1	1790218631816	73	
2608	ack	r1	1790218631821	65	
2609	ack	r1	1790218631826	68	
2610	ack	r1	1790218631831	100	
2611	ack	r1	1790218631836	46	
2612	ack	r1	1790218631841	112	
2613	ack	r1	1790218631846	80	
2614	ack	r1	1790218631851	73	
2615	ack	r1	1790218631856	90	
2616	ack	r1	1790218631861	154	
2617	ack	r1	1790218631866	50	
2618	ack	r1	1790218631871	73	
2619	ack	r1	1790218631876	116	
2620	ack	r1	1790218631881	174	
2621	ack	r1	1790218631886	86	
2622	ack	r1	1790218631891	116	
2623	ack	r1	1790218631896	157	
2624	ack	r1	1790218631901	118	
2625	ack	r1	1790218631906	185	
2626	ack	r1	1790218631911	112	
2627	ack	r1	1790218631916	92	
2628	ack	r1	1790218631921	110	
2629	ack	r1	1790218631926	156	
2630	ack	r1	1790218631931	134	
2631	ack	r1	1790218631936	183	
2632	ack	r1	1790218631941	135	
2633	ack	r1	1790218631946	97	
2634	ack	r1	1790218631951	118	
2635	ack	r1	1790218631956	98	
2636	ack	r1	1790218631961	64	
2637	ack	r1	1790218631966	189	
2638	ack	r1	1790218631971	71	
2639	ack	r1	1790218631976	51	
2640	ack	r1	1790218631981	178	
2641	ack	r1	1790218631986	87	
2642	ack	r1	1790218631992	851	
2643	ack	r1	1790218631996	186	
2644	ack	r1	1790218632001	67	
2645	ack	r1	1790218632006	114	
2646	ack	r1	1790218632011	73	
2647	ack	r1	1790218632016	79	
2648	ack	r1	1790218632021	78	
2649	ack	r1	1790218632026	113	
2650	ack	r1	1790218632031	68	
2651	ack	r1	1790218632036	47	
2652	ack	r1	1790218632041	149	
2653	ack	r1	1790218632046	78	
2654	ack	r1	1790218632051	82	
2655	ack	r1	1790218632056	77	
2656	ack	r1	1790218632061	49	
2657	ack	r1	1790218632066	167	
2658	ack	r1	1790218632071	69	
2659	ack	r1	1790218632076	96	
2660	ack	r1	1790218632081	74	
2661	ack	r1	1790218632086	113	
2662	ack	r1	1790218632091	70	
2663	ack	r1	1790218632096	115	
2664	ack	r1	1790218632101	108	
2665	ack	r1	1790218632106	50	
2666	ack	r1	1790218632111	88	
2667	ack	r1	1790218632116	48	
2668	ack	r1	1790218632121	65	
2669	ack	r1	1790218632126	44	
2670	ack	r1	1790218632131	123	
2671	ack	r1	1790218632136	77	
2672	ack	r1	1790218632141	73	
2673	ack	r1	1790218632146	95	
2674	ack	r1	1790218632151	97	
2675	ack	r1	1790218632156	97	
2676	ack	r1	1790218632161	95	
2677	ack	r1	1790218632166	185	
2678	ack	r1	1790218632171	65	
2679	ack	r1	1790218632176	144	
2680	ack	r1	1790218632181	57	
2681	ack	r1	1790218632186	75	
2682	ack	r1	1790218632191	128	
2683	ack	r1	1790218632196	58	
2684	ack	r1	1790218632201	56	
2685	ack	r1	1790218632206	60	
2686	ack	r1	1790218632211	43	
2687	ack	r1	1790218632216	67	
2688	ack	r1	1790218632221	116	
2689	ack	r1	1790218632226	145	
2690	ack	r1	1790218632231	156	
2691	ack	r1	1790218632236	51	
2692	ack	r1	1790218632241	73	
2693	ack	r1	1790218632246	111	
2694	ack	r1	1790218632251	73	
2695	ack	r1	1790218632256	78	
2696	ack	r1	1790218632261	71	
2697	ack	r1	1790218632266	154	
2698	ack	r1	1790218632271	158	
2699	ack	r1	1790218632276	84	
2700	ack	r1	1790218632281	48	
2701	ack	r1	1790218632286	143	
2702	ack	r1	1790218632291	124	
2703	ack	r1	1790218632296	119	
2704	ack	r1	1790218632301	147	
2705	ack	r1	1790218632306	50	
2706	ack	r1	1790218632311	51	
2707	ack	r1	1790218632316	51	
2708	ack	r1	1790218632321	151	
2709	ack	r1	1790218632326	53	
2710	ack	r1	1790218632331	68	
2711	ack	r1	1790218632336	141	
2712	ack	r1	1790218632341	122	
2713	ack	r1	1790218632346	150	
2714	ack	r1	1790218632351	67	
2715	ack	r1	1790218632356	72	
2716	ack	r1	1790218632361	72	
2717	ack	r1	1790218632366	100	
2718	ack	r1	1790218632371	45	
2719	ack	r1	1790218632376	90	
2720	ack	r1	1790218632381	79	
2721	ack	r1	1790218632386	77	
2722	ack	r1	1790218632391	137	
2723	ack	r1	1790218632396	125	
2724	ack	r1	1790218632401	158	
2725	ack	r1	1790218632406	83	
2726	ack	r1	1790218632411	70	
2727	ack	r1	1790218632416	91	
2728	ack	r1	1790218632421	97	
2729	ack	r1	1790218632426	73	
2730	ack	r1	1790218632431	56	
2731	ack	r1	1790218632436	94	
2732	ack	r1	1790218632441	84	
2733	ack	r1	1790218632446	85	
2734	ack	r1	1790218632451	64	
2735	ack	r1	1790218632456	34	
2736	ack	r1	1790218632461	152	
2737	ack	r1	1790218632466	119	
2738	ack	r1	1790218632471	79	
2739	ack	r1	1790218632476	69	
2740	ack	r1	1790218632481	115	
2741	ack	r1	1790218632486	50	
2742	ack	r1	1790218632491	82	
2743	ack	r1	1790218632496	45	
2744	ack	r1	1790218632501	116	
2745	ack	r1	1790218632506	99	
2746	ack	r1	1790218632511	132	
2747	ack	r1	1790218632516	144	
2748	ack	r1	1790218632521	68	
2749	ack	r1	1790218632526	65	
2750	ack	r1	1790218632531	56	
2751	ack	r1	1790218632536	53	
2752	ack	r1	1790218632541	84	
2753	ack	r1	1790218632546	55	
2754	ack	r1	1790218632551	81	
2755	ack	r1	1790218632556	90	
2756	ack	r1	1790218632561	95	
2757	ack	r1	1790218632566	85	
2758	ack	r1	1790218632571	75	
2759	ack	r1	1790218632576	55	
2760	ack	r1	1790218632581	66	
2761	ack	r1	1790218632586	131	
2762	ack	r1	1790218632594	946	
2763	ack	r1	1790218632596	48	
2764	ack	r1	1790218632601	135	
2765	ack	r1	1790218632606	99	
2766	ack	r1	1790218632611	58	
2767	ack	r1	1790218632616	45	
2768	ack	r1	1790218632621	153	
2769	ack	r1	1790218632626	57	
2770	ack	r1	1790218632631	67	
2771	ack	r1	1790218632636	90	
2772	ack	r1	1790218632641	96	
2773	ack	r1	1790218632646	72	
2774	ack	r1	1790218632651	97	
2775	ack	r1	1790218632656	69	
2776	ack	r1	1790218632661	85	
2777	ack	r1	1790218632666	59	
2778	ack	r1	1790218632671	113	
2779	ack	r1	1790218632676	53	
2780	ack	r1	1790218632681	86	
2781	ack	r1	1790218632686	120	
2782	ack	r1	1790218632691	101	
2783	ack	r1	1790218632696	74	
2784	ack	r1	1790218632701	66	
2785	ack	r1	1790218632706	117	
2786	ack	r1	1790218632711	55	
2787	ack	r1	1790218632716	51	
2788	ack	r1	1790218632721	49	
2789	ack	r1	1790218632726	77	
2790	ack	r1	1790218632731	107	
2791	ack	r1	1790218632736	58	
2792	ack	r1	1790218632741	58	
2793	ack	r1	1790218632746	104	
2794	ack	r1	1790218632751	102	
2795	ack	r1	1790218632756	55	
2796	ack	r1	1790218632761	58	
2797	ack	r1	1790218632766	76	
2798	ack	r1	1790218632771	77	
2799	ack	r1	1790218632776	47	
2800	ack	r1	1790218632781	152	
2801	ack	r1	1790218632786	91	
2802	ack	r1	1790218632792	878	
2803	ack	r1	1790218632796	107	
2804	ack	r1	1790218632801	100	
2805	ack	r1	1790218632806	79	
2806	ack	r1	1790218632811	62	
2807	ack	r1	1790218632816	98	
2808	ack	r1	1790218632821	98	
2809	ack	r1	1790218632826	62	
2810	ack	r1	1790218632831	78	
2811	ack	r1	1790218632836	57	
2812	ack	r1	1790218632841	67	
2813	ack	r1	1790218632846	68	
2814	ack	r1	1790218632851	92	
2815	ack	r1	1790218632856	68	
2816	ack	r1	1790218632861	58	
2817	ack	r1	1790218632866	61	
2818	ack	r1	1790218632871	101	
2819	ack	r1	1790218632876	144	
2820	ack	r1	1790218632881	48	
2821	ack	r1	1790218632886	110	
2822	ack	r1	1790218632891	145	
2823	ack	r1	1790218632896	77	
2824	ack	r1	1790218632901	105	
2825	ack	r1	1790218632906	45	
2826	ack	r1	1790218632911	69	
2827	ack	r1	1790218632916	51	
2828	ack	r1	1790218632921	117	
2829	ack	r1	1790218632926	102	
2830	ack	r1	1790218632931	92	
2831	ack	r1	1790218632936	113	
2832	ack	r1	1790218632941	45	
2833	ack	r1	1790218632946	72	
2834	ack	r1	1790218632951	71	
2835	ack	r1	1790218632956	58	
2836	ack	r1	1790218632961	63	
2837	ack	r1	1790218632966	127	
2838	ack	r1	1790218632971	97	
2839	ack	r1	1790218632976	50	
2840	ack	r1	1790218632981	54	
2841	ack	r1	1790218632986	141	
2842	ack	r1	1790218632993	264	
2843	ack	r1	1790218632996	68	
2844	ack	r1	1790218633001	51	
2845	ack	r1	1790218633006	110	
2846	ack	r1	1790218633011	123	
2847	ack	r1	1790218633016	68	
2848	ack	r1	1790218633021	120	
2849	ack	r1	1790218633026	123	
2850	ack	r1	1790218633031	55	
2851	ack	r1	1790218633036	152	
2852	ack	r1	1790218633041	147	
2853	ack	r1	1790218633046	124	
2854	ack	r1	1790218633051	136	
2855	ack	r1	1790218633056	113	
2856	ack	r1	1790218633061	101	
2857	ack	r1	1790218633066	104	
2858	ack	r1	1790218633071	99	
2859	ack	r1	1790218633076	119	
2860	ack	r1	1790218633081	150	
2861	ack	r1	1790218633086	71	
2862	ack	r1	1790218633091	203	
2863	ack	r1	1790218633096	132	
2864	ack	r1	1790218633101	145	
2865	ack	r1	1790218633106	126	
2866	ack	r1	1790218633111	224	
2867	ack	r1	1790218633116	185	
2868	ack	r1	1790218633121	159	
2869	ack	r1	1790218633126	228	
2870	ack	r1	1790218633131	232	
2871	ack	r1	1790218633136	115	
2872	ack	r1	1790218633141	114	
2873	ack	r1	1790218633146	120	
2874	ack	r1	1790218633151	193	
2875	ack	r1	1790218633156	170	
2876	ack	r1	1790218633161	147	
2877	ack	r1	1790218633166	155	
2878	ack	r1	1790218633171	137	
2879	ack	r1	1790218633176	184	
2880	ack	r1	1790218633181	234	
2881	ack	r1	1790218633186	219	
2882	ack	r1	1790218633193	1091	
2883	ack	r1	1790218633196	140	
2884	ack	r1	1790218633201	178	
2885	ack	r1	1790218633206	194	
2886	ack	r1	1790218633211	129	
2887	ack	r1	1790218633216	169	
2888	ack	r1	1790218633221	66	
2889	ack	r1	1790218633226	67	
2890	ack	r1	1790218633231	97	
2891	ack	r1	1790218633236	50	
2892	ack	r1	1790218633241	60	
2893	ack	r1	1790218633246	107	
2894	ack	r1	1790218633251	76	
2895	ack	r1	1790218633256	75	
2896	ack	r1	1790218633261	104	
2897	ack	r1	1790218633266	52	
2898	ack	r1	1790218633271	80	
2899	ack	r1	1790218633276	104	
2900	ack	r1	1790218633281	91	
2901	ack	r1	1790218633286	86	
2902	ack	r1	1790218633291	150	
2903	ack	r1	1790218633296	63	
2904	ack	r1	1790218633301	112	
2905	ack	r1	1790218633306	101	
2906	ack	r1	1790218633311	119	
2907	ack	r1	1790218633316	68	
2908	ack	r1	1790218633321	71	
2909	ack	r1	1790218633326	76	
2910	ack	r1	1790218633331	86	
2911	ack	r1	1790218633336	63	
2912	ack	r1	1790218633341	71	
2913	ack	r1	1790218633346	110	
2914	ack	r1	1790218633351	51	
2915	ack	r1	1790218633356	79	
2916	ack	r1	1790218633361	172	
2917	ack	r1	1790218633366	159	
2918	ack	r1	1790218633371	93	
2919	ack	r1	1790218633376	147	
2920	ack	r1	1790218633381	166	
2921	ack	r1	1790218633386	43	
2922	ack	r1	1790218633393	850	
2923	ack	r1	1790218633396	157	
2924	ack	r1	1790218633401	65	
2925	ack	r1	1790218633406	77	
2926	ack	r1	1790218633411	79	
2927	ack	r1	1790218633416	120	
2928	ack	r1	1790218633421	147	
2929	ack	r1	1790218633426	82	
2930	ack	r1	1790218633431	92	
2931	ack	r1	1790218633436	71	
2932	ack	r1	1790218633441	67	
2933	ack	r1	1790218633446	49	
2934	ack	r1	1790218633451	103	
2935	ack	r1	1790218633456	55	
2936	ack	r1	1790218633461	64	
2937	ack	r1	1790218633466	116	
2938	ack	r1	1790218633471	60	
2939	ack	r1	1790218633476	50	
2940	ack	r1	1790218633481	60	
2941	ack	r1	1790218633486	81	
2942	ack	r1	1790218633491	48	
2943	ack	r1	1790218633496	52	
2944	ack	r1	1790218633501	82	
2945	ack	r1	1790218633506	116	
2946	ack	r1	1790218633511	66	
2947	ack	r1	1790218633516	46	
2948	ack	r1	1790218633521	70	
2949	ack	r1	1790218633526	63	
2950	ack	r1	1790218633531	51	
2951	ack	r1	1790218633536	47	
2952	ack	r1	1790218633541	110	
2953	ack	r1	1790218633546	73	
2954	ack	r1	1790218633551	46	
2955	ack	r1	1790218633556	51	
2956	ack	r1	1790218633561	69	
2957	ack	r1	1790218633566	74	
2958	ack	r1	1790218633571	76	
2959	ack	r1	1790218633576	145	
2960	ack	r1	1790218633581	88	
2961	ack	r1	1790218633586	76	
2962	ack	r1	1790218633591	97	
2963	ack	r1	1790218633596	68	
2964	ack	r1	1790218633601	81	
2965	ack	r1	1790218633606	47	
2966	ack	r1	1790218633611	128	
2967	ack	r1	1790218633616	94	
2968	ack	r1	1790218633621	108	
2969	ack	r1	1790218633626	66	
2970	ack	r1	1790218633631	157	
2971	ack	r1	1790218633636	88	
2972	ack	r1	1790218633641	67	
2973	ack	r1	1790218633646	152	
2974	ack	r1	1790218633651	54	
2975	ack	r1	1790218633656	467	
2976	ack	r1	1790218633661	55	
2977	ack	r1	1790218633666	76	
2978	ack	r1	1790218633671	114	
2979	ack	r1	1790218633676	103	
2980	ack	r1	1790218633681	74	
2981	ack	r1	1790218633686	111	
2982	ack	r1	1790218633691	52	
2983	ack	r1	1790218633696	45	
2984	ack	r1	1790218633701	94	
2985	ack	r1	1790218633706	36	
2986	ack	r1	1790218633711	74	
2987	ack	r1	1790218633716	53	
2988	ack	r1	1790218633721	68	
2989	ack	r1	1790218633726	77	
2990	ack	r1	1790218633731	67	
2991	ack	r1	1790218633736	61	
2992	ack	r1	1790218633741	73	
2993	ack	r1	1790218633746	71	
2994	ack	r1	1790218633751	81	
2995	ack	r1	1790218633756	50	
2996	ack	r1	1790218633761	66	
2997	ack	r1	1790218633766	115	
2998	ack	r1	1790218633771	170	
2999	ack	r1	1790218633776	135	
3000	ack	r1	1790218633781	53	
3001	ack	r1	1790218633786	57	
3002	ack	r1	1790218633793	876	
3003	ack	r1	1790218633796	113	
3004	ack	r1	1790218633801	44	
3005	ack	r1	1790218633806	48	
3006	ack	r1	1790218633811	80	
3007	ack	r1	1790218633816	116	
3008	ack	r1	1790218633821	116	
3009	ack	r1	1790218633826	51	
3010	ack	r1	1790218633831	122	
3011	ack	r1	1790218633836	80	
3012	ack	r1	1790218633841	57	
3013	ack	r1	1790218633846	172	
3014	ack	r1	1790218633851	59	
3015	ack	r1	1790218633856	153	
3016	ack	r1	1790218633861	99	
3017	ack	r1	1790218633866	50	
3018	ack	r1	1790218633871	55	
3019	ack	r1	1790218633876	48	
3020	ack	r1	1790218633881	114	
3021	ack	r1	1790218633886	154	
3022	ack	r1	1790218633891	53	
3023	ack	r1	1790218633896	151	
3024	ack	r1	1790218633901	100	
3025	ack	r1	1790218633906	58	
3026	ack	r1	1790218633911	147	
3027	ack	r1	1790218633916	76	
3028	ack	r1	1790218633921	118	
3029	ack	r1	1790218633926	71	
3030	ack	r1	1790218633931	103	
3031	ack	r1	1790218633936	87	
3032	ack	r1	1790218633941	96	
3033	ack	r1	1790218633946	72	
3034	ack	r1	1790218633951	108	
3035	ack	r1	1790218633956	71	
3036	ack	r1	1790218633961	65	
3037	ack	r1	1790218633966	76	
3038	ack	r1	1790218633971	80	
3039	ack	r1	1790218633976	106	
3040	ack	r1	1790218633981	52	
3041	ack	r1	1790218633986	66	
3042	ack	r1	1790218633993	931	
3043	ack	r1	1790218633996	131	
3044	ack	r1	1790218634001	113	
3045	ack	r1	1790218634006	155	
3046	ack	r1	1790218634011	128	
3047	ack	r1	1790218634016	59	
3048	ack	r1	1790218634021	79	
3049	ack	r1	1790218634026	151	
3050	ack	r1	1790218634031	81	
3051	ack	r1	1790218634036	69	
3052	ack	r1	1790218634041	69	
3053	ack	r1	1790218634046	112	
3054	ack	r1	1790218634051	102	
3055	ack	r1	1790218634056	91	
3056	ack	r1	1790218634061	70	
3057	ack	r1	1790218634066	94	
3058	ack	r1	1790218634071	58	
3059	ack	r1	1790218634076	56	
3060	ack	r1	1790218634081	152	
3061	ack	r1	1790218634086	73	
3062	ack	r1	1790218634091	51	
3063	ack	r1	1790218634096	108	
3064	ack	r1	1790218634101	162	
3065	ack	r1	1790218634106	55	
3066	ack	r1	1790218634111	148	
3067	ack	r1	1790218634116	83	
3068	ack	r1	1790218634121	78	
3069	ack	r1	1790218634126	80	
3070	ack	r1	1790218634131	53	
3071	ack	r1	1790218634136	53	
3072	ack	r1	1790218634141	51	
3073	ack	r1	1790218634146	69	
3074	ack	r1	1790218634151	45	
3075	ack	r1	1790218634156	70	
3076	ack	r1	1790218634161	83	
3077	ack	r1	1790218634166	220	
3078	ack	r1	1790218634171	77	
3079	ack	r1	1790218634176	76	
3080	ack	r1	1790218634181	72	
3081	ack	r1	1790218634186	78	
3082	ack	r1	1790218634192	85	
3083	ack	r1	1790218634196	56	
3084	ack	r1	1790218634201	66	
3085	ack	r1	1790218634206	84	
3086	ack	r1	1790218634211	76	
3087	ack	r1	1790218634216	75	
3088	ack	r1	1790218634221	93	
3089	ack	r1	1790218634226	107	
3090	ack	r1	1790218634231	71	
3091	ack	r1	1790218634236	99	
3092	ack	r1	1790218634241	105	
3093	ack	r1	1790218634246	94	
3094	ack	r1	1790218634251	51	
3095	ack	r1	1790218634256	93	
3096	ack	r1	1790218634261	95	
3097	ack	r1	1790218634266	109	
3098	ack	r1	1790218634271	61	
3099	ack	r1	1790218634276	69	
3100	ack	r1	1790218634281	75	
3101	ack	r1	1790218634286	136	
3102	ack	r1	1790218634291	70	
3103	ack	r1	1790218634296	54	
3104	ack	r1	1790218634301	56	
3105	ack	r1	1790218634306	65	
3106	ack	r1	1790218634311	122	
3107	ack	r1	1790218634316	111	
3108	ack	r1	1790218634321	110	
3109	ack	r1	1790218634326	145	
3110	ack	r1	1790218634331	75	
3111	ack	r1	1790218634336	81	
3112	ack	r1	1790218634341	50	
3113	ack	r1	1790218634346	61	
3114	ack	r1	1790218634351	144	
3115	ack	r1	1790218634356	69	
3116	ack	r1	1790218634361	72	
3117	ack	r1	1790218634366	102	
3118	ack	r1	1790218634371	75	
3119	ack	r1	1790218634376	63	
3120	ack	r1	1790218634381	52	
3121	ack	r1	1790218634386	69	
3122	ack	r1	1790218634393	77	
3123	ack	r1	1790218634396	77	
3124	ack	r1	1790218634401	63	
3125	ack	r1	1790218634406	101	
3126	ack	r1	1790218634411	54	
3127	ack	r1	1790218634416	84	
3128	ack	r1	1790218634421	53	
3129	ack	r1	1790218634426	128	
3130	ack	r1	1790218634431	121	
3131	ack	r1	1790218634436	78	
3132	ack	r1	1790218634441	86	
3133	ack	r1	1790218634446	42	
3134	ack	r1	1790218634451	75	
3135	ack	r1	1790218634456	68	
3136	ack	r1	1790218634461	51	
3137	ack	r1	1790218634466	68	
3138	ack	r1	1790218634471	68	
3139	ack	r1	1790218634476	111	
3140	ack	r1	1790218634481	99	
3141	ack	r1	1790218634486	72	
3142	ack	r1	1790218634491	143	
3143	ack	r1	1790218634496	94	
3144	ack	r1	1790218634501	67	
3145	ack	r1	1790218634506	68	
3146	ack	r1	1790218634511	137	
3147	ack	r1	1790218634516	152	
3148	ack	r1	1790218634521	142	
3149	ack	r1	1790218634526	62	
3150	ack	r1	1790218634531	167	
3151	ack	r1	1790218634536	55	
3152	ack	r1	1790218634541	65	
3153	ack	r1	1790218634546	107	
3154	ack	r1	1790218634551	76	
3155	ack	r1	1790218634556	50	
3156	ack	r1	1790218634561	98	
3157	ack	r1	1790218634566	96	
3158	ack	r1	1790218634571	141	
3159	ack	r1	1790218634576	79	
3160	ack	r1	1790218634581	72	
3161	ack	r1	1790218634586	93	
3162	ack	r1	1790218634591	166	
3163	ack	r1	1790218634596	88	
3164	ack	r1	1790218634601	174	
3165	ack	r1	1790218634606	130	
3166	ack	r1	1790218634611	115	
3167	ack	r1	1790218634616	106	
3168	ack	r1	1790218634621	150	
3169	ack	r1	1790218634626	190	
3170	ack	r1	1790218634631	55	
3171	ack	r1	1790218634636	97	
3172	ack	r1	1790218634641	65	
3173	ack	r1	1790218634646	141	
3174	ack	r1	1790218634651	89	
3175	ack	r1	1790218634656	95	
3176	ack	r1	1790218634661	99	
3177	ack	r1	1790218634666	116	
3178	ack	r1	1790218634671	105	
3179	ack	r1	1790218634676	105	
3180	ack	r1	1790218634681	113	
3181	ack	r1	1790218634686	70	
3182	ack	r1	1790218634691	67	
3183	ack	r1	1790218634696	104	
3184	ack	r1	1790218634701	121	
3185	ack	r1	1790218634706	119	
3186	ack	r1	1790218634711	46	
3187	ack	r1	1790218634716	59	
3188	ack	r1	1790218634721	96	
3189	ack	r1	1790218634726	81	
3190	ack	r1	1790218634731	143	
3191	ack	r1	1790218634736	78	
3192	ack	r1	1790218634741	112	
3193	ack	r1	1790218634746	116	
3194	ack	r1	1790218634751	84	
3195	ack	r1	1790218634756	72	
3196	ack	r1	1790218634761	86	
3197	ack	r1	1790218634766	190	
3198	ack	r1	1790218634771	107	
3199	ack	r1	1790218634776	74	
3200	ack	r1	1790218634781	47	
3201	ack	r1	1790218634786	47	
3202	ack	r1	1790218634793	2165	
3203	ack	r1	1790218634796	95	
3204	ack	r1	1790218634801	61	
3205	ack	r1	1790218634806	151	
3206	ack	r1	1790218634811	60	
3207	ack	r1	1790218634816	53	
3208	ack	r1	1790218634821	52	
3209	ack	r1	1790218634826	113	
3210	ack	r1	1790218634831	102	
3211	ack	r1	1790218634836	100	
3212	ack	r1	1790218634841	83	
3213	ack	r1	1790218634846	103	
3214	ack	r1	1790218634851	146	
3215	ack	r1	1790218634856	54	
3216	ack	r1	1790218634861	166	
3217	ack	r1	1790218634866	113	
3218	ack	r1	1790218634871	48	
3219	ack	r1	1790218634876	182	
3220	ack	r1	1790218634881	71	
3221	ack	r1	1790218634886	50	
3222	ack	r1	1790218634891	52	
3223	ack	r1	1790218634896	71	
3224	ack	r1	1790218634901	96	
3225	ack	r1	1790218634906	46	
3226	ack	r1	1790218634911	81	
3227	ack	r1	1790218634916	49	
3228	ack	r1	1790218634921	88	
3229	ack	r1	1790218634926	83	
3230	ack	r1	1790218634931	117	
3231	ack	r1	1790218634936	71	
3232	ack	r1	1790218634941	69	
3233	ack	r1	1790218634946	47	
3234	ack	r1	1790218634951	138	
3235	ack	r1	1790218634956	84	
3236	ack	r1	1790218634961	108	
3237	ack	r1	1790218634966	160	
3238	ack	r1	1790218634971	78	
3239	ack	r1	1790218634976	51	
3240	ack	r1	1790218634981	93	
3241	ack	r1	1790218634986	35	
3242	ack	r1	1790218634994	930	
3243	ack	r1	1790218634996	102	
3244	ack	r1	1790218635001	66	
3245	ack	r1	1790218635006	53	
3246	ack	r1	1790218635011	70	
3247	ack	r1	1790218635016	124	
3248	ack	r1	1790218635021	51	
3249	ack	r1	1790218635026	76	
3250	ack	r1	1790218635031	66	
3251	ack	r1	1790218635036	70	
3252	ack	r1	1790218635041	71	
3253	ack	r1	1790218635046	54	
3254	ack	r1	1790218635051	124	
3255	ack	r1	1790218635056	32	
3256	ack	r1	1790218635061	133	
3257	ack	r1	1790218635066	56	
3258	ack	r1	1790218635071	76	
3259	ack	r1	1790218635076	49	
3260	ack	r1	1790218635081	81	
3261	ack	r1	1790218635086	69	
3262	ack	r1	1790218635091	74	
3263	ack	r1	1790218635096	146	
3264	ack	r1	1790218635101	93	
3265	ack	r1	1790218635106	74	
3266	ack	r1	1790218635111	127	
3267	ack	r1	1790218635116	60	
3268	ack	r1	1790218635121	52	
3269	ack	r1	1790218635126	75	
3270	ack	r1	1790218635131	51	
3271	ack	r1	1790218635136	56	
3272	ack	r1	1790218635141	53	
3273	ack	r1	1790218635146	70	
3274	ack	r1	1790218635151	104	
3275	ack	r1	1790218635156	80	
3276	ack	r1	1790218635161	52	
3277	ack	r1	1790218635166	78	
3278	ack	r1	1790218635171	57	
3279	ack	r1	1790218635176	50	
3280	ack	r1	1790218635181	67	
3281	ack	r1	1790218635186	99	
3282	ack	r1	1790218635193	880	
3283	ack	r1	1790218635196	71	
3284	ack	r1	1790218635201	120	
3285	ack	r1	1790218635206	152	
3286	ack	r1	1790218635211	72	
3287	ack	r1	1790218635216	67	
3288	ack	r1	1790218635221	56	
3289	ack	r1	1790218635226	119	
3290	ack	r1	1790218635231	74	
3291	ack	r1	1790218635236	103	
3292	ack	r1	1790218635241	106	
3293	ack	r1	1790218635246	85	
3294	ack	r1	1790218635251	45	
3295	ack	r1	1790218635256	116	
3296	ack	r1	1790218635261	77	
3297	ack	r1	1790218635266	54	
3298	ack	r1	1790218635271	53	
3299	ack	r1	1790218635276	105	
3300	ack	r1	1790218635281	112	
3301	ack	r1	1790218635286	46	
3302	ack	r1	1790218635291	66	
3303	ack	r1	1790218635296	117	
3304	ack	r1	1790218635301	70	
3305	ack	r1	1790218635306	69	
3306	ack	r1	1790218635311	121	
3307	ack	r1	1790218635316	28	
3308	ack	r1	1790218635321	93	
3309	ack	r1	1790218635326	104	
3310	ack	r1	1790218635331	127	
3311	ack	r1	1790218635336	83	
3312	ack	r1	1790218635341	71	
3313	ack	r1	1790218635346	87	
3314	ack	r1	1790218635351	72	
3315	ack	r1	1790218635356	58	
3316	ack	r1	1790218635361	71	
3317	ack	r1	1790218635366	116	
3318	ack	r1	1790218635371	60	
3319	ack	r1	1790218635376	110	
3320	ack	r1	1790218635381	121	
3321	ack	r1	1790218635386	72	
3322	ack	r1	1790218635394	1108	
3323	ack	r1	1790218635396	56	
3324	ack	r1	1790218635401	48	
3325	ack	r1	1790218635406	103	
3326	ack	r1	1790218635411	64	
3327	ack	r1	1790218635416	47	
3328	ack	r1	1790218635421	64	
3329	ack	r1	1790218635426	48	
3330	ack	r1	1790218635431	107	
3331	ack	r1	1790218635436	104	
3332	ack	r1	1790218635441	66	
3333	ack	r1	1790218635446	55	
3334	ack	r1	1790218635451	140	
3335	ack	r1	1790218635456	64	
3336	ack	r1	1790218635461	68	
3337	ack	r1	1790218635466	85	
3338	ack	r1	1790218635471	68	
3339	ack	r1	1790218635476	100	
3340	ack	r1	1790218635481	80	
3341	ack	r1	1790218635486	51	
3342	ack	r1	1790218635491	44	
3343	ack	r1	1790218635496	92	
3344	ack	r1	1790218635501	88	
3345	ack	r1	1790218635506	59	
3346	ack	r1	1790218635511	47	
3347	ack	r1	1790218635516	113	
3348	ack	r1	1790218635521	46	
3349	ack	r1	1790218635526	88	
3350	ack	r1	1790218635531	142	
3351	ack	r1	1790218635536	68	
3352	ack	r1	1790218635541	76	
3353	ack	r1	1790218635546	68	
3354	ack	r1	1790218635551	110	
3355	ack	r1	1790218635556	73	
3356	ack	r1	1790218635561	47	
3357	ack	r1	1790218635566	78	
3358	ack	r1	1790218635571	84	
3359	ack	r1	1790218635576	49	
3360	ack	r1	1790218635581	115	
3361	ack	r1	1790218635586	150	
3362	ack	r1	1790218635591	170	
3363	ack	r1	1790218635596	69	
3364	ack	r1	1790218635601	52	
3365	ack	r1	1790218635606	69	
3366	ack	r1	1790218635611	51	
3367	ack	r1	1790218635616	118	
3368	ack	r1	1790218635621	59	
3369	ack	r1	1790218635626	100	
3370	ack	r1	1790218635631	152	
3371	ack	r1	1790218635636	73	
3372	ack	r1	1790218635641	69	
3373	ack	r1	1790218635646	72	
3374	ack	r1	1790218635651	48	
3375	ack	r1	1790218635656	78	
3376	ack	r1	1790218635661	53	
3377	ack	r1	1790218635666	51	
3378	ack	r1	1790218635671	94	
3379	ack	r1	1790218635676	151	
3380	ack	r1	1790218635681	54	
3381	ack	r1	1790218635686	92	
3382	ack	r1	1790218635691	104	
3383	ack	r1	1790218635696	71	
3384	ack	r1	1790218635701	104	
3385	ack	r1	1790218635706	80	
3386	ack	r1	1790218635711	50	
3387	ack	r1	1790218635716	70	
3388	ack	r1	1790218635721	76	
3389	ack	r1	1790218635726	74	
3390	ack	r1	1790218635731	68	
3391	ack	r1	1790218635736	111	
3392	ack	r1	1790218635741	48	
3393	ack	r1	1790218635746	81	
3394	ack	r1	1790218635751	46	
3395	ack	r1	1790218635756	50	
3396	ack	r1	1790218635761	75	
3397	ack	r1	1790218635766	132	
3398	ack	r1	1790218635771	80	
3399	ack	r1	1790218635776	65	
3400	ack	r1	1790218635781	65	
3401	ack	r1	1790218635786	56	
3402	ack	r1	1790218635791	153	
3403	ack	r1	1790218635796	73	
3404	ack	r1	1790218635801	91	
3405	ack	r1	1790218635806	77	
3406	ack	r1	1790218635811	102	
3407	ack	r1	1790218635816	82	
3408	ack	r1	1790218635821	62	
3409	ack	r1	1790218635826	80	
3410	ack	r1	1790218635831	166	
3411	ack	r1	1790218635836	142	
3412	ack	r1	1790218635841	111	
3413	ack	r1	1790218635846	190	
3414	ack	r1	1790218635851	162	
3415	ack	r1	1790218635856	89	
3416	ack	r1	1790218635861	130	
3417	ack	r1	1790218635866	73	
3418	ack	r1	1790218635871	68	
3419	ack	r1	1790218635876	97	
3420	ack	r1	1790218635881	73	
3421	ack	r1	1790218635886	55	
3422	ack	r1	1790218635891	61	
3423	ack	r1	1790218635896	108	
3424	ack	r1	1790218635901	39	
3425	ack	r1	1790218635906	51	
3426	ack	r1	1790218635911	109	
3427	ack	r1	1790218635916	118	
3428	ack	r1	1790218635921	71	
3429	ack	r1	1790218635926	91	
3430	ack	r1	1790218635931	87	
3431	ack	r1	1790218635936	130	
3432	ack	r1	1790218635941	108	
3433	ack	r1	1790218635946	89	
3434	ack	r1	1790218635951	110	
3435	ack	r1	1790218635956	108	
3436	ack	r1	1790218635961	82	
3437	ack	r1	1790218635966	125	
3438	ack	r1	1790218635971	111	
3439	ack	r1	1790218635976	82	
3440	ack	r1	1790218635981	89	
3441	ack	r1	1790218635986	71	
3442	ack	r1	1790218635994	987	
3443	ack	r1	1790218635996	68	
3444	ack	r1	1790218636001	133	
3445	ack	r1	1790218636006	58	
3446	ack	r1	1790218636011	150	
3447	ack	r1	1790218636016	53	
3448	ack	r1	1790218636021	81	
3449	ack	r1	1790218636026	82	
3450	ack	r1	1790218636031	72	
3451	ack	r1	1790218636036	54	
3452	ack	r1	1790218636041	68	
3453	ack	r1	1790218636046	60	
3454	ack	r1	1790218636051	62	
3455	ack	r1	1790218636056	74	
3456	ack	r1	1790218636061	86	
3457	ack	r1	1790218636066	94	
3458	ack	r1	1790218636071	46	
3459	ack	r1	1790218636076	70	
3460	ack	r1	1790218636081	78	
3461	ack	r1	1790218636086	60	
3462	ack	r1	1790218636091	120	
3463	ack	r1	1790218636096	73	
3464	ack	r1	1790218636101	117	
3465	ack	r1	1790218636106	107	
3466	ack	r1	1790218636111	157	
3467	ack	r1	1790218636116	103	
3468	ack	r1	1790218636121	78	
3469	ack	r1	1790218636126	142	
3470	ack	r1	1790218636131	77	
3471	ack	r1	1790218636136	79	
3472	ack	r1	1790218636141	71	
3473	ack	r1	1790218636146	110	
3474	ack	r1	1790218636151	48	
3475	ack	r1	1790218636156	52	
3476	ack	r1	1790218636161	55	
3477	ack	r1	1790218636166	167	
3478	ack	r1	1790218636171	74	
3479	ack	r1	1790218636176	78	
3480	ack	r1	1790218636181	133	
3481	ack	r1	1790218636186	111	
3482	ack	r1	1790218636194	946	
3483	ack	r1	1790218636196	94	
3484	ack	r1	1790218636201	117	
3485	ack	r1	1790218636206	63	
3486	ack	r1	1790218636211	55	
3487	ack	r1	1790218636216	93	
3488	ack	r1	1790218636221	69	
