seq	status	host	at_ms	latency_us	detail
1	ack	r1	1790218638049	1823	
2	ack	r1	1790218638054	1493	
3	ack	r1	1790218638055	754	
4	ack	r1	1790218638056	318	
5	ack	r1	1790218638056	66	
6	ack	r1	1790218638061	201	
7	ack	r1	1790218638066	130	
8	ack	r1	1790218638071	318	
9	ack	r1	1790218638076	232	
10	ack	r1	1790218638081	129	
11	ack	r1	1790218638086	138	
12	ack	r1	1790218638091	117	
13	ack	r1	1790218638096	156	
14	ack	r1	1790218638101	113	
15	ack	r1	1790218638106	134	
16	ack	r1	1790218638111	177	
17	ack	r1	1790218638116	141	
18	ack	r1	1790218638121	93	
19	ack	r1	1790218638126	246	
20	ack	r1	1790218638131	135	
21	ack	r1	1790218638136	236	
22	ack	r1	1790218638144	1792	
23	ack	r1	1790218638146	271	
24	ack	r1	1790218638152	463	
25	ack	r1	1790218638157	333	
26	ack	r1	1790218638161	281	
27	ack	r1	1790218638166	249	
28	ack	r1	1790218638171	140	
29	ack	r1	1790218638176	140	
30	ack	r1	1790218638181	128	
31	ack	r1	1790218638186	128	
32	ack	r1	1790218638191	118	
33	ack	r1	1790218638196	195	
34	ack	r1	1790218638201	112	
35	ack	r1	1790218638207	573	
36	ack	r1	1790218638211	188	
37	ack	r1	1790218638216	155	
38	ack	r1	1790218638221	95	
39	ack	r1	1790218638226	200	
40	ack	r1	1790218638231	140	
41	ack	r1	1790218638236	151	
42	ack	r1	1790218638241	110	
43	ack	r1	1790218638248	949	
44	ack	r1	1790218638251	237	
45	ack	r1	1790218638256	152	
46	ack	r1	1790218638261	129	
47	ack	r1	1790218638266	122	
48	ack	r1	1790218638271	112	
49	ack	r1	1790218638276	136	
50	ack	r1	1790218638281	90	
51	ack	r1	1790218638286	120	
52	ack	r1	1790218638291	117	
53	ack	r1	1790218638296	136	
54	ack	r1	1790218638301	118	
55	ack	r1	1790218638306	242	
56	ack	r1	1790218638311	244	
57	ack	r1	1790218638316	210	
58	ack	r1	1790218638321	182	
59	ack	r1	1790218638326	110	
60	ack	r1	1790218638331	162	
61	ack	r1	1790218638336	222	
62	ack	r1	1790218638341	167	
63	ack	r1	1790218638346	50	
64	ack	r1	1790218638351	159	
65	ack	r1	1790218638356	206	
66	ack	r1	1790218638361	107	
67	ack	r1	1790218638366	126	
68	ack	r1	1790218638371	115	
69	ack	r1	1790218638376	211	
70	ack	r1	1790218638381	127	
71	ack	r1	1790218638386	98	
72	ack	r1	1790218638391	151	
73	ack	r1	1790218638396	138	
74	ack	r1	1790218638401	112	
75	ack	r1	1790218638406	182	
76	ack	r1	1790218638411	82	
77	ack	r1	1790218638416	126	
78	ack	r1	1790218638421	171	
79	ack	r1	1790218638426	156	
80	ack	r1	1790218638431	162	
81	ack	r1	1790218638436	153	
82	ack	r1	1790218638441	200	
83	ack	r1	1790218638447	1059	
84	ack	r1	1790218638451	111	
85	ack	r1	1790218638456	123	
86	ack	r1	1790218638461	111	
87	ack	r1	1790218638466	113	
88	ack	r1	1790218638471	116	
89	ack	r1	1790218638476	114	
90	ack	r1	1790218638481	127	
91	ack	r1	1790218638486	105	
92	ack	r1	1790218638491	200	
93	ack	r1	1790218638496	151	
94	ack	r1	1790218638501	110	
95	ack	r1	1790218638506	158	
96	ack	r1	1790218638511	190	
97	ack	r1	1790218638516	95	
98	ack	r1	1790218638521	154	
99	ack	r1	1790218638526	186	
100	ack	r1	1790218638531	117	
101	ack	r1	1790218638536	180	
102	ack	r1	1790218638541	130	
103	ack	r1	1790218638546	107	
104	ack	r1	1790218638551	130	
105	ack	r1	1790218638556	110	
106	ack	r1	1790218638561	110	
107	ack	r1	1790218638566	129	
108	ack	r1	1790218638571	105	
109	ack	r1	1790218638576	133	
110	ack	r1	1790218638581	112	
111	ack	r1	1790218638586	108	
112	ack	r1	1790218638591	112	
113	ack	r1	1790218638596	91	
114	ack	r1	1790218638601	114	
115	ack	r1	1790218638606	106	
116	ack	r1	1790218638611	104	
117	ack	r1	1790218638616	124	
118	ack	r1	1790218638621	106	
119	ack	r1	1790218638626	120	
120	ack	r1	1790218638631	107	
121	ack	r1	1790218638636	149	
122	ack	r1	1790218638641	141	
123	ack	r1	1790218638647	611	
124	ack	r1	1790218638651	52	
125	ack	r1	1790218638656	130	
126	ack	r1	1790218638661	136	
127	ack	r1	1790218638666	237	
128	ack	r1	1790218638671	175	
129	ack	r1	1790218638676	147	
130	ack	r1	1790218638681	147	
131	ack	r1	1790218638686	105	
132	ack	r1	1790218638691	138	
133	ack	r1	1790218638696	98	
134	ack	r1	1790218638701	58	
135	ack	r1	1790218638706	117	
136	ack	r1	1790218638711	141	
137	ack	r1	1790218638716	197	
138	ack	r1	1790218638721	106	
139	ack	r1	1790218638726	106	
140	ack	r1	1790218638731	111	
141	ack	r1	1790218638736	144	
142	ack	r1	1790218638741	162	
143	ack	r1	1790218638746	98	
144	ack	r1	1790218638751	143	
145	ack	r1	1790218638756	162	
146	ack	r1	1790218638761	142	
147	ack	r1	1790218638766	126	
148	ack	r1	1790218638771	169	
149	ack	r1	1790218638776	125	
150	ack	r1	1790218638781	153	
151	ack	r1	1790218638786	109	
152	ack	r1	1790218638791	104	
153	ack	r1	1790218638796	119	
154	ack	r1	1790218638801	54	
155	ack	r1	1790218638806	102	
156	ack	r1	1790218638811	145	
157	ack	r1	1790218638816	121	
158	ack	r1	1790218638821	201	
159	ack	r1	1790218638826	109	
160	ack	r1	1790218638831	127	
161	ack	r1	1790218638836	115	
162	ack	r1	1790218638841	149	
163	ack	r1	1790218638847	896	
164	ack	r1	1790218638851	100	
165	ack	r1	1790218638856	105	
166	ack	r1	1790218638861	70	
167	ack	r1	1790218638866	105	
168	ack	r1	1790218638871	105	
169	ack	r1	1790218638876	106	
170	ack	r1	1790218638881	104	
171	ack	r1	1790218638886	151	
172	ack	r1	1790218638891	115	
173	ack	r1	1790218638896	113	
174	ack	r1	1790218638901	161	
175	ack	r1	1790218638906	143	
176	ack	r1	1790218638911	179	
177	ack	r1	1790218638916	101	
178	ack	r1	1790218638921	121	
179	ack	r1	1790218638926	121	
180	ack	r1	1790218638931	121	
181	ack	r1	1790218638936	101	
182	ack	r1	1790218638941	102	
183	ack	r1	1790218638946	89	
184	ack	r1	1790218638951	113	
185	ack	r1	1790218638956	192	
186	ack	r1	1790218638961	114	
187	ack	r1	1790218638966	124	
188	ack	r1	1790218638971	117	
189	ack	r1	1790218638976	98	
190	ack	r1	1790218638981	108	
191	ack	r1	1790218638986	156	
192	ack	r1	1790218638991	74	
193	ack	r1	1790218638996	140	
194	ack	r1	1790218639001	118	
195	ack	r1	1790218639006	100	
196	ack	r1	1790218639011	163	
197	ack	r1	1790218639016	131	
198	ack	r1	1790218639021	174	
199	ack	r1	1790218639026	139	
200	ack	r1	1790218639031	136	
201	ack	r1	1790218639036	128	
202	ack	r1	1790218639041	122	
203	ack	r1	1790218639047	939	
204	ack	r1	1790218639051	130	
205	ack	r1	1790218639056	157	
206	ack	r1	1790218639061	130	
207	ack	r1	1790218639066	122	
208	ack	r1	1790218639071	50	
209	ack	r1	1790218639076	117	
210	ack	r1	1790218639081	99	
211	ack	r1	1790218639086	92	
212	ack	r1	1790218639091	101	
213	ack	r1	1790218639096	97	
214	ack	r1	1790218639101	101	
215	ack	r1	1790218639106	78	
216	ack	r1	1790218639111	112	
217	ack	r1	1790218639116	110	
218	ack	r1	1790218639121	110	
219	ack	r1	1790218639126	143	
220	ack	r1	1790218639131	111	
221	ack	r1	1790218639136	111	
222	ack	r1	1790218639141	105	
223	ack	r1	1790218639146	116	
224	ack	r1	1790218639151	115	
225	ack	r1	1790218639156	117	
226	ack	r1	1790218639161	108	
227	ack	r1	1790218639166	140	
228	ack	r1	1790218639171	154	
229	ack	r1	1790218639176	101	
230	ack	r1	1790218639181	125	
231	ack	r1	1790218639186	118	
232	ack	r1	1790218639191	104	
233	ack	r1	1790218639196	100	
234	ack	r1	1790218639201	130	
235	ack	r1	1790218639206	141	
236	ack	r1	1790218639211	218	
237	ack	r1	1790218639216	147	
238	ack	r1	1790218639221	173	
239	ack	r1	1790218639226	141	
240	ack	r1	1790218639231	133	
241	ack	r1	1790218639236	120	
242	ack	r1	1790218639241	108	
243	ack	r1	1790218639248	1384	
244	ack	r1	1790218639251	115	
245	ack	r1	1790218639256	146	
246	ack	r1	1790218639261	118	
247	ack	r1	1790218639266	53	
248	ack	r1	1790218639271	129	
249	ack	r1	1790218639276	101	
250	ack	r1	1790218639281	108	
251	ack	r1	1790218639286	52	
252	ack	r1	1790218639291	127	
253	ack	r1	1790218639296	124	
254	ack	r1	1790218639301	112	
255	ack	r1	1790218639306	47	
256	ack	r1	1790218639311	202	
257	ack	r1	1790218639316	115	
258	ack	r1	1790218639321	122	
259	ack	r1	1790218639326	67	
260	ack	r1	1790218639331	100	
261	ack	r1	1790218639336	78	
262	ack	r1	1790218639341	143	
263	ack	r1	1790218639346	118	
264	ack	r1	1790218639351	112	
265	ack	r1	1790218639356	173	
266	ack	r1	1790218639361	107	
267	ack	r1	1790218639366	160	
268	ack	r1	1790218639371	110	
269	ack	r1	1790218639376	58	
270	ack	r1	1790218639381	105	
271	ack	r1	1790218639386	118	
272	ack	r1	1790218639391	188	
273	ack	r1	1790218639396	120	
274	ack	r1	1790218639401	186	
275	ack	r1	1790218639406	59	
276	ack	r1	1790218639411	99	
277	ack	r1	1790218639416	138	
278	ack	r1	1790218639421	110	
279	ack	r1	1790218639426	41	
280	ack	r1	1790218639431	123	
281	ack	r1	1790218639436	248	
282	ack	r1	1790218639441	135	
283	ack	r1	1790218639448	810	
284	ack	r1	1790218639451	40	
285	ack	r1	1790218639456	119	
286	ack	r1	1790218639461	57	
287	ack	r1	1790218639466	195	
288	ack	r1	1790218639471	47	
289	ack	r1	1790218639476	190	
290	ack	r1	1790218639481	120	
291	ack	r1	1790218639486	113	
292	ack	r1	1790218639491	101	
293	ack	r1	1790218639496	128	
294	ack	r1	1790218639501	121	
295	ack	r1	1790218639506	110	
296	ack	r1	1790218639511	53	
297	ack	r1	1790218639516	109	
298	ack	r1	1790218639521	134	
299	ack	r1	1790218639526	111	
300	ack	r1	1790218639531	111	
301	ack	r1	1790218639536	102	
302	ack	r1	1790218639541	184	
303	ack	r1	1790218639546	105	
304	ack	r1	1790218639551	114	
305	ack	r1	1790218639556	200	
306	ack	r1	1790218639561	85	
307	ack	r1	1790218639566	96	
308	ack	r1	1790218639571	100	
309	ack	r1	1790218639576	40	
310	ack	r1	1790218639581	103	
311	ack	r1	1790218639586	100	
312	ack	r1	1790218639591	101	
313	ack	r1	1790218639596	109	
314	ack	r1	1790218639601	94	
315	ack	r1	1790218639606	191	
316	ack	r1	1790218639611	103	
317	ack	r1	1790218639616	120	
318	ack	r1	1790218639621	94	
319	ack	r1	1790218639626	108	
320	ack	r1	1790218639631	106	
321	ack	r1	1790218639636	63	
322	ack	r1	1790218639641	111	
323	ack	r1	1790218639646	162	
324	ack	r1	1790218639651	103	
325	ack	r1	1790218639656	191	
326	ack	r1	1790218639661	138	
327	ack	r1	1790218639666	106	
328	ack	r1	1790218639671	126	
329	ack	r1	1790218639676	117	
330	ack	r1	1790218639681	58	
331	ack	r1	1790218639686	164	
332	ack	r1	1790218639691	177	
333	ack	r1	1790218639696	130	
334	ack	r1	1790218639701	133	
335	ack	r1	1790218639706	172	
336	ack	r1	1790218639711	131	
337	ack	r1	1790218639716	147	
338	ack	r1	1790218639721	122	
339	ack	r1	1790218639726	129	
340	ack	r1	1790218639731	118	
341	ack	r1	1790218639736	168	
342	ack	r1	1790218639741	158	
343	ack	r1	1790218639746	201	
344	ack	r1	1790218639751	176	
345	ack	r1	1790218639756	110	
346	ack	r1	1790218639761	232	
347	ack	r1	1790218639766	167	
348	ack	r1	1790218639771	136	
349	ack	r1	1790218639776	81	
350	ack	r1	1790218639781	139	
351	ack	r1	1790218639786	100	
352	ack	r1	1790218639791	89	
353	ack	r1	1790218639796	125	
354	ack	r1	1790218639801	148	
355	ack	r1	1790218639806	126	
356	ack	r1	1790218639811	136	
357	ack	r1	1790218639816	122	
358	ack	r1	1790218639821	217	
359	ack	r1	1790218639826	167	
360	ack	r1	1790218639831	528	
361	ack	r1	1790218639836	255	
362	ack	r1	1790218639841	75	
363	ack	r1	1790218639847	152	
364	ack	r1	1790218639851	179	
365	ack	r1	1790218639856	153	
366	ack	r1	1790218639861	200	
367	ack	r1	1790218639866	137	
368	ack	r1	1790218639871	152	
369	ack	r1	1790218639876	92	
370	ack	r1	1790218639881	79	
371	ack	r1	1790218639886	112	
372	ack	r1	1790218639891	126	
373	ack	r1	1790218639896	135	
374	ack	r1	1790218639901	163	
375	ack	r1	1790218639906	122	
376	ack	r1	1790218639911	150	
377	ack	r1	1790218639916	89	
378	ack	r1	1790218639921	66	
379	ack	r1	1790218639926	109	
380	ack	r1	1790218639931	131	
381	ack	r1	1790218639936	117	
382	ack	r1	1790218639941	101	
383	ack	r1	1790218639946	136	
384	ack	r1	1790218639951	114	
385	ack	r1	1790218639956	166	
386	ack	r1	1790218639961	134	
387	ack	r1	1790218639966	118	
388	ack	r1	1790218639971	124	
389	ack	r1	1790218639976	129	
390	ack	r1	1790218639981	110	
391	ack	r1	1790218639986	110	
392	ack	r1	1790218639991	146	
393	ack	r1	1790218639996	124	
394	ack	r1	1790218640001	67	
395	ack	r1	1790218640006	109	
396	ack	r1	1790218640011	107	
397	ack	r1	1790218640016	112	
398	ack	r1	1790218640021	114	
399	ack	r1	1790218640026	117	
400	ack	r1	1790218640031	100	
401	ack	r1	1790218640036	99	
402	ack	r1	1790218640041	186	
403	ack	r1	1790218640047	94	
404	ack	r1	1790218640051	69	
405	ack	r1	1790218640056	124	
406	ack	r1	1790218640061	151	
407	ack	r1	1790218640066	109	
408	ack	r1	1790218640071	111	
409	ack	r1	1790218640076	167	
410	ack	r1	1790218640081	122	
411	ack	r1	1790218640086	74	
412	ack	r1	1790218640091	159	
413	ack	r1	1790218640096	75	
414	ack	r1	1790218640101	138	
415	ack	r1	1790218640106	55	
416	ack	r1	1790218640111	75	
417	ack	r1	1790218640116	112	
418	ack	r1	1790218640121	102	
419	ack	r1	1790218640126	92	
420	ack	r1	1790218640131	147	
421	ack	r1	1790218640136	110	
422	ack	r1	1790218640141	154	
423	ack	r1	1790218640146	115	
424	ack	r1	1790218640151	101	
425	ack	r1	1790218640156	118	
426	ack	r1	1790218640161	137	
427	ack	r1	1790218640166	122	
428	ack	r1	1790218640171	130	
429	ack	r1	1790218640176	83	
430	ack	r1	1790218640181	127	
431	ack	r1	1790218640186	103	
432	ack	r1	1790218640191	104	
433	ack	r1	1790218640196	89	
434	ack	r1	1790218640201	177	
435	ack	r1	1790218640206	100	
436	ack	r1	1790218640211	105	
437	ack	r1	1790218640216	126	
438	ack	r1	1790218640221	171	
439	ack	r1	1790218640226	173	
440	ack	r1	1790218640231	189	
441	ack	r1	1790218640236	157	
442	ack	r1	1790218640241	112	
443	ack	r1	1790218640247	782	
444	ack	r1	1790218640251	118	
445	ack	r1	1790218640256	232	
446	ack	r1	1790218640261	110	
447	ack	r1	1790218640266	127	
448	ack	r1	1790218640271	114	
449	ack	r1	1790218640276	108	
450	ack	r1	1790218640281	144	
451	ack	r1	1790218640286	100	
452	ack	r1	1790218640291	152	
453	ack	r1	1790218640296	121	
454	ack	r1	1790218640301	124	
455	ack	r1	1790218640306	45	
456	ack	r1	1790218640311	116	
457	ack	r1	1790218640316	126	
458	ack	r1	1790218640321	94	
459	ack	r1	1790218640326	44	
460	ack	r1	1790218640331	113	
461	ack	r1	1790218640336	105	
462	ack	r1	1790218640341	70	
463	ack	r1	1790218640346	126	
464	ack	r1	1790218640351	103	
465	ack	r1	1790218640356	54	
466	ack	r1	1790218640361	120	
467	ack	r1	1790218640366	151	
468	ack	r1	1790218640371	201	
469	ack	r1	1790218640376	151	
470	ack	r1	1790218640381	117	
471	ack	r1	1790218640386	102	
472	ack	r1	1790218640391	193	
473	ack	r1	1790218640396	105	
474	ack	r1	1790218640401	176	
475	ack	r1	1790218640406	182	
476	ack	r1	1790218640411	107	
477	ack	r1	1790218640416	123	
478	ack	r1	1790218640421	89	
479	ack	r1	1790218640426	139	
480	ack	r1	1790218640431	101	
481	ack	r1	1790218640436	100	
482	ack	r1	1790218640441	110	
483	ack	r1	1790218640449	91	
484	ack	r1	1790218640451	151	
485	ack	r1	1790218640456	131	
486	ack	r1	1790218640461	114	
487	ack	r1	1790218640466	49	
488	ack	r1	1790218640471	104	
489	ack	r1	1790218640476	113	
490	ack	r1	1790218640481	195	
491	ack	r1	1790218640486	182	
492	ack	r1	1790218640491	102	
493	ack	r1	1790218640496	138	
494	ack	r1	1790218640501	105	
495	ack	r1	1790218640506	106	
496	ack	r1	1790218640511	107	
497	ack	r1	1790218640516	41	
498	ack	r1	1790218640521	121	
499	ack	r1	1790218640526	170	
500	ack	r1	1790218640531	120	
501	ack	r1	1790218640536	100	
502	ack	r1	1790218640541	125	
503	ack	r1	1790218640546	87	
504	ack	r1	1790218640551	92	
505	ack	r1	1790218640556	109	
506	ack	r1	1790218640561	53	
507	ack	r1	1790218640566	135	
508	ack	r1	1790218640571	138	
509	ack	r1	1790218640576	96	
510	ack	r1	1790218640581	116	
511	ack	r1	1790218640586	54	
512	ack	r1	1790218640591	103	
513	ack	r1	1790218640596	83	
514	ack	r1	1790218640601	57	
515	ack	r1	1790218640606	91	
516	ack	r1	1790218640611	98	
517	ack	r1	1790218640616	104	
518	ack	r1	1790218640621	127	
519	ack	r1	1790218640626	158	
520	ack	r1	1790218640631	295	
521	ack	r1	1790218640636	59	
522	ack	r1	1790218640641	144	
523	ack	r1	1790218640648	862	
524	ack	r1	1790218640651	160	
525	ack	r1	1790218640656	131	
526	ack	r1	1790218640661	120	
527	ack	r1	1790218640666	116	
528	ack	r1	1790218640671	131	
529	ack	r1	1790218640676	106	
530	ack	r1	1790218640681	110	
531	ack	r1	1790218640686	118	
532	ack	r1	1790218640691	93	
533	ack	r1	1790218640696	109	
534	ack	r1	1790218640701	44	
535	ack	r1	1790218640706	52	
536	ack	r1	1790218640711	101	
537	ack	r1	1790218640716	117	
538	ack	r1	1790218640721	101	
539	ack	r1	1790218640726	105	
540	ack	r1	1790218640731	125	
541	ack	r1	1790218640736	122	
542	ack	r1	1790218640741	172	
543	ack	r1	1790218640746	159	
544	ack	r1	1790218640751	122	
545	ack	r1	1790218640756	47	
546	ack	r1	1790218640761	74	
547	ack	r1	1790218640766	104	
548	ack	r1	1790218640771	59	
549	ack	r1	1790218640776	65	
550	ack	r1	1790218640781	135	
551	ack	r1	1790218640786	129	
552	ack	r1	1790218640791	49	
553	ack	r1	1790218640796	98	
554	ack	r1	1790218640801	76	
555	ack	r1	1790218640806	110	
556	ack	r1	1790218640811	99	
557	ack	r1	1790218640816	87	
558	ack	r1	1790218640821	117	
559	ack	r1	1790218640826	103	
560	ack	r1	1790218640831	78	
561	ack	r1	1790218640836	89	
562	ack	r1	1790218640841	85	
563	ack	r1	1790218640847	940	
564	ack	r1	1790218640851	92	
565	ack	r1	1790218640856	80	
566	ack	r1	1790218640861	124	
567	ack	r1	1790218640866	86	
568	ack	r1	1790218640871	120	
569	ack	r1	1790218640876	111	
570	ack	r1	1790218640881	173	
571	ack	r1	1790218640886	66	
572	ack	r1	1790218640891	97	
573	ack	r1	1790218640896	149	
574	ack	r1	1790218640901	87	
575	ack	r1	1790218640906	114	
576	ack	r1	1790218640911	131	
577	ack	r1	1790218640916	133	
578	ack	r1	1790218640921	75	
579	ack	r1	1790218640926	175	
580	ack	r1	1790218640931	129	
581	ack	r1	1790218640936	186	
582	ack	r1	1790218640941	166	
583	ack	r1	1790218640946	88	
584	ack	r1	1790218640951	136	
585	ack	r1	1790218640956	62	
586	ack	r1	1790218640961	104	
587	ack	r1	1790218640966	138	
588	ack	r1	1790218640971	125	
589	ack	r1	1790218640976	98	
590	ack	r1	1790218640981	83	
591	ack	r1	1790218640986	110	
592	ack	r1	1790218640991	152	
593	ack	r1	1790218640996	144	
594	ack	r1	1790218641001	88	
595	ack	r1	1790218641006	91	
596	ack	r1	1790218641011	82	
597	ack	r1	1790218641016	104	
598	ack	r1	1790218641021	105	
599	ack	r1	1790218641026	96	
600	ack	r1	1790218641031	94	
601	ack	r1	1790218641036	92	
602	ack	r1	1790218641041	37	
603	ack	r1	1790218641047	942	
604	ack	r1	1790218641051	77	
605	ack	r1	1790218641056	95	
606	ack	r1	1790218641061	63	
607	ack	r1	1790218641066	149	
608	ack	r1	1790218641071	75	
609	ack	r1	1790218641076	64	
610	ack	r1	1790218641081	103	
611	ack	r1	1790218641086	57	
612	ack	r1	1790218641091	89	
613	ack	r1	1790218641096	32	
614	ack	r1	1790218641101	91	
615	ack	r1	1790218641106	54	
616	ack	r1	1790218641111	77	
617	ack	r1	1790218641116	93	
618	ack	r1	1790218641121	184	
619	ack	r1	1790218641126	86	
620	ack	r1	1790218641131	64	
621	ack	r1	1790218641136	103	
622	ack	r1	1790218641141	199	
623	ack	r1	1790218641146	80	
624	ack	r1	1790218641151	122	
625	ack	r1	1790218641156	259	
626	ack	r1	1790218641161	53	
627	ack	r1	1790218641166	126	
628	ack	r1	1790218641171	167	
629	ack	r1	1790218641176	158	
630	ack	r1	1790218641181	126	
631	ack	r1	1790218641186	106	
632	ack	r1	1790218641191	124	
633	ack	r1	1790218641196	114	
634	ack	r1	1790218641201	51	
635	ack	r1	1790218641206	94	
636	ack	r1	1790218641211	130	
637	ack	r1	1790218641216	155	
638	ack	r1	1790218641221	156	
639	ack	r1	1790218641226	105	
640	ack	r1	1790218641231	104	
641	ack	r1	1790218641236	124	
642	ack	r1	1790218641241	111	
643	ack	r1	1790218641248	895	
644	ack	r1	1790218641251	130	
645	ack	r1	1790218641256	101	
646	ack	r1	1790218641261	94	
647	ack	r1	1790218641266	122	
648	ack	r1	1790218641271	92	
649	ack	r1	1790218641276	40	
650	ack	r1	1790218641281	53	
651	ack	r1	1790218641286	103	
652	ack	r1	1790218641291	116	
653	ack	r1	1790218641296	100	
654	ack	r1	1790218641301	85	
655	ack	r1	1790218641306	89	
656	ack	r1	1790218641311	119	
657	ack	r1	1790218641316	157	
658	ack	r1	1790218641321	73	
659	ack	r1	1790218641326	124	
660	ack	r1	1790218641331	186	
661	ack	r1	1790218641336	169	
662	ack	r1	1790218641341	150	
663	ack	r1	1790218641346	96	
664	ack	r1	1790218641351	135	
665	ack	r1	1790218641356	59	
666	ack	r1	1790218641361	168	
667	ack	r1	1790218641366	120	
668	ack	r1	1790218641371	172	
669	ack	r1	1790218641376	84	
670	ack	r1	1790218641381	93	
671	ack	r1	1790218641386	72	
672	ack	r1	1790218641391	267	
673	ack	r1	1790218641396	105	
674	ack	r1	1790218641401	101	
675	ack	r1	1790218641406	96	
676	ack	r1	1790218641411	135	
677	ack	r1	1790218641416	118	
678	ack	r1	1790218641421	85	
679	ack	r1	1790218641426	103	
680	ack	r1	1790218641431	83	
681	ack	r1	1790218641436	84	
682	ack	r1	1790218641441	120	
683	ack	r1	1790218641447	102	
684	ack	r1	1790218641451	154	
685	ack	r1	1790218641456	122	
686	ack	r1	1790218641461	130	
687	ack	r1	1790218641466	112	
688	ack	r1	1790218641471	272	
689	ack	r1	1790218641476	238	
690	ack	r1	1790218641481	164	
691	ack	r1	1790218641486	85	
692	ack	r1	1790218641491	169	
693	ack	r1	1790218641496	134	
694	ack	r1	1790218641501	78	
695	ack	r1	1790218641506	141	
696	ack	r1	1790218641511	101	
697	ack	r1	1790218641516	131	
698	ack	r1	1790218641521	119	
699	ack	r1	1790218641526	436	
700	ack	r1	1790218641531	94	
701	ack	r1	1790218641536	144	
702	ack	r1	1790218641541	159	
703	ack	r1	1790218641546	108	
704	ack	r1	1790218641551	84	
705	ack	r1	1790218641556	65	
706	ack	r1	1790218641561	73	
707	ack	r1	1790218641566	151	
708	ack	r1	1790218641571	93	
709	ack	r1	1790218641576	146	
710	ack	r1	1790218641581	80	
711	ack	r1	1790218641586	153	
712	ack	r1	1790218641591	122	
713	ack	r1	1790218641596	192	
714	ack	r1	1790218641601	87	
715	ack	r1	1790218641606	79	
716	ack	r1	1790218641611	87	
717	ack	r1	1790218641616	110	
718	ack	r1	1790218641621	146	
719	ack	r1	1790218641626	108	
720	ack	r1	1790218641631	118	
721	ack	r1	1790218641636	231	
722	ack	r1	1790218641641	96	
723	ack	r1	1790218641648	796	
724	ack	r1	1790218641651	93	
725	ack	r1	1790218641656	133	
726	ack	r1	1790218641661	77	
727	ack	r1	1790218641666	134	
728	ack	r1	1790218641671	135	
729	ack	r1	1790218641676	87	
730	ack	r1	1790218641681	226	
731	ack	r1	1790218641686	125	
732	ack	r1	1790218641691	123	
733	ack	r1	1790218641697	542	
734	ack	r1	1790218641701	105	
735	ack	r1	1790218641706	136	
736	ack	r1	1790218641711	103	
737	ack	r1	1790218641716	87	
738	ack	r1	1790218641721	100	
739	ack	r1	1790218641726	82	
740	ack	r1	1790218641731	90	
741	ack	r1	1790218641736	168	
742	ack	r1	1790218641741	114	
743	ack	r1	1790218641746	216	
744	ack	r1	1790218641751	125	
745	ack	r1	1790218641756	73	
746	ack	r1	1790218641761	69	
747	ack	r1	1790218641766	116	
748	ack	r1	1790218641771	87	
749	ack	r1	1790218641776	117	
750	ack	r1	1790218641781	118	
751	ack	r1	1790218641786	95	
752	ack	r1	1790218641792	602	
753	ack	r1	1790218641796	171	
754	ack	r1	1790218641801	142	
755	ack	r1	1790218641806	84	
756	ack	r1	1790218641811	122	
757	ack	r1	1790218641816	102	
758	ack	r1	1790218641821	113	
759	ack	r1	1790218641826	150	
760	ack	r1	1790218641831	93	
761	ack	r1	1790218641836	84	
762	ack	r1	1790218641841	97	
763	ack	r1	1790218641847	913	
764	ack	r1	1790218641851	96	
765	ack	r1	1790218641856	104	
766	ack	r1	1790218641861	86	
767	ack	r1	1790218641866	58	
768	ack	r1	1790218641871	97	
769	ack	r1	1790218641876	115	
770	ack	r1	1790218641881	102	
771	ack	r1	1790218641886	99	
772	ack	r1	1790218641891	100	
773	ack	r1	1790218641896	80	
774	ack	r1	1790218641901	94	
775	ack	r1	1790218641906	85	
776	ack	r1	1790218641911	133	
777	ack	r1	1790218641916	98	
778	ack	r1	1790218641921	62	
779	ack	r1	1790218641926	115	
780	ack	r1	1790218641931	88	
781	ack	r1	1790218641936	77	
782	ack	r1	1790218641941	102	
783	ack	r1	1790218641946	179	
784	ack	r1	1790218641951	96	
785	ack	r1	1790218641956	103	
786	ack	r1	1790218641961	100	
787	ack	r1	1790218641966	94	
788	ack	r1	1790218641971	119	
789	ack	r1	1790218641976	129	
790	ack	r1	1790218641981	91	
791	ack	r1	1790218641986	105	
792	ack	r1	1790218641991	101	
793	ack	r1	1790218641996	76	
794	ack	r1	1790218642001	102	
795	ack	r1	1790218642006	101	
796	ack	r1	1790218642011	127	
797	ack	r1	1790218642016	130	
798	ack	r1	1790218642021	245	
799	ack	r1	1790218642026	183	
800	ack	r1	1790218642031	75	
801	ack	r1	1790218642036	199	
802	ack	r1	1790218642041	90	
803	ack	r1	1790218642047	938	
804	ack	r1	1790218642051	305	
805	ack	r1	1790218642056	118	
806	ack	r1	1790218642061	121	
807	ack	r1	1790218642066	152	
808	ack	r1	1790218642071	117	
809	ack	r1	1790218642076	155	
810	ack	r1	1790218642081	122	
811	ack	r1	1790218642086	97	
812	ack	r1	1790218642091	89	
813	ack	r1	1790218642096	169	
814	ack	r1	1790218642101	114	
815	ack	r1	1790218642106	101	
816	ack	r1	1790218642111	96	
817	ack	r1	1790218642116	110	
818	ack	r1	1790218642121	105	
819	ack	r1	1790218642126	110	
820	ack	r1	1790218642131	56	
821	ack	r1	1790218642136	104	
822	ack	r1	1790218642141	110	
823	ack	r1	1790218642146	61	
824	ack	r1	1790218642151	101	
825	ack	r1	1790218642156	104	
826	ack	r1	1790218642161	141	
827	ack	r1	1790218642166	234	
828	ack	r1	1790218642171	120	
829	ack	r1	1790218642176	77	
830	ack	r1	1790218642181	122	
831	ack	r1	1790218642186	104	
832	ack	r1	1790218642191	94	
833	ack	r1	1790218642196	53	
834	ack	r1	1790218642201	96	
835	ack	r1	1790218642206	126	
836	ack	r1	1790218642211	60	
837	ack	r1	1790218642216	102	
838	ack	r1	1790218642221	122	
839	ack	r1	1790218642226	163	
840	ack	r1	1790218642231	183	
841	ack	r1	1790218642236	181	
842	ack	r1	1790218642241	111	
843	ack	r1	1790218642246	109	
844	ack	r1	1790218642251	101	
845	ack	r1	1790218642256	125	
846	ack	r1	1790218642261	159	
847	ack	r1	1790218642266	62	
848	ack	r1	1790218642271	69	
849	ack	r1	1790218642276	110	
850	ack	r1	1790218642281	100	
851	ack	r1	1790218642286	109	
852	ack	r1	1790218642291	87	
853	ack	r1	1790218642296	94	
854	ack	r1	1790218642301	94	
855	ack	r1	1790218642306	100	
856	ack	r1	1790218642311	100	
857	ack	r1	1790218642316	102	
858	ack	r1	1790218642321	104	
859	ack	r1	1790218642326	100	
860	ack	r1	1790218642331	64	
861	ack	r1	1790218642336	86	
862	ack	r1	1790218642341	76	
863	ack	r1	1790218642346	98	
864	ack	r1	1790218642351	143	
865	ack	r1	1790218642356	268	
866	ack	r1	1790218642361	179	
867	ack	r1	1790218642366	136	
868	ack	r1	1790218642371	93	
869	ack	r1	1790218642376	134	
870	ack	r1	1790218642381	105	
871	ack	r1	1790218642386	121	
872	ack	r1	1790218642391	94	
873	ack	r1	1790218642396	111	
874	ack	r1	1790218642401	69	
875	ack	r1	1790218642406	151	
876	ack	r1	1790218642411	267	
877	ack	r1	1790218642416	130	
878	ack	r1	1790218642421	151	
879	ack	r1	1790218642426	188	
880	ack	r1	1790218642431	125	
881	ack	r1	1790218642436	167	
882	ack	r1	1790218642441	132	
883	ack	r1	1790218642447	906	
884	ack	r1	1790218642451	101	
885	ack	r1	1790218642456	92	
886	ack	r1	1790218642461	106	
887	ack	r1	1790218642466	94	
888	ack	r1	1790218642471	98	
889	ack	r1	1790218642476	156	
890	ack	r1	1790218642481	120	
891	ack	r1	1790218642486	92	
892	ack	r1	1790218642491	89	
893	ack	r1	1790218642496	48	
894	ack	r1	1790218642501	203	
895	ack	r1	1790218642506	72	
896	ack	r1	1790218642511	148	
897	ack	r1	1790218642516	98	
898	ack	r1	1790218642521	98	
899	ack	r1	1790218642526	127	
900	ack	r1	1790218642531	124	
901	ack	r1	1790218642536	121	
902	ack	r1	1790218642541	102	
903	ack	r1	1790218642546	110	
904	ack	r1	1790218642551	65	
905	ack	r1	1790218642556	93	
906	ack	r1	1790218642561	156	
907	ack	r1	1790218642566	113	
908	ack	r1	1790218642571	144	
909	ack	r1	1790218642576	93	
910	ack	r1	1790218642581	116	
911	ack	r1	1790218642586	102	
912	ack	r1	1790218642591	107	
913	ack	r1	1790218642596	96	
914	ack	r1	1790218642601	103	
915	ack	r1	1790218642606	110	
916	ack	r1	1790218642611	107	
917	ack	r1	1790218642616	100	
918	ack	r1	1790218642621	99	
919	ack	r1	1790218642626	115	
920	ack	r1	1790218642631	89	
921	ack	r1	1790218642636	76	
922	ack	r1	1790218642641	110	
923	ack	r1	1790218642647	929	
924	ack	r1	1790218642651	75	
925	ack	r1	1790218642656	48	
926	ack	r1	1790218642661	104	
927	ack	r1	1790218642666	79	
928	ack	r1	1790218642671	103	
929	ack	r1	1790218642676	95	
930	ack	r1	1790218642681	138	
931	ack	r1	1790218642686	112	
932	ack	r1	1790218642691	126	
933	ack	r1	1790218642696	119	
934	ack	r1	1790218642701	156	
935	ack	r1	1790218642706	75	
936	ack	r1	1790218642711	188	
937	ack	r1	1790218642716	119	
938	ack	r1	1790218642721	55	
939	ack	r1	1790218642726	178	
940	ack	r1	1790218642731	60	
941	ack	r1	1790218642736	105	
942	ack	r1	1790218642741	121	
943	ack	r1	1790218642746	142	
944	ack	r1	1790218642751	86	
945	ack	r1	1790218642756	172	
946	ack	r1	1790218642761	132	
947	ack	r1	1790218642766	104	
948	ack	r1	1790218642771	96	
949	ack	r1	1790218642776	103	
950	ack	r1	1790218642781	112	
951	ack	r1	1790218642786	115	
952	ack	r1	1790218642791	102	
953	ack	r1	1790218642796	60	
954	ack	r1	1790218642801	94	
955	ack	r1	1790218642806	98	
956	ack	r1	1790218642811	123	
957	ack	r1	1790218642816	141	
958	ack	r1	1790218642821	67	
959	ack	r1	1790218642826	50	
960	ack	r1	1790218642831	115	
961	ack	r1	1790218642836	95	
962	ack	r1	1790218642841	106	
963	ack	r1	1790218642849	932	
964	ack	r1	1790218642851	109	
965	ack	r1	1790218642856	112	
966	ack	r1	1790218642861	111	
967	ack	r1	1790218642866	108	
968	ack	r1	1790218642871	101	
969	ack	r1	1790218642876	132	
970	ack	r1	1790218642881	109	
971	ack	r1	1790218642886	101	
972	ack	r1	1790218642891	105	
973	ack	r1	1790218642896	104	
974	ack	r1	1790218642901	89	
975	ack	r1	1790218642906	99	
976	ack	r1	1790218642911	105	
977	ack	r1	1790218642916	96	
978	ack	r1	1790218642921	110	
979	ack	r1	1790218642926	156	
980	ack	r1	1790218642931	96	
981	ack	r1	1790218642936	137	
982	ack	r1	1790218642941	216	
983	ack	r1	1790218642946	123	
984	ack	r1	1790218642951	118	
985	ack	r1	1790218642956	117	
986	ack	r1	1790218642961	143	
987	ack	r1	1790218642966	128	
988	ack	r1	1790218642971	131	
989	ack	r1	1790218642976	81	
990	ack	r1	1790218642981	70	
991	ack	r1	1790218642986	107	
992	ack	r1	1790218642991	65	
993	ack	r1	1790218642996	102	
994	ack	r1	1790218643001	100	
995	ack	r1	1790218643006	50	
996	ack	r1	1790218643011	100	
997	ack	r1	1790218643016	94	
998	ack	r1	1790218643021	61	
999	ack	r1	1790218643026	99	
1000	ack	r1	1790218643031	98	
1001	ack	r1	1790218643036	56	
1002	ack	r1	1790218643041	174	
1003	ack	r1	1790218643047	1049	
1004	ack	r1	1790218643051	71	
1005	ack	r1	1790218643056	149	
1006	ack	r1	1790218643061	84	
1007	ack	r1	1790218643066	85	
1008	ack	r1	1790218643071	63	
1009	ack	r1	1790218643076	142	
1010	ack	r1	1790218643081	89	
1011	ack	r1	1790218643086	109	
1012	ack	r1	1790218643091	79	
1013	ack	r1	1790218643096	83	
1014	ack	r1	1790218643101	97	
1015	ack	r1	1790218643106	87	
1016	ack	r1	1790218643111	72	
1017	ack	r1	1790218643116	201	
1018	ack	r1	1790218643121	147	
1019	ack	r1	1790218643126	278	
1020	ack	r1	1790218643131	253	
1021	ack	r1	1790218643136	125	
1022	ack	r1	1790218643141	145	
1023	ack	r1	1790218643146	133	
1024	ack	r1	1790218643151	67	
1025	ack	r1	1790218643156	131	
1026	ack	r1	1790218643161	158	
1027	ack	r1	1790218643166	82	
1028	ack	r1	1790218643171	101	
1029	ack	r1	1790218643176	63	
1030	ack	r1	1790218643181	117	
1031	ack	r1	1790218643186	99	
1032	ack	r1	1790218643191	103	
1033	ack	r1	1790218643196	107	
1034	ack	r1	1790218643201	80	
1035	ack	r1	1790218643206	51	
1036	ack	r1	1790218643211	209	
1037	ack	r1	1790218643216	99	
1038	ack	r1	1790218643221	157	
1039	ack	r1	1790218643226	134	
1040	ack	r1	1790218643231	150	
1041	ack	r1	1790218643236	126	
1042	ack	r1	1790218643241	126	
1043	ack	r1	1790218643247	900	
1044	ack	r1	1790218643251	70	
1045	ack	r1	1790218643256	141	
1046	ack	r1	1790218643261	114	
1047	ack	r1	1790218643266	132	
1048	ack	r1	1790218643271	87	
1049	ack	r1	1790218643276	147	
1050	ack	r1	1790218643281	113	
1051	ack	r1	1790218643286	104	
1052	ack	r1	1790218643291	100	
1053	ack	r1	1790218643296	98	
1054	ack	r1	1790218643301	100	
1055	ack	r1	1790218643306	113	
1056	ack	r1	1790218643311	111	
1057	ack	r1	1790218643316	110	
1058	ack	r1	1790218643321	110	
1059	ack	r1	1790218643326	43	
1060	ack	r1	1790218643331	105	
1061	ack	r1	1790218643336	99	
1062	ack	r1	1790218643341	99	
1063	ack	r1	1790218643346	101	
1064	ack	r1	1790218643351	87	
1065	ack	r1	1790218643356	94	
1066	ack	r1	1790218643361	95	
1067	ack	r1	1790218643366	72	
1068	ack	r1	1790218643371	100	
1069	ack	r1	1790218643376	96	
1070	ack	r1	1790218643381	85	
1071	ack	r1	1790218643386	82	
1072	ack	r1	1790218643391	71	
1073	ack	r1	1790218643396	49	
1074	ack	r1	1790218643401	245	
1075	ack	r1	1790218643406	128	
1076	ack	r1	1790218643411	190	
1077	ack	r1	1790218643416	115	
1078	ack	r1	1790218643421	91	
1079	ack	r1	1790218643426	206	
1080	ack	r1	1790218643431	174	
1081	ack	r1	1790218643436	167	
1082	ack	r1	1790218643441	142	
1083	ack	r1	1790218643447	452	
1084	ack	r1	1790218643451	87	
1085	ack	r1	1790218643456	136	
1086	ack	r1	1790218643461	90	
1087	ack	r1	1790218643466	75	
1088	ack	r1	1790218643471	87	
1089	ack	r1	1790218643476	120	
1090	ack	r1	1790218643481	187	
1091	ack	r1	1790218643486	105	
1092	ack	r1	1790218643491	107	
1093	ack	r1	1790218643496	99	
1094	ack	r1	1790218643501	102	
1095	ack	r1	1790218643506	91	
1096	ack	r1	1790218643511	119	
1097	ack	r1	1790218643516	100	
1098	ack	r1	1790218643521	99	
1099	ack	r1	1790218643526	160	
1100	ack	r1	1790218643531	124	
1101	ack	r1	1790218643536	95	
1102	ack	r1	1790218643541	108	
1103	ack	r1	1790218643546	64	
1104	ack	r1	1790218643551	99	
1105	ack	r1	1790218643556	125	
1106	ack	r1	1790218643561	116	
1107	ack	r1	1790218643566	118	
1108	ack	r1	1790218643571	105	
1109	ack	r1	1790218643576	87	
1110	ack	r1	1790218643581	103	
1111	ack	r1	1790218643586	105	
1112	ack	r1	1790218643591	89	
1113	ack	r1	1790218643596	86	
1114	ack	r1	1790218643601	106	
1115	ack	r1	1790218643606	43	
1116	ack	r1	1790218643611	110	
1117	ack	r1	1790218643616	129	
1118	ack	r1	1790218643621	176	
1119	ack	r1	1790218643626	367	
1120	ack	r1	1790218643631	279	
1121	ack	r1	1790218643636	452	
1122	ack	r1	1790218643641	169	
1123	ack	r1	1790218643648	967	
1124	ack	r1	1790218643651	40	
1125	ack	r1	1790218643656	103	
1126	ack	r1	1790218643661	102	
1127	ack	r1	1790218643666	85	
1128	ack	r1	1790218643671	74	
1129	ack	r1	1790218643676	136	
1130	ack	r1	1790218643681	103	
1131	ack	r1	1790218643686	63	
1132	ack	r1	1790218643691	103	
1133	ack	r1	1790218643696	102	
1134	ack	r1	1790218643701	79	
1135	ack	r1	1790218643706	97	
1136	ack	r1	1790218643711	111	
1137	ack	r1	1790218643716	109	
1138	ack	r1	1790218643721	103	
1139	ack	r1	1790218643726	120	
1140	ack	r1	1790218643731	40	
1141	ack	r1	1790218643736	84	
1142	ack	r1	1790218643741	77	
1143	ack	r1	1790218643746	72	
1144	ack	r1	1790218643751	109	
1145	ack	r1	1790218643756	146	
1146	ack	r1	1790218643761	175	
1147	ack	r1	1790218643766	142	
1148	ack	r1	1790218643771	82	
1149	ack	r1	1790218643776	146	
1150	ack	r1	1790218643781	127	
1151	ack	r1	1790218643786	150	
1152	ack	r1	1790218643791	110	
1153	ack	r1	1790218643796	92	
1154	ack	r1	1790218643801	62	
1155	ack	r1	1790218643806	100	
1156	ack	r1	1790218643811	65	
1157	ack	r1	1790218643816	221	
1158	ack	r1	1790218643821	178	
1159	ack	r1	1790218643826	99	
1160	ack	r1	1790218643831	119	
1161	ack	r1	1790218643836	108	
1162	ack	r1	1790218643841	101	
1163	ack	r1	1790218643850	111	
1164	ack	r1	1790218643851	100	
1165	ack	r1	1790218643856	114	
1166	ack	r1	1790218643861	109	
1167	ack	r1	1790218643866	49	
1168	ack	r1	1790218643871	101	
1169	ack	r1	1790218643876	198	
1170	ack	r1	1790218643881	104	
1171	ack	r1	1790218643886	96	
1172	ack	r1	1790218643891	86	
1173	ack	r1	1790218643896	99	
1174	ack	r1	1790218643901	99	
1175	ack	r1	1790218643906	92	
1176	ack	r1	1790218643911	84	
1177	ack	r1	1790218643916	104	
1178	ack	r1	1790218643921	94	
1179	ack	r1	1790218643926	54	
1180	ack	r1	1790218643931	110	
1181	ack	r1	1790218643936	100	
1182	ack	r1	1790218643941	88	
1183	ack	r1	1790218643946	95	
1184	ack	r1	1790218643951	102	
1185	ack	r1	1790218643956	105	
1186	ack	r1	1790218643961	92	
1187	ack	r1	1790218643966	99	
1188	ack	r1	1790218643971	100	
1189	ack	r1	1790218643976	102	
1190	ack	r1	1790218643981	125	
1191	ack	r1	1790218643986	95	
1192	ack	r1	1790218643991	139	
1193	ack	r1	1790218643996	102	
1194	ack	r1	1790218644001	103	
1195	ack	r1	1790218644006	102	
1196	ack	r1	1790218644011	104	
1197	ack	r1	1790218644016	80	
1198	ack	r1	1790218644021	107	
1199	ack	r1	1790218644026	99	
1200	ack	r1	1790218644031	87	
1201	ack	r1	1790218644036	85	
1202	ack	r1	1790218644041	96	
1203	ack	r1	1790218644048	690	
1204	ack	r1	1790218644051	80	
1205	ack	r1	1790218644056	81	
1206	ack	r1	1790218644061	99	
1207	ack	r1	1790218644066	50	
1208	ack	r1	1790218644071	67	
1209	ack	r1	1790218644076	103	
1210	ack	r1	1790218644081	99	
1211	ack	r1	1790218644086	114	
1212	ack	r1	1790218644091	88	
1213	ack	r1	1790218644096	57	
1214	ack	r1	1790218644101	135	
1215	ack	r1	1790218644106	167	
1216	ack	r1	1790218644111	72	
1217	ack	r1	1790218644116	138	
1218	ack	r1	1790218644121	60	
1219	ack	r1	1790218644126	148	
1220	ack	r1	1790218644131	100	
1221	ack	r1	1790218644136	142	
1222	ack	r1	1790218644141	98	
1223	ack	r1	1790218644146	112	
1224	ack	r1	1790218644151	119	
1225	ack	r1	1790218644156	85	
1226	ack	r1	1790218644161	84	
1227	ack	r1	1790218644166	123	
1228	ack	r1	1790218644171	222	
1229	ack	r1	1790218644176	51	
1230	ack	r1	1790218644181	120	
1231	ack	r1	1790218644186	99	
1232	ack	r1	1790218644191	104	
1233	ack	r1	1790218644196	76	
1234	ack	r1	1790218644201	99	
1235	ack	r1	1790218644206	124	
1236	ack	r1	1790218644211	111	
1237	ack	r1	1790218644216	103	
1238	ack	r1	1790218644221	119	
1239	ack	r1	1790218644226	104	
1240	ack	r1	1790218644231	100	
1241	ack	r1	1790218644236	94	
1242	ack	r1	1790218644241	87	
1243	ack	r1	1790218644247	1049	
1244	ack	r1	1790218644251	83	
1245	ack	r1	1790218644256	40	
1246	ack	r1	1790218644261	35	
1247	ack	r1	1790218644266	104	
1248	ack	r1	1790218644271	104	
1249	ack	r1	1790218644276	50	
1250	ack	r1	1790218644281	106	
1251	ack	r1	1790218644286	81	
1252	ack	r1	1790218644291	89	
1253	ack	r1	1790218644296	103	
1254	ack	r1	1790218644301	106	
1255	ack	r1	1790218644306	97	
1256	ack	r1	1790218644311	88	
1257	ack	r1	1790218644316	95	
1258	ack	r1	1790218644321	86	
1259	ack	r1	1790218644326	104	
1260	ack	r1	1790218644331	72	
1261	ack	r1	1790218644336	102	
1262	ack	r1	1790218644341	97	
1263	ack	r1	1790218644346	102	
1264	ack	r1	1790218644351	81	
1265	ack	r1	1790218644356	99	
1266	ack	r1	1790218644361	101	
1267	ack	r1	1790218644366	101	
1268	ack	r1	1790218644371	80	
1269	ack	r1	1790218644376	94	
1270	ack	r1	1790218644381	81	
1271	ack	r1	1790218644386	91	
1272	ack	r1	1790218644391	99	
1273	ack	r1	1790218644396	102	
1274	ack	r1	1790218644401	99	
1275	ack	r1	1790218644406	94	
1276	ack	r1	1790218644411	103	
1277	ack	r1	1790218644416	91	
1278	ack	r1	1790218644421	78	
1279	ack	r1	1790218644426	47	
1280	ack	r1	1790218644431	119	
1281	ack	r1	1790218644436	69	
1282	ack	r1	1790218644441	79	
1283	ack	r1	1790218644446	109	
1284	ack	r1	1790218644451	136	
1285	ack	r1	1790218644456	112	
1286	ack	r1	1790218644461	110	
1287	ack	r1	1790218644466	196	
1288	ack	r1	1790218644471	135	
1289	ack	r1	1790218644476	126	
1290	ack	r1	1790218644481	82	
1291	ack	r1	1790218644486	135	
1292	ack	r1	1790218644491	139	
1293	ack	r1	1790218644496	402	
1294	ack	r1	1790218644501	100	
1295	ack	r1	1790218644506	105	
1296	ack	r1	1790218644511	199	
1297	ack	r1	1790218644516	93	
1298	ack	r1	1790218644521	157	
1299	ack	r1	1790218644526	62	
1300	ack	r1	1790218644531	106	
1301	ack	r1	1790218644536	77	
1302	ack	r1	1790218644541	47	
1303	ack	r1	1790218644546	116	
1304	ack	r1	1790218644551	45	
1305	ack	r1	1790218644556	86	
1306	ack	r1	1790218644561	96	
1307	ack	r1	1790218644566	118	
1308	ack	r1	1790218644571	104	
1309	ack	r1	1790218644576	100	
1310	ack	r1	1790218644581	126	
1311	ack	r1	1790218644586	107	
1312	ack	r1	1790218644591	88	
1313	ack	r1	1790218644596	123	
1314	ack	r1	1790218644601	83	
1315	ack	r1	1790218644606	43	
1316	ack	r1	1790218644611	85	
1317	ack	r1	1790218644616	80	
1318	ack	r1	1790218644621	71	
1319	ack	r1	1790218644626	129	
1320	ack	r1	1790218644631	87	
1321	ack	r1	1790218644636	85	
1322	ack	r1	1790218644641	160	
1323	ack	r1	1790218644646	92	
1324	ack	r1	1790218644651	116	
1325	ack	r1	1790218644656	68	
1326	ack	r1	1790218644661	122	
1327	ack	r1	1790218644666	112	
1328	ack	r1	1790218644671	97	
1329	ack	r1	1790218644676	86	
1330	ack	r1	1790218644681	100	
1331	ack	r1	1790218644686	100	
1332	ack	r1	1790218644691	106	
1333	ack	r1	1790218644696	103	
1334	ack	r1	1790218644701	97	
1335	ack	r1	1790218644706	207	
1336	ack	r1	1790218644711	311	
1337	ack	r1	1790218644716	105	
1338	ack	r1	1790218644721	104	
1339	ack	r1	1790218644726	131	
1340	ack	r1	1790218644731	87	
1341	ack	r1	1790218644736	96	
1342	ack	r1	1790218644741	98	
1343	ack	r1	1790218644746	96	
1344	ack	r1	1790218644751	101	
1345	ack	r1	1790218644756	97	
1346	ack	r1	1790218644761	80	
1347	ack	r1	1790218644766	122	
1348	ack	r1	1790218644771	101	
1349	ack	r1	1790218644776	98	
1350	ack	r1	1790218644781	80	
1351	ack	r1	1790218644786	134	
1352	ack	r1	1790218644791	95	
1353	ack	r1	1790218644796	155	
1354	ack	r1	1790218644801	70	
1355	ack	r1	1790218644806	99	
1356	ack	r1	1790218644811	177	
1357	ack	r1	1790218644816	85	
1358	ack	r1	1790218644821	102	
1359	ack	r1	1790218644826	170	
1360	ack	r1	1790218644831	224	
1361	ack	r1	1790218644836	467	
1362	ack	r1	1790218644841	102	
1363	ack	r1	1790218644847	565	
1364	ack	r1	1790218644851	109	
1365	ack	r1	1790218644856	99	
1366	ack	r1	1790218644861	158	
1367	ack	r1	1790218644866	83	
1368	ack	r1	1790218644871	96	
1369	ack	r1	1790218644876	102	
1370	ack	r1	1790218644881	77	
1371	ack	r1	1790218644886	106	
1372	ack	r1	1790218644891	49	
1373	ack	r1	1790218644896	118	
1374	ack	r1	1790218644901	110	
1375	ack	r1	1790218644906	85	
1376	ack	r1	1790218644911	107	
1377	ack	r1	1790218644916	100	
1378	ack	r1	1790218644921	102	
1379	ack	r1	1790218644926	106	
1380	ack	r1	1790218644931	68	
1381	ack	r1	1790218644936	40	
1382	ack	r1	1790218644941	97	
1383	ack	r1	1790218644946	96	
1384	ack	r1	1790218644951	101	
1385	ack	r1	1790218644956	105	
1386	ack	r1	1790218644961	45	
1387	ack	r1	1790218644966	94	
1388	ack	r1	1790218644971	138	
1389	ack	r1	1790218644976	98	
1390	ack	r1	1790218644981	101	
1391	ack	r1	1790218644986	66	
1392	ack	r1	1790218644991	108	
1393	ack	r1	1790218644996	86	
1394	ack	r1	1790218645001	68	
1395	ack	r1	1790218645006	157	
1396	ack	r1	1790218645011	104	
1397	ack	r1	1790218645016	98	
1398	ack	r1	1790218645021	115	
1399	ack	r1	1790218645026	71	
1400	ack	r1	1790218645031	110	
1401	ack	r1	1790218645036	92	
1402	ack	r1	1790218645041	71	
1403	ack	r1	1790218645046	80	
1404	ack	r1	1790218645051	94	
1405	ack	r1	1790218645056	97	
1406	ack	r1	1790218645061	87	
1407	ack	r1	1790218645066	106	
1408	ack	r1	1790218645071	99	
1409	ack	r1	1790218645076	94	
1410	ack	r1	1790218645081	97	
1411	ack	r1	1790218645086	95	
1412	ack	r1	1790218645091	95	
1413	ack	r1	1790218645096	96	
1414	ack	r1	1790218645101	87	
1415	ack	r1	1790218645106	49	
1416	ack	r1	1790218645111	48	
1417	ack	r1	1790218645116	100	
1418	ack	r1	1790218645121	86	
1419	ack	r1	1790218645126	89	
1420	ack	r1	1790218645131	97	
1421	ack	r1	1790218645136	44	
1422	ack	r1	1790218645141	138	
1423	ack	r1	1790218645146	77	
1424	ack	r1	1790218645151	102	
1425	ack	r1	1790218645156	76	
1426	ack	r1	1790218645161	88	
1427	ack	r1	1790218645166	128	
1428	ack	r1	1790218645171	58	
1429	ack	r1	1790218645176	143	
1430	ack	r1	1790218645181	141	
1431	ack	r1	1790218645186	127	
1432	ack	r1	1790218645191	80	
1433	ack	r1	1790218645196	91	
1434	ack	r1	1790218645201	64	
1435	ack	r1	1790218645206	173	
1436	ack	r1	1790218645211	106	
1437	ack	r1	1790218645216	238	
1438	ack	r1	1790218645221	122	
1439	ack	r1	1790218645226	98	
1440	ack	r1	1790218645231	109	
1441	ack	r1	1790218645236	105	
1442	ack	r1	1790218645241	94	
1443	ack	r1	1790218645247	919	
1444	ack	r1	1790218645251	71	
1445	ack	r1	1790218645256	77	
1446	ack	r1	1790218645261	105	
1447	ack	r1	1790218645266	110	
1448	ack	r1	1790218645271	80	
1449	ack	r1	1790218645276	87	
1450	ack	r1	1790218645281	98	
1451	ack	r1	1790218645286	82	
1452	ack	r1	1790218645291	96	
1453	ack	r1	1790218645296	100	
1454	ack	r1	1790218645301	94	
1455	ack	r1	1790218645306	83	
1456	ack	r1	1790218645311	86	
1457	ack	r1	1790218645316	114	
1458	ack	r1	1790218645321	81	
1459	ack	r1	1790218645326	81	
1460	ack	r1	1790218645331	105	
1461	ack	r1	1790218645336	81	
1462	ack	r1	1790218645341	94	
1463	ack	r1	1790218645346	58	
1464	ack	r1	1790218645351	102	
1465	ack	r1	1790218645356	59	
1466	ack	r1	1790218645361	104	
1467	ack	r1	1790218645366	139	
1468	ack	r1	1790218645371	37	
1469	ack	r1	1790218645376	89	
1470	ack	r1	1790218645381	130	
1471	ack	r1	1790218645386	89	
1472	ack	r1	1790218645391	85	
1473	ack	r1	1790218645396	98	
1474	ack	r1	1790218645401	107	
1475	ack	r1	1790218645406	98	
1476	ack	r1	1790218645411	97	
1477	ack	r1	1790218645416	77	
1478	ack	r1	1790218645421	75	
1479	ack	r1	1790218645426	75	
1480	ack	r1	1790218645431	73	
1481	ack	r1	1790218645436	92	
1482	ack	r1	1790218645441	79	
1483	ack	r1	1790218645447	923	
1484	ack	r1	1790218645451	72	
1485	ack	r1	1790218645456	97	
1486	ack	r1	1790218645461	100	
1487	ack	r1	1790218645466	98	
1488	ack	r1	1790218645471	83	
1489	ack	r1	1790218645476	67	
1490	ack	r1	1790218645481	96	
1491	ack	r1	1790218645486	67	
1492	ack	r1	1790218645491	68	
1493	ack	r1	1790218645496	102	
1494	ack	r1	1790218645501	231	
1495	ack	r1	1790218645506	70	
1496	ack	r1	1790218645511	152	
1497	ack	r1	1790218645516	68	
1498	ack	r1	1790218645521	85	
1499	ack	r1	1790218645526	67	
1500	ack	r1	1790218645531	132	
1501	ack	r1	1790218645536	120	
1502	ack	r1	1790218645541	94	
1503	ack	r1	1790218645546	96	
1504	ack	r1	1790218645551	111	
1505	ack	r1	1790218645556	69	
1506	ack	r1	1790218645561	82	
1507	ack	r1	1790218645566	123	
1508	ack	r1	1790218645571	61	
1509	ack	r1	1790218645576	109	
1510	ack	r1	1790218645581	42	
1511	ack	r1	1790218645586	99	
1512	ack	r1	1790218645591	108	
1513	ack	r1	1790218645596	111	
1514	ack	r1	1790218645601	102	
1515	ack	r1	1790218645606	68	
1516	ack	r1	1790218645611	118	
1517	ack	r1	1790218645616	87	
1518	ack	r1	1790218645621	82	
1519	ack	r1	1790218645626	98	
1520	ack	r1	1790218645631	95	
1521	ack	r1	1790218645636	67	
1522	ack	r1	1790218645641	75	
1523	ack	r1	1790218645646	76	
1524	ack	r1	1790218645651	94	
1525	ack	r1	1790218645656	89	
1526	ack	r1	1790218645661	106	
1527	ack	r1	1790218645666	99	
1528	ack	r1	1790218645671	115	
1529	ack	r1	1790218645676	107	
1530	ack	r1	1790218645681	104	
1531	ack	r1	1790218645686	102	
1532	ack	r1	1790218645691	98	
1533	ack	r1	1790218645696	90	
1534	ack	r1	1790218645701	71	
1535	ack	r1	1790218645706	77	
1536	ack	r1	1790218645711	103	
1537	ack	r1	1790218645716	92	
1538	ack	r1	1790218645721	75	
1539	ack	r1	1790218645726	86	
1540	ack	r1	1790218645731	114	
1541	ack	r1	1790218645736	97	
1542	ack	r1	1790218645741	76	
1543	ack	r1	1790218645746	109	
1544	ack	r1	1790218645751	104	
1545	ack	r1	1790218645756	74	
1546	ack	r1	1790218645761	75	
1547	ack	r1	1790218645766	123	
1548	ack	r1	1790218645771	74	
1549	ack	r1	1790218645776	74	
1550	ack	r1	1790218645781	72	
1551	ack	r1	1790218645786	96	
1552	ack	r1	1790218645791	95	
1553	ack	r1	1790218645796	77	
1554	ack	r1	1790218645801	80	
1555	ack	r1	1790218645806	96	
1556	ack	r1	1790218645811	34	
1557	ack	r1	1790218645816	78	
1558	ack	r1	1790218645821	78	
1559	ack	r1	1790218645826	104	
1560	ack	r1	1790218645831	91	
1561	ack	r1	1790218645836	78	
1562	ack	r1	1790218645841	87	
1563	ack	r1	1790218645847	985	
1564	ack	r1	1790218645851	207	
1565	ack	r1	1790218645856	80	
1566	ack	r1	1790218645861	93	
1567	ack	r1	1790218645866	100	
1568	ack	r1	1790218645871	129	
1569	ack	r1	1790218645876	118	
1570	ack	r1	1790218645881	132	
1571	ack	r1	1790218645886	94	
1572	ack	r1	1790218645891	49	
1573	ack	r1	1790218645896	94	
1574	ack	r1	1790218645901	99	
1575	ack	r1	1790218645906	96	
1576	ack	r1	1790218645911	83	
1577	ack	r1	1790218645916	81	
1578	ack	r1	1790218645921	62	
1579	ack	r1	1790218645926	66	
1580	ack	r1	1790218645931	101	
1581	ack	r1	1790218645936	92	
1582	ack	r1	1790218645941	148	
1583	ack	r1	1790218645946	55	
1584	ack	r1	1790218645951	114	
1585	ack	r1	1790218645956	82	
1586	ack	r1	1790218645961	88	
1587	ack	r1	1790218645966	149	
1588	ack	r1	1790218645971	52	
1589	ack	r1	1790218645976	140	
1590	ack	r1	1790218645981	57	
1591	ack	r1	1790218645986	166	
1592	ack	r1	1790218645991	85	
1593	ack	r1	1790218645996	86	
1594	ack	r1	1790218646001	77	
1595	ack	r1	1790218646006	122	
1596	ack	r1	1790218646011	189	
1597	ack	r1	1790218646016	57	
1598	ack	r1	1790218646021	118	
1599	ack	r1	1790218646026	47	
1600	ack	r1	1790218646031	144	
1601	ack	r1	1790218646036	78	
1602	ack	r1	1790218646041	83	
1603	ack	r1	1790218646047	1067	
1604	ack	r1	1790218646051	28	
1605	ack	r1	1790218646056	105	
1606	ack	r1	1790218646061	114	
1607	ack	r1	1790218646066	108	
1608	ack	r1	1790218646071	86	
1609	ack	r1	1790218646076	84	
1610	ack	r1	1790218646081	73	
1611	ack	r1	1790218646086	62	
1612	ack	r1	1790218646091	74	
1613	ack	r1	1790218646096	93	
1614	ack	r1	1790218646101	61	
1615	ack	r1	1790218646106	60	
1616	ack	r1	1790218646111	41	
1617	ack	r1	1790218646116	76	
1618	ack	r1	1790218646121	80	
1619	ack	r1	1790218646126	113	
1620	ack	r1	1790218646131	90	
1621	ack	r1	1790218646136	77	
1622	ack	r1	1790218646141	90	
1623	ack	r1	1790218646146	94	
1624	ack	r1	1790218646151	59	
1625	ack	r1	1790218646156	105	
1626	ack	r1	1790218646161	90	
1627	ack	r1	1790218646166	73	
1628	ack	r1	1790218646171	89	
1629	ack	r1	1790218646176	69	
1630	ack	r1	1790218646181	82	
1631	ack	r1	1790218646186	72	
1632	ack	r1	1790218646191	78	
1633	ack	r1	1790218646196	46	
1634	ack	r1	1790218646201	77	
1635	ack	r1	1790218646206	74	
1636	ack	r1	1790218646211	100	
1637	ack	r1	1790218646216	72	
1638	ack	r1	1790218646221	104	
1639	ack	r1	1790218646226	70	
1640	ack	r1	1790218646231	99	
1641	ack	r1	1790218646236	72	
1642	ack	r1	1790218646241	48	
1643	ack	r1	1790218646248	890	
1644	ack	r1	1790218646251	90	
1645	ack	r1	1790218646256	68	
1646	ack	r1	1790218646261	96	
1647	ack	r1	1790218646266	96	
1648	ack	r1	1790218646271	73	
1649	ack	r1	1790218646276	68	
1650	ack	r1	1790218646281	72	
1651	ack	r1	1790218646286	72	
1652	ack	r1	1790218646291	103	
1653	ack	r1	1790218646296	71	
1654	ack	r1	1790218646301	70	
1655	ack	r1	1790218646306	95	
1656	ack	r1	1790218646311	76	
1657	ack	r1	1790218646316	70	
1658	ack	r1	1790218646321	61	
1659	ack	r1	1790218646326	70	
1660	ack	r1	1790218646331	93	
1661	ack	r1	1790218646336	75	
1662	ack	r1	1790218646341	100	
1663	ack	r1	1790218646346	89	
1664	ack	r1	1790218646351	63	
1665	ack	r1	1790218646356	113	
1666	ack	r1	1790218646361	75	
1667	ack	r1	1790218646366	74	
1668	ack	r1	1790218646371	101	
1669	ack	r1	1790218646376	97	
1670	ack	r1	1790218646381	74	
1671	ack	r1	1790218646386	78	
1672	ack	r1	1790218646391	95	
1673	ack	r1	1790218646396	92	
1674	ack	r1	1790218646401	97	
1675	ack	r1	1790218646406	94	
1676	ack	r1	1790218646411	65	
1677	ack	r1	1790218646416	74	
1678	ack	r1	1790218646421	90	
1679	ack	r1	1790218646426	87	
1680	ack	r1	1790218646431	68	
1681	ack	r1	1790218646436	93	
1682	ack	r1	1790218646441	97	
1683	ack	r1	1790218646450	890	
1684	ack	r1	1790218646451	119	
1685	ack	r1	1790218646456	121	
1686	ack	r1	1790218646461	97	
1687	ack	r1	1790218646466	107	
1688	ack	r1	1790218646471	76	
1689	ack	r1	1790218646476	69	
1690	ack	r1	1790218646481	73	
1691	ack	r1	1790218646486	70	
1692	ack	r1	1790218646491	76	
1693	ack	r1	1790218646496	86	
1694	ack	r1	1790218646501	73	
1695	ack	r1	1790218646506	98	
1696	ack	r1	1790218646511	79	
1697	ack	r1	1790218646516	98	
1698	ack	r1	1790218646521	68	
1699	ack	r1	1790218646526	89	
1700	ack	r1	1790218646531	74	
1701	ack	r1	1790218646536	68	
1702	ack	r1	1790218646541	95	
1703	ack	r1	1790218646546	72	
1704	ack	r1	1790218646551	76	
1705	ack	r1	1790218646556	70	
1706	ack	r1	1790218646561	73	
1707	ack	r1	1790218646566	83	
1708	ack	r1	1790218646571	82	
1709	ack	r1	1790218646576	72	
1710	ack	r1	1790218646581	96	
1711	ack	r1	1790218646586	92	
1712	ack	r1	1790218646591	90	
1713	ack	r1	1790218646596	90	
1714	ack	r1	1790218646601	70	
1715	ack	r1	1790218646606	69	
1716	ack	r1	1790218646611	95	
1717	ack	r1	1790218646616	76	
1718	ack	r1	1790218646621	88	
1719	ack	r1	1790218646626	66	
1720	ack	r1	1790218646631	72	
1721	ack	r1	1790218646636	96	
1722	ack	r1	1790218646641	90	
1723	ack	r1	1790218646647	940	
1724	ack	r1	1790218646651	95	
1725	ack	r1	1790218646656	69	
1726	ack	r1	1790218646661	101	
1727	ack	r1	1790218646666	86	
1728	ack	r1	1790218646671	82	
1729	ack	r1	1790218646676	76	
1730	ack	r1	1790218646681	96	
1731	ack	r1	1790218646686	75	
1732	ack	r1	1790218646691	99	
1733	ack	r1	1790218646696	77	
1734	ack	r1	1790218646701	96	
1735	ack	r1	1790218646706	95	
1736	ack	r1	1790218646711	136	
1737	ack	r1	1790218646716	95	
1738	ack	r1	1790218646721	95	
1739	ack	r1	1790218646726	64	
1740	ack	r1	1790218646731	68	
1741	ack	r1	1790218646736	85	
1742	ack	r1	1790218646741	65	
1743	ack	r1	1790218646746	77	
1744	ack	r1	1790218646751	74	
1745	ack	r1	1790218646756	87	
1746	ack	r1	1790218646761	91	
1747	ack	r1	1790218646766	69	
1748	ack	r1	1790218646771	90	
1749	ack	r1	1790218646776	190	
1750	ack	r1	1790218646781	84	
1751	ack	r1	1790218646786	93	
1752	ack	r1	1790218646792	106	
1753	ack	r1	1790218646797	96	
1754	ack	r1	1790218646802	68	
1755	ack	r1	1790218646807	136	
1756	ack	r1	1790218646812	102	
1757	ack	r1	1790218646817	108	
1758	ack	r1	1790218646822	69	
1759	ack	r1	1790218646827	68	
1760	ack	r1	1790218646832	98	
1761	ack	r1	1790218646837	90	
1762	ack	r1	1790218646842	77	
1763	ack	r1	1790218646848	942	
1764	ack	r1	1790218646852	90	
1765	ack	r1	1790218646857	73	
1766	ack	r1	1790218646862	78	
1767	ack	r1	1790218646867	69	
1768	ack	r1	1790218646872	102	
1769	ack	r1	1790218646877	127	
1770	ack	r1	1790218646882	101	
1771	ack	r1	1790218646887	98	
1772	ack	r1	1790218646892	101	
1773	ack	r1	1790218646897	73	
1774	ack	r1	1790218646902	85	
1775	ack	r1	1790218646907	86	
1776	ack	r1	1790218646912	92	
1777	ack	r1	1790218646917	95	
1778	ack	r1	1790218646922	72	
1779	ack	r1	1790218646927	90	
1780	ack	r1	1790218646932	90	
1781	ack	r1	1790218646937	71	
1782	ack	r1	1790218646942	99	
1783	ack	r1	1790218646947	89	
1784	ack	r1	1790218646952	89	
1785	ack	r1	1790218646957	74	
1786	ack	r1	1790218646962	93	
1787	ack	r1	1790218646967	63	
1788	ack	r1	1790218646972	96	
1789	ack	r1	1790218646977	102	
1790	ack	r1	1790218646982	43	
1791	ack	r1	1790218646987	88	
1792	ack	r1	1790218646992	95	
1793	ack	r1	1790218646997	91	
1794	ack	r1	1790218647002	75	
1795	ack	r1	1790218647007	95	
1796	ack	r1	1790218647012	39	
1797	ack	r1	1790218647017	79	
1798	ack	r1	1790218647022	86	
1799	ack	r1	1790218647027	117	
1800	ack	r1	1790218647032	77	
1801	ack	r1	1790218647037	149	
1802	ack	r1	1790218647042	50	
1803	ack	r1	1790218647048	811	
1804	ack	r1	1790218647052	63	
1805	ack	r1	1790218647057	53	
1806	ack	r1	1790218647062	83	
1807	ack	r1	1790218647067	102	
1808	ack	r1	1790218647072	99	
1809	ack	r1	1790218647077	76	
1810	ack	r1	1790218647082	73	
1811	ack	r1	1790218647087	71	
1812	ack	r1	1790218647092	65	
1813	ack	r1	1790218647097	74	
1814	ack	r1	1790218647102	89	
1815	ack	r1	1790218647107	71	
1816	ack	r1	1790218647112	69	
1817	ack	r1	1790218647117	90	
1818	ack	r1	1790218647122	86	
1819	ack	r1	1790218647127	99	
1820	ack	r1	1790218647132	83	
1821	ack	r1	1790218647137	61	
1822	ack	r1	1790218647142	71	
1823	ack	r1	1790218647147	87	
1824	ack	r1	1790218647152	113	
1825	ack	r1	1790218647157	84	
1826	ack	r1	1790218647162	90	
1827	ack	r1	1790218647167	98	
1828	ack	r1	1790218647172	85	
1829	ack	r1	1790218647177	72	
1830	ack	r1	1790218647182	101	
1831	ack	r1	1790218647187	73	
1832	ack	r1	1790218647192	82	
1833	ack	r1	1790218647197	81	
1834	ack	r1	1790218647202	83	
1835	ack	r1	1790218647207	86	
1836	ack	r1	1790218647212	33	
1837	ack	r1	1790218647217	98	
1838	ack	r1	1790218647222	70	
1839	ack	r1	1790218647227	33	
1840	ack	r1	1790218647232	73	
1841	ack	r1	1790218647237	72	
1842	ack	r1	1790218647242	48	
1843	ack	r1	1790218647248	859	
1844	ack	r1	1790218647252	69	
1845	ack	r1	1790218647257	74	
1846	ack	r1	1790218647262	80	
1847	ack	r1	1790218647267	72	
1848	ack	r1	1790218647272	94	
1849	ack	r1	1790218647277	69	
1850	ack	r1	1790218647282	74	
1851	ack	r1	1790218647287	74	
1852	ack	r1	1790218647292	75	
1853	ack	r1	1790218647297	68	
1854	ack	r1	1790218647302	65	
1855	ack	r1	1790218647307	95	
1856	ack	r1	1790218647312	95	
1857	ack	r1	1790218647317	74	
1858	ack	r1	1790218647322	83	
1859	ack	r1	1790218647327	76	
1860	ack	r1	1790218647332	77	
1861	ack	r1	1790218647337	87	
1862	ack	r1	1790218647342	76	
1863	ack	r1	1790218647347	72	
1864	ack	r1	1790218647352	75	
1865	ack	r1	1790218647357	101	
1866	ack	r1	1790218647362	57	
1867	ack	r1	1790218647367	75	
1868	ack	r1	1790218647372	114	
1869	ack	r1	1790218647377	75	
1870	ack	r1	1790218647382	90	
1871	ack	r1	1790218647387	95	
1872	ack	r1	1790218647392	92	
1873	ack	r1	1790218647397	99	
1874	ack	r1	1790218647402	83	
1875	ack	r1	1790218647407	69	
1876	ack	r1	1790218647412	69	
1877	ack	r1	1790218647417	119	
1878	ack	r1	1790218647422	95	
1879	ack	r1	1790218647427	74	
1880	ack	r1	1790218647432	70	
1881	ack	r1	1790218647437	73	
1882	ack	r1	1790218647442	69	
1883	ack	r1	1790218647447	196	
1884	ack	r1	1790218647452	90	
1885	ack	r1	1790218647457	95	
1886	ack	r1	1790218647462	71	
1887	ack	r1	1790218647467	83	
1888	ack	r1	1790218647472	96	
1889	ack	r1	1790218647477	105	
1890	ack	r1	1790218647482	73	
1891	ack	r1	1790218647487	86	
1892	ack	r1	1790218647492	70	
1893	ack	r1	1790218647497	70	
1894	ack	r1	1790218647502	72	
1895	ack	r1	1790218647507	85	
1896	ack	r1	1790218647512	91	
1897	ack	r1	1790218647517	88	
1898	ack	r1	1790218647522	79	
1899	ack	r1	1790218647527	87	
1900	ack	r1	1790218647532	94	
1901	ack	r1	1790218647537	88	
1902	ack	r1	1790218647542	68	
1903	ack	r1	1790218647547	90	
1904	ack	r1	1790218647552	73	
1905	ack	r1	1790218647557	70	
1906	ack	r1	1790218647562	70	
1907	ack	r1	1790218647567	92	
1908	ack	r1	1790218647572	63	
1909	ack	r1	1790218647577	33	
1910	ack	r1	1790218647582	78	
1911	ack	r1	1790218647587	72	
1912	ack	r1	1790218647592	72	
1913	ack	r1	1790218647597	63	
1914	ack	r1	1790218647602	70	
1915	ack	r1	1790218647607	95	
1916	ack	r1	1790218647612	76	
1917	ack	r1	1790218647617	88	
1918	ack	r1	1790218647622	73	
1919	ack	r1	1790218647627	92	
1920	ack	r1	1790218647632	73	
1921	ack	r1	1790218647637	100	
1922	ack	r1	1790218647642	89	
1923	ack	r1	1790218647647	178	
1924	ack	r1	1790218647652	98	
1925	ack	r1	1790218647657	74	
1926	ack	r1	1790218647662	75	
1927	ack	r1	1790218647667	34	
1928	ack	r1	1790218647672	88	
1929	ack	r1	1790218647677	72	
1930	ack	r1	1790218647682	86	
1931	ack	r1	1790218647687	73	
1932	ack	r1	1790218647692	93	
1933	ack	r1	1790218647697	94	
1934	ack	r1	1790218647702	91	
1935	ack	r1	1790218647707	74	
1936	ack	r1	1790218647712	94	
1937	ack	r1	1790218647717	91	
1938	ack	r1	1790218647722	75	
1939	ack	r1	1790218647727	71	
1940	ack	r1	1790218647732	91	
1941	ack	r1	1790218647737	92	
1942	ack	r1	1790218647742	74	
1943	ack	r1	1790218647747	77	
1944	ack	r1	1790218647752	73	
1945	ack	r1	1790218647757	95	
1946	ack	r1	1790218647762	68	
1947	ack	r1	1790218647767	76	
1948	ack	r1	1790218647772	68	
1949	ack	r1	1790218647777	72	
1950	ack	r1	1790218647782	70	
1951	ack	r1	1790218647787	72	
1952	ack	r1	1790218647792	76	
1953	ack	r1	1790218647797	72	
1954	ack	r1	1790218647802	97	
1955	ack	r1	1790218647807	70	
1956	ack	r1	1790218647812	92	
1957	ack	r1	1790218647817	95	
1958	ack	r1	1790218647822	73	
1959	ack	r1	1790218647827	76	
1960	ack	r1	1790218647832	90	
1961	ack	r1	1790218647837	78	
1962	ack	r1	1790218647842	90	
1963	ack	r1	1790218647847	117	
1964	ack	r1	1790218647852	82	
1965	ack	r1	1790218647857	96	
1966	ack	r1	1790218647862	87	
1967	ack	r1	1790218647867	91	
1968	ack	r1	1790218647872	50	
1969	ack	r1	1790218647877	96	
1970	ack	r1	1790218647882	105	
1971	ack	r1	1790218647887	87	
1972	ack	r1	1790218647892	70	
1973	ack	r1	1790218647897	111	
1974	ack	r1	1790218647902	61	
1975	ack	r1	1790218647907	32	
1976	ack	r1	1790218647912	95	
1977	ack	r1	1790218647917	78	
1978	ack	r1	1790218647922	95	
1979	ack	r1	1790218647927	94	
1980	ack	r1	1790218647932	98	
1981	ack	r1	1790218647937	66	
1982	ack	r1	1790218647942	77	
1983	ack	r1	1790218647947	68	
1984	ack	r1	1790218647952	74	
1985	ack	r1	1790218647957	97	
1986	ack	r1	1790218647962	97	
1987	ack	r1	1790218647967	126	
1988	ack	r1	1790218647972	78	
1989	ack	r1	1790218647977	73	
1990	ack	r1	1790218647982	67	
1991	ack	r1	1790218647987	85	
1992	ack	r1	1790218647992	47	
1993	ack	r1	1790218647997	84	
1994	ack	r1	1790218648002	96	
1995	ack	r1	1790218648007	69	
1996	ack	r1	1790218648012	95	
1997	ack	r1	1790218648017	68	
1998	ack	r1	1790218648022	96	
1999	ack	r1	1790218648027	74	
2000	ack	r1	1790218648032	87	
2001	ack	r1	1790218648037	70	
2002	ack	r1	1790218648042	93	
2003	ack	r1	1790218648047	127	
2004	ack	r1	1790218648052	116	
2005	ack	r1	1790218648057	52	
2006	ack	r1	1790218648062	97	
2007	ack	r1	1790218648067	38	
2008	ack	r1	1790218648072	101	
2009	ack	r1	1790218648077	81	
2010	ack	r1	1790218648082	95	
2011	ack	r1	1790218648087	89	
2012	ack	r1	1790218648092	88	
2013	ack	r1	1790218648097	64	
2014	ack	r1	1790218648102	72	
2015	ack	r1	1790218648107	70	
2016	ack	r1	1790218648112	98	
2017	ack	r1	1790218648117	94	
2018	ack	r1	1790218648122	141	
2019	ack	r1	1790218648127	70	
2020	ack	r1	1790218648132	69	
2021	ack	r1	1790218648137	73	
2022	ack	r1	1790218648142	73	
2023	ack	r1	1790218648147	97	
2024	ack	r1	1790218648152	65	
2025	ack	r1	1790218648157	102	
2026	ack	r1	1790218648162	81	
2027	ack	r1	1790218648167	83	
2028	ack	r1	1790218648172	78	
2029	ack	r1	1790218648177	101	
2030	ack	r1	1790218648182	77	
2031	ack	r1	1790218648187	62	
2032	ack	r1	1790218648192	82	
2033	ack	r1	1790218648197	123	
2034	ack	r1	1790218648202	61	
2035	ack	r1	1790218648209	1633	
2036	ack	r1	1790218648212	82	
2037	ack	r1	1790218648217	81	
2038	ack	r1	1790218648222	19	
2039	ack	r1	1790218648227	62	
2040	ack	r1	1790218648232	93	
2041	ack	r1	1790218648237	85	
2042	ack	r1	1790218648242	93	
2043	ack	r1	1790218648248	905	
2044	ack	r1	1790218648252	56	
2045	ack	r1	1790218648257	67	
2046	ack	r1	1790218648262	138	
2047	ack	r1	1790218648267	98	
2048	ack	r1	1790218648272	90	
2049	ack	r1	1790218648277	104	
2050	ack	r1	1790218648282	71	
2051	ack	r1	1790218648287	82	
2052	ack	r1	1790218648292	108	
2053	ack	r1	1790218648297	99	
2054	ack	r1	1790218648302	100	
2055	ack	r1	1790218648307	102	
2056	ack	r1	1790218648312	78	
2057	ack	r1	1790218648317	103	
2058	ack	r1	1790218648322	99	
2059	ack	r1	1790218648327	90	
2060	ack	r1	1790218648332	99	
2061	ack	r1	1790218648337	91	
2062	ack	r1	1790218648342	92	
2063	ack	r1	1790218648347	92	
2064	ack	r1	1790218648352	100	
2065	ack	r1	1790218648357	88	
2066	ack	r1	1790218648362	95	
2067	ack	r1	1790218648367	82	
2068	ack	r1	1790218648372	75	
2069	ack	r1	1790218648377	92	
2070	ack	r1	1790218648382	75	
2071	ack	r1	1790218648387	90	
2072	ack	r1	1790218648392	96	
2073	ack	r1	1790218648397	86	
2074	ack	r1	1790218648402	46	
2075	ack	r1	1790218648407	90	
2076	ack	r1	1790218648412	114	
2077	ack	r1	1790218648417	96	
2078	ack	r1	1790218648422	95	
2079	ack	r1	1790218648427	67	
2080	ack	r1	1790218648432	71	
2081	ack	r1	1790218648437	72	
2082	ack	r1	1790218648442	42	
2083	ack	r1	1790218648447	158	
2084	ack	r1	1790218648452	95	
2085	ack	r1	1790218648457	96	
2086	ack	r1	1790218648462	171	
2087	ack	r1	1790218648467	55	
2088	ack	r1	1790218648472	90	
2089	ack	r1	1790218648477	77	
2090	ack	r1	1790218648482	72	
2091	ack	r1	1790218648487	96	
2092	ack	r1	1790218648492	37	
2093	ack	r1	1790218648497	74	
2094	ack	r1	1790218648502	101	
2095	ack	r1	1790218648507	78	
2096	ack	r1	1790218648512	95	
2097	ack	r1	1790218648517	87	
2098	ack	r1	1790218648522	71	
2099	ack	r1	1790218648527	73	
2100	ack	r1	1790218648532	71	
2101	ack	r1	1790218648537	89	
2102	ack	r1	1790218648542	95	
2103	ack	r1	1790218648547	101	
2104	ack	r1	1790218648552	95	
2105	ack	r1	1790218648557	94	
2106	ack	r1	1790218648562	72	
2107	ack	r1	1790218648567	115	
2108	ack	r1	1790218648572	66	
2109	ack	r1	1790218648577	66	
2110	ack	r1	1790218648582	72	
2111	ack	r1	1790218648587	93	
2112	ack	r1	1790218648592	94	
2113	ack	r1	1790218648597	89	
2114	ack	r1	1790218648602	70	
2115	ack	r1	1790218648607	74	
2116	ack	r1	1790218648612	99	
2117	ack	r1	1790218648617	93	
2118	ack	r1	1790218648622	73	
2119	ack	r1	1790218648627	116	
2120	ack	r1	1790218648632	74	
2121	ack	r1	1790218648637	86	
2122	ack	r1	1790218648642	68	
2123	ack	r1	1790218648649	875	
2124	ack	r1	1790218648652	95	
2125	ack	r1	1790218648657	77	
2126	ack	r1	1790218648662	95	
2127	ack	r1	1790218648667	94	
2128	ack	r1	1790218648672	99	
2129	ack	r1	1790218648677	89	
2130	ack	r1	1790218648682	75	
2131	ack	r1	1790218648687	88	
2132	ack	r1	1790218648692	71	
2133	ack	r1	1790218648697	96	
2134	ack	r1	1790218648702	67	
2135	ack	r1	1790218648707	98	
2136	ack	r1	1790218648712	88	
2137	ack	r1	1790218648717	92	
2138	ack	r1	1790218648722	74	
2139	ack	r1	1790218648727	90	
2140	ack	r1	1790218648732	72	
2141	ack	r1	1790218648737	69	
2142	ack	r1	1790218648742	90	
2143	ack	r1	1790218648747	94	
2144	ack	r1	1790218648752	74	
2145	ack	r1	1790218648757	88	
2146	ack	r1	1790218648762	84	
2147	ack	r1	1790218648767	235	
2148	ack	r1	1790218648772	97	
2149	ack	r1	1790218648777	74	
2150	ack	r1	1790218648782	73	
2151	ack	r1	1790218648787	88	
2152	ack	r1	1790218648792	71	
2153	ack	r1	1790218648797	90	
2154	ack	r1	1790218648802	64	
2155	ack	r1	1790218648807	95	
2156	ack	r1	1790218648812	67	
2157	ack	r1	1790218648817	100	
2158	ack	r1	1790218648822	96	
2159	ack	r1	1790218648827	67	
2160	ack	r1	1790218648832	71	
2161	ack	r1	1790218648837	67	
2162	ack	r1	1790218648842	94	
2163	ack	r1	1790218648848	877	
2164	ack	r1	1790218648852	92	
2165	ack	r1	1790218648857	83	
2166	ack	r1	1790218648862	70	
2167	ack	r1	1790218648867	83	
2168	ack	r1	1790218648872	73	
2169	ack	r1	1790218648877	90	
2170	ack	r1	1790218648882	73	
2171	ack	r1	1790218648887	65	
2172	ack	r1	1790218648892	98	
2173	ack	r1	1790218648897	80	
2174	ack	r1	1790218648902	89	
2175	ack	r1	1790218648907	60	
2176	ack	r1	1790218648912	114	
2177	ack	r1	1790218648917	100	
2178	ack	r1	1790218648922	98	
2179	ack	r1	1790218648927	90	
2180	ack	r1	1790218648932	78	
2181	ack	r1	1790218648937	84	
2182	ack	r1	1790218648942	75	
2183	ack	r1	1790218648947	129	
2184	ack	r1	1790218648952	79	
2185	ack	r1	1790218648957	96	
2186	ack	r1	1790218648962	98	
2187	ack	r1	1790218648967	94	
2188	ack	r1	1790218648972	73	
2189	ack	r1	1790218648977	90	
2190	ack	r1	1790218648982	72	
2191	ack	r1	1790218648987	69	
2192	ack	r1	1790218648992	94	
2193	ack	r1	1790218648997	88	
2194	ack	r1	1790218649002	89	
2195	ack	r1	1790218649007	98	
2196	ack	r1	1790218649012	96	
2197	ack	r1	1790218649017	72	
2198	ack	r1	1790218649022	93	
2199	ack	r1	1790218649027	75	
2200	ack	r1	1790218649032	90	
2201	ack	r1	1790218649037	73	
2202	ack	r1	1790218649042	95	
2203	ack	r1	1790218649048	71	
2204	ack	r1	1790218649052	104	
2205	ack	r1	1790218649057	69	
2206	ack	r1	1790218649062	78	
2207	ack	r1	1790218649067	86	
2208	ack	r1	1790218649072	107	
2209	ack	r1	1790218649077	85	
2210	ack	r1	1790218649082	109	
2211	ack	r1	1790218649087	75	
2212	ack	r1	1790218649092	82	
2213	ack	r1	1790218649097	75	
2214	ack	r1	1790218649102	77	
2215	ack	r1	1790218649107	72	
2216	ack	r1	1790218649112	79	
2217	ack	r1	1790218649117	71	
2218	ack	r1	1790218649122	74	
2219	ack	r1	1790218649127	83	
2220	ack	r1	1790218649132	75	
2221	ack	r1	1790218649137	75	
2222	ack	r1	1790218649142	71	
2223	ack	r1	1790218649147	73	
2224	ack	r1	1790218649152	89	
2225	ack	r1	1790218649157	72	
2226	ack	r1	1790218649162	95	
2227	ack	r1	1790218649167	136	
2228	ack	r1	1790218649172	71	
2229	ack	r1	1790218649177	77	
2230	ack	r1	1790218649182	72	
2231	ack	r1	1790218649187	73	
2232	ack	r1	1790218649192	72	
2233	ack	r1	1790218649197	75	
2234	ack	r1	1790218649202	72	
2235	ack	r1	1790218649207	95	
2236	ack	r1	1790218649212	88	
2237	ack	r1	1790218649217	124	
2238	ack	r1	1790218649222	50	
2239	ack	r1	1790218649227	98	
2240	ack	r1	1790218649232	98	
2241	ack	r1	1790218649237	75	
2242	ack	r1	1790218649242	76	
2243	ack	r1	1790218649247	71	
2244	ack	r1	1790218649252	77	
2245	ack	r1	1790218649257	99	
2246	ack	r1	1790218649262	76	
2247	ack	r1	1790218649267	85	
2248	ack	r1	1790218649272	75	
2249	ack	r1	1790218649277	75	
2250	ack	r1	1790218649282	72	
2251	ack	r1	1790218649287	68	
2252	ack	r1	1790218649292	75	
2253	ack	r1	1790218649297	96	
2254	ack	r1	1790218649302	72	
2255	ack	r1	1790218649307	76	
2256	ack	r1	1790218649312	98	
2257	ack	r1	1790218649317	93	
2258	ack	r1	1790218649322	75	
2259	ack	r1	1790218649327	85	
2260	ack	r1	1790218649332	77	
2261	ack	r1	1790218649337	69	
2262	ack	r1	1790218649342	68	
2263	ack	r1	1790218649347	71	
2264	ack	r1	1790218649352	91	
2265	ack	r1	1790218649357	77	
2266	ack	r1	1790218649362	72	
2267	ack	r1	1790218649367	74	
2268	ack	r1	1790218649372	77	
2269	ack	r1	1790218649377	71	
2270	ack	r1	1790218649382	99	
2271	ack	r1	1790218649387	70	
2272	ack	r1	1790218649392	95	
2273	ack	r1	1790218649397	94	
2274	ack	r1	1790218649402	71	
2275	ack	r1	1790218649407	74	
2276	ack	r1	1790218649412	39	
2277	ack	r1	1790218649417	91	
2278	ack	r1	1790218649422	80	
2279	ack	r1	1790218649427	74	
2280	ack	r1	1790218649432	119	
2281	ack	r1	1790218649437	71	
2282	ack	r1	1790218649442	68	
2283	ack	r1	1790218649448	888	
2284	ack	r1	1790218649452	107	
2285	ack	r1	1790218649457	101	
2286	ack	r1	1790218649462	37	
2287	ack	r1	1790218649467	90	
2288	ack	r1	1790218649472	68	
2289	ack	r1	1790218649477	87	
2290	ack	r1	1790218649482	100	
2291	ack	r1	1790218649487	87	
2292	ack	r1	1790218649492	71	
2293	ack	r1	1790218649497	96	
2294	ack	r1	1790218649502	73	
2295	ack	r1	1790218649507	79	
2296	ack	r1	1790218649512	77	
2297	ack	r1	1790218649517	23	
2298	ack	r1	1790218649522	79	
2299	ack	r1	1790218649527	76	
2300	ack	r1	1790218649532	73	
2301	ack	r1	1790218649537	69	
2302	ack	r1	1790218649542	92	
2303	ack	r1	1790218649547	74	
2304	ack	r1	1790218649552	76	
2305	ack	r1	1790218649557	90	
2306	ack	r1	1790218649562	94	
2307	ack	r1	1790218649567	65	
2308	ack	r1	1790218649572	77	
2309	ack	r1	1790218649577	95	
2310	ack	r1	1790218649582	94	
2311	ack	r1	1790218649587	76	
2312	ack	r1	1790218649592	70	
2313	ack	r1	1790218649597	82	
2314	ack	r1	1790218649602	65	
2315	ack	r1	1790218649607	83	
2316	ack	r1	1790218649612	73	
2317	ack	r1	1790218649617	88	
2318	ack	r1	1790218649622	85	
2319	ack	r1	1790218649627	73	
2320	ack	r1	1790218649632	96	
2321	ack	r1	1790218649637	79	
2322	ack	r1	1790218649642	71	
2323	ack	r1	1790218649648	949	
2324	ack	r1	1790218649652	96	
2325	ack	r1	1790218649657	70	
2326	ack	r1	1790218649662	71	
2327	ack	r1	1790218649667	76	
2328	ack	r1	1790218649672	76	
2329	ack	r1	1790218649677	77	
2330	ack	r1	1790218649682	96	
2331	ack	r1	1790218649687	70	
2332	ack	r1	1790218649692	71	
2333	ack	r1	1790218649697	95	
2334	ack	r1	1790218649702	72	
2335	ack	r1	1790218649707	73	
2336	ack	r1	1790218649712	67	
2337	ack	r1	1790218649717	94	
2338	ack	r1	1790218649722	70	
2339	ack	r1	1790218649727	67	
2340	ack	r1	1790218649732	74	
2341	ack	r1	1790218649737	68	
2342	ack	r1	1790218649742	89	
2343	ack	r1	1790218649747	102	
2344	ack	r1	1790218649752	67	
2345	ack	r1	1790218649757	23	
2346	ack	r1	1790218649762	74	
2347	ack	r1	1790218649767	71	
2348	ack	r1	1790218649772	72	
2349	ack	r1	1790218649777	39	
2350	ack	r1	1790218649782	74	
2351	ack	r1	1790218649787	92	
2352	ack	r1	1790218649792	70	
2353	ack	r1	1790218649797	93	
2354	ack	r1	1790218649802	68	
2355	ack	r1	1790218649807	91	
2356	ack	r1	1790218649812	74	
2357	ack	r1	1790218649817	97	
2358	ack	r1	1790218649822	72	
2359	ack	r1	1790218649827	69	
2360	ack	r1	1790218649832	84	
2361	ack	r1	1790218649837	63	
2362	ack	r1	1790218649842	72	
2363	ack	r1	1790218649847	230	
2364	ack	r1	1790218649852	94	
2365	ack	r1	1790218649857	93	
2366	ack	r1	1790218649862	96	
2367	ack	r1	1790218649867	68	
2368	ack	r1	1790218649872	100	
2369	ack	r1	1790218649877	71	
2370	ack	r1	1790218649882	70	
2371	ack	r1	1790218649887	69	
2372	ack	r1	1790218649892	84	
2373	ack	r1	1790218649897	58	
2374	ack	r1	1790218649902	92	
2375	ack	r1	1790218649907	99	
2376	ack	r1	1790218649912	99	
2377	ack	r1	1790218649917	73	
2378	ack	r1	1790218649922	142	
2379	ack	r1	1790218649927	36	
2380	ack	r1	1790218649932	89	
2381	ack	r1	1790218649937	92	
2382	ack	r1	1790218649942	72	
2383	ack	r1	1790218649947	99	
2384	ack	r1	1790218649952	91	
2385	ack	r1	1790218649957	97	
2386	ack	r1	1790218649962	100	
2387	ack	r1	1790218649967	93	
2388	ack	r1	1790218649972	98	
2389	ack	r1	1790218649977	67	
2390	ack	r1	1790218649982	92	
2391	ack	r1	1790218649987	74	
2392	ack	r1	1790218649992	195	
2393	ack	r1	1790218649997	81	
2394	ack	r1	1790218650002	91	
2395	ack	r1	1790218650007	85	
2396	ack	r1	1790218650012	80	
2397	ack	r1	1790218650017	73	
2398	ack	r1	1790218650022	94	
2399	ack	r1	1790218650027	78	
2400	ack	r1	1790218650032	96	
2401	ack	r1	1790218650037	93	
2402	ack	r1	1790218650042	85	
2403	ack	r1	1790218650048	925	
2404	ack	r1	1790218650052	86	
2405	ack	r1	1790218650057	79	
2406	ack	r1	1790218650062	133	
2407	ack	r1	1790218650067	103	
2408	ack	r1	1790218650072	225	
2409	ack	r1	1790218650077	102	
2410	ack	r1	1790218650082	60	
2411	ack	r1	1790218650087	113	
2412	ack	r1	1790218650092	95	
2413	ack	r1	1790218650097	48	
2414	ack	r1	1790218650102	99	
2415	ack	r1	1790218650107	104	
2416	ack	r1	1790218650112	166	
2417	ack	r1	1790218650117	115	
2418	ack	r1	1790218650122	69	
2419	ack	r1	1790218650127	99	
2420	ack	r1	1790218650132	54	
2421	ack	r1	1790218650137	322	
2422	ack	r1	1790218650142	102	
2423	ack	r1	1790218650147	114	
2424	ack	r1	1790218650152	149	
2425	ack	r1	1790218650157	164	
2426	ack	r1	1790218650162	130	
2427	ack	r1	1790218650167	187	
2428	ack	r1	1790218650172	123	
2429	ack	r1	1790218650177	313	
2430	ack	r1	1790218650182	189	
2431	ack	r1	1790218650187	86	
2432	ack	r1	1790218650192	101	
2433	ack	r1	1790218650197	137	
2434	ack	r1	1790218650202	111	
2435	ack	r1	1790218650207	71	
2436	ack	r1	1790218650212	160	
2437	ack	r1	1790218650217	327	
2438	ack	r1	1790218650222	118	
2439	ack	r1	1790218650227	155	
2440	ack	r1	1790218650232	157	
2441	ack	r1	1790218650237	206	
2442	ack	r1	1790218650242	95	
2443	ack	r1	1790218650248	385	
2444	ack	r1	1790218650252	158	
2445	ack	r1	1790218650257	183	
2446	ack	r1	1790218650262	103	
2447	ack	r1	1790218650267	122	
2448	ack	r1	1790218650272	290	
2449	ack	r1	1790218650277	96	
2450	ack	r1	1790218650282	150	
2451	ack	r1	1790218650288	591	
2452	ack	r1	1790218650292	347	
2453	ack	r1	1790218650297	175	
2454	ack	r1	1790218650302	134	
2455	ack	r1	1790218650307	127	
2456	ack	r1	1790218650312	106	
2457	ack	r1	1790218650317	109	
2458	ack	r1	1790218650322	39	
2459	ack	r1	1790218650327	108	
2460	ack	r1	1790218650332	55	
2461	ack	r1	1790218650337	57	
2462	ack	r1	1790218650342	100	
2463	ack	r1	1790218650347	122	
2464	ack	r1	1790218650352	99	
2465	ack	r1	1790218650357	67	
2466	ack	r1	1790218650362	127	
2467	ack	r1	1790218650367	111	
2468	ack	r1	1790218650372	117	
2469	ack	r1	1790218650377	106	
2470	ack	r1	1790218650382	97	
2471	ack	r1	1790218650387	98	
2472	ack	r1	1790218650392	111	
2473	ack	r1	1790218650397	112	
2474	ack	r1	1790218650402	51	
2475	ack	r1	1790218650407	33	
2476	ack	r1	1790218650412	53	
2477	ack	r1	1790218650417	119	
2478	ack	r1	1790218650422	116	
2479	ack	r1	1790218650427	114	
2480	ack	r1	1790218650432	106	
2481	ack	r1	1790218650437	106	
2482	ack	r1	1790218650442	105	
2483	ack	r1	1790218650450	88	
2484	ack	r1	1790218650452	134	
2485	ack	r1	1790218650457	56	
2486	ack	r1	1790218650462	100	
2487	ack	r1	1790218650467	108	
2488	ack	r1	1790218650472	92	
2489	ack	r1	1790218650477	107	
2490	ack	r1	1790218650482	116	
2491	ack	r1	1790218650487	91	
2492	ack	r1	1790218650492	63	
2493	ack	r1	1790218650497	71	
2494	ack	r1	1790218650502	114	
2495	ack	r1	1790218650507	37	
2496	ack	r1	1790218650512	90	
2497	ack	r1	1790218650517	99	
2498	ack	r1	1790218650522	45	
2499	ack	r1	1790218650527	75	
2500	ack	r1	1790218650532	40	
2501	ack	r1	1790218650537	95	
2502	ack	r1	1790218650542	104	
2503	ack	r1	1790218650547	108	
2504	ack	r1	1790218650552	91	
2505	ack	r1	1790218650557	73	
2506	ack	r1	1790218650562	89	
2507	ack	r1	1790218650567	82	
2508	ack	r1	1790218650572	95	
2509	ack	r1	1790218650577	115	
2510	ack	r1	1790218650582	67	
2511	ack	r1	1790218650587	91	
2512	ack	r1	1790218650592	157	
2513	ack	r1	1790218650597	58	
2514	ack	r1	1790218650602	80	
2515	ack	r1	1790218650607	80	
2516	ack	r1	1790218650612	105	
2517	ack	r1	1790218650617	83	
2518	ack	r1	1790218650622	81	
2519	ack	r1	1790218650627	99	
2520	ack	r1	1790218650632	94	
2521	ack	r1	1790218650637	89	
2522	ack	r1	1790218650642	93	
2523	ack	r1	1790218650647	190	
2524	ack	r1	1790218650652	86	
2525	ack	r1	1790218650657	108	
2526	ack	r1	1790218650662	147	
2527	ack	r1	1790218650667	115	
2528	ack	r1	1790218650672	95	
2529	ack	r1	1790218650677	102	
2530	ack	r1	1790218650682	80	
2531	ack	r1	1790218650687	80	
2532	ack	r1	1790218650692	95	
2533	ack	r1	1790218650697	90	
2534	ack	r1	1790218650702	95	
2535	ack	r1	1790218650707	86	
2536	ack	r1	1790218650712	31	
2537	ack	r1	1790218650717	92	
2538	ack	r1	1790218650722	100	
2539	ack	r1	1790218650727	92	
2540	ack	r1	1790218650732	96	
2541	ack	r1	1790218650737	182	
2542	ack	r1	1790218650742	113	
2543	ack	r1	1790218650747	35	
2544	ack	r1	1790218650752	176	
2545	ack	r1	1790218650757	66	
2546	ack	r1	1790218650762	126	
2547	ack	r1	1790218650767	210	
2548	ack	r1	1790218650772	169	
2549	ack	r1	1790218650777	61	
2550	ack	r1	1790218650782	96	
2551	ack	r1	1790218650787	116	
2552	ack	r1	1790218650792	95	
2553	ack	r1	1790218650797	92	
2554	ack	r1	1790218650802	55	
2555	ack	r1	1790218650807	103	
2556	ack	r1	1790218650812	128	
2557	ack	r1	1790218650817	44	
2558	ack	r1	1790218650822	117	
2559	ack	r1	1790218650827	113	
2560	ack	r1	1790218650832	44	
2561	ack	r1	1790218650837	90	
2562	ack	r1	1790218650842	144	
2563	ack	r1	1790218650847	221	
2564	ack	r1	1790218650852	97	
2565	ack	r1	1790218650857	58	
2566	ack	r1	1790218650862	123	
2567	ack	r1	1790218650867	171	
2568	ack	r1	1790218650872	94	
2569	ack	r1	1790218650877	96	
2570	ack	r1	1790218650882	39	
2571	ack	r1	1790218650887	109	
2572	ack	r1	1790218650892	117	
2573	ack	r1	1790218650897	95	
2574	ack	r1	1790218650902	94	
2575	ack	r1	1790218650907	52	
2576	ack	r1	1790218650912	121	
2577	ack	r1	1790218650917	62	
2578	ack	r1	1790218650922	95	
2579	ack	r1	1790218650927	88	
2580	ack	r1	1790218650932	100	
2581	ack	r1	1790218650937	96	
2582	ack	r1	1790218650942	121	
2583	ack	r1	1790218650947	64	
2584	ack	r1	1790218650952	90	
2585	ack	r1	1790218650957	55	
2586	ack	r1	1790218650962	96	
2587	ack	r1	1790218650967	87	
2588	ack	r1	1790218650972	130	
2589	ack	r1	1790218650977	50	
2590	ack	r1	1790218650982	96	
2591	ack	r1	1790218650987	100	
2592	ack	r1	1790218650992	111	
2593	ack	r1	1790218650997	180	
2594	ack	r1	1790218651002	49	
2595	ack	r1	1790218651007	88	
2596	ack	r1	1790218651012	178	
2597	ack	r1	1790218651017	43	
2598	ack	r1	1790218651022	51	
2599	ack	r1	1790218651027	92	
2600	ack	r1	1790218651032	60	
2601	ack	r1	1790218651037	30	
2602	ack	r1	1790218651042	86	
2603	ack	r1	1790218651051	941	
2604	ack	r1	1790218651052	158	
2605	ack	r1	1790218651057	114	
2606	ack	r1	1790218651062	97	
2607	ack	r1	1790218651067	35	
2608	ack	r1	1790218651072	94	
2609	ack	r1	1790218651077	38	
2610	ack	r1	1790218651082	33	
2611	ack	r1	1790218651087	74	
2612	ack	r1	1790218651092	72	
2613	ack	r1	1790218651097	83	
2614	ack	r1	1790218651102	75	
2615	ack	r1	1790218651107	93	
2616	ack	r1	1790218651112	89	
2617	ack	r1	1790218651117	94	
2618	ack	r1	1790218651122	94	
2619	ack	r1	1790218651127	128	
2620	ack	r1	1790218651132	87	
2621	ack	r1	1790218651137	122	
2622	ack	r1	1790218651142	91	
2623	ack	r1	1790218651147	75	
2624	ack	r1	1790218651152	160	
2625	ack	r1	1790218651157	105	
2626	ack	r1	1790218651162	123	
2627	ack	r1	1790218651167	152	
2628	ack	r1	1790218651172	125	
2629	ack	r1	1790218651177	111	
2630	ack	r1	1790218651182	113	
2631	ack	r1	1790218651187	89	
2632	ack	r1	1790218651192	84	
2633	ack	r1	1790218651197	100	
2634	ack	r1	1790218651202	113	
2635	ack	r1	1790218651207	101	
2636	ack	r1	1790218651212	49	
2637	ack	r1	1790218651217	90	
2638	ack	r1	1790218651222	40	
2639	ack	r1	1790218651227	84	
2640	ack	r1	1790218651232	69	
2641	ack	r1	1790218651237	94	
2642	ack	r1	1790218651242	108	
2643	ack	r1	1790218651248	940	
2644	ack	r1	1790218651252	88	
2645	ack	r1	1790218651257	82	
2646	ack	r1	1790218651262	103	
2647	ack	r1	1790218651267	62	
2648	ack	r1	1790218651272	105	
2649	ack	r1	1790218651277	105	
2650	ack	r1	1790218651282	113	
2651	ack	r1	1790218651287	78	
2652	ack	r1	1790218651292	93	
2653	ack	r1	1790218651297	90	
2654	ack	r1	1790218651302	52	
2655	ack	r1	1790218651307	114	
2656	ack	r1	1790218651312	184	
2657	ack	r1	1790218651317	42	
2658	ack	r1	1790218651322	86	
2659	ack	r1	1790218651327	94	
2660	ack	r1	1790218651332	79	
2661	ack	r1	1790218651337	33	
2662	ack	r1	1790218651342	169	
2663	ack	r1	1790218651347	119	
2664	ack	r1	1790218651352	121	
2665	ack	r1	1790218651357	48	
2666	ack	r1	1790218651362	179	
2667	ack	r1	1790218651367	147	
2668	ack	r1	1790218651372	86	
2669	ack	r1	1790218651377	94	
2670	ack	r1	1790218651382	109	
2671	ack	r1	1790218651387	89	
2672	ack	r1	1790218651392	90	
2673	ack	r1	1790218651397	115	
2674	ack	r1	1790218651402	65	
2675	ack	r1	1790218651407	119	
2676	ack	r1	1790218651412	96	
2677	ack	r1	1790218651417	94	
2678	ack	r1	1790218651422	63	
2679	ack	r1	1790218651427	76	
2680	ack	r1	1790218651432	43	
2681	ack	r1	1790218651437	92	
2682	ack	r1	1790218651442	73	
2683	ack	r1	1790218651447	176	
2684	ack	r1	1790218651452	106	
2685	ack	r1	1790218651457	91	
2686	ack	r1	1790218651462	96	
2687	ack	r1	1790218651467	37	
2688	ack	r1	1790218651472	118	
2689	ack	r1	1790218651477	90	
2690	ack	r1	1790218651482	94	
2691	ack	r1	1790218651487	90	
2692	ack	r1	1790218651492	131	
2693	ack	r1	1790218651497	91	
2694	ack	r1	1790218651502	54	
2695	ack	r1	1790218651507	77	
2696	ack	r1	1790218651512	62	
2697	ack	r1	1790218651517	107	
2698	ack	r1	1790218651522	85	
2699	ack	r1	1790218651527	39	
2700	ack	r1	1790218651532	117	
2701	ack	r1	1790218651537	88	
2702	ack	r1	1790218651542	94	
2703	ack	r1	1790218651547	91	
2704	ack	r1	1790218651552	42	
2705	ack	r1	1790218651557	95	
2706	ack	r1	1790218651562	84	
2707	ack	r1	1790218651567	76	
2708	ack	r1	1790218651572	110	
2709	ack	r1	1790218651577	117	
2710	ack	r1	1790218651582	129	
2711	ack	r1	1790218651587	90	
2712	ack	r1	1790218651592	110	
2713	ack	r1	1790218651597	94	
2714	ack	r1	1790218651602	67	
2715	ack	r1	1790218651607	70	
2716	ack	r1	1790218651612	94	
2717	ack	r1	1790218651617	101	
2718	ack	r1	1790218651622	42	
2719	ack	r1	1790218651627	113	
2720	ack	r1	1790218651632	107	
2721	ack	r1	1790218651637	88	
2722	ack	r1	1790218651642	86	
2723	ack	r1	1790218651648	1252	
2724	ack	r1	1790218651652	26	
2725	ack	r1	1790218651657	120	
2726	ack	r1	1790218651662	37	
2727	ack	r1	1790218651667	94	
2728	ack	r1	1790218651672	83	
2729	ack	r1	1790218651677	91	
2730	ack	r1	1790218651682	135	
2731	ack	r1	1790218651687	97	
2732	ack	r1	1790218651692	58	
2733	ack	r1	1790218651697	92	
2734	ack	r1	1790218651702	67	
2735	ack	r1	1790218651707	41	
2736	ack	r1	1790218651712	99	
2737	ack	r1	1790218651717	93	
2738	ack	r1	1790218651722	95	
2739	ack	r1	1790218651727	94	
2740	ack	r1	1790218651732	112	
2741	ack	r1	1790218651737	94	
2742	ack	r1	1790218651742	94	
2743	ack	r1	1790218651747	261	
2744	ack	r1	1790218651752	71	
2745	ack	r1	1790218651757	85	
2746	ack	r1	1790218651762	93	
2747	ack	r1	1790218651767	76	
2748	ack	r1	1790218651772	82	
2749	ack	r1	1790218651777	73	
2750	ack	r1	1790218651782	182	
2751	ack	r1	1790218651787	94	
2752	ack	r1	1790218651792	109	
2753	ack	r1	1790218651797	91	
2754	ack	r1	1790218651802	90	
2755	ack	r1	1790218651807	73	
2756	ack	r1	1790218651812	141	
2757	ack	r1	1790218651817	117	
2758	ack	r1	1790218651822	227	
2759	ack	r1	1790218651827	262	
2760	ack	r1	1790218651832	146	
2761	ack	r1	1790218651837	117	
2762	ack	r1	1790218651842	120	
2763	ack	r1	1790218651850	870	
2764	ack	r1	1790218651852	135	
2765	ack	r1	1790218651857	119	
2766	ack	r1	1790218651862	68	
2767	ack	r1	1790218651867	96	
2768	ack	r1	1790218651872	95	
2769	ack	r1	1790218651877	102	
2770	ack	r1	1790218651882	94	
2771	ack	r1	1790218651887	132	
2772	ack	r1	1790218651892	70	
2773	ack	r1	1790218651897	48	
2774	ack	r1	1790218651902	96	
2775	ack	r1	1790218651907	128	
2776	ack	r1	1790218651912	101	
2777	ack	r1	1790218651917	55	
2778	ack	r1	1790218651922	92	
2779	ack	r1	1790218651927	119	
2780	ack	r1	1790218651932	61	
2781	ack	r1	1790218651937	67	
2782	ack	r1	1790218651942	86	
2783	ack	r1	1790218651947	44	
2784	ack	r1	1790218651952	86	
2785	ack	r1	1790218651957	89	
2786	ack	r1	1790218651962	98	
2787	ack	r1	1790218651967	271	
2788	ack	r1	1790218651972	121	
2789	ack	r1	1790218651977	115	
2790	ack	r1	1790218651982	95	
2791	ack	r1	1790218651987	96	
2792	ack	r1	1790218651992	130	
2793	ack	r1	1790218651997	68	
2794	ack	r1	1790218652002	122	
2795	ack	r1	1790218652007	174	
2796	ack	r1	1790218652012	51	
2797	ack	r1	1790218652017	87	
2798	ack	r1	1790218652022	97	
2799	ack	r1	1790218652027	67	
2800	ack	r1	1790218652032	121	
2801	ack	r1	1790218652037	95	
2802	ack	r1	1790218652042	96	
2803	ack	r1	1790218652047	61	
2804	ack	r1	1790218652052	49	
2805	ack	r1	1790218652057	121	
2806	ack	r1	1790218652062	40	
2807	ack	r1	1790218652067	40	
2808	ack	r1	1790218652072	102	
2809	ack	r1	1790218652077	101	
2810	ack	r1	1790218652082	118	
2811	ack	r1	1790218652087	33	
2812	ack	r1	1790218652092	120	
2813	ack	r1	1790218652097	93	
2814	ack	r1	1790218652102	69	
2815	ack	r1	1790218652107	75	
2816	ack	r1	1790218652112	93	
2817	ack	r1	1790218652117	129	
2818	ack	r1	1790218652122	93	
2819	ack	r1	1790218652127	50	
2820	ack	r1	1790218652132	58	
2821	ack	r1	1790218652137	27	
2822	ack	r1	1790218652142	64	
2823	ack	r1	1790218652147	53	
2824	ack	r1	1790218652152	57	
2825	ack	r1	1790218652157	49	
2826	ack	r1	1790218652162	70	
2827	ack	r1	1790218652167	278	
2828	ack	r1	1790218652172	50	
2829	ack	r1	1790218652177	98	
2830	ack	r1	1790218652182	103	
2831	ack	r1	1790218652187	96	
2832	ack	r1	1790218652192	110	
2833	ack	r1	1790218652197	107	
2834	ack	r1	1790218652202	74	
2835	ack	r1	1790218652207	127	
2836	ack	r1	1790218652212	92	
2837	ack	r1	1790218652217	93	
2838	ack	r1	1790218652222	120	
2839	ack	r1	1790218652227	164	
2840	ack	r1	1790218652232	130	
2841	ack	r1	1790218652237	101	
2842	ack	r1	1790218652242	108	
2843	ack	r1	1790218652248	913	
2844	ack	r1	1790218652252	107	
2845	ack	r1	1790218652257	60	
2846	ack	r1	1790218652262	43	
2847	ack	r1	1790218652267	57	
2848	ack	r1	1790218652272	62	
2849	ack	r1	1790218652277	119	
2850	ack	r1	1790218652282	98	
2851	ack	r1	1790218652287	88	
2852	ack	r1	1790218652292	33	
2853	ack	r1	1790218652297	188	
2854	ack	r1	1790218652302	169	
2855	ack	r1	1790218652307	97	
2856	ack	r1	1790218652312	107	
2857	ack	r1	1790218652317	85	
2858	ack	r1	1790218652322	110	
2859	ack	r1	1790218652327	111	
2860	ack	r1	1790218652332	75	
2861	ack	r1	1790218652337	59	
2862	ack	r1	1790218652342	165	
2863	ack	r1	1790218652347	198	
2864	ack	r1	1790218652352	156	
2865	ack	r1	1790218652357	83	
2866	ack	r1	1790218652362	146	
2867	ack	r1	1790218652367	151	
2868	ack	r1	1790218652372	117	
2869	ack	r1	1790218652377	130	
2870	ack	r1	1790218652382	135	
2871	ack	r1	1790218652387	148	
2872	ack	r1	1790218652392	102	
2873	ack	r1	1790218652397	150	
2874	ack	r1	1790218652402	130	
2875	ack	r1	1790218652407	167	
2876	ack	r1	1790218652412	79	
2877	ack	r1	1790218652417	70	
2878	ack	r1	1790218652422	73	
2879	ack	r1	1790218652427	124	
2880	ack	r1	1790218652432	79	
2881	ack	r1	1790218652437	78	
2882	ack	r1	1790218652442	44	
2883	ack	r1	1790218652448	763	
2884	ack	r1	1790218652452	120	
2885	ack	r1	1790218652457	107	
2886	ack	r1	1790218652462	101	
2887	ack	r1	1790218652467	112	
2888	ack	r1	1790218652472	104	
2889	ack	r1	1790218652477	120	
2890	ack	r1	1790218652482	117	
2891	ack	r1	1790218652487	107	
2892	ack	r1	1790218652492	105	
2893	ack	r1	1790218652497	104	
2894	ack	r1	1790218652502	103	
2895	ack	r1	1790218652507	100	
2896	ack	r1	1790218652512	57	
2897	ack	r1	1790218652517	56	
2898	ack	r1	1790218652522	101	
2899	ack	r1	1790218652527	92	
2900	ack	r1	1790218652532	173	
2901	ack	r1	1790218652537	94	
2902	ack	r1	1790218652542	96	
2903	ack	r1	1790218652547	61	
2904	ack	r1	1790218652552	121	
2905	ack	r1	1790218652557	115	
2906	ack	r1	1790218652562	197	
2907	ack	r1	1790218652567	104	
2908	ack	r1	1790218652572	95	
2909	ack	r1	1790218652577	39	
2910	ack	r1	1790218652582	99	
2911	ack	r1	1790218652587	148	
2912	ack	r1	1790218652592	99	
2913	ack	r1	1790218652597	155	
2914	ack	r1	1790218652602	97	
2915	ack	r1	1790218652607	95	
2916	ack	r1	1790218652612	135	
2917	ack	r1	1790218652617	96	
2918	ack	r1	1790218652622	100	
2919	ack	r1	1790218652627	92	
2920	ack	r1	1790218652632	31	
2921	ack	r1	1790218652637	53	
2922	ack	r1	1790218652642	116	
2923	ack	r1	1790218652648	925	
2924	ack	r1	1790218652652	59	
2925	ack	r1	1790218652657	143	
2926	ack	r1	1790218652662	160	
2927	ack	r1	1790218652667	109	
2928	ack	r1	1790218652672	135	
2929	ack	r1	1790218652677	100	
2930	ack	r1	1790218652682	113	
2931	ack	r1	1790218652687	96	
2932	ack	r1	1790218652692	104	
2933	ack	r1	1790218652697	58	
2934	ack	r1	1790218652702	46	
2935	ack	r1	1790218652707	94	
2936	ack	r1	1790218652712	104	
2937	ack	r1	1790218652717	82	
2938	ack	r1	1790218652722	104	
2939	ack	r1	1790218652727	98	
2940	ack	r1	1790218652732	170	
2941	ack	r1	1790218652737	92	
2942	ack	r1	1790218652742	105	
2943	ack	r1	1790218652747	53	
2944	ack	r1	1790218652752	124	
2945	ack	r1	1790218652757	42	
2946	ack	r1	1790218652762	91	
2947	ack	r1	1790218652767	110	
2948	ack	r1	1790218652772	118	
2949	ack	r1	1790218652777	109	
2950	ack	r1	1790218652782	87	
2951	ack	r1	1790218652787	93	
2952	ack	r1	1790218652792	148	
2953	ack	r1	1790218652797	120	
2954	ack	r1	1790218652802	124	
2955	ack	r1	1790218652807	118	
2956	ack	r1	1790218652812	73	
2957	ack	r1	1790218652817	92	
2958	ack	r1	1790218652822	119	
2959	ack	r1	1790218652827	105	
2960	ack	r1	1790218652832	123	
2961	ack	r1	1790218652837	63	
2962	ack	r1	1790218652842	48	
2963	ack	r1	1790218652848	72	
2964	ack	r1	1790218652852	85	
2965	ack	r1	1790218652857	61	
2966	ack	r1	1790218652862	108	
2967	ack	r1	1790218652867	123	
2968	ack	r1	1790218652872	184	
2969	ack	r1	1790218652877	39	
2970	ack	r1	1790218652882	105	
2971	ack	r1	1790218652887	97	
2972	ack	r1	1790218652892	43	
2973	ack	r1	1790218652897	181	
2974	ack	r1	1790218652902	39	
2975	ack	r1	1790218652907	136	
2976	ack	r1	1790218652912	95	
2977	ack	r1	1790218652917	182	
2978	ack	r1	1790218652922	172	
2979	ack	r1	1790218652927	93	
2980	ack	r1	1790218652932	96	
2981	ack	r1	1790218652937	81	
2982	ack	r1	1790218652942	53	
2983	ack	r1	1790218652947	66	
2984	ack	r1	1790218652952	99	
2985	ack	r1	1790218652957	26	
2986	ack	r1	1790218652962	104	
2987	ack	r1	1790218652967	115	
2988	ack	r1	1790218652972	93	
2989	ack	r1	1790218652977	437	
2990	ack	r1	1790218652982	68	
2991	ack	r1	1790218652987	146	
2992	ack	r1	1790218652992	121	
2993	ack	r1	1790218652997	94	
2994	ack	r1	1790218653002	43	
2995	ack	r1	1790218653007	54	
2996	ack	r1	1790218653012	110	
2997	ack	r1	1790218653017	93	
2998	ack	r1	1790218653022	128	
2999	ack	r1	1790218653027	125	
3000	ack	r1	1790218653032	40	
3001	ack	r1	1790218653037	123	
3002	ack	r1	1790218653042	100	
3003	ack	r1	1790218653049	1371	
3004	ack	r1	1790218653052	89	
3005	ack	r1	1790218653057	93	
3006	ack	r1	1790218653062	93	
3007	ack	r1	1790218653067	91	
3008	ack	r1	1790218653072	92	
3009	ack	r1	1790218653077	93	
3010	ack	r1	1790218653082	141	
3011	ack	r1	1790218653087	131	
3012	ack	r1	1790218653092	177	
3013	ack	r1	1790218653097	88	
3014	ack	r1	1790218653102	140	
3015	ack	r1	1790218653107	103	
3016	ack	r1	1790218653112	167	
3017	ack	r1	1790218653117	129	
3018	ack	r1	1790218653122	119	
3019	ack	r1	1790218653127	179	
3020	ack	r1	1790218653132	111	
3021	ack	r1	1790218653137	143	
3022	ack	r1	1790218653144	721	
3023	ack	r1	1790218653148	796	
3024	ack	r1	1790218653153	1105	
3025	ack	r1	1790218653158	678	
3026	ack	r1	1790218653162	141	
3027	ack	r1	1790218653167	185	
3028	ack	r1	1790218653172	79	
3029	ack	r1	1790218653177	84	
3030	ack	r1	1790218653182	134	
3031	ack	r1	1790218653187	60	
3032	ack	r1	1790218653192	62	
3033	ack	r1	1790218653197	112	
3034	ack	r1	1790218653202	65	
3035	ack	r1	1790218653207	143	
3036	ack	r1	1790218653212	124	
3037	ack	r1	1790218653217	98	
3038	ack	r1	1790218653222	56	
3039	ack	r1	1790218653227	96	
3040	ack	r1	1790218653232	125	
3041	ack	r1	1790218653237	107	
3042	ack	r1	1790218653242	48	
3043	ack	r1	1790218653249	74	
3044	ack	r1	1790218653252	117	
3045	ack	r1	1790218653257	123	
3046	ack	r1	1790218653262	174	
3047	ack	r1	1790218653267	99	
3048	ack	r1	1790218653272	80	
3049	ack	r1	1790218653277	102	
3050	ack	r1	1790218653282	100	
3051	ack	r1	1790218653287	115	
3052	ack	r1	1790218653292	74	
3053	ack	r1	1790218653297	39	
3054	ack	r1	1790218653302	49	
3055	ack	r1	1790218653307	55	
3056	ack	r1	1790218653312	116	
3057	ack	r1	1790218653317	42	
3058	ack	r1	1790218653322	117	
3059	ack	r1	1790218653327	91	
3060	ack	r1	1790218653332	118	
3061	ack	r1	1790218653337	97	
3062	ack	r1	1790218653342	92	
3063	ack	r1	1790218653347	94	
3064	ack	r1	1790218653352	149	
3065	ack	r1	1790218653357	108	
3066	ack	r1	1790218653362	95	
3067	ack	r1	1790218653367	92	
3068	ack	r1	1790218653372	115	
3069	ack	r1	1790218653377	100	
3070	ack	r1	1790218653382	112	
3071	ack	r1	1790218653387	34	
3072	ack	r1	1790218653392	95	
3073	ack	r1	1790218653397	89	
3074	ack	r1	1790218653402	141	
3075	ack	r1	1790218653407	50	
3076	ack	r1	1790218653412	187	
3077	ack	r1	1790218653417	97	
3078	ack	r1	1790218653422	78	
3079	ack	r1	1790218653427	46	
3080	ack	r1	1790218653432	86	
3081	ack	r1	1790218653437	89	
3082	ack	r1	1790218653442	94	
3083	ack	r1	1790218653448	928	
3084	ack	r1	1790218653452	98	
3085	ack	r1	1790218653457	84	
3086	ack	r1	1790218653462	77	
3087	ack	r1	1790218653467	174	
3088	ack	r1	1790218653472	136	
3089	ack	r1	1790218653477	150	
3090	ack	r1	1790218653482	171	
3091	ack	r1	1790218653487	108	
3092	ack	r1	1790218653492	121	
3093	ack	r1	1790218653497	68	
3094	ack	r1	1790218653502	106	
3095	ack	r1	1790218653507	107	
3096	ack	r1	1790218653512	100	
3097	ack	r1	1790218653517	103	
3098	ack	r1	1790218653522	92	
3099	ack	r1	1790218653527	41	
3100	ack	r1	1790218653532	92	
3101	ack	r1	1790218653537	97	
3102	ack	r1	1790218653542	186	
3103	ack	r1	1790218653547	57	
3104	ack	r1	1790218653552	61	
3105	ack	r1	1790218653557	31	
3106	ack	r1	1790218653562	182	
3107	ack	r1	1790218653567	85	
3108	ack	r1	1790218653572	136	
3109	ack	r1	1790218653577	40	
3110	ack	r1	1790218653582	93	
3111	ack	r1	1790218653587	92	
3112	ack	r1	1790218653592	45	
3113	ack	r1	1790218653597	115	
3114	ack	r1	1790218653602	94	
3115	ack	r1	1790218653607	88	
3116	ack	r1	1790218653612	92	
3117	ack	r1	1790218653617	82	
3118	ack	r1	1790218653622	51	
3119	ack	r1	1790218653627	121	
3120	ack	r1	1790218653632	94	
3121	ack	r1	1790218653637	175	
3122	ack	r1	1790218653642	52	
3123	ack	r1	1790218653649	872	
3124	ack	r1	1790218653652	92	
3125	ack	r1	1790218653657	87	
3126	ack	r1	1790218653662	87	
3127	ack	r1	1790218653667	94	
3128	ack	r1	1790218653672	55	
3129	ack	r1	1790218653677	95	
3130	ack	r1	1790218653682	108	
3131	ack	r1	1790218653687	112	
3132	ack	r1	1790218653692	57	
3133	ack	r1	1790218653697	93	
3134	ack	r1	1790218653702	62	
3135	ack	r1	1790218653707	60	
3136	ack	r1	1790218653712	90	
3137	ack	r1	1790218653717	94	
3138	ack	r1	1790218653722	93	
3139	ack	r1	1790218653727	26	
3140	ack	r1	1790218653732	63	
3141	ack	r1	1790218653737	48	
3142	ack	r1	1790218653742	89	
3143	ack	r1	1790218653747	40	
3144	ack	r1	1790218653752	56	
3145	ack	r1	1790218653757	85	
3146	ack	r1	1790218653762	115	
3147	ack	r1	1790218653767	107	
3148	ack	r1	1790218653772	50	
3149	ack	r1	1790218653777	72	
3150	ack	r1	1790218653782	86	
3151	ack	r1	1790218653787	121	
3152	ack	r1	1790218653792	120	
3153	ack	r1	1790218653797	96	
3154	ack	r1	1790218653802	65	
3155	ack	r1	1790218653807	35	
3156	ack	r1	1790218653812	91	
3157	ack	r1	1790218653817	71	
3158	ack	r1	1790218653822	51	
3159	ack	r1	1790218653827	83	
3160	ack	r1	1790218653832	66	
3161	ack	r1	1790218653837	60	
3162	ack	r1	1790218653842	79	
3163	ack	r1	1790218653849	1321	
3164	ack	r1	1790218653852	39	
3165	ack	r1	1790218653857	81	
3166	ack	r1	1790218653862	45	
3167	ack	r1	1790218653867	121	
3168	ack	r1	1790218653872	38	
3169	ack	r1	1790218653877	122	
3170	ack	r1	1790218653882	86	
3171	ack	r1	1790218653887	100	
3172	ack	r1	1790218653892	97	
3173	ack	r1	1790218653897	98	
3174	ack	r1	1790218653902	63	
3175	ack	r1	1790218653907	69	
3176	ack	r1	1790218653912	90	
3177	ack	r1	1790218653917	88	
3178	ack	r1	1790218653922	93	
3179	ack	r1	1790218653927	92	
3180	ack	r1	1790218653932	105	
3181	ack	r1	1790218653937	132	
3182	ack	r1	1790218653942	103	
3183	ack	r1	1790218653947	57	
3184	ack	r1	1790218653952	91	
3185	ack	r1	1790218653957	67	
3186	ack	r1	1790218653962	115	
3187	ack	r1	1790218653967	246	
3188	ack	r1	1790218653972	103	
3189	ack	r1	1790218653977	85	
3190	ack	r1	1790218653982	90	
3191	ack	r1	1790218653987	79	
3192	ack	r1	1790218653992	55	
3193	ack	r1	1790218653997	99	
3194	ack	r1	1790218654002	35	
3195	ack	r1	1790218654007	167	
3196	ack	r1	1790218654012	99	
3197	ack	r1	1790218654017	148	
3198	ack	r1	1790218654022	198	
3199	ack	r1	1790218654027	101	
3200	ack	r1	1790218654032	103	
3201	ack	r1	1790218654037	83	
3202	ack	r1	1790218654042	122	
3203	ack	r1	1790218654048	928	
3204	ack	r1	1790218654052	93	
3205	ack	r1	1790218654057	78	
3206	ack	r1	1790218654062	198	
3207	ack	r1	1790218654067	159	
3208	ack	r1	1790218654072	83	
3209	ack	r1	1790218654077	118	
3210	ack	r1	1790218654082	84	
3211	ack	r1	1790218654087	42	
3212	ack	r1	1790218654092	164	
3213	ack	r1	1790218654097	67	
3214	ack	r1	1790218654102	94	
3215	ack	r1	1790218654107	119	
3216	ack	r1	1790218654112	73	
3217	ack	r1	1790218654117	103	
3218	ack	r1	1790218654122	94	
3219	ack	r1	1790218654127	212	
3220	ack	r1	1790218654132	106	
3221	ack	r1	1790218654137	498	
3222	ack	r1	1790218654142	127	
3223	ack	r1	1790218654147	42	
3224	ack	r1	1790218654152	66	
3225	ack	r1	1790218654157	83	
3226	ack	r1	1790218654162	170	
3227	ack	r1	1790218654167	99	
3228	ack	r1	1790218654172	150	
3229	ack	r1	1790218654177	124	
3230	ack	r1	1790218654182	146	
3231	ack	r1	1790218654187	166	
3232	ack	r1	1790218654192	106	
3233	ack	r1	1790218654197	89	
3234	ack	r1	1790218654202	102	
3235	ack	r1	1790218654207	87	
3236	ack	r1	1790218654212	76	
3237	ack	r1	1790218654217	44	
3238	ack	r1	1790218654222	120	
3239	ack	r1	1790218654227	83	
3240	ack	r1	1790218654232	145	
3241	ack	r1	1790218654237	145	
3242	ack	r1	1790218654242	156	
3243	ack	r1	1790218654249	115	
3244	ack	r1	1790218654252	29	
3245	ack	r1	1790218654257	84	
3246	ack	r1	1790218654262	52	
3247	ack	r1	1790218654267	103	
3248	ack	r1	1790218654272	179	
3249	ack	r1	1790218654277	61	
3250	ack	r1	1790218654282	101	
3251	ack	r1	1790218654287	124	
3252	ack	r1	1790218654292	64	
3253	ack	r1	1790218654297	68	
3254	ack	r1	1790218654302	104	
3255	ack	r1	1790218654307	79	
3256	ack	r1	1790218654312	121	
3257	ack	r1	1790218654317	113	
3258	ack	r1	1790218654322	57	
3259	ack	r1	1790218654327	81	
3260	ack	r1	1790218654332	95	
3261	ack	r1	1790218654337	133	
3262	ack	r1	1790218654342	74	
3263	ack	r1	1790218654347	91	
3264	ack	r1	1790218654352	159	
3265	ack	r1	1790218654357	133	
3266	ack	r1	1790218654362	101	
3267	ack	r1	1790218654367	110	
3268	ack	r1	1790218654372	84	
3269	ack	r1	1790218654377	106	
3270	ack	r1	1790218654382	50	
3271	ack	r1	1790218654387	59	
3272	ack	r1	1790218654392	108	
3273	ack	r1	1790218654397	98	
3274	ack	r1	1790218654402	157	
3275	ack	r1	1790218654407	122	
3276	ack	r1	1790218654412	44	
3277	ack	r1	1790218654417	93	
3278	ack	r1	1790218654422	59	
3279	ack	r1	1790218654427	120	
3280	ack	r1	1790218654432	60	
3281	ack	r1	1790218654437	84	
3282	ack	r1	1790218654442	48	
3283	ack	r1	1790218654448	775	
3284	ack	r1	1790218654452	33	
3285	ack	r1	1790218654457	67	
3286	ack	r1	1790218654462	98	
3287	ack	r1	1790218654467	93	
3288	ack	r1	1790218654472	128	
3289	ack	r1	1790218654477	62	
3290	ack	r1	1790218654482	104	
3291	ack	r1	1790218654487	104	
3292	ack	r1	1790218654492	40	
3293	ack	r1	1790218654497	93	
3294	ack	r1	1790218654502	60	
3295	ack	r1	1790218654507	88	
3296	ack	r1	1790218654512	49	
3297	ack	r1	1790218654517	181	
3298	ack	r1	1790218654522	84	
3299	ack	r1	1790218654527	97	
3300	ack	r1	1790218654532	94	
3301	ack	r1	1790218654537	173	
3302	ack	r1	1790218654542	93	
3303	ack	r1	1790218654547	97	
3304	ack	r1	1790218654552	96	
3305	ack	r1	1790218654557	87	
3306	ack	r1	1790218654562	87	
3307	ack	r1	1790218654567	127	
3308	ack	r1	1790218654572	67	
3309	ack	r1	1790218654577	56	
3310	ack	r1	1790218654582	91	
3311	ack	r1	1790218654587	89	
3312	ack	r1	1790218654592	111	
3313	ack	r1	1790218654597	97	
3314	ack	r1	1790218654602	68	
3315	ack	r1	1790218654607	108	
3316	ack	r1	1790218654612	86	
3317	ack	r1	1790218654617	72	
3318	ack	r1	1790218654622	96	
3319	ack	r1	1790218654627	100	
3320	ack	r1	1790218654632	31	
3321	ack	r1	1790218654637	108	
3322	ack	r1	1790218654642	178	
3323	ack	r1	1790218654650	85	
3324	ack	r1	1790218654652	102	
3325	ack	r1	1790218654657	108	
3326	ack	r1	1790218654662	58	
3327	ack	r1	1790218654667	101	
3328	ack	r1	1790218654672	122	
3329	ack	r1	1790218654677	93	
3330	ack	r1	1790218654682	98	
3331	ack	r1	1790218654687	99	
3332	ack	r1	1790218654692	51	
3333	ack	r1	1790218654697	177	
3334	ack	r1	1790218654702	119	
3335	ack	r1	1790218654707	97	
3336	ack	r1	1790218654712	66	
3337	ack	r1	1790218654717	103	
3338	ack	r1	1790218654722	76	
3339	ack	r1	1790218654727	90	
3340	ack	r1	1790218654732	109	
3341	ack	r1	1790218654737	62	
3342	ack	r1	1790218654742	86	
3343	ack	r1	1790218654747	83	
3344	ack	r1	1790218654752	50	
3345	ack	r1	1790218654757	111	
3346	ack	r1	1790218654762	87	
3347	ack	r1	1790218654767	131	
3348	ack	r1	1790218654772	180	
3349	ack	r1	1790218654777	44	
3350	ack	r1	1790218654782	54	
3351	ack	r1	1790218654787	80	
3352	ack	r1	1790218654792	31	
3353	ack	r1	1790218654797	135	
3354	ack	r1	1790218654802	64	
3355	ack	r1	1790218654807	92	
3356	ack	r1	1790218654812	105	
3357	ack	r1	1790218654817	47	
3358	ack	r1	1790218654822	177	
3359	ack	r1	1790218654827	89	
3360	ack	r1	1790218654832	127	
3361	ack	r1	1790218654837	94	
3362	ack	r1	1790218654842	94	
3363	ack	r1	1790218654849	685	
3364	ack	r1	1790218654852	104	
3365	ack	r1	1790218654857	91	
3366	ack	r1	1790218654862	107	
3367	ack	r1	1790218654867	42	
3368	ack	r1	1790218654872	87	
3369	ack	r1	1790218654877	127	
3370	ack	r1	1790218654882	70	
3371	ack	r1	1790218654887	79	
3372	ack	r1	1790218654892	63	
3373	ack	r1	1790218654897	91	
3374	ack	r1	1790218654902	103	
3375	ack	r1	1790218654907	132	
3376	ack	r1	1790218654912	57	
3377	ack	r1	1790218654917	96	
3378	ack	r1	1790218654922	127	
3379	ack	r1	1790218654927	39	
3380	ack	r1	1790218654932	110	
3381	ack	r1	1790218654937	89	
3382	ack	r1	1790218654942	95	
3383	ack	r1	1790218654947	94	
3384	ack	r1	1790218654952	141	
3385	ack	r1	1790218654957	115	
3386	ack	r1	1790218654962	45	
3387	ack	r1	1790218654967	71	
3388	ack	r1	1790218654972	104	
3389	ack	r1	1790218654977	36	
3390	ack	r1	1790218654982	122	
3391	ack	r1	1790218654987	176	
3392	ack	r1	1790218654992	94	
3393	ack	r1	1790218654997	45	
3394	ack	r1	1790218655002	99	
3395	ack	r1	1790218655007	64	
3396	ack	r1	1790218655012	137	
3397	ack	r1	1790218655017	56	
3398	ack	r1	1790218655022	81	
3399	ack	r1	1790218655027	92	
3400	ack	r1	1790218655032	118	
3401	ack	r1	1790218655037	56	
3402	ack	r1	1790218655042	60	
3403	ack	r1	1790218655047	109	
3404	ack	r1	1790218655052	67	
3405	ack	r1	1790218655057	86	
3406	ack	r1	1790218655062	88	
3407	ack	r1	1790218655067	91	
3408	ack	r1	1790218655072	91	
3409	ack	r1	1790218655077	59	
3410	ack	r1	1790218655082	61	
3411	ack	r1	1790218655087	79	
3412	ack	r1	1790218655092	44	
3413	ack	r1	1790218655097	94	
3414	ack	r1	1790218655102	40	
3415	ack	r1	1790218655107	104	
3416	ack	r1	1790218655112	87	
3417	ack	r1	1790218655117	90	
3418	ack	r1	1790218655122	91	
3419	ack	r1	1790218655127	104	
3420	ack	r1	1790218655132	29	
3421	ack	r1	1790218655137	27	
3422	ack	r1	1790218655142	90	
3423	ack	r1	1790218655147	93	
3424	ack	r1	1790218655152	115	
3425	ack	r1	1790218655157	86	
3426	ack	r1	1790218655162	47	
3427	ack	r1	1790218655167	86	
3428	ack	r1	1790218655172	119	
3429	ack	r1	1790218655177	94	
3430	ack	r1	1790218655182	59	
3431	ack	r1	1790218655187	91	
3432	ack	r1	1790218655192	107	
3433	ack	r1	1790218655197	90	
3434	ack	r1	1790218655202	138	
3435	ack	r1	1790218655207	79	
3436	ack	r1	1790218655212	88	
3437	ack	r1	1790218655217	58	
3438	ack	r1	1790218655222	110	
3439	ack	r1	1790218655227	110	
3440	ack	r1	1790218655232	118	
3441	ack	r1	1790218655237	104	
3442	ack	r1	1790218655242	90	
3443	ack	r1	1790218655249	125	
3444	ack	r1	1790218655252	54	
3445	ack	r1	1790218655257	103	
3446	ack	r1	1790218655262	95	
3447	ack	r1	1790218655267	96	
3448	ack	r1	1790218655272	47	
3449	ack	r1	1790218655277	99	
3450	ack	r1	1790218655282	43	
3451	ack	r1	1790218655287	104	
3452	ack	r1	1790218655292	96	
3453	ack	r1	1790218655297	115	
3454	ack	r1	1790218655302	141	
3455	ack	r1	1790218655307	105	
3456	ack	r1	1790218655312	122	
3457	ack	r1	1790218655317	98	
3458	ack	r1	1790218655322	33	
3459	ack	r1	1790218655327	183	
3460	ack	r1	1790218655332	99	
3461	ack	r1	1790218655337	56	
3462	ack	r1	1790218655342	54	
3463	ack	r1	1790218655347	90	
3464	ack	r1	1790218655352	108	
3465	ack	r1	1790218655357	96	
3466	ack	r1	1790218655362	93	
3467	ack	r1	1790218655367	77	
3468	ack	r1	1790218655372	29	
3469	ack	r1	1790218655377	71	
3470	ack	r1	1790218655382	63	
3471	ack	r1	1790218655387	71	
3472	ack	r1	1790218655392	130	
3473	ack	r1	1790218655397	117	
3474	ack	r1	1790218655402	93	
3475	ack	r1	1790218655407	58	
3476	ack	r1	1790218655412	109	
3477	ack	r1	1790218655417	39	
3478	ack	r1	1790218655422	129	
3479	ack	r1	1790218655427	101	
3480	ack	r1	1790218655432	110	
3481	ack	r1	1790218655437	37	
3482	ack	r1	1790218655442	100	
3483	ack	r1	1790218655448	1074	
